"feature"	"metadata"	"value"	"name"	"coef"	"null_hypothesis"	"stderr"	"pval_individual"	"qval_individual"	"pval_joint"	"qval_joint"	"error"	"model"	"N"	"N_not_zero"
"Bifidobacterium_bifidum.t__SGB17256"	"acetate"	"acetate"	"acetate"	0.406255112505693	0.454938794270925	0.494097433559793	0.915752571972054	0.997142000015413	0.590356474358491	0.996709197935616	NA	"abundance"	46	23
"Bifidobacterium_bifidum.t__SGB17256"	"Antibiotics"	"Yes"	"AntibioticsYes"	1.11615789403788	-3.40421314382866	1.60304251123525	0.339890161696545	0.997142000015413	0.421933801014462	0.996709197935616	NA	"abundance"	46	23
"Bifidobacterium_bifidum.t__SGB17256"	"butyrate"	"butyrate"	"butyrate"	-0.106410746353366	-0.314754565826185	0.658275065125477	0.872276726811743	0.997142000015413	0.541963727644943	0.996709197935616	NA	"abundance"	46	23
"Bifidobacterium_bifidum.t__SGB17256"	"Delivery_mode"	"C-section"	"Delivery_modeC-section"	2.38861190606922	-0.808713208249471	2.15198335871645	0.272950863607522	0.997142000015413	0.41616725039654	0.996709197935616	NA	"abundance"	46	23
"Bifidobacterium_bifidum.t__SGB17256"	"Ethnicity"	"European"	"EthnicityEuropean"	0.194512683866936	0.782905157379824	1.07339331194838	0.774103733112667	0.997142000015413	0.514132909105815	0.996709197935616	NA	"abundance"	46	23
"Bifidobacterium_bifidum.t__SGB17256"	"Feeding_method"	"Breastfed"	"Feeding_methodBreastfed"	3.42595241364168	-0.793818667554312	1.11265067303948	0.0848847922825881	0.997142000015413	0.162564156604318	0.996709197935616	NA	"abundance"	46	23
"Bifidobacterium_bifidum.t__SGB17256"	"isobutyrate"	"isobutyrate"	"isobutyrate"	-0.253467456037118	0.290301752797175	0.574273216913007	0.629766447909319	0.997142000015413	0.862927116906317	0.996709197935616	NA	"abundance"	46	23
"Bifidobacterium_bifidum.t__SGB17256"	"Probiotics"	"Yes"	"ProbioticsYes"	0.874496939981683	1.57448184814756	2.31587607819278	0.804945833421483	0.997142000015413	0.342376299013973	0.996709197935616	NA	"abundance"	46	23
"Bifidobacterium_bifidum.t__SGB17256"	"propionate"	"propionate"	"propionate"	0.341804628574857	-1.45511994830733	1.08990741153236	0.409088892855251	0.997142000015413	0.581153652169274	0.996709197935616	NA	"abundance"	46	23
"Bifidobacterium_bifidum.t__SGB17256"	"Read_depth"	"Read_depth"	"Read_depth"	-1.24472676608018	-0.785298141952283	1.54084999433192	0.789168423687029	0.997142000015413	0.702396724752759	0.996709197935616	NA	"abundance"	46	23
"Bifidobacterium_bifidum.t__SGB17256"	"Sex"	"Female"	"SexFemale"	-1.04930857320538	-0.854498100647225	1.35673186743641	0.8766441392768	0.997142000015413	0.803155649544539	0.996709197935616	NA	"abundance"	46	23
"Bifidobacterium_bifidum.t__SGB17256"	"Termness"	"preterm"	"Termnesspreterm"	-6.01862529445139	-2.77129339474536	3.13837692056221	0.51150405666979	0.997142000015413	0.699827466649497	0.996709197935616	NA	"abundance"	46	23
"Enterococcus_faecalis.t__SGB7962"	"acetate"	"acetate"	"acetate"	1.64264345937953	0.454938794270925	1.04085819281731	0.244721360018511	0.997142000015413	0.429554175987713	0.996709197935616	NA	"abundance"	46	36
"Enterococcus_faecalis.t__SGB7962"	"Antibiotics"	"Yes"	"AntibioticsYes"	-4.56181196545287	-3.40421314382866	3.12804045537541	0.805208187392923	0.997142000015413	0.96205614974125	0.996709197935616	NA	"abundance"	46	36
"Enterococcus_faecalis.t__SGB7962"	"butyrate"	"butyrate"	"butyrate"	-1.3830765532318	-0.314754565826185	1.40043458250696	0.540245028870419	0.997142000015413	0.788625366521638	0.996709197935616	NA	"abundance"	46	36
"Enterococcus_faecalis.t__SGB7962"	"Delivery_mode"	"C-section"	"Delivery_modeC-section"	2.23393364819856	-0.808713208249471	2.45811813608227	0.278251622783376	0.997142000015413	0.47907927998517	0.996709197935616	NA	"abundance"	46	36
"Enterococcus_faecalis.t__SGB7962"	"Ethnicity"	"European"	"EthnicityEuropean"	1.37129763089271	0.782905157379824	1.78933276125199	0.791382362406995	0.997142000015413	0.840773672391727	0.996709197935616	NA	"abundance"	46	36
"Enterococcus_faecalis.t__SGB7962"	"isobutyrate"	"isobutyrate"	"isobutyrate"	3.24785943393467	0.290301752797175	1.40967309145952	0.0992878213500683	0.997142000015413	0.188717571231694	0.996709197935616	NA	"abundance"	46	36
"Enterococcus_faecalis.t__SGB7962"	"Probiotics"	"Yes"	"ProbioticsYes"	3.9659261657396	1.57448184814756	4.8589245414767	0.621454108815977	0.997142000015413	0.856703008267694	0.996709197935616	NA	"abundance"	46	36
"Enterococcus_faecalis.t__SGB7962"	"propionate"	"propionate"	"propionate"	-4.03847644061554	-1.45511994830733	2.31101506548002	0.355691568259278	0.997142000015413	0.537767363642917	0.996709197935616	NA	"abundance"	46	36
"Enterococcus_faecalis.t__SGB7962"	"Read_depth"	"Read_depth"	"Read_depth"	2.06875841138461	-0.785298141952283	1.95022333085014	0.188276556374363	0.997142000015413	0.341105051068537	0.996709197935616	NA	"abundance"	46	36
"Enterococcus_faecalis.t__SGB7962"	"Sex"	"Female"	"SexFemale"	-0.0277568020670609	-0.854498100647225	2.36202586812939	0.744033486250108	0.997142000015413	0.904799222847093	0.996709197935616	NA	"abundance"	46	36
"Enterococcus_faecalis.t__SGB7962"	"Termness"	"preterm"	"Termnesspreterm"	3.27789021114507	-2.77129339474536	3.97148827820074	0.271297160704549	0.997142000015413	0.468992172002748	0.996709197935616	NA	"abundance"	46	36
"Escherichia_coli.t__SGB10068"	"acetate"	"acetate"	"acetate"	0.181646543815385	0.454938794270925	1.39199451949751	0.832306191620704	0.997142000015413	0.484608391700887	0.996709197935616	NA	"abundance"	46	22
"Escherichia_coli.t__SGB10068"	"Antibiotics"	"Yes"	"AntibioticsYes"	14.0814574400081	-3.40421314382866	4.90880453212514	0.0320460828707603	0.997142000015413	0.0630652143141609	0.996709197935616	NA	"abundance"	46	22
"Escherichia_coli.t__SGB10068"	"butyrate"	"butyrate"	"butyrate"	4.81584595105282	-0.314754565826185	1.70964432267934	0.0471372326813477	0.997142000015413	0.09205254665784	0.996709197935616	NA	"abundance"	46	22
"Escherichia_coli.t__SGB10068"	"Delivery_mode"	"C-section"	"Delivery_modeC-section"	5.90631723198356	-0.808713208249471	3.39037942679418	0.119219932444506	0.997142000015413	0.224226472596939	0.996709197935616	NA	"abundance"	46	22
"Escherichia_coli.t__SGB10068"	"Ethnicity"	"European"	"EthnicityEuropean"	-6.05000312621525	0.782905157379824	3.00293807720777	0.0981853681549332	0.997142000015413	0.186730369790147	0.996709197935616	NA	"abundance"	46	22
"Escherichia_coli.t__SGB10068"	"Feeding_method"	"Breastfed"	"Feeding_methodBreastfed"	1.6078135069048	-0.793818667554312	2.95235499454974	0.43764592064694	0.997142000015413	0.683757889434972	0.996709197935616	NA	"abundance"	46	22
"Escherichia_coli.t__SGB10068"	"isobutyrate"	"isobutyrate"	"isobutyrate"	-1.21408723771835	0.290301752797175	1.80142983354862	0.441987667299581	0.997142000015413	0.654367709969734	0.996709197935616	NA	"abundance"	46	22
"Escherichia_coli.t__SGB10068"	"Probiotics"	"Yes"	"ProbioticsYes"	-3.87663423725172	1.57448184814756	7.04621832017463	0.457160061784214	0.997142000015413	0.346178332228086	0.996709197935616	NA	"abundance"	46	22
"Escherichia_coli.t__SGB10068"	"propionate"	"propionate"	"propionate"	5.58817131861217	-1.45511994830733	2.76881485591232	0.0742462003340338	0.997142000015413	0.142979902404026	0.996709197935616	NA	"abundance"	46	22
"Escherichia_coli.t__SGB10068"	"Read_depth"	"Read_depth"	"Read_depth"	-0.981765776360417	-0.785298141952283	3.27407240025228	0.95222450977641	0.997142000015413	0.997717502533896	0.999363470373889	NA	"abundance"	46	22
"Escherichia_coli.t__SGB10068"	"Sex"	"Female"	"SexFemale"	0.421813856967209	-0.854498100647225	4.27948643941843	0.751517117447011	0.997142000015413	0.913815595769318	0.996709197935616	NA	"abundance"	46	22
"Escherichia_coli.t__SGB10068"	"Termness"	"preterm"	"Termnesspreterm"	-17.6695792230409	-2.77129339474536	5.83794868115354	0.0758265901139294	0.997142000015413	0.145903508459553	0.996709197935616	NA	"abundance"	46	22
"Klebsiella_pneumoniae.t__SGB10115"	"acetate"	"acetate"	"acetate"	0.736545598371402	0.454938794270925	1.4135174349325	0.834272537995419	0.997142000015413	0.687353690660782	0.996709197935616	NA	"abundance"	46	22
"Klebsiella_pneumoniae.t__SGB10115"	"Antibiotics"	"Yes"	"AntibioticsYes"	-5.93982035197241	-3.40421314382866	4.09515348025087	0.661398973668241	0.997142000015413	0.31643297770045	0.996709197935616	NA	"abundance"	46	22
"Klebsiella_pneumoniae.t__SGB10115"	"butyrate"	"butyrate"	"butyrate"	-0.0918674389893959	-0.314754565826185	1.65606009844801	0.918852798752096	0.997142000015413	0.490356628817654	0.996709197935616	NA	"abundance"	46	22
"Klebsiella_pneumoniae.t__SGB10115"	"Delivery_mode"	"C-section"	"Delivery_modeC-section"	-3.39311373283586	-0.808713208249471	4.95424955324407	0.627446532180634	0.997142000015413	0.861203913615764	0.996709197935616	NA	"abundance"	46	22
"Klebsiella_pneumoniae.t__SGB10115"	"Ethnicity"	"European"	"EthnicityEuropean"	4.05680487746828	0.782905157379824	2.36967214017169	0.336906415054018	0.997142000015413	0.560306897603486	0.996709197935616	NA	"abundance"	46	22
"Klebsiella_pneumoniae.t__SGB10115"	"Feeding_method"	"Breastfed"	"Feeding_methodBreastfed"	-4.87089990522022	-0.793818667554312	3.9397199978071	0.371475369942356	0.997142000015413	0.604956789410902	0.996709197935616	NA	"abundance"	46	22
"Klebsiella_pneumoniae.t__SGB10115"	"isobutyrate"	"isobutyrate"	"isobutyrate"	3.63778817424812	0.290301752797175	2.6300006193527	0.298612389592838	0.997142000015413	0.0843233034894262	0.996709197935616	NA	"abundance"	46	22
"Klebsiella_pneumoniae.t__SGB10115"	"Probiotics"	"Yes"	"ProbioticsYes"	10.6058311320407	1.57448184814756	9.61644537320645	0.408951088130701	0.997142000015413	0.108090964312392	0.996709197935616	NA	"abundance"	46	22
"Klebsiella_pneumoniae.t__SGB10115"	"propionate"	"propionate"	"propionate"	-1.85244427070105	-1.45511994830733	5.66828842568831	0.944677660897483	0.997142000015413	0.0555653470518965	0.996709197935616	NA	"abundance"	46	22
"Klebsiella_pneumoniae.t__SGB10115"	"Read_depth"	"Read_depth"	"Read_depth"	3.73576923355801	-0.785298141952283	2.77091618606505	0.209648994038793	0.997142000015413	0.375345287376108	0.996709197935616	NA	"abundance"	46	22
"Klebsiella_pneumoniae.t__SGB10115"	"Sex"	"Female"	"SexFemale"	-2.09836538823579	-0.854498100647225	4.22230119852831	0.764590313328093	0.997142000015413	0.347693492381969	0.996709197935616	NA	"abundance"	46	22
"Klebsiella_pneumoniae.t__SGB10115"	"Termness"	"preterm"	"Termnesspreterm"	-1.41788112059089	-2.77129339474536	6.04732073792741	0.836443690927034	0.997142000015413	0.17647774687376	0.996709197935616	NA	"abundance"	46	22
"Staphylococcus_aureus.t__SGB7852"	"acetate"	"acetate"	"acetate"	0.503622476036157	0.454938794270925	0.567651921236092	0.921989759497716	0.997142000015413	0.835588801188635	0.996709197935616	NA	"abundance"	46	30
"Staphylococcus_aureus.t__SGB7852"	"Antibiotics"	"Yes"	"AntibioticsYes"	-2.24661432220444	-3.40421314382866	2.17688672519546	0.785940499558128	0.997142000015413	0.349100740795129	0.996709197935616	NA	"abundance"	46	30
"Staphylococcus_aureus.t__SGB7852"	"butyrate"	"butyrate"	"butyrate"	-0.523098385299003	-0.314754565826185	0.917761129495422	0.880505995361922	0.997142000015413	0.968093330530142	0.996709197935616	NA	"abundance"	46	30
"Staphylococcus_aureus.t__SGB7852"	"Ethnicity"	"European"	"EthnicityEuropean"	3.01082751600104	0.782905157379824	1.41829698397619	0.3514372637357	0.997142000015413	0.579366377129364	0.996709197935616	NA	"abundance"	46	30
"Staphylococcus_aureus.t__SGB7852"	"Feeding_method"	"Breastfed"	"Feeding_methodBreastfed"	-2.36219132322526	-0.793818667554312	1.30314443310476	0.409421299321626	0.997142000015413	0.331381057414444	0.996709197935616	NA	"abundance"	46	30
"Staphylococcus_aureus.t__SGB7852"	"isobutyrate"	"isobutyrate"	"isobutyrate"	-0.614242736578887	0.290301752797175	0.872540479709705	0.472389677898322	0.997142000015413	0.721627348011763	0.996709197935616	NA	"abundance"	46	30
"Staphylococcus_aureus.t__SGB7852"	"Probiotics"	"Yes"	"ProbioticsYes"	-1.19298606667457	1.57448184814756	2.84741174143426	0.417545018989101	0.997142000015413	0.648798545382287	0.996709197935616	NA	"abundance"	46	30
"Staphylococcus_aureus.t__SGB7852"	"propionate"	"propionate"	"propionate"	0.0166735302764903	-1.45511994830733	1.55182047655769	0.558045243286526	0.997142000015413	0.723733973016396	0.996709197935616	NA	"abundance"	46	30
"Staphylococcus_aureus.t__SGB7852"	"Sex"	"Female"	"SexFemale"	-2.08084062546083	-0.854498100647225	1.6242997228904	0.424647552334196	0.997142000015413	0.668969560964969	0.996709197935616	NA	"abundance"	46	30
"Staphylococcus_aureus.t__SGB7852"	"Termness"	"preterm"	"Termnesspreterm"	-0.0560500050468858	-2.77129339474536	2.27439512800356	0.562348558386504	0.997142000015413	0.808461215653629	0.996709197935616	NA	"abundance"	46	30
"Staphylococcus_epidermidis.t__SGB7865"	"acetate"	"acetate"	"acetate"	-0.01193247706105	0.454938794270925	0.624784457314609	0.505670448932124	0.997142000015413	0.755638294941032	0.996709197935616	NA	"abundance"	46	38
"Staphylococcus_epidermidis.t__SGB7865"	"Antibiotics"	"Yes"	"AntibioticsYes"	0.0604907878791014	-3.40421314382866	2.03796100239111	0.450682945013917	0.997142000015413	0.257714882896206	0.996709197935616	NA	"abundance"	46	38
"Staphylococcus_epidermidis.t__SGB7865"	"butyrate"	"butyrate"	"butyrate"	0.686816440948262	-0.314754565826185	0.761740952577865	0.455057943671719	0.997142000015413	0.703038155244705	0.996709197935616	NA	"abundance"	46	38
"Staphylococcus_epidermidis.t__SGB7865"	"Delivery_mode"	"C-section"	"Delivery_modeC-section"	-0.91007648425807	-0.808713208249471	1.6003010715929	0.96094332758837	0.997142000015413	0.886183474663456	0.996709197935616	NA	"abundance"	46	38
"Staphylococcus_epidermidis.t__SGB7865"	"Ethnicity"	"European"	"EthnicityEuropean"	-1.00226226420417	0.782905157379824	1.31290638913543	0.418813377553584	0.997142000015413	0.662222109889328	0.996709197935616	NA	"abundance"	46	38
"Staphylococcus_epidermidis.t__SGB7865"	"Feeding_method"	"Breastfed"	"Feeding_methodBreastfed"	1.30543100733095	-0.793818667554312	1.3853848591195	0.283554787085549	0.997142000015413	0.486706256891967	0.996709197935616	NA	"abundance"	46	38
"Staphylococcus_epidermidis.t__SGB7865"	"Probiotics"	"Yes"	"ProbioticsYes"	2.45080337493723	1.57448184814756	2.97308899453086	0.78117218049167	0.997142000015413	0.477577674251782	0.996709197935616	NA	"abundance"	46	38
"Staphylococcus_epidermidis.t__SGB7865"	"propionate"	"propionate"	"propionate"	-1.05779562591361	-1.45511994830733	1.30707486788336	0.839924375264163	0.997142000015413	0.968004656610785	0.996709197935616	NA	"abundance"	46	38
"Staphylococcus_epidermidis.t__SGB7865"	"Read_depth"	"Read_depth"	"Read_depth"	0.0982789373920865	-0.785298141952283	0.549749568319181	0.374628479156701	0.997142000015413	0.608910460918139	0.996709197935616	NA	"abundance"	46	38
"Staphylococcus_epidermidis.t__SGB7865"	"Sex"	"Female"	"SexFemale"	-0.659687628089072	-0.854498100647225	1.70564442595735	0.893650348470361	0.997142000015413	0.144925812217332	0.996709197935616	NA	"abundance"	46	38
"Staphylococcus_epidermidis.t__SGB7865"	"Termness"	"preterm"	"Termnesspreterm"	-4.12470566889982	-2.77129339474536	2.3355453073809	0.742325849580943	0.997142000015413	0.788650498555208	0.996709197935616	NA	"abundance"	46	38
"Streptococcus_salivarius.t__SGB8007_group"	"acetate"	"acetate"	"acetate"	0.289330980049862	0.454938794270925	1.57441868366026	0.913749446841952	0.997142000015413	0.832011494911597	0.996709197935616	NA	"abundance"	46	24
"Streptococcus_salivarius.t__SGB8007_group"	"Antibiotics"	"Yes"	"AntibioticsYes"	-6.28611280984755	-3.40421314382866	6.57042310480277	0.705000737283481	0.997142000015413	0.45714955174842	0.996709197935616	NA	"abundance"	46	24
"Streptococcus_salivarius.t__SGB8007_group"	"butyrate"	"butyrate"	"butyrate"	-0.834304865038812	-0.314754565826185	1.30898006353088	0.76376621808763	0.997142000015413	0.237901106933242	0.996709197935616	NA	"abundance"	46	24
"Streptococcus_salivarius.t__SGB8007_group"	"Delivery_mode"	"C-section"	"Delivery_modeC-section"	-4.19057504762187	-0.808713208249471	2.99533090962493	0.379248237980696	0.997142000015413	0.307071059444339	0.996709197935616	NA	"abundance"	46	24
"Streptococcus_salivarius.t__SGB8007_group"	"Ethnicity"	"European"	"EthnicityEuropean"	0.106603621938807	0.782905157379824	3.44797410898931	0.873776069667695	0.997142000015413	0.887775415506519	0.996709197935616	NA	"abundance"	46	24
"Streptococcus_salivarius.t__SGB8007_group"	"Feeding_method"	"Breastfed"	"Feeding_methodBreastfed"	-4.07328505592719	-0.793818667554312	2.44326292330509	0.304101141724984	0.997142000015413	0.515724779051529	0.996709197935616	NA	"abundance"	46	24
"Streptococcus_salivarius.t__SGB8007_group"	"isobutyrate"	"isobutyrate"	"isobutyrate"	2.41346674703208	0.290301752797175	1.71786678648131	0.329013095155108	0.997142000015413	0.549776573526672	0.996709197935616	NA	"abundance"	46	24
"Streptococcus_salivarius.t__SGB8007_group"	"propionate"	"propionate"	"propionate"	-3.54144861964405	-1.45511994830733	2.96479651457206	0.547061772822314	0.997142000015413	0.794846962361135	0.996709197935616	NA	"abundance"	46	24
"Streptococcus_salivarius.t__SGB8007_group"	"Read_depth"	"Read_depth"	"Read_depth"	-0.993562818923191	-0.785298141952283	1.29899344129681	0.891701107297749	0.997142000015413	0.977309807851905	0.999363470373889	NA	"abundance"	46	24
"Streptococcus_salivarius.t__SGB8007_group"	"Sex"	"Female"	"SexFemale"	1.40510034219396	-0.854498100647225	4.05714667301054	0.584904759298636	0.997142000015413	0.331139795631694	0.996709197935616	NA	"abundance"	46	24
"Streptococcus_salivarius.t__SGB8007_group"	"Termness"	"preterm"	"Termnesspreterm"	1.47886296367842	-2.77129339474536	3.41415612241737	0.443422221701591	0.997142000015413	0.63759378718344	0.996709197935616	NA	"abundance"	46	24
"Bifidobacterium_bifidum.t__SGB17256"	"acetate"	"acetate"	"acetate"	0.59631158686127	0	0.651400612892859	0.359965996495882	0.997142000015413	0.590356474358491	0.996709197935616	NA	"prevalence"	46	23
"Bifidobacterium_bifidum.t__SGB17256"	"Antibiotics"	"Yes"	"AntibioticsYes"	-2.3879993732535	0	2.03103725860177	0.239693352004905	0.997142000015413	0.421933801014462	0.996709197935616	NA	"prevalence"	46	23
"Bifidobacterium_bifidum.t__SGB17256"	"butyrate"	"butyrate"	"butyrate"	-0.667614581735961	0	0.675812057345673	0.323216229246699	0.997142000015413	0.541963727644943	0.996709197935616	NA	"prevalence"	46	23
"Bifidobacterium_bifidum.t__SGB17256"	"Delivery_mode"	"C-section"	"Delivery_modeC-section"	-1.89810398318677	0	1.60140994601362	0.235910509427423	0.997142000015413	0.41616725039654	0.996709197935616	NA	"prevalence"	46	23
"Bifidobacterium_bifidum.t__SGB17256"	"Ethnicity"	"European"	"EthnicityEuropean"	-1.12962687655186	0	1.09660791340911	0.302958329155147	0.997142000015413	0.514132909105815	0.996709197935616	NA	"prevalence"	46	23
"Bifidobacterium_bifidum.t__SGB17256"	"Feeding_method"	"Breastfed"	"Feeding_methodBreastfed"	-0.204332510368044	0	1.20979056712604	0.865876025074306	0.997142000015413	0.162564156604318	0.996709197935616	NA	"prevalence"	46	23
"Bifidobacterium_bifidum.t__SGB17256"	"isobutyrate"	"isobutyrate"	"isobutyrate"	0.280275522358881	0	0.743946052028602	0.706365548206146	0.997142000015413	0.862927116906317	0.996709197935616	NA	"prevalence"	46	23
"Bifidobacterium_bifidum.t__SGB17256"	"Probiotics"	"Yes"	"ProbioticsYes"	3.8342918292327	0	2.91944117826632	0.189059989280325	0.997142000015413	0.342376299013973	0.996709197935616	NA	"prevalence"	46	23
"Bifidobacterium_bifidum.t__SGB17256"	"propionate"	"propionate"	"propionate"	-1.19947359407538	0	1.29095051468205	0.352816604175658	0.997142000015413	0.581153652169274	0.996709197935616	NA	"prevalence"	46	23
"Bifidobacterium_bifidum.t__SGB17256"	"Read_depth"	"Read_depth"	"Read_depth"	-0.397825828077356	0	0.531863995889648	0.454469730219082	0.997142000015413	0.702396724752759	0.996709197935616	NA	"prevalence"	46	23
"Bifidobacterium_bifidum.t__SGB17256"	"Sex"	"Female"	"SexFemale"	-0.75250022005559	0	1.27910192930768	0.556328555735823	0.997142000015413	0.803155649544539	0.996709197935616	NA	"prevalence"	46	23
"Bifidobacterium_bifidum.t__SGB17256"	"Termness"	"preterm"	"Termnesspreterm"	1.83807273360371	0	2.44461812268427	0.452119964453437	0.997142000015413	0.699827466649497	0.996709197935616	NA	"prevalence"	46	23
"Bifidobacterium_breve.t__SGB17247"	"acetate"	"acetate"	"acetate"	0.43575932073885	0	0.57777210255113	0.450725395749079	0.997142000015413	0.450725395749079	0.996709197935616	NA	"prevalence"	46	22
"Bifidobacterium_breve.t__SGB17247"	"Antibiotics"	"Yes"	"AntibioticsYes"	-3.39601022442252	0	1.66083409283819	0.0408783406865238	0.997142000015413	0.0408783406865238	0.996709197935616	NA	"prevalence"	46	22
"Bifidobacterium_breve.t__SGB17247"	"butyrate"	"butyrate"	"butyrate"	-1.13727196191071	0	0.619347997181965	0.0663220747804902	0.997142000015413	0.0663220747804902	0.996709197935616	NA	"prevalence"	46	22
"Bifidobacterium_breve.t__SGB17247"	"Delivery_mode"	"C-section"	"Delivery_modeC-section"	0.153307929284474	0	1.16501786059264	0.895306403200274	0.997142000015413	0.895306403200274	0.996709197935616	NA	"prevalence"	46	22
"Bifidobacterium_breve.t__SGB17247"	"Ethnicity"	"European"	"EthnicityEuropean"	-0.215311485827527	0	0.857939688712998	0.801842384208631	0.997142000015413	0.801842384208631	0.996709197935616	NA	"prevalence"	46	22
"Bifidobacterium_breve.t__SGB17247"	"isobutyrate"	"isobutyrate"	"isobutyrate"	0.766474636567525	0	0.684116092860185	0.262548969700527	0.997142000015413	0.262548969700527	0.996709197935616	NA	"prevalence"	46	22
"Bifidobacterium_breve.t__SGB17247"	"Probiotics"	"Yes"	"ProbioticsYes"	-0.154071100777449	0	2.8874720149863	0.957446290904881	0.997142000015413	0.957446290904881	0.996709197935616	NA	"prevalence"	46	22
"Bifidobacterium_breve.t__SGB17247"	"propionate"	"propionate"	"propionate"	-1.06370034618284	0	1.05670430554146	0.314117120200763	0.997142000015413	0.314117120200763	0.996709197935616	NA	"prevalence"	46	22
"Bifidobacterium_breve.t__SGB17247"	"Read_depth"	"Read_depth"	"Read_depth"	0.465516808550305	0	0.712815684717162	0.513712716883911	0.997142000015413	0.513712716883911	0.996709197935616	NA	"prevalence"	46	22
"Bifidobacterium_breve.t__SGB17247"	"Sex"	"Female"	"SexFemale"	-0.116979691543511	0	0.99829572459515	0.906717892838497	0.997142000015413	0.906717892838497	0.996709197935616	NA	"prevalence"	46	22
"Bifidobacterium_breve.t__SGB17247"	"Termness"	"preterm"	"Termnesspreterm"	2.2090695692896	0	2.60633953312116	0.396674415766751	0.997142000015413	0.396674415766751	0.996709197935616	NA	"prevalence"	46	22
"Bifidobacterium_longum.t__SGB17248"	"acetate"	"acetate"	"acetate"	-0.675375052728275	0	0.762466150513207	0.375737654241035	0.997142000015413	0.375737654241035	0.996709197935616	NA	"prevalence"	46	12
"Bifidobacterium_longum.t__SGB17248"	"Antibiotics"	"Yes"	"AntibioticsYes"	1.51216078072493	0	1.7305584536459	0.382227556908695	0.997142000015413	0.382227556908695	0.996709197935616	NA	"prevalence"	46	12
"Bifidobacterium_longum.t__SGB17248"	"butyrate"	"butyrate"	"butyrate"	-0.740878756030753	0	0.6212747337381	0.233059803559703	0.997142000015413	0.233059803559703	0.996709197935616	NA	"prevalence"	46	12
"Bifidobacterium_longum.t__SGB17248"	"Delivery_mode"	"C-section"	"Delivery_modeC-section"	-1.08555444139667	0	1.2534405717951	0.386457390607348	0.997142000015413	0.386457390607348	0.996709197935616	NA	"prevalence"	46	12
"Bifidobacterium_longum.t__SGB17248"	"Ethnicity"	"European"	"EthnicityEuropean"	-1.54353133118952	0	1.10415760677893	0.162135098450115	0.997142000015413	0.162135098450115	0.996709197935616	NA	"prevalence"	46	12
"Bifidobacterium_longum.t__SGB17248"	"Feeding_method"	"Breastfed"	"Feeding_methodBreastfed"	-0.574492358219253	0	1.08047334300325	0.594930790392716	0.997142000015413	0.594930790392716	0.996709197935616	NA	"prevalence"	46	12
"Bifidobacterium_longum.t__SGB17248"	"isobutyrate"	"isobutyrate"	"isobutyrate"	-0.788326657406237	0	0.770809621790708	0.306437650182937	0.997142000015413	0.306437650182937	0.996709197935616	NA	"prevalence"	46	12
"Bifidobacterium_longum.t__SGB17248"	"Probiotics"	"Yes"	"ProbioticsYes"	-0.298664571715244	0	2.97276701113268	0.919973690351427	0.997142000015413	0.919973690351427	0.996709197935616	NA	"prevalence"	46	12
"Bifidobacterium_longum.t__SGB17248"	"propionate"	"propionate"	"propionate"	1.15304799578848	0	1.19468990650794	0.334472607049477	0.997142000015413	0.334472607049477	0.996709197935616	NA	"prevalence"	46	12
"Bifidobacterium_longum.t__SGB17248"	"Read_depth"	"Read_depth"	"Read_depth"	-0.409749398506148	0	0.587566972315507	0.485573593412441	0.997142000015413	0.485573593412441	0.996709197935616	NA	"prevalence"	46	12
"Bifidobacterium_longum.t__SGB17248"	"Sex"	"Female"	"SexFemale"	-0.881767542526902	0	1.20677140734877	0.46497270531396	0.997142000015413	0.46497270531396	0.996709197935616	NA	"prevalence"	46	12
"Bifidobacterium_longum.t__SGB17248"	"Termness"	"preterm"	"Termnesspreterm"	-2.2450075885327	0	2.47680370368246	0.364717184903393	0.997142000015413	0.364717184903393	0.996709197935616	NA	"prevalence"	46	12
"Bifidobacterium_pseudocatenulatum.t__SGB17237"	"acetate"	"acetate"	"acetate"	-0.493855867516197	0	0.574977508371956	0.39038831426141	0.997142000015413	0.39038831426141	0.996709197935616	NA	"prevalence"	46	7
"Bifidobacterium_pseudocatenulatum.t__SGB17237"	"Antibiotics"	"Yes"	"AntibioticsYes"	0.4860958225434	0	1.69549382730861	0.774343057282656	0.997142000015413	0.774343057282656	0.996709197935616	NA	"prevalence"	46	7
"Bifidobacterium_pseudocatenulatum.t__SGB17237"	"butyrate"	"butyrate"	"butyrate"	-0.921336611894977	0	0.677225147312169	0.173684921908106	0.997142000015413	0.173684921908106	0.996709197935616	NA	"prevalence"	46	7
"Bifidobacterium_pseudocatenulatum.t__SGB17237"	"Delivery_mode"	"C-section"	"Delivery_modeC-section"	-0.269274628886495	0	1.38340319479659	0.845669675452772	0.997142000015413	0.845669675452772	0.996709197935616	NA	"prevalence"	46	7
"Bifidobacterium_pseudocatenulatum.t__SGB17237"	"Ethnicity"	"European"	"EthnicityEuropean"	-0.533972609829791	0	1.0107854023804	0.597308514100354	0.997142000015413	0.597308514100354	0.996709197935616	NA	"prevalence"	46	7
"Bifidobacterium_pseudocatenulatum.t__SGB17237"	"Feeding_method"	"Breastfed"	"Feeding_methodBreastfed"	-1.66068610018838	0	1.13965398640298	0.145065463858403	0.997142000015413	0.145065463858403	0.996709197935616	NA	"prevalence"	46	7
"Bifidobacterium_pseudocatenulatum.t__SGB17237"	"isobutyrate"	"isobutyrate"	"isobutyrate"	0.53067472930206	0	0.748323891289946	0.478230699688131	0.997142000015413	0.478230699688131	0.996709197935616	NA	"prevalence"	46	7
"Bifidobacterium_pseudocatenulatum.t__SGB17237"	"Probiotics"	"Yes"	"ProbioticsYes"	-2.00482145169647	0	2.34147545049882	0.391875312741177	0.997142000015413	0.391875312741177	0.996709197935616	NA	"prevalence"	46	7
"Bifidobacterium_pseudocatenulatum.t__SGB17237"	"propionate"	"propionate"	"propionate"	-0.286471478755287	0	1.17699910478449	0.807702192943169	0.997142000015413	0.807702192943169	0.996709197935616	NA	"prevalence"	46	7
"Bifidobacterium_pseudocatenulatum.t__SGB17237"	"Read_depth"	"Read_depth"	"Read_depth"	-0.407453296798994	0	0.534775616952763	0.446111035282029	0.997142000015413	0.446111035282029	0.996709197935616	NA	"prevalence"	46	7
"Bifidobacterium_pseudocatenulatum.t__SGB17237"	"Sex"	"Female"	"SexFemale"	0.0720365045380137	0	1.15144289352048	0.950115335202261	0.997142000015413	0.950115335202261	0.996709197935616	NA	"prevalence"	46	7
"Bifidobacterium_pseudocatenulatum.t__SGB17237"	"Termness"	"preterm"	"Termnesspreterm"	0.751789803903033	0	1.87186617530273	0.687959418265101	0.997142000015413	0.687959418265101	0.996709197935616	NA	"prevalence"	46	7
"Citrobacter_freundii.t__SGB10083"	"acetate"	"acetate"	"acetate"	0.148003436196279	0	0.679072385537667	0.827468516819356	0.997142000015413	0.827468516819356	0.996709197935616	NA	"prevalence"	46	7
"Citrobacter_freundii.t__SGB10083"	"Antibiotics"	"Yes"	"AntibioticsYes"	-0.467832423735363	0	1.57512044191153	0.766456014222601	0.997142000015413	0.766456014222601	0.996709197935616	NA	"prevalence"	46	7
"Citrobacter_freundii.t__SGB10083"	"butyrate"	"butyrate"	"butyrate"	-0.332862728795535	0	0.636377458386744	0.600933445596356	0.997142000015413	0.600933445596356	0.996709197935616	NA	"prevalence"	46	7
"Citrobacter_freundii.t__SGB10083"	"Delivery_mode"	"C-section"	"Delivery_modeC-section"	-0.651821054418304	0	1.47685679835243	0.658954582363239	0.997142000015413	0.658954582363239	0.996709197935616	NA	"prevalence"	46	7
"Citrobacter_freundii.t__SGB10083"	"Ethnicity"	"European"	"EthnicityEuropean"	-0.614139353604926	0	1.13096944137552	0.587115832771394	0.997142000015413	0.587115832771394	0.996709197935616	NA	"prevalence"	46	7
"Citrobacter_freundii.t__SGB10083"	"Feeding_method"	"Breastfed"	"Feeding_methodBreastfed"	-1.03616619121774	0	1.06672455312259	0.331372479691087	0.997142000015413	0.331372479691087	0.996709197935616	NA	"prevalence"	46	7
"Citrobacter_freundii.t__SGB10083"	"isobutyrate"	"isobutyrate"	"isobutyrate"	0.234800557797003	0	0.738697854768446	0.750593130146546	0.997142000015413	0.750593130146546	0.996709197935616	NA	"prevalence"	46	7
"Citrobacter_freundii.t__SGB10083"	"Probiotics"	"Yes"	"ProbioticsYes"	-0.136414660836378	0	2.97460710267677	0.963422055946408	0.997142000015413	0.963422055946408	0.996709197935616	NA	"prevalence"	46	7
"Citrobacter_freundii.t__SGB10083"	"propionate"	"propionate"	"propionate"	1.02426546365452	0	1.27971965241988	0.423489104361444	0.997142000015413	0.423489104361444	0.996709197935616	NA	"prevalence"	46	7
"Citrobacter_freundii.t__SGB10083"	"Read_depth"	"Read_depth"	"Read_depth"	-0.588140877304117	0	0.521691028251529	0.259584406507832	0.997142000015413	0.259584406507832	0.996709197935616	NA	"prevalence"	46	7
"Citrobacter_freundii.t__SGB10083"	"Sex"	"Female"	"SexFemale"	-0.557507890502696	0	1.22769887880903	0.64975109082902	0.997142000015413	0.64975109082902	0.996709197935616	NA	"prevalence"	46	7
"Citrobacter_freundii.t__SGB10083"	"Termness"	"preterm"	"Termnesspreterm"	-0.742631430376948	0	2.6809026254826	0.781773975952933	0.997142000015413	0.781773975952933	0.996709197935616	NA	"prevalence"	46	7
"Clostridium_neonatale.t__SGB6169"	"acetate"	"acetate"	"acetate"	-0.178377300345862	0	0.703670068861662	0.799885223474586	0.997142000015413	0.799885223474586	0.996709197935616	NA	"prevalence"	46	8
"Clostridium_neonatale.t__SGB6169"	"Antibiotics"	"Yes"	"AntibioticsYes"	0.23320646096992	0	1.97234268356519	0.905878837732848	0.997142000015413	0.905878837732848	0.996709197935616	NA	"prevalence"	46	8
"Clostridium_neonatale.t__SGB6169"	"butyrate"	"butyrate"	"butyrate"	0.309397491832197	0	0.709141686322442	0.662620131365406	0.997142000015413	0.662620131365406	0.996709197935616	NA	"prevalence"	46	8
"Clostridium_neonatale.t__SGB6169"	"Delivery_mode"	"C-section"	"Delivery_modeC-section"	1.68724609464823	0	1.48385145947836	0.255508146276813	0.997142000015413	0.255508146276813	0.996709197935616	NA	"prevalence"	46	8
"Clostridium_neonatale.t__SGB6169"	"Ethnicity"	"European"	"EthnicityEuropean"	0.218239593038114	0	1.08286338040605	0.840276855663584	0.997142000015413	0.840276855663584	0.996709197935616	NA	"prevalence"	46	8
"Clostridium_neonatale.t__SGB6169"	"Feeding_method"	"Breastfed"	"Feeding_methodBreastfed"	0.242102237256864	0	1.31229896273862	0.853631341822559	0.997142000015413	0.853631341822559	0.996709197935616	NA	"prevalence"	46	8
"Clostridium_neonatale.t__SGB6169"	"isobutyrate"	"isobutyrate"	"isobutyrate"	-0.26742677647948	0	0.797064966722008	0.73723708169732	0.997142000015413	0.73723708169732	0.996709197935616	NA	"prevalence"	46	8
"Clostridium_neonatale.t__SGB6169"	"Probiotics"	"Yes"	"ProbioticsYes"	0.609670375190258	0	3.22922563032202	0.850251373733012	0.997142000015413	0.850251373733012	0.996709197935616	NA	"prevalence"	46	8
"Clostridium_neonatale.t__SGB6169"	"propionate"	"propionate"	"propionate"	-0.699834390522886	0	1.18954503247002	0.55631681455721	0.997142000015413	0.55631681455721	0.996709197935616	NA	"prevalence"	46	8
"Clostridium_neonatale.t__SGB6169"	"Read_depth"	"Read_depth"	"Read_depth"	0.418321816435218	0	0.461769165774214	0.364982904622374	0.997142000015413	0.364982904622374	0.996709197935616	NA	"prevalence"	46	8
"Clostridium_neonatale.t__SGB6169"	"Sex"	"Female"	"SexFemale"	0.633531794648231	0	1.24001911005432	0.609417675186317	0.997142000015413	0.609417675186317	0.996709197935616	NA	"prevalence"	46	8
"Clostridium_neonatale.t__SGB6169"	"Termness"	"preterm"	"Termnesspreterm"	-1.77358853643219	0	2.6857388112779	0.509014699750018	0.997142000015413	0.509014699750018	0.996709197935616	NA	"prevalence"	46	8
"Clostridium_paraputrificum.t__SGB6187"	"acetate"	"acetate"	"acetate"	-0.424402458274243	0	0.60886329147822	0.485777361022891	0.997142000015413	0.485777361022891	0.996709197935616	NA	"prevalence"	46	8
"Clostridium_paraputrificum.t__SGB6187"	"Antibiotics"	"Yes"	"AntibioticsYes"	1.37732816060842	0	1.78565228282741	0.440511027731982	0.997142000015413	0.440511027731982	0.996709197935616	NA	"prevalence"	46	8
"Clostridium_paraputrificum.t__SGB6187"	"butyrate"	"butyrate"	"butyrate"	1.22324129074192	0	0.716458541470968	0.0877581068086306	0.997142000015413	0.0877581068086306	0.996709197935616	NA	"prevalence"	46	8
"Clostridium_paraputrificum.t__SGB6187"	"Delivery_mode"	"C-section"	"Delivery_modeC-section"	-0.14217546871944	0	1.34903353700907	0.916065865914353	0.997142000015413	0.916065865914353	0.996709197935616	NA	"prevalence"	46	8
"Clostridium_paraputrificum.t__SGB6187"	"Ethnicity"	"European"	"EthnicityEuropean"	-0.128378786735054	0	1.03158356093407	0.900960358570324	0.997142000015413	0.900960358570324	0.996709197935616	NA	"prevalence"	46	8
"Clostridium_paraputrificum.t__SGB6187"	"Feeding_method"	"Breastfed"	"Feeding_methodBreastfed"	0.648901651722892	0	1.09071320557451	0.551888029465616	0.997142000015413	0.551888029465616	0.996709197935616	NA	"prevalence"	46	8
"Clostridium_paraputrificum.t__SGB6187"	"isobutyrate"	"isobutyrate"	"isobutyrate"	-0.457322785909922	0	0.734710734885727	0.533644142527938	0.997142000015413	0.533644142527938	0.996709197935616	NA	"prevalence"	46	8
"Clostridium_paraputrificum.t__SGB6187"	"Probiotics"	"Yes"	"ProbioticsYes"	-3.60095386767126	0	2.61729540637637	0.168874232256343	0.997142000015413	0.168874232256343	0.996709197935616	NA	"prevalence"	46	8
"Clostridium_paraputrificum.t__SGB6187"	"propionate"	"propionate"	"propionate"	1.7439307992939	0	1.39541828824914	0.211389107152187	0.997142000015413	0.211389107152187	0.996709197935616	NA	"prevalence"	46	8
"Clostridium_paraputrificum.t__SGB6187"	"Read_depth"	"Read_depth"	"Read_depth"	0.230601468845889	0	0.596934259532773	0.699267349589298	0.997142000015413	0.699267349589298	0.996709197935616	NA	"prevalence"	46	8
"Clostridium_paraputrificum.t__SGB6187"	"Sex"	"Female"	"SexFemale"	-0.87083029819629	0	1.27226344093669	0.493676372388833	0.997142000015413	0.493676372388833	0.996709197935616	NA	"prevalence"	46	8
"Clostridium_paraputrificum.t__SGB6187"	"Termness"	"preterm"	"Termnesspreterm"	1.64135864239002	0	2.00358462775844	0.41266601842238	0.997142000015413	0.41266601842238	0.996709197935616	NA	"prevalence"	46	8
"Clostridium_perfringens.t__SGB6191"	"acetate"	"acetate"	"acetate"	-0.182849277299744	0	0.581024739484441	0.752988409476879	0.997142000015413	0.752988409476879	0.996709197935616	NA	"prevalence"	46	20
"Clostridium_perfringens.t__SGB6191"	"Antibiotics"	"Yes"	"AntibioticsYes"	-2.04578535069758	0	1.42567789398821	0.151299575769222	0.997142000015413	0.151299575769222	0.996709197935616	NA	"prevalence"	46	20
"Clostridium_perfringens.t__SGB6191"	"butyrate"	"butyrate"	"butyrate"	1.58713721867553	0	0.733142165194133	0.0303997592182687	0.997142000015413	0.0303997592182687	0.996709197935616	NA	"prevalence"	46	20
"Clostridium_perfringens.t__SGB6191"	"Delivery_mode"	"C-section"	"Delivery_modeC-section"	-2.13492383298358	0	1.40566207503719	0.128812080445583	0.997142000015413	0.128812080445583	0.996709197935616	NA	"prevalence"	46	20
"Clostridium_perfringens.t__SGB6191"	"Ethnicity"	"European"	"EthnicityEuropean"	0.405315062082454	0	0.952167396754215	0.670343758679812	0.997142000015413	0.670343758679812	0.996709197935616	NA	"prevalence"	46	20
"Clostridium_perfringens.t__SGB6191"	"Feeding_method"	"Breastfed"	"Feeding_methodBreastfed"	-0.260358674909228	0	0.988821348954559	0.792317790160463	0.997142000015413	0.792317790160463	0.996709197935616	NA	"prevalence"	46	20
"Clostridium_perfringens.t__SGB6191"	"isobutyrate"	"isobutyrate"	"isobutyrate"	-0.553740493313811	0	0.677442292541983	0.413700581214228	0.997142000015413	0.413700581214228	0.996709197935616	NA	"prevalence"	46	20
"Clostridium_perfringens.t__SGB6191"	"Probiotics"	"Yes"	"ProbioticsYes"	-2.77092719854996	0	2.83309624243734	0.328046554675115	0.997142000015413	0.328046554675115	0.996709197935616	NA	"prevalence"	46	20
"Clostridium_perfringens.t__SGB6191"	"propionate"	"propionate"	"propionate"	-0.152680681185547	0	1.01484523138138	0.880411759944217	0.997142000015413	0.880411759944217	0.996709197935616	NA	"prevalence"	46	20
"Clostridium_perfringens.t__SGB6191"	"Read_depth"	"Read_depth"	"Read_depth"	-0.281731131903079	0	0.497711313892324	0.571357547873955	0.997142000015413	0.571357547873955	0.996709197935616	NA	"prevalence"	46	20
"Clostridium_perfringens.t__SGB6191"	"Sex"	"Female"	"SexFemale"	-0.444103564849928	0	1.09586190204659	0.685290047100148	0.997142000015413	0.685290047100148	0.996709197935616	NA	"prevalence"	46	20
"Clostridium_perfringens.t__SGB6191"	"Termness"	"preterm"	"Termnesspreterm"	5.67648938269475	0	2.87455372502892	0.0482979313004514	0.997142000015413	0.0482979313004514	0.996709197935616	NA	"prevalence"	46	20
"Cutibacterium_avidum.t__SGB16953"	"acetate"	"acetate"	"acetate"	-0.861763489558192	0	0.553548112116515	0.119518067912359	0.997142000015413	0.119518067912359	0.996709197935616	NA	"prevalence"	46	13
"Cutibacterium_avidum.t__SGB16953"	"Antibiotics"	"Yes"	"AntibioticsYes"	-0.453266621400263	0	1.4697613822191	0.757782013921656	0.997142000015413	0.757782013921656	0.996709197935616	NA	"prevalence"	46	13
"Cutibacterium_avidum.t__SGB16953"	"butyrate"	"butyrate"	"butyrate"	-0.679419219239801	0	0.590210771808752	0.24967186264705	0.997142000015413	0.24967186264705	0.996709197935616	NA	"prevalence"	46	13
"Cutibacterium_avidum.t__SGB16953"	"Delivery_mode"	"C-section"	"Delivery_modeC-section"	0.612308230666856	0	1.19637860067515	0.608790017514981	0.997142000015413	0.608790017514981	0.996709197935616	NA	"prevalence"	46	13
"Cutibacterium_avidum.t__SGB16953"	"Ethnicity"	"European"	"EthnicityEuropean"	-1.07271827385138	0	0.928170112707122	0.247789748680287	0.997142000015413	0.247789748680287	0.996709197935616	NA	"prevalence"	46	13
"Cutibacterium_avidum.t__SGB16953"	"Feeding_method"	"Breastfed"	"Feeding_methodBreastfed"	0.495235567856513	0	0.98173631008821	0.613946129840977	0.997142000015413	0.613946129840977	0.996709197935616	NA	"prevalence"	46	13
"Cutibacterium_avidum.t__SGB16953"	"isobutyrate"	"isobutyrate"	"isobutyrate"	0.331560386945177	0	0.677485904702746	0.624559805304968	0.997142000015413	0.624559805304968	0.996709197935616	NA	"prevalence"	46	13
"Cutibacterium_avidum.t__SGB16953"	"Probiotics"	"Yes"	"ProbioticsYes"	0.354487025328239	0	2.15326993330952	0.869237338432696	0.997142000015413	0.869237338432696	0.996709197935616	NA	"prevalence"	46	13
"Cutibacterium_avidum.t__SGB16953"	"propionate"	"propionate"	"propionate"	0.590180770454199	0	1.07977912164844	0.584670432076148	0.997142000015413	0.584670432076148	0.996709197935616	NA	"prevalence"	46	13
"Cutibacterium_avidum.t__SGB16953"	"Read_depth"	"Read_depth"	"Read_depth"	-0.140840244104773	0	0.540587726024448	0.794453659357021	0.997142000015413	0.794453659357021	0.996709197935616	NA	"prevalence"	46	13
"Cutibacterium_avidum.t__SGB16953"	"Sex"	"Female"	"SexFemale"	-0.465917212085306	0	1.10074588115784	0.672095295383756	0.997142000015413	0.672095295383756	0.996709197935616	NA	"prevalence"	46	13
"Cutibacterium_avidum.t__SGB16953"	"Termness"	"preterm"	"Termnesspreterm"	-1.18806611665882	0	1.8137816820399	0.512453869475495	0.997142000015413	0.512453869475495	0.996709197935616	NA	"prevalence"	46	13
"Enterobacter_asburiae.t__SGB10141"	"acetate"	"acetate"	"acetate"	-0.899980657378542	0	0.768210669553077	0.241386427796156	0.997142000015413	0.241386427796156	0.996709197935616	NA	"prevalence"	46	10
"Enterobacter_asburiae.t__SGB10141"	"Antibiotics"	"Yes"	"AntibioticsYes"	1.53970749804593	0	1.79856959849823	0.391957209546878	0.997142000015413	0.391957209546878	0.996709197935616	NA	"prevalence"	46	10
"Enterobacter_asburiae.t__SGB10141"	"butyrate"	"butyrate"	"butyrate"	-0.169701480294538	0	0.675553970056919	0.801656826105331	0.997142000015413	0.801656826105331	0.996709197935616	NA	"prevalence"	46	10
"Enterobacter_asburiae.t__SGB10141"	"Delivery_mode"	"C-section"	"Delivery_modeC-section"	-0.464192534244853	0	1.47198269935617	0.752494486662508	0.997142000015413	0.752494486662508	0.996709197935616	NA	"prevalence"	46	10
"Enterobacter_asburiae.t__SGB10141"	"Ethnicity"	"European"	"EthnicityEuropean"	-0.393758318850807	0	1.20549412141369	0.743942872191938	0.997142000015413	0.743942872191938	0.996709197935616	NA	"prevalence"	46	10
"Enterobacter_asburiae.t__SGB10141"	"Feeding_method"	"Breastfed"	"Feeding_methodBreastfed"	-1.6876143654304	0	1.12984719246578	0.135262932739158	0.997142000015413	0.135262932739158	0.996709197935616	NA	"prevalence"	46	10
"Enterobacter_asburiae.t__SGB10141"	"isobutyrate"	"isobutyrate"	"isobutyrate"	-0.976993909693203	0	0.849850933577208	0.25030609983077	0.997142000015413	0.25030609983077	0.996709197935616	NA	"prevalence"	46	10
"Enterobacter_asburiae.t__SGB10141"	"Probiotics"	"Yes"	"ProbioticsYes"	-0.653890449886865	0	3.24660097085722	0.840379791109994	0.997142000015413	0.840379791109994	0.996709197935616	NA	"prevalence"	46	10
"Enterobacter_asburiae.t__SGB10141"	"propionate"	"propionate"	"propionate"	1.60609615627449	0	1.37463288853945	0.242652761353278	0.997142000015413	0.242652761353278	0.996709197935616	NA	"prevalence"	46	10
"Enterobacter_asburiae.t__SGB10141"	"Read_depth"	"Read_depth"	"Read_depth"	-0.178489352240107	0	0.758939268665696	0.814066967735573	0.997142000015413	0.814066967735573	0.996709197935616	NA	"prevalence"	46	10
"Enterobacter_asburiae.t__SGB10141"	"Sex"	"Female"	"SexFemale"	-1.30339174670912	0	1.23119389959705	0.289763527064796	0.997142000015413	0.289763527064796	0.996709197935616	NA	"prevalence"	46	10
"Enterobacter_asburiae.t__SGB10141"	"Termness"	"preterm"	"Termnesspreterm"	-1.42324195784327	0	2.71519127341625	0.600155144104874	0.997142000015413	0.600155144104874	0.996709197935616	NA	"prevalence"	46	10
"Enterobacter_hormaechei.t__SGB10130"	"acetate"	"acetate"	"acetate"	0.0973938538571542	0	0.512016918285881	0.849139806904203	0.997142000015413	0.849139806904203	0.996709197935616	NA	"prevalence"	46	11
"Enterobacter_hormaechei.t__SGB10130"	"butyrate"	"butyrate"	"butyrate"	0.395131334376845	0	0.578392888261139	0.494509624472466	0.997142000015413	0.494509624472466	0.996709197935616	NA	"prevalence"	46	11
"Enterobacter_hormaechei.t__SGB10130"	"Delivery_mode"	"C-section"	"Delivery_modeC-section"	-0.883538780723771	0	1.34577455875245	0.511484409531391	0.997142000015413	0.511484409531391	0.996709197935616	NA	"prevalence"	46	11
"Enterobacter_hormaechei.t__SGB10130"	"Ethnicity"	"European"	"EthnicityEuropean"	-1.42922038264112	0	0.92524047409932	0.122418472889907	0.997142000015413	0.122418472889907	0.996709197935616	NA	"prevalence"	46	11
"Enterobacter_hormaechei.t__SGB10130"	"Feeding_method"	"Breastfed"	"Feeding_methodBreastfed"	-0.0453646553852069	0	0.966738787040791	0.9625726419819	0.997142000015413	0.9625726419819	0.996709197935616	NA	"prevalence"	46	11
"Enterobacter_hormaechei.t__SGB10130"	"isobutyrate"	"isobutyrate"	"isobutyrate"	0.202953751465906	0	0.623563180214993	0.744822176580795	0.997142000015413	0.744822176580795	0.996709197935616	NA	"prevalence"	46	11
"Enterobacter_hormaechei.t__SGB10130"	"Probiotics"	"Yes"	"ProbioticsYes"	-1.91476729431915	0	2.1717727502249	0.377960167216206	0.997142000015413	0.377960167216206	0.996709197935616	NA	"prevalence"	46	11
"Enterobacter_hormaechei.t__SGB10130"	"propionate"	"propionate"	"propionate"	0.437737107021833	0	1.03101484886095	0.671150779765332	0.997142000015413	0.671150779765332	0.996709197935616	NA	"prevalence"	46	11
"Enterobacter_hormaechei.t__SGB10130"	"Read_depth"	"Read_depth"	"Read_depth"	-0.109013064431539	0	0.479739443847605	0.820241869303752	0.997142000015413	0.820241869303752	0.996709197935616	NA	"prevalence"	46	11
"Enterobacter_hormaechei.t__SGB10130"	"Sex"	"Female"	"SexFemale"	0.462108956324727	0	1.06465342353283	0.664254767101528	0.997142000015413	0.664254767101528	0.996709197935616	NA	"prevalence"	46	11
"Enterobacter_hormaechei.t__SGB10130"	"Termness"	"preterm"	"Termnesspreterm"	2.18664555049932	0	1.93765793360474	0.259109127841211	0.997142000015413	0.259109127841211	0.996709197935616	NA	"prevalence"	46	11
"Enterococcus_faecalis.t__SGB7962"	"acetate"	"acetate"	"acetate"	0.0922597743741445	0	0.630709832747649	0.883700929390383	0.997142000015413	0.429554175987713	0.996709197935616	NA	"prevalence"	46	36
"Enterococcus_faecalis.t__SGB7962"	"Antibiotics"	"Yes"	"AntibioticsYes"	0.383821111855177	0	1.69021665434126	0.820358446795686	0.997142000015413	0.96205614974125	0.996709197935616	NA	"prevalence"	46	36
"Enterococcus_faecalis.t__SGB7962"	"butyrate"	"butyrate"	"butyrate"	-0.0569609951223844	0	0.614440194270217	0.926138807918372	0.997142000015413	0.788625366521638	0.996709197935616	NA	"prevalence"	46	36
"Enterococcus_faecalis.t__SGB7962"	"Delivery_mode"	"C-section"	"Delivery_modeC-section"	0.69923142174799	0	1.15651477434847	0.54544331877175	0.997142000015413	0.47907927998517	0.996709197935616	NA	"prevalence"	46	36
"Enterococcus_faecalis.t__SGB7962"	"Ethnicity"	"European"	"EthnicityEuropean"	-0.497253466891965	0	0.950755797289906	0.600968262404765	0.997142000015413	0.840773672391727	0.996709197935616	NA	"prevalence"	46	36
"Enterococcus_faecalis.t__SGB7962"	"Feeding_method"	"Breastfed"	"Feeding_methodBreastfed"	-1.10262006636899	0	1.02821552607336	0.283557115949477	0.997142000015413	0.486709593893369	0.996709197935616	NA	"prevalence"	46	36
"Enterococcus_faecalis.t__SGB7962"	"isobutyrate"	"isobutyrate"	"isobutyrate"	0.506148942980944	0	0.712202882880327	0.477282035418322	0.997142000015413	0.188717571231694	0.996709197935616	NA	"prevalence"	46	36
"Enterococcus_faecalis.t__SGB7962"	"Probiotics"	"Yes"	"ProbioticsYes"	-0.171069498701552	0	2.74743057467018	0.950351587586499	0.997142000015413	0.856703008267694	0.996709197935616	NA	"prevalence"	46	36
"Enterococcus_faecalis.t__SGB7962"	"propionate"	"propionate"	"propionate"	-1.13896879379328	0	1.14560758565234	0.320123072639553	0.997142000015413	0.537767363642917	0.996709197935616	NA	"prevalence"	46	36
"Enterococcus_faecalis.t__SGB7962"	"Read_depth"	"Read_depth"	"Read_depth"	0.661336810946869	0	0.58234866527143	0.256108430951664	0.997142000015413	0.341105051068537	0.996709197935616	NA	"prevalence"	46	36
"Enterococcus_faecalis.t__SGB7962"	"Sex"	"Female"	"SexFemale"	0.434802400695868	0	1.09554312291891	0.691453768208219	0.997142000015413	0.904799222847093	0.996709197935616	NA	"prevalence"	46	36
"Enterococcus_faecalis.t__SGB7962"	"Termness"	"preterm"	"Termnesspreterm"	1.84006859840747	0	2.38155416393701	0.439739295496078	0.997142000015413	0.468992172002748	0.996709197935616	NA	"prevalence"	46	36
"Escherichia_coli.t__SGB10068"	"acetate"	"acetate"	"acetate"	0.583611960801921	0	0.542576235842795	0.282092200697671	0.997142000015413	0.484608391700887	0.996709197935616	NA	"prevalence"	46	22
"Escherichia_coli.t__SGB10068"	"Antibiotics"	"Yes"	"AntibioticsYes"	-1.35632681904029	0	1.50698264344699	0.36810526379444	0.997142000015413	0.0630652143141609	0.996709197935616	NA	"prevalence"	46	22
"Escherichia_coli.t__SGB10068"	"butyrate"	"butyrate"	"butyrate"	-1.00096315735498	0	0.584471351604775	0.0867869342702767	0.997142000015413	0.09205254665784	0.996709197935616	NA	"prevalence"	46	22
"Escherichia_coli.t__SGB10068"	"Delivery_mode"	"C-section"	"Delivery_modeC-section"	-1.40725431160224	0	1.2461364661868	0.258773872722677	0.997142000015413	0.224226472596939	0.996709197935616	NA	"prevalence"	46	22
"Escherichia_coli.t__SGB10068"	"Ethnicity"	"European"	"EthnicityEuropean"	0.536908261779911	0	0.889018265185862	0.545887594091402	0.997142000015413	0.186730369790147	0.996709197935616	NA	"prevalence"	46	22
"Escherichia_coli.t__SGB10068"	"Feeding_method"	"Breastfed"	"Feeding_methodBreastfed"	0.0742922162632378	0	0.993501762372244	0.940391232953396	0.997142000015413	0.683757889434972	0.996709197935616	NA	"prevalence"	46	22
"Escherichia_coli.t__SGB10068"	"isobutyrate"	"isobutyrate"	"isobutyrate"	0.512018815164491	0	0.624251445958667	0.412094999145044	0.997142000015413	0.654367709969734	0.996709197935616	NA	"prevalence"	46	22
"Escherichia_coli.t__SGB10068"	"Probiotics"	"Yes"	"ProbioticsYes"	2.99521542024854	0	2.29267831289062	0.191407600968254	0.997142000015413	0.346178332228086	0.996709197935616	NA	"prevalence"	46	22
"Escherichia_coli.t__SGB10068"	"propionate"	"propionate"	"propionate"	-1.19343151018423	0	1.14442367713984	0.297030204913655	0.997142000015413	0.142979902404026	0.996709197935616	NA	"prevalence"	46	22
"Escherichia_coli.t__SGB10068"	"Read_depth"	"Read_depth"	"Read_depth"	0.0233183474798182	0	0.494269851177099	0.962371870281415	0.997142000015413	0.997717502533896	0.999363470373889	NA	"prevalence"	46	22
"Escherichia_coli.t__SGB10068"	"Sex"	"Female"	"SexFemale"	-0.374345791953678	0	0.993862733037343	0.706428195783924	0.997142000015413	0.913815595769318	0.996709197935616	NA	"prevalence"	46	22
"Escherichia_coli.t__SGB10068"	"Termness"	"preterm"	"Termnesspreterm"	0.421244727657348	0	1.84009153792392	0.818926460660522	0.997142000015413	0.145903508459553	0.996709197935616	NA	"prevalence"	46	22
"Finegoldia_magna.t__SGB6686_group"	"acetate"	"acetate"	"acetate"	-0.308177857401651	0	0.515352120367015	0.549843442586117	0.997142000015413	0.549843442586117	0.996709197935616	NA	"prevalence"	46	6
"Finegoldia_magna.t__SGB6686_group"	"Antibiotics"	"Yes"	"AntibioticsYes"	-1.36589397548432	0	1.55553618735054	0.379897249832511	0.997142000015413	0.379897249832511	0.996709197935616	NA	"prevalence"	46	6
"Finegoldia_magna.t__SGB6686_group"	"butyrate"	"butyrate"	"butyrate"	-0.22314072253418	0	0.66643561449566	0.737755495630138	0.997142000015413	0.737755495630138	0.996709197935616	NA	"prevalence"	46	6
"Finegoldia_magna.t__SGB6686_group"	"Delivery_mode"	"C-section"	"Delivery_modeC-section"	-0.51325642860702	0	1.45163327821328	0.723659895142451	0.997142000015413	0.723659895142451	0.996709197935616	NA	"prevalence"	46	6
"Finegoldia_magna.t__SGB6686_group"	"Ethnicity"	"European"	"EthnicityEuropean"	0.255365187508536	0	1.02550507683996	0.803349902011368	0.997142000015413	0.803349902011368	0.996709197935616	NA	"prevalence"	46	6
"Finegoldia_magna.t__SGB6686_group"	"Feeding_method"	"Breastfed"	"Feeding_methodBreastfed"	-0.9534335895879	0	1.10510756397963	0.388273920646294	0.997142000015413	0.388273920646294	0.996709197935616	NA	"prevalence"	46	6
"Finegoldia_magna.t__SGB6686_group"	"isobutyrate"	"isobutyrate"	"isobutyrate"	0.521555839460967	0	0.701369582793907	0.457103474925658	0.997142000015413	0.457103474925658	0.996709197935616	NA	"prevalence"	46	6
"Finegoldia_magna.t__SGB6686_group"	"Probiotics"	"Yes"	"ProbioticsYes"	0.346921407101358	0	2.33999311433715	0.882139595872124	0.997142000015413	0.882139595872124	0.996709197935616	NA	"prevalence"	46	6
"Finegoldia_magna.t__SGB6686_group"	"propionate"	"propionate"	"propionate"	-1.02285411112354	0	1.15996720718483	0.377887290089995	0.997142000015413	0.377887290089995	0.996709197935616	NA	"prevalence"	46	6
"Finegoldia_magna.t__SGB6686_group"	"Read_depth"	"Read_depth"	"Read_depth"	0.135193696683563	0	0.764895132853178	0.85970632376901	0.997142000015413	0.85970632376901	0.996709197935616	NA	"prevalence"	46	6
"Finegoldia_magna.t__SGB6686_group"	"Sex"	"Female"	"SexFemale"	-0.436744436966897	0	1.16740239282206	0.708317681824442	0.997142000015413	0.708317681824442	0.996709197935616	NA	"prevalence"	46	6
"Finegoldia_magna.t__SGB6686_group"	"Termness"	"preterm"	"Termnesspreterm"	1.76040535950159	0	2.01667400605287	0.382703903896318	0.997142000015413	0.382703903896318	0.996709197935616	NA	"prevalence"	46	6
"Haemophilus_haemolyticus.t__SGB9649"	"acetate"	"acetate"	"acetate"	-0.326018059438306	0	0.731695273173831	0.655911245599546	0.997142000015413	0.655911245599546	0.996709197935616	NA	"prevalence"	46	5
"Haemophilus_haemolyticus.t__SGB9649"	"Antibiotics"	"Yes"	"AntibioticsYes"	-0.256114346382951	0	1.91233468113868	0.893459845035272	0.997142000015413	0.893459845035272	0.996709197935616	NA	"prevalence"	46	5
"Haemophilus_haemolyticus.t__SGB9649"	"butyrate"	"butyrate"	"butyrate"	0.314486459346298	0	0.807110162695519	0.696799053422468	0.997142000015413	0.696799053422468	0.996709197935616	NA	"prevalence"	46	5
"Haemophilus_haemolyticus.t__SGB9649"	"Delivery_mode"	"C-section"	"Delivery_modeC-section"	-1.42564161243501	0	1.70302294156138	0.402522793557556	0.997142000015413	0.402522793557556	0.996709197935616	NA	"prevalence"	46	5
"Haemophilus_haemolyticus.t__SGB9649"	"Ethnicity"	"European"	"EthnicityEuropean"	-1.92155876670177	0	1.19852909421034	0.108876340974368	0.997142000015413	0.108876340974368	0.996709197935616	NA	"prevalence"	46	5
"Haemophilus_haemolyticus.t__SGB9649"	"Probiotics"	"Yes"	"ProbioticsYes"	0.231619666054307	0	3.13769849049785	0.9411549407134	0.997142000015413	0.9411549407134	0.996709197935616	NA	"prevalence"	46	5
"Haemophilus_haemolyticus.t__SGB9649"	"propionate"	"propionate"	"propionate"	-0.84637308410776	0	1.2705517749703	0.505317733659627	0.997142000015413	0.505317733659627	0.996709197935616	NA	"prevalence"	46	5
"Haemophilus_haemolyticus.t__SGB9649"	"Read_depth"	"Read_depth"	"Read_depth"	0.0996636532292191	0	0.578003677292448	0.863101557210465	0.997142000015413	0.863101557210465	0.996709197935616	NA	"prevalence"	46	5
"Haemophilus_haemolyticus.t__SGB9649"	"Sex"	"Female"	"SexFemale"	0.548795388507547	0	1.2956629207713	0.671884254141846	0.997142000015413	0.671884254141846	0.996709197935616	NA	"prevalence"	46	5
"Haemophilus_haemolyticus.t__SGB9649"	"Termness"	"preterm"	"Termnesspreterm"	-0.381631085241555	0	2.79036927084266	0.891214784202061	0.997142000015413	0.891214784202061	0.996709197935616	NA	"prevalence"	46	5
"Haemophilus_parainfluenzae.t__SGB9657"	"acetate"	"acetate"	"acetate"	0.180488147715226	0	0.656454453995602	0.78335933907124	0.997142000015413	0.78335933907124	0.996709197935616	NA	"prevalence"	46	6
"Haemophilus_parainfluenzae.t__SGB9657"	"Antibiotics"	"Yes"	"AntibioticsYes"	-1.93205116905747	0	1.84125109277603	0.294033469742153	0.997142000015413	0.294033469742153	0.996709197935616	NA	"prevalence"	46	6
"Haemophilus_parainfluenzae.t__SGB9657"	"butyrate"	"butyrate"	"butyrate"	-0.187535423834099	0	0.737090203504857	0.799165930306637	0.997142000015413	0.799165930306637	0.996709197935616	NA	"prevalence"	46	6
"Haemophilus_parainfluenzae.t__SGB9657"	"Delivery_mode"	"C-section"	"Delivery_modeC-section"	0.307822001749782	0	1.48432403949565	0.835711584313401	0.997142000015413	0.835711584313401	0.996709197935616	NA	"prevalence"	46	6
"Haemophilus_parainfluenzae.t__SGB9657"	"Ethnicity"	"European"	"EthnicityEuropean"	-0.125279600778434	0	1.0338034767703	0.903545940236849	0.997142000015413	0.903545940236849	0.996709197935616	NA	"prevalence"	46	6
"Haemophilus_parainfluenzae.t__SGB9657"	"Feeding_method"	"Breastfed"	"Feeding_methodBreastfed"	-1.22483791132706	0	1.15619450429452	0.289431251913413	0.997142000015413	0.289431251913413	0.996709197935616	NA	"prevalence"	46	6
"Haemophilus_parainfluenzae.t__SGB9657"	"isobutyrate"	"isobutyrate"	"isobutyrate"	0.542845799828558	0	0.847684106511861	0.521921095296283	0.997142000015413	0.521921095296283	0.996709197935616	NA	"prevalence"	46	6
"Haemophilus_parainfluenzae.t__SGB9657"	"Probiotics"	"Yes"	"ProbioticsYes"	1.55235252649038	0	2.96813562983875	0.600970128694363	0.997142000015413	0.600970128694363	0.996709197935616	NA	"prevalence"	46	6
"Haemophilus_parainfluenzae.t__SGB9657"	"propionate"	"propionate"	"propionate"	-0.724849483380566	0	1.34664918588571	0.590396489746601	0.997142000015413	0.590396489746601	0.996709197935616	NA	"prevalence"	46	6
"Haemophilus_parainfluenzae.t__SGB9657"	"Read_depth"	"Read_depth"	"Read_depth"	0.984172645096103	0	1.05908265142799	0.352749711816413	0.997142000015413	0.352749711816413	0.996709197935616	NA	"prevalence"	46	6
"Haemophilus_parainfluenzae.t__SGB9657"	"Sex"	"Female"	"SexFemale"	-0.105546908415701	0	1.1658090398907	0.927861818391526	0.997142000015413	0.927861818391526	0.996709197935616	NA	"prevalence"	46	6
"Haemophilus_parainfluenzae.t__SGB9663_group"	"acetate"	"acetate"	"acetate"	-0.311601848990322	0	0.72479951450054	0.667257809143278	0.997142000015413	0.667257809143278	0.996709197935616	NA	"prevalence"	46	17
"Haemophilus_parainfluenzae.t__SGB9663_group"	"Antibiotics"	"Yes"	"AntibioticsYes"	0.502757252148549	0	1.99697810578836	0.801227333999295	0.997142000015413	0.801227333999295	0.996709197935616	NA	"prevalence"	46	17
"Haemophilus_parainfluenzae.t__SGB9663_group"	"butyrate"	"butyrate"	"butyrate"	0.414547172760144	0	0.63970449115074	0.516966081438195	0.997142000015413	0.516966081438195	0.996709197935616	NA	"prevalence"	46	17
"Haemophilus_parainfluenzae.t__SGB9663_group"	"Delivery_mode"	"C-section"	"Delivery_modeC-section"	0.256354815217886	0	1.18727403882992	0.829051023102247	0.997142000015413	0.829051023102247	0.996709197935616	NA	"prevalence"	46	17
"Haemophilus_parainfluenzae.t__SGB9663_group"	"Ethnicity"	"European"	"EthnicityEuropean"	1.08004959369376	0	0.997193638870372	0.278768862000315	0.997142000015413	0.278768862000315	0.996709197935616	NA	"prevalence"	46	17
"Haemophilus_parainfluenzae.t__SGB9663_group"	"Feeding_method"	"Breastfed"	"Feeding_methodBreastfed"	1.76861436548732	0	1.11329818826492	0.112144871322106	0.997142000015413	0.112144871322106	0.996709197935616	NA	"prevalence"	46	17
"Haemophilus_parainfluenzae.t__SGB9663_group"	"isobutyrate"	"isobutyrate"	"isobutyrate"	-0.347254449214081	0	0.738224872199113	0.638075583349692	0.997142000015413	0.638075583349692	0.996709197935616	NA	"prevalence"	46	17
"Haemophilus_parainfluenzae.t__SGB9663_group"	"Probiotics"	"Yes"	"ProbioticsYes"	0.788377844316225	0	3.03382249175745	0.794969546763646	0.997142000015413	0.794969546763646	0.996709197935616	NA	"prevalence"	46	17
"Haemophilus_parainfluenzae.t__SGB9663_group"	"propionate"	"propionate"	"propionate"	0.532657168149128	0	1.09002561901407	0.625079017180513	0.997142000015413	0.625079017180513	0.996709197935616	NA	"prevalence"	46	17
"Haemophilus_parainfluenzae.t__SGB9663_group"	"Read_depth"	"Read_depth"	"Read_depth"	0.0941834543786227	0	0.459684761765163	0.837660373857518	0.997142000015413	0.837660373857518	0.996709197935616	NA	"prevalence"	46	17
"Haemophilus_parainfluenzae.t__SGB9663_group"	"Sex"	"Female"	"SexFemale"	-0.267047992610476	0	1.17455676893847	0.820143314379124	0.997142000015413	0.820143314379124	0.996709197935616	NA	"prevalence"	46	17
"Haemophilus_parainfluenzae.t__SGB9663_group"	"Termness"	"preterm"	"Termnesspreterm"	-3.6676332312253	0	2.86161275109834	0.199959657415324	0.997142000015413	0.199959657415324	0.996709197935616	NA	"prevalence"	46	17
"Klebsiella_grimontii.t__SGB10120"	"acetate"	"acetate"	"acetate"	-0.293799860689967	0	0.741638274882511	0.691994515586688	0.997142000015413	0.691994515586688	0.996709197935616	NA	"prevalence"	46	8
"Klebsiella_grimontii.t__SGB10120"	"Antibiotics"	"Yes"	"AntibioticsYes"	2.75010058523336	0	1.87752755758485	0.142990287010793	0.997142000015413	0.142990287010793	0.996709197935616	NA	"prevalence"	46	8
"Klebsiella_grimontii.t__SGB10120"	"butyrate"	"butyrate"	"butyrate"	-0.554206720001844	0	0.709547501097582	0.434760949535233	0.997142000015413	0.434760949535233	0.996709197935616	NA	"prevalence"	46	8
"Klebsiella_grimontii.t__SGB10120"	"Delivery_mode"	"C-section"	"Delivery_modeC-section"	0.110987033749548	0	1.6137933000193	0.945169507489974	0.997142000015413	0.945169507489974	0.996709197935616	NA	"prevalence"	46	8
"Klebsiella_grimontii.t__SGB10120"	"Ethnicity"	"European"	"EthnicityEuropean"	-0.837561155168606	0	1.2344869745895	0.497474366637706	0.997142000015413	0.497474366637706	0.996709197935616	NA	"prevalence"	46	8
"Klebsiella_grimontii.t__SGB10120"	"Feeding_method"	"Breastfed"	"Feeding_methodBreastfed"	-1.63241661132099	0	1.24466366098568	0.189677983851031	0.997142000015413	0.189677983851031	0.996709197935616	NA	"prevalence"	46	8
"Klebsiella_grimontii.t__SGB10120"	"isobutyrate"	"isobutyrate"	"isobutyrate"	-0.562438261345691	0	0.828904692876602	0.497434516166938	0.997142000015413	0.497434516166938	0.996709197935616	NA	"prevalence"	46	8
"Klebsiella_grimontii.t__SGB10120"	"Probiotics"	"Yes"	"ProbioticsYes"	-2.34710754635453	0	3.11890810019365	0.451725527787995	0.997142000015413	0.451725527787995	0.996709197935616	NA	"prevalence"	46	8
"Klebsiella_grimontii.t__SGB10120"	"propionate"	"propionate"	"propionate"	1.27492852676423	0	1.3267706112137	0.33658931976096	0.997142000015413	0.33658931976096	0.996709197935616	NA	"prevalence"	46	8
"Klebsiella_grimontii.t__SGB10120"	"Read_depth"	"Read_depth"	"Read_depth"	-0.500805570156734	0	0.544258637808605	0.357488633447959	0.997142000015413	0.357488633447959	0.996709197935616	NA	"prevalence"	46	8
"Klebsiella_grimontii.t__SGB10120"	"Sex"	"Female"	"SexFemale"	0.110763158738311	0	1.29983690174923	0.932091959749639	0.997142000015413	0.932091959749639	0.996709197935616	NA	"prevalence"	46	8
"Klebsiella_grimontii.t__SGB10120"	"Termness"	"preterm"	"Termnesspreterm"	-0.609477650181801	0	2.6084809816412	0.815254901172779	0.997142000015413	0.815254901172779	0.996709197935616	NA	"prevalence"	46	8
"Klebsiella_michiganensis.t__SGB10119"	"acetate"	"acetate"	"acetate"	0.228600775600768	0	0.726653319851849	0.753069934189227	0.997142000015413	0.753069934189227	0.996709197935616	NA	"prevalence"	46	13
"Klebsiella_michiganensis.t__SGB10119"	"Antibiotics"	"Yes"	"AntibioticsYes"	3.66473482254362	0	1.9635960894877	0.0619940327820391	0.997142000015413	0.0619940327820391	0.996709197935616	NA	"prevalence"	46	13
"Klebsiella_michiganensis.t__SGB10119"	"butyrate"	"butyrate"	"butyrate"	-0.561403926958517	0	0.744012395057593	0.450511471497204	0.997142000015413	0.450511471497204	0.996709197935616	NA	"prevalence"	46	13
"Klebsiella_michiganensis.t__SGB10119"	"Delivery_mode"	"C-section"	"Delivery_modeC-section"	0.403150533772265	0	1.62424981505284	0.803974079129297	0.997142000015413	0.803974079129297	0.996709197935616	NA	"prevalence"	46	13
"Klebsiella_michiganensis.t__SGB10119"	"Ethnicity"	"European"	"EthnicityEuropean"	-1.18552640385859	0	1.17442199665253	0.312756371692118	0.997142000015413	0.312756371692118	0.996709197935616	NA	"prevalence"	46	13
"Klebsiella_michiganensis.t__SGB10119"	"Feeding_method"	"Breastfed"	"Feeding_methodBreastfed"	-1.77113397298908	0	1.24586955546172	0.155141049540043	0.997142000015413	0.155141049540043	0.996709197935616	NA	"prevalence"	46	13
"Klebsiella_michiganensis.t__SGB10119"	"isobutyrate"	"isobutyrate"	"isobutyrate"	-0.934246815139181	0	0.885656704188931	0.291487817394319	0.997142000015413	0.291487817394319	0.996709197935616	NA	"prevalence"	46	13
"Klebsiella_michiganensis.t__SGB10119"	"Probiotics"	"Yes"	"ProbioticsYes"	-6.63868170695443	0	3.21903592987287	0.0391772940845744	0.997142000015413	0.0391772940845744	0.996709197935616	NA	"prevalence"	46	13
"Klebsiella_michiganensis.t__SGB10119"	"propionate"	"propionate"	"propionate"	1.87020870199784	0	1.46435035035601	0.201546004598922	0.997142000015413	0.201546004598922	0.996709197935616	NA	"prevalence"	46	13
"Klebsiella_michiganensis.t__SGB10119"	"Read_depth"	"Read_depth"	"Read_depth"	-0.21578857157828	0	0.598748311854623	0.718548426255764	0.997142000015413	0.718548426255764	0.996709197935616	NA	"prevalence"	46	13
"Klebsiella_michiganensis.t__SGB10119"	"Sex"	"Female"	"SexFemale"	0.823495105056502	0	1.27816281102184	0.519393695102984	0.997142000015413	0.519393695102984	0.996709197935616	NA	"prevalence"	46	13
"Klebsiella_michiganensis.t__SGB10119"	"Termness"	"preterm"	"Termnesspreterm"	2.0502500989007	0	2.51401206965453	0.414769492112493	0.997142000015413	0.414769492112493	0.996709197935616	NA	"prevalence"	46	13
"Klebsiella_pneumoniae.t__SGB10115"	"acetate"	"acetate"	"acetate"	-0.456933670635063	0	0.592839052252374	0.440852157887363	0.997142000015413	0.687353690660782	0.996709197935616	NA	"prevalence"	46	22
"Klebsiella_pneumoniae.t__SGB10115"	"Antibiotics"	"Yes"	"AntibioticsYes"	2.04707003786831	0	1.50306168901782	0.173218878844256	0.997142000015413	0.31643297770045	0.996709197935616	NA	"prevalence"	46	22
"Klebsiella_pneumoniae.t__SGB10115"	"butyrate"	"butyrate"	"butyrate"	0.720827266116458	0	0.675753832895179	0.286106890926698	0.997142000015413	0.490356628817654	0.996709197935616	NA	"prevalence"	46	22
"Klebsiella_pneumoniae.t__SGB10115"	"Delivery_mode"	"C-section"	"Delivery_modeC-section"	0.338437910306241	0	1.48326439608027	0.819513310818379	0.997142000015413	0.861203913615764	0.996709197935616	NA	"prevalence"	46	22
"Klebsiella_pneumoniae.t__SGB10115"	"Ethnicity"	"European"	"EthnicityEuropean"	-0.61821880144143	0	1.05796820471598	0.558987986461847	0.997142000015413	0.560306897603486	0.996709197935616	NA	"prevalence"	46	22
"Klebsiella_pneumoniae.t__SGB10115"	"Feeding_method"	"Breastfed"	"Feeding_methodBreastfed"	0.236416529457986	0	0.941913087079412	0.801817109619987	0.997142000015413	0.604956789410902	0.996709197935616	NA	"prevalence"	46	22
"Klebsiella_pneumoniae.t__SGB10115"	"isobutyrate"	"isobutyrate"	"isobutyrate"	-1.62642363649914	0	0.804031265432048	0.0430900269562586	0.997142000015413	0.0843233034894262	0.996709197935616	NA	"prevalence"	46	22
"Klebsiella_pneumoniae.t__SGB10115"	"Probiotics"	"Yes"	"ProbioticsYes"	-5.4058565721681	0	2.82403559052232	0.055590641889012	0.997142000015413	0.108090964312392	0.996709197935616	NA	"prevalence"	46	22
"Klebsiella_pneumoniae.t__SGB10115"	"propionate"	"propionate"	"propionate"	2.84036696569326	0	1.29414933610625	0.0281797218888137	0.997142000015413	0.0555653470518965	0.996709197935616	NA	"prevalence"	46	22
"Klebsiella_pneumoniae.t__SGB10115"	"Read_depth"	"Read_depth"	"Read_depth"	0.863514657845498	0	0.952488612599683	0.364624759023177	0.997142000015413	0.375345287376108	0.996709197935616	NA	"prevalence"	46	22
"Klebsiella_pneumoniae.t__SGB10115"	"Sex"	"Female"	"SexFemale"	1.41796527376353	0	1.08766932997342	0.192345056587882	0.997142000015413	0.347693492381969	0.996709197935616	NA	"prevalence"	46	22
"Klebsiella_pneumoniae.t__SGB10115"	"Termness"	"preterm"	"Termnesspreterm"	4.11890465665208	0	2.44843746643215	0.0925187312532342	0.997142000015413	0.17647774687376	0.996709197935616	NA	"prevalence"	46	22
"Klebsiella_variicola.t__SGB10114"	"acetate"	"acetate"	"acetate"	-0.687648547021693	0	0.60291391616353	0.254060632049678	0.997142000015413	0.254060632049678	0.996709197935616	NA	"prevalence"	46	11
"Klebsiella_variicola.t__SGB10114"	"Antibiotics"	"Yes"	"AntibioticsYes"	0.650934277179584	0	1.59927759532559	0.683994993452699	0.997142000015413	0.683994993452699	0.996709197935616	NA	"prevalence"	46	11
"Klebsiella_variicola.t__SGB10114"	"butyrate"	"butyrate"	"butyrate"	-0.626689294096398	0	0.64968141042502	0.334740104885576	0.997142000015413	0.334740104885576	0.996709197935616	NA	"prevalence"	46	11
"Klebsiella_variicola.t__SGB10114"	"Delivery_mode"	"C-section"	"Delivery_modeC-section"	2.5012714278734	0	1.57262363971744	0.111720208045259	0.997142000015413	0.111720208045259	0.996709197935616	NA	"prevalence"	46	11
"Klebsiella_variicola.t__SGB10114"	"Ethnicity"	"European"	"EthnicityEuropean"	0.615250656870505	0	1.13846135764713	0.588905377228528	0.997142000015413	0.588905377228528	0.996709197935616	NA	"prevalence"	46	11
"Klebsiella_variicola.t__SGB10114"	"Feeding_method"	"Breastfed"	"Feeding_methodBreastfed"	0.490006718067961	0	1.12206173183501	0.662327403852935	0.997142000015413	0.662327403852935	0.996709197935616	NA	"prevalence"	46	11
"Klebsiella_variicola.t__SGB10114"	"isobutyrate"	"isobutyrate"	"isobutyrate"	-0.191315238667988	0	0.731783755798469	0.793755644081482	0.997142000015413	0.793755644081482	0.996709197935616	NA	"prevalence"	46	11
"Klebsiella_variicola.t__SGB10114"	"Probiotics"	"Yes"	"ProbioticsYes"	-2.87718750637829	0	2.84227145376811	0.311402015350922	0.997142000015413	0.311402015350922	0.996709197935616	NA	"prevalence"	46	11
"Klebsiella_variicola.t__SGB10114"	"propionate"	"propionate"	"propionate"	1.35959653631609	0	1.28563451998848	0.290269961225496	0.997142000015413	0.290269961225496	0.996709197935616	NA	"prevalence"	46	11
"Klebsiella_variicola.t__SGB10114"	"Read_depth"	"Read_depth"	"Read_depth"	-0.107198687099264	0	0.485713753188191	0.825323367342034	0.997142000015413	0.825323367342034	0.996709197935616	NA	"prevalence"	46	11
"Klebsiella_variicola.t__SGB10114"	"Sex"	"Female"	"SexFemale"	-0.38562865819751	0	1.28745530005952	0.764537361065222	0.997142000015413	0.764537361065222	0.996709197935616	NA	"prevalence"	46	11
"Klebsiella_variicola.t__SGB10114"	"Termness"	"preterm"	"Termnesspreterm"	1.83397833864635	0	2.50762004796711	0.464557990358818	0.997142000015413	0.464557990358818	0.996709197935616	NA	"prevalence"	46	11
"Lacticaseibacillus_rhamnosus.t__SGB7144"	"acetate"	"acetate"	"acetate"	-0.437215996203037	0	0.568980307549057	0.442237547301708	0.997142000015413	0.442237547301708	0.996709197935616	NA	"prevalence"	46	8
"Lacticaseibacillus_rhamnosus.t__SGB7144"	"Antibiotics"	"Yes"	"AntibioticsYes"	-0.330190702847048	0	1.52827241743248	0.828944975139343	0.997142000015413	0.828944975139343	0.996709197935616	NA	"prevalence"	46	8
"Lacticaseibacillus_rhamnosus.t__SGB7144"	"butyrate"	"butyrate"	"butyrate"	-0.191547506447751	0	0.641387113929319	0.765210388850158	0.997142000015413	0.765210388850158	0.996709197935616	NA	"prevalence"	46	8
"Lacticaseibacillus_rhamnosus.t__SGB7144"	"Delivery_mode"	"C-section"	"Delivery_modeC-section"	1.3506629125491	0	1.38800312331588	0.330504651934888	0.997142000015413	0.330504651934888	0.996709197935616	NA	"prevalence"	46	8
"Lacticaseibacillus_rhamnosus.t__SGB7144"	"Ethnicity"	"European"	"EthnicityEuropean"	-0.658650097945638	0	1.02147993100513	0.519056904452578	0.997142000015413	0.519056904452578	0.996709197935616	NA	"prevalence"	46	8
"Lacticaseibacillus_rhamnosus.t__SGB7144"	"Feeding_method"	"Breastfed"	"Feeding_methodBreastfed"	0.952046452349152	0	1.12655881317325	0.398059171423874	0.997142000015413	0.398059171423874	0.996709197935616	NA	"prevalence"	46	8
"Lacticaseibacillus_rhamnosus.t__SGB7144"	"isobutyrate"	"isobutyrate"	"isobutyrate"	-0.0883559961223316	0	0.684814209412497	0.897340359626825	0.997142000015413	0.897340359626825	0.996709197935616	NA	"prevalence"	46	8
"Lacticaseibacillus_rhamnosus.t__SGB7144"	"Probiotics"	"Yes"	"ProbioticsYes"	2.49555238515382	0	2.80516780416219	0.373666324658286	0.997142000015413	0.373666324658286	0.996709197935616	NA	"prevalence"	46	8
"Lacticaseibacillus_rhamnosus.t__SGB7144"	"propionate"	"propionate"	"propionate"	0.495818107404738	0	1.11682481621109	0.65707631895841	0.997142000015413	0.65707631895841	0.996709197935616	NA	"prevalence"	46	8
"Lacticaseibacillus_rhamnosus.t__SGB7144"	"Read_depth"	"Read_depth"	"Read_depth"	0.170880812683482	0	0.666512272653877	0.797656970595707	0.997142000015413	0.797656970595707	0.996709197935616	NA	"prevalence"	46	8
"Lacticaseibacillus_rhamnosus.t__SGB7144"	"Sex"	"Female"	"SexFemale"	-0.648381405355032	0	1.22867712476818	0.597702778480112	0.997142000015413	0.597702778480112	0.996709197935616	NA	"prevalence"	46	8
"Lacticaseibacillus_rhamnosus.t__SGB7144"	"Termness"	"preterm"	"Termnesspreterm"	-2.17746984749239	0	2.44028105029973	0.372230602597918	0.997142000015413	0.372230602597918	0.996709197935616	NA	"prevalence"	46	8
"Lactobacillus_acidophilus.t__SGB7044"	"acetate"	"acetate"	"acetate"	0.517084851088123	0	0.633898393632736	0.414659166320312	0.997142000015413	0.414659166320312	0.996709197935616	NA	"prevalence"	46	10
"Lactobacillus_acidophilus.t__SGB7044"	"Antibiotics"	"Yes"	"AntibioticsYes"	-1.4324838953275	0	1.58024457834237	0.364673881281465	0.997142000015413	0.364673881281465	0.996709197935616	NA	"prevalence"	46	10
"Lactobacillus_acidophilus.t__SGB7044"	"butyrate"	"butyrate"	"butyrate"	0.0344073033672735	0	0.695045261267971	0.960517898656114	0.997142000015413	0.960517898656114	0.996709197935616	NA	"prevalence"	46	10
"Lactobacillus_acidophilus.t__SGB7044"	"Delivery_mode"	"C-section"	"Delivery_modeC-section"	-0.464623312558835	0	1.69774405545271	0.784337466229398	0.997142000015413	0.784337466229398	0.996709197935616	NA	"prevalence"	46	10
"Lactobacillus_acidophilus.t__SGB7044"	"Ethnicity"	"European"	"EthnicityEuropean"	-1.75011653729341	0	1.16458615006158	0.132895837552509	0.997142000015413	0.132895837552509	0.996709197935616	NA	"prevalence"	46	10
"Lactobacillus_acidophilus.t__SGB7044"	"Feeding_method"	"Breastfed"	"Feeding_methodBreastfed"	-0.24404653777703	0	1.17855797732957	0.835953509455513	0.997142000015413	0.835953509455513	0.996709197935616	NA	"prevalence"	46	10
"Lactobacillus_acidophilus.t__SGB7044"	"isobutyrate"	"isobutyrate"	"isobutyrate"	0.636413555786813	0	0.711585269050485	0.371129190727922	0.997142000015413	0.371129190727922	0.996709197935616	NA	"prevalence"	46	10
"Lactobacillus_acidophilus.t__SGB7044"	"Probiotics"	"Yes"	"ProbioticsYes"	3.16642426203575	0	2.93025073678961	0.279875793926898	0.997142000015413	0.279875793926898	0.996709197935616	NA	"prevalence"	46	10
"Lactobacillus_acidophilus.t__SGB7044"	"propionate"	"propionate"	"propionate"	-0.566152277112652	0	1.08231150618717	0.60090779777425	0.997142000015413	0.60090779777425	0.996709197935616	NA	"prevalence"	46	10
"Lactobacillus_acidophilus.t__SGB7044"	"Read_depth"	"Read_depth"	"Read_depth"	-0.409166301903281	0	0.555256695043112	0.461185745298564	0.997142000015413	0.461185745298564	0.996709197935616	NA	"prevalence"	46	10
"Lactobacillus_acidophilus.t__SGB7044"	"Sex"	"Female"	"SexFemale"	-0.862220668588591	0	1.40803071424257	0.540300079460555	0.997142000015413	0.540300079460555	0.996709197935616	NA	"prevalence"	46	10
"Lactobacillus_acidophilus.t__SGB7044"	"Termness"	"preterm"	"Termnesspreterm"	-0.460647624454216	0	2.91039499639743	0.874238792119337	0.997142000015413	0.874238792119337	0.996709197935616	NA	"prevalence"	46	10
"Raoultella_ornithinolytica.t__SGB10124"	"acetate"	"acetate"	"acetate"	-0.293799860689967	0	0.741638274882511	0.691994515586688	0.997142000015413	0.691994515586688	0.996709197935616	NA	"prevalence"	46	7
"Raoultella_ornithinolytica.t__SGB10124"	"Antibiotics"	"Yes"	"AntibioticsYes"	2.75010058523336	0	1.87752755758485	0.142990287010793	0.997142000015413	0.142990287010793	0.996709197935616	NA	"prevalence"	46	7
"Raoultella_ornithinolytica.t__SGB10124"	"butyrate"	"butyrate"	"butyrate"	-0.554206720001844	0	0.709547501097582	0.434760949535233	0.997142000015413	0.434760949535233	0.996709197935616	NA	"prevalence"	46	7
"Raoultella_ornithinolytica.t__SGB10124"	"Delivery_mode"	"C-section"	"Delivery_modeC-section"	0.110987033749548	0	1.6137933000193	0.945169507489974	0.997142000015413	0.945169507489974	0.996709197935616	NA	"prevalence"	46	7
"Raoultella_ornithinolytica.t__SGB10124"	"Ethnicity"	"European"	"EthnicityEuropean"	-0.837561155168606	0	1.2344869745895	0.497474366637706	0.997142000015413	0.497474366637706	0.996709197935616	NA	"prevalence"	46	7
"Raoultella_ornithinolytica.t__SGB10124"	"Feeding_method"	"Breastfed"	"Feeding_methodBreastfed"	-1.63241661132099	0	1.24466366098568	0.189677983851031	0.997142000015413	0.189677983851031	0.996709197935616	NA	"prevalence"	46	7
"Raoultella_ornithinolytica.t__SGB10124"	"isobutyrate"	"isobutyrate"	"isobutyrate"	-0.562438261345691	0	0.828904692876602	0.497434516166938	0.997142000015413	0.497434516166938	0.996709197935616	NA	"prevalence"	46	7
"Raoultella_ornithinolytica.t__SGB10124"	"Probiotics"	"Yes"	"ProbioticsYes"	-2.34710754635453	0	3.11890810019365	0.451725527787995	0.997142000015413	0.451725527787995	0.996709197935616	NA	"prevalence"	46	7
"Raoultella_ornithinolytica.t__SGB10124"	"propionate"	"propionate"	"propionate"	1.27492852676423	0	1.3267706112137	0.33658931976096	0.997142000015413	0.33658931976096	0.996709197935616	NA	"prevalence"	46	7
"Raoultella_ornithinolytica.t__SGB10124"	"Read_depth"	"Read_depth"	"Read_depth"	-0.500805570156734	0	0.544258637808605	0.357488633447959	0.997142000015413	0.357488633447959	0.996709197935616	NA	"prevalence"	46	7
"Raoultella_ornithinolytica.t__SGB10124"	"Sex"	"Female"	"SexFemale"	0.110763158738311	0	1.29983690174923	0.932091959749639	0.997142000015413	0.932091959749639	0.996709197935616	NA	"prevalence"	46	7
"Raoultella_ornithinolytica.t__SGB10124"	"Termness"	"preterm"	"Termnesspreterm"	-0.609477650181801	0	2.6084809816412	0.815254901172779	0.997142000015413	0.815254901172779	0.996709197935616	NA	"prevalence"	46	7
"Scardovia_wiggsiae.t__SGB15494"	"acetate"	"acetate"	"acetate"	-0.0342847066753607	0	0.705363186958468	0.96123348760156	0.997142000015413	0.96123348760156	0.996709197935616	NA	"prevalence"	46	5
"Scardovia_wiggsiae.t__SGB15494"	"Antibiotics"	"Yes"	"AntibioticsYes"	-0.262152239034694	0	1.93130869163991	0.892028299696754	0.997142000015413	0.892028299696754	0.996709197935616	NA	"prevalence"	46	5
"Scardovia_wiggsiae.t__SGB15494"	"butyrate"	"butyrate"	"butyrate"	-0.335534814094436	0	0.662230586003533	0.612383794578684	0.997142000015413	0.612383794578684	0.996709197935616	NA	"prevalence"	46	5
"Scardovia_wiggsiae.t__SGB15494"	"Delivery_mode"	"C-section"	"Delivery_modeC-section"	-0.303151371093813	0	1.25706658055558	0.80943284107928	0.997142000015413	0.80943284107928	0.996709197935616	NA	"prevalence"	46	5
"Scardovia_wiggsiae.t__SGB15494"	"Ethnicity"	"European"	"EthnicityEuropean"	-1.00916145374127	0	1.08245206973084	0.351185617706157	0.997142000015413	0.351185617706157	0.996709197935616	NA	"prevalence"	46	5
"Scardovia_wiggsiae.t__SGB15494"	"Feeding_method"	"Breastfed"	"Feeding_methodBreastfed"	0.490367515517367	0	1.10359398682902	0.656799036790898	0.997142000015413	0.656799036790898	0.996709197935616	NA	"prevalence"	46	5
"Scardovia_wiggsiae.t__SGB15494"	"isobutyrate"	"isobutyrate"	"isobutyrate"	0.17673525257233	0	0.797519983826088	0.824620573194702	0.997142000015413	0.824620573194702	0.996709197935616	NA	"prevalence"	46	5
"Scardovia_wiggsiae.t__SGB15494"	"Probiotics"	"Yes"	"ProbioticsYes"	0.632546807276144	0	2.97853783306258	0.831819769348385	0.997142000015413	0.831819769348385	0.996709197935616	NA	"prevalence"	46	5
"Scardovia_wiggsiae.t__SGB15494"	"Read_depth"	"Read_depth"	"Read_depth"	0.133214030260673	0	0.66261008226027	0.840663875664126	0.997142000015413	0.840663875664126	0.996709197935616	NA	"prevalence"	46	5
"Scardovia_wiggsiae.t__SGB15494"	"Sex"	"Female"	"SexFemale"	-0.474195148711474	0	1.23343248936492	0.700643729327234	0.997142000015413	0.700643729327234	0.996709197935616	NA	"prevalence"	46	5
"Scardovia_wiggsiae.t__SGB15494"	"Termness"	"preterm"	"Termnesspreterm"	-1.87125166325835	0	2.54182255546859	0.461618113508399	0.997142000015413	0.461618113508399	0.996709197935616	NA	"prevalence"	46	5
"Staphylococcus_aureus.t__SGB7852"	"acetate"	"acetate"	"acetate"	-0.275915751108735	0	0.518353725306713	0.59452349166522	0.997142000015413	0.835588801188635	0.996709197935616	NA	"prevalence"	46	30
"Staphylococcus_aureus.t__SGB7852"	"Antibiotics"	"Yes"	"AntibioticsYes"	1.75177796815682	0	1.34635957046642	0.193216721042837	0.997142000015413	0.349100740795129	0.996709197935616	NA	"prevalence"	46	30
"Staphylococcus_aureus.t__SGB7852"	"butyrate"	"butyrate"	"butyrate"	0.118736565982521	0	0.525904209793317	0.821375619049756	0.997142000015413	0.968093330530142	0.996709197935616	NA	"prevalence"	46	30
"Staphylococcus_aureus.t__SGB7852"	"Delivery_mode"	"C-section"	"Delivery_modeC-section"	1.61244234693454	0	1.14843866011597	0.160309912464197	0.997142000015413	0.294920556894116	0.996709197935616	NA	"prevalence"	46	30
"Staphylococcus_aureus.t__SGB7852"	"Ethnicity"	"European"	"EthnicityEuropean"	-0.27834451586678	0	0.832902240342203	0.738238983225157	0.997142000015413	0.579366377129364	0.996709197935616	NA	"prevalence"	46	30
"Staphylococcus_aureus.t__SGB7852"	"Feeding_method"	"Breastfed"	"Feeding_methodBreastfed"	1.22468372647889	0	0.91827408770612	0.182308773077786	0.997142000015413	0.331381057414444	0.996709197935616	NA	"prevalence"	46	30
"Staphylococcus_aureus.t__SGB7852"	"isobutyrate"	"isobutyrate"	"isobutyrate"	-0.284348658462916	0	0.586020883578392	0.627520774146387	0.997142000015413	0.721627348011763	0.996709197935616	NA	"prevalence"	46	30
"Staphylococcus_aureus.t__SGB7852"	"Probiotics"	"Yes"	"ProbioticsYes"	-2.13442823492777	0	2.57620168999206	0.407377477125858	0.997142000015413	0.648798545382287	0.996709197935616	NA	"prevalence"	46	30
"Staphylococcus_aureus.t__SGB7852"	"propionate"	"propionate"	"propionate"	0.655164078461527	0	0.915858962631808	0.474389852663018	0.997142000015413	0.723733973016396	0.996709197935616	NA	"prevalence"	46	30
"Staphylococcus_aureus.t__SGB7852"	"Read_depth"	"Read_depth"	"Read_depth"	0.0486916006045656	0	0.415988527345228	0.906820158173473	0.997142000015413	0.991317517077184	0.999363470373889	NA	"prevalence"	46	30
"Staphylococcus_aureus.t__SGB7852"	"Termness"	"preterm"	"Termnesspreterm"	0.544647023074759	0	2.3657092851814	0.817916409907659	0.997142000015413	0.808461215653629	0.996709197935616	NA	"prevalence"	46	30
"Staphylococcus_epidermidis.t__SGB7865"	"acetate"	"acetate"	"acetate"	-0.376076001753125	0	0.726761425475233	0.604829289900277	0.997142000015413	0.755638294941032	0.996709197935616	NA	"prevalence"	46	38
"Staphylococcus_epidermidis.t__SGB7865"	"Antibiotics"	"Yes"	"AntibioticsYes"	-2.99896762780321	0	2.02410807203913	0.138440299744821	0.997142000015413	0.257714882896206	0.996709197935616	NA	"prevalence"	46	38
"Staphylococcus_epidermidis.t__SGB7865"	"butyrate"	"butyrate"	"butyrate"	-0.306942002580039	0	0.702433263016191	0.662133373687103	0.997142000015413	0.703038155244705	0.996709197935616	NA	"prevalence"	46	38
"Staphylococcus_epidermidis.t__SGB7865"	"Delivery_mode"	"C-section"	"Delivery_modeC-section"	0.652746944034801	0	1.49616215669684	0.662632951614203	0.997142000015413	0.886183474663456	0.996709197935616	NA	"prevalence"	46	38
"Staphylococcus_epidermidis.t__SGB7865"	"Ethnicity"	"European"	"EthnicityEuropean"	0.553432585185385	0	1.06875590512626	0.604577724121557	0.997142000015413	0.662222109889328	0.996709197935616	NA	"prevalence"	46	38
"Staphylococcus_epidermidis.t__SGB7865"	"Feeding_method"	"Breastfed"	"Feeding_methodBreastfed"	1.0558299988645	0	1.16036080320426	0.362867202754602	0.997142000015413	0.486706256891967	0.996709197935616	NA	"prevalence"	46	38
"Staphylococcus_epidermidis.t__SGB7865"	"isobutyrate"	"isobutyrate"	"isobutyrate"	-0.470494587555668	0	0.767816273783463	0.540028594049718	0.997142000015413	0.788426305708121	0.996709197935616	NA	"prevalence"	46	38
"Staphylococcus_epidermidis.t__SGB7865"	"Probiotics"	"Yes"	"ProbioticsYes"	3.52820123062864	0	3.24699995000531	0.277212115660329	0.997142000015413	0.477577674251782	0.996709197935616	NA	"prevalence"	46	38
"Staphylococcus_epidermidis.t__SGB7865"	"propionate"	"propionate"	"propionate"	-0.280188714610887	0	1.23925246296491	0.821127577896382	0.997142000015413	0.968004656610785	0.996709197935616	NA	"prevalence"	46	38
"Staphylococcus_epidermidis.t__SGB7865"	"Read_depth"	"Read_depth"	"Read_depth"	-0.238543011902059	0	0.613242269791849	0.697286075379682	0.997142000015413	0.608910460918139	0.996709197935616	NA	"prevalence"	46	38
"Staphylococcus_epidermidis.t__SGB7865"	"Sex"	"Female"	"SexFemale"	-2.47016126034467	0	1.38878730173732	0.075297784266379	0.997142000015413	0.144925812217332	0.996709197935616	NA	"prevalence"	46	38
"Staphylococcus_epidermidis.t__SGB7865"	"Termness"	"preterm"	"Termnesspreterm"	-1.73866579606272	0	2.83909609331305	0.54027236166966	0.997142000015413	0.788650498555208	0.996709197935616	NA	"prevalence"	46	38
"Staphylococcus_haemolyticus.t__SGB7861"	"acetate"	"acetate"	"acetate"	0.278661662182866	0	0.570835580200246	0.625433331807865	0.997142000015413	0.625433331807865	0.996709197935616	NA	"prevalence"	46	5
"Staphylococcus_haemolyticus.t__SGB7861"	"Antibiotics"	"Yes"	"AntibioticsYes"	-0.683818300512112	0	1.76283452874581	0.698083830452404	0.997142000015413	0.698083830452404	0.996709197935616	NA	"prevalence"	46	5
"Staphylococcus_haemolyticus.t__SGB7861"	"butyrate"	"butyrate"	"butyrate"	-1.09951793715922	0	0.727691785800892	0.130796976969298	0.997142000015413	0.130796976969298	0.996709197935616	NA	"prevalence"	46	5
"Staphylococcus_haemolyticus.t__SGB7861"	"Delivery_mode"	"C-section"	"Delivery_modeC-section"	0.900064938080757	0	1.35062639406702	0.505151909813009	0.997142000015413	0.505151909813009	0.996709197935616	NA	"prevalence"	46	5
"Staphylococcus_haemolyticus.t__SGB7861"	"Ethnicity"	"European"	"EthnicityEuropean"	1.0695473059602	0	1.11903436899943	0.339184913548912	0.997142000015413	0.339184913548912	0.996709197935616	NA	"prevalence"	46	5
"Staphylococcus_haemolyticus.t__SGB7861"	"Feeding_method"	"Breastfed"	"Feeding_methodBreastfed"	0.449410094194311	0	1.09365599977523	0.681127863796398	0.997142000015413	0.681127863796398	0.996709197935616	NA	"prevalence"	46	5
"Staphylococcus_haemolyticus.t__SGB7861"	"isobutyrate"	"isobutyrate"	"isobutyrate"	1.19362056314033	0	0.824598980292285	0.147752341235489	0.997142000015413	0.147752341235489	0.996709197935616	NA	"prevalence"	46	5
"Staphylococcus_haemolyticus.t__SGB7861"	"Probiotics"	"Yes"	"ProbioticsYes"	2.96683678101449	0	2.87111843943068	0.301445587870777	0.997142000015413	0.301445587870777	0.996709197935616	NA	"prevalence"	46	5
"Staphylococcus_haemolyticus.t__SGB7861"	"propionate"	"propionate"	"propionate"	-0.518231995597885	0	1.23071944974	0.673696279915823	0.997142000015413	0.673696279915823	0.996709197935616	NA	"prevalence"	46	5
"Staphylococcus_haemolyticus.t__SGB7861"	"Read_depth"	"Read_depth"	"Read_depth"	0.370550828187833	0	1.11406026512924	0.739426495967686	0.997142000015413	0.739426495967686	0.996709197935616	NA	"prevalence"	46	5
"Staphylococcus_haemolyticus.t__SGB7861"	"Sex"	"Female"	"SexFemale"	-0.451715353036679	0	1.41551741861332	0.749637963857932	0.997142000015413	0.749637963857932	0.996709197935616	NA	"prevalence"	46	5
"Staphylococcus_haemolyticus.t__SGB7861"	"Termness"	"preterm"	"Termnesspreterm"	-1.22631185116511	0	2.4863744720413	0.621862195920797	0.997142000015413	0.621862195920797	0.996709197935616	NA	"prevalence"	46	5
"Staphylococcus_hominis.t__SGB7858"	"acetate"	"acetate"	"acetate"	-0.563125006041197	0	0.811315562577898	0.487626552240313	0.997142000015413	0.487626552240313	0.996709197935616	NA	"prevalence"	46	13
"Staphylococcus_hominis.t__SGB7858"	"Antibiotics"	"Yes"	"AntibioticsYes"	-1.50855867725299	0	1.75502234724259	0.390027966116311	0.997142000015413	0.390027966116311	0.996709197935616	NA	"prevalence"	46	13
"Staphylococcus_hominis.t__SGB7858"	"butyrate"	"butyrate"	"butyrate"	0.577416546187435	0	0.659977982609333	0.381626827383673	0.997142000015413	0.381626827383673	0.996709197935616	NA	"prevalence"	46	13
"Staphylococcus_hominis.t__SGB7858"	"Delivery_mode"	"C-section"	"Delivery_modeC-section"	-1.47394462991474	0	1.29125185023711	0.253668146846162	0.997142000015413	0.253668146846162	0.996709197935616	NA	"prevalence"	46	13
"Staphylococcus_hominis.t__SGB7858"	"Ethnicity"	"European"	"EthnicityEuropean"	-0.225478149371361	0	1.06043646520369	0.831617376648963	0.997142000015413	0.831617376648963	0.996709197935616	NA	"prevalence"	46	13
"Staphylococcus_hominis.t__SGB7858"	"Feeding_method"	"Breastfed"	"Feeding_methodBreastfed"	0.0807092654238692	0	1.09656070749675	0.941326931486609	0.997142000015413	0.941326931486609	0.996709197935616	NA	"prevalence"	46	13
"Staphylococcus_hominis.t__SGB7858"	"isobutyrate"	"isobutyrate"	"isobutyrate"	0.406149544372725	0	0.748743671361281	0.587514485401758	0.997142000015413	0.587514485401758	0.996709197935616	NA	"prevalence"	46	13
"Staphylococcus_hominis.t__SGB7858"	"Probiotics"	"Yes"	"ProbioticsYes"	2.06799665035934	0	3.09117809704796	0.503495786796973	0.997142000015413	0.503495786796973	0.996709197935616	NA	"prevalence"	46	13
"Staphylococcus_hominis.t__SGB7858"	"propionate"	"propionate"	"propionate"	0.0772168221099248	0	1.29687412105066	0.952521431157949	0.997142000015413	0.952521431157949	0.996709197935616	NA	"prevalence"	46	13
"Staphylococcus_hominis.t__SGB7858"	"Read_depth"	"Read_depth"	"Read_depth"	-0.214542844800299	0	0.479141904212007	0.654323001178047	0.997142000015413	0.654323001178047	0.996709197935616	NA	"prevalence"	46	13
"Staphylococcus_hominis.t__SGB7858"	"Sex"	"Female"	"SexFemale"	-0.474393696027006	0	1.11411568618272	0.670251469740498	0.997142000015413	0.670251469740498	0.996709197935616	NA	"prevalence"	46	13
"Staphylococcus_hominis.t__SGB7858"	"Termness"	"preterm"	"Termnesspreterm"	-3.31598380080564	0	2.83052523205691	0.241394523827633	0.997142000015413	0.241394523827633	0.996709197935616	NA	"prevalence"	46	13
"Staphylococcus_lugdunensis.t__SGB7850"	"acetate"	"acetate"	"acetate"	0.286356251773627	0	0.530713719434668	0.589494844867927	0.997142000015413	0.589494844867927	0.996709197935616	NA	"prevalence"	46	9
"Staphylococcus_lugdunensis.t__SGB7850"	"Antibiotics"	"Yes"	"AntibioticsYes"	-2.31246941764343	0	1.68056420972533	0.16881922639717	0.997142000015413	0.16881922639717	0.996709197935616	NA	"prevalence"	46	9
"Staphylococcus_lugdunensis.t__SGB7850"	"butyrate"	"butyrate"	"butyrate"	-0.0330449315569586	0	0.611333811945135	0.956892279866404	0.997142000015413	0.956892279866404	0.996709197935616	NA	"prevalence"	46	9
"Staphylococcus_lugdunensis.t__SGB7850"	"Delivery_mode"	"C-section"	"Delivery_modeC-section"	-0.394811298306943	0	1.21380251710918	0.744978134543202	0.997142000015413	0.744978134543202	0.996709197935616	NA	"prevalence"	46	9
"Staphylococcus_lugdunensis.t__SGB7850"	"Ethnicity"	"European"	"EthnicityEuropean"	-0.0527432843775964	0	1.0039640969791	0.958102383621372	0.997142000015413	0.958102383621372	0.996709197935616	NA	"prevalence"	46	9
"Staphylococcus_lugdunensis.t__SGB7850"	"Feeding_method"	"Breastfed"	"Feeding_methodBreastfed"	1.0267796812058	0	1.00352716840919	0.306227103291855	0.997142000015413	0.306227103291855	0.996709197935616	NA	"prevalence"	46	9
"Staphylococcus_lugdunensis.t__SGB7850"	"propionate"	"propionate"	"propionate"	0.840025385175461	0	1.16804936176039	0.472036536980403	0.997142000015413	0.472036536980403	0.996709197935616	NA	"prevalence"	46	9
"Staphylococcus_lugdunensis.t__SGB7850"	"Read_depth"	"Read_depth"	"Read_depth"	-0.0746007130692745	0	0.52061830894857	0.886059157553647	0.997142000015413	0.886059157553647	0.996709197935616	NA	"prevalence"	46	9
"Staphylococcus_lugdunensis.t__SGB7850"	"Sex"	"Female"	"SexFemale"	-1.9481743010794	0	1.24165327056284	0.11664412586531	0.997142000015413	0.11664412586531	0.996709197935616	NA	"prevalence"	46	9
"Staphylococcus_lugdunensis.t__SGB7850"	"Termness"	"preterm"	"Termnesspreterm"	0.129970428471416	0	1.82878159814843	0.943342514190272	0.997142000015413	0.943342514190272	0.996709197935616	NA	"prevalence"	46	9
"Streptococcus_mitis.t__SGB8168"	"Antibiotics"	"Yes"	"AntibioticsYes"	-2.13819750211798	0	1.97456412871664	0.278865849801096	0.997142000015413	0.278865849801096	0.996709197935616	NA	"prevalence"	46	9
"Streptococcus_mitis.t__SGB8168"	"butyrate"	"butyrate"	"butyrate"	0.0988395648897757	0	0.719211650268737	0.890692779111416	0.997142000015413	0.890692779111416	0.996709197935616	NA	"prevalence"	46	9
"Streptococcus_mitis.t__SGB8168"	"Delivery_mode"	"C-section"	"Delivery_modeC-section"	-2.18126658729577	0	1.55601933128214	0.160967551739629	0.997142000015413	0.160967551739629	0.996709197935616	NA	"prevalence"	46	9
"Streptococcus_mitis.t__SGB8168"	"Feeding_method"	"Breastfed"	"Feeding_methodBreastfed"	-1.43934196599406	0	1.29234241925275	0.265387914724928	0.997142000015413	0.265387914724928	0.996709197935616	NA	"prevalence"	46	9
"Streptococcus_mitis.t__SGB8168"	"isobutyrate"	"isobutyrate"	"isobutyrate"	0.559686397735966	0	0.83760586965921	0.504007340843972	0.997142000015413	0.504007340843972	0.996709197935616	NA	"prevalence"	46	9
"Streptococcus_mitis.t__SGB8168"	"Probiotics"	"Yes"	"ProbioticsYes"	2.18088195883975	0	3.23494271666195	0.500207046992813	0.997142000015413	0.500207046992813	0.996709197935616	NA	"prevalence"	46	9
"Streptococcus_mitis.t__SGB8168"	"propionate"	"propionate"	"propionate"	-1.95874977695719	0	1.26857309431886	0.122574408017846	0.997142000015413	0.122574408017846	0.996709197935616	NA	"prevalence"	46	9
"Streptococcus_mitis.t__SGB8168"	"Read_depth"	"Read_depth"	"Read_depth"	-0.120347539642114	0	0.50019269249485	0.809863324967256	0.997142000015413	0.809863324967256	0.996709197935616	NA	"prevalence"	46	9
"Streptococcus_mitis.t__SGB8168"	"Sex"	"Female"	"SexFemale"	-1.63816791460944	0	1.28714237142265	0.203118500278201	0.997142000015413	0.203118500278201	0.996709197935616	NA	"prevalence"	46	9
"Streptococcus_mitis.t__SGB8168"	"Termness"	"preterm"	"Termnesspreterm"	-1.11201322656376	0	2.79364219554385	0.69059228731183	0.997142000015413	0.69059228731183	0.996709197935616	NA	"prevalence"	46	9
"Streptococcus_parasanguinis.t__SGB8071"	"acetate"	"acetate"	"acetate"	0.0874607558348959	0	0.808093336194211	0.913812449084221	0.997142000015413	0.913812449084221	0.996709197935616	NA	"prevalence"	46	12
"Streptococcus_parasanguinis.t__SGB8071"	"Antibiotics"	"Yes"	"AntibioticsYes"	-0.148467019624571	0	1.96001862182928	0.939619778344833	0.997142000015413	0.939619778344833	0.996709197935616	NA	"prevalence"	46	12
"Streptococcus_parasanguinis.t__SGB8071"	"butyrate"	"butyrate"	"butyrate"	-0.486316662385904	0	0.652152864480633	0.455842848855046	0.997142000015413	0.455842848855046	0.996709197935616	NA	"prevalence"	46	12
"Streptococcus_parasanguinis.t__SGB8071"	"Delivery_mode"	"C-section"	"Delivery_modeC-section"	0.467123353055682	0	1.32693006563086	0.724813411691403	0.997142000015413	0.724813411691403	0.996709197935616	NA	"prevalence"	46	12
"Streptococcus_parasanguinis.t__SGB8071"	"Ethnicity"	"European"	"EthnicityEuropean"	-0.609217994636851	0	1.04729520790712	0.560764672494665	0.997142000015413	0.560764672494665	0.996709197935616	NA	"prevalence"	46	12
"Streptococcus_parasanguinis.t__SGB8071"	"Feeding_method"	"Breastfed"	"Feeding_methodBreastfed"	-1.93604023975718	0	1.26707966277469	0.126523802498808	0.997142000015413	0.126523802498808	0.996709197935616	NA	"prevalence"	46	12
"Streptococcus_parasanguinis.t__SGB8071"	"isobutyrate"	"isobutyrate"	"isobutyrate"	-0.0486966105687296	0	0.817466214812066	0.952497968105966	0.997142000015413	0.952497968105966	0.996709197935616	NA	"prevalence"	46	12
"Streptococcus_parasanguinis.t__SGB8071"	"Probiotics"	"Yes"	"ProbioticsYes"	-1.16578194625218	0	3.08820072375087	0.705805391108611	0.997142000015413	0.705805391108611	0.996709197935616	NA	"prevalence"	46	12
"Streptococcus_parasanguinis.t__SGB8071"	"propionate"	"propionate"	"propionate"	-0.855991963589482	0	1.28062627746234	0.503867651643262	0.997142000015413	0.503867651643262	0.996709197935616	NA	"prevalence"	46	12
"Streptococcus_parasanguinis.t__SGB8071"	"Read_depth"	"Read_depth"	"Read_depth"	0.17161264706916	0	0.485030014522652	0.72347482340435	0.997142000015413	0.72347482340435	0.996709197935616	NA	"prevalence"	46	12
"Streptococcus_parasanguinis.t__SGB8071"	"Sex"	"Female"	"SexFemale"	1.04983175354675	0	1.15194072718538	0.36210615544998	0.997142000015413	0.36210615544998	0.996709197935616	NA	"prevalence"	46	12
"Streptococcus_parasanguinis.t__SGB8071"	"Termness"	"preterm"	"Termnesspreterm"	-1.73843362218479	0	2.54899196624794	0.495233716338024	0.997142000015413	0.495233716338024	0.996709197935616	NA	"prevalence"	46	12
"Streptococcus_salivarius.t__SGB8007_group"	"acetate"	"acetate"	"acetate"	-0.375079366711198	0	0.696346508736992	0.590135991957817	0.997142000015413	0.832011494911597	0.996709197935616	NA	"prevalence"	46	24
"Streptococcus_salivarius.t__SGB8007_group"	"Antibiotics"	"Yes"	"AntibioticsYes"	-1.83688783714405	0	1.64180546422183	0.263216145500202	0.997142000015413	0.45714955174842	0.996709197935616	NA	"prevalence"	46	24
"Streptococcus_salivarius.t__SGB8007_group"	"butyrate"	"butyrate"	"butyrate"	0.972391330339441	0	0.637228185280529	0.127017243545579	0.997142000015413	0.237901106933242	0.996709197935616	NA	"prevalence"	46	24
"Streptococcus_salivarius.t__SGB8007_group"	"Delivery_mode"	"C-section"	"Delivery_modeC-section"	-1.69126641288058	0	1.2255260112706	0.16757646564044	0.997142000015413	0.307071059444339	0.996709197935616	NA	"prevalence"	46	24
"Streptococcus_salivarius.t__SGB8007_group"	"Ethnicity"	"European"	"EthnicityEuropean"	0.408855598046189	0	0.944196785182917	0.665000620159557	0.997142000015413	0.887775415506519	0.996709197935616	NA	"prevalence"	46	24
"Streptococcus_salivarius.t__SGB8007_group"	"Feeding_method"	"Breastfed"	"Feeding_methodBreastfed"	0.0470673806268967	0	1.07377417917742	0.965037049257341	0.997142000015413	0.515724779051529	0.996709197935616	NA	"prevalence"	46	24
"Streptococcus_salivarius.t__SGB8007_group"	"isobutyrate"	"isobutyrate"	"isobutyrate"	0.0735486167577128	0	0.643920414364616	0.90906336468154	0.997142000015413	0.549776573526672	0.996709197935616	NA	"prevalence"	46	24
"Streptococcus_salivarius.t__SGB8007_group"	"Probiotics"	"Yes"	"ProbioticsYes"	-2.96610895013124	0	2.96303256171106	0.316808313248126	0.997142000015413	0.533249119153129	0.996709197935616	NA	"prevalence"	46	24
"Streptococcus_salivarius.t__SGB8007_group"	"propionate"	"propionate"	"propionate"	0.365297415557841	0	1.11163524670949	0.742448477635012	0.997142000015413	0.794846962361135	0.996709197935616	NA	"prevalence"	46	24
"Streptococcus_salivarius.t__SGB8007_group"	"Read_depth"	"Read_depth"	"Read_depth"	-0.0850931998302833	0	0.44803417240471	0.849367360283053	0.997142000015413	0.977309807851905	0.999363470373889	NA	"prevalence"	46	24
"Streptococcus_salivarius.t__SGB8007_group"	"Sex"	"Female"	"SexFemale"	-1.51868319348802	0	1.13833225375268	0.182161260169032	0.997142000015413	0.331139795631694	0.996709197935616	NA	"prevalence"	46	24
"Streptococcus_salivarius.t__SGB8007_group"	"Termness"	"preterm"	"Termnesspreterm"	2.25005675123686	0	2.66215320151055	0.397998162115297	0.997142000015413	0.63759378718344	0.996709197935616	NA	"prevalence"	46	24
"Streptococcus_vestibularis.t__SGB8003"	"acetate"	"acetate"	"acetate"	-0.995815969690451	0	0.73239910939379	0.173936592096002	0.997142000015413	0.173936592096002	0.996709197935616	NA	"prevalence"	46	13
"Streptococcus_vestibularis.t__SGB8003"	"Antibiotics"	"Yes"	"AntibioticsYes"	-0.684808356124774	0	1.7573508321346	0.696771552960702	0.997142000015413	0.696771552960702	0.996709197935616	NA	"prevalence"	46	13
"Streptococcus_vestibularis.t__SGB8003"	"butyrate"	"butyrate"	"butyrate"	1.28047655294215	0	0.798002963052126	0.10858158591802	0.997142000015413	0.10858158591802	0.996709197935616	NA	"prevalence"	46	13
"Streptococcus_vestibularis.t__SGB8003"	"Delivery_mode"	"C-section"	"Delivery_modeC-section"	-2.41294015857675	0	1.77555986296396	0.174154743963753	0.997142000015413	0.174154743963753	0.996709197935616	NA	"prevalence"	46	13
"Streptococcus_vestibularis.t__SGB8003"	"Ethnicity"	"European"	"EthnicityEuropean"	-1.80894942266782	0	1.30951273174392	0.16715869638626	0.997142000015413	0.16715869638626	0.996709197935616	NA	"prevalence"	46	13
"Streptococcus_vestibularis.t__SGB8003"	"Feeding_method"	"Breastfed"	"Feeding_methodBreastfed"	0.986306640808652	0	1.18274134322599	0.404328458167767	0.997142000015413	0.404328458167767	0.996709197935616	NA	"prevalence"	46	13
"Streptococcus_vestibularis.t__SGB8003"	"isobutyrate"	"isobutyrate"	"isobutyrate"	0.191766280608779	0	0.839067829662545	0.819221165344531	0.997142000015413	0.819221165344531	0.996709197935616	NA	"prevalence"	46	13
"Streptococcus_vestibularis.t__SGB8003"	"Probiotics"	"Yes"	"ProbioticsYes"	-1.53233408541569	0	2.95361640446146	0.603900715021909	0.997142000015413	0.603900715021909	0.996709197935616	NA	"prevalence"	46	13
"Streptococcus_vestibularis.t__SGB8003"	"propionate"	"propionate"	"propionate"	1.32982616442417	0	1.47828732770097	0.368347963969468	0.997142000015413	0.368347963969468	0.996709197935616	NA	"prevalence"	46	13
"Streptococcus_vestibularis.t__SGB8003"	"Read_depth"	"Read_depth"	"Read_depth"	0.533574851699937	0	1.00195814786347	0.594357532681068	0.997142000015413	0.594357532681068	0.996709197935616	NA	"prevalence"	46	13
"Streptococcus_vestibularis.t__SGB8003"	"Sex"	"Female"	"SexFemale"	0.505612726413159	0	1.43477619975811	0.724539559617358	0.997142000015413	0.724539559617358	0.996709197935616	NA	"prevalence"	46	13
"Streptococcus_vestibularis.t__SGB8003"	"Termness"	"preterm"	"Termnesspreterm"	1.74771751906234	0	2.35997901858355	0.458957324225855	0.997142000015413	0.458957324225855	0.996709197935616	NA	"prevalence"	46	13
"Veillonella_atypica.t__SGB6936"	"acetate"	"acetate"	"acetate"	-0.145316680625811	0	0.529585031744054	0.78377934992134	0.997142000015413	0.78377934992134	0.996709197935616	NA	"prevalence"	46	13
"Veillonella_atypica.t__SGB6936"	"Antibiotics"	"Yes"	"AntibioticsYes"	-2.15169297164418	0	1.62960178541356	0.186708307436772	0.997142000015413	0.186708307436772	0.996709197935616	NA	"prevalence"	46	13
"Veillonella_atypica.t__SGB6936"	"butyrate"	"butyrate"	"butyrate"	-0.356277384738474	0	0.592738978540717	0.547793625753318	0.997142000015413	0.547793625753318	0.996709197935616	NA	"prevalence"	46	13
"Veillonella_atypica.t__SGB6936"	"Delivery_mode"	"C-section"	"Delivery_modeC-section"	0.698897713764092	0	1.22225078488822	0.56744932012448	0.997142000015413	0.56744932012448	0.996709197935616	NA	"prevalence"	46	13
"Veillonella_atypica.t__SGB6936"	"Ethnicity"	"European"	"EthnicityEuropean"	-0.51924490193903	0	0.907900869966584	0.567377489920026	0.997142000015413	0.567377489920026	0.996709197935616	NA	"prevalence"	46	13
"Veillonella_atypica.t__SGB6936"	"Feeding_method"	"Breastfed"	"Feeding_methodBreastfed"	-0.316339749950096	0	0.949757081756201	0.73907813904532	0.997142000015413	0.73907813904532	0.996709197935616	NA	"prevalence"	46	13
"Veillonella_atypica.t__SGB6936"	"isobutyrate"	"isobutyrate"	"isobutyrate"	0.751592681527368	0	0.699029315909845	0.28228752560736	0.997142000015413	0.28228752560736	0.996709197935616	NA	"prevalence"	46	13
"Veillonella_atypica.t__SGB6936"	"Probiotics"	"Yes"	"ProbioticsYes"	-0.144921627399046	0	2.07974097483278	0.944446341457638	0.997142000015413	0.944446341457638	0.996709197935616	NA	"prevalence"	46	13
"Veillonella_atypica.t__SGB6936"	"propionate"	"propionate"	"propionate"	0.121719289731608	0	1.06679038446269	0.909159631740196	0.997142000015413	0.909159631740196	0.996709197935616	NA	"prevalence"	46	13
"Veillonella_atypica.t__SGB6936"	"Read_depth"	"Read_depth"	"Read_depth"	-0.391819239455725	0	0.436221303612673	0.369072500514602	0.997142000015413	0.369072500514602	0.996709197935616	NA	"prevalence"	46	13
"Veillonella_atypica.t__SGB6936"	"Sex"	"Female"	"SexFemale"	-0.580599975169361	0	1.0231263051617	0.570390594138214	0.997142000015413	0.570390594138214	0.996709197935616	NA	"prevalence"	46	13
"Veillonella_atypica.t__SGB6936"	"Termness"	"preterm"	"Termnesspreterm"	-0.917934475768079	0	1.74467156064803	0.598793733488884	0.997142000015413	0.598793733488884	0.996709197935616	NA	"prevalence"	46	13
"Veillonella_dispar.t__SGB6952"	"acetate"	"acetate"	"acetate"	-0.132109631419498	0	0.552791088921587	0.811116017462155	0.997142000015413	0.811116017462155	0.996709197935616	NA	"prevalence"	46	15
"Veillonella_dispar.t__SGB6952"	"Antibiotics"	"Yes"	"AntibioticsYes"	-1.34489137493384	0	1.81820037920293	0.459492544665202	0.997142000015413	0.459492544665202	0.996709197935616	NA	"prevalence"	46	15
"Veillonella_dispar.t__SGB6952"	"butyrate"	"butyrate"	"butyrate"	0.0477430297765688	0	0.643413745816978	0.940849106613662	0.997142000015413	0.940849106613662	0.996709197935616	NA	"prevalence"	46	15
"Veillonella_dispar.t__SGB6952"	"Delivery_mode"	"C-section"	"Delivery_modeC-section"	0.998213785132997	0	1.27795461893927	0.434742102415082	0.997142000015413	0.434742102415082	0.996709197935616	NA	"prevalence"	46	15
"Veillonella_dispar.t__SGB6952"	"Ethnicity"	"European"	"EthnicityEuropean"	-0.139073678052199	0	0.937029693135392	0.8820115437029	0.997142000015413	0.8820115437029	0.996709197935616	NA	"prevalence"	46	15
"Veillonella_dispar.t__SGB6952"	"Feeding_method"	"Breastfed"	"Feeding_methodBreastfed"	1.02419780621063	0	1.05411396070258	0.331239817989506	0.997142000015413	0.331239817989506	0.996709197935616	NA	"prevalence"	46	15
"Veillonella_dispar.t__SGB6952"	"isobutyrate"	"isobutyrate"	"isobutyrate"	0.882004234692112	0	0.749090026736813	0.239022236402529	0.997142000015413	0.239022236402529	0.996709197935616	NA	"prevalence"	46	15
"Veillonella_dispar.t__SGB6952"	"propionate"	"propionate"	"propionate"	0.312927818248535	0	1.09384842445161	0.774817086753108	0.997142000015413	0.774817086753108	0.996709197935616	NA	"prevalence"	46	15
"Veillonella_dispar.t__SGB6952"	"Read_depth"	"Read_depth"	"Read_depth"	0.28386052035169	0	0.4954817127297	0.566713706789386	0.997142000015413	0.566713706789386	0.996709197935616	NA	"prevalence"	46	15
"Veillonella_dispar.t__SGB6952"	"Sex"	"Female"	"SexFemale"	-1.10192889499433	0	1.17999424471326	0.350385090641267	0.997142000015413	0.350385090641267	0.996709197935616	NA	"prevalence"	46	15
"Veillonella_dispar.t__SGB6952"	"Termness"	"preterm"	"Termnesspreterm"	-1.59625926823582	0	1.94132511887425	0.410933252710033	0.997142000015413	0.410933252710033	0.996709197935616	NA	"prevalence"	46	15
"Veillonella_parvula.t__SGB6939"	"acetate"	"acetate"	"acetate"	0.340351348201144	0	0.504403940526587	0.499828578418785	0.997142000015413	0.499828578418785	0.996709197935616	NA	"prevalence"	46	18
"Veillonella_parvula.t__SGB6939"	"Antibiotics"	"Yes"	"AntibioticsYes"	-1.51462504237487	0	1.56243523223571	0.332345547559916	0.997142000015413	0.332345547559916	0.996709197935616	NA	"prevalence"	46	18
"Veillonella_parvula.t__SGB6939"	"butyrate"	"butyrate"	"butyrate"	0.770188724895279	0	0.656529836970953	0.240747416977111	0.997142000015413	0.240747416977111	0.996709197935616	NA	"prevalence"	46	18
"Veillonella_parvula.t__SGB6939"	"Delivery_mode"	"C-section"	"Delivery_modeC-section"	1.26296408925887	0	1.3543192448422	0.35105477082202	0.997142000015413	0.35105477082202	0.996709197935616	NA	"prevalence"	46	18
"Veillonella_parvula.t__SGB6939"	"Ethnicity"	"European"	"EthnicityEuropean"	-0.116095297219467	0	0.947552527148358	0.90248623680228	0.997142000015413	0.90248623680228	0.996709197935616	NA	"prevalence"	46	18
"Veillonella_parvula.t__SGB6939"	"Feeding_method"	"Breastfed"	"Feeding_methodBreastfed"	-1.30931104420593	0	1.04552157817719	0.210459045787363	0.997142000015413	0.210459045787363	0.996709197935616	NA	"prevalence"	46	18
"Veillonella_parvula.t__SGB6939"	"isobutyrate"	"isobutyrate"	"isobutyrate"	-0.230093407076274	0	0.717893204641958	0.748580213704463	0.997142000015413	0.748580213704463	0.996709197935616	NA	"prevalence"	46	18
"Veillonella_parvula.t__SGB6939"	"Probiotics"	"Yes"	"ProbioticsYes"	-1.33989229716176	0	2.19768857239384	0.542072138965251	0.997142000015413	0.542072138965251	0.996709197935616	NA	"prevalence"	46	18
"Veillonella_parvula.t__SGB6939"	"propionate"	"propionate"	"propionate"	-0.480196842528506	0	1.1577598461262	0.678314841695701	0.997142000015413	0.678314841695701	0.996709197935616	NA	"prevalence"	46	18
"Veillonella_parvula.t__SGB6939"	"Read_depth"	"Read_depth"	"Read_depth"	0.522395212921596	0	0.455503760326114	0.251442962083778	0.997142000015413	0.251442962083778	0.996709197935616	NA	"prevalence"	46	18
"Veillonella_parvula.t__SGB6939"	"Sex"	"Female"	"SexFemale"	0.651702109929295	0	1.04190646209173	0.531649486328664	0.997142000015413	0.531649486328664	0.996709197935616	NA	"prevalence"	46	18
"Veillonella_parvula.t__SGB6939"	"Termness"	"preterm"	"Termnesspreterm"	1.66627856100098	0	1.91032305455122	0.383072214509762	0.997142000015413	0.383072214509762	0.996709197935616	NA	"prevalence"	46	18
"Veillonella_dispar.t__SGB6952"	"Probiotics"	"Yes"	"ProbioticsYes"	-0.0905282335913346	0	2.23700842504196	0.967719670374153	0.997960910073346	0.967719670374153	0.996709197935616	NA	"prevalence"	46	15
"Staphylococcus_lugdunensis.t__SGB7850"	"isobutyrate"	"isobutyrate"	"isobutyrate"	-0.0278021530349743	0	0.733655836712194	0.969771111504924	0.998126991958284	0.969771111504924	0.996709197935616	NA	"prevalence"	46	9
"Enterococcus_faecalis.t__SGB7962"	"Feeding_method"	"Breastfed"	"Feeding_methodBreastfed"	-0.793818667554312	-0.793818667554312	2.17092564581428	1	1	0.486709593893369	0.996709197935616	NA	"abundance"	46	36
"Staphylococcus_aureus.t__SGB7852"	"Delivery_mode"	"C-section"	"Delivery_modeC-section"	-0.808713208249471	-0.808713208249471	1.59643765697443	1	1	0.294920556894116	0.996709197935616	NA	"abundance"	46	30
"Staphylococcus_aureus.t__SGB7852"	"Read_depth"	"Read_depth"	"Read_depth"	-0.785298141952283	-0.785298141952283	0.492263395271138	1	1	0.991317517077184	0.999363470373889	NA	"abundance"	46	30
"Staphylococcus_epidermidis.t__SGB7865"	"isobutyrate"	"isobutyrate"	"isobutyrate"	0.290301752797175	0.290301752797175	0.855659533904134	1	1	0.788426305708121	0.996709197935616	NA	"abundance"	46	38
"Streptococcus_salivarius.t__SGB8007_group"	"Probiotics"	"Yes"	"ProbioticsYes"	1.57448184814756	1.57448184814756	5.63660943667216	1	1	0.533249119153129	0.996709197935616	NA	"abundance"	46	24
"Bifidobacterium_breve.t__SGB17247"	"Feeding_method"	"Breastfed"	"Feeding_methodBreastfed"	0.0195974769086338	0	0.940145956246029	0.983369186636433	1	0.983369186636433	0.999363470373889	NA	"prevalence"	46	22
"Enterobacter_hormaechei.t__SGB10130"	"Antibiotics"	"Yes"	"AntibioticsYes"	-0.00788565663818533	0	1.37690399005072	0.995430466224187	1	0.995430466224187	0.999363470373889	NA	"prevalence"	46	11
"Haemophilus_haemolyticus.t__SGB9649"	"Feeding_method"	"Breastfed"	"Feeding_methodBreastfed"	-0.0207555103686359	0	1.24832968288429	0.986734483267531	1	0.986734483267531	0.999363470373889	NA	"prevalence"	46	5
"Haemophilus_haemolyticus.t__SGB9649"	"isobutyrate"	"isobutyrate"	"isobutyrate"	0.018869977685628	0	0.88642123326441	0.983016058046079	1	0.983016058046079	0.999363470373889	NA	"prevalence"	46	5
"Haemophilus_parainfluenzae.t__SGB9657"	"Termness"	"preterm"	"Termnesspreterm"	-0.0020320154037701	0	2.54711403758005	0.999363470373889	1	0.999363470373889	0.999363470373889	NA	"prevalence"	46	6
"Scardovia_wiggsiae.t__SGB15494"	"propionate"	"propionate"	"propionate"	0.010636525688034	0	1.17077208687719	0.992751276719661	1	0.992751276719661	0.999363470373889	NA	"prevalence"	46	5
"Staphylococcus_aureus.t__SGB7852"	"Sex"	"Female"	"SexFemale"	0.0188489904284803	0	0.964192899605207	0.984403161857437	1	0.668969560964969	0.996709197935616	NA	"prevalence"	46	30
"Staphylococcus_lugdunensis.t__SGB7850"	"Probiotics"	"Yes"	"ProbioticsYes"	-0.0380892027312715	0	2.22417050755947	0.986336793288228	1	0.986336793288228	0.999363470373889	NA	"prevalence"	46	9
"Streptococcus_mitis.t__SGB8168"	"acetate"	"acetate"	"acetate"	0.00145897227694616	0	0.73210368092855	0.998409937397914	1	0.998409937397914	0.999363470373889	NA	"prevalence"	46	9
"Streptococcus_mitis.t__SGB8168"	"Ethnicity"	"European"	"EthnicityEuropean"	0.0343284918962807	0	1.20093767601279	0.977195782382202	1	0.977195782382202	0.999363470373889	NA	"prevalence"	46	9
"Bifidobacterium_breve.t__SGB17247"	"acetate"	"acetate"	"acetate"	4.22846144947631	NA	NA	NA	NA	0.450725395749079	0.996709197935616	"Fitting error (NA p-value returned from fitting procedure)"	"abundance"	46	22
"Bifidobacterium_breve.t__SGB17247"	"Antibiotics"	"Yes"	"AntibioticsYes"	-22.803060559258	NA	NA	NA	NA	0.0408783406865238	0.996709197935616	"Fitting error (NA p-value returned from fitting procedure)"	"abundance"	46	22
"Bifidobacterium_breve.t__SGB17247"	"butyrate"	"butyrate"	"butyrate"	4.37921163287137	NA	NA	NA	NA	0.0663220747804902	0.996709197935616	"Fitting error (NA p-value returned from fitting procedure)"	"abundance"	46	22
"Bifidobacterium_breve.t__SGB17247"	"Delivery_mode"	"C-section"	"Delivery_modeC-section"	-8.08034370541959	NA	NA	NA	NA	0.895306403200274	0.996709197935616	"Fitting error (NA p-value returned from fitting procedure)"	"abundance"	46	22
"Bifidobacterium_breve.t__SGB17247"	"Ethnicity"	"European"	"EthnicityEuropean"	3.31981208460621	NA	NA	NA	NA	0.801842384208631	0.996709197935616	"Fitting error (NA p-value returned from fitting procedure)"	"abundance"	46	22
"Bifidobacterium_breve.t__SGB17247"	"Feeding_method"	"Breastfed"	"Feeding_methodBreastfed"	-0.427996822647496	NA	NA	NA	NA	0.983369186636433	0.999363470373889	"Fitting error (NA p-value returned from fitting procedure)"	"abundance"	46	22
"Bifidobacterium_breve.t__SGB17247"	"isobutyrate"	"isobutyrate"	"isobutyrate"	2.96832488651343	NA	NA	NA	NA	0.262548969700527	0.996709197935616	"Fitting error (NA p-value returned from fitting procedure)"	"abundance"	46	22
"Bifidobacterium_breve.t__SGB17247"	"Probiotics"	"Yes"	"ProbioticsYes"	15.3567678039296	NA	NA	NA	NA	0.957446290904881	0.996709197935616	"Fitting error (NA p-value returned from fitting procedure)"	"abundance"	46	22
"Bifidobacterium_breve.t__SGB17247"	"propionate"	"propionate"	"propionate"	-3.09802326784976	NA	NA	NA	NA	0.314117120200763	0.996709197935616	"Fitting error (NA p-value returned from fitting procedure)"	"abundance"	46	22
"Bifidobacterium_breve.t__SGB17247"	"Read_depth"	"Read_depth"	"Read_depth"	4.51583735783309	NA	NA	NA	NA	0.513712716883911	0.996709197935616	"Fitting error (NA p-value returned from fitting procedure)"	"abundance"	46	22
"Bifidobacterium_breve.t__SGB17247"	"Sex"	"Female"	"SexFemale"	-3.11349397998123	NA	NA	NA	NA	0.906717892838497	0.996709197935616	"Fitting error (NA p-value returned from fitting procedure)"	"abundance"	46	22
"Bifidobacterium_breve.t__SGB17247"	"Termness"	"preterm"	"Termnesspreterm"	0.617658851224768	NA	NA	NA	NA	0.396674415766751	0.996709197935616	"Fitting error (NA p-value returned from fitting procedure)"	"abundance"	46	22
"Bifidobacterium_longum.t__SGB17248"	"acetate"	"acetate"	"acetate"	-0.00751205821090614	NA	NA	NA	NA	0.375737654241035	0.996709197935616	"Fitting error (NA p-value returned from fitting procedure)"	"abundance"	46	12
"Bifidobacterium_longum.t__SGB17248"	"Antibiotics"	"Yes"	"AntibioticsYes"	13.3792402328791	NA	NA	NA	NA	0.382227556908695	0.996709197935616	"Fitting error (NA p-value returned from fitting procedure)"	"abundance"	46	12
"Bifidobacterium_longum.t__SGB17248"	"butyrate"	"butyrate"	"butyrate"	NA	NA	NA	NA	NA	0.233059803559703	0.996709197935616	"Fitting error (NA p-value returned from fitting procedure)"	"abundance"	46	12
"Bifidobacterium_longum.t__SGB17248"	"Delivery_mode"	"C-section"	"Delivery_modeC-section"	-0.158872243844372	NA	NA	NA	NA	0.386457390607348	0.996709197935616	"Fitting error (NA p-value returned from fitting procedure)"	"abundance"	46	12
"Bifidobacterium_longum.t__SGB17248"	"Ethnicity"	"European"	"EthnicityEuropean"	NA	NA	NA	NA	NA	0.162135098450115	0.996709197935616	"Fitting error (NA p-value returned from fitting procedure)"	"abundance"	46	12
"Bifidobacterium_longum.t__SGB17248"	"Feeding_method"	"Breastfed"	"Feeding_methodBreastfed"	4.16451368951145	NA	NA	NA	NA	0.594930790392716	0.996709197935616	"Fitting error (NA p-value returned from fitting procedure)"	"abundance"	46	12
"Bifidobacterium_longum.t__SGB17248"	"isobutyrate"	"isobutyrate"	"isobutyrate"	NA	NA	NA	NA	NA	0.306437650182937	0.996709197935616	"Fitting error (NA p-value returned from fitting procedure)"	"abundance"	46	12
"Bifidobacterium_longum.t__SGB17248"	"Probiotics"	"Yes"	"ProbioticsYes"	NA	NA	NA	NA	NA	0.919973690351427	0.996709197935616	"Fitting error (NA p-value returned from fitting procedure)"	"abundance"	46	12
"Bifidobacterium_longum.t__SGB17248"	"propionate"	"propionate"	"propionate"	0.250132450653288	NA	NA	NA	NA	0.334472607049477	0.996709197935616	"Fitting error (NA p-value returned from fitting procedure)"	"abundance"	46	12
"Bifidobacterium_longum.t__SGB17248"	"Read_depth"	"Read_depth"	"Read_depth"	-1.74814231357005	NA	NA	NA	NA	0.485573593412441	0.996709197935616	"Fitting error (NA p-value returned from fitting procedure)"	"abundance"	46	12
"Bifidobacterium_longum.t__SGB17248"	"Sex"	"Female"	"SexFemale"	-3.51976253051976	NA	NA	NA	NA	0.46497270531396	0.996709197935616	"Fitting error (NA p-value returned from fitting procedure)"	"abundance"	46	12
"Bifidobacterium_longum.t__SGB17248"	"Termness"	"preterm"	"Termnesspreterm"	-11.8268285378339	NA	NA	NA	NA	0.364717184903393	0.996709197935616	"Fitting error (NA p-value returned from fitting procedure)"	"abundance"	46	12
"Bifidobacterium_pseudocatenulatum.t__SGB17237"	"acetate"	"acetate"	"acetate"	NA	NA	NA	NA	NA	0.39038831426141	0.996709197935616	"Fitting error (NA p-value returned from fitting procedure)"	"abundance"	46	7
"Bifidobacterium_pseudocatenulatum.t__SGB17237"	"Antibiotics"	"Yes"	"AntibioticsYes"	NA	NA	NA	NA	NA	0.774343057282656	0.996709197935616	"Fitting error (NA p-value returned from fitting procedure)"	"abundance"	46	7
"Bifidobacterium_pseudocatenulatum.t__SGB17237"	"butyrate"	"butyrate"	"butyrate"	NA	NA	NA	NA	NA	0.173684921908106	0.996709197935616	"Fitting error (NA p-value returned from fitting procedure)"	"abundance"	46	7
"Bifidobacterium_pseudocatenulatum.t__SGB17237"	"Delivery_mode"	"C-section"	"Delivery_modeC-section"	7.99212834249142	NA	NA	NA	NA	0.845669675452772	0.996709197935616	"Fitting error (NA p-value returned from fitting procedure)"	"abundance"	46	7
"Bifidobacterium_pseudocatenulatum.t__SGB17237"	"Ethnicity"	"European"	"EthnicityEuropean"	NA	NA	NA	NA	NA	0.597308514100354	0.996709197935616	"Fitting error (NA p-value returned from fitting procedure)"	"abundance"	46	7
"Bifidobacterium_pseudocatenulatum.t__SGB17237"	"Feeding_method"	"Breastfed"	"Feeding_methodBreastfed"	3.28783926093327	NA	NA	NA	NA	0.145065463858403	0.996709197935616	"Fitting error (NA p-value returned from fitting procedure)"	"abundance"	46	7
"Bifidobacterium_pseudocatenulatum.t__SGB17237"	"isobutyrate"	"isobutyrate"	"isobutyrate"	NA	NA	NA	NA	NA	0.478230699688131	0.996709197935616	"Fitting error (NA p-value returned from fitting procedure)"	"abundance"	46	7
"Bifidobacterium_pseudocatenulatum.t__SGB17237"	"Probiotics"	"Yes"	"ProbioticsYes"	NA	NA	NA	NA	NA	0.391875312741177	0.996709197935616	"Fitting error (NA p-value returned from fitting procedure)"	"abundance"	46	7
"Bifidobacterium_pseudocatenulatum.t__SGB17237"	"propionate"	"propionate"	"propionate"	NA	NA	NA	NA	NA	0.807702192943169	0.996709197935616	"Fitting error (NA p-value returned from fitting procedure)"	"abundance"	46	7
"Bifidobacterium_pseudocatenulatum.t__SGB17237"	"Read_depth"	"Read_depth"	"Read_depth"	-5.05525248070191	NA	NA	NA	NA	0.446111035282029	0.996709197935616	"Fitting error (NA p-value returned from fitting procedure)"	"abundance"	46	7
"Bifidobacterium_pseudocatenulatum.t__SGB17237"	"Sex"	"Female"	"SexFemale"	-2.95297778312207	NA	NA	NA	NA	0.950115335202261	0.996709197935616	"Fitting error (NA p-value returned from fitting procedure)"	"abundance"	46	7
"Bifidobacterium_pseudocatenulatum.t__SGB17237"	"Termness"	"preterm"	"Termnesspreterm"	-6.71913339556053	NA	NA	NA	NA	0.687959418265101	0.996709197935616	"Fitting error (NA p-value returned from fitting procedure)"	"abundance"	46	7
"Citrobacter_freundii.t__SGB10083"	"acetate"	"acetate"	"acetate"	NA	NA	NA	NA	NA	0.827468516819356	0.996709197935616	"Fitting error (NA p-value returned from fitting procedure)"	"abundance"	46	7
"Citrobacter_freundii.t__SGB10083"	"Antibiotics"	"Yes"	"AntibioticsYes"	NA	NA	NA	NA	NA	0.766456014222601	0.996709197935616	"Fitting error (NA p-value returned from fitting procedure)"	"abundance"	46	7
"Citrobacter_freundii.t__SGB10083"	"butyrate"	"butyrate"	"butyrate"	NA	NA	NA	NA	NA	0.600933445596356	0.996709197935616	"Fitting error (NA p-value returned from fitting procedure)"	"abundance"	46	7
"Citrobacter_freundii.t__SGB10083"	"Delivery_mode"	"C-section"	"Delivery_modeC-section"	1.34940331390068	NA	NA	NA	NA	0.658954582363239	0.996709197935616	"Fitting error (NA p-value returned from fitting procedure)"	"abundance"	46	7
"Citrobacter_freundii.t__SGB10083"	"Ethnicity"	"European"	"EthnicityEuropean"	NA	NA	NA	NA	NA	0.587115832771394	0.996709197935616	"Fitting error (NA p-value returned from fitting procedure)"	"abundance"	46	7
"Citrobacter_freundii.t__SGB10083"	"Feeding_method"	"Breastfed"	"Feeding_methodBreastfed"	1.07169566966153	NA	NA	NA	NA	0.331372479691087	0.996709197935616	"Fitting error (NA p-value returned from fitting procedure)"	"abundance"	46	7
"Citrobacter_freundii.t__SGB10083"	"isobutyrate"	"isobutyrate"	"isobutyrate"	NA	NA	NA	NA	NA	0.750593130146546	0.996709197935616	"Fitting error (NA p-value returned from fitting procedure)"	"abundance"	46	7
"Citrobacter_freundii.t__SGB10083"	"Probiotics"	"Yes"	"ProbioticsYes"	NA	NA	NA	NA	NA	0.963422055946408	0.996709197935616	"Fitting error (NA p-value returned from fitting procedure)"	"abundance"	46	7
"Citrobacter_freundii.t__SGB10083"	"propionate"	"propionate"	"propionate"	NA	NA	NA	NA	NA	0.423489104361444	0.996709197935616	"Fitting error (NA p-value returned from fitting procedure)"	"abundance"	46	7
"Citrobacter_freundii.t__SGB10083"	"Read_depth"	"Read_depth"	"Read_depth"	NA	NA	NA	NA	NA	0.259584406507832	0.996709197935616	"Fitting error (NA p-value returned from fitting procedure)"	"abundance"	46	7
"Citrobacter_freundii.t__SGB10083"	"Sex"	"Female"	"SexFemale"	16.2121265221078	NA	NA	NA	NA	0.64975109082902	0.996709197935616	"Fitting error (NA p-value returned from fitting procedure)"	"abundance"	46	7
"Citrobacter_freundii.t__SGB10083"	"Termness"	"preterm"	"Termnesspreterm"	4.85223025872993	NA	NA	NA	NA	0.781773975952933	0.996709197935616	"Fitting error (NA p-value returned from fitting procedure)"	"abundance"	46	7
"Clostridium_neonatale.t__SGB6169"	"acetate"	"acetate"	"acetate"	NA	NA	NA	NA	NA	0.799885223474586	0.996709197935616	"contrasts can be applied only to factors with 2 or more levels"	"abundance"	46	8
"Clostridium_neonatale.t__SGB6169"	"Antibiotics"	"Yes"	"AntibioticsYes"	NA	NA	NA	NA	NA	0.905878837732848	0.996709197935616	"contrasts can be applied only to factors with 2 or more levels"	"abundance"	46	8
"Clostridium_neonatale.t__SGB6169"	"butyrate"	"butyrate"	"butyrate"	NA	NA	NA	NA	NA	0.662620131365406	0.996709197935616	"contrasts can be applied only to factors with 2 or more levels"	"abundance"	46	8
"Clostridium_neonatale.t__SGB6169"	"Delivery_mode"	"C-section"	"Delivery_modeC-section"	NA	NA	NA	NA	NA	0.255508146276813	0.996709197935616	"contrasts can be applied only to factors with 2 or more levels"	"abundance"	46	8
"Clostridium_neonatale.t__SGB6169"	"Ethnicity"	"European"	"EthnicityEuropean"	NA	NA	NA	NA	NA	0.840276855663584	0.996709197935616	"contrasts can be applied only to factors with 2 or more levels"	"abundance"	46	8
"Clostridium_neonatale.t__SGB6169"	"Feeding_method"	"Breastfed"	"Feeding_methodBreastfed"	NA	NA	NA	NA	NA	0.853631341822559	0.996709197935616	"contrasts can be applied only to factors with 2 or more levels"	"abundance"	46	8
"Clostridium_neonatale.t__SGB6169"	"isobutyrate"	"isobutyrate"	"isobutyrate"	NA	NA	NA	NA	NA	0.73723708169732	0.996709197935616	"contrasts can be applied only to factors with 2 or more levels"	"abundance"	46	8
"Clostridium_neonatale.t__SGB6169"	"Probiotics"	"Yes"	"ProbioticsYes"	NA	NA	NA	NA	NA	0.850251373733012	0.996709197935616	"contrasts can be applied only to factors with 2 or more levels"	"abundance"	46	8
"Clostridium_neonatale.t__SGB6169"	"propionate"	"propionate"	"propionate"	NA	NA	NA	NA	NA	0.55631681455721	0.996709197935616	"contrasts can be applied only to factors with 2 or more levels"	"abundance"	46	8
"Clostridium_neonatale.t__SGB6169"	"Read_depth"	"Read_depth"	"Read_depth"	NA	NA	NA	NA	NA	0.364982904622374	0.996709197935616	"contrasts can be applied only to factors with 2 or more levels"	"abundance"	46	8
"Clostridium_neonatale.t__SGB6169"	"Sex"	"Female"	"SexFemale"	NA	NA	NA	NA	NA	0.609417675186317	0.996709197935616	"contrasts can be applied only to factors with 2 or more levels"	"abundance"	46	8
"Clostridium_neonatale.t__SGB6169"	"Termness"	"preterm"	"Termnesspreterm"	NA	NA	NA	NA	NA	0.509014699750018	0.996709197935616	"contrasts can be applied only to factors with 2 or more levels"	"abundance"	46	8
"Clostridium_paraputrificum.t__SGB6187"	"acetate"	"acetate"	"acetate"	NA	NA	NA	NA	NA	0.485777361022891	0.996709197935616	"Fitting error (NA p-value returned from fitting procedure)"	"abundance"	46	8
"Clostridium_paraputrificum.t__SGB6187"	"Antibiotics"	"Yes"	"AntibioticsYes"	NA	NA	NA	NA	NA	0.440511027731982	0.996709197935616	"Fitting error (NA p-value returned from fitting procedure)"	"abundance"	46	8
"Clostridium_paraputrificum.t__SGB6187"	"butyrate"	"butyrate"	"butyrate"	NA	NA	NA	NA	NA	0.0877581068086306	0.996709197935616	"Fitting error (NA p-value returned from fitting procedure)"	"abundance"	46	8
"Clostridium_paraputrificum.t__SGB6187"	"Delivery_mode"	"C-section"	"Delivery_modeC-section"	11.7606325238846	NA	NA	NA	NA	0.916065865914353	0.996709197935616	"Fitting error (NA p-value returned from fitting procedure)"	"abundance"	46	8
"Clostridium_paraputrificum.t__SGB6187"	"Ethnicity"	"European"	"EthnicityEuropean"	NA	NA	NA	NA	NA	0.900960358570324	0.996709197935616	"Fitting error (NA p-value returned from fitting procedure)"	"abundance"	46	8
"Clostridium_paraputrificum.t__SGB6187"	"Feeding_method"	"Breastfed"	"Feeding_methodBreastfed"	14.3867738878622	NA	NA	NA	NA	0.551888029465616	0.996709197935616	"Fitting error (NA p-value returned from fitting procedure)"	"abundance"	46	8
"Clostridium_paraputrificum.t__SGB6187"	"isobutyrate"	"isobutyrate"	"isobutyrate"	NA	NA	NA	NA	NA	0.533644142527938	0.996709197935616	"Fitting error (NA p-value returned from fitting procedure)"	"abundance"	46	8
"Clostridium_paraputrificum.t__SGB6187"	"Probiotics"	"Yes"	"ProbioticsYes"	NA	NA	NA	NA	NA	0.168874232256343	0.996709197935616	"Fitting error (NA p-value returned from fitting procedure)"	"abundance"	46	8
"Clostridium_paraputrificum.t__SGB6187"	"propionate"	"propionate"	"propionate"	NA	NA	NA	NA	NA	0.211389107152187	0.996709197935616	"Fitting error (NA p-value returned from fitting procedure)"	"abundance"	46	8
"Clostridium_paraputrificum.t__SGB6187"	"Read_depth"	"Read_depth"	"Read_depth"	NA	NA	NA	NA	NA	0.699267349589298	0.996709197935616	"Fitting error (NA p-value returned from fitting procedure)"	"abundance"	46	8
"Clostridium_paraputrificum.t__SGB6187"	"Sex"	"Female"	"SexFemale"	-9.81237911469302	NA	NA	NA	NA	0.493676372388833	0.996709197935616	"Fitting error (NA p-value returned from fitting procedure)"	"abundance"	46	8
"Clostridium_paraputrificum.t__SGB6187"	"Termness"	"preterm"	"Termnesspreterm"	-10.8794681553286	NA	NA	NA	NA	0.41266601842238	0.996709197935616	"Fitting error (NA p-value returned from fitting procedure)"	"abundance"	46	8
"Clostridium_perfringens.t__SGB6191"	"acetate"	"acetate"	"acetate"	-2.36133310753435	NA	NA	NA	NA	0.752988409476879	0.996709197935616	"Fitting error (NA p-value returned from fitting procedure)"	"abundance"	46	20
"Clostridium_perfringens.t__SGB6191"	"Antibiotics"	"Yes"	"AntibioticsYes"	-102.669895686913	NA	NA	NA	NA	0.151299575769222	0.996709197935616	"Fitting error (NA p-value returned from fitting procedure)"	"abundance"	46	20
"Clostridium_perfringens.t__SGB6191"	"butyrate"	"butyrate"	"butyrate"	NA	NA	NA	NA	NA	0.0303997592182687	0.996709197935616	"Fitting error (NA p-value returned from fitting procedure)"	"abundance"	46	20
"Clostridium_perfringens.t__SGB6191"	"Delivery_mode"	"C-section"	"Delivery_modeC-section"	-22.3863322110735	NA	NA	NA	NA	0.128812080445583	0.996709197935616	"Fitting error (NA p-value returned from fitting procedure)"	"abundance"	46	20
"Clostridium_perfringens.t__SGB6191"	"Ethnicity"	"European"	"EthnicityEuropean"	4.27805033418122	NA	NA	NA	NA	0.670343758679812	0.996709197935616	"Fitting error (NA p-value returned from fitting procedure)"	"abundance"	46	20
"Clostridium_perfringens.t__SGB6191"	"Feeding_method"	"Breastfed"	"Feeding_methodBreastfed"	-6.35757189709466	NA	NA	NA	NA	0.792317790160463	0.996709197935616	"Fitting error (NA p-value returned from fitting procedure)"	"abundance"	46	20
"Clostridium_perfringens.t__SGB6191"	"isobutyrate"	"isobutyrate"	"isobutyrate"	-7.86863529578815	NA	NA	NA	NA	0.413700581214228	0.996709197935616	"Fitting error (NA p-value returned from fitting procedure)"	"abundance"	46	20
"Clostridium_perfringens.t__SGB6191"	"Probiotics"	"Yes"	"ProbioticsYes"	75.879982434487	NA	NA	NA	NA	0.328046554675115	0.996709197935616	"Fitting error (NA p-value returned from fitting procedure)"	"abundance"	46	20
"Clostridium_perfringens.t__SGB6191"	"propionate"	"propionate"	"propionate"	9.05450684767632	NA	NA	NA	NA	0.880411759944217	0.996709197935616	"Fitting error (NA p-value returned from fitting procedure)"	"abundance"	46	20
"Clostridium_perfringens.t__SGB6191"	"Read_depth"	"Read_depth"	"Read_depth"	-19.091155330564	NA	NA	NA	NA	0.571357547873955	0.996709197935616	"Fitting error (NA p-value returned from fitting procedure)"	"abundance"	46	20
"Clostridium_perfringens.t__SGB6191"	"Sex"	"Female"	"SexFemale"	-92.6169424610682	NA	NA	NA	NA	0.685290047100148	0.996709197935616	"Fitting error (NA p-value returned from fitting procedure)"	"abundance"	46	20
"Clostridium_perfringens.t__SGB6191"	"Termness"	"preterm"	"Termnesspreterm"	-7.33392936257119	NA	NA	NA	NA	0.0482979313004514	0.996709197935616	"Fitting error (NA p-value returned from fitting procedure)"	"abundance"	46	20
"Cutibacterium_avidum.t__SGB16953"	"acetate"	"acetate"	"acetate"	NA	NA	NA	NA	NA	0.119518067912359	0.996709197935616	"Fitting error (NA p-value returned from fitting procedure)"	"abundance"	46	13
"Cutibacterium_avidum.t__SGB16953"	"Antibiotics"	"Yes"	"AntibioticsYes"	-1.22589771588531	NA	NA	NA	NA	0.757782013921656	0.996709197935616	"Fitting error (NA p-value returned from fitting procedure)"	"abundance"	46	13
"Cutibacterium_avidum.t__SGB16953"	"butyrate"	"butyrate"	"butyrate"	NA	NA	NA	NA	NA	0.24967186264705	0.996709197935616	"Fitting error (NA p-value returned from fitting procedure)"	"abundance"	46	13
"Cutibacterium_avidum.t__SGB16953"	"Delivery_mode"	"C-section"	"Delivery_modeC-section"	-1.00949902707191	NA	NA	NA	NA	0.608790017514981	0.996709197935616	"Fitting error (NA p-value returned from fitting procedure)"	"abundance"	46	13
"Cutibacterium_avidum.t__SGB16953"	"Ethnicity"	"European"	"EthnicityEuropean"	1.35536944085594	NA	NA	NA	NA	0.247789748680287	0.996709197935616	"Fitting error (NA p-value returned from fitting procedure)"	"abundance"	46	13
"Cutibacterium_avidum.t__SGB16953"	"Feeding_method"	"Breastfed"	"Feeding_methodBreastfed"	4.9113087845159	NA	NA	NA	NA	0.613946129840977	0.996709197935616	"Fitting error (NA p-value returned from fitting procedure)"	"abundance"	46	13
"Cutibacterium_avidum.t__SGB16953"	"isobutyrate"	"isobutyrate"	"isobutyrate"	NA	NA	NA	NA	NA	0.624559805304968	0.996709197935616	"Fitting error (NA p-value returned from fitting procedure)"	"abundance"	46	13
"Cutibacterium_avidum.t__SGB16953"	"Probiotics"	"Yes"	"ProbioticsYes"	4.72113500358538	NA	NA	NA	NA	0.869237338432696	0.996709197935616	"Fitting error (NA p-value returned from fitting procedure)"	"abundance"	46	13
"Cutibacterium_avidum.t__SGB16953"	"propionate"	"propionate"	"propionate"	NA	NA	NA	NA	NA	0.584670432076148	0.996709197935616	"Fitting error (NA p-value returned from fitting procedure)"	"abundance"	46	13
"Cutibacterium_avidum.t__SGB16953"	"Read_depth"	"Read_depth"	"Read_depth"	1.09664394628917	NA	NA	NA	NA	0.794453659357021	0.996709197935616	"Fitting error (NA p-value returned from fitting procedure)"	"abundance"	46	13
"Cutibacterium_avidum.t__SGB16953"	"Sex"	"Female"	"SexFemale"	-0.421897991466661	NA	NA	NA	NA	0.672095295383756	0.996709197935616	"Fitting error (NA p-value returned from fitting procedure)"	"abundance"	46	13
"Cutibacterium_avidum.t__SGB16953"	"Termness"	"preterm"	"Termnesspreterm"	-1.16744802462921	NA	NA	NA	NA	0.512453869475495	0.996709197935616	"Fitting error (NA p-value returned from fitting procedure)"	"abundance"	46	13
"Enterobacter_asburiae.t__SGB10141"	"acetate"	"acetate"	"acetate"	NA	NA	NA	NA	NA	0.241386427796156	0.996709197935616	"contrasts can be applied only to factors with 2 or more levels"	"abundance"	46	10
"Enterobacter_asburiae.t__SGB10141"	"Antibiotics"	"Yes"	"AntibioticsYes"	NA	NA	NA	NA	NA	0.391957209546878	0.996709197935616	"contrasts can be applied only to factors with 2 or more levels"	"abundance"	46	10
"Enterobacter_asburiae.t__SGB10141"	"butyrate"	"butyrate"	"butyrate"	NA	NA	NA	NA	NA	0.801656826105331	0.996709197935616	"contrasts can be applied only to factors with 2 or more levels"	"abundance"	46	10
"Enterobacter_asburiae.t__SGB10141"	"Delivery_mode"	"C-section"	"Delivery_modeC-section"	NA	NA	NA	NA	NA	0.752494486662508	0.996709197935616	"contrasts can be applied only to factors with 2 or more levels"	"abundance"	46	10
"Enterobacter_asburiae.t__SGB10141"	"Ethnicity"	"European"	"EthnicityEuropean"	NA	NA	NA	NA	NA	0.743942872191938	0.996709197935616	"contrasts can be applied only to factors with 2 or more levels"	"abundance"	46	10
"Enterobacter_asburiae.t__SGB10141"	"Feeding_method"	"Breastfed"	"Feeding_methodBreastfed"	NA	NA	NA	NA	NA	0.135262932739158	0.996709197935616	"contrasts can be applied only to factors with 2 or more levels"	"abundance"	46	10
"Enterobacter_asburiae.t__SGB10141"	"isobutyrate"	"isobutyrate"	"isobutyrate"	NA	NA	NA	NA	NA	0.25030609983077	0.996709197935616	"contrasts can be applied only to factors with 2 or more levels"	"abundance"	46	10
"Enterobacter_asburiae.t__SGB10141"	"Probiotics"	"Yes"	"ProbioticsYes"	NA	NA	NA	NA	NA	0.840379791109994	0.996709197935616	"contrasts can be applied only to factors with 2 or more levels"	"abundance"	46	10
"Enterobacter_asburiae.t__SGB10141"	"propionate"	"propionate"	"propionate"	NA	NA	NA	NA	NA	0.242652761353278	0.996709197935616	"contrasts can be applied only to factors with 2 or more levels"	"abundance"	46	10
"Enterobacter_asburiae.t__SGB10141"	"Read_depth"	"Read_depth"	"Read_depth"	NA	NA	NA	NA	NA	0.814066967735573	0.996709197935616	"contrasts can be applied only to factors with 2 or more levels"	"abundance"	46	10
"Enterobacter_asburiae.t__SGB10141"	"Sex"	"Female"	"SexFemale"	NA	NA	NA	NA	NA	0.289763527064796	0.996709197935616	"contrasts can be applied only to factors with 2 or more levels"	"abundance"	46	10
"Enterobacter_asburiae.t__SGB10141"	"Termness"	"preterm"	"Termnesspreterm"	NA	NA	NA	NA	NA	0.600155144104874	0.996709197935616	"contrasts can be applied only to factors with 2 or more levels"	"abundance"	46	10
"Enterobacter_hormaechei.t__SGB10130"	"acetate"	"acetate"	"acetate"	NA	NA	NA	NA	NA	0.849139806904203	0.996709197935616	"Fitting error (NA p-value returned from fitting procedure)"	"abundance"	46	11
"Enterobacter_hormaechei.t__SGB10130"	"Antibiotics"	"Yes"	"AntibioticsYes"	-31.5884213095146	NA	NA	NA	NA	0.995430466224187	0.999363470373889	"Fitting error (NA p-value returned from fitting procedure)"	"abundance"	46	11
"Enterobacter_hormaechei.t__SGB10130"	"butyrate"	"butyrate"	"butyrate"	NA	NA	NA	NA	NA	0.494509624472466	0.996709197935616	"Fitting error (NA p-value returned from fitting procedure)"	"abundance"	46	11
"Enterobacter_hormaechei.t__SGB10130"	"Delivery_mode"	"C-section"	"Delivery_modeC-section"	29.4371359371732	NA	NA	NA	NA	0.511484409531391	0.996709197935616	"Fitting error (NA p-value returned from fitting procedure)"	"abundance"	46	11
"Enterobacter_hormaechei.t__SGB10130"	"Ethnicity"	"European"	"EthnicityEuropean"	NA	NA	NA	NA	NA	0.122418472889907	0.996709197935616	"Fitting error (NA p-value returned from fitting procedure)"	"abundance"	46	11
"Enterobacter_hormaechei.t__SGB10130"	"Feeding_method"	"Breastfed"	"Feeding_methodBreastfed"	3.583165302212	NA	NA	NA	NA	0.9625726419819	0.996709197935616	"Fitting error (NA p-value returned from fitting procedure)"	"abundance"	46	11
"Enterobacter_hormaechei.t__SGB10130"	"isobutyrate"	"isobutyrate"	"isobutyrate"	NA	NA	NA	NA	NA	0.744822176580795	0.996709197935616	"Fitting error (NA p-value returned from fitting procedure)"	"abundance"	46	11
"Enterobacter_hormaechei.t__SGB10130"	"Probiotics"	"Yes"	"ProbioticsYes"	53.3441729173252	NA	NA	NA	NA	0.377960167216206	0.996709197935616	"Fitting error (NA p-value returned from fitting procedure)"	"abundance"	46	11
"Enterobacter_hormaechei.t__SGB10130"	"propionate"	"propionate"	"propionate"	NA	NA	NA	NA	NA	0.671150779765332	0.996709197935616	"Fitting error (NA p-value returned from fitting procedure)"	"abundance"	46	11
"Enterobacter_hormaechei.t__SGB10130"	"Read_depth"	"Read_depth"	"Read_depth"	21.5641737385754	NA	NA	NA	NA	0.820241869303752	0.996709197935616	"Fitting error (NA p-value returned from fitting procedure)"	"abundance"	46	11
"Enterobacter_hormaechei.t__SGB10130"	"Sex"	"Female"	"SexFemale"	-33.0070745243285	NA	NA	NA	NA	0.664254767101528	0.996709197935616	"Fitting error (NA p-value returned from fitting procedure)"	"abundance"	46	11
"Enterobacter_hormaechei.t__SGB10130"	"Termness"	"preterm"	"Termnesspreterm"	-28.8462051304393	NA	NA	NA	NA	0.259109127841211	0.996709197935616	"Fitting error (NA p-value returned from fitting procedure)"	"abundance"	46	11
"Finegoldia_magna.t__SGB6686_group"	"acetate"	"acetate"	"acetate"	NA	NA	NA	NA	NA	0.549843442586117	0.996709197935616	"Fitting error (NA p-value returned from fitting procedure)"	"abundance"	46	6
"Finegoldia_magna.t__SGB6686_group"	"Antibiotics"	"Yes"	"AntibioticsYes"	5.79454139777804	NA	NA	NA	NA	0.379897249832511	0.996709197935616	"Fitting error (NA p-value returned from fitting procedure)"	"abundance"	46	6
"Finegoldia_magna.t__SGB6686_group"	"butyrate"	"butyrate"	"butyrate"	NA	NA	NA	NA	NA	0.737755495630138	0.996709197935616	"Fitting error (NA p-value returned from fitting procedure)"	"abundance"	46	6
"Finegoldia_magna.t__SGB6686_group"	"Delivery_mode"	"C-section"	"Delivery_modeC-section"	NA	NA	NA	NA	NA	0.723659895142451	0.996709197935616	"Fitting error (NA p-value returned from fitting procedure)"	"abundance"	46	6
"Finegoldia_magna.t__SGB6686_group"	"Ethnicity"	"European"	"EthnicityEuropean"	NA	NA	NA	NA	NA	0.803349902011368	0.996709197935616	"Fitting error (NA p-value returned from fitting procedure)"	"abundance"	46	6
"Finegoldia_magna.t__SGB6686_group"	"Feeding_method"	"Breastfed"	"Feeding_methodBreastfed"	NA	NA	NA	NA	NA	0.388273920646294	0.996709197935616	"Fitting error (NA p-value returned from fitting procedure)"	"abundance"	46	6
"Finegoldia_magna.t__SGB6686_group"	"isobutyrate"	"isobutyrate"	"isobutyrate"	NA	NA	NA	NA	NA	0.457103474925658	0.996709197935616	"Fitting error (NA p-value returned from fitting procedure)"	"abundance"	46	6
"Finegoldia_magna.t__SGB6686_group"	"Probiotics"	"Yes"	"ProbioticsYes"	NA	NA	NA	NA	NA	0.882139595872124	0.996709197935616	"Fitting error (NA p-value returned from fitting procedure)"	"abundance"	46	6
"Finegoldia_magna.t__SGB6686_group"	"propionate"	"propionate"	"propionate"	NA	NA	NA	NA	NA	0.377887290089995	0.996709197935616	"Fitting error (NA p-value returned from fitting procedure)"	"abundance"	46	6
"Finegoldia_magna.t__SGB6686_group"	"Read_depth"	"Read_depth"	"Read_depth"	NA	NA	NA	NA	NA	0.85970632376901	0.996709197935616	"Fitting error (NA p-value returned from fitting procedure)"	"abundance"	46	6
"Finegoldia_magna.t__SGB6686_group"	"Sex"	"Female"	"SexFemale"	0.214541181426239	NA	NA	NA	NA	0.708317681824442	0.996709197935616	"Fitting error (NA p-value returned from fitting procedure)"	"abundance"	46	6
"Finegoldia_magna.t__SGB6686_group"	"Termness"	"preterm"	"Termnesspreterm"	-0.353354340269075	NA	NA	NA	NA	0.382703903896318	0.996709197935616	"Fitting error (NA p-value returned from fitting procedure)"	"abundance"	46	6
"Haemophilus_haemolyticus.t__SGB9649"	"acetate"	"acetate"	"acetate"	NA	NA	NA	NA	NA	0.655911245599546	0.996709197935616	"contrasts can be applied only to factors with 2 or more levels"	"abundance"	46	5
"Haemophilus_haemolyticus.t__SGB9649"	"Antibiotics"	"Yes"	"AntibioticsYes"	NA	NA	NA	NA	NA	0.893459845035272	0.996709197935616	"contrasts can be applied only to factors with 2 or more levels"	"abundance"	46	5
"Haemophilus_haemolyticus.t__SGB9649"	"butyrate"	"butyrate"	"butyrate"	NA	NA	NA	NA	NA	0.696799053422468	0.996709197935616	"contrasts can be applied only to factors with 2 or more levels"	"abundance"	46	5
"Haemophilus_haemolyticus.t__SGB9649"	"Delivery_mode"	"C-section"	"Delivery_modeC-section"	NA	NA	NA	NA	NA	0.402522793557556	0.996709197935616	"contrasts can be applied only to factors with 2 or more levels"	"abundance"	46	5
"Haemophilus_haemolyticus.t__SGB9649"	"Ethnicity"	"European"	"EthnicityEuropean"	NA	NA	NA	NA	NA	0.108876340974368	0.996709197935616	"contrasts can be applied only to factors with 2 or more levels"	"abundance"	46	5
"Haemophilus_haemolyticus.t__SGB9649"	"Feeding_method"	"Breastfed"	"Feeding_methodBreastfed"	NA	NA	NA	NA	NA	0.986734483267531	0.999363470373889	"contrasts can be applied only to factors with 2 or more levels"	"abundance"	46	5
"Haemophilus_haemolyticus.t__SGB9649"	"isobutyrate"	"isobutyrate"	"isobutyrate"	NA	NA	NA	NA	NA	0.983016058046079	0.999363470373889	"contrasts can be applied only to factors with 2 or more levels"	"abundance"	46	5
"Haemophilus_haemolyticus.t__SGB9649"	"Probiotics"	"Yes"	"ProbioticsYes"	NA	NA	NA	NA	NA	0.9411549407134	0.996709197935616	"contrasts can be applied only to factors with 2 or more levels"	"abundance"	46	5
"Haemophilus_haemolyticus.t__SGB9649"	"propionate"	"propionate"	"propionate"	NA	NA	NA	NA	NA	0.505317733659627	0.996709197935616	"contrasts can be applied only to factors with 2 or more levels"	"abundance"	46	5
"Haemophilus_haemolyticus.t__SGB9649"	"Read_depth"	"Read_depth"	"Read_depth"	NA	NA	NA	NA	NA	0.863101557210465	0.996709197935616	"contrasts can be applied only to factors with 2 or more levels"	"abundance"	46	5
"Haemophilus_haemolyticus.t__SGB9649"	"Sex"	"Female"	"SexFemale"	NA	NA	NA	NA	NA	0.671884254141846	0.996709197935616	"contrasts can be applied only to factors with 2 or more levels"	"abundance"	46	5
"Haemophilus_haemolyticus.t__SGB9649"	"Termness"	"preterm"	"Termnesspreterm"	NA	NA	NA	NA	NA	0.891214784202061	0.996709197935616	"contrasts can be applied only to factors with 2 or more levels"	"abundance"	46	5
"Haemophilus_parainfluenzae.t__SGB9657"	"acetate"	"acetate"	"acetate"	NA	NA	NA	NA	NA	0.78335933907124	0.996709197935616	"contrasts can be applied only to factors with 2 or more levels"	"abundance"	46	6
"Haemophilus_parainfluenzae.t__SGB9657"	"Antibiotics"	"Yes"	"AntibioticsYes"	NA	NA	NA	NA	NA	0.294033469742153	0.996709197935616	"contrasts can be applied only to factors with 2 or more levels"	"abundance"	46	6
"Haemophilus_parainfluenzae.t__SGB9657"	"butyrate"	"butyrate"	"butyrate"	NA	NA	NA	NA	NA	0.799165930306637	0.996709197935616	"contrasts can be applied only to factors with 2 or more levels"	"abundance"	46	6
"Haemophilus_parainfluenzae.t__SGB9657"	"Delivery_mode"	"C-section"	"Delivery_modeC-section"	NA	NA	NA	NA	NA	0.835711584313401	0.996709197935616	"contrasts can be applied only to factors with 2 or more levels"	"abundance"	46	6
"Haemophilus_parainfluenzae.t__SGB9657"	"Ethnicity"	"European"	"EthnicityEuropean"	NA	NA	NA	NA	NA	0.903545940236849	0.996709197935616	"contrasts can be applied only to factors with 2 or more levels"	"abundance"	46	6
"Haemophilus_parainfluenzae.t__SGB9657"	"Feeding_method"	"Breastfed"	"Feeding_methodBreastfed"	NA	NA	NA	NA	NA	0.289431251913413	0.996709197935616	"contrasts can be applied only to factors with 2 or more levels"	"abundance"	46	6
"Haemophilus_parainfluenzae.t__SGB9657"	"isobutyrate"	"isobutyrate"	"isobutyrate"	NA	NA	NA	NA	NA	0.521921095296283	0.996709197935616	"contrasts can be applied only to factors with 2 or more levels"	"abundance"	46	6
"Haemophilus_parainfluenzae.t__SGB9657"	"Probiotics"	"Yes"	"ProbioticsYes"	NA	NA	NA	NA	NA	0.600970128694363	0.996709197935616	"contrasts can be applied only to factors with 2 or more levels"	"abundance"	46	6
"Haemophilus_parainfluenzae.t__SGB9657"	"propionate"	"propionate"	"propionate"	NA	NA	NA	NA	NA	0.590396489746601	0.996709197935616	"contrasts can be applied only to factors with 2 or more levels"	"abundance"	46	6
"Haemophilus_parainfluenzae.t__SGB9657"	"Read_depth"	"Read_depth"	"Read_depth"	NA	NA	NA	NA	NA	0.352749711816413	0.996709197935616	"contrasts can be applied only to factors with 2 or more levels"	"abundance"	46	6
"Haemophilus_parainfluenzae.t__SGB9657"	"Sex"	"Female"	"SexFemale"	NA	NA	NA	NA	NA	0.927861818391526	0.996709197935616	"contrasts can be applied only to factors with 2 or more levels"	"abundance"	46	6
"Haemophilus_parainfluenzae.t__SGB9657"	"Termness"	"preterm"	"Termnesspreterm"	NA	NA	NA	NA	NA	0.999363470373889	0.999363470373889	"contrasts can be applied only to factors with 2 or more levels"	"abundance"	46	6
"Haemophilus_parainfluenzae.t__SGB9663_group"	"acetate"	"acetate"	"acetate"	NA	NA	NA	NA	NA	0.667257809143278	0.996709197935616	"contrasts can be applied only to factors with 2 or more levels"	"abundance"	46	17
"Haemophilus_parainfluenzae.t__SGB9663_group"	"Antibiotics"	"Yes"	"AntibioticsYes"	NA	NA	NA	NA	NA	0.801227333999295	0.996709197935616	"contrasts can be applied only to factors with 2 or more levels"	"abundance"	46	17
"Haemophilus_parainfluenzae.t__SGB9663_group"	"butyrate"	"butyrate"	"butyrate"	NA	NA	NA	NA	NA	0.516966081438195	0.996709197935616	"contrasts can be applied only to factors with 2 or more levels"	"abundance"	46	17
"Haemophilus_parainfluenzae.t__SGB9663_group"	"Delivery_mode"	"C-section"	"Delivery_modeC-section"	NA	NA	NA	NA	NA	0.829051023102247	0.996709197935616	"contrasts can be applied only to factors with 2 or more levels"	"abundance"	46	17
"Haemophilus_parainfluenzae.t__SGB9663_group"	"Ethnicity"	"European"	"EthnicityEuropean"	NA	NA	NA	NA	NA	0.278768862000315	0.996709197935616	"contrasts can be applied only to factors with 2 or more levels"	"abundance"	46	17
"Haemophilus_parainfluenzae.t__SGB9663_group"	"Feeding_method"	"Breastfed"	"Feeding_methodBreastfed"	NA	NA	NA	NA	NA	0.112144871322106	0.996709197935616	"contrasts can be applied only to factors with 2 or more levels"	"abundance"	46	17
"Haemophilus_parainfluenzae.t__SGB9663_group"	"isobutyrate"	"isobutyrate"	"isobutyrate"	NA	NA	NA	NA	NA	0.638075583349692	0.996709197935616	"contrasts can be applied only to factors with 2 or more levels"	"abundance"	46	17
"Haemophilus_parainfluenzae.t__SGB9663_group"	"Probiotics"	"Yes"	"ProbioticsYes"	NA	NA	NA	NA	NA	0.794969546763646	0.996709197935616	"contrasts can be applied only to factors with 2 or more levels"	"abundance"	46	17
"Haemophilus_parainfluenzae.t__SGB9663_group"	"propionate"	"propionate"	"propionate"	NA	NA	NA	NA	NA	0.625079017180513	0.996709197935616	"contrasts can be applied only to factors with 2 or more levels"	"abundance"	46	17
"Haemophilus_parainfluenzae.t__SGB9663_group"	"Read_depth"	"Read_depth"	"Read_depth"	NA	NA	NA	NA	NA	0.837660373857518	0.996709197935616	"contrasts can be applied only to factors with 2 or more levels"	"abundance"	46	17
"Haemophilus_parainfluenzae.t__SGB9663_group"	"Sex"	"Female"	"SexFemale"	NA	NA	NA	NA	NA	0.820143314379124	0.996709197935616	"contrasts can be applied only to factors with 2 or more levels"	"abundance"	46	17
"Haemophilus_parainfluenzae.t__SGB9663_group"	"Termness"	"preterm"	"Termnesspreterm"	NA	NA	NA	NA	NA	0.199959657415324	0.996709197935616	"contrasts can be applied only to factors with 2 or more levels"	"abundance"	46	17
"Klebsiella_grimontii.t__SGB10120"	"acetate"	"acetate"	"acetate"	NA	NA	NA	NA	NA	0.691994515586688	0.996709197935616	"contrasts can be applied only to factors with 2 or more levels"	"abundance"	46	8
"Klebsiella_grimontii.t__SGB10120"	"Antibiotics"	"Yes"	"AntibioticsYes"	NA	NA	NA	NA	NA	0.142990287010793	0.996709197935616	"contrasts can be applied only to factors with 2 or more levels"	"abundance"	46	8
"Klebsiella_grimontii.t__SGB10120"	"butyrate"	"butyrate"	"butyrate"	NA	NA	NA	NA	NA	0.434760949535233	0.996709197935616	"contrasts can be applied only to factors with 2 or more levels"	"abundance"	46	8
"Klebsiella_grimontii.t__SGB10120"	"Delivery_mode"	"C-section"	"Delivery_modeC-section"	NA	NA	NA	NA	NA	0.945169507489974	0.996709197935616	"contrasts can be applied only to factors with 2 or more levels"	"abundance"	46	8
"Klebsiella_grimontii.t__SGB10120"	"Ethnicity"	"European"	"EthnicityEuropean"	NA	NA	NA	NA	NA	0.497474366637706	0.996709197935616	"contrasts can be applied only to factors with 2 or more levels"	"abundance"	46	8
"Klebsiella_grimontii.t__SGB10120"	"Feeding_method"	"Breastfed"	"Feeding_methodBreastfed"	NA	NA	NA	NA	NA	0.189677983851031	0.996709197935616	"contrasts can be applied only to factors with 2 or more levels"	"abundance"	46	8
"Klebsiella_grimontii.t__SGB10120"	"isobutyrate"	"isobutyrate"	"isobutyrate"	NA	NA	NA	NA	NA	0.497434516166938	0.996709197935616	"contrasts can be applied only to factors with 2 or more levels"	"abundance"	46	8
"Klebsiella_grimontii.t__SGB10120"	"Probiotics"	"Yes"	"ProbioticsYes"	NA	NA	NA	NA	NA	0.451725527787995	0.996709197935616	"contrasts can be applied only to factors with 2 or more levels"	"abundance"	46	8
"Klebsiella_grimontii.t__SGB10120"	"propionate"	"propionate"	"propionate"	NA	NA	NA	NA	NA	0.33658931976096	0.996709197935616	"contrasts can be applied only to factors with 2 or more levels"	"abundance"	46	8
"Klebsiella_grimontii.t__SGB10120"	"Read_depth"	"Read_depth"	"Read_depth"	NA	NA	NA	NA	NA	0.357488633447959	0.996709197935616	"contrasts can be applied only to factors with 2 or more levels"	"abundance"	46	8
"Klebsiella_grimontii.t__SGB10120"	"Sex"	"Female"	"SexFemale"	NA	NA	NA	NA	NA	0.932091959749639	0.996709197935616	"contrasts can be applied only to factors with 2 or more levels"	"abundance"	46	8
"Klebsiella_grimontii.t__SGB10120"	"Termness"	"preterm"	"Termnesspreterm"	NA	NA	NA	NA	NA	0.815254901172779	0.996709197935616	"contrasts can be applied only to factors with 2 or more levels"	"abundance"	46	8
"Klebsiella_michiganensis.t__SGB10119"	"acetate"	"acetate"	"acetate"	-46.9173780005372	NA	NA	NA	NA	0.753069934189227	0.996709197935616	"Fitting error (NA p-value returned from fitting procedure)"	"abundance"	46	13
"Klebsiella_michiganensis.t__SGB10119"	"Antibiotics"	"Yes"	"AntibioticsYes"	NA	NA	NA	NA	NA	0.0619940327820391	0.996709197935616	"Fitting error (NA p-value returned from fitting procedure)"	"abundance"	46	13
"Klebsiella_michiganensis.t__SGB10119"	"butyrate"	"butyrate"	"butyrate"	NA	NA	NA	NA	NA	0.450511471497204	0.996709197935616	"Fitting error (NA p-value returned from fitting procedure)"	"abundance"	46	13
"Klebsiella_michiganensis.t__SGB10119"	"Delivery_mode"	"C-section"	"Delivery_modeC-section"	-68.2292132310686	NA	NA	NA	NA	0.803974079129297	0.996709197935616	"Fitting error (NA p-value returned from fitting procedure)"	"abundance"	46	13
"Klebsiella_michiganensis.t__SGB10119"	"Ethnicity"	"European"	"EthnicityEuropean"	NA	NA	NA	NA	NA	0.312756371692118	0.996709197935616	"Fitting error (NA p-value returned from fitting procedure)"	"abundance"	46	13
"Klebsiella_michiganensis.t__SGB10119"	"Feeding_method"	"Breastfed"	"Feeding_methodBreastfed"	-101.373262668959	NA	NA	NA	NA	0.155141049540043	0.996709197935616	"Fitting error (NA p-value returned from fitting procedure)"	"abundance"	46	13
"Klebsiella_michiganensis.t__SGB10119"	"isobutyrate"	"isobutyrate"	"isobutyrate"	93.5687044415086	NA	NA	NA	NA	0.291487817394319	0.996709197935616	"Fitting error (NA p-value returned from fitting procedure)"	"abundance"	46	13
"Klebsiella_michiganensis.t__SGB10119"	"Probiotics"	"Yes"	"ProbioticsYes"	NA	NA	NA	NA	NA	0.0391772940845744	0.996709197935616	"Fitting error (NA p-value returned from fitting procedure)"	"abundance"	46	13
"Klebsiella_michiganensis.t__SGB10119"	"propionate"	"propionate"	"propionate"	-263.409168022442	NA	NA	NA	NA	0.201546004598922	0.996709197935616	"Fitting error (NA p-value returned from fitting procedure)"	"abundance"	46	13
"Klebsiella_michiganensis.t__SGB10119"	"Read_depth"	"Read_depth"	"Read_depth"	15.6827427315982	NA	NA	NA	NA	0.718548426255764	0.996709197935616	"Fitting error (NA p-value returned from fitting procedure)"	"abundance"	46	13
"Klebsiella_michiganensis.t__SGB10119"	"Sex"	"Female"	"SexFemale"	-56.8218514567443	NA	NA	NA	NA	0.519393695102984	0.996709197935616	"Fitting error (NA p-value returned from fitting procedure)"	"abundance"	46	13
"Klebsiella_michiganensis.t__SGB10119"	"Termness"	"preterm"	"Termnesspreterm"	-27.9217004952753	NA	NA	NA	NA	0.414769492112493	0.996709197935616	"Fitting error (NA p-value returned from fitting procedure)"	"abundance"	46	13
"Klebsiella_variicola.t__SGB10114"	"acetate"	"acetate"	"acetate"	NA	NA	NA	NA	NA	0.254060632049678	0.996709197935616	"No data points have the baseline factor level"	"abundance"	46	11
"Klebsiella_variicola.t__SGB10114"	"Antibiotics"	"Yes"	"AntibioticsYes"	NA	NA	NA	NA	NA	0.683994993452699	0.996709197935616	"No data points have the baseline factor level"	"abundance"	46	11
"Klebsiella_variicola.t__SGB10114"	"butyrate"	"butyrate"	"butyrate"	NA	NA	NA	NA	NA	0.334740104885576	0.996709197935616	"No data points have the baseline factor level"	"abundance"	46	11
"Klebsiella_variicola.t__SGB10114"	"Delivery_mode"	"C-section"	"Delivery_modeC-section"	NA	NA	NA	NA	NA	0.111720208045259	0.996709197935616	"No data points have the baseline factor level"	"abundance"	46	11
"Klebsiella_variicola.t__SGB10114"	"Ethnicity"	"European"	"EthnicityEuropean"	NA	NA	NA	NA	NA	0.588905377228528	0.996709197935616	"No data points have the baseline factor level"	"abundance"	46	11
"Klebsiella_variicola.t__SGB10114"	"Feeding_method"	"Breastfed"	"Feeding_methodBreastfed"	NA	NA	NA	NA	NA	0.662327403852935	0.996709197935616	"No data points have the baseline factor level"	"abundance"	46	11
"Klebsiella_variicola.t__SGB10114"	"isobutyrate"	"isobutyrate"	"isobutyrate"	NA	NA	NA	NA	NA	0.793755644081482	0.996709197935616	"No data points have the baseline factor level"	"abundance"	46	11
"Klebsiella_variicola.t__SGB10114"	"Probiotics"	"Yes"	"ProbioticsYes"	NA	NA	NA	NA	NA	0.311402015350922	0.996709197935616	"No data points have the baseline factor level"	"abundance"	46	11
"Klebsiella_variicola.t__SGB10114"	"propionate"	"propionate"	"propionate"	NA	NA	NA	NA	NA	0.290269961225496	0.996709197935616	"No data points have the baseline factor level"	"abundance"	46	11
"Klebsiella_variicola.t__SGB10114"	"Read_depth"	"Read_depth"	"Read_depth"	NA	NA	NA	NA	NA	0.825323367342034	0.996709197935616	"No data points have the baseline factor level"	"abundance"	46	11
"Klebsiella_variicola.t__SGB10114"	"Sex"	"Female"	"SexFemale"	NA	NA	NA	NA	NA	0.764537361065222	0.996709197935616	"No data points have the baseline factor level"	"abundance"	46	11
"Klebsiella_variicola.t__SGB10114"	"Termness"	"preterm"	"Termnesspreterm"	NA	NA	NA	NA	NA	0.464557990358818	0.996709197935616	"No data points have the baseline factor level"	"abundance"	46	11
"Lacticaseibacillus_rhamnosus.t__SGB7144"	"acetate"	"acetate"	"acetate"	NA	NA	NA	NA	NA	0.442237547301708	0.996709197935616	"No data points have the baseline factor level"	"abundance"	46	8
"Lacticaseibacillus_rhamnosus.t__SGB7144"	"Antibiotics"	"Yes"	"AntibioticsYes"	NA	NA	NA	NA	NA	0.828944975139343	0.996709197935616	"No data points have the baseline factor level"	"abundance"	46	8
"Lacticaseibacillus_rhamnosus.t__SGB7144"	"butyrate"	"butyrate"	"butyrate"	NA	NA	NA	NA	NA	0.765210388850158	0.996709197935616	"No data points have the baseline factor level"	"abundance"	46	8
"Lacticaseibacillus_rhamnosus.t__SGB7144"	"Delivery_mode"	"C-section"	"Delivery_modeC-section"	NA	NA	NA	NA	NA	0.330504651934888	0.996709197935616	"No data points have the baseline factor level"	"abundance"	46	8
"Lacticaseibacillus_rhamnosus.t__SGB7144"	"Ethnicity"	"European"	"EthnicityEuropean"	NA	NA	NA	NA	NA	0.519056904452578	0.996709197935616	"No data points have the baseline factor level"	"abundance"	46	8
"Lacticaseibacillus_rhamnosus.t__SGB7144"	"Feeding_method"	"Breastfed"	"Feeding_methodBreastfed"	NA	NA	NA	NA	NA	0.398059171423874	0.996709197935616	"No data points have the baseline factor level"	"abundance"	46	8
"Lacticaseibacillus_rhamnosus.t__SGB7144"	"isobutyrate"	"isobutyrate"	"isobutyrate"	NA	NA	NA	NA	NA	0.897340359626825	0.996709197935616	"No data points have the baseline factor level"	"abundance"	46	8
"Lacticaseibacillus_rhamnosus.t__SGB7144"	"Probiotics"	"Yes"	"ProbioticsYes"	NA	NA	NA	NA	NA	0.373666324658286	0.996709197935616	"No data points have the baseline factor level"	"abundance"	46	8
"Lacticaseibacillus_rhamnosus.t__SGB7144"	"propionate"	"propionate"	"propionate"	NA	NA	NA	NA	NA	0.65707631895841	0.996709197935616	"No data points have the baseline factor level"	"abundance"	46	8
"Lacticaseibacillus_rhamnosus.t__SGB7144"	"Read_depth"	"Read_depth"	"Read_depth"	NA	NA	NA	NA	NA	0.797656970595707	0.996709197935616	"No data points have the baseline factor level"	"abundance"	46	8
"Lacticaseibacillus_rhamnosus.t__SGB7144"	"Sex"	"Female"	"SexFemale"	NA	NA	NA	NA	NA	0.597702778480112	0.996709197935616	"No data points have the baseline factor level"	"abundance"	46	8
"Lacticaseibacillus_rhamnosus.t__SGB7144"	"Termness"	"preterm"	"Termnesspreterm"	NA	NA	NA	NA	NA	0.372230602597918	0.996709197935616	"No data points have the baseline factor level"	"abundance"	46	8
"Lactobacillus_acidophilus.t__SGB7044"	"acetate"	"acetate"	"acetate"	NA	NA	NA	NA	NA	0.414659166320312	0.996709197935616	"No data points have the baseline factor level"	"abundance"	46	10
"Lactobacillus_acidophilus.t__SGB7044"	"Antibiotics"	"Yes"	"AntibioticsYes"	NA	NA	NA	NA	NA	0.364673881281465	0.996709197935616	"No data points have the baseline factor level"	"abundance"	46	10
"Lactobacillus_acidophilus.t__SGB7044"	"butyrate"	"butyrate"	"butyrate"	NA	NA	NA	NA	NA	0.960517898656114	0.996709197935616	"No data points have the baseline factor level"	"abundance"	46	10
"Lactobacillus_acidophilus.t__SGB7044"	"Delivery_mode"	"C-section"	"Delivery_modeC-section"	NA	NA	NA	NA	NA	0.784337466229398	0.996709197935616	"No data points have the baseline factor level"	"abundance"	46	10
"Lactobacillus_acidophilus.t__SGB7044"	"Ethnicity"	"European"	"EthnicityEuropean"	NA	NA	NA	NA	NA	0.132895837552509	0.996709197935616	"No data points have the baseline factor level"	"abundance"	46	10
"Lactobacillus_acidophilus.t__SGB7044"	"Feeding_method"	"Breastfed"	"Feeding_methodBreastfed"	NA	NA	NA	NA	NA	0.835953509455513	0.996709197935616	"No data points have the baseline factor level"	"abundance"	46	10
"Lactobacillus_acidophilus.t__SGB7044"	"isobutyrate"	"isobutyrate"	"isobutyrate"	NA	NA	NA	NA	NA	0.371129190727922	0.996709197935616	"No data points have the baseline factor level"	"abundance"	46	10
"Lactobacillus_acidophilus.t__SGB7044"	"Probiotics"	"Yes"	"ProbioticsYes"	NA	NA	NA	NA	NA	0.279875793926898	0.996709197935616	"No data points have the baseline factor level"	"abundance"	46	10
"Lactobacillus_acidophilus.t__SGB7044"	"propionate"	"propionate"	"propionate"	NA	NA	NA	NA	NA	0.60090779777425	0.996709197935616	"No data points have the baseline factor level"	"abundance"	46	10
"Lactobacillus_acidophilus.t__SGB7044"	"Read_depth"	"Read_depth"	"Read_depth"	NA	NA	NA	NA	NA	0.461185745298564	0.996709197935616	"No data points have the baseline factor level"	"abundance"	46	10
"Lactobacillus_acidophilus.t__SGB7044"	"Sex"	"Female"	"SexFemale"	NA	NA	NA	NA	NA	0.540300079460555	0.996709197935616	"No data points have the baseline factor level"	"abundance"	46	10
"Lactobacillus_acidophilus.t__SGB7044"	"Termness"	"preterm"	"Termnesspreterm"	NA	NA	NA	NA	NA	0.874238792119337	0.996709197935616	"No data points have the baseline factor level"	"abundance"	46	10
"Raoultella_ornithinolytica.t__SGB10124"	"acetate"	"acetate"	"acetate"	NA	NA	NA	NA	NA	0.691994515586688	0.996709197935616	"contrasts can be applied only to factors with 2 or more levels"	"abundance"	46	7
"Raoultella_ornithinolytica.t__SGB10124"	"Antibiotics"	"Yes"	"AntibioticsYes"	NA	NA	NA	NA	NA	0.142990287010793	0.996709197935616	"contrasts can be applied only to factors with 2 or more levels"	"abundance"	46	7
"Raoultella_ornithinolytica.t__SGB10124"	"butyrate"	"butyrate"	"butyrate"	NA	NA	NA	NA	NA	0.434760949535233	0.996709197935616	"contrasts can be applied only to factors with 2 or more levels"	"abundance"	46	7
"Raoultella_ornithinolytica.t__SGB10124"	"Delivery_mode"	"C-section"	"Delivery_modeC-section"	NA	NA	NA	NA	NA	0.945169507489974	0.996709197935616	"contrasts can be applied only to factors with 2 or more levels"	"abundance"	46	7
"Raoultella_ornithinolytica.t__SGB10124"	"Ethnicity"	"European"	"EthnicityEuropean"	NA	NA	NA	NA	NA	0.497474366637706	0.996709197935616	"contrasts can be applied only to factors with 2 or more levels"	"abundance"	46	7
"Raoultella_ornithinolytica.t__SGB10124"	"Feeding_method"	"Breastfed"	"Feeding_methodBreastfed"	NA	NA	NA	NA	NA	0.189677983851031	0.996709197935616	"contrasts can be applied only to factors with 2 or more levels"	"abundance"	46	7
"Raoultella_ornithinolytica.t__SGB10124"	"isobutyrate"	"isobutyrate"	"isobutyrate"	NA	NA	NA	NA	NA	0.497434516166938	0.996709197935616	"contrasts can be applied only to factors with 2 or more levels"	"abundance"	46	7
"Raoultella_ornithinolytica.t__SGB10124"	"Probiotics"	"Yes"	"ProbioticsYes"	NA	NA	NA	NA	NA	0.451725527787995	0.996709197935616	"contrasts can be applied only to factors with 2 or more levels"	"abundance"	46	7
"Raoultella_ornithinolytica.t__SGB10124"	"propionate"	"propionate"	"propionate"	NA	NA	NA	NA	NA	0.33658931976096	0.996709197935616	"contrasts can be applied only to factors with 2 or more levels"	"abundance"	46	7
"Raoultella_ornithinolytica.t__SGB10124"	"Read_depth"	"Read_depth"	"Read_depth"	NA	NA	NA	NA	NA	0.357488633447959	0.996709197935616	"contrasts can be applied only to factors with 2 or more levels"	"abundance"	46	7
"Raoultella_ornithinolytica.t__SGB10124"	"Sex"	"Female"	"SexFemale"	NA	NA	NA	NA	NA	0.932091959749639	0.996709197935616	"contrasts can be applied only to factors with 2 or more levels"	"abundance"	46	7
"Raoultella_ornithinolytica.t__SGB10124"	"Termness"	"preterm"	"Termnesspreterm"	NA	NA	NA	NA	NA	0.815254901172779	0.996709197935616	"contrasts can be applied only to factors with 2 or more levels"	"abundance"	46	7
"Scardovia_wiggsiae.t__SGB15494"	"acetate"	"acetate"	"acetate"	NA	NA	NA	NA	NA	0.96123348760156	0.996709197935616	"contrasts can be applied only to factors with 2 or more levels"	"abundance"	46	5
"Scardovia_wiggsiae.t__SGB15494"	"Antibiotics"	"Yes"	"AntibioticsYes"	NA	NA	NA	NA	NA	0.892028299696754	0.996709197935616	"contrasts can be applied only to factors with 2 or more levels"	"abundance"	46	5
"Scardovia_wiggsiae.t__SGB15494"	"butyrate"	"butyrate"	"butyrate"	NA	NA	NA	NA	NA	0.612383794578684	0.996709197935616	"contrasts can be applied only to factors with 2 or more levels"	"abundance"	46	5
"Scardovia_wiggsiae.t__SGB15494"	"Delivery_mode"	"C-section"	"Delivery_modeC-section"	NA	NA	NA	NA	NA	0.80943284107928	0.996709197935616	"contrasts can be applied only to factors with 2 or more levels"	"abundance"	46	5
"Scardovia_wiggsiae.t__SGB15494"	"Ethnicity"	"European"	"EthnicityEuropean"	NA	NA	NA	NA	NA	0.351185617706157	0.996709197935616	"contrasts can be applied only to factors with 2 or more levels"	"abundance"	46	5
"Scardovia_wiggsiae.t__SGB15494"	"Feeding_method"	"Breastfed"	"Feeding_methodBreastfed"	NA	NA	NA	NA	NA	0.656799036790898	0.996709197935616	"contrasts can be applied only to factors with 2 or more levels"	"abundance"	46	5
"Scardovia_wiggsiae.t__SGB15494"	"isobutyrate"	"isobutyrate"	"isobutyrate"	NA	NA	NA	NA	NA	0.824620573194702	0.996709197935616	"contrasts can be applied only to factors with 2 or more levels"	"abundance"	46	5
"Scardovia_wiggsiae.t__SGB15494"	"Probiotics"	"Yes"	"ProbioticsYes"	NA	NA	NA	NA	NA	0.831819769348385	0.996709197935616	"contrasts can be applied only to factors with 2 or more levels"	"abundance"	46	5
"Scardovia_wiggsiae.t__SGB15494"	"propionate"	"propionate"	"propionate"	NA	NA	NA	NA	NA	0.992751276719661	0.999363470373889	"contrasts can be applied only to factors with 2 or more levels"	"abundance"	46	5
"Scardovia_wiggsiae.t__SGB15494"	"Read_depth"	"Read_depth"	"Read_depth"	NA	NA	NA	NA	NA	0.840663875664126	0.996709197935616	"contrasts can be applied only to factors with 2 or more levels"	"abundance"	46	5
"Scardovia_wiggsiae.t__SGB15494"	"Sex"	"Female"	"SexFemale"	NA	NA	NA	NA	NA	0.700643729327234	0.996709197935616	"contrasts can be applied only to factors with 2 or more levels"	"abundance"	46	5
"Scardovia_wiggsiae.t__SGB15494"	"Termness"	"preterm"	"Termnesspreterm"	NA	NA	NA	NA	NA	0.461618113508399	0.996709197935616	"contrasts can be applied only to factors with 2 or more levels"	"abundance"	46	5
"Staphylococcus_haemolyticus.t__SGB7861"	"acetate"	"acetate"	"acetate"	NA	NA	NA	NA	NA	0.625433331807865	0.996709197935616	"Fitting error (NA p-value returned from fitting procedure)"	"abundance"	46	5
"Staphylococcus_haemolyticus.t__SGB7861"	"Antibiotics"	"Yes"	"AntibioticsYes"	NA	NA	NA	NA	NA	0.698083830452404	0.996709197935616	"Fitting error (NA p-value returned from fitting procedure)"	"abundance"	46	5
"Staphylococcus_haemolyticus.t__SGB7861"	"butyrate"	"butyrate"	"butyrate"	NA	NA	NA	NA	NA	0.130796976969298	0.996709197935616	"Fitting error (NA p-value returned from fitting procedure)"	"abundance"	46	5
"Staphylococcus_haemolyticus.t__SGB7861"	"Delivery_mode"	"C-section"	"Delivery_modeC-section"	NA	NA	NA	NA	NA	0.505151909813009	0.996709197935616	"Fitting error (NA p-value returned from fitting procedure)"	"abundance"	46	5
"Staphylococcus_haemolyticus.t__SGB7861"	"Ethnicity"	"European"	"EthnicityEuropean"	NA	NA	NA	NA	NA	0.339184913548912	0.996709197935616	"Fitting error (NA p-value returned from fitting procedure)"	"abundance"	46	5
"Staphylococcus_haemolyticus.t__SGB7861"	"Feeding_method"	"Breastfed"	"Feeding_methodBreastfed"	0.60393079028046	NA	NA	NA	NA	0.681127863796398	0.996709197935616	"Fitting error (NA p-value returned from fitting procedure)"	"abundance"	46	5
"Staphylococcus_haemolyticus.t__SGB7861"	"isobutyrate"	"isobutyrate"	"isobutyrate"	NA	NA	NA	NA	NA	0.147752341235489	0.996709197935616	"Fitting error (NA p-value returned from fitting procedure)"	"abundance"	46	5
"Staphylococcus_haemolyticus.t__SGB7861"	"Probiotics"	"Yes"	"ProbioticsYes"	NA	NA	NA	NA	NA	0.301445587870777	0.996709197935616	"Fitting error (NA p-value returned from fitting procedure)"	"abundance"	46	5
"Staphylococcus_haemolyticus.t__SGB7861"	"propionate"	"propionate"	"propionate"	NA	NA	NA	NA	NA	0.673696279915823	0.996709197935616	"Fitting error (NA p-value returned from fitting procedure)"	"abundance"	46	5
"Staphylococcus_haemolyticus.t__SGB7861"	"Read_depth"	"Read_depth"	"Read_depth"	NA	NA	NA	NA	NA	0.739426495967686	0.996709197935616	"Fitting error (NA p-value returned from fitting procedure)"	"abundance"	46	5
"Staphylococcus_haemolyticus.t__SGB7861"	"Sex"	"Female"	"SexFemale"	-0.77795069097006	NA	NA	NA	NA	0.749637963857932	0.996709197935616	"Fitting error (NA p-value returned from fitting procedure)"	"abundance"	46	5
"Staphylococcus_haemolyticus.t__SGB7861"	"Termness"	"preterm"	"Termnesspreterm"	2.22709407998368	NA	NA	NA	NA	0.621862195920797	0.996709197935616	"Fitting error (NA p-value returned from fitting procedure)"	"abundance"	46	5
"Staphylococcus_hominis.t__SGB7858"	"acetate"	"acetate"	"acetate"	NA	NA	NA	NA	NA	0.487626552240313	0.996709197935616	"contrasts can be applied only to factors with 2 or more levels"	"abundance"	46	13
"Staphylococcus_hominis.t__SGB7858"	"Antibiotics"	"Yes"	"AntibioticsYes"	NA	NA	NA	NA	NA	0.390027966116311	0.996709197935616	"contrasts can be applied only to factors with 2 or more levels"	"abundance"	46	13
"Staphylococcus_hominis.t__SGB7858"	"butyrate"	"butyrate"	"butyrate"	NA	NA	NA	NA	NA	0.381626827383673	0.996709197935616	"contrasts can be applied only to factors with 2 or more levels"	"abundance"	46	13
"Staphylococcus_hominis.t__SGB7858"	"Delivery_mode"	"C-section"	"Delivery_modeC-section"	NA	NA	NA	NA	NA	0.253668146846162	0.996709197935616	"contrasts can be applied only to factors with 2 or more levels"	"abundance"	46	13
"Staphylococcus_hominis.t__SGB7858"	"Ethnicity"	"European"	"EthnicityEuropean"	NA	NA	NA	NA	NA	0.831617376648963	0.996709197935616	"contrasts can be applied only to factors with 2 or more levels"	"abundance"	46	13
"Staphylococcus_hominis.t__SGB7858"	"Feeding_method"	"Breastfed"	"Feeding_methodBreastfed"	NA	NA	NA	NA	NA	0.941326931486609	0.996709197935616	"contrasts can be applied only to factors with 2 or more levels"	"abundance"	46	13
"Staphylococcus_hominis.t__SGB7858"	"isobutyrate"	"isobutyrate"	"isobutyrate"	NA	NA	NA	NA	NA	0.587514485401758	0.996709197935616	"contrasts can be applied only to factors with 2 or more levels"	"abundance"	46	13
"Staphylococcus_hominis.t__SGB7858"	"Probiotics"	"Yes"	"ProbioticsYes"	NA	NA	NA	NA	NA	0.503495786796973	0.996709197935616	"contrasts can be applied only to factors with 2 or more levels"	"abundance"	46	13
"Staphylococcus_hominis.t__SGB7858"	"propionate"	"propionate"	"propionate"	NA	NA	NA	NA	NA	0.952521431157949	0.996709197935616	"contrasts can be applied only to factors with 2 or more levels"	"abundance"	46	13
"Staphylococcus_hominis.t__SGB7858"	"Read_depth"	"Read_depth"	"Read_depth"	NA	NA	NA	NA	NA	0.654323001178047	0.996709197935616	"contrasts can be applied only to factors with 2 or more levels"	"abundance"	46	13
"Staphylococcus_hominis.t__SGB7858"	"Sex"	"Female"	"SexFemale"	NA	NA	NA	NA	NA	0.670251469740498	0.996709197935616	"contrasts can be applied only to factors with 2 or more levels"	"abundance"	46	13
"Staphylococcus_hominis.t__SGB7858"	"Termness"	"preterm"	"Termnesspreterm"	NA	NA	NA	NA	NA	0.241394523827633	0.996709197935616	"contrasts can be applied only to factors with 2 or more levels"	"abundance"	46	13
"Staphylococcus_lugdunensis.t__SGB7850"	"acetate"	"acetate"	"acetate"	NA	NA	NA	NA	NA	0.589494844867927	0.996709197935616	"contrasts can be applied only to factors with 2 or more levels"	"abundance"	46	9
"Staphylococcus_lugdunensis.t__SGB7850"	"Antibiotics"	"Yes"	"AntibioticsYes"	NA	NA	NA	NA	NA	0.16881922639717	0.996709197935616	"contrasts can be applied only to factors with 2 or more levels"	"abundance"	46	9
"Staphylococcus_lugdunensis.t__SGB7850"	"butyrate"	"butyrate"	"butyrate"	NA	NA	NA	NA	NA	0.956892279866404	0.996709197935616	"contrasts can be applied only to factors with 2 or more levels"	"abundance"	46	9
"Staphylococcus_lugdunensis.t__SGB7850"	"Delivery_mode"	"C-section"	"Delivery_modeC-section"	NA	NA	NA	NA	NA	0.744978134543202	0.996709197935616	"contrasts can be applied only to factors with 2 or more levels"	"abundance"	46	9
"Staphylococcus_lugdunensis.t__SGB7850"	"Ethnicity"	"European"	"EthnicityEuropean"	NA	NA	NA	NA	NA	0.958102383621372	0.996709197935616	"contrasts can be applied only to factors with 2 or more levels"	"abundance"	46	9
"Staphylococcus_lugdunensis.t__SGB7850"	"Feeding_method"	"Breastfed"	"Feeding_methodBreastfed"	NA	NA	NA	NA	NA	0.306227103291855	0.996709197935616	"contrasts can be applied only to factors with 2 or more levels"	"abundance"	46	9
"Staphylococcus_lugdunensis.t__SGB7850"	"isobutyrate"	"isobutyrate"	"isobutyrate"	NA	NA	NA	NA	NA	0.969771111504924	0.996709197935616	"contrasts can be applied only to factors with 2 or more levels"	"abundance"	46	9
"Staphylococcus_lugdunensis.t__SGB7850"	"Probiotics"	"Yes"	"ProbioticsYes"	NA	NA	NA	NA	NA	0.986336793288228	0.999363470373889	"contrasts can be applied only to factors with 2 or more levels"	"abundance"	46	9
"Staphylococcus_lugdunensis.t__SGB7850"	"propionate"	"propionate"	"propionate"	NA	NA	NA	NA	NA	0.472036536980403	0.996709197935616	"contrasts can be applied only to factors with 2 or more levels"	"abundance"	46	9
"Staphylococcus_lugdunensis.t__SGB7850"	"Read_depth"	"Read_depth"	"Read_depth"	NA	NA	NA	NA	NA	0.886059157553647	0.996709197935616	"contrasts can be applied only to factors with 2 or more levels"	"abundance"	46	9
"Staphylococcus_lugdunensis.t__SGB7850"	"Sex"	"Female"	"SexFemale"	NA	NA	NA	NA	NA	0.11664412586531	0.996709197935616	"contrasts can be applied only to factors with 2 or more levels"	"abundance"	46	9
"Staphylococcus_lugdunensis.t__SGB7850"	"Termness"	"preterm"	"Termnesspreterm"	NA	NA	NA	NA	NA	0.943342514190272	0.996709197935616	"contrasts can be applied only to factors with 2 or more levels"	"abundance"	46	9
"Streptococcus_mitis.t__SGB8168"	"acetate"	"acetate"	"acetate"	NA	NA	NA	NA	NA	0.998409937397914	0.999363470373889	"contrasts can be applied only to factors with 2 or more levels"	"abundance"	46	9
"Streptococcus_mitis.t__SGB8168"	"Antibiotics"	"Yes"	"AntibioticsYes"	NA	NA	NA	NA	NA	0.278865849801096	0.996709197935616	"contrasts can be applied only to factors with 2 or more levels"	"abundance"	46	9
"Streptococcus_mitis.t__SGB8168"	"butyrate"	"butyrate"	"butyrate"	NA	NA	NA	NA	NA	0.890692779111416	0.996709197935616	"contrasts can be applied only to factors with 2 or more levels"	"abundance"	46	9
"Streptococcus_mitis.t__SGB8168"	"Delivery_mode"	"C-section"	"Delivery_modeC-section"	NA	NA	NA	NA	NA	0.160967551739629	0.996709197935616	"contrasts can be applied only to factors with 2 or more levels"	"abundance"	46	9
"Streptococcus_mitis.t__SGB8168"	"Ethnicity"	"European"	"EthnicityEuropean"	NA	NA	NA	NA	NA	0.977195782382202	0.999363470373889	"contrasts can be applied only to factors with 2 or more levels"	"abundance"	46	9
"Streptococcus_mitis.t__SGB8168"	"Feeding_method"	"Breastfed"	"Feeding_methodBreastfed"	NA	NA	NA	NA	NA	0.265387914724928	0.996709197935616	"contrasts can be applied only to factors with 2 or more levels"	"abundance"	46	9
"Streptococcus_mitis.t__SGB8168"	"isobutyrate"	"isobutyrate"	"isobutyrate"	NA	NA	NA	NA	NA	0.504007340843972	0.996709197935616	"contrasts can be applied only to factors with 2 or more levels"	"abundance"	46	9
"Streptococcus_mitis.t__SGB8168"	"Probiotics"	"Yes"	"ProbioticsYes"	NA	NA	NA	NA	NA	0.500207046992813	0.996709197935616	"contrasts can be applied only to factors with 2 or more levels"	"abundance"	46	9
"Streptococcus_mitis.t__SGB8168"	"propionate"	"propionate"	"propionate"	NA	NA	NA	NA	NA	0.122574408017846	0.996709197935616	"contrasts can be applied only to factors with 2 or more levels"	"abundance"	46	9
"Streptococcus_mitis.t__SGB8168"	"Read_depth"	"Read_depth"	"Read_depth"	NA	NA	NA	NA	NA	0.809863324967256	0.996709197935616	"contrasts can be applied only to factors with 2 or more levels"	"abundance"	46	9
"Streptococcus_mitis.t__SGB8168"	"Sex"	"Female"	"SexFemale"	NA	NA	NA	NA	NA	0.203118500278201	0.996709197935616	"contrasts can be applied only to factors with 2 or more levels"	"abundance"	46	9
"Streptococcus_mitis.t__SGB8168"	"Termness"	"preterm"	"Termnesspreterm"	NA	NA	NA	NA	NA	0.69059228731183	0.996709197935616	"contrasts can be applied only to factors with 2 or more levels"	"abundance"	46	9
"Streptococcus_parasanguinis.t__SGB8071"	"acetate"	"acetate"	"acetate"	NA	NA	NA	NA	NA	0.913812449084221	0.996709197935616	"contrasts can be applied only to factors with 2 or more levels"	"abundance"	46	12
"Streptococcus_parasanguinis.t__SGB8071"	"Antibiotics"	"Yes"	"AntibioticsYes"	NA	NA	NA	NA	NA	0.939619778344833	0.996709197935616	"contrasts can be applied only to factors with 2 or more levels"	"abundance"	46	12
"Streptococcus_parasanguinis.t__SGB8071"	"butyrate"	"butyrate"	"butyrate"	NA	NA	NA	NA	NA	0.455842848855046	0.996709197935616	"contrasts can be applied only to factors with 2 or more levels"	"abundance"	46	12
"Streptococcus_parasanguinis.t__SGB8071"	"Delivery_mode"	"C-section"	"Delivery_modeC-section"	NA	NA	NA	NA	NA	0.724813411691403	0.996709197935616	"contrasts can be applied only to factors with 2 or more levels"	"abundance"	46	12
"Streptococcus_parasanguinis.t__SGB8071"	"Ethnicity"	"European"	"EthnicityEuropean"	NA	NA	NA	NA	NA	0.560764672494665	0.996709197935616	"contrasts can be applied only to factors with 2 or more levels"	"abundance"	46	12
"Streptococcus_parasanguinis.t__SGB8071"	"Feeding_method"	"Breastfed"	"Feeding_methodBreastfed"	NA	NA	NA	NA	NA	0.126523802498808	0.996709197935616	"contrasts can be applied only to factors with 2 or more levels"	"abundance"	46	12
"Streptococcus_parasanguinis.t__SGB8071"	"isobutyrate"	"isobutyrate"	"isobutyrate"	NA	NA	NA	NA	NA	0.952497968105966	0.996709197935616	"contrasts can be applied only to factors with 2 or more levels"	"abundance"	46	12
"Streptococcus_parasanguinis.t__SGB8071"	"Probiotics"	"Yes"	"ProbioticsYes"	NA	NA	NA	NA	NA	0.705805391108611	0.996709197935616	"contrasts can be applied only to factors with 2 or more levels"	"abundance"	46	12
"Streptococcus_parasanguinis.t__SGB8071"	"propionate"	"propionate"	"propionate"	NA	NA	NA	NA	NA	0.503867651643262	0.996709197935616	"contrasts can be applied only to factors with 2 or more levels"	"abundance"	46	12
"Streptococcus_parasanguinis.t__SGB8071"	"Read_depth"	"Read_depth"	"Read_depth"	NA	NA	NA	NA	NA	0.72347482340435	0.996709197935616	"contrasts can be applied only to factors with 2 or more levels"	"abundance"	46	12
"Streptococcus_parasanguinis.t__SGB8071"	"Sex"	"Female"	"SexFemale"	NA	NA	NA	NA	NA	0.36210615544998	0.996709197935616	"contrasts can be applied only to factors with 2 or more levels"	"abundance"	46	12
"Streptococcus_parasanguinis.t__SGB8071"	"Termness"	"preterm"	"Termnesspreterm"	NA	NA	NA	NA	NA	0.495233716338024	0.996709197935616	"contrasts can be applied only to factors with 2 or more levels"	"abundance"	46	12
"Streptococcus_vestibularis.t__SGB8003"	"acetate"	"acetate"	"acetate"	0.789343532480687	NA	NA	NA	NA	0.173936592096002	0.996709197935616	"Fitting error (NA p-value returned from fitting procedure)"	"abundance"	46	13
"Streptococcus_vestibularis.t__SGB8003"	"Antibiotics"	"Yes"	"AntibioticsYes"	-9.71642123071708	NA	NA	NA	NA	0.696771552960702	0.996709197935616	"Fitting error (NA p-value returned from fitting procedure)"	"abundance"	46	13
"Streptococcus_vestibularis.t__SGB8003"	"butyrate"	"butyrate"	"butyrate"	NA	NA	NA	NA	NA	0.10858158591802	0.996709197935616	"Fitting error (NA p-value returned from fitting procedure)"	"abundance"	46	13
"Streptococcus_vestibularis.t__SGB8003"	"Delivery_mode"	"C-section"	"Delivery_modeC-section"	-7.96911952944002	NA	NA	NA	NA	0.174154743963753	0.996709197935616	"Fitting error (NA p-value returned from fitting procedure)"	"abundance"	46	13
"Streptococcus_vestibularis.t__SGB8003"	"Ethnicity"	"European"	"EthnicityEuropean"	0.398346437379051	NA	NA	NA	NA	0.16715869638626	0.996709197935616	"Fitting error (NA p-value returned from fitting procedure)"	"abundance"	46	13
"Streptococcus_vestibularis.t__SGB8003"	"Feeding_method"	"Breastfed"	"Feeding_methodBreastfed"	-2.30450360977949	NA	NA	NA	NA	0.404328458167767	0.996709197935616	"Fitting error (NA p-value returned from fitting procedure)"	"abundance"	46	13
"Streptococcus_vestibularis.t__SGB8003"	"isobutyrate"	"isobutyrate"	"isobutyrate"	NA	NA	NA	NA	NA	0.819221165344531	0.996709197935616	"Fitting error (NA p-value returned from fitting procedure)"	"abundance"	46	13
"Streptococcus_vestibularis.t__SGB8003"	"Probiotics"	"Yes"	"ProbioticsYes"	-2.79970581613522	NA	NA	NA	NA	0.603900715021909	0.996709197935616	"Fitting error (NA p-value returned from fitting procedure)"	"abundance"	46	13
"Streptococcus_vestibularis.t__SGB8003"	"propionate"	"propionate"	"propionate"	NA	NA	NA	NA	NA	0.368347963969468	0.996709197935616	"Fitting error (NA p-value returned from fitting procedure)"	"abundance"	46	13
"Streptococcus_vestibularis.t__SGB8003"	"Read_depth"	"Read_depth"	"Read_depth"	1.34738079226301	NA	NA	NA	NA	0.594357532681068	0.996709197935616	"Fitting error (NA p-value returned from fitting procedure)"	"abundance"	46	13
"Streptococcus_vestibularis.t__SGB8003"	"Sex"	"Female"	"SexFemale"	2.07979350958985	NA	NA	NA	NA	0.724539559617358	0.996709197935616	"Fitting error (NA p-value returned from fitting procedure)"	"abundance"	46	13
"Streptococcus_vestibularis.t__SGB8003"	"Termness"	"preterm"	"Termnesspreterm"	9.43983308856027	NA	NA	NA	NA	0.458957324225855	0.996709197935616	"Fitting error (NA p-value returned from fitting procedure)"	"abundance"	46	13
"Veillonella_atypica.t__SGB6936"	"acetate"	"acetate"	"acetate"	NA	NA	NA	NA	NA	0.78377934992134	0.996709197935616	"contrasts can be applied only to factors with 2 or more levels"	"abundance"	46	13
"Veillonella_atypica.t__SGB6936"	"Antibiotics"	"Yes"	"AntibioticsYes"	NA	NA	NA	NA	NA	0.186708307436772	0.996709197935616	"contrasts can be applied only to factors with 2 or more levels"	"abundance"	46	13
"Veillonella_atypica.t__SGB6936"	"butyrate"	"butyrate"	"butyrate"	NA	NA	NA	NA	NA	0.547793625753318	0.996709197935616	"contrasts can be applied only to factors with 2 or more levels"	"abundance"	46	13
"Veillonella_atypica.t__SGB6936"	"Delivery_mode"	"C-section"	"Delivery_modeC-section"	NA	NA	NA	NA	NA	0.56744932012448	0.996709197935616	"contrasts can be applied only to factors with 2 or more levels"	"abundance"	46	13
"Veillonella_atypica.t__SGB6936"	"Ethnicity"	"European"	"EthnicityEuropean"	NA	NA	NA	NA	NA	0.567377489920026	0.996709197935616	"contrasts can be applied only to factors with 2 or more levels"	"abundance"	46	13
"Veillonella_atypica.t__SGB6936"	"Feeding_method"	"Breastfed"	"Feeding_methodBreastfed"	NA	NA	NA	NA	NA	0.73907813904532	0.996709197935616	"contrasts can be applied only to factors with 2 or more levels"	"abundance"	46	13
"Veillonella_atypica.t__SGB6936"	"isobutyrate"	"isobutyrate"	"isobutyrate"	NA	NA	NA	NA	NA	0.28228752560736	0.996709197935616	"contrasts can be applied only to factors with 2 or more levels"	"abundance"	46	13
"Veillonella_atypica.t__SGB6936"	"Probiotics"	"Yes"	"ProbioticsYes"	NA	NA	NA	NA	NA	0.944446341457638	0.996709197935616	"contrasts can be applied only to factors with 2 or more levels"	"abundance"	46	13
"Veillonella_atypica.t__SGB6936"	"propionate"	"propionate"	"propionate"	NA	NA	NA	NA	NA	0.909159631740196	0.996709197935616	"contrasts can be applied only to factors with 2 or more levels"	"abundance"	46	13
"Veillonella_atypica.t__SGB6936"	"Read_depth"	"Read_depth"	"Read_depth"	NA	NA	NA	NA	NA	0.369072500514602	0.996709197935616	"contrasts can be applied only to factors with 2 or more levels"	"abundance"	46	13
"Veillonella_atypica.t__SGB6936"	"Sex"	"Female"	"SexFemale"	NA	NA	NA	NA	NA	0.570390594138214	0.996709197935616	"contrasts can be applied only to factors with 2 or more levels"	"abundance"	46	13
"Veillonella_atypica.t__SGB6936"	"Termness"	"preterm"	"Termnesspreterm"	NA	NA	NA	NA	NA	0.598793733488884	0.996709197935616	"contrasts can be applied only to factors with 2 or more levels"	"abundance"	46	13
"Veillonella_dispar.t__SGB6952"	"acetate"	"acetate"	"acetate"	NA	NA	NA	NA	NA	0.811116017462155	0.996709197935616	"contrasts can be applied only to factors with 2 or more levels"	"abundance"	46	15
"Veillonella_dispar.t__SGB6952"	"Antibiotics"	"Yes"	"AntibioticsYes"	NA	NA	NA	NA	NA	0.459492544665202	0.996709197935616	"contrasts can be applied only to factors with 2 or more levels"	"abundance"	46	15
"Veillonella_dispar.t__SGB6952"	"butyrate"	"butyrate"	"butyrate"	NA	NA	NA	NA	NA	0.940849106613662	0.996709197935616	"contrasts can be applied only to factors with 2 or more levels"	"abundance"	46	15
"Veillonella_dispar.t__SGB6952"	"Delivery_mode"	"C-section"	"Delivery_modeC-section"	NA	NA	NA	NA	NA	0.434742102415082	0.996709197935616	"contrasts can be applied only to factors with 2 or more levels"	"abundance"	46	15
"Veillonella_dispar.t__SGB6952"	"Ethnicity"	"European"	"EthnicityEuropean"	NA	NA	NA	NA	NA	0.8820115437029	0.996709197935616	"contrasts can be applied only to factors with 2 or more levels"	"abundance"	46	15
"Veillonella_dispar.t__SGB6952"	"Feeding_method"	"Breastfed"	"Feeding_methodBreastfed"	NA	NA	NA	NA	NA	0.331239817989506	0.996709197935616	"contrasts can be applied only to factors with 2 or more levels"	"abundance"	46	15
"Veillonella_dispar.t__SGB6952"	"isobutyrate"	"isobutyrate"	"isobutyrate"	NA	NA	NA	NA	NA	0.239022236402529	0.996709197935616	"contrasts can be applied only to factors with 2 or more levels"	"abundance"	46	15
"Veillonella_dispar.t__SGB6952"	"Probiotics"	"Yes"	"ProbioticsYes"	NA	NA	NA	NA	NA	0.967719670374153	0.996709197935616	"contrasts can be applied only to factors with 2 or more levels"	"abundance"	46	15
"Veillonella_dispar.t__SGB6952"	"propionate"	"propionate"	"propionate"	NA	NA	NA	NA	NA	0.774817086753108	0.996709197935616	"contrasts can be applied only to factors with 2 or more levels"	"abundance"	46	15
"Veillonella_dispar.t__SGB6952"	"Read_depth"	"Read_depth"	"Read_depth"	NA	NA	NA	NA	NA	0.566713706789386	0.996709197935616	"contrasts can be applied only to factors with 2 or more levels"	"abundance"	46	15
"Veillonella_dispar.t__SGB6952"	"Sex"	"Female"	"SexFemale"	NA	NA	NA	NA	NA	0.350385090641267	0.996709197935616	"contrasts can be applied only to factors with 2 or more levels"	"abundance"	46	15
"Veillonella_dispar.t__SGB6952"	"Termness"	"preterm"	"Termnesspreterm"	NA	NA	NA	NA	NA	0.410933252710033	0.996709197935616	"contrasts can be applied only to factors with 2 or more levels"	"abundance"	46	15
"Veillonella_parvula.t__SGB6939"	"acetate"	"acetate"	"acetate"	-1.7128412977145	NA	NA	NA	NA	0.499828578418785	0.996709197935616	"Fitting error (NA p-value returned from fitting procedure)"	"abundance"	46	18
"Veillonella_parvula.t__SGB6939"	"Antibiotics"	"Yes"	"AntibioticsYes"	-4.21570142866951	NA	NA	NA	NA	0.332345547559916	0.996709197935616	"Fitting error (NA p-value returned from fitting procedure)"	"abundance"	46	18
"Veillonella_parvula.t__SGB6939"	"butyrate"	"butyrate"	"butyrate"	NA	NA	NA	NA	NA	0.240747416977111	0.996709197935616	"Fitting error (NA p-value returned from fitting procedure)"	"abundance"	46	18
"Veillonella_parvula.t__SGB6939"	"Delivery_mode"	"C-section"	"Delivery_modeC-section"	-10.5295164591124	NA	NA	NA	NA	0.35105477082202	0.996709197935616	"Fitting error (NA p-value returned from fitting procedure)"	"abundance"	46	18
"Veillonella_parvula.t__SGB6939"	"Ethnicity"	"European"	"EthnicityEuropean"	-3.69663147759288	NA	NA	NA	NA	0.90248623680228	0.996709197935616	"Fitting error (NA p-value returned from fitting procedure)"	"abundance"	46	18
"Veillonella_parvula.t__SGB6939"	"Feeding_method"	"Breastfed"	"Feeding_methodBreastfed"	-5.68727731207855	NA	NA	NA	NA	0.210459045787363	0.996709197935616	"Fitting error (NA p-value returned from fitting procedure)"	"abundance"	46	18
"Veillonella_parvula.t__SGB6939"	"isobutyrate"	"isobutyrate"	"isobutyrate"	NA	NA	NA	NA	NA	0.748580213704463	0.996709197935616	"Fitting error (NA p-value returned from fitting procedure)"	"abundance"	46	18
"Veillonella_parvula.t__SGB6939"	"Probiotics"	"Yes"	"ProbioticsYes"	1.44983477910254	NA	NA	NA	NA	0.542072138965251	0.996709197935616	"Fitting error (NA p-value returned from fitting procedure)"	"abundance"	46	18
"Veillonella_parvula.t__SGB6939"	"propionate"	"propionate"	"propionate"	NA	NA	NA	NA	NA	0.678314841695701	0.996709197935616	"Fitting error (NA p-value returned from fitting procedure)"	"abundance"	46	18
"Veillonella_parvula.t__SGB6939"	"Read_depth"	"Read_depth"	"Read_depth"	2.37376971291033	NA	NA	NA	NA	0.251442962083778	0.996709197935616	"Fitting error (NA p-value returned from fitting procedure)"	"abundance"	46	18
"Veillonella_parvula.t__SGB6939"	"Sex"	"Female"	"SexFemale"	3.16344869430405	NA	NA	NA	NA	0.531649486328664	0.996709197935616	"Fitting error (NA p-value returned from fitting procedure)"	"abundance"	46	18
"Veillonella_parvula.t__SGB6939"	"Termness"	"preterm"	"Termnesspreterm"	3.7788763200928	NA	NA	NA	NA	0.383072214509762	0.996709197935616	"Fitting error (NA p-value returned from fitting procedure)"	"abundance"	46	18
