"feature"	"metadata"	"value"	"name"	"coef"	"null_hypothesis"	"stderr"	"pval_individual"	"qval_individual"	"pval_joint"	"qval_joint"	"error"	"model"	"N"	"N_not_zero"
"PWY.822..fructan.biosynthesis"	"Termness"	"preterm"	"Termnesspreterm"	-3.28750819882573	0	0.629491733469813	1.76542310748872e-07	0.000237625950267982	3.53084590330556e-07	0.000290235533251717	NA	"prevalence"	80	34
"PWY.6124..inosine.5..phosphate.biosynthesis.II"	"Termness"	"preterm"	"Termnesspreterm"	-0.426581072939323	0.14211559157611	0.107640151606974	1.04910586626872e-05	0.00706048247998847	1.04910586626872e-05	0.00431182511036443	NA	"abundance"	80	80
"PWY.3841..folate.transformations.II..plants."	"Termness"	"preterm"	"Termnesspreterm"	-0.307075746074967	0.14211559157611	0.0833008748581493	2.29318104768561e-05	0.0102887389672828	2.29318104768561e-05	0.00628331607065857	NA	"abundance"	80	80
"DTDPRHAMSYN.PWY..dTDP..beta..L.rhamnose.biosynthesis"	"Termness"	"preterm"	"Termnesspreterm"	-1.20810997777247	0.14211559157611	0.315688575187862	6.92940048327984e-05	0.0155449550841578	6.92940048327984e-05	0.011391934394512	NA	"abundance"	80	79
"PWY.241..C4.photosynthetic.carbon.assimilation.cycle..NADP.ME.type"	"Termness"	"preterm"	"Termnesspreterm"	-1.80841951014119	0.14211559157611	0.457254111065436	6.34941598094407e-05	0.0155449550841578	6.34941598094407e-05	0.011391934394512	NA	"abundance"	80	79
"PWY.5130..2.oxobutanoate.degradation.I"	"Termness"	"preterm"	"Termnesspreterm"	-2.28413416897084	0	0.56728000755139	5.66212075904904e-05	0.0155449550841578	0.000113239209219832	0.0144092398795092	NA	"prevalence"	80	46
"HOMOSER.METSYN.PWY..L.methionine.biosynthesis.I"	"Termness"	"preterm"	"Termnesspreterm"	1.05160188268471	0.14211559157611	0.213878374472281	9.5760034645842e-05	0.0161116258291629	0.000191510899307449	0.0144092398795092	NA	"abundance"	80	79
"PWY.2942..L.lysine.biosynthesis.III"	"Termness"	"preterm"	"Termnesspreterm"	-2.9515195348529	0	0.751490845772636	8.58147945976808e-05	0.0161116258291629	0.00017162222501639	0.0144092398795092	NA	"prevalence"	80	52
"FASYN.INITIAL.PWY..superpathway.of.fatty.acid.biosynthesis.initiation..E..coli."	"Termness"	"preterm"	"Termnesspreterm"	-1.59563565765419	0.14211559157611	0.405930310268969	0.000155040600237077	0.0208684647919106	0.000155040600237077	0.0144092398795092	NA	"abundance"	80	38
"PWY.7269..mitochondrial.NADPH.production..yeast."	"Termness"	"preterm"	"Termnesspreterm"	2.22238421278285	0.14211559157611	0.511914244090564	0.000152792843093108	0.0208684647919106	0.000152792843093108	0.0144092398795092	NA	"abundance"	80	63
"METSYN.PWY..superpathway.of.L.homoserine.and.L.methionine.biosynthesis"	"Termness"	"preterm"	"Termnesspreterm"	0.914429215705767	0.14211559157611	0.190057173446144	0.000206552200675447	0.0220217125944421	0.00041306173753929	0.0172974001290314	NA	"abundance"	80	79
"NONMEVIPP.PWY..methylerythritol.phosphate.pathway.I"	"Termness"	"preterm"	"Termnesspreterm"	-0.244819925759718	0.14211559157611	0.0841225439587065	0.000245412844663173	0.0220217125944421	0.000245412844663173	0.0144092398795092	NA	"abundance"	80	80
"PWY.2941..L.lysine.biosynthesis.II"	"Termness"	"preterm"	"Termnesspreterm"	-1.25443655763624	0.14211559157611	0.355206413702083	0.000216556593778838	0.0220217125944421	0.000216556593778838	0.0144092398795092	NA	"abundance"	80	80
"PWY.6121..5.aminoimidazole.ribonucleotide.biosynthesis.I"	"Termness"	"preterm"	"Termnesspreterm"	-0.252905622378509	0.14211559157611	0.0851289751867964	0.000192856812110898	0.0220217125944421	0.000192856812110898	0.0144092398795092	NA	"abundance"	80	80
"PWY.7221..guanosine.ribonucleotides.de.novo.biosynthesis"	"Termness"	"preterm"	"Termnesspreterm"	-0.322989419748093	0.14211559157611	0.107823031431781	0.00023359076731333	0.0220217125944421	0.00023359076731333	0.0144092398795092	NA	"abundance"	80	80
"COA.PWY..coenzyme.A.biosynthesis.I..prokaryotic."	"Termness"	"preterm"	"Termnesspreterm"	-0.357964756933153	0.14211559157611	0.125630497370175	0.000476797167455523	0.0224638356067856	0.000476797167455523	0.0172974001290314	NA	"abundance"	80	80
"COA.PWY.1..superpathway.of.coenzyme.A.biosynthesis.III..mammals."	"Termness"	"preterm"	"Termnesspreterm"	-0.331912843529883	0.14211559157611	0.116026786936602	0.000416732804921272	0.0224638356067856	0.000416732804921272	0.0172974001290314	NA	"abundance"	80	80
"MET.SAM.PWY..superpathway.of.S.adenosyl.L.methionine.biosynthesis"	"Read_depth"	"Read_depth"	"Read_depth"	0.378482157254486	0.0310501529105919	0.0887032932446254	0.000424241242011902	0.0224638356067856	0.000424241242011902	0.0172974001290314	NA	"abundance"	80	79
"MET.SAM.PWY..superpathway.of.S.adenosyl.L.methionine.biosynthesis"	"Termness"	"preterm"	"Termnesspreterm"	0.848217890069131	0.14211559157611	0.178466633842813	0.000312065081237933	0.0224638356067856	0.000624032777860939	0.0188881818060564	NA	"abundance"	80	79
"OANTIGEN.PWY..O.antigen.building.blocks.biosynthesis..E..coli."	"Termness"	"preterm"	"Termnesspreterm"	-0.880567407527665	0.14211559157611	0.264474581801732	0.000303084019093181	0.0224638356067856	0.000606076178263731	0.0188881818060564	NA	"abundance"	80	79
"PWY.5347..superpathway.of.L.methionine.biosynthesis..transsulfuration."	"Termness"	"preterm"	"Termnesspreterm"	0.867829998609072	0.14211559157611	0.18634250094047	0.000356029956877446	0.0224638356067856	0.000711933156424698	0.0195069684860367	NA	"abundance"	80	79
"PWY.6122..5.aminoimidazole.ribonucleotide.biosynthesis.II"	"Termness"	"preterm"	"Termnesspreterm"	-0.236839074650936	0.14211559157611	0.0885160811226039	0.000476968006116962	0.0224638356067856	0.000476968006116962	0.0172974001290314	NA	"abundance"	80	80
"PWY.6123..inosine.5..phosphate.biosynthesis.I"	"Termness"	"preterm"	"Termnesspreterm"	-0.26606344143186	0.14211559157611	0.0956614049390983	0.000391088483407742	0.0224638356067856	0.000391088483407742	0.0172974001290314	NA	"abundance"	80	80
"PWY.6277..superpathway.of.5.aminoimidazole.ribonucleotide.biosynthesis"	"Termness"	"preterm"	"Termnesspreterm"	-0.236839074650936	0.14211559157611	0.0885160811226039	0.000483990514559274	0.0224638356067856	0.000483990514559274	0.0172974001290314	NA	"abundance"	80	80
"PWY.7851..coenzyme.A.biosynthesis.II..eukaryotic."	"Termness"	"preterm"	"Termnesspreterm"	-0.352673368694294	0.14211559157611	0.123816130339736	0.000452449273082189	0.0224638356067856	0.000452449273082189	0.0172974001290314	NA	"abundance"	80	80
"PWY.8131..5..deoxyadenosine.degradation.II"	"Termness"	"preterm"	"Termnesspreterm"	1.97977118782034	0.14211559157611	0.497935542234647	0.000478809387635337	0.0224638356067856	0.000478809387635337	0.0172974001290314	NA	"abundance"	80	71
"PWY1ZNC.1..assimilatory.sulfate.reduction.IV"	"Termness"	"preterm"	"Termnesspreterm"	0.91823434989612	0.14211559157611	0.201361016825737	0.000382380942032357	0.0224638356067856	0.000764615668879884	0.019641064994352	NA	"abundance"	80	79
"PWY.7383..anaerobic.energy.metabolism..invertebrates..cytosol."	"Termness"	"preterm"	"Termnesspreterm"	-1.85222372402568	0	0.527464128565602	0.000445479205840134	0.0224638356067856	0.000890759959957432	0.0215354319730885	NA	"prevalence"	80	27
"PWY66.399..gluconeogenesis.III"	"Termness"	"preterm"	"Termnesspreterm"	-1.85222372402568	0	0.527464128565602	0.000445479205840134	0.0224638356067856	0.000890759959957432	0.0215354319730885	NA	"prevalence"	80	27
"PWY.5347..superpathway.of.L.methionine.biosynthesis..transsulfuration."	"Read_depth"	"Read_depth"	"Read_depth"	0.386260875849666	0.0310501529105919	0.0926178364490122	0.000516380400834349	0.0231682673174344	0.000516380400834349	0.0176860287285764	NA	"abundance"	80	79
"METSYN.PWY..superpathway.of.L.homoserine.and.L.methionine.biosynthesis"	"Read_depth"	"Read_depth"	"Read_depth"	0.390367022338601	0.0310501529105919	0.0944641405871222	0.000547522318658178	0.0237730658359325	0.000547522318658178	0.0180025338374809	NA	"abundance"	80	79
"PWY.5676..acetyl.CoA.fermentation.to.butanoate.II"	"Termness"	"preterm"	"Termnesspreterm"	-2.17265557580442	0.14211559157611	0.62553162467852	0.000643393054220898	0.0270627203431665	0.000643393054220898	0.0188881818060564	NA	"abundance"	80	45
"AST.PWY..L.arginine.degradation.II..AST.pathway."	"Termness"	"preterm"	"Termnesspreterm"	1.04994639286047	0.14211559157611	0.251126233530025	0.0007109989414118	0.0281471933864789	0.00142149236332891	0.0284991883574723	NA	"abundance"	80	76
"PWY.7858...5Z..dodecenoate.biosynthesis.II"	"Termness"	"preterm"	"Termnesspreterm"	0.87994304981063	0.14211559157611	0.201387050276665	0.000691235072478813	0.0281471933864789	0.000691235072478813	0.0195069684860367	NA	"abundance"	80	80
"HOMOSER.METSYN.PWY..L.methionine.biosynthesis.I"	"Read_depth"	"Read_depth"	"Read_depth"	0.42044282816176	0.0310501529105919	0.106303995099768	0.000758891381659188	0.0291847942775219	0.000758891381659188	0.019641064994352	NA	"abundance"	80	79
"PEPTIDOGLYCANSYN.PWY..peptidoglycan.biosynthesis.I..meso.diaminopimelate.containing."	"Termness"	"preterm"	"Termnesspreterm"	-0.219294056934931	0.14211559157611	0.0905766392457887	0.000961969465867352	0.0359669694738182	0.000961969465867352	0.0225925400269418	NA	"abundance"	80	80
"PWY66.430..myristate.biosynthesis..mitochondria."	"Termness"	"preterm"	"Termnesspreterm"	1.7575361961037	0	0.534473833716192	0.00100777029361983	0.0366610490597917	0.00201452498627496	0.0352327561429365	NA	"prevalence"	80	52
"ECASYN.PWY..enterobacterial.common.antigen.biosynthesis"	"Termness"	"preterm"	"Termnesspreterm"	1.28592126959067	0.14211559157611	0.334989019061662	0.00121064607274146	0.0394911726201489	0.00241982648156948	0.038251872458656	NA	"abundance"	80	74
"HEME.BIOSYNTHESIS.II.1..heme.b.biosynthesis.V..aerobic."	"Termness"	"preterm"	"Termnesspreterm"	0.920878007545424	0.14211559157611	0.225559424807518	0.00125098216878738	0.0394911726201489	0.00250039938118815	0.038562604142996	NA	"abundance"	80	79
"P4.PWY..superpathway.of.L.lysine..L.threonine.and.L.methionine.biosynthesis.I"	"Read_depth"	"Read_depth"	"Read_depth"	0.356194002325641	0.0310501529105919	0.0919153722095994	0.00129094472160962	0.0394911726201489	0.00258022290494499	0.038562604142996	NA	"abundance"	80	78
"PWY.6386..UDP.N.acetylmuramoyl.pentapeptide.biosynthesis.II..lysine.containing."	"Termness"	"preterm"	"Termnesspreterm"	-0.228991051281318	0.14211559157611	0.0954135082025258	0.00115074725883701	0.0394911726201489	0.00115074725883701	0.0260599504226128	NA	"abundance"	80	80
"PWY.6387..UDP.N.acetylmuramoyl.pentapeptide.biosynthesis.I..meso.diaminopimelate.containing."	"Termness"	"preterm"	"Termnesspreterm"	-0.212682485776818	0.14211559157611	0.0908818437119935	0.0012402235874418	0.0394911726201489	0.0012402235874418	0.0268279944441358	NA	"abundance"	80	80
"PWY.6629..superpathway.of.L.tryptophan.biosynthesis"	"Termness"	"preterm"	"Termnesspreterm"	-0.147670152786416	0.14211559157611	0.0663967044571201	0.00117301480004461	0.0394911726201489	0.00117301480004461	0.0260599504226128	NA	"abundance"	80	80
"PWY.7315..dTDP.N.acetylthomosamine.biosynthesis"	"Termness"	"preterm"	"Termnesspreterm"	0.934149727325762	0.14211559157611	0.230146808120963	0.00127160472449661	0.0394911726201489	0.00254159247041786	0.038562604142996	NA	"abundance"	80	76
"PWY.6385..peptidoglycan.biosynthesis.III..mycobacteria."	"Termness"	"preterm"	"Termnesspreterm"	-0.185331599727856	0.14211559157611	0.0820914229115217	0.00136531382404592	0.0408380534925736	0.00136531382404592	0.0284991883574723	NA	"abundance"	80	80
"PWY.7115..C4.photosynthetic.carbon.assimilation.cycle..NAD.ME.type"	"Termness"	"preterm"	"Termnesspreterm"	0.687187197056024	0.14211559157611	0.154886316081148	0.00139974603885218	0.0409577862672833	0.00139974603885218	0.0284991883574723	NA	"abundance"	80	80
"PWY.7388..octanoyl..acyl.carrier.protein..biosynthesis..mitochondria..yeast."	"Termness"	"preterm"	"Termnesspreterm"	1.72609277271844	0	0.542489673833866	0.0014636366379188	0.0419160620135894	0.00292513104362974	0.0414561675493732	NA	"prevalence"	80	56
"PWY.5005..biotin.biosynthesis.II"	"Termness"	"preterm"	"Termnesspreterm"	-1.95644306741197	0.14211559157611	0.633065077028536	0.00157528507489735	0.0441736189752465	0.00157528507489735	0.0306563301998389	NA	"abundance"	80	67
"HISTSYN.PWY..L.histidine.biosynthesis"	"Termness"	"preterm"	"Termnesspreterm"	-0.263197682182496	0.14211559157611	0.111613911461792	0.001678266251816	0.044293066175379	0.001678266251816	0.0306563301998389	NA	"abundance"	80	80
"PWY.6151..S.adenosyl.L.methionine.salvage.I"	"Termness"	"preterm"	"Termnesspreterm"	-0.208367842317943	0.14211559157611	0.0924229765346265	0.00162447170977975	0.044293066175379	0.00162447170977975	0.0306563301998389	NA	"abundance"	80	80
"SO4ASSIM.PWY..assimilatory.sulfate.reduction.I"	"Termness"	"preterm"	"Termnesspreterm"	1.03732590727706	0.14211559157611	0.268815984092363	0.00165103325744442	0.044293066175379	0.00165103325744442	0.0306563301998389	NA	"abundance"	80	80
"PWY0.1261..anhydromuropeptides.recycling.I"	"Termness"	"preterm"	"Termnesspreterm"	0.677330781355394	0.14211559157611	0.155734115576222	0.00176319282272641	0.0447784441394292	0.00352327679652271	0.0482688921123611	NA	"abundance"	80	79
"DENITRIFICATION.PWY..nitrate.reduction.I..denitrification."	"Termness"	"preterm"	"Termnesspreterm"	-1.59909631328416	0	0.511081336441334	0.00175492484984753	0.0447784441394292	0.00350676993846646	0.0482688921123611	NA	"prevalence"	80	27
"GLUCUROCAT.PWY..superpathway.of..beta..D.glucuronosides.degradation"	"Termness"	"preterm"	"Termnesspreterm"	-1.92981436038729	0.14211559157611	0.634578614382406	0.00183171289893713	0.0455843016959241	0.00366007062573013	0.0493209517106585	NA	"abundance"	80	66
"PWY.7977..L.methionine.biosynthesis.IV"	"Termness"	"preterm"	"Termnesspreterm"	0.674699748218314	0.14211559157611	0.155957818804341	0.00186265720154222	0.0455843016959241	0.00186265720154222	0.0332848743406022	NA	"abundance"	80	80
"P461.PWY..hexitol.fermentation.to.lactate..formate..ethanol.and.acetate"	"Termness"	"preterm"	"Termnesspreterm"	0.799121969373644	0.14211559157611	0.19714826811181	0.00191752772118337	0.0460891484413002	0.00383137852980522	0.0507966637338693	NA	"abundance"	80	79
"P4.PWY..superpathway.of.L.lysine..L.threonine.and.L.methionine.biosynthesis.I"	"Termness"	"preterm"	"Termnesspreterm"	0.762254829528363	0.14211559157611	0.186303984865504	0.00205994841920609	0.0469947554618881	0.00205994841920609	0.0352766166789043	NA	"abundance"	80	78
"PWY.7187..pyrimidine.deoxyribonucleotides.de.novo.biosynthesis.II"	"Termness"	"preterm"	"Termnesspreterm"	0.937579567010745	0.14211559157611	0.242853703416873	0.0020057642410225	0.0469947554618881	0.00400750539185444	0.052288403684196	NA	"abundance"	80	78
"PWY.7200..superpathway.of.pyrimidine.deoxyribonucleoside.salvage"	"Termness"	"preterm"	"Termnesspreterm"	-1.77949074018785	0.14211559157611	0.592082798847089	0.00205193805985471	0.0469947554618881	0.00409966566990794	0.0526550809478801	NA	"abundance"	80	59
"PWY.5675..nitrate.reduction.V..assimilatory."	"Termness"	"preterm"	"Termnesspreterm"	1.15787806740541	0.14211559157611	0.315468874130554	0.00218969002546776	0.0487427008487181	0.00437458530852789	0.0553216788247681	NA	"abundance"	80	79
"PWY.7118..chitin.deacetylation"	"Termness"	"preterm"	"Termnesspreterm"	1.05002204614557	0.14211559157611	0.281455613427313	0.00224520613121881	0.0487427008487181	0.00448537131186596	0.0558632608841488	NA	"abundance"	80	76
"TRPSYN.PWY..L.tryptophan.biosynthesis"	"Termness"	"preterm"	"Termnesspreterm"	-0.224099102416671	0.14211559157611	0.102097208708487	0.00221199317512655	0.0487427008487181	0.00221199317512655	0.0371073140806943	NA	"abundance"	80	80
"LACTOSECAT.PWY..lactose.and.galactose.degradation.I"	"Termness"	"preterm"	"Termnesspreterm"	-1.75436247072157	0.14211559157611	0.599845030884281	0.00234580136921303	0.0493034120847265	0.00234580136921303	0.0382084600439842	NA	"abundance"	80	78
"P161.PWY..acetylene.degradation..anaerobic."	"Termness"	"preterm"	"Termnesspreterm"	1.20615850483382	0.14211559157611	0.333803575315265	0.00237059788594063	0.0493034120847265	0.00237059788594063	0.0382084600439842	NA	"abundance"	80	80
"PWY.6588..pyruvate.fermentation.to.acetone"	"Read_depth"	"Read_depth"	"Read_depth"	-0.858777479503997	0.0310501529105919	0.279050819350281	0.00238092257467104	0.0493034120847265	0.0047561763570355	0.0574937789041645	NA	"abundance"	80	66
"PWY.5972..stearate.biosynthesis.I..animals."	"Termness"	"preterm"	"Termnesspreterm"	-2.71644429830323	0.14211559157611	0.852583134340784	0.00250023343942363	0.0509896092343061	0.00499421571159564	0.0594963089120524	NA	"abundance"	80	29
"FAO.PWY..fatty.acid..beta..oxidation.I..generic."	"Termness"	"preterm"	"Termnesspreterm"	0.767336965572442	0.14211559157611	0.192803342406614	0.0026111036823312	0.0524559038271312	0.00521538950222251	0.0603809883215056	NA	"abundance"	80	75
"PPGPPMET.PWY..ppGpp.metabolism"	"Termness"	"preterm"	"Termnesspreterm"	1.16732753525838	0.14211559157611	0.325926399143528	0.00274290526621046	0.054293389534107	0.00547828700312152	0.0612611973923143	NA	"abundance"	80	79
"HEME.BIOSYNTHESIS.II..heme.b.biosynthesis.I..aerobic."	"Termness"	"preterm"	"Termnesspreterm"	0.719852722950202	0.14211559157611	0.179900735826894	0.00289632236303761	0.0560386779421822	0.00289632236303761	0.0414561675493732	NA	"abundance"	80	80
"PWY.8187..L.arginine.degradation.XIII..reductive.Stickland.reaction."	"Read_depth"	"Read_depth"	"Read_depth"	-0.417351610825272	0.0310501529105919	0.142376074895343	0.00291434432091586	0.0560386779421822	0.00291434432091586	0.0414561675493732	NA	"abundance"	80	80
"PWY.5138..fatty.acid..beta..oxidation.IV..unsaturated..even.number."	"Termness"	"preterm"	"Termnesspreterm"	0.842188781612266	0.14211559157611	0.222342673444678	0.00308808590779919	0.0577300504430237	0.00616663554102443	0.0641642330977479	NA	"abundance"	80	75
"X3.HYDROXYPHENYLACETATE.DEGRADATION.PWY..4.hydroxyphenylacetate.degradation"	"Termness"	"preterm"	"Termnesspreterm"	1.6536677841059	0	0.558310658691887	0.00305733827593236	0.0577300504430237	0.00610532923453123	0.0641642330977479	NA	"prevalence"	80	56
"PWY.6803..phosphatidylcholine.acyl.editing"	"Termness"	"preterm"	"Termnesspreterm"	0.837642182075142	0.14211559157611	0.221405128000927	0.00313262297943462	0.0577604182235479	0.00625543263213796	0.0642745702952175	NA	"abundance"	80	75
"PWY.7942..5.oxo.L.proline.metabolism"	"Termness"	"preterm"	"Termnesspreterm"	0.856787904249074	0.14211559157611	0.228344251606627	0.00322946643778488	0.058741376017006	0.00644850342209697	0.0654403680612804	NA	"abundance"	80	75
"PWY.622..starch.biosynthesis"	"Termness"	"preterm"	"Termnesspreterm"	1.91038854027321	0	0.659865292226813	0.0037901482831362	0.0680205278546843	0.00756593134226423	0.0730984774789432	NA	"prevalence"	80	65
"PWY.7723..bacterial.bioluminescence"	"Termness"	"preterm"	"Termnesspreterm"	2.93188959330613	0.14211559157611	0.829743367472806	0.0040289620191063	0.0713550378646984	0.00804169150326119	0.0736293921539599	NA	"abundance"	80	19
"PWY.6163..chorismate.biosynthesis.from.3.dehydroquinate"	"Termness"	"preterm"	"Termnesspreterm"	-0.121206839416328	0.14211559157611	0.0722591392899681	0.00468326985874912	0.0810199110738542	0.00468326985874912	0.0574574302073399	NA	"abundance"	80	80
"PWY.6284..superpathway.of.unsaturated.fatty.acids.biosynthesis..E..coli."	"Read_depth"	"Read_depth"	"Read_depth"	-0.716216993240086	0.0310501529105919	0.253546287422008	0.00469506171156064	0.0810199110738542	0.00936807981864593	0.0787863518080065	NA	"abundance"	80	72
"PWY.5367..petroselinate.biosynthesis"	"Read_depth"	"Read_depth"	"Read_depth"	-0.965774680179365	0.0310501529105919	0.341348623644541	0.00490630563466077	0.0825485923031674	0.00978853943434084	0.0804617941502817	NA	"abundance"	80	72
"PWY.7434..terminal.O.glycans.residues.modification..via.type.2.precursor.disaccharide."	"Termness"	"preterm"	"Termnesspreterm"	-2.08109147724989	0	0.738821307954778	0.00485088862285735	0.0825485923031674	0.00967824612528334	0.0803587708584132	NA	"prevalence"	80	13
"COMPLETE.ARO.PWY..superpathway.of.aromatic.amino.acid.biosynthesis"	"Termness"	"preterm"	"Termnesspreterm"	-0.0966519493195588	0.14211559157611	0.0622991555780555	0.00507193758467417	0.0832539998655053	0.00507193758467417	0.0595590384943167	NA	"abundance"	80	80
"PWY1ZNC.1..assimilatory.sulfate.reduction.IV"	"Read_depth"	"Read_depth"	"Read_depth"	0.333456084813149	0.0310501529105919	0.0997728377915866	0.00504727148842266	0.0832539998655053	0.0100690680273675	0.0819482566187728	NA	"abundance"	80	79
"PWY.5505..L.glutamate.and.L.glutamine.biosynthesis"	"Termness"	"preterm"	"Termnesspreterm"	-1.80666298488982	0.14211559157611	0.665785002057278	0.00522237213291654	0.0837831780056492	0.0104174710951384	0.0824370898670399	NA	"abundance"	80	54
"PWY.6285..superpathway.of.fatty.acids.biosynthesis..E..coli."	"Read_depth"	"Read_depth"	"Read_depth"	-0.588794205918621	0.0310501529105919	0.212710446779437	0.00522866786959475	0.0837831780056492	0.010429996771499	0.0824370898670399	NA	"abundance"	80	72
"TRNA.CHARGING.PWY..tRNA.charging"	"Termness"	"preterm"	"Termnesspreterm"	-0.0976578458040946	0.14211559157611	0.0639398061031424	0.00544413996011173	0.0862095574860045	0.00544413996011173	0.0612611973923143	NA	"abundance"	80	80
"PWY.6549..L.glutamine.biosynthesis.III"	"Termness"	"preterm"	"Termnesspreterm"	-1.42999652778741	0.14211559157611	0.54395494760604	0.00554354503047516	0.0864770237541479	0.00554354503047516	0.0612611973923143	NA	"abundance"	80	64
"PWY0.1296..purine.ribonucleosides.degradation"	"Read_depth"	"Read_depth"	"Read_depth"	-0.193989024867295	0.0310501529105919	0.0721698180823809	0.00558952530951773	0.0864770237541479	0.00558952530951773	0.0612611973923143	NA	"abundance"	80	80
"PWY.5030..L.histidine.degradation.III"	"Termness"	"preterm"	"Termnesspreterm"	-3.82177629715761	0.14211559157611	1.28416251965378	0.0058461171829256	0.0894190196388393	0.0058461171829256	0.0632303726890111	NA	"abundance"	80	23
"PWY.7340..9.cis..11.trans.octadecadienoyl.CoA.degradation..isomerase.dependent..yeast."	"Termness"	"preterm"	"Termnesspreterm"	1.32980580484333	0	0.483898489093356	0.00599400743242804	0.0906509438657094	0.0119520867397561	0.0918188345801822	NA	"prevalence"	80	48
"PWY.5913..partial.TCA.cycle..obligate.autotrophs."	"Termness"	"preterm"	"Termnesspreterm"	0.639988266680305	0.14211559157611	0.168634856598622	0.00615930158540934	0.0921157770440108	0.00615930158540934	0.0641642330977479	NA	"abundance"	80	80
"PWY66.391..fatty.acid..beta..oxidation.VI..mammalian.peroxisome."	"Termness"	"preterm"	"Termnesspreterm"	1.32336781525872	0	0.487229407408651	0.00660543156790137	0.0977023174768708	0.0131672314096045	0.0992978368687606	NA	"prevalence"	80	50
"ARO.PWY..chorismate.biosynthesis.I"	"Termness"	"preterm"	"Termnesspreterm"	-0.0989706391608138	0.14211559157611	0.0675458661973887	0.00686352705136506	0.098617634381547	0.00686352705136506	0.0686624576463304	NA	"abundance"	80	80
"PWY.5154..L.arginine.biosynthesis.III..via.N.acetyl.L.citrulline."	"Read_depth"	"Read_depth"	"Read_depth"	0.287085087487017	0.0310501529105919	0.0866857154524152	0.00693307054093117	0.098617634381547	0.00693307054093117	0.0686624576463304	NA	"abundance"	80	80
"PWY.5417..catechol.degradation.III..ortho.cleavage.pathway."	"Termness"	"preterm"	"Termnesspreterm"	1.38612206558335	0	0.513619411989818	0.00696038281296209	0.098617634381547	0.0138723186970212	0.100911911229659	NA	"prevalence"	80	51
"PWY.5431..aromatic.compounds.degradation.via..beta..ketoadipate"	"Termness"	"preterm"	"Termnesspreterm"	1.38612206558335	0	0.513619411989818	0.00696038281296209	0.098617634381547	0.0138723186970212	0.100911911229659	NA	"prevalence"	80	51
"PWY.5686..UMP.biosynthesis.I"	"Termness"	"preterm"	"Termnesspreterm"	-0.158333981067203	0.14211559157611	0.0947415662189667	0.00738689267879877	0.103570391100658	0.00738689267879877	0.0722860212139594	NA	"abundance"	80	80
"PWY.2942..L.lysine.biosynthesis.III"	"Termness"	"preterm"	"Termnesspreterm"	-1.72430233764534	0.14211559157611	0.678321377236593	0.00847350674051128	0.105690182948201	0.00017162222501639	0.0144092398795092	NA	"abundance"	80	52
"PWY.5837..2.carboxy.1.4.naphthoquinol.biosynthesis"	"Termness"	"preterm"	"Termnesspreterm"	0.694404021860983	0.14211559157611	0.19455082919545	0.00764777258295513	0.105690182948201	0.00764777258295513	0.0730984774789432	NA	"abundance"	80	80
"PWY.5897..superpathway.of.menaquinol.11.biosynthesis"	"Termness"	"preterm"	"Termnesspreterm"	0.633384647835469	0.14211559157611	0.172424425056339	0.00813901484574853	0.105690182948201	0.00813901484574853	0.0736293921539599	NA	"abundance"	80	80
"PWY.5898..superpathway.of.menaquinol.12.biosynthesis"	"Termness"	"preterm"	"Termnesspreterm"	0.633384647835469	0.14211559157611	0.172424425056339	0.00801292349157467	0.105690182948201	0.00801292349157467	0.0736293921539599	NA	"abundance"	80	80
"PWY.5899..superpathway.of.menaquinol.13.biosynthesis"	"Termness"	"preterm"	"Termnesspreterm"	0.633384647835469	0.14211559157611	0.172424425056339	0.00813086676634756	0.105690182948201	0.00813086676634756	0.0736293921539599	NA	"abundance"	80	80
"PWY.6121..5.aminoimidazole.ribonucleotide.biosynthesis.I"	"Read_depth"	"Read_depth"	"Read_depth"	-0.112738082566042	0.0310501529105919	0.0424970853538132	0.00820306276496785	0.105690182948201	0.00820306276496785	0.0736293921539599	NA	"abundance"	80	80
"PWY.6122..5.aminoimidazole.ribonucleotide.biosynthesis.II"	"Read_depth"	"Read_depth"	"Read_depth"	-0.115855830917856	0.0310501529105919	0.0441879565259443	0.00833033268895167	0.105690182948201	0.00833033268895167	0.0736293921539599	NA	"abundance"	80	80
"PWY0.781..aspartate.superpathway"	"Read_depth"	"Read_depth"	"Read_depth"	0.309443372959636	0.0310501529105919	0.0976528935111138	0.00829541690957258	0.105690182948201	0.00829541690957258	0.0736293921539599	NA	"abundance"	80	77
"RUMP.PWY..formaldehyde.oxidation.I"	"Termness"	"preterm"	"Termnesspreterm"	-1.34615513240613	0.14211559157611	0.541024559363035	0.00830582809148495	0.105690182948201	0.0165426694026846	0.110103168593869	NA	"abundance"	80	59
"PWY.7294..D.xylose.degradation.IV"	"Termness"	"preterm"	"Termnesspreterm"	1.85787084788582	0	0.704517157405693	0.00836221480868745	0.105690182948201	0.0166545029808683	0.110103168593869	NA	"prevalence"	80	19
"PWY5F9.12..biphenyl.degradation"	"Termness"	"preterm"	"Termnesspreterm"	2.51476820785708	0	0.95534212287592	0.00848034157385271	0.105690182948201	0.0168887669544962	0.110103168593869	NA	"prevalence"	80	15
"PWY.6277..superpathway.of.5.aminoimidazole.ribonucleotide.biosynthesis"	"Read_depth"	"Read_depth"	"Read_depth"	-0.115855830917856	0.0310501529105919	0.0441879565259443	0.0085736440290114	0.10587270516559	0.0085736440290114	0.0749737807643337	NA	"abundance"	80	80
"P185.PWY..formaldehyde.assimilation.III..dihydroxyacetone.cycle."	"Termness"	"preterm"	"Termnesspreterm"	2.10067582737052	0.14211559157611	0.724259003531467	0.00885402953714021	0.108341125063552	0.00885402953714021	0.0766106555739921	NA	"abundance"	80	70
"FOLSYN.PWY..superpathway.of.tetrahydrofolate.biosynthesis.and.salvage"	"Termness"	"preterm"	"Termnesspreterm"	-0.700626808945535	0.14211559157611	0.310409751478843	0.00919446544152347	0.110497772181166	0.00919446544152347	0.0787276103430447	NA	"abundance"	80	77
"PWY.5855..ubiquinol.7.biosynthesis..early.decarboxylation."	"Termness"	"preterm"	"Termnesspreterm"	0.946220476395164	0.14211559157611	0.296599010416522	0.00944081181154854	0.111467830687231	0.018792494695436	0.118826389535757	NA	"abundance"	80	76
"PWY.7953..UDP.N.acetylmuramoyl.pentapeptide.biosynthesis.III..meso.diaminopimelate.containing."	"Termness"	"preterm"	"Termnesspreterm"	-0.138407923506199	0.14211559157611	0.0903064311895828	0.00939302004523679	0.111467830687231	0.00939302004523679	0.0787863518080065	NA	"abundance"	80	80
"PWY.922..mevalonate.pathway.I..eukaryotes.and.bacteria."	"Read_depth"	"Read_depth"	"Read_depth"	-0.557205193413997	0.0310501529105919	0.219010670293945	0.00974895086757344	0.114105111893512	0.0194028596921285	0.120765004976891	NA	"abundance"	80	72
"PWY.6700..queuosine.biosynthesis.I..de.novo."	"Termness"	"preterm"	"Termnesspreterm"	-0.161950638286561	0.14211559157611	0.102388763819719	0.010190721284873	0.11824750732275	0.010190721284873	0.0821252244722116	NA	"abundance"	80	80
"PWY.5861..superpathway.of.demethylmenaquinol.8.biosynthesis.I"	"Termness"	"preterm"	"Termnesspreterm"	0.475900931441716	0.14211559157611	0.115326299928493	0.0107573196090174	0.122706374523198	0.0213989192928642	0.12862182694484	NA	"abundance"	80	76
"PRPP.PWY..superpathway.of.histidine..purine..and.pyrimidine.biosynthesis"	"Termness"	"preterm"	"Termnesspreterm"	0.711845944971138	0.14211559157611	0.211586069874093	0.0110042523744448	0.124468266352964	0.0110042523744448	0.0861475757313679	NA	"abundance"	80	76
"FERMENTATION.PWY..mixed.acid.fermentation"	"Termness"	"preterm"	"Termnesspreterm"	0.600563810603662	0.14211559157611	0.16826655589462	0.0113921648551414	0.127173241356841	0.0113921648551414	0.0883430142540209	NA	"abundance"	80	80
"P221.PWY..octane.oxidation"	"Termness"	"preterm"	"Termnesspreterm"	1.48394311910903	0.14211559157611	0.514255322248062	0.011432364193297	0.127173241356841	0.0227340294355457	0.132534554581692	NA	"abundance"	80	78
"PWY.7117..C4.photosynthetic.carbon.assimilation.cycle..PEPCK.type"	"Termness"	"preterm"	"Termnesspreterm"	0.584099758033139	0.14211559157611	0.163809034953942	0.0124593318776482	0.137461153338644	0.0124593318776482	0.0948293592909895	NA	"abundance"	80	80
"PWY.5910..superpathway.of.geranylgeranyldiphosphate.biosynthesis.I..via.mevalonate."	"Read_depth"	"Read_depth"	"Read_depth"	-0.518939826817812	0.0310501529105919	0.212602101044055	0.0127691925804365	0.139734416368029	0.0253753328817168	0.141894718563069	NA	"abundance"	80	71
"PWY.5972..stearate.biosynthesis.I..animals."	"Termness"	"preterm"	"Termnesspreterm"	1.26454231858065	0	0.509501451478154	0.0130676266960048	0.141846980103407	0.00499421571159564	0.0594963089120524	NA	"prevalence"	80	29
"P42.PWY..incomplete.reductive.TCA.cycle"	"Termness"	"preterm"	"Termnesspreterm"	-0.832427187135205	0.14211559157611	0.380111202019336	0.0132138424791199	0.142286655815164	0.0262530793251769	0.145811021657401	NA	"abundance"	80	79
"PWY66.389..phytol.degradation"	"Termness"	"preterm"	"Termnesspreterm"	1.43775297104004	0.14211559157611	0.509627111528325	0.0134847202087069	0.144051058737457	0.0134847202087069	0.100767636468701	NA	"abundance"	80	80
"CRNFORCAT.PWY..creatinine.degradation.I"	"Read_depth"	"Read_depth"	"Read_depth"	2.39707372842909	0.0310501529105919	0.854590715661474	0.0137559041555388	0.144651929635588	0.0137559041555388	0.100911911229659	NA	"abundance"	80	19
"PWY0.1241..ADP.L.glycero..beta..D.manno.heptose.biosynthesis"	"Termness"	"preterm"	"Termnesspreterm"	0.654046630832402	0.14211559157611	0.195570879021684	0.0136789791678078	0.144651929635588	0.0271708438645423	0.148029185809183	NA	"abundance"	80	79
"PWY.5121..superpathway.of.geranylgeranyl.diphosphate.biosynthesis.II..via.MEP."	"Termness"	"preterm"	"Termnesspreterm"	-0.644778717993358	0.14211559157611	0.308694144583339	0.014116928851079	0.147297567701956	0.014116928851079	0.101790486978832	NA	"abundance"	80	80
"PWY.6124..inosine.5..phosphate.biosynthesis.II"	"Read_depth"	"Read_depth"	"Read_depth"	-0.124999623970304	0.0310501529105919	0.0537348499767731	0.0144840542593285	0.149965669485048	0.0144840542593285	0.103529500879722	NA	"abundance"	80	80
"COA.PWY..coenzyme.A.biosynthesis.I..prokaryotic."	"Read_depth"	"Read_depth"	"Read_depth"	-0.144259176124027	0.0310501529105919	0.0627157787118573	0.0146700112990467	0.150731566477228	0.0146700112990467	0.103954735239796	NA	"abundance"	80	80
"PWY.6612..superpathway.of.tetrahydrofolate.biosynthesis"	"Termness"	"preterm"	"Termnesspreterm"	-0.706581748767393	0.14211559157611	0.336966566630862	0.0150668137433934	0.153635843171269	0.0299066186104086	0.158601551598425	NA	"abundance"	80	77
"PWY.5840..superpathway.of.menaquinol.7.biosynthesis"	"Termness"	"preterm"	"Termnesspreterm"	0.596425432672877	0.14211559157611	0.174744836787959	0.0153063225090102	0.154904587196449	0.0153063225090102	0.107536727370995	NA	"abundance"	80	80
"PWY.6609..adenine.and.adenosine.salvage.III"	"Termness"	"preterm"	"Termnesspreterm"	-0.190548152372411	0.14211559157611	0.123099666954155	0.0156955061467117	0.157657845324432	0.0156955061467117	0.109336491971161	NA	"abundance"	80	80
"FOLSYN.PWY..superpathway.of.tetrahydrofolate.biosynthesis.and.salvage"	"Read_depth"	"Read_depth"	"Read_depth"	-0.353632306453008	0.0310501529105919	0.15279143418211	0.0158618676345981	0.157972339675277	0.0314721364243386	0.162705007174883	NA	"abundance"	80	77
"PWY.5971..palmitate.biosynthesis..type.II.fatty.acid.synthase."	"Read_depth"	"Read_depth"	"Read_depth"	-0.270455622455548	0.0310501529105919	0.118292817701392	0.0162882814446396	0.157972339675277	0.0323112547768594	0.165999071416115	NA	"abundance"	80	74
"PWY.7269..mitochondrial.NADPH.production..yeast."	"Read_depth"	"Read_depth"	"Read_depth"	0.77997441280974	0.0310501529105919	0.301339198481651	0.0162674071381298	0.157972339675277	0.0162674071381298	0.110103168593869	NA	"abundance"	80	63
"PWY0.301..L.ascorbate.degradation.I..bacterial..anaerobic."	"Termness"	"preterm"	"Termnesspreterm"	0.993429066890528	0.14211559157611	0.34219237547547	0.0163136368609684	0.157972339675277	0.0163136368609684	0.110103168593869	NA	"abundance"	80	79
"SULFATE.CYS.PWY..superpathway.of.sulfate.assimilation.and.cysteine.biosynthesis"	"Termness"	"preterm"	"Termnesspreterm"	0.669487326003617	0.14211559157611	0.206925120658428	0.0159639596620951	0.157972339675277	0.0159639596620951	0.110103168593869	NA	"abundance"	80	80
"CATECHOL.ORTHO.CLEAVAGE.PWY..catechol.degradation.to..beta..ketoadipate"	"Termness"	"preterm"	"Termnesspreterm"	1.23014803092783	0	0.513090106382453	0.0165061075819257	0.158694434323371	0.0327397635763453	0.167155811551278	NA	"prevalence"	80	54
"PWY.7345..superpathway.of.anaerobic.sucrose.degradation"	"Read_depth"	"Read_depth"	"Read_depth"	0.200508136301662	0.0310501529105919	0.0616762714273226	0.0168535088196989	0.159752273741653	0.0168535088196989	0.110103168593869	NA	"abundance"	80	80
"PWY.7663..gondoate.biosynthesis..anaerobic."	"Termness"	"preterm"	"Termnesspreterm"	0.533956538923613	0.14211559157611	0.150544153421689	0.0168242916469263	0.159752273741653	0.0168242916469263	0.110103168593869	NA	"abundance"	80	80
"COA.PWY.1..superpathway.of.coenzyme.A.biosynthesis.III..mammals."	"Read_depth"	"Read_depth"	"Read_depth"	-0.129786760251386	0.0310501529105919	0.057921527387754	0.0171450189537898	0.160258302165286	0.0171450189537898	0.110103168593869	NA	"abundance"	80	80
"PWY.5097..L.lysine.biosynthesis.VI"	"Termness"	"preterm"	"Termnesspreterm"	-0.0828146099939121	0.14211559157611	0.0742834219521864	0.0170609584969967	0.160258302165286	0.0170609584969967	0.110103168593869	NA	"abundance"	80	80
"ANAGLYCOLYSIS.PWY..glycolysis.III..from.glucose."	"Read_depth"	"Read_depth"	"Read_depth"	-0.0754904368851831	0.0310501529105919	0.0307948006393001	0.0179725833758719	0.164705365362273	0.0179725833758719	0.114522973139277	NA	"abundance"	80	80
"PWY.6612..superpathway.of.tetrahydrofolate.biosynthesis"	"Read_depth"	"Read_depth"	"Read_depth"	-0.377925403177366	0.0310501529105919	0.16586336202927	0.0177584503815202	0.164705365362273	0.0352015382030876	0.176436978066695	NA	"abundance"	80	77
"PWY.7446..sulfoquinovose.degradation.I"	"Read_depth"	"Read_depth"	"Read_depth"	-1.68983372207917	0.0310501529105919	0.697608040480164	0.0183549812810854	0.164705365362273	0.0363730572243418	0.176915106736147	NA	"abundance"	80	41
"PWY.7209..superpathway.of.pyrimidine.ribonucleosides.degradation"	"Termness"	"preterm"	"Termnesspreterm"	1.31397898410881	0	0.557083483586884	0.0183403013322717	0.164705365362273	0.0363442360115848	0.176915106736147	NA	"prevalence"	80	60
"PWY.7456...beta...1.4..mannan.degradation"	"Termness"	"preterm"	"Termnesspreterm"	-2.16322412253999	0	0.916477404838393	0.0182568044657156	0.164705365362273	0.0361802980221319	0.176915106736147	NA	"prevalence"	80	10
"X3.HYDROXYPHENYLACETATE.DEGRADATION.PWY..4.hydroxyphenylacetate.degradation"	"Read_depth"	"Read_depth"	"Read_depth"	0.934995145200666	0	0.395594452331569	0.0181022810060592	0.164705365362273	0.0358768694344961	0.176915106736147	NA	"prevalence"	80	56
"PWY0.42..2.methylcitrate.cycle.I"	"Termness"	"preterm"	"Termnesspreterm"	-1.95608119551144	0.14211559157611	0.858223716829262	0.0188030134080277	0.167608318193413	0.0372524735028329	0.180126665996051	NA	"abundance"	80	47
"PWY.7977..L.methionine.biosynthesis.IV"	"Read_depth"	"Read_depth"	"Read_depth"	0.231980153433614	0.0310501529105919	0.0778554272828905	0.0192404008641185	0.170378812915154	0.0192404008641185	0.120729843590118	NA	"abundance"	80	80
"PWY.7199..pyrimidine.deoxyribonucleosides.salvage"	"Termness"	"preterm"	"Termnesspreterm"	-0.177233752323771	0.14211559157611	0.122196702214981	0.0195398365716867	0.171899477290786	0.0195398365716867	0.120765004976891	NA	"abundance"	80	80
"PWY.7211..superpathway.of.pyrimidine.deoxyribonucleotides.de.novo.biosynthesis"	"Termness"	"preterm"	"Termnesspreterm"	1.83304973476178	0	0.787457620225642	0.0199223289746403	0.174126329869259	0.0394477587575068	0.186356653440635	NA	"prevalence"	80	70
"SO4ASSIM.PWY..assimilatory.sulfate.reduction.I"	"Read_depth"	"Read_depth"	"Read_depth"	0.358114535229617	0.0310501529105919	0.134195152653668	0.0200972571803233	0.174521988159453	0.0200972571803233	0.123283174643476	NA	"abundance"	80	80
"PWY0.1261..anhydromuropeptides.recycling.I"	"Read_depth"	"Read_depth"	"Read_depth"	0.229277507908566	0.0310501529105919	0.0774045468595377	0.0203439026593455	0.175531365253071	0.0203439026593455	0.123871762859126	NA	"abundance"	80	79
"GALACTARDEG.PWY..D.galactarate.degradation.I"	"Read_depth"	"Read_depth"	"Read_depth"	0.481020399234596	0.0310501529105919	0.189962133511802	0.02207741232616	0.179324578539415	0.0436674125173007	0.191859695439841	NA	"abundance"	80	78
"GLUCARGALACTSUPER.PWY..superpathway.of.D.glucarate.and.D.galactarate.degradation"	"Read_depth"	"Read_depth"	"Read_depth"	0.481020399234596	0.0310501529105919	0.189962133511802	0.0221085909716243	0.179324578539415	0.0437283921484981	0.191859695439841	NA	"abundance"	80	78
"HEMESYN2.PWY..heme.b.biosynthesis.II..oxygen.independent."	"Termness"	"preterm"	"Termnesspreterm"	0.570683984100355	0.14211559157611	0.175899793532149	0.022389203978153	0.179324578539415	0.022389203978153	0.132534554581692	NA	"abundance"	80	80
"NAGLIPASYN.PWY..lipid.IVA.biosynthesis..E..coli."	"Termness"	"preterm"	"Termnesspreterm"	0.597046488873746	0.14211559157611	0.186934660991236	0.0219779478767215	0.179324578539415	0.043472865560571	0.191859695439841	NA	"abundance"	80	79
"P23.PWY..reductive.TCA.cycle.I"	"Termness"	"preterm"	"Termnesspreterm"	-1.06326199455366	0.14211559157611	0.503006184223193	0.0210332806240179	0.179324578539415	0.0416241623542271	0.19008367475097	NA	"abundance"	80	52
"PWY.5136..fatty.acid..beta..oxidation.II..plant.peroxisome."	"Read_depth"	"Read_depth"	"Read_depth"	0.402431842791495	0.0310501529105919	0.154987503084368	0.0215684355741561	0.179324578539415	0.0426716737351957	0.191672763990879	NA	"abundance"	80	78
"PWY.5695..inosine.5..phosphate.degradation"	"Read_depth"	"Read_depth"	"Read_depth"	-0.101952665779903	0.0310501529105919	0.046955904347387	0.0214369711574733	0.179324578539415	0.0214369711574733	0.12862182694484	NA	"abundance"	80	80
"PWY.6507..4.deoxy.L.threo.hex.4.enopyranuronate.degradation"	"Termness"	"preterm"	"Termnesspreterm"	-1.08764903183112	0.14211559157611	0.525285389851549	0.0226364328090183	0.179324578539415	0.0447604575277194	0.192439579510499	NA	"abundance"	80	75
"PWY.6519..8.amino.7.oxononanoate.biosynthesis.I"	"Termness"	"preterm"	"Termnesspreterm"	0.558967124730724	0.14211559157611	0.170096262154148	0.0221970606571785	0.179324578539415	0.0439014118125386	0.191859695439841	NA	"abundance"	80	79
"PWY.7851..coenzyme.A.biosynthesis.II..eukaryotic."	"Read_depth"	"Read_depth"	"Read_depth"	-0.13072304192515	0.0310501529105919	0.0618100317510073	0.0226487209150821	0.179324578539415	0.0226487209150821	0.132534554581692	NA	"abundance"	80	80
"PWY.7873..D.erythronate.degradation.II"	"Read_depth"	"Read_depth"	"Read_depth"	-0.911430443643534	0.0310501529105919	0.378521906867707	0.0212238944116498	0.179324578539415	0.0419973351293028	0.190728229150756	NA	"abundance"	80	25
"PWY.8073..lipid.IVA.biosynthesis..P..putida."	"Termness"	"preterm"	"Termnesspreterm"	0.597046488873746	0.14211559157611	0.186934660991236	0.0223056334384616	0.179324578539415	0.0441137255938322	0.191859695439841	NA	"abundance"	80	79
"PWY.I9..L.cysteine.biosynthesis.VI..from.L.methionine."	"Termness"	"preterm"	"Termnesspreterm"	-0.116315962510281	0.14211559157611	0.0969013025766012	0.0226074083821874	0.179324578539415	0.0226074083821874	0.132534554581692	NA	"abundance"	80	80
"PWY.7446..sulfoquinovose.degradation.I"	"Termness"	"preterm"	"Termnesspreterm"	1.08359589082837	0	0.475110010920371	0.0225646486840748	0.179324578539415	0.0446201339979139	0.192439579510499	NA	"prevalence"	80	41
"PWY.7790..UMP.biosynthesis.II"	"Termness"	"preterm"	"Termnesspreterm"	-0.119001269691088	0.14211559157611	0.0989210815829228	0.0229915452727883	0.180974385597504	0.0229915452727883	0.133091902917127	NA	"abundance"	80	80
"ANAGLYCOLYSIS.PWY..glycolysis.III..from.glucose."	"Termness"	"preterm"	"Termnesspreterm"	-0.0478144903357003	0.14211559157611	0.0616872850850722	0.0233228532645708	0.182514886593676	0.0233228532645708	0.134065632052288	NA	"abundance"	80	80
"PWY0.166..superpathway.of.pyrimidine.deoxyribonucleotides.de.novo.biosynthesis..E..coli."	"Termness"	"preterm"	"Termnesspreterm"	0.723433459317278	0.14211559157611	0.246330055011592	0.0235920168871619	0.183554073584509	0.0466274505135198	0.197565795474811	NA	"abundance"	80	77
"P108.PWY..pyruvate.fermentation.to.propanoate.I"	"Termness"	"preterm"	"Termnesspreterm"	1.77661679337827	0.14211559157611	0.706355081892883	0.0240259851238239	0.184794148438097	0.0474747222864776	0.199103172038187	NA	"abundance"	80	72
"PWY.1269..CMP.3.deoxy.D.manno.octulosonate.biosynthesis"	"Termness"	"preterm"	"Termnesspreterm"	0.68819785887931	0.14211559157611	0.230352617098751	0.0239312931212461	0.184794148438097	0.0472898794520372	0.199103172038187	NA	"abundance"	80	79
"PWY.5994..palmitate.biosynthesis..type.I.fatty.acid.synthase."	"Termness"	"preterm"	"Termnesspreterm"	-1.71232774495032	0	0.760325321357005	0.0243160290348372	0.185962358414152	0.0480407888016513	0.200454458857652	NA	"prevalence"	80	11
"PWY.6182..superpathway.of.salicylate.degradation"	"Termness"	"preterm"	"Termnesspreterm"	1.10802646880101	0	0.492604101237755	0.024491858813442	0.186248824649113	0.0483838664787464	0.200866354775402	NA	"prevalence"	80	49
"FERMENTATION.PWY..mixed.acid.fermentation"	"Read_depth"	"Read_depth"	"Read_depth"	0.236427621673014	0.0310501529105919	0.0840000501868482	0.0248519462284555	0.187925391143265	0.0248519462284555	0.1418631930541	NA	"abundance"	80	80
"PWY.6123..inosine.5..phosphate.biosynthesis.I"	"Read_depth"	"Read_depth"	"Read_depth"	-0.0998747235018321	0.0310501529105919	0.0477549610087763	0.0252449503835644	0.188776128979321	0.0252449503835644	0.141894718563069	NA	"abundance"	80	80
"UDPNACETYLGALSYN.PWY..UDP.N.acetyl.D.glucosamine.biosynthesis.II"	"Termness"	"preterm"	"Termnesspreterm"	-3.15406509068603	0	1.4095331319058	0.0252428104497828	0.188776128979321	0.0252428104497828	0.141894718563069	NA	"prevalence"	80	9
"PWY.6902..chitin.degradation.II..Vibrio."	"Termness"	"preterm"	"Termnesspreterm"	0.839469258404968	0.14211559157611	0.301735490817486	0.0258913591254124	0.19254016233594	0.0511123557734637	0.209026648984016	NA	"abundance"	80	77
"KDO.NAGLIPASYN.PWY..superpathway.of..Kdo.2.lipid.A.biosynthesis"	"Termness"	"preterm"	"Termnesspreterm"	-1.67771138079303	0.14211559157611	0.790493359699232	0.0263666229753516	0.194997112773754	0.0520380471435789	0.211758785901098	NA	"abundance"	80	48
"PWY.7953..UDP.N.acetylmuramoyl.pentapeptide.biosynthesis.III..meso.diaminopimelate.containing."	"Read_depth"	"Read_depth"	"Read_depth"	-0.0933361387922844	0.0310501529105919	0.0450817140208824	0.0266218020306652	0.195808445537024	0.0266218020306652	0.146866585699375	NA	"abundance"	80	80
"NAGLIPASYN.PWY..lipid.IVA.biosynthesis..E..coli."	"Read_depth"	"Read_depth"	"Read_depth"	0.251891715039952	0.0310501529105919	0.0929121578327902	0.0275528776506144	0.19938802858993	0.0275528776506144	0.148029185809183	NA	"abundance"	80	79
"PWY.7791..UMP.biosynthesis.III"	"Termness"	"preterm"	"Termnesspreterm"	-0.113715464538287	0.14211559157611	0.100171777498245	0.027475634982312	0.19938802858993	0.027475634982312	0.148029185809183	NA	"abundance"	80	80
"PWY.8073..lipid.IVA.biosynthesis..P..putida."	"Read_depth"	"Read_depth"	"Read_depth"	0.251891715039952	0.0310501529105919	0.0929121578327902	0.0274462171485297	0.19938802858993	0.0274462171485297	0.148029185809183	NA	"abundance"	80	79
"PWY.7391..isoprene.biosynthesis.II..engineered."	"Read_depth"	"Read_depth"	"Read_depth"	-0.512230718184303	0.0310501529105919	0.238257400666047	0.0279992382976385	0.201534624324179	0.0552145192500291	0.220322013706427	NA	"abundance"	80	56
"PWY.5918..superpathway.of.heme.b.biosynthesis.from.glutamate"	"Termness"	"preterm"	"Termnesspreterm"	0.611366296397665	0.14211559157611	0.202835359362528	0.028595585594249	0.204732224520528	0.028595585594249	0.152633580249823	NA	"abundance"	80	80
"PROTOCATECHUATE.ORTHO.CLEAVAGE.PWY..protocatechuate.degradation.II..ortho.cleavage.pathway."	"Termness"	"preterm"	"Termnesspreterm"	2.07898425660433	0.14211559157611	0.861313557246145	0.0291454681538899	0.207565080080083	0.0574414779938703	0.225918157468715	NA	"abundance"	80	54
"PWY.5392..reductive.TCA.cycle.II"	"Read_depth"	"Read_depth"	"Read_depth"	0.739678848023446	0	0.339605926064685	0.0294022792388814	0.20829193608176	0.0579400644533217	0.22679396657443	NA	"prevalence"	80	36
"PWY.5136..fatty.acid..beta..oxidation.II..plant.peroxisome."	"Termness"	"preterm"	"Termnesspreterm"	0.851502658919646	0.14211559157611	0.315370751957348	0.029790091839585	0.209934364482102	0.0586927341073592	0.22865131486374	NA	"abundance"	80	78
"FASYN.ELONG.PWY..fatty.acid.elongation....saturated"	"Termness"	"preterm"	"Termnesspreterm"	0.472713477328648	0.14211559157611	0.139997889127412	0.0306469252463266	0.210463068273243	0.0306469252463266	0.160457150015799	NA	"abundance"	80	80
"GLUTORN.PWY..L.ornithine.biosynthesis.I"	"Read_depth"	"Read_depth"	"Read_depth"	0.163064643254447	0.0310501529105919	0.0506664088610875	0.0302686667554373	0.210463068273243	0.0302686667554373	0.159492590211343	NA	"abundance"	80	80
"PWY.7242..D.fructuronate.degradation"	"Termness"	"preterm"	"Termnesspreterm"	-1.01315225074764	0.14211559157611	0.519467746034734	0.0302659397617653	0.210463068273243	0.0596158524138678	0.231152031529242	NA	"abundance"	80	73
"PWY0.881..superpathway.of.fatty.acid.biosynthesis.I..E..coli."	"Termness"	"preterm"	"Termnesspreterm"	-1.28136880777668	0.14211559157611	0.613857180804749	0.0306073896282513	0.210463068273243	0.060277966956647	0.231534994571793	NA	"abundance"	80	25
"PWY.7396..butanol.and.isobutanol.biosynthesis..engineered."	"Termness"	"preterm"	"Termnesspreterm"	1.01636464111978	0	0.469641863258239	0.0304546031209425	0.210463068273243	0.0599817233906309	0.231478763507505	NA	"prevalence"	80	45
"PWY.6609..adenine.and.adenosine.salvage.III"	"Read_depth"	"Read_depth"	"Read_depth"	-0.120663566853091	0.0310501529105919	0.0614523673296621	0.0311506615172954	0.210697439207435	0.0311506615172954	0.162062302324157	NA	"abundance"	80	80
"ARGDEG.PWY..superpathway.of.L.arginine..putrescine..and.4.aminobutanoate.degradation"	"Termness"	"preterm"	"Termnesspreterm"	1.04250715803384	0	0.48329304748718	0.0309985626473656	0.210697439207435	0.0610362144085286	0.232276704832456	NA	"prevalence"	80	42
"ORNARGDEG.PWY..superpathway.of.L.arginine.and.L.ornithine.degradation"	"Termness"	"preterm"	"Termnesspreterm"	1.04250715803384	0	0.48329304748718	0.0309985626473656	0.210697439207435	0.0610362144085286	0.232276704832456	NA	"prevalence"	80	42
"PWY.6168..flavin.biosynthesis.III..fungi."	"Termness"	"preterm"	"Termnesspreterm"	-1.03133314422532	0.14211559157611	0.519017546096139	0.0313381526010738	0.210905767005226	0.0616942253936993	0.233698863012078	NA	"abundance"	80	36
"PWY.7340..9.cis..11.trans.octadecadienoyl.CoA.degradation..isomerase.dependent..yeast."	"Read_depth"	"Read_depth"	"Read_depth"	-0.623612918963635	0.0310501529105919	0.294924969411818	0.0324121401512116	0.216479822562309	0.0637737334732415	0.236679124046249	NA	"abundance"	80	48
"P621.PWY..nylon.6.oligomer.degradation"	"Termness"	"preterm"	"Termnesspreterm"	1.02874793362717	0	0.481093464122483	0.0324880565806734	0.216479822562309	0.0639206393409578	0.236679124046249	NA	"prevalence"	80	42
"DENOVOPURINE2.PWY..superpathway.of.purine.nucleotides.de.novo.biosynthesis.II"	"Termness"	"preterm"	"Termnesspreterm"	0.581394431108621	0.14211559157611	0.19474023371445	0.032734148531159	0.217045142477537	0.064396772582258	0.237372856783032	NA	"abundance"	80	78
"BIOTIN.BIOSYNTHESIS.PWY..biotin.biosynthesis.I"	"Termness"	"preterm"	"Termnesspreterm"	0.510246757393215	0.14211559157611	0.160573109043864	0.0329038537679223	0.217100917507958	0.0647250439430637	0.237517795183921	NA	"abundance"	80	79
"GALACTARDEG.PWY..D.galactarate.degradation.I"	"Termness"	"preterm"	"Termnesspreterm"	0.984860972281972	0.14211559157611	0.385035730107238	0.0333679716792735	0.217511298759931	0.0656225218245582	0.238208839628363	NA	"abundance"	80	78
"GLUCARGALACTSUPER.PWY..superpathway.of.D.glucarate.and.D.galactarate.degradation"	"Termness"	"preterm"	"Termnesspreterm"	0.984860972281972	0.14211559157611	0.385035730107238	0.0334508460945808	0.217511298759931	0.0657827330847183	0.238208839628363	NA	"abundance"	80	78
"PWY.6317..D.galactose.degradation.I..Leloir.pathway."	"Read_depth"	"Read_depth"	"Read_depth"	-0.091082046126743	0.0310501529105919	0.0466747544677244	0.033413019882103	0.217511298759931	0.033413019882103	0.1695401379203	NA	"abundance"	80	80
"COLANSYN.PWY..colanic.acid.building.blocks.biosynthesis"	"Termness"	"preterm"	"Termnesspreterm"	-0.947009080014611	0.14211559157611	0.497986863691499	0.0338854783157873	0.219278143331969	0.0666227309908848	0.240192477519769	NA	"abundance"	80	60
"NONMEVIPP.PWY..methylerythritol.phosphate.pathway.I"	"Read_depth"	"Read_depth"	"Read_depth"	-0.0821575179939543	0.0310501529105919	0.0419946665979309	0.0342608752824267	0.220646593924145	0.0342608752824267	0.172775702344508	NA	"abundance"	80	80
"PWY66.391..fatty.acid..beta..oxidation.VI..mammalian.peroxisome."	"Read_depth"	"Read_depth"	"Read_depth"	-0.642085158576605	0.0310501529105919	0.308122077976082	0.0348813119862097	0.223572599683039	0.0685459180465401	0.244447677293407	NA	"abundance"	80	50
"UDPNAGSYN.PWY..UDP.N.acetyl.D.glucosamine.biosynthesis.I"	"Read_depth"	"Read_depth"	"Read_depth"	-0.112989099762031	0.0310501529105919	0.0597413656251489	0.0362852393128527	0.231468872583411	0.0362852393128527	0.176915106736147	NA	"abundance"	80	80
"PWY.5981..CDP.diacylglycerol.biosynthesis.III"	"Termness"	"preterm"	"Termnesspreterm"	0.556403564675491	0.14211559157611	0.188848132645402	0.0378181771560554	0.238982471605871	0.0378181771560554	0.180735707106265	NA	"abundance"	80	80
"PWY.6936..seleno.amino.acid.biosynthesis..plants."	"Read_depth"	"Read_depth"	"Read_depth"	-0.0984217847549124	0.0310501529105919	0.0524937942330528	0.0377266372531881	0.238982471605871	0.0377266372531881	0.180735707106265	NA	"abundance"	80	80
"PWY.6387..UDP.N.acetylmuramoyl.pentapeptide.biosynthesis.I..meso.diaminopimelate.containing."	"Read_depth"	"Read_depth"	"Read_depth"	-0.0854272863703987	0.0310501529105919	0.0453689646899394	0.0381591721330506	0.24001049388358	0.0381591721330506	0.181311210944322	NA	"abundance"	80	80
"GLYOXYLATE.BYPASS..glyoxylate.cycle"	"Termness"	"preterm"	"Termnesspreterm"	0.847980569011156	0.14211559157611	0.331390216406718	0.0388820784668809	0.24131487706259	0.076252340907857	0.265814129027363	NA	"abundance"	80	76
"PWY.5747..2.methylcitrate.cycle.II"	"Termness"	"preterm"	"Termnesspreterm"	-1.59220554831418	0.14211559157611	0.813201237177504	0.0389019949569274	0.24131487706259	0.0762906247022259	0.265814129027363	NA	"abundance"	80	47
"PWY.7254..TCA.cycle.VII..acetate.producers."	"Termness"	"preterm"	"Termnesspreterm"	-1.10395537370549	0.14211559157611	0.58427152104062	0.0389193025008189	0.24131487706259	0.0763238928944875	0.265814129027363	NA	"abundance"	80	50
"PYRIDNUCSYN.PWY..NAD.de.novo.biosynthesis.I..from.aspartate."	"Termness"	"preterm"	"Termnesspreterm"	-0.139291879129499	0.14211559157611	0.122570980814928	0.0390836873697211	0.24131487706259	0.0766398401210281	0.265814129027363	NA	"abundance"	80	79
"PWY.6902..chitin.degradation.II..Vibrio."	"Read_depth"	"Read_depth"	"Read_depth"	0.99701416862177	0	0.483656992693031	0.0392641766968739	0.241322291479417	0.0769866778220645	0.265895164578727	NA	"prevalence"	80	77
"POLYAMSYN.PWY..superpathway.of.polyamine.biosynthesis.I"	"Read_depth"	"Read_depth"	"Read_depth"	0.345832731656489	0.0310501529105919	0.147432678199638	0.0402710119667973	0.243070771781655	0.0789202695287646	0.270301923136019	NA	"abundance"	80	78
"PWY.6385..peptidoglycan.biosynthesis.III..mycobacteria."	"Read_depth"	"Read_depth"	"Read_depth"	-0.0771158530687549	0.0310501529105919	0.040980714247198	0.0398106326783718	0.243070771781655	0.0398106326783718	0.186996228923552	NA	"abundance"	80	80
"PWY.6386..UDP.N.acetylmuramoyl.pentapeptide.biosynthesis.II..lysine.containing."	"Read_depth"	"Read_depth"	"Read_depth"	-0.0882634674637802	0.0310501529105919	0.0476312089167308	0.0401385890079067	0.243070771781655	0.0401385890079067	0.18746545548011	NA	"abundance"	80	80
"PWY.6185..4.methylcatechol.degradation..ortho.cleavage."	"Read_depth"	"Read_depth"	"Read_depth"	0.704990179910661	0	0.3436102692797	0.0401974144509932	0.243070771781655	0.0787789967734415	0.270301923136019	NA	"prevalence"	80	51
"TRNA.CHARGING.PWY..tRNA.charging"	"Read_depth"	"Read_depth"	"Read_depth"	-0.0626992552833688	0.0310501529105919	0.0319192776784767	0.0406108017392987	0.244027406879893	0.0406108017392987	0.188599316551997	NA	"abundance"	80	80
"PEPTIDOGLYCANSYN.PWY..peptidoglycan.biosynthesis.I..meso.diaminopimelate.containing."	"Read_depth"	"Read_depth"	"Read_depth"	-0.0834128753522616	0.0310501529105919	0.0452166041073974	0.0410595250412356	0.245627203135569	0.0410595250412356	0.18961196395447	NA	"abundance"	80	80
"PWY.6859..all.trans.farnesol.biosynthesis"	"Termness"	"preterm"	"Termnesspreterm"	-0.643495219609983	0.14211559157611	0.375232792061289	0.0414667504002622	0.24696569043696	0.0414667504002622	0.19008367475097	NA	"abundance"	80	80
"VALSYN.PWY..L.valine.biosynthesis"	"Termness"	"preterm"	"Termnesspreterm"	-0.0737267157055016	0.14211559157611	0.0894492354157863	0.0426584331450164	0.25294383706252	0.0426584331450164	0.191672763990879	NA	"abundance"	80	80
"SULFATE.CYS.PWY..superpathway.of.sulfate.assimilation.and.cysteine.biosynthesis"	"Read_depth"	"Read_depth"	"Read_depth"	0.252302080830963	0.0310501529105919	0.103298724026378	0.0435581445216645	0.257145888272633	0.0435581445216645	0.191859695439841	NA	"abundance"	80	80
"GLUCUROCAT.PWY..superpathway.of..beta..D.glucuronosides.degradation"	"Read_depth"	"Read_depth"	"Read_depth"	-0.75932835618924	0.0310501529105919	0.383675544745512	0.0441435351235082	0.25721730855516	0.086338418553816	0.288496666874946	NA	"abundance"	80	66
"P185.PWY..formaldehyde.assimilation.III..dihydroxyacetone.cycle."	"Read_depth"	"Read_depth"	"Read_depth"	0.972294191391045	0.0310501529105919	0.457299242267138	0.043942292494194	0.25721730855516	0.0859536599187427	0.288496666874946	NA	"abundance"	80	70
"PWY.5345..superpathway.of.L.methionine.biosynthesis..by.sulfhydrylation."	"Read_depth"	"Read_depth"	"Read_depth"	0.360207667729729	0.0310501529105919	0.157756604697694	0.0441336293451786	0.25721730855516	0.0863194814511796	0.288496666874946	NA	"abundance"	80	79
"ARGSYNBSUB.PWY..L.arginine.biosynthesis.II..acetyl.cycle."	"Termness"	"preterm"	"Termnesspreterm"	-0.0835603085626257	0.14211559157611	0.0965508840820116	0.0449493908345691	0.257268146202767	0.0449493908345691	0.192439579510499	NA	"abundance"	80	80
"PWY.5860..superpathway.of.demethylmenaquinol.6.biosynthesis.I"	"Termness"	"preterm"	"Termnesspreterm"	0.48739537610345	0.14211559157611	0.160768831760622	0.0451079364813172	0.257268146202767	0.0881811470290318	0.288846951466945	NA	"abundance"	80	75
"PWY.7204..pyridoxal.5..phosphate.salvage.II..plants."	"Read_depth"	"Read_depth"	"Read_depth"	-0.779627630971951	0.0310501529105919	0.393906772908119	0.0447781600477049	0.257268146202767	0.0875512364781518	0.288846951466945	NA	"abundance"	80	60
"PWY.7242..D.fructuronate.degradation"	"Read_depth"	"Read_depth"	"Read_depth"	-0.627026143001517	0.0310501529105919	0.320408730373146	0.0446537343277353	0.257268146202767	0.0873135126660587	0.288846951466945	NA	"abundance"	80	73
"GOLPDLCAT.PWY..superpathway.of.glycerol.degradation.to.1.3.propanediol"	"Read_depth"	"Read_depth"	"Read_depth"	0.963148866694186	0	0.479013356266307	0.0443578796774988	0.257268146202767	0.0867481378655142	0.288692183503857	NA	"prevalence"	80	68
"ARGSYNBSUB.PWY..L.arginine.biosynthesis.II..acetyl.cycle."	"Read_depth"	"Read_depth"	"Read_depth"	-0.0858380491195706	0.0310501529105919	0.0481989963207705	0.0461078169946409	0.260617502908252	0.0461078169946409	0.196376298288056	NA	"abundance"	80	80
"PWY.5838..superpathway.of.menaquinol.8.biosynthesis.I"	"Termness"	"preterm"	"Termnesspreterm"	0.402211113953132	0.14211559157611	0.116422012713837	0.0462760647808858	0.260617502908252	0.0904106553901668	0.291060092858262	NA	"abundance"	80	76
"PWY.7323..superpathway.of.GDP.mannose.derived.O.antigen.building.blocks.biosynthesis"	"Termness"	"preterm"	"Termnesspreterm"	-1.22151590210427	0.14211559157611	0.667700642308206	0.0461895740939219	0.260617502908252	0.0902456714328659	0.291060092858262	NA	"abundance"	80	63
"PWY.6608..guanosine.nucleotides.degradation.III"	"Read_depth"	"Read_depth"	"Read_depth"	0.416896268763451	0.0310501529105919	0.188451775260879	0.0466738131886217	0.261127404342623	0.0911691815396771	0.291060092858262	NA	"abundance"	80	79
"PWY.6215..4.chlorobenzoate.degradation"	"Termness"	"preterm"	"Termnesspreterm"	1.65901071237816	0	0.834744659077517	0.0468728911154083	0.261127404342623	0.0915487143092996	0.291060092858262	NA	"prevalence"	80	12
"PWY.6749..CMP.legionaminate.biosynthesis.I"	"Termness"	"preterm"	"Termnesspreterm"	-1.35773907707835	0	0.683993783894759	0.0471426146027173	0.261127404342623	0.0920628030938543	0.291060092858262	NA	"prevalence"	80	11
"PWY.7245..superpathway.of.NAD.NADP...NADH.NADPH.interconversion..yeast."	"Termness"	"preterm"	"Termnesspreterm"	1.07348000678981	0	0.540669089850477	0.0470926674303713	0.261127404342623	0.0919676155350351	0.291060092858262	NA	"prevalence"	80	25
"PWY.7185..UTP.and.CTP.dephosphorylation.I"	"Termness"	"preterm"	"Termnesspreterm"	1.24459293854854	0	0.629890111655781	0.0481673510839663	0.264625528812321	0.0940146084574866	0.294961863175779	NA	"prevalence"	80	67
"PWY.7210..pyrimidine.deoxyribonucleotides.biosynthesis.from.CTP"	"Termness"	"preterm"	"Termnesspreterm"	1.24459293854854	0	0.629890111655781	0.0481673510839663	0.264625528812321	0.0940146084574866	0.294961863175779	NA	"prevalence"	80	67
"ARG.POLYAMINE.SYN..superpathway.of.arginine.and.polyamine.biosynthesis"	"Read_depth"	"Read_depth"	"Read_depth"	0.28092042301529	0.0310501529105919	0.120782483164905	0.0489272793071411	0.266943180485659	0.0954606799538833	0.297576774384624	NA	"abundance"	80	78
"PWY.7165..L.ascorbate.biosynthesis.VIII..engineered.pathway."	"Read_depth"	"Read_depth"	"Read_depth"	0.639148117140092	0	0.324652478349179	0.0489858585289433	0.266943180485659	0.095572102722069	0.297576774384624	NA	"prevalence"	80	39
"DAPLYSINESYN.PWY..L.lysine.biosynthesis.I"	"Read_depth"	"Read_depth"	"Read_depth"	0.152115386367565	0.0310501529105919	0.0517723692423446	0.0492759402081293	0.267259157871926	0.0492759402081293	0.203541823372273	NA	"abundance"	80	80
"P185.PWY..formaldehyde.assimilation.III..dihydroxyacetone.cycle."	"Read_depth"	"Read_depth"	"Read_depth"	1.03616812526424	0	0.527373970845431	0.0494409586256386	0.267259157871926	0.0859536599187427	0.288496666874946	NA	"prevalence"	80	70
"PWY.4984..urea.cycle"	"Termness"	"preterm"	"Termnesspreterm"	-1.40919560183013	0.14211559157611	0.772535844881266	0.0500377292979332	0.267265014424675	0.0975716842425731	0.300389230140056	NA	"abundance"	80	58
"PWY.6749..CMP.legionaminate.biosynthesis.I"	"Read_depth"	"Read_depth"	"Read_depth"	-2.19377327359911	0.0310501529105919	0.964314970287196	0.0500095170803474	0.267265014424675	0.0975180823620852	0.300389230140056	NA	"abundance"	80	11
"UBISYN.PWY..superpathway.of.ubiquinol.8.biosynthesis..early.decarboxylation."	"Read_depth"	"Read_depth"	"Read_depth"	-0.768526917980117	0.0310501529105919	0.384019636935452	0.0497957485262341	0.267265014424675	0.0971118804811803	0.300389230140056	NA	"abundance"	80	25
"PWY.7229..superpathway.of.adenosine.nucleotides.de.novo.biosynthesis.I"	"Termness"	"preterm"	"Termnesspreterm"	-0.153309022368903	0.14211559157611	0.13873193575035	0.0504605076107077	0.268457878434833	0.0504605076107077	0.207392686280009	NA	"abundance"	80	80
"ECASYN.PWY..enterobacterial.common.antigen.biosynthesis"	"Read_depth"	"Read_depth"	"Read_depth"	0.505784592335411	0.0310501529105919	0.237396065921691	0.0511739527563559	0.269063048476778	0.0997291320720021	0.302499433812494	NA	"abundance"	80	74
"P125.PWY..superpathway.of..R.R..butanediol.biosynthesis"	"Termness"	"preterm"	"Termnesspreterm"	-1.23176444777649	0.14211559157611	0.688684244483996	0.0510490430864494	0.269063048476778	0.0994920813728567	0.302499433812494	NA	"abundance"	80	66
"PWY.6708..ubiquinol.8.biosynthesis..early.decarboxylation."	"Read_depth"	"Read_depth"	"Read_depth"	-0.775458576673379	0.0310501529105919	0.389604631598769	0.0509817684701523	0.269063048476778	0.0993643962239605	0.302499433812494	NA	"abundance"	80	25
"PWY1G.0..mycothiol.biosynthesis"	"Termness"	"preterm"	"Termnesspreterm"	-1.34852010118393	0	0.694414888389545	0.0521429602652454	0.273091145980624	0.101567032225268	0.306389007132312	NA	"prevalence"	80	13
"PWY.621..sucrose.degradation.III..sucrose.invertase."	"Termness"	"preterm"	"Termnesspreterm"	0.613747591573633	0.14211559157611	0.234343976177226	0.0533322771464086	0.278237383872349	0.0533322771464086	0.215956314356394	NA	"abundance"	80	80
"HISDEG.PWY..L.histidine.degradation.I"	"Termness"	"preterm"	"Termnesspreterm"	1.25204302321162	0.14211559157611	0.569977430731924	0.0562154282553026	0.28206371585352	0.109270682136678	0.317721237977824	NA	"abundance"	80	76
"PWY.5188..tetrapyrrole.biosynthesis.I..from.glutamate."	"Read_depth"	"Read_depth"	"Read_depth"	-0.124406635995403	0.0310501529105919	0.0740515653398385	0.0569995027579178	0.28206371585352	0.0569995027579178	0.225257650322156	NA	"abundance"	80	80
"PWY.5384..sucrose.degradation.IV..sucrose.phosphorylase."	"Termness"	"preterm"	"Termnesspreterm"	0.511212719725553	0.14211559157611	0.181500742746059	0.0545939299026154	0.28206371585352	0.0545939299026154	0.218908343316828	NA	"abundance"	80	80
"PWY.7199..pyrimidine.deoxyribonucleosides.salvage"	"Read_depth"	"Read_depth"	"Read_depth"	-0.102019946510855	0.0310501529105919	0.0610015998969757	0.0567675554321174	0.28206371585352	0.0567675554321174	0.225257650322156	NA	"abundance"	80	80
"PWY.7761..NAD.salvage.pathway.II..PNC.IV.cycle."	"Termness"	"preterm"	"Termnesspreterm"	-0.477301066664937	0.14211559157611	0.316121485102099	0.0567775677829796	0.28206371585352	0.110331443362608	0.317721237977824	NA	"abundance"	80	79
"PWY0.1479..tRNA.processing"	"Read_depth"	"Read_depth"	"Read_depth"	0.18026334377152	0.0310501529105919	0.0697219307294664	0.0544922615434782	0.28206371585352	0.0544922615434782	0.218908343316828	NA	"abundance"	80	79
"PWY66.391..fatty.acid..beta..oxidation.VI..mammalian.peroxisome."	"Termness"	"preterm"	"Termnesspreterm"	-0.942079705730831	0.14211559157611	0.552016238800703	0.0563009600310913	0.28206371585352	0.0131672314096045	0.0992978368687606	NA	"abundance"	80	50
"HCAMHPDEG.PWY..3.phenylpropanoate.and.3..3.hydroxyphenyl.propanoate.degradation.to.2.hydroxypentadienoate"	"Termness"	"preterm"	"Termnesspreterm"	0.957482632010703	0	0.500143033665526	0.0555668170052426	0.28206371585352	0.108045962858391	0.317721237977824	NA	"prevalence"	80	54
"PWY.3801..sucrose.degradation.II..sucrose.synthase."	"Termness"	"preterm"	"Termnesspreterm"	0.888649188956104	0	0.465466747388669	0.0562418165669418	0.28206371585352	0.109320491203134	0.317721237977824	NA	"prevalence"	80	46
"PWY.5417..catechol.degradation.III..ortho.cleavage.pathway."	"Read_depth"	"Read_depth"	"Read_depth"	0.635606606506527	0	0.333801122291031	0.0568909636599768	0.28206371585352	0.110545345573793	0.317721237977824	NA	"prevalence"	80	51
"PWY.5431..aromatic.compounds.degradation.via..beta..ketoadipate"	"Read_depth"	"Read_depth"	"Read_depth"	0.635606606506527	0	0.333801122291031	0.0568909636599768	0.28206371585352	0.110545345573793	0.317721237977824	NA	"prevalence"	80	51
"PWY.6690..cinnamate.and.3.hydroxycinnamate.degradation.to.2.hydroxypentadienoate"	"Termness"	"preterm"	"Termnesspreterm"	0.957482632010703	0	0.500143033665526	0.0555668170052426	0.28206371585352	0.108045962858391	0.317721237977824	NA	"prevalence"	80	54
"PWY.7211..superpathway.of.pyrimidine.deoxyribonucleotides.de.novo.biosynthesis"	"Read_depth"	"Read_depth"	"Read_depth"	0.963107289258608	0	0.50468517366538	0.0563482114641336	0.28206371585352	0.10952130199306	0.317721237977824	NA	"prevalence"	80	70
"PWY0.1277..3.phenylpropanoate.and.3..3.hydroxyphenyl.propanoate.degradation"	"Termness"	"preterm"	"Termnesspreterm"	0.957482632010703	0	0.500143033665526	0.0555668170052426	0.28206371585352	0.108045962858391	0.317721237977824	NA	"prevalence"	80	54
"PWY.7209..superpathway.of.pyrimidine.ribonucleosides.degradation"	"Read_depth"	"Read_depth"	"Read_depth"	0.691313042642031	0	0.363864514713378	0.0574437726801726	0.283220945155723	0.111587758340614	0.319599781728169	NA	"prevalence"	80	60
"LIPASYN.PWY..phospholipases"	"Termness"	"preterm"	"Termnesspreterm"	0.770357075760851	0.14211559157611	0.319582430131159	0.0578428015404322	0.283802230421381	0.112339813390819	0.320280396895028	NA	"abundance"	80	57
"PWY.7039..phosphatidate.metabolism..as.a.signaling.molecule"	"Read_depth"	"Read_depth"	"Read_depth"	0.760944768816891	0	0.401379511458029	0.0579833680281424	0.283802230421381	0.112604665088398	0.320280396895028	NA	"prevalence"	80	13
"AST.PWY..L.arginine.degradation.II..AST.pathway."	"Read_depth"	"Read_depth"	"Read_depth"	0.338004056215834	0.0310501529105919	0.15671851504272	0.0588922142561866	0.286938819978571	0.114316135612377	0.320601189288621	NA	"abundance"	80	76
"PWY.7409..phospholipid.remodeling..phosphatidylethanolamine..yeast."	"Read_depth"	"Read_depth"	"Read_depth"	-1.17243019030522	0.0310501529105919	0.61326906345004	0.059050559534966	0.286938819978571	0.114614150488539	0.320601189288621	NA	"abundance"	80	34
"PRPP.PWY..superpathway.of.histidine..purine..and.pyrimidine.biosynthesis"	"Read_depth"	"Read_depth"	"Read_depth"	0.768055762591345	0	0.408616927604162	0.0601561430133362	0.291259598906297	0.116693524484431	0.322640014790003	NA	"prevalence"	80	76
"PWY1G.0..mycothiol.biosynthesis"	"Termness"	"preterm"	"Termnesspreterm"	2.91478260879636	0.14211559157611	1.3129015123288	0.0610256887167262	0.294410670296464	0.101567032225268	0.306389007132312	NA	"abundance"	80	13
"PWY.1861..formaldehyde.assimilation.II..assimilatory.RuMP.Cycle."	"Termness"	"preterm"	"Termnesspreterm"	-0.913560009530697	0.14211559157611	0.556726406293898	0.0628329684764335	0.29826700915878	0.121717955025307	0.328545193627471	NA	"abundance"	80	79
"PWY.3841..folate.transformations.II..plants."	"Read_depth"	"Read_depth"	"Read_depth"	-0.0674500004589106	0.0310501529105919	0.0415844826174196	0.062739822277348	0.29826700915878	0.062739822277348	0.236569421614587	NA	"abundance"	80	80
"GALACTITOLCAT.PWY..galactitol.degradation"	"Termness"	"preterm"	"Termnesspreterm"	-0.864323118741081	0	0.464773686112413	0.0629330093618822	0.29826700915878	0.121905455056422	0.328545193627471	NA	"prevalence"	80	43
"HEXITOLDEGSUPER.PWY..superpathway.of.hexitol.degradation..bacteria."	"Termness"	"preterm"	"Termnesspreterm"	-0.864323118741081	0	0.464773686112413	0.0629330093618822	0.29826700915878	0.121905455056422	0.328545193627471	NA	"prevalence"	80	43
"PWY66.430..myristate.biosynthesis..mitochondria."	"Read_depth"	"Read_depth"	"Read_depth"	0.628059750998007	0	0.337180954791655	0.0625074975536074	0.29826700915878	0.121107807856801	0.328545193627471	NA	"prevalence"	80	52
"CATECHOL.ORTHO.CLEAVAGE.PWY..catechol.degradation.to..beta..ketoadipate"	"Termness"	"preterm"	"Termnesspreterm"	2.10196404132935	0.14211559157611	1.03117437009441	0.0633825539050337	0.298296914532082	0.0327397635763453	0.167155811551278	NA	"abundance"	80	54
"PWY.6897..thiamine.diphosphate.salvage.II"	"Read_depth"	"Read_depth"	"Read_depth"	0.148164229520583	0.0310501529105919	0.0534058274205618	0.0632421676082175	0.298296914532082	0.0632421676082175	0.236679124046249	NA	"abundance"	80	80
"PWY.5154..L.arginine.biosynthesis.III..via.N.acetyl.L.citrulline."	"Termness"	"preterm"	"Termnesspreterm"	0.483877938447774	0.14211559157611	0.173646405591347	0.0636357598211326	0.298445061739528	0.0636357598211326	0.236679124046249	NA	"abundance"	80	80
"NAD.BIOSYNTHESIS.II..NAD.salvage.pathway.III..to.nicotinamide.riboside."	"Read_depth"	"Read_depth"	"Read_depth"	0.836254061743627	0	0.452646672458686	0.0646781200300932	0.301234427545002	0.125172980849559	0.334065552786811	NA	"prevalence"	80	77
"PWY0.166..superpathway.of.pyrimidine.deoxyribonucleotides.de.novo.biosynthesis..E..coli."	"Read_depth"	"Read_depth"	"Read_depth"	0.82870004485888	0	0.448301448087935	0.0645252672569484	0.301234427545002	0.124887024399316	0.334065552786811	NA	"prevalence"	80	77
"PWY.7388..octanoyl..acyl.carrier.protein..biosynthesis..mitochondria..yeast."	"Read_depth"	"Read_depth"	"Read_depth"	0.972242664871548	0.0310501529105919	0.498502993633929	0.0649232640328938	0.301333494442328	0.125631497853103	0.334204178754856	NA	"abundance"	80	56
"POLYAMSYN.PWY..superpathway.of.polyamine.biosynthesis.I"	"Termness"	"preterm"	"Termnesspreterm"	0.708749747638601	0.14211559157611	0.298832445408056	0.0657052088723014	0.302874010760677	0.12709324327165	0.337002083771924	NA	"abundance"	80	78
"PWY.6151..S.adenosyl.L.methionine.salvage.I"	"Read_depth"	"Read_depth"	"Read_depth"	-0.0735717284921974	0.0310501529105919	0.0461383108844788	0.065701836590397	0.302874010760677	0.065701836590397	0.238208839628363	NA	"abundance"	80	80
"PWY0.301..L.ascorbate.degradation.I..bacterial..anaerobic."	"Read_depth"	"Read_depth"	"Read_depth"	1.16109346330474	0	0.631671943098404	0.0660436445871963	0.303395036226506	0.127725526184033	0.337589654415675	NA	"prevalence"	80	79
"PWY0.781..aspartate.superpathway"	"Termness"	"preterm"	"Termnesspreterm"	0.523441265047066	0.14211559157611	0.198286482237716	0.0674018931841537	0.307535417714816	0.130260771163499	0.343187031719219	NA	"abundance"	80	77
"PWY.5971..palmitate.biosynthesis..type.II.fatty.acid.synthase."	"Read_depth"	"Read_depth"	"Read_depth"	0.837998487299195	0	0.458023633364531	0.0673102809032359	0.307535417714816	0.0323112547768594	0.165999071416115	NA	"prevalence"	80	74
"ALLANTOINDEG.PWY..superpathway.of.allantoin.degradation.in.yeast"	"Termness"	"preterm"	"Termnesspreterm"	-1.87577378242894	0.14211559157611	1.06106753056121	0.0695724353530103	0.310081119156132	0.134304546945072	0.349361827812813	NA	"abundance"	80	27
"PWY.5656..mannosylglycerate.biosynthesis.I"	"Termness"	"preterm"	"Termnesspreterm"	-1.84403454731266	0.14211559157611	1.05653480408608	0.0685073951037938	0.310081119156132	0.13232152702368	0.3475025406181	NA	"abundance"	80	39
"PWY.5667..CDP.diacylglycerol.biosynthesis.I"	"Read_depth"	"Read_depth"	"Read_depth"	-0.0899535258978351	0.0310501529105919	0.0574938737972062	0.0684422895275054	0.310081119156132	0.0684422895275054	0.244447677293407	NA	"abundance"	80	80
"PWY.5723..Rubisco.shunt"	"Termness"	"preterm"	"Termnesspreterm"	0.467034622458819	0.14211559157611	0.168050452150098	0.0692721182401046	0.310081119156132	0.133745610114738	0.349361827812813	NA	"abundance"	80	76
"PWY.6519..8.amino.7.oxononanoate.biosynthesis.I"	"Read_depth"	"Read_depth"	"Read_depth"	0.197639386215777	0.0310501529105919	0.0845429663617859	0.0694685508551078	0.310081119156132	0.134111222152307	0.349361827812813	NA	"abundance"	80	79
"PWY0.1319..CDP.diacylglycerol.biosynthesis.II"	"Read_depth"	"Read_depth"	"Read_depth"	-0.0899412493570657	0.0310501529105919	0.0574932433208362	0.0686951501882933	0.310081119156132	0.0686951501882933	0.244447677293407	NA	"abundance"	80	80
"DAPLYSINESYN.PWY..L.lysine.biosynthesis.I"	"Termness"	"preterm"	"Termnesspreterm"	0.357619517180479	0.14211559157611	0.103708964977236	0.0699762454689439	0.310851572281183	0.0699762454689439	0.247933076618413	NA	"abundance"	80	80
"ORNDEG.PWY..superpathway.of.ornithine.degradation"	"Termness"	"preterm"	"Termnesspreterm"	0.633100519007069	0.14211559157611	0.262013424876012	0.0705591709990563	0.311852450734435	0.136139745386039	0.350441043346896	NA	"abundance"	80	75
"PWY.7874..L.threonate.degradation"	"Read_depth"	"Read_depth"	"Read_depth"	-0.645837117808343	0.0310501529105919	0.358302708316562	0.0710080362485035	0.311852450734435	0.136973931285138	0.350441043346896	NA	"abundance"	80	29
"PROTOCATECHUATE.ORTHO.CLEAVAGE.PWY..protocatechuate.degradation.II..ortho.cleavage.pathway."	"Read_depth"	"Read_depth"	"Read_depth"	0.584805860895669	0	0.323675502916994	0.0707987878735366	0.311852450734435	0.136585107382711	0.350441043346896	NA	"prevalence"	80	54
"PWY.6545..pyrimidine.deoxyribonucleotides.de.novo.biosynthesis.III"	"Read_depth"	"Read_depth"	"Read_depth"	0.695531652814587	0	0.385409245973339	0.0711283078569624	0.311852450734435	0.13719737953533	0.350441043346896	NA	"prevalence"	80	74
"PWY66.409..superpathway.of.purine.nucleotide.salvage"	"Read_depth"	"Read_depth"	"Read_depth"	-0.108794120917195	0.0310501529105919	0.0698757429241759	0.0715950665654259	0.311867183162017	0.0715950665654259	0.252580020243691	NA	"abundance"	80	80
"PWY.7184..pyrimidine.deoxyribonucleotides.de.novo.biosynthesis.I"	"Read_depth"	"Read_depth"	"Read_depth"	0.833392846063697	0	0.462540379748433	0.0715811006773138	0.311867183162017	0.138038347380452	0.350441043346896	NA	"prevalence"	80	78
"PYRIDNUCSYN.PWY..NAD.de.novo.biosynthesis.I..from.aspartate."	"Read_depth"	"Read_depth"	"Read_depth"	-0.0940437825669457	0.0310501529105919	0.0607329798964362	0.0718601256200981	0.312012029305329	0.13855637358606	0.350441043346896	NA	"abundance"	80	79
"PWY.7392..taxadiene.biosynthesis..engineered."	"Termness"	"preterm"	"Termnesspreterm"	-1.67706500650419	0	0.933107426601049	0.0722895317553689	0.312867233899442	0.139353287109327	0.351375466269531	NA	"prevalence"	80	71
"THREOCAT.PWY..superpathway.of.L.threonine.metabolism"	"Termness"	"preterm"	"Termnesspreterm"	0.883973625143093	0	0.492433347138614	0.0726356584574868	0.313357680396722	0.139995378035421	0.351914986988122	NA	"prevalence"	80	51
"PWY.6185..4.methylcatechol.degradation..ortho.cleavage."	"Termness"	"preterm"	"Termnesspreterm"	1.63596522112197	0.14211559157611	0.814182928651045	0.0731197453072243	0.314438265762057	0.140892993460655	0.353091587270301	NA	"abundance"	80	51
"PWY.7942..5.oxo.L.proline.metabolism"	"Read_depth"	"Read_depth"	"Read_depth"	0.293464176134014	0.0310501529105919	0.141212120207516	0.0740031901986566	0.317223866265579	0.142529908237735	0.356108159791544	NA	"abundance"	80	75
"PWY.6507..4.deoxy.L.threo.hex.4.enopyranuronate.degradation"	"Read_depth"	"Read_depth"	"Read_depth"	-0.562584313223484	0.0310501529105919	0.328003024120903	0.0757392445058811	0.32363499398386	0.145742055853441	0.360298396627372	NA	"abundance"	80	75
"DHGLUCONATE.PYR.CAT.PWY..glucose.degradation..oxidative."	"Termness"	"preterm"	"Termnesspreterm"	2.16356647214633	0.14211559157611	1.02263704071987	0.0797802429978796	0.325672309235737	0.153195598822958	0.360298396627372	NA	"abundance"	80	12
"GLYCOLYSIS.E.D..superpathway.of.glycolysis.and.the.Entner.Doudoroff.pathway"	"Read_depth"	"Read_depth"	"Read_depth"	0.191674169606801	0.0310501529105919	0.0859728865082017	0.0833507051254857	0.325672309235737	0.159754070206056	0.360298396627372	NA	"abundance"	80	78
"GLYCOLYSIS.TCA.GLYOX.BYPASS..superpathway.of.glycolysis..pyruvate.dehydrogenase..TCA..and.glyoxylate.bypass"	"Termness"	"preterm"	"Termnesspreterm"	0.698255137749314	0.14211559157611	0.31136918041452	0.082802324582862	0.325672309235737	0.158748424209398	0.360298396627372	NA	"abundance"	80	70
"PWY.6353..purine.nucleotides.degradation.II..aerobic."	"Termness"	"preterm"	"Termnesspreterm"	-1.14402074058562	0.14211559157611	0.726346499738826	0.0833614490002162	0.325672309235737	0.159773766821017	0.360298396627372	NA	"abundance"	80	52
"PWY.6588..pyruvate.fermentation.to.acetone"	"Termness"	"preterm"	"Termnesspreterm"	-0.923096163716839	0.14211559157611	0.603775241798525	0.0835397830052684	0.325672309235737	0.16010067066597	0.360298396627372	NA	"abundance"	80	66
"PWY.6607..guanosine.nucleotides.degradation.I"	"Termness"	"preterm"	"Termnesspreterm"	-1.17247705387243	0.14211559157611	0.737307438727509	0.0816559080631825	0.325672309235737	0.156644128804742	0.360298396627372	NA	"abundance"	80	51
"PWY.6700..queuosine.biosynthesis.I..de.novo."	"Read_depth"	"Read_depth"	"Read_depth"	-0.0747765356575232	0.0310501529105919	0.051113313954153	0.0818960285986776	0.325672309235737	0.0818960285986776	0.27817576656245	NA	"abundance"	80	80
"PWY.6901..superpathway.of.glucose.and.xylose.degradation"	"Read_depth"	"Read_depth"	"Read_depth"	0.137567105149452	0.0310501529105919	0.0509845821422325	0.0801942219665137	0.325672309235737	0.0801942219665137	0.273525520566283	NA	"abundance"	80	80
"PWY.7211..superpathway.of.pyrimidine.deoxyribonucleotides.de.novo.biosynthesis"	"Termness"	"preterm"	"Termnesspreterm"	1.04729368778941	0.14211559157611	0.50859493137834	0.0812034984409151	0.325672309235737	0.0394477587575068	0.186356653440635	NA	"abundance"	80	70
"PWY0.1533..methylphosphonate.degradation.I"	"Read_depth"	"Read_depth"	"Read_depth"	-1.01229890188585	0.0310501529105919	0.578143366259666	0.0805700131833467	0.325672309235737	0.154648499342329	0.360298396627372	NA	"abundance"	80	36
"PWY0.461..L.lysine.degradation.I"	"Termness"	"preterm"	"Termnesspreterm"	-1.11252125756419	0.14211559157611	0.696680731513738	0.0816282268119771	0.325672309235737	0.156593286211487	0.360298396627372	NA	"abundance"	80	36
"THISYNARA.PWY..superpathway.of.thiamine.diphosphate.biosynthesis.III..eukaryotes."	"Termness"	"preterm"	"Termnesspreterm"	-0.612094872821173	0.14211559157611	0.423729859934461	0.0813213266944902	0.325672309235737	0.156029495213628	0.360298396627372	NA	"abundance"	80	79
"AST.PWY..L.arginine.degradation.II..AST.pathway."	"Read_depth"	"Read_depth"	"Read_depth"	0.669171511193486	0	0.386912425903112	0.0837166560145357	0.325672309235737	0.114316135612377	0.320601189288621	NA	"prevalence"	80	76
"CATECHOL.ORTHO.CLEAVAGE.PWY..catechol.degradation.to..beta..ketoadipate"	"Read_depth"	"Read_depth"	"Read_depth"	0.562655547071766	0	0.322407998334006	0.0809559397864981	0.325672309235737	0.155358015386281	0.360298396627372	NA	"prevalence"	80	54
"ECASYN.PWY..enterobacterial.common.antigen.biosynthesis"	"Termness"	"preterm"	"Termnesspreterm"	1.66135125475328	0	0.939693958568147	0.0770658253666871	0.325672309235737	0.00241982648156948	0.038251872458656	NA	"prevalence"	80	74
"FUC.RHAMCAT.PWY..superpathway.of.fucose.and.rhamnose.degradation"	"Read_depth"	"Read_depth"	"Read_depth"	0.622263593040264	0	0.357084218767266	0.081399283920828	0.325672309235737	0.156172724418832	0.360298396627372	NA	"prevalence"	80	74
"FUCCAT.PWY..fucose.degradation"	"Read_depth"	"Read_depth"	"Read_depth"	0.622263593040264	0	0.357084218767266	0.081399283920828	0.325672309235737	0.156172724418832	0.360298396627372	NA	"prevalence"	80	74
"GLUCARDEG.PWY..D.glucarate.degradation.I"	"Read_depth"	"Read_depth"	"Read_depth"	0.669171511193486	0	0.386912425903112	0.0837166560145357	0.325672309235737	0.160424833534815	0.360298396627372	NA	"prevalence"	80	76
"GLYOXYLATE.BYPASS..glyoxylate.cycle"	"Read_depth"	"Read_depth"	"Read_depth"	0.669171511193486	0	0.386912425903112	0.0837166560145357	0.325672309235737	0.160424833534815	0.360298396627372	NA	"prevalence"	80	76
"PWY.5654..2.amino.3.carboxymuconate.semialdehyde.degradation.to.2.hydroxypentadienoate"	"Read_depth"	"Read_depth"	"Read_depth"	0.632310817421288	0	0.363417690793659	0.0818763964120308	0.325672309235737	0.157049048534642	0.360298396627372	NA	"prevalence"	80	19
"PWY.5723..Rubisco.shunt"	"Read_depth"	"Read_depth"	"Read_depth"	0.669171511193486	0	0.386912425903112	0.0837166560145357	0.325672309235737	0.160424833534815	0.360298396627372	NA	"prevalence"	80	76
"PWY.5838..superpathway.of.menaquinol.8.biosynthesis.I"	"Read_depth"	"Read_depth"	"Read_depth"	0.674780292962269	0	0.389407779914685	0.083124606158538	0.325672309235737	0.159339512168064	0.360298396627372	NA	"prevalence"	80	76
"PWY.5855..ubiquinol.7.biosynthesis..early.decarboxylation."	"Read_depth"	"Read_depth"	"Read_depth"	0.669171511193486	0	0.386912425903112	0.0837166560145357	0.325672309235737	0.160424833534815	0.360298396627372	NA	"prevalence"	80	76
"PWY.5861..superpathway.of.demethylmenaquinol.8.biosynthesis.I"	"Read_depth"	"Read_depth"	"Read_depth"	0.674780292962269	0	0.389407779914685	0.083124606158538	0.325672309235737	0.159339512168064	0.360298396627372	NA	"prevalence"	80	76
"PWY.6210..2.aminophenol.degradation"	"Read_depth"	"Read_depth"	"Read_depth"	0.632310817421288	0	0.363417690793659	0.0818763964120308	0.325672309235737	0.157049048534642	0.360298396627372	NA	"prevalence"	80	19
"PWY.7094..fatty.acid.salvage"	"Termness"	"preterm"	"Termnesspreterm"	1.34936131960131	0	0.778784938186729	0.0831579886700402	0.325672309235737	0.159400726260434	0.360298396627372	NA	"prevalence"	80	72
"PWY.7118..chitin.deacetylation"	"Read_depth"	"Read_depth"	"Read_depth"	0.669171511193486	0	0.386912425903112	0.0837166560145357	0.325672309235737	0.160424833534815	0.360298396627372	NA	"prevalence"	80	76
"PWY.7165..L.ascorbate.biosynthesis.VIII..engineered.pathway."	"Termness"	"preterm"	"Termnesspreterm"	0.867255806302855	0	0.491786617414527	0.077819587348842	0.325672309235737	0.14958328652254	0.360298396627372	NA	"prevalence"	80	39
"PWY.7315..dTDP.N.acetylthomosamine.biosynthesis"	"Read_depth"	"Read_depth"	"Read_depth"	0.669171511193486	0	0.386912425903112	0.0837166560145357	0.325672309235737	0.160424833534815	0.360298396627372	NA	"prevalence"	80	76
"PWY0.1337..oleate..beta..oxidation"	"Termness"	"preterm"	"Termnesspreterm"	1.34936131960131	0	0.778784938186729	0.0831579886700402	0.325672309235737	0.159400726260434	0.360298396627372	NA	"prevalence"	80	72
"THREOCAT.PWY..superpathway.of.L.threonine.metabolism"	"Read_depth"	"Read_depth"	"Read_depth"	0.555273366136352	0	0.31540274948477	0.0783194014950786	0.325672309235737	0.15050487433961	0.360298396627372	NA	"prevalence"	80	51
"PWY.1622..formaldehyde.assimilation.I..serine.pathway."	"Termness"	"preterm"	"Termnesspreterm"	-1.40429377279169	0.14211559157611	0.859037676061416	0.0839741362993327	0.325732528700005	0.160896617031447	0.36037334931839	NA	"abundance"	80	29
"PWY.5392..reductive.TCA.cycle.II"	"Termness"	"preterm"	"Termnesspreterm"	0.867954905849526	0	0.502869283610199	0.0843465103625316	0.326236790080366	0.161578686914727	0.360917610445395	NA	"prevalence"	80	36
"PWY.5989..stearate.biosynthesis.II..bacteria.and.plants."	"Termness"	"preterm"	"Termnesspreterm"	0.466487784089165	0.14211559157611	0.178247351004844	0.0851946402161192	0.327448322053383	0.0851946402161192	0.288189276780453	NA	"abundance"	80	80
"PWY.7807..glyphosate.degradation.III"	"Read_depth"	"Read_depth"	"Read_depth"	-0.941424342631209	0.0310501529105919	0.547702214232413	0.0853895698668183	0.327448322053383	0.163487761091596	0.362721107937258	NA	"abundance"	80	36
"PWY.7385..1.3.propanediol.biosynthesis..engineered."	"Termness"	"preterm"	"Termnesspreterm"	-0.788313043728796	0	0.458027160255908	0.0852316897354804	0.327448322053383	0.163198938535796	0.362721107937258	NA	"prevalence"	80	39
"GALACTUROCAT.PWY..D.galacturonate.degradation.I"	"Read_depth"	"Read_depth"	"Read_depth"	0.670524103138976	0	0.390089484170599	0.0856329142033315	0.327448586697966	0.163932832411708	0.362721107937258	NA	"prevalence"	80	74
"SALVADEHYPOX.PWY..adenosine.nucleotides.degradation.II"	"Termness"	"preterm"	"Termnesspreterm"	-1.42680003730133	0.14211559157611	0.895008867812283	0.0862886783567204	0.329021419456503	0.165131620700891	0.363909362509739	NA	"abundance"	80	52
"PWY.5994..palmitate.biosynthesis..type.I.fatty.acid.synthase."	"Read_depth"	"Read_depth"	"Read_depth"	-1.51277234649023	0.0310501529105919	0.791179740405514	0.0870259023746766	0.330895097729702	0.166478297065226	0.363949894116	NA	"abundance"	80	11
"DENITRIFICATION.PWY..nitrate.reduction.I..denitrification."	"Read_depth"	"Read_depth"	"Read_depth"	-0.443864755686433	0.0310501529105919	0.265256445867572	0.0880653063752175	0.332542024185398	0.168375114563474	0.366149058653904	NA	"abundance"	80	27
"PENTOSE.P.PWY..pentose.phosphate.pathway"	"Termness"	"preterm"	"Termnesspreterm"	0.319082840409837	0.14211559157611	0.0871600520696475	0.0882002248396634	0.332542024185398	0.0882002248396634	0.288846951466945	NA	"abundance"	80	80
"PWY.5180..toluene.degradation.I..aerobic...via.o.cresol."	"Read_depth"	"Read_depth"	"Read_depth"	0.51302878945508	0.0310501529105919	0.275116100245159	0.0879686669998231	0.332542024185398	0.16819884762592	0.366149058653904	NA	"abundance"	80	52
"BIOTIN.BIOSYNTHESIS.PWY..biotin.biosynthesis.I"	"Read_depth"	"Read_depth"	"Read_depth"	0.178304543558723	0.0310501529105919	0.0798096723853946	0.0899169567111577	0.334326258086892	0.171748854318119	0.369453246519647	NA	"abundance"	80	79
"PWY.841..superpathway.of.purine.nucleotides.de.novo.biosynthesis.I"	"Read_depth"	"Read_depth"	"Read_depth"	-0.0984219811556995	0.0310501529105919	0.0684621050489375	0.0896254499917959	0.334326258086892	0.0896254499917959	0.291060092858262	NA	"abundance"	80	80
"P125.PWY..superpathway.of..R.R..butanediol.biosynthesis"	"Termness"	"preterm"	"Termnesspreterm"	-1.13506091988142	0	0.669820864212792	0.0901562914749101	0.334326258086892	0.0994920813728567	0.302499433812494	NA	"prevalence"	80	66
"PWY.5845..superpathway.of.menaquinol.9.biosynthesis"	"Read_depth"	"Read_depth"	"Read_depth"	0.666556291952898	0	0.393012536749737	0.0898824927643272	0.334326258086892	0.171686123023125	0.369453246519647	NA	"prevalence"	80	77
"PWY.5862..superpathway.of.demethylmenaquinol.9.biosynthesis"	"Read_depth"	"Read_depth"	"Read_depth"	0.666556291952898	0	0.393012536749737	0.0898824927643272	0.334326258086892	0.171686123023125	0.369453246519647	NA	"prevalence"	80	77
"PWY0.1338..polymyxin.resistance"	"Read_depth"	"Read_depth"	"Read_depth"	0.630665786271527	0	0.372176428790829	0.0901637679684561	0.334326258086892	0.172198030882643	0.369453246519647	NA	"prevalence"	80	74
"LIPA.CORESYN.PWY..lipid.A.core.biosynthesis..E..coli.K.12."	"Read_depth"	"Read_depth"	"Read_depth"	-2.51824124132022	0.0310501529105919	1.32438194317399	0.0904760381626213	0.334562492766177	0.172766162843638	0.369453246519647	NA	"abundance"	80	11
"PWY.6507..4.deoxy.L.threo.hex.4.enopyranuronate.degradation"	"Read_depth"	"Read_depth"	"Read_depth"	0.883070027932268	0	0.52212276069751	0.0907781297262338	0.334759897565783	0.145742055853441	0.360298396627372	NA	"prevalence"	80	75
"PWY.1042..glycolysis.IV"	"Read_depth"	"Read_depth"	"Read_depth"	-0.0577746106026489	0.0310501529105919	0.0413145397810204	0.0915189035901773	0.335239440784416	0.0915189035901773	0.291060092858262	NA	"abundance"	80	80
"PWY.5097..L.lysine.biosynthesis.VI"	"Read_depth"	"Read_depth"	"Read_depth"	-0.0521785711384146	0.0310501529105919	0.0370828958782651	0.0917023568153911	0.335239440784416	0.0917023568153911	0.291060092858262	NA	"abundance"	80	80
"PWY.922..mevalonate.pathway.I..eukaryotes.and.bacteria."	"Termness"	"preterm"	"Termnesspreterm"	-0.640199582354365	0.14211559157611	0.454791325278609	0.09190442321653	0.335239440784416	0.175362423426297	0.370560185235003	NA	"abundance"	80	72
"REDCITCYC..TCA.cycle.VI..Helicobacter."	"Read_depth"	"Read_depth"	"Read_depth"	0.400578731468959	0.0310501529105919	0.213969330035151	0.0915415003154263	0.335239440784416	0.174703154350853	0.370118538341241	NA	"abundance"	80	74
"TCA..TCA.cycle.I..prokaryotic."	"Read_depth"	"Read_depth"	"Read_depth"	0.39284224613718	0.0310501529105919	0.210333855816239	0.0928221289459319	0.337671852868174	0.177028310269809	0.373121207799443	NA	"abundance"	80	77
"PWY.7198..pyrimidine.deoxyribonucleotides.de.novo.biosynthesis.IV"	"Termness"	"preterm"	"Termnesspreterm"	2.4317533826944	0	1.44963769666904	0.0934466166527736	0.339027347748338	0.178160963141697	0.374548111771035	NA	"prevalence"	80	76
"NAD.BIOSYNTHESIS.II..NAD.salvage.pathway.III..to.nicotinamide.riboside."	"Termness"	"preterm"	"Termnesspreterm"	0.798921105549794	0.14211559157611	0.384039951735571	0.0945617053424165	0.342150686534657	0.180181494567567	0.377829562588112	NA	"abundance"	80	77
"PWY.7268..cytosolic.NADPH.production..yeast."	"Termness"	"preterm"	"Termnesspreterm"	0.854150952215746	0	0.51291611094083	0.0958561249253556	0.345904407907584	0.182523853165006	0.381767448604669	NA	"prevalence"	80	26
"PWY0.1241..ADP.L.glycero..beta..D.manno.heptose.biosynthesis"	"Read_depth"	"Read_depth"	"Read_depth"	0.203107167625741	0.0310501529105919	0.0972046183559942	0.0961264721685287	0.34595249074556	0.18301264568549	0.381818260795617	NA	"abundance"	80	79
"PWY.6182..superpathway.of.salicylate.degradation"	"Read_depth"	"Read_depth"	"Read_depth"	0.507262511022072	0	0.306201134689653	0.0975939561813113	0.350297240053453	0.185663332079503	0.384755191729549	NA	"prevalence"	80	49
"PANTO.PWY..phosphopantothenate.biosynthesis.I"	"Read_depth"	"Read_depth"	"Read_depth"	0.131290423558751	0.0310501529105919	0.0510905809406949	0.0991051517933046	0.354775357217521	0.0991051517933046	0.302499433812494	NA	"abundance"	80	80
"PWY.6292..superpathway.of.L.cysteine.biosynthesis..mammalian."	"Read_depth"	"Read_depth"	"Read_depth"	0.493740041230847	0.0310501529105919	0.278377567061274	0.102663475166137	0.357318558137843	0.194787161199086	0.389178670223604	NA	"abundance"	80	76
"PWY.6897..thiamine.diphosphate.salvage.II"	"Termness"	"preterm"	"Termnesspreterm"	0.340430910470588	0.14211559157611	0.106981062806167	0.101911573544137	0.357318558137843	0.101911573544137	0.306389007132312	NA	"abundance"	80	80
"PWY.7221..guanosine.ribonucleotides.de.novo.biosynthesis"	"Read_depth"	"Read_depth"	"Read_depth"	-0.0722570653383702	0.0310501529105919	0.0538261450911249	0.102129669044104	0.357318558137843	0.102129669044104	0.306389007132312	NA	"abundance"	80	80
"PWY66.430..myristate.biosynthesis..mitochondria."	"Read_depth"	"Read_depth"	"Read_depth"	0.839330142148238	0.0310501529105919	0.485369780436806	0.102809985752441	0.357318558137843	0.121107807856801	0.328545193627471	NA	"abundance"	80	52
"FAO.PWY..fatty.acid..beta..oxidation.I..generic."	"Read_depth"	"Read_depth"	"Read_depth"	0.584600243781971	0	0.359098587330743	0.103532123086002	0.357318558137843	0.196345345661309	0.389178670223604	NA	"prevalence"	80	75
"ORNDEG.PWY..superpathway.of.ornithine.degradation"	"Read_depth"	"Read_depth"	"Read_depth"	0.584600243781971	0	0.359098587330743	0.103532123086002	0.357318558137843	0.196345345661309	0.389178670223604	NA	"prevalence"	80	75
"PWY.5138..fatty.acid..beta..oxidation.IV..unsaturated..even.number."	"Read_depth"	"Read_depth"	"Read_depth"	0.584600243781971	0	0.359098587330743	0.103532123086002	0.357318558137843	0.196345345661309	0.389178670223604	NA	"prevalence"	80	75
"PWY.5850..superpathway.of.menaquinol.6.biosynthesis"	"Read_depth"	"Read_depth"	"Read_depth"	0.584600243781971	0	0.359098587330743	0.103532123086002	0.357318558137843	0.196345345661309	0.389178670223604	NA	"prevalence"	80	75
"PWY.5860..superpathway.of.demethylmenaquinol.6.biosynthesis.I"	"Read_depth"	"Read_depth"	"Read_depth"	0.584600243781971	0	0.359098587330743	0.103532123086002	0.357318558137843	0.196345345661309	0.389178670223604	NA	"prevalence"	80	75
"PWY.5896..superpathway.of.menaquinol.10.biosynthesis"	"Read_depth"	"Read_depth"	"Read_depth"	0.584600243781971	0	0.359098587330743	0.103532123086002	0.357318558137843	0.196345345661309	0.389178670223604	NA	"prevalence"	80	75
"PWY.6803..phosphatidylcholine.acyl.editing"	"Read_depth"	"Read_depth"	"Read_depth"	0.584600243781971	0	0.359098587330743	0.103532123086002	0.357318558137843	0.196345345661309	0.389178670223604	NA	"prevalence"	80	75
"PWY.7942..5.oxo.L.proline.metabolism"	"Read_depth"	"Read_depth"	"Read_depth"	0.584600243781971	0	0.359098587330743	0.103532123086002	0.357318558137843	0.142529908237735	0.356108159791544	NA	"prevalence"	80	75
"PWY0.845..superpathway.of.pyridoxal.5..phosphate.biosynthesis.and.salvage"	"Read_depth"	"Read_depth"	"Read_depth"	0.584600243781971	0	0.359098587330743	0.103532123086002	0.357318558137843	0.196345345661309	0.389178670223604	NA	"prevalence"	80	75
"PYRIDOXSYN.PWY..pyridoxal.5..phosphate.biosynthesis.I"	"Read_depth"	"Read_depth"	"Read_depth"	0.584600243781971	0	0.359098587330743	0.103532123086002	0.357318558137843	0.196345345661309	0.389178670223604	NA	"prevalence"	80	75
"PWY0.1586..peptidoglycan.maturation..meso.diaminopimelate.containing."	"Termness"	"preterm"	"Termnesspreterm"	0.404718594667302	0.14211559157611	0.150203513021534	0.10398145031555	0.357467343929729	0.10398145031555	0.3108100078523	NA	"abundance"	80	80
"PWY1G.0..mycothiol.biosynthesis"	"Read_depth"	"Read_depth"	"Read_depth"	0.59977636082269	0	0.369033265765566	0.1041063884253	0.357467343929729	0.19737463673964	0.389178670223604	NA	"prevalence"	80	13
"PWY.6595..superpathway.of.guanosine.nucleotides.degradation..plants."	"Termness"	"preterm"	"Termnesspreterm"	-0.966025169383739	0.14211559157611	0.669354164283106	0.105079097528934	0.357556470517635	0.199116578320373	0.389178670223604	NA	"abundance"	80	51
"PWY.7039..phosphatidate.metabolism..as.a.signaling.molecule"	"Termness"	"preterm"	"Termnesspreterm"	3.6068174038168	0.14211559157611	1.94439653874895	0.105194920003702	0.357556470517635	0.199323868812819	0.389178670223604	NA	"abundance"	80	13
"PWY.7883..anhydromuropeptides.recycling.II"	"Termness"	"preterm"	"Termnesspreterm"	0.716390175518285	0.14211559157611	0.346048165463422	0.104919839673028	0.357556470517635	0.198831506589041	0.389178670223604	NA	"abundance"	80	78
"PWY.7198..pyrimidine.deoxyribonucleotides.de.novo.biosynthesis.IV"	"Read_depth"	"Read_depth"	"Read_depth"	0.609035483656754	0	0.375298117051542	0.104631197519207	0.357556470517635	0.198314707544111	0.389178670223604	NA	"prevalence"	80	76
"ARGSYN.PWY..L.arginine.biosynthesis.I..via.L.ornithine."	"Termness"	"preterm"	"Termnesspreterm"	-0.0417056687092418	0.14211559157611	0.0987538504959532	0.106953268233472	0.362617377940184	0.106953268233472	0.317721237977824	NA	"abundance"	80	80
"PWY.7340..9.cis..11.trans.octadecadienoyl.CoA.degradation..isomerase.dependent..yeast."	"Termness"	"preterm"	"Termnesspreterm"	-0.751498472341472	0.14211559157611	0.541634906029517	0.107634435491349	0.364009925053657	0.0119520867397561	0.0918188345801822	NA	"abundance"	80	48
"HISDEG.PWY..L.histidine.degradation.I"	"Read_depth"	"Read_depth"	"Read_depth"	0.489965979411229	0.0310501529105919	0.281759752391116	0.109722192325363	0.366308037008688	0.207405425162042	0.395425557987138	NA	"abundance"	80	76
"P124.PWY..Bifidobacterium.shunt"	"Termness"	"preterm"	"Termnesspreterm"	-1.17088913074922	0.14211559157611	0.794742601851559	0.109978222054859	0.366308037008688	0.20786123478337	0.395425557987138	NA	"abundance"	80	32
"PWY.7238..sucrose.biosynthesis.II"	"Termness"	"preterm"	"Termnesspreterm"	-0.0500890553254046	0.14211559157611	0.105458159152867	0.109640887214864	0.366308037008688	0.109640887214864	0.317721237977824	NA	"abundance"	80	80
"PWY.7783..plasmalogen.degradation"	"Read_depth"	"Read_depth"	"Read_depth"	-0.825081348785552	0.0310501529105919	0.521237924061432	0.108878564411244	0.366308037008688	0.205902587034234	0.395425557987138	NA	"abundance"	80	42
"HCAMHPDEG.PWY..3.phenylpropanoate.and.3..3.hydroxyphenyl.propanoate.degradation.to.2.hydroxypentadienoate"	"Read_depth"	"Read_depth"	"Read_depth"	0.482340135397961	0	0.302450882244015	0.110763277163846	0.366308037008688	0.209258050759617	0.395425557987138	NA	"prevalence"	80	54
"PWY.5654..2.amino.3.carboxymuconate.semialdehyde.degradation.to.2.hydroxypentadienoate"	"Termness"	"preterm"	"Termnesspreterm"	0.978345695999865	0	0.611783005561804	0.109782592095349	0.366308037008688	0.207512966663524	0.395425557987138	NA	"prevalence"	80	19
"PWY.6210..2.aminophenol.degradation"	"Termness"	"preterm"	"Termnesspreterm"	0.978345695999865	0	0.611783005561804	0.109782592095349	0.366308037008688	0.207512966663524	0.395425557987138	NA	"prevalence"	80	19
"PWY.6690..cinnamate.and.3.hydroxycinnamate.degradation.to.2.hydroxypentadienoate"	"Read_depth"	"Read_depth"	"Read_depth"	0.482340135397961	0	0.302450882244015	0.110763277163846	0.366308037008688	0.209258050759617	0.395425557987138	NA	"prevalence"	80	54
"PWY0.1277..3.phenylpropanoate.and.3..3.hydroxyphenyl.propanoate.degradation"	"Read_depth"	"Read_depth"	"Read_depth"	0.482340135397961	0	0.302450882244015	0.110763277163846	0.366308037008688	0.209258050759617	0.395425557987138	NA	"prevalence"	80	54
"GLUDEG.I.PWY..GABA.shunt"	"Read_depth"	"Read_depth"	"Read_depth"	0.46799080976029	0	0.29397343443013	0.111396091866084	0.367497891303305	0.210383094449131	0.396639687241251	NA	"prevalence"	80	55
"PWY.5850..superpathway.of.menaquinol.6.biosynthesis"	"Termness"	"preterm"	"Termnesspreterm"	0.380405126392051	0.14211559157611	0.138250485351121	0.112189511008613	0.36921046899167	0.211792535636874	0.398383213486294	NA	"abundance"	80	75
"PWY.5896..superpathway.of.menaquinol.10.biosynthesis"	"Termness"	"preterm"	"Termnesspreterm"	0.380405126392051	0.14211559157611	0.138250485351121	0.112520942656048	0.369398021500098	0.21238092277589	0.398577896168451	NA	"abundance"	80	75
"GLUCARDEG.PWY..D.glucarate.degradation.I"	"Termness"	"preterm"	"Termnesspreterm"	0.62279448531928	0.14211559157611	0.295310783079646	0.113242185969843	0.37084551145008	0.213660579256458	0.400053584473932	NA	"abundance"	80	76
"KETOGLUCONMET.PWY..ketogluconate.metabolism"	"Read_depth"	"Read_depth"	"Read_depth"	0.497757012440197	0	0.314518719557948	0.113512890577588	0.37084551145008	0.214140604827895	0.400053584473932	NA	"prevalence"	80	68
"PWY.5659..GDP.mannose.biosynthesis"	"Termness"	"preterm"	"Termnesspreterm"	-0.363919834349338	0.14211559157611	0.312794675162191	0.114667578650675	0.371909785213996	0.114667578650675	0.320601189288621	NA	"abundance"	80	80
"PWY.7664..oleate.biosynthesis.IV..anaerobic."	"Termness"	"preterm"	"Termnesspreterm"	0.408617204065981	0.14211559157611	0.158121230139852	0.114320493683188	0.371909785213996	0.114320493683188	0.320601189288621	NA	"abundance"	80	80
"RHAMCAT.PWY..L.rhamnose.degradation.I"	"Termness"	"preterm"	"Termnesspreterm"	0.543636465538074	0.14211559157611	0.246181755274298	0.114522923432752	0.371909785213996	0.114522923432752	0.320601189288621	NA	"abundance"	80	80
"GOLPDLCAT.PWY..superpathway.of.glycerol.degradation.to.1.3.propanediol"	"Termness"	"preterm"	"Termnesspreterm"	1.42189497505256	0.14211559157611	0.804421935794926	0.117012524722068	0.374593672872977	0.220333118502303	0.405671088244994	NA	"abundance"	80	68
"LPSSYN.PWY..superpathway.of.lipopolysaccharide.biosynthesis"	"Read_depth"	"Read_depth"	"Read_depth"	-1.96897362623752	0.0310501529105919	1.13647192039488	0.116592215591633	0.374593672872977	0.2195906864467	0.405671088244994	NA	"abundance"	80	11
"PWY.5659..GDP.mannose.biosynthesis"	"Read_depth"	"Read_depth"	"Read_depth"	-0.221001560612846	0.0310501529105919	0.15614967735037	0.116966818013894	0.374593672872977	0.116966818013894	0.322640014790003	NA	"abundance"	80	80
"PWY.5941..glycogen.degradation.II"	"Read_depth"	"Read_depth"	"Read_depth"	-0.0755684049083535	0.0310501529105919	0.0592987186896717	0.116219608160045	0.374593672872977	0.116219608160045	0.322640014790003	NA	"abundance"	80	80
"PWY.841..superpathway.of.purine.nucleotides.de.novo.biosynthesis.I"	"Termness"	"preterm"	"Termnesspreterm"	-0.0909651204651768	0.14211559157611	0.137141377895082	0.116605504718865	0.374593672872977	0.116605504718865	0.322640014790003	NA	"abundance"	80	80
"PWY.181..photorespiration"	"Termness"	"preterm"	"Termnesspreterm"	-0.886042614527581	0	0.565516294775204	0.117164885794594	0.374593672872977	0.220602161125927	0.405671088244994	NA	"prevalence"	80	16
"PWY.7198..pyrimidine.deoxyribonucleotides.de.novo.biosynthesis.IV"	"Termness"	"preterm"	"Termnesspreterm"	-0.371444676181888	0.14211559157611	0.321030859815433	0.119070872475414	0.379785294672765	0.178160963141697	0.374548111771035	NA	"abundance"	80	76
"PWY.622..starch.biosynthesis"	"Termness"	"preterm"	"Termnesspreterm"	-0.471551163655934	0.14211559157611	0.386059248890403	0.12016370105351	0.381383866407248	0.00756593134226423	0.0730984774789432	NA	"abundance"	80	65
"PWY.6282..palmitoleate.biosynthesis.I..from..5Z..dodec.5.enoate."	"Termness"	"preterm"	"Termnesspreterm"	0.412113900375564	0.14211559157611	0.163760240345599	0.120029868079438	0.381383866407248	0.120029868079438	0.328545193627471	NA	"abundance"	80	80
"PWY.7115..C4.photosynthetic.carbon.assimilation.cycle..NAD.ME.type"	"Read_depth"	"Read_depth"	"Read_depth"	0.162302740445571	0.0310501529105919	0.0773205243008625	0.120422097491145	0.381383866407248	0.120422097491145	0.328545193627471	NA	"abundance"	80	80
"PWY0.1479..tRNA.processing"	"Termness"	"preterm"	"Termnesspreterm"	0.378282319203714	0.14211559157611	0.140277072329145	0.120791826921477	0.38165680524955	0.226992988391926	0.415564001020408	NA	"abundance"	80	79
"GLCMANNANAUT.PWY..superpathway.of.N.acetylglucosamine..N.acetylmannosamine.and.N.acetylneuraminate.degradation"	"Termness"	"preterm"	"Termnesspreterm"	-0.27906046632155	0.14211559157611	0.263986774601995	0.121467750890692	0.382893659716326	0.121467750890692	0.328545193627471	NA	"abundance"	80	80
"PENTOSE.P.PWY..pentose.phosphate.pathway"	"Read_depth"	"Read_depth"	"Read_depth"	0.114788418564226	0.0310501529105919	0.0435110156573471	0.123150621473629	0.386388663178331	0.123150621473629	0.33081637533112	NA	"abundance"	80	80
"PWY0.1277..3.phenylpropanoate.and.3..3.hydroxyphenyl.propanoate.degradation"	"Read_depth"	"Read_depth"	"Read_depth"	0.443070449329391	0.0310501529105919	0.260925216470034	0.122900314234005	0.386388663178331	0.209258050759617	0.395425557987138	NA	"abundance"	80	54
"OANTIGEN.PWY..O.antigen.building.blocks.biosynthesis..E..coli."	"Read_depth"	"Read_depth"	"Read_depth"	-0.179344026009497	0.0310501529105919	0.131804803144797	0.124341373272299	0.38921741494073	0.233221969437356	0.422265327924023	NA	"abundance"	80	79
"PWY.7242..D.fructuronate.degradation"	"Read_depth"	"Read_depth"	"Read_depth"	0.493746403631763	0	0.321901466145332	0.125068210368858	0.389680118417785	0.0873135126660587	0.288846951466945	NA	"prevalence"	80	73
"PWY.8131..5..deoxyadenosine.degradation.II"	"Read_depth"	"Read_depth"	"Read_depth"	0.48535022415393	0	0.316211885172948	0.124811033872174	0.389680118417785	0.234044273568107	0.422514240501529	NA	"prevalence"	80	71
"PWY.6961..L.ascorbate.degradation.II..bacterial..aerobic."	"Read_depth"	"Read_depth"	"Read_depth"	-0.548152714523196	0.0310501529105919	0.372784206654676	0.126956577069573	0.393744000683509	0.237795181677923	0.425858544708136	NA	"abundance"	80	60
"PWY.1622..formaldehyde.assimilation.I..serine.pathway."	"Read_depth"	"Read_depth"	"Read_depth"	0.458067602936028	0	0.300134060622138	0.126957575257536	0.393744000683509	0.237796924599799	0.425858544708136	NA	"prevalence"	80	29
"CATECHOL.ORTHO.CLEAVAGE.PWY..catechol.degradation.to..beta..ketoadipate"	"Read_depth"	"Read_depth"	"Read_depth"	1.15700707942806	0.0310501529105919	0.728576238026493	0.128564095738917	0.396226332487553	0.155358015386281	0.360298396627372	NA	"abundance"	80	54
"P105.PWY..TCA.cycle.IV..2.oxoglutarate.decarboxylase."	"Read_depth"	"Read_depth"	"Read_depth"	0.493136304641566	0	0.324542273557882	0.128641090116687	0.396226332487553	0.240733650166964	0.429247419603567	NA	"prevalence"	80	74
"PWY.6531..mannitol.cycle"	"Read_depth"	"Read_depth"	"Read_depth"	0.470609013085186	0	0.309520129001608	0.128398619705269	0.396226332487553	0.24031103386832	0.429247419603567	NA	"prevalence"	80	69
"PWY.7187..pyrimidine.deoxyribonucleotides.de.novo.biosynthesis.II"	"Read_depth"	"Read_depth"	"Read_depth"	0.219539765986713	0.0310501529105919	0.120091466072824	0.13301700624704	0.404155508822835	0.248340488543155	0.436187781159132	NA	"abundance"	80	78
"PWY.5367..petroselinate.biosynthesis"	"Read_depth"	"Read_depth"	"Read_depth"	0.471378759226474	0	0.31359010008266	0.132795599161722	0.404155508822835	0.00978853943434084	0.0804617941502817	NA	"prevalence"	80	72
"PWY.561..superpathway.of.glyoxylate.cycle.and.fatty.acid.degradation"	"Read_depth"	"Read_depth"	"Read_depth"	0.488507378265092	0	0.324382506756512	0.132077206211605	0.404155508822835	0.246710024022547	0.43425190523883	NA	"prevalence"	80	74
"PWY.6284..superpathway.of.unsaturated.fatty.acids.biosynthesis..E..coli."	"Read_depth"	"Read_depth"	"Read_depth"	0.471378759226474	0	0.31359010008266	0.132795599161722	0.404155508822835	0.00936807981864593	0.0787863518080065	NA	"prevalence"	80	72
"PWY.6285..superpathway.of.fatty.acids.biosynthesis..E..coli."	"Read_depth"	"Read_depth"	"Read_depth"	0.471378759226474	0	0.31359010008266	0.132795599161722	0.404155508822835	0.010429996771499	0.0824370898670399	NA	"prevalence"	80	72
"TCA.GLYOX.BYPASS..superpathway.of.glyoxylate.bypass.and.TCA"	"Read_depth"	"Read_depth"	"Read_depth"	0.488507378265092	0	0.324382506756512	0.132077206211605	0.404155508822835	0.246710024022547	0.43425190523883	NA	"prevalence"	80	74
"PWY.8011..L.serine.biosynthesis.II"	"Termness"	"preterm"	"Termnesspreterm"	-0.912847851883106	0.14211559157611	0.688878102545934	0.133448155604766	0.404552291540576	0.249087900975219	0.436567707039723	NA	"abundance"	80	49
"PWY.1861..formaldehyde.assimilation.II..assimilatory.RuMP.Cycle."	"Read_depth"	"Read_depth"	"Read_depth"	-0.38915834884364	0.0310501529105919	0.276568905696509	0.134908187915624	0.408059372886359	0.25161615666457	0.439126286153454	NA	"abundance"	80	79
"X1CMET2.PWY..folate.transformations.III..E..coli."	"Read_depth"	"Read_depth"	"Read_depth"	0.116730727796029	0.0310501529105919	0.0473219337625553	0.136137150535396	0.410853373588887	0.136137150535396	0.350441043346896	NA	"abundance"	80	80
"DTDPRHAMSYN.PWY..dTDP..beta..L.rhamnose.biosynthesis"	"Read_depth"	"Read_depth"	"Read_depth"	-0.209879311165823	0.0310501529105919	0.157328051052144	0.136777388063773	0.41094277753089	0.254846722241998	0.442883732944868	NA	"abundance"	80	79
"PWY.5910..superpathway.of.geranylgeranyldiphosphate.biosynthesis.I..via.mevalonate."	"Termness"	"preterm"	"Termnesspreterm"	-0.530061083210979	0.14211559157611	0.443331921882186	0.13669152718033	0.41094277753089	0.254698480757769	0.442883732944868	NA	"abundance"	80	71
"PWY.5695..inosine.5..phosphate.degradation"	"Termness"	"preterm"	"Termnesspreterm"	-0.020582893578953	0.14211559157611	0.0940607569385608	0.137474031697066	0.412115916846882	0.137474031697066	0.350441043346896	NA	"abundance"	80	80
"PWY0.1296..purine.ribonucleosides.degradation"	"Termness"	"preterm"	"Termnesspreterm"	-0.0884779594746272	0.14211559157611	0.144568565152653	0.138270161764816	0.412664385222709	0.138270161764816	0.350441043346896	NA	"abundance"	80	80
"PWY.7388..octanoyl..acyl.carrier.protein..biosynthesis..mitochondria..yeast."	"Read_depth"	"Read_depth"	"Read_depth"	0.451586225467126	0	0.304528151592988	0.138099734125139	0.412664385222709	0.125631497853103	0.334204178754856	NA	"prevalence"	80	56
"PWY.6549..L.glutamine.biosynthesis.III"	"Read_depth"	"Read_depth"	"Read_depth"	0.411971135816945	0.0310501529105919	0.252879988483931	0.139914088742721	0.416646821786954	0.260252225256737	0.449427162103021	NA	"abundance"	80	64
"REDCITCYC..TCA.cycle.VI..Helicobacter."	"Termness"	"preterm"	"Termnesspreterm"	0.807515395361751	0.14211559157611	0.444026102242607	0.141054974277933	0.418486935510617	0.262213442787318	0.450906213159499	NA	"abundance"	80	74
"ARGDEG.PWY..superpathway.of.L.arginine..putrescine..and.4.aminobutanoate.degradation"	"Read_depth"	"Read_depth"	"Read_depth"	0.42951162749517	0	0.292113589691128	0.141464751602772	0.418486935510617	0.26291722725951	0.450906213159499	NA	"prevalence"	80	42
"ORNARGDEG.PWY..superpathway.of.L.arginine.and.L.ornithine.degradation"	"Read_depth"	"Read_depth"	"Read_depth"	0.42951162749517	0	0.292113589691128	0.141464751602772	0.418486935510617	0.26291722725951	0.450906213159499	NA	"prevalence"	80	42
"PWY.5265..peptidoglycan.biosynthesis.II..staphylococci."	"Read_depth"	"Read_depth"	"Read_depth"	-0.291388792526798	0.0310501529105919	0.216405997950154	0.14431275043873	0.42597579405818	0.267799330938268	0.456703423301361	NA	"abundance"	80	77
"PWY0.1477..ethanolamine.utilization"	"Termness"	"preterm"	"Termnesspreterm"	0.530933685647679	0.14211559157611	0.259252951140714	0.14567216016985	0.429047543957588	0.14567216016985	0.360298396627372	NA	"abundance"	80	80
"FASYN.ELONG.PWY..fatty.acid.elongation....saturated"	"Read_depth"	"Read_depth"	"Read_depth"	0.143247163514873	0.0310501529105919	0.0698880989762467	0.146966959394639	0.430975005109334	0.146966959394639	0.360298396627372	NA	"abundance"	80	80
"PWY.7238..sucrose.biosynthesis.II"	"Read_depth"	"Read_depth"	"Read_depth"	-0.0588377449292168	0.0310501529105919	0.0526455813774501	0.146795265306132	0.430975005109334	0.146795265306132	0.360298396627372	NA	"abundance"	80	80
"CITRULBIO.PWY..L.citrulline.biosynthesis"	"Termness"	"preterm"	"Termnesspreterm"	-0.362173133717377	0.14211559157611	0.34163817676663	0.147998103962515	0.431852887305037	0.147998103962515	0.360298396627372	NA	"abundance"	80	80
"GLYCOL.GLYOXDEG.PWY..superpathway.of.glycol.metabolism.and.degradation"	"Termness"	"preterm"	"Termnesspreterm"	-0.702865211692196	0.14211559157611	0.574394328593236	0.147713865710676	0.431852887305037	0.27360834529816	0.463723834711521	NA	"abundance"	80	67
"PWY.7196..superpathway.of.pyrimidine.ribonucleosides.salvage"	"Read_depth"	"Read_depth"	"Read_depth"	0.561187316065914	0	0.388145769139961	0.148228851363245	0.431852887305037	0.274485910350022	0.464253947135223	NA	"prevalence"	80	12
"ALLANTOINDEG.PWY..superpathway.of.allantoin.degradation.in.yeast"	"Read_depth"	"Read_depth"	"Read_depth"	0.845729651760192	0.0310501529105919	0.548521498965023	0.151058475710178	0.431858889966134	0.279298288336473	0.46800261352471	NA	"abundance"	80	27
"GLCMANNANAUT.PWY..superpathway.of.N.acetylglucosamine..N.acetylmannosamine.and.N.acetylneuraminate.degradation"	"Read_depth"	"Read_depth"	"Read_depth"	-0.16411338874014	0.0310501529105919	0.131784371513013	0.153017582235779	0.431858889966134	0.153017582235779	0.360298396627372	NA	"abundance"	80	80
"HCAMHPDEG.PWY..3.phenylpropanoate.and.3..3.hydroxyphenyl.propanoate.degradation.to.2.hydroxypentadienoate"	"Read_depth"	"Read_depth"	"Read_depth"	0.445695798125721	0.0310501529105919	0.283100741516797	0.151311149083988	0.431858889966134	0.209258050759617	0.395425557987138	NA	"abundance"	80	54
"POLYISOPRENSYN.PWY..polyisoprenoid.biosynthesis..E..coli."	"Termness"	"preterm"	"Termnesspreterm"	0.455995772409057	0.14211559157611	0.20883188559609	0.149766578662226	0.431858889966134	0.149766578662226	0.360298396627372	NA	"abundance"	80	80
"PWY.1042..glycolysis.IV"	"Termness"	"preterm"	"Termnesspreterm"	-0.00125344107578399	0.14211559157611	0.0827601329030161	0.152038291434934	0.431858889966134	0.152038291434934	0.360298396627372	NA	"abundance"	80	80
"PWY.6435..4.hydroxybenzoate.biosynthesis.III..plants."	"Read_depth"	"Read_depth"	"Read_depth"	-1.24324056793181	0.0310501529105919	0.811055894499212	0.150760860539066	0.431858889966134	0.278792884007652	0.46800261352471	NA	"abundance"	80	12
"PWY.6545..pyrimidine.deoxyribonucleotides.de.novo.biosynthesis.III"	"Termness"	"preterm"	"Termnesspreterm"	0.934590165151902	0.14211559157611	0.544215802542254	0.151542706374087	0.431858889966134	0.280120220892992	0.468005734906584	NA	"abundance"	80	74
"PWY.6690..cinnamate.and.3.hydroxycinnamate.degradation.to.2.hydroxypentadienoate"	"Read_depth"	"Read_depth"	"Read_depth"	0.445695798125721	0.0310501529105919	0.283100741516797	0.151302285486103	0.431858889966134	0.209258050759617	0.395425557987138	NA	"abundance"	80	54
"PWY.6803..phosphatidylcholine.acyl.editing"	"Read_depth"	"Read_depth"	"Read_depth"	0.232905223984533	0.0310501529105919	0.136920843550239	0.154537841821437	0.431858889966134	0.196345345661309	0.389178670223604	NA	"abundance"	80	75
"PWY.8178..pentose.phosphate.pathway..non.oxidative.branch..II"	"Read_depth"	"Read_depth"	"Read_depth"	-0.0452138409109561	0.0310501529105919	0.0425408716253143	0.152833912170245	0.431858889966134	0.152833912170245	0.360298396627372	NA	"abundance"	80	80
"PWY0.862...5Z..dodecenoate.biosynthesis.I"	"Termness"	"preterm"	"Termnesspreterm"	0.377545075946786	0.14211559157611	0.15335632863915	0.150326394054452	0.431858889966134	0.150326394054452	0.360298396627372	NA	"abundance"	80	80
"RIBOSYN2.PWY..flavin.biosynthesis.I..bacteria.and.plants."	"Termness"	"preterm"	"Termnesspreterm"	-0.0557189076624474	0.14211559157611	0.126931991155112	0.154420868231739	0.431858889966134	0.154420868231739	0.360298396627372	NA	"abundance"	80	80
"CENTFERM.PWY..pyruvate.fermentation.to.butanoate"	"Termness"	"preterm"	"Termnesspreterm"	-0.705939319238988	0	0.495661860310251	0.154378252233361	0.431858889966134	0.284923859704095	0.474104074244466	NA	"prevalence"	80	23
"FAO.PWY..fatty.acid..beta..oxidation.I..generic."	"Termness"	"preterm"	"Termnesspreterm"	1.38786405902241	0	0.980409550739197	0.156893757201664	0.431858889966134	0.00521538950222251	0.0603809883215056	NA	"prevalence"	80	75
"ORNDEG.PWY..superpathway.of.ornithine.degradation"	"Termness"	"preterm"	"Termnesspreterm"	1.38786405902241	0	0.980409550739197	0.156893757201664	0.431858889966134	0.136139745386039	0.350441043346896	NA	"prevalence"	80	75
"PWY.5138..fatty.acid..beta..oxidation.IV..unsaturated..even.number."	"Termness"	"preterm"	"Termnesspreterm"	1.38786405902241	0	0.980409550739197	0.156893757201664	0.431858889966134	0.00616663554102443	0.0641642330977479	NA	"prevalence"	80	75
"PWY.5180..toluene.degradation.I..aerobic...via.o.cresol."	"Termness"	"preterm"	"Termnesspreterm"	0.692359746264167	0	0.480790278127843	0.149854603242991	0.431858889966134	0.277252804372867	0.467011895890362	NA	"prevalence"	80	52
"PWY.5415..catechol.degradation.I..meta.cleavage.pathway."	"Termness"	"preterm"	"Termnesspreterm"	0.692359746264167	0	0.480790278127843	0.149854603242991	0.431858889966134	0.277252804372867	0.467011895890362	NA	"prevalence"	80	52
"PWY.5850..superpathway.of.menaquinol.6.biosynthesis"	"Termness"	"preterm"	"Termnesspreterm"	1.38786405902241	0	0.980409550739197	0.156893757201664	0.431858889966134	0.211792535636874	0.398383213486294	NA	"prevalence"	80	75
"PWY.5860..superpathway.of.demethylmenaquinol.6.biosynthesis.I"	"Termness"	"preterm"	"Termnesspreterm"	1.38786405902241	0	0.980409550739197	0.156893757201664	0.431858889966134	0.0881811470290318	0.288846951466945	NA	"prevalence"	80	75
"PWY.5896..superpathway.of.menaquinol.10.biosynthesis"	"Termness"	"preterm"	"Termnesspreterm"	1.38786405902241	0	0.980409550739197	0.156893757201664	0.431858889966134	0.21238092277589	0.398577896168451	NA	"prevalence"	80	75
"PWY.6185..4.methylcatechol.degradation..ortho.cleavage."	"Termness"	"preterm"	"Termnesspreterm"	0.706607062229759	0	0.495386099873892	0.153759710224573	0.431858889966134	0.140892993460655	0.353091587270301	NA	"prevalence"	80	51
"PWY.6590..superpathway.of.Clostridium.acetobutylicum.acidogenic.fermentation"	"Termness"	"preterm"	"Termnesspreterm"	-0.705939319238988	0	0.495661860310251	0.154378252233361	0.431858889966134	0.284923859704095	0.474104074244466	NA	"prevalence"	80	23
"PWY.6803..phosphatidylcholine.acyl.editing"	"Termness"	"preterm"	"Termnesspreterm"	1.38786405902241	0	0.980409550739197	0.156893757201664	0.431858889966134	0.00625543263213796	0.0642745702952175	NA	"prevalence"	80	75
"PWY.7942..5.oxo.L.proline.metabolism"	"Termness"	"preterm"	"Termnesspreterm"	1.38786405902241	0	0.980409550739197	0.156893757201664	0.431858889966134	0.00644850342209697	0.0654403680612804	NA	"prevalence"	80	75
"PWY0.845..superpathway.of.pyridoxal.5..phosphate.biosynthesis.and.salvage"	"Termness"	"preterm"	"Termnesspreterm"	1.38786405902241	0	0.980409550739197	0.156893757201664	0.431858889966134	0.289171863354473	0.477307774452564	NA	"prevalence"	80	75
"PYRIDOXSYN.PWY..pyridoxal.5..phosphate.biosynthesis.I"	"Termness"	"preterm"	"Termnesspreterm"	1.38786405902241	0	0.980409550739197	0.156893757201664	0.431858889966134	0.289171863354473	0.477307774452564	NA	"prevalence"	80	75
"PROTOCATECHUATE.ORTHO.CLEAVAGE.PWY..protocatechuate.degradation.II..ortho.cleavage.pathway."	"Read_depth"	"Read_depth"	"Read_depth"	0.769581510642491	0.0310501529105919	0.516923940071469	0.159772366527231	0.437417047309893	0.136585107382711	0.350441043346896	NA	"abundance"	80	54
"PWY.5845..superpathway.of.menaquinol.9.biosynthesis"	"Termness"	"preterm"	"Termnesspreterm"	2.08403590469036	0	1.48282623855131	0.159887954885934	0.437417047309893	0.294211751654261	0.483684119719606	NA	"prevalence"	80	77
"PWY.5862..superpathway.of.demethylmenaquinol.9.biosynthesis"	"Termness"	"preterm"	"Termnesspreterm"	2.08403590469036	0	1.48282623855131	0.159887954885934	0.437417047309893	0.294211751654261	0.483684119719606	NA	"prevalence"	80	77
"PWY.5676..acetyl.CoA.fermentation.to.butanoate.II"	"Read_depth"	"Read_depth"	"Read_depth"	0.376092146671961	0	0.268832449352012	0.161817946928699	0.441799100539614	0.29745084590918	0.48803312442584	NA	"prevalence"	80	45
"PWY.6731..starch.degradation.III"	"Read_depth"	"Read_depth"	"Read_depth"	0.407555264919361	0	0.291733075611676	0.162409284861529	0.442515986687485	0.298441793913824	0.488683574894748	NA	"prevalence"	80	68
"PWY.6292..superpathway.of.L.cysteine.biosynthesis..mammalian."	"Termness"	"preterm"	"Termnesspreterm"	0.943171046828941	0.14211559157611	0.56742540573087	0.163754415285124	0.44438194147939	0.300693322044876	0.490416489525571	NA	"abundance"	80	76
"P621.PWY..nylon.6.oligomer.degradation"	"Read_depth"	"Read_depth"	"Read_depth"	0.399286623169831	0	0.286725880274981	0.163749053853061	0.44438194147939	0.300684355068349	0.490416489525571	NA	"prevalence"	80	42
"PWY.5989..stearate.biosynthesis.II..bacteria.and.plants."	"Read_depth"	"Read_depth"	"Read_depth"	0.16338952830909	0.0310501529105919	0.0889825452864	0.164151158336569	0.444562291994009	0.164151158336569	0.362721107937258	NA	"abundance"	80	80
"PWY.7229..superpathway.of.adenosine.nucleotides.de.novo.biosynthesis.I"	"Read_depth"	"Read_depth"	"Read_depth"	-0.0750669285049664	0.0310501529105919	0.0692561246267273	0.165998699993797	0.447122098372593	0.165998699993797	0.363949894116	NA	"abundance"	80	80
"DHGLUCONATE.PYR.CAT.PWY..glucose.degradation..oxidative."	"Termness"	"preterm"	"Termnesspreterm"	0.972836716567696	0	0.701542168602961	0.16552969873442	0.447122098372593	0.153195598822958	0.360298396627372	NA	"prevalence"	80	12
"PWY.6507..4.deoxy.L.threo.hex.4.enopyranuronate.degradation"	"Termness"	"preterm"	"Termnesspreterm"	1.38097203540339	0	0.997924430025583	0.166406134761915	0.447122098372593	0.0447604575277194	0.192439579510499	NA	"prevalence"	80	75
"UDPNACETYLGALSYN.PWY..UDP.N.acetyl.D.glucosamine.biosynthesis.II"	"Read_depth"	"Read_depth"	"Read_depth"	0.520760065762978	0	0.376330889395617	0.166425090107481	0.447122098372593	0.166425090107481	0.363949894116	NA	"prevalence"	80	9
"PWY0.1338..polymyxin.resistance"	"Termness"	"preterm"	"Termnesspreterm"	0.549000054409161	0.14211559157611	0.287108983150266	0.167117588297697	0.44808819491773	0.306306888276956	0.498582697353777	NA	"abundance"	80	74
"PWY.4041...gamma..glutamyl.cycle"	"Read_depth"	"Read_depth"	"Read_depth"	-0.0748723330770507	0.0310501529105919	0.0693083642974328	0.168171183691347	0.450016726140265	0.308060820358545	0.500446629120008	NA	"abundance"	80	79
"GLUCOSE1PMETAB.PWY..glucose.and.glucose.1.phosphate.degradation"	"Termness"	"preterm"	"Termnesspreterm"	0.395097632339868	0.14211559157611	0.174822911521767	0.169478171187107	0.45261432225763	0.310233491865287	0.501306133259161	NA	"abundance"	80	79
"ARO.PWY..chorismate.biosynthesis.I"	"Read_depth"	"Read_depth"	"Read_depth"	-0.0326675820593762	0.0310501529105919	0.0337194525693396	0.171498931963567	0.456761924610066	0.171498931963567	0.369453246519647	NA	"abundance"	80	80
"PWY.6708..ubiquinol.8.biosynthesis..early.decarboxylation."	"Termness"	"preterm"	"Termnesspreterm"	-0.622400605114693	0.14211559157611	0.539239886533694	0.171709906279861	0.456761924610066	0.313935520645084	0.504013667910662	NA	"abundance"	80	25
"PWY.7117..C4.photosynthetic.carbon.assimilation.cycle..PEPCK.type"	"Read_depth"	"Read_depth"	"Read_depth"	0.151364133140845	0.0310501529105919	0.0817748190306321	0.173040754148497	0.45758910625516	0.173040754148497	0.369453246519647	NA	"abundance"	80	80
"PWY.7783..plasmalogen.degradation"	"Termness"	"preterm"	"Termnesspreterm"	-0.944673652935171	0.14211559157611	0.780611926887214	0.172374688293844	0.45758910625516	0.315036343423288	0.50431219076202	NA	"abundance"	80	42
"UBISYN.PWY..superpathway.of.ubiquinol.8.biosynthesis..early.decarboxylation."	"Termness"	"preterm"	"Termnesspreterm"	-0.609689626707949	0.14211559157611	0.531509865778602	0.172934112253788	0.45758910625516	0.31596201732657	0.50431219076202	NA	"abundance"	80	25
"GALACTITOLCAT.PWY..galactitol.degradation"	"Read_depth"	"Read_depth"	"Read_depth"	-0.861569021304164	0.0310501529105919	0.64476020077188	0.174276387437694	0.458593510862189	0.318180515657054	0.505888556808702	NA	"abundance"	80	43
"PWY.2941..L.lysine.biosynthesis.II"	"Read_depth"	"Read_depth"	"Read_depth"	-0.215759213604275	0.0310501529105919	0.177321966442051	0.174178245379145	0.458593510862189	0.174178245379145	0.370118538341241	NA	"abundance"	80	80
"PWY.6126..superpathway.of.adenosine.nucleotides.de.novo.biosynthesis.II"	"Termness"	"preterm"	"Termnesspreterm"	-0.0917382226272256	0.14211559157611	0.161958751594034	0.174442702497356	0.458593510862189	0.174442702497356	0.370118538341241	NA	"abundance"	80	80
"GLYCOCAT.PWY..glycogen.degradation.I"	"Read_depth"	"Read_depth"	"Read_depth"	0.175547016588959	0.0310501529105919	0.100690420250842	0.175572142364994	0.459524091639231	0.320318707555354	0.50732558306455	NA	"abundance"	80	78
"HEXITOLDEGSUPER.PWY..superpathway.of.hexitol.degradation..bacteria."	"Termness"	"preterm"	"Termnesspreterm"	-0.92383077375188	0.14211559157611	0.770892475383191	0.175143493694846	0.459524091639231	0.121905455056422	0.328545193627471	NA	"abundance"	80	43
"P562.PWY..myo.inositol.degradation.I"	"Termness"	"preterm"	"Termnesspreterm"	-0.845797629846484	0.14211559157611	0.71732571468067	0.176162281787402	0.459524091639231	0.32129141405026	0.507887581440989	NA	"abundance"	80	47
"PWY.6292..superpathway.of.L.cysteine.biosynthesis..mammalian."	"Termness"	"preterm"	"Termnesspreterm"	-2.16730343926763	0	1.60136547933871	0.175924806971393	0.459524091639231	0.300693322044876	0.490416489525571	NA	"prevalence"	80	76
"ARG.POLYAMINE.SYN..superpathway.of.arginine.and.polyamine.biosynthesis"	"Termness"	"preterm"	"Termnesspreterm"	0.483155195299863	0.14211559157611	0.244814957222383	0.176961961846367	0.460717215948182	0.322608387752219	0.508990584898894	NA	"abundance"	80	78
"HSERMETANA.PWY..L.methionine.biosynthesis.III"	"Termness"	"preterm"	"Termnesspreterm"	-0.4323090750962	0.14211559157611	0.420906677523831	0.179271151243749	0.465828126590899	0.326404156819238	0.513992752692363	NA	"abundance"	80	79
"PWY.5028..L.histidine.degradation.II"	"Termness"	"preterm"	"Termnesspreterm"	1.53130454522153	0.14211559157611	1.01778569341398	0.180692772667913	0.468617479790001	0.328735667241407	0.515688394031368	NA	"abundance"	80	41
"PWY.6328..L.lysine.degradation.X"	"Termness"	"preterm"	"Termnesspreterm"	-0.513190778123518	0.14211559157611	0.444929683149613	0.181550094440242	0.469935436762626	0.330139752089223	0.516904526128269	NA	"abundance"	80	11
"PYRIDOXSYN.PWY..pyridoxal.5..phosphate.biosynthesis.I"	"Termness"	"preterm"	"Termnesspreterm"	0.390958737857774	0.14211559157611	0.177480702375738	0.18288644264647	0.472485895973415	0.289171863354473	0.477307774452564	NA	"abundance"	80	75
"CRNFORCAT.PWY..creatinine.degradation.I"	"Termness"	"preterm"	"Termnesspreterm"	0.762063017502648	0	0.572692493323905	0.183298597081538	0.472643508949713	0.332998818471016	0.520116740039852	NA	"prevalence"	80	19
"P41.PWY..pyruvate.fermentation.to.acetate.and..S..lactate.I"	"Read_depth"	"Read_depth"	"Read_depth"	0.163222855376445	0.0310501529105919	0.0936325867093887	0.183744782373323	0.472888101480866	0.183744782373323	0.382375218002207	NA	"abundance"	80	80
"DARABCATK12.PWY..D.arabinose.degradation.I"	"Termness"	"preterm"	"Termnesspreterm"	-0.65842268932203	0.14211559157611	0.595713029461756	0.185479428623238	0.476418847788172	0.336556238804073	0.523956871774523	NA	"abundance"	80	64
"PWY.6901..superpathway.of.glucose.and.xylose.degradation"	"Termness"	"preterm"	"Termnesspreterm"	0.296402247337596	0.14211559157611	0.102130891847289	0.185824587733128	0.476418847788172	0.185824587733128	0.384755191729549	NA	"abundance"	80	80
"PWY.5981..CDP.diacylglycerol.biosynthesis.III"	"Read_depth"	"Read_depth"	"Read_depth"	-0.101192583097382	0.0310501529105919	0.0942745427667809	0.186306520774137	0.476746344034199	0.186306520774137	0.384783819287288	NA	"abundance"	80	80
"PWY.2221..Entner.Doudoroff.pathway.III..semi.phosphorylative."	"Read_depth"	"Read_depth"	"Read_depth"	2.58189208074697	0.0310501529105919	1.75105697639817	0.188512639685011	0.481476305533254	0.341488264049012	0.530630156991092	NA	"abundance"	80	10
"NONOXIPENT.PWY..pentose.phosphate.pathway..non.oxidative.branch..I"	"Termness"	"preterm"	"Termnesspreterm"	0.291448993248618	0.14211559157611	0.0994850975534699	0.190191645776772	0.483308927767662	0.190191645776772	0.389178670223604	NA	"abundance"	80	80
"PWY.6328..L.lysine.degradation.X"	"Read_depth"	"Read_depth"	"Read_depth"	-0.37002129715355	0.0310501529105919	0.278794108292591	0.19030737869009	0.483308927767662	0.344397858996287	0.534141585084807	NA	"abundance"	80	11
"PWY.6902..chitin.degradation.II..Vibrio."	"Read_depth"	"Read_depth"	"Read_depth"	0.286822735962452	0.0310501529105919	0.191081309653808	0.189926585547626	0.483308927767662	0.0769866778220645	0.265895164578727	NA	"abundance"	80	77
"PWY.5100..pyruvate.fermentation.to.acetate.and.lactate.II"	"Read_depth"	"Read_depth"	"Read_depth"	0.152253209785428	0.0310501529105919	0.0864309155942563	0.191529807456134	0.484584813601421	0.191529807456134	0.389178670223604	NA	"abundance"	80	80
"PWY.5189..tetrapyrrole.biosynthesis.II..from.glycine."	"Read_depth"	"Read_depth"	"Read_depth"	-0.233959695019863	0.0310501529105919	0.199081532343283	0.191450391175167	0.484584813601421	0.191450391175167	0.389178670223604	NA	"abundance"	80	80
"CRNFORCAT.PWY..creatinine.degradation.I"	"Termness"	"preterm"	"Termnesspreterm"	1.96483079501153	0.14211559157611	1.35004554303996	0.195858298035462	0.484605274183332	0.332998818471016	0.520116740039852	NA	"abundance"	80	19
"GALACTITOLCAT.PWY..galactitol.degradation"	"Termness"	"preterm"	"Termnesspreterm"	-1.1181995000177	0.14211559157611	0.955592499875418	0.195244283443419	0.484605274183332	0.121905455056422	0.328545193627471	NA	"abundance"	80	43
"PWY.5130..2.oxobutanoate.degradation.I"	"Termness"	"preterm"	"Termnesspreterm"	-0.857766238546023	0.14211559157611	0.757436344742657	0.194608274778878	0.484605274183332	0.000113239209219832	0.0144092398795092	NA	"abundance"	80	46
"PWY.6305..superpathway.of.putrescine.biosynthesis"	"Read_depth"	"Read_depth"	"Read_depth"	0.260087622967506	0.0310501529105919	0.171918662705668	0.193596975938254	0.484605274183332	0.349714162784071	0.538662162941315	NA	"abundance"	80	79
"PWY.6318..L.phenylalanine.degradation.IV..mammalian..via.side.chain."	"Read_depth"	"Read_depth"	"Read_depth"	1.06205063481731	0.0310501529105919	0.763746191876188	0.193111119027306	0.484605274183332	0.348930333762634	0.538662162941315	NA	"abundance"	80	22
"PWY.6527..stachyose.degradation"	"Read_depth"	"Read_depth"	"Read_depth"	-0.0778883252316431	0.0310501529105919	0.0772226834878751	0.193838872866128	0.484605274183332	0.193838872866128	0.389178670223604	NA	"abundance"	80	80
"PWY.7858...5Z..dodecenoate.biosynthesis.II"	"Read_depth"	"Read_depth"	"Read_depth"	0.168828500695383	0.0310501529105919	0.100534073692074	0.194436814976209	0.484605274183332	0.194436814976209	0.389178670223604	NA	"abundance"	80	80
"PWY0.1297..superpathway.of.purine.deoxyribonucleosides.degradation"	"Read_depth"	"Read_depth"	"Read_depth"	-0.0876062433241079	0.0310501529105919	0.0850863066941545	0.193436528090877	0.484605274183332	0.193436528090877	0.389178670223604	NA	"abundance"	80	80
"PWY.5180..toluene.degradation.I..aerobic...via.o.cresol."	"Read_depth"	"Read_depth"	"Read_depth"	0.348059755360095	0	0.268919026622327	0.195564565196852	0.484605274183332	0.16819884762592	0.366149058653904	NA	"prevalence"	80	52
"PWY.5415..catechol.degradation.I..meta.cleavage.pathway."	"Read_depth"	"Read_depth"	"Read_depth"	0.348059755360095	0	0.268919026622327	0.195564565196852	0.484605274183332	0.352883631233071	0.540168239988052	NA	"prevalence"	80	52
"PWY.6961..L.ascorbate.degradation.II..bacterial..aerobic."	"Read_depth"	"Read_depth"	"Read_depth"	0.348259205504965	0	0.268678198133474	0.194908480334472	0.484605274183332	0.237795181677923	0.425858544708136	NA	"prevalence"	80	60
"PWY.7723..bacterial.bioluminescence"	"Termness"	"preterm"	"Termnesspreterm"	-0.688117416116708	0	0.528768546811149	0.19313578909778	0.484605274183332	0.00804169150326119	0.0736293921539599	NA	"prevalence"	80	19
"PWY.6435..4.hydroxybenzoate.biosynthesis.III..plants."	"Termness"	"preterm"	"Termnesspreterm"	-1.81466829794	0.14211559157611	1.40524073045582	0.197392067625223	0.487504078942294	0.355820506889085	0.542642776739941	NA	"abundance"	80	12
"PWY0.1319..CDP.diacylglycerol.biosynthesis.II"	"Termness"	"preterm"	"Termnesspreterm"	-0.0224629863648335	0.14211559157611	0.115168860248171	0.198058141330991	0.488253220204237	0.198058141330991	0.389178670223604	NA	"abundance"	80	80
"PWY.5667..CDP.diacylglycerol.biosynthesis.I"	"Termness"	"preterm"	"Termnesspreterm"	-0.0224336967039375	0.14211559157611	0.115170123200838	0.198685152325865	0.488903500970046	0.198685152325865	0.389178670223604	NA	"abundance"	80	80
"PWY.6922..L.N.delta..acetylornithine.biosynthesis"	"Termness"	"preterm"	"Termnesspreterm"	-0.704046804077721	0.14211559157611	0.65100368709939	0.20013510675691	0.491572725720439	0.36021615255722	0.548329032225991	NA	"abundance"	80	57
"ARGININE.SYN4.PWY..L.ornithine.biosynthesis.II"	"Termness"	"preterm"	"Termnesspreterm"	-0.317495693615654	0.14211559157611	0.355976755026765	0.204753172657084	0.496959213102307	0.204753172657084	0.395425557987138	NA	"abundance"	80	80
"BRANCHED.CHAIN.AA.SYN.PWY..superpathway.of.branched.chain.amino.acid.biosynthesis"	"Termness"	"preterm"	"Termnesspreterm"	-0.00479616084408141	0.14211559157611	0.101547839020185	0.204609582840448	0.496959213102307	0.204609582840448	0.395425557987138	NA	"abundance"	80	80
"COMPLETE.ARO.PWY..superpathway.of.aromatic.amino.acid.biosynthesis"	"Read_depth"	"Read_depth"	"Read_depth"	-0.02572573967829	0.0310501529105919	0.0311002514274569	0.202782494549815	0.496959213102307	0.202782494549815	0.394993389857696	NA	"abundance"	80	80
"GOLPDLCAT.PWY..superpathway.of.glycerol.degradation.to.1.3.propanediol"	"Read_depth"	"Read_depth"	"Read_depth"	0.684750767505037	0.0310501529105919	0.508073416283492	0.203477417227119	0.496959213102307	0.0867481378655142	0.288692183503857	NA	"abundance"	80	68
"P164.PWY..purine.nucleobases.degradation.I..anaerobic."	"Termness"	"preterm"	"Termnesspreterm"	-0.530751760210318	0.14211559157611	0.519887697216996	0.203915086031253	0.496959213102307	0.366248809751373	0.554967618319457	NA	"abundance"	80	50
"PWY.6608..guanosine.nucleotides.degradation.III"	"Termness"	"preterm"	"Termnesspreterm"	0.630755276925698	0.14211559157611	0.378647927816999	0.20491260272792	0.496959213102307	0.36783603069911	0.55581106109314	NA	"abundance"	80	79
"PWY.7345..superpathway.of.anaerobic.sucrose.degradation"	"Termness"	"preterm"	"Termnesspreterm"	0.314625102499268	0.14211559157611	0.123548185392897	0.203278102897013	0.496959213102307	0.203278102897013	0.395022696409797	NA	"abundance"	80	80
"PWY.1269..CMP.3.deoxy.D.manno.octulosonate.biosynthesis"	"Read_depth"	"Read_depth"	"Read_depth"	0.182001741898737	0.0310501529105919	0.114492189964059	0.206727715702721	0.499561050872285	0.370719082965777	0.559139607702512	NA	"abundance"	80	79
"PWY66.389..phytol.degradation"	"Read_depth"	"Read_depth"	"Read_depth"	0.357352186433993	0.0310501529105919	0.254410050276226	0.206408578481208	0.499561050872285	0.206408578481208	0.395425557987138	NA	"abundance"	80	80
"PWY.5417..catechol.degradation.III..ortho.cleavage.pathway."	"Termness"	"preterm"	"Termnesspreterm"	1.38785906542231	0.14211559157611	0.976001655254416	0.208436461279256	0.500098889272512	0.0138723186970212	0.100911911229659	NA	"abundance"	80	51
"PWY.5431..aromatic.compounds.degradation.via..beta..ketoadipate"	"Termness"	"preterm"	"Termnesspreterm"	1.38785906542231	0.14211559157611	0.976001655254416	0.208306199029685	0.500098889272512	0.0138723186970212	0.100911911229659	NA	"abundance"	80	51
"LIPA.CORESYN.PWY..lipid.A.core.biosynthesis..E..coli.K.12."	"Termness"	"preterm"	"Termnesspreterm"	0.923758699327182	0	0.734242940650038	0.208351823022646	0.500098889272512	0.373293163888433	0.560963401675122	NA	"prevalence"	80	11
"LPSSYN.PWY..superpathway.of.lipopolysaccharide.biosynthesis"	"Termness"	"preterm"	"Termnesspreterm"	0.923758699327182	0	0.734242940650038	0.208351823022646	0.500098889272512	0.373293163888433	0.560963401675122	NA	"prevalence"	80	11
"PWY.6163..chorismate.biosynthesis.from.3.dehydroquinate"	"Read_depth"	"Read_depth"	"Read_depth"	-0.0294539720497026	0.0310501529105919	0.0360723573056138	0.209003315977326	0.500566660685908	0.209003315977326	0.395425557987138	NA	"abundance"	80	80
"PWY.5862..superpathway.of.demethylmenaquinol.9.biosynthesis"	"Termness"	"preterm"	"Termnesspreterm"	0.468373431698651	0.14211559157611	0.254642621593318	0.212565797850353	0.506395688330221	0.294211751654261	0.483684119719606	NA	"abundance"	80	77
"PWY.7323..superpathway.of.GDP.mannose.derived.O.antigen.building.blocks.biosynthesis"	"Read_depth"	"Read_depth"	"Read_depth"	-0.48081473361706	0.0310501529105919	0.405400988964735	0.212426268432512	0.506395688330221	0.379727617344862	0.568553918866078	NA	"abundance"	80	63
"PWY.5910..superpathway.of.geranylgeranyldiphosphate.biosynthesis.I..via.mevalonate."	"Termness"	"preterm"	"Termnesspreterm"	-0.966768725520654	0	0.774936625382905	0.212197535506724	0.506395688330221	0.254698480757769	0.442883732944868	NA	"prevalence"	80	71
"P124.PWY..Bifidobacterium.shunt"	"Read_depth"	"Read_depth"	"Read_depth"	-0.494122504874253	0.0310501529105919	0.416761657240712	0.218400347157876	0.516478770991722	0.38910198267707	0.580475190128043	NA	"abundance"	80	32
"P461.PWY..hexitol.fermentation.to.lactate..formate..ethanol.and.acetate"	"Read_depth"	"Read_depth"	"Read_depth"	0.158467656058561	0.0310501529105919	0.0979886282519029	0.218890047697946	0.516478770991722	0.389867242414684	0.580563176204474	NA	"abundance"	80	79
"PWY.5189..tetrapyrrole.biosynthesis.II..from.glycine."	"Termness"	"preterm"	"Termnesspreterm"	0.639741168877942	0.14211559157611	0.398794568754586	0.21923936340903	0.516478770991722	0.21923936340903	0.405671088244994	NA	"abundance"	80	80
"PWY.6305..superpathway.of.putrescine.biosynthesis"	"Termness"	"preterm"	"Termnesspreterm"	0.575209806577434	0.14211559157611	0.346965341469454	0.220251719575965	0.516478770991722	0.39199261917576	0.580572852184639	NA	"abundance"	80	79
"PWY.6969..TCA.cycle.V..2.oxoglutarate.synthase."	"Termness"	"preterm"	"Termnesspreterm"	0.625709390844418	0.14211559157611	0.38804101333987	0.220093776562538	0.516478770991722	0.220093776562538	0.405671088244994	NA	"abundance"	80	80
"PWY.7357..thiamine.phosphate.formation.from.pyrithiamine.and.oxythiamine..yeast."	"Read_depth"	"Read_depth"	"Read_depth"	-0.0522253112692688	0.0310501529105919	0.0593256370546517	0.218180937354204	0.516478770991722	0.218180937354204	0.405671088244994	NA	"abundance"	80	80
"VALSYN.PWY..L.valine.biosynthesis"	"Read_depth"	"Read_depth"	"Read_depth"	-0.0364763091156444	0.0310501529105919	0.0446537948325682	0.219572504998755	0.516478770991722	0.219572504998755	0.405671088244994	NA	"abundance"	80	80
"PWY.7185..UTP.and.CTP.dephosphorylation.I"	"Read_depth"	"Read_depth"	"Read_depth"	0.342155728097669	0	0.279090492835906	0.220211101939211	0.516478770991722	0.39192927446114	0.580572852184639	NA	"prevalence"	80	67
"PWY.7210..pyrimidine.deoxyribonucleotides.biosynthesis.from.CTP"	"Read_depth"	"Read_depth"	"Read_depth"	0.342155728097669	0	0.279090492835906	0.220211101939211	0.516478770991722	0.39192927446114	0.580572852184639	NA	"prevalence"	80	67
"URSIN.PWY..ureide.biosynthesis"	"Termness"	"preterm"	"Termnesspreterm"	0.719225333105762	0	0.589562714662075	0.222491353805337	0.520823238646929	0.395480305092543	0.584684911485738	NA	"prevalence"	80	18
"PWY.6168..flavin.biosynthesis.III..fungi."	"Read_depth"	"Read_depth"	"Read_depth"	-0.439773579779774	0.0310501529105919	0.378011919555205	0.223075743718072	0.521284637230077	0.396388700000773	0.584975783484085	NA	"abundance"	80	36
"P562.PWY..myo.inositol.degradation.I"	"Termness"	"preterm"	"Termnesspreterm"	0.558590135916127	0	0.459507263209636	0.224126463385337	0.5228322698729	0.32129141405026	0.507887581440989	NA	"prevalence"	80	47
"PWY.4984..urea.cycle"	"Termness"	"preterm"	"Termnesspreterm"	-0.631182207979936	0	0.519670846386434	0.224526033305777	0.522858202127293	0.0975716842425731	0.300389230140056	NA	"prevalence"	80	58
"GLYCOGENSYNTH.PWY..glycogen.biosynthesis.I..from.ADP.D.Glucose."	"Read_depth"	"Read_depth"	"Read_depth"	-0.0535804815100734	0.0310501529105919	0.0618740295762466	0.225401025199669	0.523989257199921	0.225401025199669	0.413570631058321	NA	"abundance"	80	80
"PWY.6992..1.5.anhydrofructose.degradation"	"Read_depth"	"Read_depth"	"Read_depth"	-0.932879254744568	0.0310501529105919	0.776664318760176	0.227220440402036	0.524594704598869	0.402811752267577	0.591971273729917	NA	"abundance"	80	26
"X3.HYDROXYPHENYLACETATE.DEGRADATION.PWY..4.hydroxyphenylacetate.degradation"	"Termness"	"preterm"	"Termnesspreterm"	0.949653701036443	0.14211559157611	0.659483887634654	0.227075295416447	0.524594704598869	0.00610532923453123	0.0641642330977479	NA	"abundance"	80	56
"PWY.5130..2.oxobutanoate.degradation.I"	"Read_depth"	"Read_depth"	"Read_depth"	0.328209594867398	0	0.271757621435383	0.227151470529533	0.524594704598869	0.402705150495337	0.591971273729917	NA	"prevalence"	80	46
"PWY.7323..superpathway.of.GDP.mannose.derived.O.antigen.building.blocks.biosynthesis"	"Read_depth"	"Read_depth"	"Read_depth"	0.324641015555948	0	0.268680720673897	0.226940331001306	0.524594704598869	0.379727617344862	0.568553918866078	NA	"prevalence"	80	63
"HEXITOLDEGSUPER.PWY..superpathway.of.hexitol.degradation..bacteria."	"Read_depth"	"Read_depth"	"Read_depth"	-0.604392458881934	0.0310501529105919	0.5201388533987	0.229582395631713	0.524648394771282	0.406456714879429	0.591971273729917	NA	"abundance"	80	43
"PANTO.PWY..phosphopantothenate.biosynthesis.I"	"Termness"	"preterm"	"Termnesspreterm"	0.281780257452594	0.14211559157611	0.102343225681692	0.229366615757295	0.524648394771282	0.229366615757295	0.418047357322608	NA	"abundance"	80	80
"PWY.6282..palmitoleate.biosynthesis.I..from..5Z..dodec.5.enoate."	"Read_depth"	"Read_depth"	"Read_depth"	0.137140896743377	0.0310501529105919	0.081750460360379	0.228598006743457	0.524648394771282	0.228598006743457	0.417572358984715	NA	"abundance"	80	80
"PWY.6396..superpathway.of.2.3.butanediol.biosynthesis"	"Read_depth"	"Read_depth"	"Read_depth"	-2.39016452268162	0.0310501529105919	1.87749788824617	0.229325409460555	0.524648394771282	0.40606067549686	0.591971273729917	NA	"abundance"	80	12
"P124.PWY..Bifidobacterium.shunt"	"Read_depth"	"Read_depth"	"Read_depth"	0.321323452933961	0	0.266886123203601	0.228600352603992	0.524648394771282	0.38910198267707	0.580475190128043	NA	"prevalence"	80	32
"PWY.7391..isoprene.biosynthesis.II..engineered."	"Termness"	"preterm"	"Termnesspreterm"	0.588785136970738	0	0.488076437364956	0.227687204205204	0.524648394771282	0.403532945451625	0.591971273729917	NA	"prevalence"	80	56
"PWY0.862...5Z..dodecenoate.biosynthesis.I"	"Read_depth"	"Read_depth"	"Read_depth"	0.130647381056368	0.0310501529105919	0.0765567419721059	0.231413116936116	0.527935687111884	0.231413116936116	0.420844208233379	NA	"abundance"	80	80
"PWY.7328..superpathway.of.UDP.glucose.derived.O.antigen.building.blocks.biosynthesis"	"Termness"	"preterm"	"Termnesspreterm"	1.79032596763805	0	1.49874729936743	0.232263577461366	0.528979315165818	0.41058078550758	0.596285169058711	NA	"prevalence"	80	78
"PWY.5973..cis.vaccenate.biosynthesis"	"Read_depth"	"Read_depth"	"Read_depth"	0.130446974488819	0.0310501529105919	0.0765113482936423	0.232808273061965	0.529324215441563	0.232808273061965	0.422265327924023	NA	"abundance"	80	80
"PWY.7111..pyruvate.fermentation.to.isobutanol..engineered."	"Read_depth"	"Read_depth"	"Read_depth"	-0.0453889094130908	0.0310501529105919	0.0557534488852612	0.23438746188406	0.532016060195522	0.23438746188406	0.422514240501529	NA	"abundance"	80	80
"KETOGLUCONMET.PWY..ketogluconate.metabolism"	"Read_depth"	"Read_depth"	"Read_depth"	-0.44478695420991	0.0310501529105919	0.397496697172093	0.236580803590109	0.53518951534838	0.214140604827895	0.400053584473932	NA	"abundance"	80	68
"PWY.7616..methanol.oxidation.to.carbon.dioxide"	"Read_depth"	"Read_depth"	"Read_depth"	0.510869148025374	0.0310501529105919	0.39774376559554	0.236393052382802	0.53518951534838	0.416904429550746	0.603061058533617	NA	"abundance"	80	41
"POLYISOPRENSYN.PWY..polyisoprenoid.biosynthesis..E..coli."	"Read_depth"	"Read_depth"	"Read_depth"	0.160849043911994	0.0310501529105919	0.104250596783306	0.237325518945348	0.535973403524226	0.237325518945348	0.425858544708136	NA	"abundance"	80	80
"PWY.2942..L.lysine.biosynthesis.III"	"Read_depth"	"Read_depth"	"Read_depth"	0.361190151086776	0	0.306743493039069	0.238996403220779	0.538842811951705	0.420873525689088	0.606943926520053	NA	"prevalence"	80	52
"PWY.822..fructan.biosynthesis"	"Read_depth"	"Read_depth"	"Read_depth"	-0.306684271263282	0.0310501529105919	0.283617321990232	0.244880646100512	0.544024506569183	0.429794761366419	0.612289937336563	NA	"abundance"	80	34
"PWY66.429..fatty.acid.biosynthesis.initiation..mitochondria."	"Read_depth"	"Read_depth"	"Read_depth"	-0.0437396091440275	0.0310501529105919	0.055348923889053	0.243346112127035	0.544024506569183	0.243346112127035	0.43296645923901	NA	"abundance"	80	80
"SER.GLYSYN.PWY..superpathway.of.L.serine.and.glycine.biosynthesis.I"	"Read_depth"	"Read_depth"	"Read_depth"	0.100977674864521	0.0310501529105919	0.050466488785809	0.243957002305315	0.544024506569183	0.243957002305315	0.433115887462137	NA	"abundance"	80	80
"GLYCOCAT.PWY..glycogen.degradation.I"	"Termness"	"preterm"	"Termnesspreterm"	1.75609664203417	0	1.50705868158796	0.243918748016395	0.544024506569183	0.428341140398903	0.612289937336563	NA	"prevalence"	80	78
"PWY.5136..fatty.acid..beta..oxidation.II..plant.peroxisome."	"Termness"	"preterm"	"Termnesspreterm"	1.75609664203417	0	1.50705868158796	0.243918748016395	0.544024506569183	0.0586927341073592	0.22865131486374	NA	"prevalence"	80	78
"PWY.6749..CMP.legionaminate.biosynthesis.I"	"Read_depth"	"Read_depth"	"Read_depth"	-0.324387130126812	0	0.278983484222128	0.244932281560865	0.544024506569183	0.0975180823620852	0.300389230140056	NA	"prevalence"	80	11
"PWY.7456...beta...1.4..mannan.degradation"	"Read_depth"	"Read_depth"	"Read_depth"	0.406373398026048	0	0.349410941697779	0.244819664137813	0.544024506569183	0.429702660327074	0.612289937336563	NA	"prevalence"	80	10
"PYRIDNUCSAL.PWY..NAD.salvage.pathway.I..PNC.VI.cycle."	"Termness"	"preterm"	"Termnesspreterm"	-1.89502250040859	0	1.61953560286599	0.241959761631729	0.544024506569183	0.425374997014575	0.610652521049115	NA	"prevalence"	80	77
"URSIN.PWY..ureide.biosynthesis"	"Read_depth"	"Read_depth"	"Read_depth"	0.399393104911072	0	0.341877367688143	0.242711988210119	0.544024506569183	0.426514867199329	0.610793067661757	NA	"prevalence"	80	18
"P161.PWY..acetylene.degradation..anaerobic."	"Read_depth"	"Read_depth"	"Read_depth"	0.229174718452928	0.0310501529105919	0.16663749329125	0.245829418540105	0.544857617050801	0.245829418540105	0.43425190523883	NA	"abundance"	80	80
"PWY.7664..oleate.biosynthesis.IV..anaerobic."	"Read_depth"	"Read_depth"	"Read_depth"	0.130298758560292	0.0310501529105919	0.0789354200348164	0.246116962233943	0.544857617050801	0.246116962233943	0.43425190523883	NA	"abundance"	80	80
"PWY.801..homocysteine.and.cysteine.interconversion"	"Read_depth"	"Read_depth"	"Read_depth"	0.344955608131867	0.0310501529105919	0.267921818672768	0.24767197000008	0.547142385929256	0.434002535276439	0.616148677024582	NA	"abundance"	80	76
"URSIN.PWY..ureide.biosynthesis"	"Read_depth"	"Read_depth"	"Read_depth"	1.16132162758389	0.0310501529105919	0.939897388728416	0.247962002538519	0.547142385929256	0.426514867199329	0.610793067661757	NA	"abundance"	80	18
"PWY.6182..superpathway.of.salicylate.degradation"	"Termness"	"preterm"	"Termnesspreterm"	1.3000746954021	0.14211559157611	0.9905759460856	0.248655448839666	0.547774523957759	0.0483838664787464	0.200866354775402	NA	"abundance"	80	49
"PWY.7356..thiamine.diphosphate.salvage.IV..yeast."	"Read_depth"	"Read_depth"	"Read_depth"	0.244258766099376	0.0310501529105919	0.181864964720163	0.250705542980357	0.551388334724772	0.250705542980357	0.438467992191178	NA	"abundance"	80	80
"PWY.7616..methanol.oxidation.to.carbon.dioxide"	"Termness"	"preterm"	"Termnesspreterm"	0.888330345486596	0.14211559157611	0.640595547441018	0.252467847172233	0.554358437673452	0.441195680488685	0.624204560002924	NA	"abundance"	80	41
"PWY.181..photorespiration"	"Termness"	"preterm"	"Termnesspreterm"	-0.956605020222221	0.14211559157611	0.919206660597016	0.253955478165908	0.554909210407974	0.220602161125927	0.405671088244994	NA	"abundance"	80	16
"PWY.7268..cytosolic.NADPH.production..yeast."	"Termness"	"preterm"	"Termnesspreterm"	1.97700750425565	0.14211559157611	1.56667440942788	0.253524725937483	0.554909210407974	0.182523853165006	0.381767448604669	NA	"abundance"	80	26
"GLUCUROCAT.PWY..superpathway.of..beta..D.glucuronosides.degradation"	"Termness"	"preterm"	"Termnesspreterm"	0.663792011874161	0	0.581569482530331	0.2537116550827	0.554909210407974	0.00366007062573013	0.0493209517106585	NA	"prevalence"	80	66
"HISDEG.PWY..L.histidine.degradation.I"	"Termness"	"preterm"	"Termnesspreterm"	1.13100401781633	0	0.993156343992754	0.25478760118702	0.555825139704585	0.109270682136678	0.317721237977824	NA	"prevalence"	80	76
"PWY.5913..partial.TCA.cycle..obligate.autotrophs."	"Read_depth"	"Read_depth"	"Read_depth"	0.133593952285445	0.0310501529105919	0.0841839089308245	0.25654216019671	0.558747164441379	0.25654216019671	0.444889568948726	NA	"abundance"	80	80
"PWY.6126..superpathway.of.adenosine.nucleotides.de.novo.biosynthesis.II"	"Read_depth"	"Read_depth"	"Read_depth"	-0.0668732959693522	0.0310501529105919	0.0808511423423807	0.260180305413471	0.564843050139569	0.260180305413471	0.449427162103021	NA	"abundance"	80	80
"PWY.7805...aminomethyl.phosphonate.degradation"	"Read_depth"	"Read_depth"	"Read_depth"	-0.764665248329467	0.0310501529105919	0.692032441059229	0.259793235446672	0.564843050139569	0.452093945709494	0.637429199610985	NA	"abundance"	80	32
"PWY.6318..L.phenylalanine.degradation.IV..mammalian..via.side.chain."	"Termness"	"preterm"	"Termnesspreterm"	1.44033974866206	0.14211559157611	1.12207062299263	0.261890793076211	0.567640913817359	0.455194798654335	0.640702267968944	NA	"abundance"	80	22
"P124.PWY..Bifidobacterium.shunt"	"Termness"	"preterm"	"Termnesspreterm"	-0.526328678743008	0	0.469621085203291	0.262393524207709	0.567816211549158	0.20786123478337	0.395425557987138	NA	"prevalence"	80	32
"PWY.7663..gondoate.biosynthesis..anaerobic."	"Read_depth"	"Read_depth"	"Read_depth"	0.122627437509891	0.0310501529105919	0.075152880948476	0.263302898195328	0.56886950396615	0.263302898195328	0.450906213159499	NA	"abundance"	80	80
"GALACTUROCAT.PWY..D.galacturonate.degradation.I"	"Termness"	"preterm"	"Termnesspreterm"	-0.343814058643522	0.14211559157611	0.430154269992221	0.265276929072825	0.57175301755822	0.460182009047342	0.64331566570904	NA	"abundance"	80	74
"PWY0.1298..superpathway.of.pyrimidine.deoxyribonucleosides.degradation"	"Read_depth"	"Read_depth"	"Read_depth"	-0.050088172076091	0.0310501529105919	0.0653712902748184	0.265666945347368	0.57175301755822	0.265666945347368	0.454008792256832	NA	"abundance"	80	80
"PWY.7237..myo...chiro..and.scyllo.inositol.degradation"	"Read_depth"	"Read_depth"	"Read_depth"	-0.354797645354505	0	0.318911659363155	0.265911878894091	0.57175301755822	0.461114630451196	0.643525002089784	NA	"prevalence"	80	64
"COBALSYN.PWY..superpathway.of.adenosylcobalamin.salvage.from.cobinamide.I"	"Termness"	"preterm"	"Termnesspreterm"	-0.34712896294462	0.14211559157611	0.436941445707412	0.269462175365092	0.577653607722903	0.466314486777696	0.649678827341128	NA	"abundance"	80	78
"PANTOSYN.PWY..superpathway.of.coenzyme.A.biosynthesis.I..bacteria."	"Termness"	"preterm"	"Termnesspreterm"	0.00876224551518218	0.14211559157611	0.107300833272748	0.269514461849913	0.577653607722903	0.269514461849913	0.458676786005442	NA	"abundance"	80	80
"PWY.5686..UMP.biosynthesis.I"	"Read_depth"	"Read_depth"	"Read_depth"	-0.0317159869335296	0.0310501529105919	0.0472957699458579	0.270184793777302	0.578169685889107	0.270184793777302	0.458867562985417	NA	"abundance"	80	80
"X3.HYDROXYPHENYLACETATE.DEGRADATION.PWY..4.hydroxyphenylacetate.degradation"	"Read_depth"	"Read_depth"	"Read_depth"	0.469363490362058	0.0310501529105919	0.392813753131814	0.270680037207816	0.578310047748763	0.0358768694344961	0.176915106736147	NA	"abundance"	80	56
"PWY.7328..superpathway.of.UDP.glucose.derived.O.antigen.building.blocks.biosynthesis"	"Termness"	"preterm"	"Termnesspreterm"	0.628649628248094	0.14211559157611	0.437534990579982	0.272572510142434	0.581430425755493	0.41058078550758	0.596285169058711	NA	"abundance"	80	78
"PWY.7315..dTDP.N.acetylthomosamine.biosynthesis"	"Read_depth"	"Read_depth"	"Read_depth"	-0.130543285878562	0.0310501529105919	0.143626038202125	0.274626344454409	0.584884588031068	0.160424833534815	0.360298396627372	NA	"abundance"	80	76
"P108.PWY..pyruvate.fermentation.to.propanoate.I"	"Termness"	"preterm"	"Termnesspreterm"	0.788179144448472	0	0.723711819495983	0.276119171615151	0.587134921001569	0.0474747222864776	0.199103172038187	NA	"prevalence"	80	72
"PWY.7268..cytosolic.NADPH.production..yeast."	"Read_depth"	"Read_depth"	"Read_depth"	1.42976594279492	0.0310501529105919	1.2573181722702	0.277434424050044	0.589001158945362	0.477898988452109	0.662450199844239	NA	"abundance"	80	26
"GLUCONEO.PWY..gluconeogenesis.I"	"Termness"	"preterm"	"Termnesspreterm"	0.255160568770153	0.14211559157611	0.0889044778828931	0.279549006375465	0.590531862967812	0.279549006375465	0.46800261352471	NA	"abundance"	80	80
"P125.PWY..superpathway.of..R.R..butanediol.biosynthesis"	"Read_depth"	"Read_depth"	"Read_depth"	-0.330862917363	0.0310501529105919	0.33102967636768	0.27991034812293	0.590531862967812	0.48147089325956	0.664042070904964	NA	"abundance"	80	66
"PWY.6895..superpathway.of.thiamine.diphosphate.biosynthesis.II"	"Termness"	"preterm"	"Termnesspreterm"	-0.197064419423395	0.14211559157611	0.307820517970074	0.279127963851849	0.590531862967812	0.480343507499619	0.663798809612967	NA	"abundance"	80	78
"PWY0.1221..putrescine.degradation.II"	"Read_depth"	"Read_depth"	"Read_depth"	-1.27533311254479	0.0310501529105919	1.13453678345009	0.279227478947089	0.590531862967812	0.480486972895031	0.663798809612967	NA	"abundance"	80	12
"GLYCOLYSIS.TCA.GLYOX.BYPASS..superpathway.of.glycolysis..pyruvate.dehydrogenase..TCA..and.glyoxylate.bypass"	"Termness"	"preterm"	"Termnesspreterm"	0.710739221784461	0	0.659961943804069	0.281507202883115	0.592971353803869	0.158748424209398	0.360298396627372	NA	"prevalence"	80	70
"PWY.5860..superpathway.of.demethylmenaquinol.6.biosynthesis.I"	"Read_depth"	"Read_depth"	"Read_depth"	0.143460387165037	0.0310501529105919	0.0994222864664571	0.28290050209711	0.594975118472985	0.196345345661309	0.389178670223604	NA	"abundance"	80	75
"PWY.822..fructan.biosynthesis"	"Termness"	"preterm"	"Termnesspreterm"	-0.924854613196816	0.14211559157611	0.979371027827161	0.284451933577692	0.597304684236465	3.53084590330556e-07	0.000290235533251717	NA	"abundance"	80	34
"CALVIN.PWY..Calvin.Benson.Bassham.cycle"	"Read_depth"	"Read_depth"	"Read_depth"	0.0830954862127505	0.0310501529105919	0.036913454828025	0.286474776609037	0.599681258655932	0.286474776609037	0.475721750247735	NA	"abundance"	80	80
"CARNMET.PWY..L.carnitine.degradation.I"	"Termness"	"preterm"	"Termnesspreterm"	-0.49550939482971	0.14211559157611	0.588256720901914	0.286453777313421	0.599681258655932	0.490851788089716	0.674223490580588	NA	"abundance"	80	43
"PWY.6703..preQ0.biosynthesis"	"Read_depth"	"Read_depth"	"Read_depth"	-0.0584986812150748	0.0310501529105919	0.0778145272748566	0.287461360178035	0.600812097514962	0.287461360178035	0.476397657391824	NA	"abundance"	80	80
"PWY.5265..peptidoglycan.biosynthesis.II..staphylococci."	"Termness"	"preterm"	"Termnesspreterm"	-0.330219422979444	0.14211559157611	0.438821333462182	0.288341040464834	0.601716341807234	0.493541525313325	0.676151889679255	NA	"abundance"	80	77
"PWY.5497..purine.nucleobases.degradation.II..anaerobic."	"Termness"	"preterm"	"Termnesspreterm"	-0.696571021258164	0.14211559157611	0.783060656575391	0.290075273073025	0.602532897463413	0.49600688209766	0.677271855621722	NA	"abundance"	80	51
"PWY.7391..isoprene.biosynthesis.II..engineered."	"Termness"	"preterm"	"Termnesspreterm"	-0.448850333686333	0.14211559157611	0.551355880694976	0.290037360930228	0.602532897463413	0.403532945451625	0.591971273729917	NA	"abundance"	80	56
"PWY.2221..Entner.Doudoroff.pathway.III..semi.phosphorylative."	"Termness"	"preterm"	"Termnesspreterm"	0.7947939396955	0	0.750497073739462	0.289589136960665	0.602532897463413	0.495316405675707	0.677271855621722	NA	"prevalence"	80	10
"P122.PWY..heterolactic.fermentation"	"Termness"	"preterm"	"Termnesspreterm"	0.551035761100132	0.14211559157611	0.382483818775716	0.291877529767193	0.602878823533112	0.498562567151388	0.677391949071449	NA	"abundance"	80	79
"PWY.5417..catechol.degradation.III..ortho.cleavage.pathway."	"Read_depth"	"Read_depth"	"Read_depth"	0.765935241082681	0.0310501529105919	0.691362157508391	0.293377139237881	0.602878823533112	0.110545345573793	0.317721237977824	NA	"abundance"	80	51
"PWY.5431..aromatic.compounds.degradation.via..beta..ketoadipate"	"Read_depth"	"Read_depth"	"Read_depth"	0.765935241082681	0.0310501529105919	0.691362157508391	0.293350925721696	0.602878823533112	0.110545345573793	0.317721237977824	NA	"abundance"	80	51
"PWY0.1337..oleate..beta..oxidation"	"Termness"	"preterm"	"Termnesspreterm"	0.445756707241225	0.14211559157611	0.28206845123426	0.292801957654709	0.602878823533112	0.159400726260434	0.360298396627372	NA	"abundance"	80	72
"SALVADEHYPOX.PWY..adenosine.nucleotides.degradation.II"	"Read_depth"	"Read_depth"	"Read_depth"	-0.628307961889177	0.0310501529105919	0.618538835400221	0.291895003019827	0.602878823533112	0.498587313251709	0.677391949071449	NA	"abundance"	80	52
"PWY.561..superpathway.of.glyoxylate.cycle.and.fatty.acid.degradation"	"Termness"	"preterm"	"Termnesspreterm"	0.879661348101896	0	0.836606045865725	0.293045420647698	0.602878823533112	0.50021522273281	0.677391949071449	NA	"prevalence"	80	74
"TCA.GLYOX.BYPASS..superpathway.of.glyoxylate.bypass.and.TCA"	"Termness"	"preterm"	"Termnesspreterm"	0.879661348101896	0	0.836606045865725	0.293045420647698	0.602878823533112	0.50021522273281	0.677391949071449	NA	"prevalence"	80	74
"PWY0.41..allantoin.degradation.IV..anaerobic."	"Read_depth"	"Read_depth"	"Read_depth"	-0.563607079773278	0.0310501529105919	0.557377719139964	0.294879178465233	0.605041728985067	0.502804627038136	0.679778624054848	NA	"abundance"	80	33
"PWY.5180..toluene.degradation.I..aerobic...via.o.cresol."	"Termness"	"preterm"	"Termnesspreterm"	0.665009393714893	0.14211559157611	0.492498794343022	0.295335519844647	0.605055722543219	0.277252804372867	0.467011895890362	NA	"abundance"	80	52
"PROTOCATECHUATE.ORTHO.CLEAVAGE.PWY..protocatechuate.degradation.II..ortho.cleavage.pathway."	"Termness"	"preterm"	"Termnesspreterm"	0.514059446003281	0	0.496414312361346	0.300414380623239	0.614488426261081	0.0574414779938703	0.225918157468715	NA	"prevalence"	80	54
"PWY.6215..4.chlorobenzoate.degradation"	"Read_depth"	"Read_depth"	"Read_depth"	0.461885145867821	0	0.446435652500841	0.300852803050559	0.614488426261081	0.51119319699774	0.687726363227728	NA	"prevalence"	80	12
"PWY.7805...aminomethyl.phosphonate.degradation"	"Termness"	"preterm"	"Termnesspreterm"	1.07245031044957	0.14211559157611	0.885103348508253	0.302169585547513	0.616242821434777	0.51303271266507	0.689073349363869	NA	"abundance"	80	32
"PWY.7209..superpathway.of.pyrimidine.ribonucleosides.degradation"	"Read_depth"	"Read_depth"	"Read_depth"	-0.296172455542667	0.0310501529105919	0.314479065685303	0.30437051746309	0.619792309387774	0.111587758340614	0.319599781728169	NA	"abundance"	80	60
"PHOSLIPSYN.PWY..superpathway.of.phospholipid.biosynthesis.I..bacteria."	"Read_depth"	"Read_depth"	"Read_depth"	0.0963349218931876	0.0310501529105919	0.0550826740733802	0.305198288790477	0.620539118900276	0.517250582100319	0.692475534994238	NA	"abundance"	80	79
"GLYCOLYSIS.TCA.GLYOX.BYPASS..superpathway.of.glycolysis..pyruvate.dehydrogenase..TCA..and.glyoxylate.bypass"	"Read_depth"	"Read_depth"	"Read_depth"	0.253921241806871	0.0310501529105919	0.21653170310613	0.311084196458399	0.620793521257496	0.52539501563063	0.698826380013556	NA	"abundance"	80	70
"LACTOSECAT.PWY..lactose.and.galactose.degradation.I"	"Read_depth"	"Read_depth"	"Read_depth"	-0.277010561859646	0.0310501529105919	0.297566865640489	0.305890714187728	0.620793521257496	0.518212299349177	0.692594350577666	NA	"abundance"	80	78
"PWY.5897..superpathway.of.menaquinol.11.biosynthesis"	"Read_depth"	"Read_depth"	"Read_depth"	0.124307236838649	0.0310501529105919	0.0860756927077154	0.309797109410336	0.620793521257496	0.309797109410336	0.501306133259161	NA	"abundance"	80	80
"PWY.5898..superpathway.of.menaquinol.12.biosynthesis"	"Read_depth"	"Read_depth"	"Read_depth"	0.124307236838649	0.0310501529105919	0.0860756927077154	0.311766893496346	0.620793521257496	0.311766893496346	0.501511519479445	NA	"abundance"	80	80
"PWY.5899..superpathway.of.menaquinol.13.biosynthesis"	"Read_depth"	"Read_depth"	"Read_depth"	0.124307236838649	0.0310501529105919	0.0860756927077154	0.31041949127605	0.620793521257496	0.31041949127605	0.501306133259161	NA	"abundance"	80	80
"PWY.6147..6.hydroxymethyl.dihydropterin.diphosphate.biosynthesis.I"	"Termness"	"preterm"	"Termnesspreterm"	0.388990248107463	0.14211559157611	0.236569829447385	0.311321595569948	0.620793521257496	0.311321595569948	0.501511519479445	NA	"abundance"	80	80
"PWY.6182..superpathway.of.salicylate.degradation"	"Read_depth"	"Read_depth"	"Read_depth"	0.752883155917978	0.0310501529105919	0.697995775532456	0.306835308461861	0.620793521257496	0.185663332079503	0.384755191729549	NA	"abundance"	80	49
"PWY.7165..L.ascorbate.biosynthesis.VIII..engineered.pathway."	"Read_depth"	"Read_depth"	"Read_depth"	-0.783955927651135	0.0310501529105919	0.792596720901972	0.310764056689533	0.620793521257496	0.095572102722069	0.297576774384624	NA	"abundance"	80	39
"PWY.7790..UMP.biosynthesis.II"	"Read_depth"	"Read_depth"	"Read_depth"	-0.0277904297887571	0.0310501529105919	0.0493822184291137	0.315931323968339	0.620793521257496	0.315931323968339	0.50431219076202	NA	"abundance"	80	80
"THISYN.PWY..superpathway.of.thiamine.diphosphate.biosynthesis.I"	"Termness"	"preterm"	"Termnesspreterm"	-0.096899478383874	0.14211559157611	0.230449015014408	0.31400670723439	0.620793521257496	0.529413202280595	0.703033363933198	NA	"abundance"	80	78
"ALLANTOINDEG.PWY..superpathway.of.allantoin.degradation.in.yeast"	"Termness"	"preterm"	"Termnesspreterm"	0.497433346928511	0	0.495744881618811	0.315665050968801	0.620793521257496	0.134304546945072	0.349361827812813	NA	"prevalence"	80	27
"AST.PWY..L.arginine.degradation.II..AST.pathway."	"Termness"	"preterm"	"Termnesspreterm"	1.03702795778649	0	1.03065749352733	0.314328524004538	0.620793521257496	0.00142149236332891	0.0284991883574723	NA	"prevalence"	80	76
"GALACTUROCAT.PWY..D.galacturonate.degradation.I"	"Termness"	"preterm"	"Termnesspreterm"	0.861642710159919	0	0.850159230508304	0.310817841496358	0.620793521257496	0.460182009047342	0.64331566570904	NA	"prevalence"	80	74
"GLUCARDEG.PWY..D.glucarate.degradation.I"	"Termness"	"preterm"	"Termnesspreterm"	1.03702795778649	0	1.03065749352733	0.314328524004538	0.620793521257496	0.213660579256458	0.400053584473932	NA	"prevalence"	80	76
"GLYOXYLATE.BYPASS..glyoxylate.cycle"	"Termness"	"preterm"	"Termnesspreterm"	1.03702795778649	0	1.03065749352733	0.314328524004538	0.620793521257496	0.076252340907857	0.265814129027363	NA	"prevalence"	80	76
"PWY.5723..Rubisco.shunt"	"Termness"	"preterm"	"Termnesspreterm"	1.03702795778649	0	1.03065749352733	0.314328524004538	0.620793521257496	0.133745610114738	0.349361827812813	NA	"prevalence"	80	76
"PWY.5838..superpathway.of.menaquinol.8.biosynthesis.I"	"Termness"	"preterm"	"Termnesspreterm"	1.03585535353878	0	1.03118165457914	0.315122075783658	0.620793521257496	0.0904106553901668	0.291060092858262	NA	"prevalence"	80	76
"PWY.5855..ubiquinol.7.biosynthesis..early.decarboxylation."	"Termness"	"preterm"	"Termnesspreterm"	1.03702795778649	0	1.03065749352733	0.314328524004538	0.620793521257496	0.018792494695436	0.118826389535757	NA	"prevalence"	80	76
"PWY.5861..superpathway.of.demethylmenaquinol.8.biosynthesis.I"	"Termness"	"preterm"	"Termnesspreterm"	1.03585535353878	0	1.03118165457914	0.315122075783658	0.620793521257496	0.0213989192928642	0.12862182694484	NA	"prevalence"	80	76
"PWY.7118..chitin.deacetylation"	"Termness"	"preterm"	"Termnesspreterm"	1.03702795778649	0	1.03065749352733	0.314328524004538	0.620793521257496	0.00448537131186596	0.0558632608841488	NA	"prevalence"	80	76
"PWY.7315..dTDP.N.acetylthomosamine.biosynthesis"	"Termness"	"preterm"	"Termnesspreterm"	1.03702795778649	0	1.03065749352733	0.314328524004538	0.620793521257496	0.00254159247041786	0.038562604142996	NA	"prevalence"	80	76
"PWY.922..mevalonate.pathway.I..eukaryotes.and.bacteria."	"Termness"	"preterm"	"Termnesspreterm"	-0.806367478367987	0	0.7922660066702	0.308773529939086	0.620793521257496	0.175362423426297	0.370560185235003	NA	"prevalence"	80	72
"PWY0.1338..polymyxin.resistance"	"Termness"	"preterm"	"Termnesspreterm"	0.864383535745148	0	0.847264924975922	0.307631457817178	0.620793521257496	0.306306888276956	0.498582697353777	NA	"prevalence"	80	74
"HSERMETANA.PWY..L.methionine.biosynthesis.III"	"Read_depth"	"Read_depth"	"Read_depth"	0.244716938842284	0.0310501529105919	0.209765042052126	0.316465007555279	0.62093571453266	0.532779914103595	0.706363047408314	NA	"abundance"	80	79
"PWY.5654..2.amino.3.carboxymuconate.semialdehyde.degradation.to.2.hydroxypentadienoate"	"Termness"	"preterm"	"Termnesspreterm"	2.25738959989046	0.14211559157611	2.06103509436696	0.319874349081579	0.621285532271003	0.207512966663524	0.395425557987138	NA	"abundance"	80	19
"PWY.6210..2.aminophenol.degradation"	"Termness"	"preterm"	"Termnesspreterm"	2.25738959989046	0.14211559157611	2.06103509436696	0.319837435940935	0.621285532271003	0.207512966663524	0.395425557987138	NA	"abundance"	80	19
"PWY.6353..purine.nucleotides.degradation.II..aerobic."	"Read_depth"	"Read_depth"	"Read_depth"	-0.474219557016161	0.0310501529105919	0.501976610738688	0.319370450196192	0.621285532271003	0.536743415933865	0.707150907148878	NA	"abundance"	80	52
"PWY0.1061..superpathway.of.L.alanine.biosynthesis"	"Termness"	"preterm"	"Termnesspreterm"	0.313953916445361	0.14211559157611	0.16285662314349	0.317388798071067	0.621285532271003	0.317388798071067	0.505607736462049	NA	"abundance"	80	80
"PWY0.1297..superpathway.of.purine.deoxyribonucleosides.degradation"	"Termness"	"preterm"	"Termnesspreterm"	0.321005938201371	0.14211559157611	0.170442514610073	0.318917276698649	0.621285532271003	0.318917276698649	0.506081083873146	NA	"abundance"	80	80
"PWY.6708..ubiquinol.8.biosynthesis..early.decarboxylation."	"Termness"	"preterm"	"Termnesspreterm"	-0.480819140556827	0	0.481739209612495	0.318235665585846	0.621285532271003	0.313935520645084	0.504013667910662	NA	"prevalence"	80	25
"UBISYN.PWY..superpathway.of.ubiquinol.8.biosynthesis..early.decarboxylation."	"Termness"	"preterm"	"Termnesspreterm"	-0.480819140556827	0	0.481739209612495	0.318235665585846	0.621285532271003	0.31596201732657	0.50431219076202	NA	"prevalence"	80	25
"PWY.7184..pyrimidine.deoxyribonucleotides.de.novo.biosynthesis.I"	"Termness"	"preterm"	"Termnesspreterm"	1.552313012773	0	1.56473540519453	0.321167756649176	0.622898847910362	0.539186785387288	0.708005651099602	NA	"prevalence"	80	78
"PWY.561..superpathway.of.glyoxylate.cycle.and.fatty.acid.degradation"	"Termness"	"preterm"	"Termnesspreterm"	0.517135481124404	0.14211559157611	0.373737690976499	0.322813888976777	0.625190639658621	0.50021522273281	0.677391949071449	NA	"abundance"	80	74
"PWY.7294..D.xylose.degradation.IV"	"Read_depth"	"Read_depth"	"Read_depth"	0.381926215185398	0	0.386717951330046	0.323344067893138	0.625317694517477	0.542136749544594	0.710509299778232	NA	"prevalence"	80	19
"KETOGLUCONMET.PWY..ketogluconate.metabolism"	"Termness"	"preterm"	"Termnesspreterm"	-0.505829023009799	0.14211559157611	0.654378014537946	0.326766167316452	0.62858983392351	0.54675620653022	0.710509299778232	NA	"abundance"	80	68
"PWY.6823..molybdopterin.biosynthesis"	"Read_depth"	"Read_depth"	"Read_depth"	-0.0623239275772144	0.0310501529105919	0.0895268438038625	0.327434456162595	0.62858983392351	0.327434456162595	0.514629298213485	NA	"abundance"	80	80
"PWY4FS.7..phosphatidylglycerol.biosynthesis.I..plastidic."	"Termness"	"preterm"	"Termnesspreterm"	0.267604598697247	0.14211559157611	0.116026265615938	0.327054253911895	0.62858983392351	0.547144022821923	0.710509299778232	NA	"abundance"	80	79
"PWY4FS.8..phosphatidylglycerol.biosynthesis.II..non.plastidic."	"Termness"	"preterm"	"Termnesspreterm"	0.267656469103007	0.14211559157611	0.116025123483757	0.327963309938103	0.62858983392351	0.548366687210649	0.710973843670589	NA	"abundance"	80	79
"P125.PWY..superpathway.of..R.R..butanediol.biosynthesis"	"Read_depth"	"Read_depth"	"Read_depth"	0.291966243306748	0	0.298676451946381	0.328305091566291	0.62858983392351	0.48147089325956	0.664042070904964	NA	"prevalence"	80	66
"PWY.622..starch.biosynthesis"	"Read_depth"	"Read_depth"	"Read_depth"	0.257634903690011	0	0.262451289259497	0.326273065239727	0.62858983392351	0.546092017378527	0.710509299778232	NA	"prevalence"	80	65
"PWY.7245..superpathway.of.NAD.NADP...NADH.NADPH.interconversion..yeast."	"Read_depth"	"Read_depth"	"Read_depth"	0.305994074466527	0	0.311292624371603	0.325617834595051	0.62858983392351	0.545208694983732	0.710509299778232	NA	"prevalence"	80	25
"THISYNARA.PWY..superpathway.of.thiamine.diphosphate.biosynthesis.III..eukaryotes."	"Read_depth"	"Read_depth"	"Read_depth"	-0.178437969401019	0.0310501529105919	0.2111720165876	0.328920125939333	0.628872854423782	0.54965180263072	0.711517766555042	NA	"abundance"	80	79
"PWY.5654..2.amino.3.carboxymuconate.semialdehyde.degradation.to.2.hydroxypentadienoate"	"Read_depth"	"Read_depth"	"Read_depth"	1.55833802140819	0.0310501529105919	1.524672486787	0.331384145218627	0.631789036068373	0.157049048534642	0.360298396627372	NA	"abundance"	80	19
"PWY.6210..2.aminophenol.degradation"	"Read_depth"	"Read_depth"	"Read_depth"	1.55833802140819	0.0310501529105919	1.524672486787	0.331381667219422	0.631789036068373	0.157049048534642	0.360298396627372	NA	"abundance"	80	19
"THRESYN.PWY..superpathway.of.L.threonine.biosynthesis"	"Read_depth"	"Read_depth"	"Read_depth"	-0.0272504698431336	0.0310501529105919	0.0510470236043059	0.333456839417277	0.633126045265655	0.333456839417277	0.520116740039852	NA	"abundance"	80	80
"GLUCUROCAT.PWY..superpathway.of..beta..D.glucuronosides.degradation"	"Read_depth"	"Read_depth"	"Read_depth"	0.254983065008945	0	0.26329676040972	0.332832348870274	0.633126045265655	0.086338418553816	0.288496666874946	NA	"prevalence"	80	66
"PWY.822..fructan.biosynthesis"	"Read_depth"	"Read_depth"	"Read_depth"	-0.324407156131281	0	0.335444981619819	0.333496557275891	0.633126045265655	0.429794761366419	0.612289937336563	NA	"prevalence"	80	34
"RUMP.PWY..formaldehyde.oxidation.I"	"Termness"	"preterm"	"Termnesspreterm"	0.487421425241159	0	0.504917209456603	0.334369935584581	0.633890046896966	0.0165426694026846	0.110103168593869	NA	"prevalence"	80	59
"PWY.6749..CMP.legionaminate.biosynthesis.I"	"Termness"	"preterm"	"Termnesspreterm"	-1.31963487133446	0.14211559157611	1.43435250589912	0.338063038954068	0.639989944349051	0.0920628030938543	0.291060092858262	NA	"abundance"	80	11
"COLANSYN.PWY..colanic.acid.building.blocks.biosynthesis"	"Read_depth"	"Read_depth"	"Read_depth"	0.251800303700198	0.0310501529105919	0.232613337567021	0.350281968771583	0.644799980327148	0.57786647989667	0.736899294772605	NA	"abundance"	80	60
"FUCCAT.PWY..fucose.degradation"	"Termness"	"preterm"	"Termnesspreterm"	0.540974764610725	0.14211559157611	0.425194953262541	0.354017225454504	0.644799980327148	0.582706254990503	0.736899294772605	NA	"abundance"	80	74
"GLUDEG.I.PWY..GABA.shunt"	"Read_depth"	"Read_depth"	"Read_depth"	0.414258786121842	0.0310501529105919	0.399262790153324	0.342534555136105	0.644799980327148	0.210383094449131	0.396639687241251	NA	"abundance"	80	55
"GLUDEG.I.PWY..GABA.shunt"	"Termness"	"preterm"	"Termnesspreterm"	-0.506064988811012	0.14211559157611	0.6773482424269	0.343920889360022	0.644799980327148	0.569560200581855	0.73152888262232	NA	"abundance"	80	55
"P105.PWY..TCA.cycle.IV..2.oxoglutarate.decarboxylase."	"Read_depth"	"Read_depth"	"Read_depth"	0.324442223945657	0.0310501529105919	0.309528784496283	0.348276177603032	0.644799980327148	0.240733650166964	0.429247419603567	NA	"abundance"	80	74
"P108.PWY..pyruvate.fermentation.to.propanoate.I"	"Read_depth"	"Read_depth"	"Read_depth"	0.35209176820933	0.0310501529105919	0.342502432487103	0.353299539011744	0.644799980327148	0.581778513757577	0.736899294772605	NA	"abundance"	80	72
"P221.PWY..octane.oxidation"	"Read_depth"	"Read_depth"	"Read_depth"	0.273198805535946	0.0310501529105919	0.254937703600257	0.348368311050851	0.644799980327148	0.575376141957279	0.736696555590161	NA	"abundance"	80	78
"PWY.621..sucrose.degradation.III..sucrose.invertase."	"Read_depth"	"Read_depth"	"Read_depth"	0.144717504641095	0.0310501529105919	0.116986442464541	0.349933813881584	0.644799980327148	0.349933813881584	0.538662162941315	NA	"abundance"	80	80
"PWY.7208..superpathway.of.pyrimidine.nucleobases.salvage"	"Read_depth"	"Read_depth"	"Read_depth"	-0.0696240521958474	0.0310501529105919	0.103068369197563	0.351530998517958	0.644799980327148	0.351530998517958	0.539272271466243	NA	"abundance"	80	80
"PWY.7228..superpathway.of.guanosine.nucleotides.de.novo.biosynthesis.I"	"Read_depth"	"Read_depth"	"Read_depth"	-0.0611930253424096	0.0310501529105919	0.0931469904585378	0.349367087301478	0.644799980327148	0.349367087301478	0.538662162941315	NA	"abundance"	80	80
"PWY.7723..bacterial.bioluminescence"	"Read_depth"	"Read_depth"	"Read_depth"	0.563514814666797	0.0310501529105919	0.556819096051878	0.353497882407616	0.644799980327148	0.582035011948564	0.736899294772605	NA	"abundance"	80	19
"PWY.7791..UMP.biosynthesis.III"	"Read_depth"	"Read_depth"	"Read_depth"	-0.0241479136168678	0.0310501529105919	0.0500065761281052	0.351642259739546	0.644799980327148	0.351642259739546	0.539272271466243	NA	"abundance"	80	80
"PWY.7873..D.erythronate.degradation.II"	"Termness"	"preterm"	"Termnesspreterm"	-0.398517941088068	0.14211559157611	0.558429775554394	0.344865767861586	0.644799980327148	0.570799137880411	0.73197642954399	NA	"abundance"	80	25
"DENOVOPURINE2.PWY..superpathway.of.purine.nucleotides.de.novo.biosynthesis.II"	"Termness"	"preterm"	"Termnesspreterm"	-1.56178094034282	0	1.66727806073345	0.348900064266047	0.644799980327148	0.064396772582258	0.237372856783032	NA	"prevalence"	80	78
"P221.PWY..octane.oxidation"	"Termness"	"preterm"	"Termnesspreterm"	-1.55788730356948	0	1.6643393190217	0.349252863203115	0.644799980327148	0.0227340294355457	0.132534554581692	NA	"prevalence"	80	78
"PWY.5028..L.histidine.degradation.II"	"Read_depth"	"Read_depth"	"Read_depth"	0.228741042158848	0	0.24658193803917	0.353590610100014	0.644799980327148	0.582154900649128	0.736899294772605	NA	"prevalence"	80	41
"PWY.6293..superpathway.of.L.cysteine.biosynthesis..fungi."	"Read_depth"	"Read_depth"	"Read_depth"	0.295084612666378	0	0.318194883294474	0.353734096292427	0.644799980327148	0.582340381705034	0.736899294772605	NA	"prevalence"	80	74
"PWY.6922..L.N.delta..acetylornithine.biosynthesis"	"Termness"	"preterm"	"Termnesspreterm"	-0.468550517397487	0	0.505263003029086	0.353750110190751	0.644799980327148	0.36021615255722	0.548329032225991	NA	"prevalence"	80	57
"PWY.7187..pyrimidine.deoxyribonucleotides.de.novo.biosynthesis.II"	"Termness"	"preterm"	"Termnesspreterm"	-1.56178094034282	0	1.66727806073345	0.348900064266047	0.644799980327148	0.00400750539185444	0.052288403684196	NA	"prevalence"	80	78
"PWY.7200..superpathway.of.pyrimidine.deoxyribonucleoside.salvage"	"Termness"	"preterm"	"Termnesspreterm"	0.477420965192656	0	0.504614546792445	0.344092386451265	0.644799980327148	0.00409966566990794	0.0526550809478801	NA	"prevalence"	80	59
"PWY.7383..anaerobic.energy.metabolism..invertebrates..cytosol."	"Read_depth"	"Read_depth"	"Read_depth"	0.241798236649033	0	0.254695089971194	0.342435738427835	0.644799980327148	0.567609241903054	0.730527532938616	NA	"prevalence"	80	27
"PWY.7446..sulfoquinovose.degradation.I"	"Read_depth"	"Read_depth"	"Read_depth"	0.24634909794858	0	0.262785938450921	0.348526310077248	0.644799980327148	0.0363730572243418	0.176915106736147	NA	"prevalence"	80	41
"PWY.7883..anhydromuropeptides.recycling.II"	"Termness"	"preterm"	"Termnesspreterm"	-1.58762597136941	0	1.69266308270401	0.348272342858179	0.644799980327148	0.198831506589041	0.389178670223604	NA	"prevalence"	80	78
"PWY.821..superpathway.of.sulfur.amino.acid.biosynthesis..Saccharomyces.cerevisiae."	"Read_depth"	"Read_depth"	"Read_depth"	0.328316801366889	0	0.352855720389724	0.352134919336958	0.644799980327148	0.58027083725747	0.736899294772605	NA	"prevalence"	80	77
"PWY3O.4107..NAD.salvage.pathway.V..PNC.V.cycle."	"Termness"	"preterm"	"Termnesspreterm"	-1.54476660704159	0	1.65432235609849	0.350419422483401	0.644799980327148	0.578045073313202	0.736899294772605	NA	"prevalence"	80	78
"PWY66.399..gluconeogenesis.III"	"Read_depth"	"Read_depth"	"Read_depth"	0.241798236649033	0	0.254695089971194	0.342435738427835	0.644799980327148	0.567609241903054	0.730527532938616	NA	"prevalence"	80	27
"PWY.2942..L.lysine.biosynthesis.III"	"Read_depth"	"Read_depth"	"Read_depth"	-0.235437301814671	0.0310501529105919	0.28383242077689	0.354638413733477	0.645058520115216	0.420873525689088	0.606943926520053	NA	"abundance"	80	52
"PWY.5345..superpathway.of.L.methionine.biosynthesis..by.sulfhydrylation."	"Termness"	"preterm"	"Termnesspreterm"	0.439028932900083	0.14211559157611	0.316548494883367	0.355917404898322	0.645639928562186	0.585157610687088	0.738862605199365	NA	"abundance"	80	79
"PWY.7228..superpathway.of.guanosine.nucleotides.de.novo.biosynthesis.I"	"Termness"	"preterm"	"Termnesspreterm"	-0.0377626446127833	0.14211559157611	0.186589451334176	0.355481425109695	0.645639928562186	0.355481425109695	0.542642776739941	NA	"abundance"	80	80
"PWY.5845..superpathway.of.menaquinol.9.biosynthesis"	"Termness"	"preterm"	"Termnesspreterm"	0.35802076873137	0.14211559157611	0.22747065994118	0.356556563256317	0.64592884810633	0.294211751654261	0.483684119719606	NA	"abundance"	80	77
"PWY0.1221..putrescine.degradation.II"	"Termness"	"preterm"	"Termnesspreterm"	0.622124874753835	0	0.675703171891768	0.35720323934273	0.646230591606606	0.586812324488521	0.739815537928779	NA	"prevalence"	80	12
"AEROBACTINSYN.PWY..aerobactin.biosynthesis"	"Read_depth"	"Read_depth"	"Read_depth"	2.49236720340728	0.0310501529105919	2.48562854410387	0.360267613748607	0.65089960819547	0.590742473981098	0.740903807076454	NA	"abundance"	80	9
"TCA..TCA.cycle.I..prokaryotic."	"Termness"	"preterm"	"Termnesspreterm"	0.538157386959778	0.14211559157611	0.429063269017403	0.361393892890592	0.651186318381174	0.592182239962568	0.740903807076454	NA	"abundance"	80	77
"ALLANTOINDEG.PWY..superpathway.of.allantoin.degradation.in.yeast"	"Read_depth"	"Read_depth"	"Read_depth"	0.25601628468884	0	0.280366356886466	0.361164133152774	0.651186318381174	0.279298288336473	0.46800261352471	NA	"prevalence"	80	27
"PWY.5862..superpathway.of.demethylmenaquinol.9.biosynthesis"	"Read_depth"	"Read_depth"	"Read_depth"	0.179772182716038	0.0310501529105919	0.159436917889784	0.363122936747187	0.653427102756302	0.171686123023125	0.369453246519647	NA	"abundance"	80	77
"PWY.5484..glycolysis.II..from.fructose.6.phosphate."	"Termness"	"preterm"	"Termnesspreterm"	0.0560049619941606	0.14211559157611	0.0778159458307533	0.364649467478391	0.655297974934465	0.364649467478391	0.554051501418184	NA	"abundance"	80	80
"ORNDEG.PWY..superpathway.of.ornithine.degradation"	"Read_depth"	"Read_depth"	"Read_depth"	0.180744377885999	0.0310501529105919	0.162033731916817	0.366385605948692	0.656179826936908	0.196345345661309	0.389178670223604	NA	"abundance"	80	75
"PWY.5837..2.carboxy.1.4.naphthoquinol.biosynthesis"	"Read_depth"	"Read_depth"	"Read_depth"	0.123710873763294	0.0310501529105919	0.0971213758398037	0.366602696773072	0.656179826936908	0.366602696773072	0.554967618319457	NA	"abundance"	80	80
"PWY.5030..L.histidine.degradation.III"	"Read_depth"	"Read_depth"	"Read_depth"	0.236312930058954	0	0.26122313591625	0.365656071378561	0.656179826936908	0.597607780221118	0.746332116233735	NA	"prevalence"	80	23
"PWY0.1415..superpathway.of.heme.b.biosynthesis.from.uroporphyrinogen.III"	"Read_depth"	"Read_depth"	"Read_depth"	0.211048137340503	0.0310501529105919	0.196795765540113	0.368670985856461	0.659005507254711	0.601423675900548	0.747912649909607	NA	"abundance"	80	79
"PWY1G.0..mycothiol.biosynthesis"	"Read_depth"	"Read_depth"	"Read_depth"	-0.387393301334347	0.0310501529105919	0.445184795829465	0.370227357101809	0.660909844375378	0.19737463673964	0.389178670223604	NA	"abundance"	80	13
"HEME.BIOSYNTHESIS.II.1..heme.b.biosynthesis.V..aerobic."	"Read_depth"	"Read_depth"	"Read_depth"	0.13431842040779	0.0310501529105919	0.112109829002616	0.37723175011237	0.670809331025051	0.612159706931899	0.759083826616195	NA	"abundance"	80	79
"PWY.5505..L.glutamate.and.L.glutamine.biosynthesis"	"Read_depth"	"Read_depth"	"Read_depth"	0.29585138155021	0.0310501529105919	0.296544622874221	0.378049200505943	0.670809331025051	0.613177203008703	0.759083826616195	NA	"abundance"	80	54
"PWY.5840..superpathway.of.menaquinol.7.biosynthesis"	"Read_depth"	"Read_depth"	"Read_depth"	0.113070302511923	0.0310501529105919	0.0872340613500987	0.3777071029609	0.670809331025051	0.3777071029609	0.56656065444135	NA	"abundance"	80	80
"PWY.2221..Entner.Doudoroff.pathway.III..semi.phosphorylative."	"Read_depth"	"Read_depth"	"Read_depth"	0.372230780224698	0	0.421544788622104	0.377227643280563	0.670809331025051	0.341488264049012	0.530630156991092	NA	"prevalence"	80	10
"PWY.6435..4.hydroxybenzoate.biosynthesis.III..plants."	"Termness"	"preterm"	"Termnesspreterm"	-0.556387039160432	0	0.632064032646864	0.378713031986679	0.670809331025051	0.355820506889085	0.542642776739941	NA	"prevalence"	80	12
"PWY.7616..methanol.oxidation.to.carbon.dioxide"	"Termness"	"preterm"	"Termnesspreterm"	0.397746384410083	0	0.451893292694837	0.378763069523803	0.670809331025051	0.441195680488685	0.624204560002924	NA	"prevalence"	80	41
"PYRIDOXSYN.PWY..pyridoxal.5..phosphate.biosynthesis.I"	"Read_depth"	"Read_depth"	"Read_depth"	0.131054064696572	0.0310501529105919	0.109757202566118	0.383212362684721	0.676203666483785	0.196345345661309	0.389178670223604	NA	"abundance"	80	75
"PWY0.881..superpathway.of.fatty.acid.biosynthesis.I..E..coli."	"Read_depth"	"Read_depth"	"Read_depth"	0.244173164430139	0	0.280078482103352	0.38331604571109	0.676203666483785	0.619700900522594	0.766006225909131	NA	"prevalence"	80	25
"PWY.5005..biotin.biosynthesis.II"	"Read_depth"	"Read_depth"	"Read_depth"	0.250367184690054	0	0.288600744712173	0.385656652346337	0.679442217353626	0.622582251193691	0.768412328049871	NA	"prevalence"	80	67
"PWY.6125..superpathway.of.guanosine.nucleotides.de.novo.biosynthesis.II"	"Read_depth"	"Read_depth"	"Read_depth"	-0.0579812978798775	0.0310501529105919	0.0977009677996106	0.386741522743149	0.680462862238273	0.386741522743149	0.578002784899762	NA	"abundance"	80	80
"PWY.5705..allantoin.degradation.to.glyoxylate.III"	"Read_depth"	"Read_depth"	"Read_depth"	-0.353506446072127	0.0310501529105919	0.442873613654394	0.390646676480375	0.686436588175699	0.628688527115588	0.774197576629075	NA	"abundance"	80	46
"P164.PWY..purine.nucleobases.degradation.I..anaerobic."	"Termness"	"preterm"	"Termnesspreterm"	0.396392400055863	0	0.463086163972376	0.392008955145963	0.687932273306996	0.366248809751373	0.554967618319457	NA	"prevalence"	80	50
"PWY.6531..mannitol.cycle"	"Read_depth"	"Read_depth"	"Read_depth"	0.324619738906891	0.0310501529105919	0.340265726107117	0.392777665652599	0.688383773396352	0.24031103386832	0.429247419603567	NA	"abundance"	80	69
"PWY.5692..allantoin.degradation.to.glyoxylate.II"	"Read_depth"	"Read_depth"	"Read_depth"	-0.487545887279188	0.0310501529105919	0.599067016865739	0.394911017150462	0.690425129462689	0.633867322834112	0.777755123787527	NA	"abundance"	80	29
"URDEGR.PWY..superpathway.of.allantoin.degradation.in.plants"	"Read_depth"	"Read_depth"	"Read_depth"	-0.487545887279188	0.0310501529105919	0.599067016865739	0.394968313288462	0.690425129462689	0.633936658074992	0.777755123787527	NA	"abundance"	80	29
"PWY.6293..superpathway.of.L.cysteine.biosynthesis..fungi."	"Read_depth"	"Read_depth"	"Read_depth"	0.220831338095656	0.0310501529105919	0.223474624332247	0.402311817564064	0.699627527701848	0.582340381705034	0.736899294772605	NA	"abundance"	80	74
"PWY.7184..pyrimidine.deoxyribonucleotides.de.novo.biosynthesis.I"	"Read_depth"	"Read_depth"	"Read_depth"	0.144862206911015	0.0310501529105919	0.131776666079569	0.402028250034274	0.699627527701848	0.138038347380452	0.350441043346896	NA	"abundance"	80	78
"PWY.6992..1.5.anhydrofructose.degradation"	"Read_depth"	"Read_depth"	"Read_depth"	0.232332261553544	0	0.277312145373834	0.402142742700152	0.699627527701848	0.402811752267577	0.591971273729917	NA	"prevalence"	80	26
"PWY0.1221..putrescine.degradation.II"	"Read_depth"	"Read_depth"	"Read_depth"	0.320853862629494	0	0.382614778929256	0.401703920736069	0.699627527701848	0.480486972895031	0.663798809612967	NA	"prevalence"	80	12
"PWY0.1061..superpathway.of.L.alanine.biosynthesis"	"Read_depth"	"Read_depth"	"Read_depth"	0.103963550746152	0.0310501529105919	0.0812993672128231	0.404104090116959	0.701837555222485	0.404104090116959	0.591971273729917	NA	"abundance"	80	80
"PWY.8131..5..deoxyadenosine.degradation.II"	"Read_depth"	"Read_depth"	"Read_depth"	0.287340341667188	0.0310501529105919	0.304794565560175	0.40523671563078	0.702897705204936	0.234044273568107	0.422514240501529	NA	"abundance"	80	71
"PANTOSYN.PWY..superpathway.of.coenzyme.A.biosynthesis.I..bacteria."	"Read_depth"	"Read_depth"	"Read_depth"	0.0828108556890444	0.0310501529105919	0.0535654594704259	0.406364228001922	0.703946268842454	0.406364228001922	0.591971273729917	NA	"abundance"	80	80
"ILEUSYN.PWY..L.isoleucine.biosynthesis.I..from.threonine."	"Termness"	"preterm"	"Termnesspreterm"	0.0425510948894173	0.14211559157611	0.10650428542967	0.406890230726768	0.703951478866619	0.406890230726768	0.591971273729917	NA	"abundance"	80	80
"PWY.7340..9.cis..11.trans.octadecadienoyl.CoA.degradation..isomerase.dependent..yeast."	"Read_depth"	"Read_depth"	"Read_depth"	0.208468373272517	0	0.252578450638701	0.409166735459978	0.706981291308254	0.0637737334732415	0.236679124046249	NA	"prevalence"	80	48
"PWY.7434..terminal.O.glycans.residues.modification..via.type.2.precursor.disaccharide."	"Read_depth"	"Read_depth"	"Read_depth"	-0.637420783297185	0.0310501529105919	0.777403628997494	0.410006241756266	0.707523591543506	0.651907365233435	0.792703926363733	NA	"abundance"	80	13
"CENTFERM.PWY..pyruvate.fermentation.to.butanoate"	"Read_depth"	"Read_depth"	"Read_depth"	-0.570952105710477	0.0310501529105919	0.718937764154374	0.412442681052144	0.708595581991487	0.654776396950807	0.795016541054008	NA	"abundance"	80	23
"FASYN.INITIAL.PWY..superpathway.of.fatty.acid.biosynthesis.initiation..E..coli."	"Read_depth"	"Read_depth"	"Read_depth"	-0.218143239673853	0.0310501529105919	0.300208536612168	0.414312572828603	0.708595581991487	0.65697023765335	0.796503739455832	NA	"abundance"	80	38
"PWY.6628..superpathway.of.L.phenylalanine.biosynthesis"	"Read_depth"	"Read_depth"	"Read_depth"	0.0901088767679436	0.0310501529105919	0.0646898574250756	0.41338419278063	0.708595581991487	0.41338419278063	0.599297718634352	NA	"abundance"	80	80
"PWY66.430..myristate.biosynthesis..mitochondria."	"Termness"	"preterm"	"Termnesspreterm"	0.888619651492066	0.14211559157611	0.900670887393209	0.411688167106587	0.708595581991487	0.00201452498627496	0.0352327561429365	NA	"abundance"	80	52
"COLANSYN.PWY..colanic.acid.building.blocks.biosynthesis"	"Read_depth"	"Read_depth"	"Read_depth"	-0.245169643572682	0	0.300037386831225	0.413853961945019	0.708595581991487	0.57786647989667	0.736899294772605	NA	"prevalence"	80	60
"LIPA.CORESYN.PWY..lipid.A.core.biosynthesis..E..coli.K.12."	"Read_depth"	"Read_depth"	"Read_depth"	0.337865872251861	0	0.413627757874134	0.414022392361397	0.708595581991487	0.172766162843638	0.369453246519647	NA	"prevalence"	80	11
"LPSSYN.PWY..superpathway.of.lipopolysaccharide.biosynthesis"	"Read_depth"	"Read_depth"	"Read_depth"	0.337865872251861	0	0.413627757874134	0.414022392361397	0.708595581991487	0.2195906864467	0.405671088244994	NA	"prevalence"	80	11
"TCA.GLYOX.BYPASS..superpathway.of.glyoxylate.bypass.and.TCA"	"Termness"	"preterm"	"Termnesspreterm"	0.458472016917208	0.14211559157611	0.38321108069916	0.414948423222956	0.708782458956978	0.50021522273281	0.677391949071449	NA	"abundance"	80	74
"PWY.6590..superpathway.of.Clostridium.acetobutylicum.acidogenic.fermentation"	"Read_depth"	"Read_depth"	"Read_depth"	-0.55571737363799	0.0310501529105919	0.708778549385923	0.417740561043057	0.709052705124785	0.660973945745546	0.797990680524194	NA	"abundance"	80	23
"PWY.6629..superpathway.of.L.tryptophan.biosynthesis"	"Read_depth"	"Read_depth"	"Read_depth"	-0.00594074971445225	0.0310501529105919	0.0331457815665539	0.417447375067674	0.709052705124785	0.417447375067674	0.603061058533617	NA	"abundance"	80	80
"PWY0.166..superpathway.of.pyrimidine.deoxyribonucleotides.de.novo.biosynthesis..E..coli."	"Read_depth"	"Read_depth"	"Read_depth"	0.159987921767787	0.0310501529105919	0.154975956748489	0.416402814754244	0.709052705124785	0.124887024399316	0.334065552786811	NA	"abundance"	80	77
"PWY.5994..palmitate.biosynthesis..type.I.fatty.acid.synthase."	"Read_depth"	"Read_depth"	"Read_depth"	0.256902276591289	0	0.316365953900604	0.416767831923565	0.709052705124785	0.166478297065226	0.363949894116	NA	"prevalence"	80	11
"PWY.6318..L.phenylalanine.degradation.IV..mammalian..via.side.chain."	"Termness"	"preterm"	"Termnesspreterm"	0.415664470542278	0	0.511672842681576	0.416582938824408	0.709052705124785	0.455194798654335	0.640702267968944	NA	"prevalence"	80	22
"PWY.5505..L.glutamate.and.L.glutamine.biosynthesis"	"Read_depth"	"Read_depth"	"Read_depth"	0.194134288474387	0	0.240059817071823	0.418692726662928	0.709773816232116	0.613177203008703	0.759083826616195	NA	"prevalence"	80	54
"PWY0.1533..methylphosphonate.degradation.I"	"Termness"	"preterm"	"Termnesspreterm"	0.791638345441972	0.14211559157611	0.793436202609578	0.419465209098745	0.710188894901775	0.662979356553236	0.797990680524194	NA	"abundance"	80	36
"PWY.5188..tetrapyrrole.biosynthesis.I..from.glutamate."	"Termness"	"preterm"	"Termnesspreterm"	0.267726361195566	0.14211559157611	0.148338028734785	0.425673837665624	0.711602994955141	0.425673837665624	0.610652521049115	NA	"abundance"	80	80
"PWY.5676..acetyl.CoA.fermentation.to.butanoate.II"	"Read_depth"	"Read_depth"	"Read_depth"	-0.244331262045123	0.0310501529105919	0.343056985428999	0.427718539025864	0.711602994955141	0.29745084590918	0.48803312442584	NA	"abundance"	80	45
"PWY.6545..pyrimidine.deoxyribonucleotides.de.novo.biosynthesis.III"	"Read_depth"	"Read_depth"	"Read_depth"	-0.245689298688968	0.0310501529105919	0.340613101266715	0.420867277589319	0.711602994955141	0.13719737953533	0.350441043346896	NA	"abundance"	80	74
"PWY.6606..guanosine.nucleotides.degradation.II"	"Read_depth"	"Read_depth"	"Read_depth"	0.217517313294798	0.0310501529105919	0.229474724227044	0.422660003038485	0.711602994955141	0.666678527908478	0.797990680524194	NA	"abundance"	80	79
"PWY.6823..molybdopterin.biosynthesis"	"Termness"	"preterm"	"Termnesspreterm"	0.291382836867586	0.14211559157611	0.179337674602368	0.425503668122159	0.711602994955141	0.425503668122159	0.610652521049115	NA	"abundance"	80	80
"PWY.7118..chitin.deacetylation"	"Read_depth"	"Read_depth"	"Read_depth"	0.173815646914798	0.0310501529105919	0.175645949715136	0.425492238163785	0.711602994955141	0.160424833534815	0.360298396627372	NA	"abundance"	80	76
"PWY.7807..glyphosate.degradation.III"	"Termness"	"preterm"	"Termnesspreterm"	0.752570244141213	0.14211559157611	0.751659173801266	0.423088241468927	0.711602994955141	0.667172822868585	0.797990680524194	NA	"abundance"	80	36
"P23.PWY..reductive.TCA.cycle.I"	"Read_depth"	"Read_depth"	"Read_depth"	0.189822176613195	0	0.239461350829117	0.427949798031092	0.711602994955141	0.672758566427332	0.797990680524194	NA	"prevalence"	80	52
"PWY.4984..urea.cycle"	"Read_depth"	"Read_depth"	"Read_depth"	0.202845691136326	0	0.255098398904937	0.426516678361848	0.711602994955141	0.671116879802871	0.797990680524194	NA	"prevalence"	80	58
"PWY.5705..allantoin.degradation.to.glyoxylate.III"	"Termness"	"preterm"	"Termnesspreterm"	-0.364199569085317	0	0.457679194601491	0.426175643960005	0.711602994955141	0.670725608415285	0.797990680524194	NA	"prevalence"	80	46
"PWY.6396..superpathway.of.2.3.butanediol.biosynthesis"	"Termness"	"preterm"	"Termnesspreterm"	0.515281345285824	0	0.648713168523819	0.427013199890886	0.711602994955141	0.671686126900719	0.797990680524194	NA	"prevalence"	80	12
"PWY.6531..mannitol.cycle"	"Termness"	"preterm"	"Termnesspreterm"	0.510392369998083	0	0.642133011100815	0.42670715283783	0.711602994955141	0.671335311392693	0.797990680524194	NA	"prevalence"	80	69
"PWY.6992..1.5.anhydrofructose.degradation"	"Termness"	"preterm"	"Termnesspreterm"	0.393701058289477	0	0.496127735075472	0.427458748417612	0.711602994955141	0.672196515236473	0.797990680524194	NA	"prevalence"	80	26
"PWY.7237..myo...chiro..and.scyllo.inositol.degradation"	"Termness"	"preterm"	"Termnesspreterm"	0.461535947155289	0	0.575008726543871	0.422171838887921	0.711602994955141	0.666114616225833	0.797990680524194	NA	"prevalence"	80	64
"PWY66.391..fatty.acid..beta..oxidation.VI..mammalian.peroxisome."	"Read_depth"	"Read_depth"	"Read_depth"	0.197029397944176	0	0.248704448791462	0.428230628464832	0.711602994955141	0.0685459180465401	0.244447677293407	NA	"prevalence"	80	50
"PWY.5972..stearate.biosynthesis.I..animals."	"Read_depth"	"Read_depth"	"Read_depth"	-0.199594120381876	0	0.252754331471557	0.429716800853887	0.713192125708178	0.674777072771675	0.799231633743973	NA	"prevalence"	80	29
"PWY.7111..pyruvate.fermentation.to.isobutanol..engineered."	"Termness"	"preterm"	"Termnesspreterm"	0.044695525446783	0.14211559157611	0.111683752596597	0.430966520919117	0.71350668777015	0.430966520919117	0.612897024559714	NA	"abundance"	80	80
"PWY.7200..superpathway.of.pyrimidine.deoxyribonucleoside.salvage"	"Read_depth"	"Read_depth"	"Read_depth"	-0.183967783276746	0.0310501529105919	0.269727304995632	0.430834219323037	0.71350668777015	0.676050314106383	0.799390953443733	NA	"abundance"	80	59
"CENTFERM.PWY..pyruvate.fermentation.to.butanoate"	"Termness"	"preterm"	"Termnesspreterm"	-0.686685807338026	0.14211559157611	1.04178441352738	0.43581568158201	0.713690342941896	0.284923859704095	0.474104074244466	NA	"abundance"	80	23
"FUC.RHAMCAT.PWY..superpathway.of.fucose.and.rhamnose.degradation"	"Termness"	"preterm"	"Termnesspreterm"	0.434915469795151	0.14211559157611	0.371251621175089	0.436909987061012	0.713690342941896	0.68292963732837	0.801954516977029	NA	"abundance"	80	74
"LPSSYN.PWY..superpathway.of.lipopolysaccharide.biosynthesis"	"Termness"	"preterm"	"Termnesspreterm"	-1.35251108323257	0.14211559157611	1.80992980650132	0.432854686371617	0.713690342941896	0.373293163888433	0.560963401675122	NA	"abundance"	80	11
"PHOSLIPSYN.PWY..superpathway.of.phospholipid.biosynthesis.I..bacteria."	"Termness"	"preterm"	"Termnesspreterm"	0.238262311853642	0.14211559157611	0.110823612803492	0.436305059771286	0.713690342941896	0.682248014360547	0.801954516977029	NA	"abundance"	80	79
"PWY.5415..catechol.degradation.I..meta.cleavage.pathway."	"Termness"	"preterm"	"Termnesspreterm"	-0.412891736972402	0.14211559157611	0.703713432713074	0.434818582029361	0.713690342941896	0.277252804372867	0.467011895890362	NA	"abundance"	80	52
"PWY.6590..superpathway.of.Clostridium.acetobutylicum.acidogenic.fermentation"	"Termness"	"preterm"	"Termnesspreterm"	-0.678929528672396	0.14211559157611	1.02706309531718	0.433693208800202	0.713690342941896	0.284923859704095	0.474104074244466	NA	"abundance"	80	23
"PWY.7094..fatty.acid.salvage"	"Termness"	"preterm"	"Termnesspreterm"	0.375381530889083	0.14211559157611	0.292760577920674	0.434126043432082	0.713690342941896	0.159400726260434	0.360298396627372	NA	"abundance"	80	72
"PWY.7196..superpathway.of.pyrimidine.ribonucleosides.salvage"	"Read_depth"	"Read_depth"	"Read_depth"	0.854206581557759	0.0310501529105919	1.00857076106648	0.435456368409726	0.713690342941896	0.274485910350022	0.464253947135223	NA	"abundance"	80	12
"PWY.7388..octanoyl..acyl.carrier.protein..biosynthesis..mitochondria..yeast."	"Termness"	"preterm"	"Termnesspreterm"	0.844522637679035	0.14211559157611	0.895222107220853	0.436531927897133	0.713690342941896	0.00292513104362974	0.0414561675493732	NA	"abundance"	80	56
"PWY.7874..L.threonate.degradation"	"Termness"	"preterm"	"Termnesspreterm"	-0.256574397125063	0.14211559157611	0.499738716134696	0.434398992263038	0.713690342941896	0.680095500046933	0.800914757934927	NA	"abundance"	80	29
"PWY.7396..butanol.and.isobutanol.biosynthesis..engineered."	"Read_depth"	"Read_depth"	"Read_depth"	0.19481923216696	0	0.248045447881729	0.432208831629819	0.713690342941896	0.677613189120825	0.799390953443733	NA	"prevalence"	80	45
"PWY.7294..D.xylose.degradation.IV"	"Read_depth"	"Read_depth"	"Read_depth"	-0.992874393355176	0.0310501529105919	1.28957501236266	0.43872913514584	0.715793231401576	0.542136749544594	0.710509299778232	NA	"abundance"	80	19
"GLYCOLYSIS..glycolysis.I..from.glucose.6.phosphate."	"Termness"	"preterm"	"Termnesspreterm"	0.0726922022222527	0.14211559157611	0.0712843431733338	0.440057537243864	0.717091337930074	0.440057537243864	0.623667751059407	NA	"abundance"	80	80
"PWY0.1586..peptidoglycan.maturation..meso.diaminopimelate.containing."	"Read_depth"	"Read_depth"	"Read_depth"	-0.0315509543893994	0.0310501529105919	0.074982830455931	0.443123534480109	0.721214362043805	0.443123534480109	0.625854888904897	NA	"abundance"	80	80
"DENITRIFICATION.PWY..nitrate.reduction.I..denitrification."	"Read_depth"	"Read_depth"	"Read_depth"	0.186885411763616	0	0.24507863189547	0.445730106854869	0.722834607020065	0.168375114563474	0.366149058653904	NA	"prevalence"	80	27
"PWY.7094..fatty.acid.salvage"	"Read_depth"	"Read_depth"	"Read_depth"	0.214990948440355	0	0.281668903625819	0.445299162730957	0.722834607020065	0.692306981133023	0.810650054830976	NA	"prevalence"	80	72
"PWY0.1337..oleate..beta..oxidation"	"Read_depth"	"Read_depth"	"Read_depth"	0.214990948440355	0	0.281668903625819	0.445299162730957	0.722834607020065	0.692306981133023	0.810650054830976	NA	"prevalence"	80	72
"GOLPDLCAT.PWY..superpathway.of.glycerol.degradation.to.1.3.propanediol"	"Termness"	"preterm"	"Termnesspreterm"	-0.525637467802478	0	0.695390016264009	0.449715918826269	0.72842073013256	0.220333118502303	0.405671088244994	NA	"prevalence"	80	68
"PWY.6125..superpathway.of.guanosine.nucleotides.de.novo.biosynthesis.II"	"Termness"	"preterm"	"Termnesspreterm"	-0.0098952090155245	0.14211559157611	0.195711851631556	0.457216747753788	0.733541104599517	0.457216747753788	0.642405522714151	NA	"abundance"	80	80
"PWY.7210..pyrimidine.deoxyribonucleotides.biosynthesis.from.CTP"	"Termness"	"preterm"	"Termnesspreterm"	0.609953011821383	0.14211559157611	0.624259719513269	0.457236988676816	0.733541104599517	0.0940146084574866	0.294961863175779	NA	"abundance"	80	67
"PWY.6305..superpathway.of.putrescine.biosynthesis"	"Termness"	"preterm"	"Termnesspreterm"	1.19511767677866	0	1.60649729878453	0.456920278031916	0.733541104599517	0.39199261917576	0.580572852184639	NA	"prevalence"	80	79
"PWY.6922..L.N.delta..acetylornithine.biosynthesis"	"Read_depth"	"Read_depth"	"Read_depth"	0.186453394681176	0	0.249478961456271	0.45483951550274	0.733541104599517	0.702800046142712	0.821766199045959	NA	"prevalence"	80	57
"PWY.8004..Entner.Doudoroff.pathway.I"	"Termness"	"preterm"	"Termnesspreterm"	1.19511767677866	0	1.60649729878453	0.456920278031916	0.733541104599517	0.705064415587068	0.821841489376738	NA	"prevalence"	80	79
"PWY1ZNC.1..assimilatory.sulfate.reduction.IV"	"Termness"	"preterm"	"Termnesspreterm"	1.19511767677866	0	1.60649729878453	0.456920278031916	0.733541104599517	0.000764615668879884	0.019641064994352	NA	"prevalence"	80	79
"PWY4LZ.257..superpathway.of.fermentation..Chlamydomonas.reinhardtii."	"Termness"	"preterm"	"Termnesspreterm"	1.19511767677866	0	1.60649729878453	0.456920278031916	0.733541104599517	0.705064415587068	0.821841489376738	NA	"prevalence"	80	79
"PYRIDNUCSYN.PWY..NAD.de.novo.biosynthesis.I..from.aspartate."	"Termness"	"preterm"	"Termnesspreterm"	1.19511767677866	0	1.60649729878453	0.456920278031916	0.733541104599517	0.0766398401210281	0.265814129027363	NA	"prevalence"	80	79
"PWY.6270..isoprene.biosynthesis.I"	"Termness"	"preterm"	"Termnesspreterm"	0.0489445384530895	0.14211559157611	0.113944218994985	0.457967927385027	0.733634628776172	0.457967927385027	0.642405522714151	NA	"abundance"	80	80
"PWY.5265..peptidoglycan.biosynthesis.II..staphylococci."	"Read_depth"	"Read_depth"	"Read_depth"	0.308261894157508	0	0.415722856956345	0.458385380981248	0.733634628776172	0.267799330938268	0.456703423301361	NA	"prevalence"	80	77
"NONOXIPENT.PWY..pentose.phosphate.pathway..non.oxidative.branch..I"	"Read_depth"	"Read_depth"	"Read_depth"	-0.0124151650431619	0.0310501529105919	0.0496637798456427	0.459016363544134	0.733772001580053	0.459016363544134	0.642779302952774	NA	"abundance"	80	80
"FASYN.INITIAL.PWY..superpathway.of.fatty.acid.biosynthesis.initiation..E..coli."	"Read_depth"	"Read_depth"	"Read_depth"	0.174920718504261	0	0.236728111218284	0.459961778309909	0.734411095617007	0.65697023765335	0.796503739455832	NA	"prevalence"	80	38
"PWY.6435..4.hydroxybenzoate.biosynthesis.III..plants."	"Read_depth"	"Read_depth"	"Read_depth"	0.239597442942045	0	0.327015405743651	0.463754006621428	0.738713482736618	0.278792884007652	0.46800261352471	NA	"prevalence"	80	12
"PWY.922..mevalonate.pathway.I..eukaryotes.and.bacteria."	"Read_depth"	"Read_depth"	"Read_depth"	0.25217741917957	0	0.345628196388516	0.46562218489898	0.740812601505942	0.0194028596921285	0.120765004976891	NA	"prevalence"	80	72
"NAD.BIOSYNTHESIS.II..NAD.salvage.pathway.III..to.nicotinamide.riboside."	"Read_depth"	"Read_depth"	"Read_depth"	-0.145740499070561	0.0310501529105919	0.241588385884313	0.469273770755114	0.745740844671054	0.125172980849559	0.334065552786811	NA	"abundance"	80	77
"PWY.6215..4.chlorobenzoate.degradation"	"Termness"	"preterm"	"Termnesspreterm"	-1.50020012553508	0.14211559157611	2.18485723356724	0.471450569333803	0.748063224883984	0.0915487143092996	0.291060092858262	NA	"abundance"	80	12
"ECASYN.PWY..enterobacterial.common.antigen.biosynthesis"	"Read_depth"	"Read_depth"	"Read_depth"	0.213014344266727	0	0.296068080193056	0.471846714655648	0.748063224883984	0.0997291320720021	0.302499433812494	NA	"prevalence"	80	74
"PWY.8178..pentose.phosphate.pathway..non.oxidative.branch..II"	"Termness"	"preterm"	"Termnesspreterm"	0.213701868190415	0.14211559157611	0.0852166866236892	0.475850556678361	0.753523352104792	0.475850556678361	0.661842906242999	NA	"abundance"	80	80
"PWY.5384..sucrose.degradation.IV..sucrose.phosphorylase."	"Read_depth"	"Read_depth"	"Read_depth"	0.0992103255499222	0.0310501529105919	0.0906066652316059	0.477136688783665	0.753786365144148	0.477136688783665	0.662450199844239	NA	"abundance"	80	80
"PWY.6902..chitin.degradation.II..Vibrio."	"Termness"	"preterm"	"Termnesspreterm"	-1.01623945664695	0	1.42840942450132	0.476806477531388	0.753786365144148	0.0511123557734637	0.209026648984016	NA	"prevalence"	80	77
"P562.PWY..myo.inositol.degradation.I"	"Read_depth"	"Read_depth"	"Read_depth"	-0.337473535948248	0.0310501529105919	0.514966599055075	0.478224653633456	0.75461944172407	0.727750487924073	0.842550564892377	NA	"abundance"	80	47
"PWY.7196..superpathway.of.pyrimidine.ribonucleosides.salvage"	"Termness"	"preterm"	"Termnesspreterm"	-0.977412346687514	0.14211559157611	1.52366411130939	0.481062391616697	0.758208406459104	0.730703758605418	0.844779872818078	NA	"abundance"	80	12
"PWY.5973..cis.vaccenate.biosynthesis"	"Termness"	"preterm"	"Termnesspreterm"	0.254992498534229	0.14211559157611	0.153265397289496	0.48634831556053	0.765072698331112	0.48634831556053	0.669645419415001	NA	"abundance"	80	80
"PWY.7392..taxadiene.biosynthesis..engineered."	"Termness"	"preterm"	"Termnesspreterm"	-0.251388622221165	0.14211559157611	0.561202299474168	0.486554405476547	0.765072698331112	0.139353287109327	0.351375466269531	NA	"abundance"	80	71
"PWY.5855..ubiquinol.7.biosynthesis..early.decarboxylation."	"Read_depth"	"Read_depth"	"Read_depth"	0.161112915724426	0.0310501529105919	0.185096378909613	0.489550468027772	0.767325856908195	0.160424833534815	0.360298396627372	NA	"abundance"	80	76
"PWY.7805...aminomethyl.phosphonate.degradation"	"Read_depth"	"Read_depth"	"Read_depth"	0.168257840867855	0	0.24311939390618	0.488887682974896	0.767325856908195	0.452093945709494	0.637429199610985	NA	"prevalence"	80	32
"PWY.821..superpathway.of.sulfur.amino.acid.biosynthesis..Saccharomyces.cerevisiae."	"Termness"	"preterm"	"Termnesspreterm"	0.733106041805154	0	1.06125754888555	0.489697556526107	0.767325856908195	0.739591416184574	0.85265658359568	NA	"prevalence"	80	77
"P441.PWY..superpathway.of.N.acetylneuraminate.degradation"	"Read_depth"	"Read_depth"	"Read_depth"	0.110087536964023	0.0310501529105919	0.110251255211887	0.491313711505805	0.76806998337609	0.491313711505805	0.674223490580588	NA	"abundance"	80	80
"METHGLYUT.PWY..superpathway.of.methylglyoxal.degradation"	"Termness"	"preterm"	"Termnesspreterm"	0.729108998241736	0	1.05839564969004	0.490897952026289	0.76806998337609	0.740815104748973	0.852871171013524	NA	"prevalence"	80	77
"PWY.7204..pyridoxal.5..phosphate.salvage.II..plants."	"Read_depth"	"Read_depth"	"Read_depth"	0.172740536881631	0	0.251517889513394	0.492213655182972	0.768584199392437	0.0875512364781518	0.288846951466945	NA	"prevalence"	80	60
"PWY.7242..D.fructuronate.degradation"	"Termness"	"preterm"	"Termnesspreterm"	0.524885304251745	0	0.769219195707918	0.49501060755905	0.772055941801254	0.0596158524138678	0.231152031529242	NA	"prevalence"	80	73
"PWY.7268..cytosolic.NADPH.production..yeast."	"Read_depth"	"Read_depth"	"Read_depth"	0.194841308701916	0	0.286088210039947	0.495837789165545	0.772451000250953	0.477898988452109	0.662450199844239	NA	"prevalence"	80	26
"CITRULBIO.PWY..L.citrulline.biosynthesis"	"Read_depth"	"Read_depth"	"Read_depth"	-0.0869182011148881	0.0310501529105919	0.170548590844829	0.497196211922781	0.773274534436306	0.497196211922781	0.677391949071449	NA	"abundance"	80	80
"PWY.8011..L.serine.biosynthesis.II"	"Termness"	"preterm"	"Termnesspreterm"	-0.314730047125365	0	0.463926996418159	0.49751541368636	0.773274534436306	0.249087900975219	0.436567707039723	NA	"prevalence"	80	49
"PYRIDNUCSAL.PWY..NAD.salvage.pathway.I..PNC.VI.cycle."	"Read_depth"	"Read_depth"	"Read_depth"	0.163412709999135	0.0310501529105919	0.192645886947498	0.498989097784343	0.774670502442591	0.748988075861054	0.85796547876013	NA	"abundance"	80	77
"PWY4LZ.257..superpathway.of.fermentation..Chlamydomonas.reinhardtii."	"Read_depth"	"Read_depth"	"Read_depth"	0.164414614920923	0.0310501529105919	0.195110256093154	0.500508283216145	0.776133812452686	0.750508024864317	0.858021691847662	NA	"abundance"	80	79
"PWY3O.4107..NAD.salvage.pathway.V..PNC.V.cycle."	"Read_depth"	"Read_depth"	"Read_depth"	0.177893051756827	0.0310501529105919	0.216039201480771	0.502310060987788	0.778031463854502	0.752304724606021	0.85888122725854	NA	"abundance"	80	78
"PWY.5705..allantoin.degradation.to.glyoxylate.III"	"Termness"	"preterm"	"Termnesspreterm"	-0.371025329854135	0.14211559157611	0.762442725088818	0.504946581717001	0.780319287016169	0.670725608415285	0.797990680524194	NA	"abundance"	80	46
"PWY0.845..superpathway.of.pyridoxal.5..phosphate.biosynthesis.and.salvage"	"Read_depth"	"Read_depth"	"Read_depth"	0.0969634100187062	0.0310501529105919	0.0934438576932213	0.504550492394649	0.780319287016169	0.196345345661309	0.389178670223604	NA	"abundance"	80	75
"PWY.7396..butanol.and.isobutanol.biosynthesis..engineered."	"Termness"	"preterm"	"Termnesspreterm"	0.665208860775526	0.14211559157611	0.77850264551469	0.505650393753518	0.780510814211279	0.0599817233906309	0.231478763507505	NA	"abundance"	80	45
"PWY.5367..petroselinate.biosynthesis"	"Termness"	"preterm"	"Termnesspreterm"	-0.212022100778059	0.14211559157611	0.530746533363849	0.508074034406006	0.780670833687767	0.758008844374417	0.862972836530638	NA	"abundance"	80	72
"PWY.7197..pyrimidine.deoxyribonucleotide.phosphorylation"	"Read_depth"	"Read_depth"	"Read_depth"	-0.0471610460098611	0.0310501529105919	0.1136727045948	0.507645819961818	0.780670833687767	0.507645819961818	0.685196821032207	NA	"abundance"	80	80
"URSIN.PWY..ureide.biosynthesis"	"Termness"	"preterm"	"Termnesspreterm"	1.18270492613671	0.14211559157611	1.53161204012286	0.507111027280817	0.780670833687767	0.395480305092543	0.584684911485738	NA	"abundance"	80	18
"PWY.6328..L.lysine.degradation.X"	"Read_depth"	"Read_depth"	"Read_depth"	0.251725832353671	0	0.379743200272004	0.507404612297737	0.780670833687767	0.344397858996287	0.534141585084807	NA	"prevalence"	80	11
"PWY.801..homocysteine.and.cysteine.interconversion"	"Termness"	"preterm"	"Termnesspreterm"	0.50724848780113	0.14211559157611	0.548998492105787	0.509121350880885	0.781388071021289	0.759038151838992	0.862972836530638	NA	"abundance"	80	76
"P441.PWY..superpathway.of.N.acetylneuraminate.degradation"	"Termness"	"preterm"	"Termnesspreterm"	-0.0066790616875382	0.14211559157611	0.220852237067683	0.514530888404146	0.782215466662997	0.514530888404146	0.68995822229724	NA	"abundance"	80	80
"PRPP.PWY..superpathway.of.histidine..purine..and.pyrimidine.biosynthesis"	"Read_depth"	"Read_depth"	"Read_depth"	0.119836154349453	0.0310501529105919	0.132444361764934	0.514767308692273	0.782215466662997	0.116693524484431	0.322640014790003	NA	"abundance"	80	76
"PWY.6731..starch.degradation.III"	"Termness"	"preterm"	"Termnesspreterm"	-0.194136657768699	0.14211559157611	0.511052399158363	0.514183787006568	0.782215466662997	0.763982607192721	0.865099929965203	NA	"abundance"	80	68
"PWY.7185..UTP.and.CTP.dephosphorylation.I"	"Termness"	"preterm"	"Termnesspreterm"	0.61441768444503	0.14211559157611	0.712582123689248	0.510252658406102	0.782215466662997	0.0940146084574866	0.294961863175779	NA	"abundance"	80	67
"PWY.7409..phospholipid.remodeling..phosphatidylethanolamine..yeast."	"Termness"	"preterm"	"Termnesspreterm"	-0.390663082161129	0.14211559157611	0.80875595195085	0.515229562381566	0.782215466662997	0.764997622811232	0.865099929965203	NA	"abundance"	80	34
"PWY0.1415..superpathway.of.heme.b.biosynthesis.from.uroporphyrinogen.III"	"Termness"	"preterm"	"Termnesspreterm"	0.402336639123886	0.14211559157611	0.395943335875993	0.515471856560237	0.782215466662997	0.765232478214816	0.865099929965203	NA	"abundance"	80	79
"PWY0.1477..ethanolamine.utilization"	"Read_depth"	"Read_depth"	"Read_depth"	-0.0566712194482443	0.0310501529105919	0.129421207863473	0.511172044525122	0.782215466662997	0.511172044525122	0.687726363227728	NA	"abundance"	80	80
"PWY3O.4107..NAD.salvage.pathway.V..PNC.V.cycle."	"Termness"	"preterm"	"Termnesspreterm"	-0.144672135182603	0.14211559157611	0.435397477920589	0.514275381459947	0.782215466662997	0.578045073313202	0.736899294772605	NA	"abundance"	80	78
"PWY.3801..sucrose.degradation.II..sucrose.synthase."	"Read_depth"	"Read_depth"	"Read_depth"	0.155854604289659	0	0.239453103433809	0.515125655890339	0.782215466662997	0.764896870424226	0.865099929965203	NA	"prevalence"	80	46
"PWY.7783..plasmalogen.degradation"	"Termness"	"preterm"	"Termnesspreterm"	0.294182136983896	0	0.451410059922316	0.514597294127613	0.782215466662997	0.315036343423288	0.50431219076202	NA	"prevalence"	80	42
"LIPASYN.PWY..phospholipases"	"Read_depth"	"Read_depth"	"Read_depth"	0.15899111400357	0	0.245038869521052	0.516441552148824	0.782804424766122	0.766171227511761	0.865099929965203	NA	"prevalence"	80	57
"ANAEROFRUCAT.PWY..homolactic.fermentation"	"Read_depth"	"Read_depth"	"Read_depth"	-0.00660375142014037	0.0310501529105919	0.0522952013579891	0.535769948292291	0.783507992645322	0.535769948292291	0.707150907148878	NA	"abundance"	80	80
"GALACT.GLUCUROCAT.PWY..superpathway.of.hexuronide.and.hexuronate.degradation"	"Termness"	"preterm"	"Termnesspreterm"	-0.395064049691711	0.14211559157611	0.842225421963342	0.527082824360128	0.783507992645322	0.776349344984806	0.871802133302611	NA	"abundance"	80	47
"GLUCONEO.PWY..gluconeogenesis.I"	"Read_depth"	"Read_depth"	"Read_depth"	0.0645679810362845	0.0310501529105919	0.0443818473866875	0.537675568087651	0.783507992645322	0.537675568087651	0.707150907148878	NA	"abundance"	80	80
"LIPA.CORESYN.PWY..lipid.A.core.biosynthesis..E..coli.K.12."	"Termness"	"preterm"	"Termnesspreterm"	-1.24835439743516	0.14211559157611	2.10919276677762	0.528122399105684	0.783507992645322	0.373293163888433	0.560963401675122	NA	"abundance"	80	11
"PWY.241..C4.photosynthetic.carbon.assimilation.cycle..NADP.ME.type"	"Read_depth"	"Read_depth"	"Read_depth"	-0.106988343753163	0.0310501529105919	0.227724556341089	0.549110084920817	0.783507992645322	0.796698284479887	0.887379390030443	NA	"abundance"	80	79
"PWY.5103..L.isoleucine.biosynthesis.III"	"Termness"	"preterm"	"Termnesspreterm"	0.0641962975485654	0.14211559157611	0.116731468277157	0.544380298370512	0.783507992645322	0.544380298370512	0.710509299778232	NA	"abundance"	80	80
"PWY.5861..superpathway.of.demethylmenaquinol.8.biosynthesis.I"	"Read_depth"	"Read_depth"	"Read_depth"	0.0784623665454555	0.0310501529105919	0.0719627998585007	0.545845094331739	0.783507992645322	0.159339512168064	0.360298396627372	NA	"abundance"	80	76
"PWY.5994..palmitate.biosynthesis..type.I.fatty.acid.synthase."	"Termness"	"preterm"	"Termnesspreterm"	-0.689578732081582	0.14211559157611	1.25210769228984	0.525348963736437	0.783507992645322	0.0480407888016513	0.200454458857652	NA	"abundance"	80	11
"PWY.6731..starch.degradation.III"	"Read_depth"	"Read_depth"	"Read_depth"	0.219595705793646	0.0310501529105919	0.306063517805648	0.541420359127608	0.783507992645322	0.298441793913824	0.488683574894748	NA	"abundance"	80	68
"PWY.7039..phosphatidate.metabolism..as.a.signaling.molecule"	"Read_depth"	"Read_depth"	"Read_depth"	-0.909207133039683	0.0310501529105919	1.43575155630476	0.527231692655925	0.783507992645322	0.112604665088398	0.320280396895028	NA	"abundance"	80	13
"PWY.7356..thiamine.diphosphate.salvage.IV..yeast."	"Termness"	"preterm"	"Termnesspreterm"	0.364744027467832	0.14211559157611	0.364306821046992	0.545727969168536	0.783507992645322	0.545727969168536	0.710509299778232	NA	"abundance"	80	80
"PWY.7357..thiamine.phosphate.formation.from.pyrithiamine.and.oxythiamine..yeast."	"Termness"	"preterm"	"Termnesspreterm"	0.0610557875190575	0.14211559157611	0.118839460229316	0.533786785557875	0.783507992645322	0.533786785557875	0.706558353830231	NA	"abundance"	80	80
"PWY.7400..L.arginine.biosynthesis.IV..archaebacteria."	"Read_depth"	"Read_depth"	"Read_depth"	0.0666818221837018	0.0310501529105919	0.0485310131397393	0.537506663038123	0.783507992645322	0.537506663038123	0.707150907148878	NA	"abundance"	80	80
"PWY.7434..terminal.O.glycans.residues.modification..via.type.2.precursor.disaccharide."	"Termness"	"preterm"	"Termnesspreterm"	-0.962614358004231	0.14211559157611	1.74998362534984	0.541930875564699	0.783507992645322	0.00967824612528334	0.0803587708584132	NA	"abundance"	80	13
"PWY.7560..methylerythritol.phosphate.pathway.II"	"Termness"	"preterm"	"Termnesspreterm"	0.212826980236176	0.14211559157611	0.0965452032369562	0.521112020209768	0.783507992645322	0.521112020209768	0.694252966956936	NA	"abundance"	80	80
"PYRIDNUCSAL.PWY..NAD.salvage.pathway.I..PNC.VI.cycle."	"Termness"	"preterm"	"Termnesspreterm"	-0.0948001632900762	0.14211559157611	0.39008686956238	0.548334560842602	0.783507992645322	0.425374997014575	0.610652521049115	NA	"abundance"	80	77
"UDPNAGSYN.PWY..UDP.N.acetyl.D.glucosamine.biosynthesis.I"	"Termness"	"preterm"	"Termnesspreterm"	0.0576960546566756	0.14211559157611	0.11967223609777	0.519024476831925	0.783507992645322	0.519024476831925	0.692594350577666	NA	"abundance"	80	80
"AEROBACTINSYN.PWY..aerobactin.biosynthesis"	"Termness"	"preterm"	"Termnesspreterm"	0.42990899676043	0	0.708894538776932	0.544216065072531	0.783507992645322	0.792261004662033	0.88483498075026	NA	"prevalence"	80	9
"BIOTIN.BIOSYNTHESIS.PWY..biotin.biosynthesis.I"	"Termness"	"preterm"	"Termnesspreterm"	-1.0238018752196	0	1.72567346506216	0.552995982922032	0.783507992645322	0.0647250439430637	0.237517795183921	NA	"prevalence"	80	79
"DARABCATK12.PWY..D.arabinose.degradation.I"	"Termness"	"preterm"	"Termnesspreterm"	0.326727386437711	0	0.548989374527807	0.551747640386672	0.783507992645322	0.336556238804073	0.523956871774523	NA	"prevalence"	80	64
"GLUCOSE1PMETAB.PWY..glucose.and.glucose.1.phosphate.degradation"	"Termness"	"preterm"	"Termnesspreterm"	-1.0238018752196	0	1.72567346506216	0.552995982922032	0.783507992645322	0.310233491865287	0.501306133259161	NA	"prevalence"	80	79
"HEME.BIOSYNTHESIS.II.1..heme.b.biosynthesis.V..aerobic."	"Termness"	"preterm"	"Termnesspreterm"	-1.0238018752196	0	1.72567346506216	0.552995982922032	0.783507992645322	0.00250039938118815	0.038562604142996	NA	"prevalence"	80	79
"HOMOSER.METSYN.PWY..L.methionine.biosynthesis.I"	"Termness"	"preterm"	"Termnesspreterm"	-1.0238018752196	0	1.72567346506216	0.552995982922032	0.783507992645322	0.000191510899307449	0.0144092398795092	NA	"prevalence"	80	79
"HSERMETANA.PWY..L.methionine.biosynthesis.III"	"Termness"	"preterm"	"Termnesspreterm"	-1.08459534942193	0	1.78078177275734	0.54248749728117	0.783507992645322	0.326404156819238	0.513992752692363	NA	"prevalence"	80	79
"MET.SAM.PWY..superpathway.of.S.adenosyl.L.methionine.biosynthesis"	"Termness"	"preterm"	"Termnesspreterm"	-1.0238018752196	0	1.72567346506216	0.552995982922032	0.783507992645322	0.000624032777860939	0.0188881818060564	NA	"prevalence"	80	79
"METSYN.PWY..superpathway.of.L.homoserine.and.L.methionine.biosynthesis"	"Termness"	"preterm"	"Termnesspreterm"	-1.0238018752196	0	1.72567346506216	0.552995982922032	0.783507992645322	0.00041306173753929	0.0172974001290314	NA	"prevalence"	80	79
"NAGLIPASYN.PWY..lipid.IVA.biosynthesis..E..coli."	"Termness"	"preterm"	"Termnesspreterm"	-1.0238018752196	0	1.72567346506216	0.552995982922032	0.783507992645322	0.043472865560571	0.191859695439841	NA	"prevalence"	80	79
"OANTIGEN.PWY..O.antigen.building.blocks.biosynthesis..E..coli."	"Termness"	"preterm"	"Termnesspreterm"	-1.08459534942193	0	1.78078177275734	0.54248749728117	0.783507992645322	0.000606076178263731	0.0188881818060564	NA	"prevalence"	80	79
"P122.PWY..heterolactic.fermentation"	"Termness"	"preterm"	"Termnesspreterm"	-1.0238018752196	0	1.72567346506216	0.552995982922032	0.783507992645322	0.498562567151388	0.677391949071449	NA	"prevalence"	80	79
"P42.PWY..incomplete.reductive.TCA.cycle"	"Termness"	"preterm"	"Termnesspreterm"	-1.04804226121333	0	1.74646731750697	0.548444467607463	0.783507992645322	0.0262530793251769	0.145811021657401	NA	"prevalence"	80	79
"P461.PWY..hexitol.fermentation.to.lactate..formate..ethanol.and.acetate"	"Termness"	"preterm"	"Termnesspreterm"	-1.0238018752196	0	1.72567346506216	0.552995982922032	0.783507992645322	0.00383137852980522	0.0507966637338693	NA	"prevalence"	80	79
"PHOSLIPSYN.PWY..superpathway.of.phospholipid.biosynthesis.I..bacteria."	"Termness"	"preterm"	"Termnesspreterm"	-1.0238018752196	0	1.72567346506216	0.552995982922032	0.783507992645322	0.682248014360547	0.801954516977029	NA	"prevalence"	80	79
"PPGPPMET.PWY..ppGpp.metabolism"	"Termness"	"preterm"	"Termnesspreterm"	-1.0238018752196	0	1.72567346506216	0.552995982922032	0.783507992645322	0.00547828700312152	0.0612611973923143	NA	"prevalence"	80	79
"PWY.1269..CMP.3.deoxy.D.manno.octulosonate.biosynthesis"	"Termness"	"preterm"	"Termnesspreterm"	-1.0238018752196	0	1.72567346506216	0.552995982922032	0.783507992645322	0.0472898794520372	0.199103172038187	NA	"prevalence"	80	79
"PWY.1861..formaldehyde.assimilation.II..assimilatory.RuMP.Cycle."	"Termness"	"preterm"	"Termnesspreterm"	-1.04804226121333	0	1.74646731750697	0.548444467607463	0.783507992645322	0.121717955025307	0.328545193627471	NA	"prevalence"	80	79
"PWY.4041...gamma..glutamyl.cycle"	"Termness"	"preterm"	"Termnesspreterm"	-1.0238018752196	0	1.72567346506216	0.552995982922032	0.783507992645322	0.80018740871616	0.887657287401732	NA	"prevalence"	80	79
"PWY.5345..superpathway.of.L.methionine.biosynthesis..by.sulfhydrylation."	"Termness"	"preterm"	"Termnesspreterm"	-1.08459534942193	0	1.78078177275734	0.54248749728117	0.783507992645322	0.585157610687088	0.738862605199365	NA	"prevalence"	80	79
"PWY.5347..superpathway.of.L.methionine.biosynthesis..transsulfuration."	"Termness"	"preterm"	"Termnesspreterm"	-1.0238018752196	0	1.72567346506216	0.552995982922032	0.783507992645322	0.000711933156424698	0.0195069684860367	NA	"prevalence"	80	79
"PWY.5675..nitrate.reduction.V..assimilatory."	"Termness"	"preterm"	"Termnesspreterm"	-1.0238018752196	0	1.72567346506216	0.552995982922032	0.783507992645322	0.00437458530852789	0.0553216788247681	NA	"prevalence"	80	79
"PWY.5747..2.methylcitrate.cycle.II"	"Termness"	"preterm"	"Termnesspreterm"	0.280321414212961	0	0.458475229228812	0.540920858742111	0.783507992645322	0.0762906247022259	0.265814129027363	NA	"prevalence"	80	47
"PWY.6328..L.lysine.degradation.X"	"Termness"	"preterm"	"Termnesspreterm"	0.43231813546425	0	0.677772375864363	0.523570343111065	0.783507992645322	0.330139752089223	0.516904526128269	NA	"prevalence"	80	11
"PWY.6519..8.amino.7.oxononanoate.biosynthesis.I"	"Termness"	"preterm"	"Termnesspreterm"	-1.0238018752196	0	1.72567346506216	0.552995982922032	0.783507992645322	0.0439014118125386	0.191859695439841	NA	"prevalence"	80	79
"PWY.6588..pyruvate.fermentation.to.acetone"	"Termness"	"preterm"	"Termnesspreterm"	-0.358774856731488	0	0.592579385287931	0.544882651566529	0.783507992645322	0.16010067066597	0.360298396627372	NA	"prevalence"	80	66
"PWY.6595..superpathway.of.guanosine.nucleotides.degradation..plants."	"Termness"	"preterm"	"Termnesspreterm"	0.281692088483152	0	0.46549857222865	0.545085575222119	0.783507992645322	0.199116578320373	0.389178670223604	NA	"prevalence"	80	51
"PWY.6606..guanosine.nucleotides.degradation.II"	"Termness"	"preterm"	"Termnesspreterm"	-1.04726336641412	0	1.74780414559225	0.54904748741016	0.783507992645322	0.79664183138891	0.887379390030443	NA	"prevalence"	80	79
"PWY.6607..guanosine.nucleotides.degradation.I"	"Termness"	"preterm"	"Termnesspreterm"	0.281692088483152	0	0.46549857222865	0.545085575222119	0.783507992645322	0.156644128804742	0.360298396627372	NA	"prevalence"	80	51
"PWY.6608..guanosine.nucleotides.degradation.III"	"Termness"	"preterm"	"Termnesspreterm"	-1.04726336641412	0	1.74780414559225	0.54904748741016	0.783507992645322	0.36783603069911	0.55581106109314	NA	"prevalence"	80	79
"PWY.7282..4.amino.2.methyl.5.diphosphomethylpyrimidine.biosynthesis.II"	"Termness"	"preterm"	"Termnesspreterm"	-1.0238018752196	0	1.72567346506216	0.552995982922032	0.783507992645322	0.80018740871616	0.887657287401732	NA	"prevalence"	80	79
"PWY.7761..NAD.salvage.pathway.II..PNC.IV.cycle."	"Termness"	"preterm"	"Termnesspreterm"	-1.0238018752196	0	1.72567346506216	0.552995982922032	0.783507992645322	0.110331443362608	0.317721237977824	NA	"prevalence"	80	79
"PWY.8073..lipid.IVA.biosynthesis..P..putida."	"Termness"	"preterm"	"Termnesspreterm"	-1.0238018752196	0	1.72567346506216	0.552995982922032	0.783507992645322	0.0441137255938322	0.191859695439841	NA	"prevalence"	80	79
"PWY0.1241..ADP.L.glycero..beta..D.manno.heptose.biosynthesis"	"Termness"	"preterm"	"Termnesspreterm"	-1.0238018752196	0	1.72567346506216	0.552995982922032	0.783507992645322	0.0271708438645423	0.148029185809183	NA	"prevalence"	80	79
"PWY0.1261..anhydromuropeptides.recycling.I"	"Termness"	"preterm"	"Termnesspreterm"	-1.0238018752196	0	1.72567346506216	0.552995982922032	0.783507992645322	0.00352327679652271	0.0482688921123611	NA	"prevalence"	80	79
"PWY0.1415..superpathway.of.heme.b.biosynthesis.from.uroporphyrinogen.III"	"Termness"	"preterm"	"Termnesspreterm"	-1.0238018752196	0	1.72567346506216	0.552995982922032	0.783507992645322	0.765232478214816	0.865099929965203	NA	"prevalence"	80	79
"PWY0.1479..tRNA.processing"	"Termness"	"preterm"	"Termnesspreterm"	-1.0238018752196	0	1.72567346506216	0.552995982922032	0.783507992645322	0.226992988391926	0.415564001020408	NA	"prevalence"	80	79
"PWY0.42..2.methylcitrate.cycle.I"	"Termness"	"preterm"	"Termnesspreterm"	0.280321414212961	0	0.458475229228812	0.540920858742111	0.783507992645322	0.0372524735028329	0.180126665996051	NA	"prevalence"	80	47
"PWY0.461..L.lysine.degradation.I"	"Termness"	"preterm"	"Termnesspreterm"	-0.282231507517631	0	0.453135206567071	0.53338854503517	0.783507992645322	0.156593286211487	0.360298396627372	NA	"prevalence"	80	36
"PWY0.881..superpathway.of.fatty.acid.biosynthesis.I..E..coli."	"Termness"	"preterm"	"Termnesspreterm"	0.302968793126334	0	0.499704179317752	0.544318017642279	0.783507992645322	0.060277966956647	0.231534994571793	NA	"prevalence"	80	25
"PWY4FS.7..phosphatidylglycerol.biosynthesis.I..plastidic."	"Termness"	"preterm"	"Termnesspreterm"	-1.0238018752196	0	1.72567346506216	0.552995982922032	0.783507992645322	0.547144022821923	0.710509299778232	NA	"prevalence"	80	79
"PWY4FS.8..phosphatidylglycerol.biosynthesis.II..non.plastidic."	"Termness"	"preterm"	"Termnesspreterm"	-1.0238018752196	0	1.72567346506216	0.552995982922032	0.783507992645322	0.548366687210649	0.710973843670589	NA	"prevalence"	80	79
"THISYNARA.PWY..superpathway.of.thiamine.diphosphate.biosynthesis.III..eukaryotes."	"Termness"	"preterm"	"Termnesspreterm"	-1.08459534942193	0	1.78078177275734	0.54248749728117	0.783507992645322	0.156029495213628	0.360298396627372	NA	"prevalence"	80	79
"P108.PWY..pyruvate.fermentation.to.propanoate.I"	"Read_depth"	"Read_depth"	"Read_depth"	0.171957483808353	0	0.29374640104827	0.558282586246972	0.790166520597712	0.581778513757577	0.736899294772605	NA	"prevalence"	80	72
"CARNMET.PWY..L.carnitine.degradation.I"	"Termness"	"preterm"	"Termnesspreterm"	-0.26501057202257	0	0.453838660686959	0.559266573942622	0.790727740049127	0.490851788089716	0.674223490580588	NA	"prevalence"	80	43
"PWY.6293..superpathway.of.L.cysteine.biosynthesis..fungi."	"Termness"	"preterm"	"Termnesspreterm"	0.409689984813147	0.14211559157611	0.45562547900767	0.560382003411938	0.791473427694091	0.806736017075899	0.89008136435291	NA	"abundance"	80	74
"PWY.5497..purine.nucleobases.degradation.II..anaerobic."	"Read_depth"	"Read_depth"	"Read_depth"	-0.283043072781603	0.0310501529105919	0.53730727738202	0.561800909686122	0.791815732395309	0.80798155724809	0.89008136435291	NA	"abundance"	80	51
"PWY.7198..pyrimidine.deoxyribonucleotides.de.novo.biosynthesis.IV"	"Read_depth"	"Read_depth"	"Read_depth"	-0.0917574506515881	0.0310501529105919	0.208914705976225	0.561680177261683	0.791815732395309	0.198314707544111	0.389178670223604	NA	"abundance"	80	76
"PWY.6147..6.hydroxymethyl.dihydropterin.diphosphate.biosynthesis.I"	"Read_depth"	"Read_depth"	"Read_depth"	0.101846265696126	0.0310501529105919	0.118097606744382	0.562404266609633	0.791836969515236	0.562404266609633	0.726880986089809	NA	"abundance"	80	80
"PWY0.461..L.lysine.degradation.I"	"Read_depth"	"Read_depth"	"Read_depth"	0.340268249056886	0.0310501529105919	0.531480886883951	0.565003989357972	0.792182676745656	0.810778470725521	0.89008136435291	NA	"abundance"	80	36
"PWY.5747..2.methylcitrate.cycle.II"	"Read_depth"	"Read_depth"	"Read_depth"	-0.13588125513227	0	0.236055668578859	0.564863779217788	0.792182676745656	0.810656469363374	0.89008136435291	NA	"prevalence"	80	47
"PWY0.42..2.methylcitrate.cycle.I"	"Read_depth"	"Read_depth"	"Read_depth"	-0.13588125513227	0	0.236055668578859	0.564863779217788	0.792182676745656	0.810656469363374	0.89008136435291	NA	"prevalence"	80	47
"TCA..TCA.cycle.I..prokaryotic."	"Termness"	"preterm"	"Termnesspreterm"	0.630458823710202	0	1.09074399024297	0.563258673921874	0.792182676745656	0.592182239962568	0.740903807076454	NA	"prevalence"	80	77
"PWY66.429..fatty.acid.biosynthesis.initiation..mitochondria."	"Termness"	"preterm"	"Termnesspreterm"	0.0718842183540447	0.14211559157611	0.11087341941544	0.567891841298998	0.795403140882883	0.567891841298998	0.730527532938616	NA	"abundance"	80	80
"RUMP.PWY..formaldehyde.oxidation.I"	"Read_depth"	"Read_depth"	"Read_depth"	0.137016043206272	0	0.240761867195641	0.5692926060066	0.796536224204661	0.814491140759414	0.892682290272318	NA	"prevalence"	80	59
"PWY.6185..4.methylcatechol.degradation..ortho.cleavage."	"Read_depth"	"Read_depth"	"Read_depth"	0.305298404224881	0.0310501529105919	0.481116056644034	0.571834990252188	0.799262613581978	0.0787789967734415	0.270301923136019	NA	"abundance"	80	51
"PWY.8004..Entner.Doudoroff.pathway.I"	"Termness"	"preterm"	"Termnesspreterm"	0.00688368501428982	0.14211559157611	0.233351414226608	0.573907012451494	0.799806743403143	0.705064415587068	0.821841489376738	NA	"abundance"	80	79
"PWY.7196..superpathway.of.pyrimidine.ribonucleosides.salvage"	"Termness"	"preterm"	"Termnesspreterm"	0.381940105995123	0	0.677705944240746	0.573041417507507	0.799806743403143	0.730703758605418	0.844779872818078	NA	"prevalence"	80	12
"PWY.7807..glyphosate.degradation.III"	"Termness"	"preterm"	"Termnesspreterm"	-0.253546338458329	0	0.451722250008187	0.5746011299189	0.799806743403143	0.667172822868585	0.797990680524194	NA	"prevalence"	80	36
"PWY0.1533..methylphosphonate.degradation.I"	"Termness"	"preterm"	"Termnesspreterm"	-0.253546338458329	0	0.451722250008187	0.5746011299189	0.799806743403143	0.662979356553236	0.797990680524194	NA	"prevalence"	80	36
"PWY.7184..pyrimidine.deoxyribonucleotides.de.novo.biosynthesis.I"	"Termness"	"preterm"	"Termnesspreterm"	0.262606121187297	0.14211559157611	0.20875466190071	0.575741624131799	0.800566349257646	0.539186785387288	0.708005651099602	NA	"abundance"	80	78
"PWY.6895..superpathway.of.thiamine.diphosphate.biosynthesis.II"	"Read_depth"	"Read_depth"	"Read_depth"	0.116946929375218	0.0310501529105919	0.151867054821165	0.580031330421875	0.80403931075988	0.82362631657278	0.899098050760724	NA	"abundance"	80	78
"PWY.7282..4.amino.2.methyl.5.diphosphomethylpyrimidine.biosynthesis.II"	"Read_depth"	"Read_depth"	"Read_depth"	-0.00420023930308812	0.0310501529105919	0.0552018432361051	0.580021585340347	0.80403931075988	0.823618131219964	0.899098050760724	NA	"abundance"	80	79
"PWY.5028..L.histidine.degradation.II"	"Termness"	"preterm"	"Termnesspreterm"	0.252868277922711	0	0.455742500130489	0.578997936892993	0.80403931075988	0.328735667241407	0.515688394031368	NA	"prevalence"	80	41
"GLYOXYLATE.BYPASS..glyoxylate.cycle"	"Read_depth"	"Read_depth"	"Read_depth"	0.14560260480666	0.0310501529105919	0.206808272815261	0.584621928369715	0.809168760795973	0.160424833534815	0.360298396627372	NA	"abundance"	80	76
"PWY.7220..adenosine.deoxyribonucleotides.de.novo.biosynthesis.II"	"Read_depth"	"Read_depth"	"Read_depth"	-0.0306335918244864	0.0310501529105919	0.109622042022229	0.588311860763083	0.809168760795973	0.588311860763083	0.740481466148202	NA	"abundance"	80	80
"PWY.7222..guanosine.deoxyribonucleotides.de.novo.biosynthesis.II"	"Read_depth"	"Read_depth"	"Read_depth"	-0.0306335918244864	0.0310501529105919	0.109622042022229	0.589142188395285	0.809168760795973	0.589142188395285	0.740481466148202	NA	"abundance"	80	80
"DTDPRHAMSYN.PWY..dTDP..beta..L.rhamnose.biosynthesis"	"Read_depth"	"Read_depth"	"Read_depth"	0.346193445742683	0	0.640914356142682	0.589089764920148	0.809168760795973	0.254846722241998	0.442883732944868	NA	"prevalence"	80	79
"HSERMETANA.PWY..L.methionine.biosynthesis.III"	"Read_depth"	"Read_depth"	"Read_depth"	0.346193445742683	0	0.640914356142682	0.589089764920148	0.809168760795973	0.532779914103595	0.706363047408314	NA	"prevalence"	80	79
"OANTIGEN.PWY..O.antigen.building.blocks.biosynthesis..E..coli."	"Read_depth"	"Read_depth"	"Read_depth"	0.346193445742683	0	0.640914356142682	0.589089764920148	0.809168760795973	0.233221969437356	0.422265327924023	NA	"prevalence"	80	79
"P562.PWY..myo.inositol.degradation.I"	"Read_depth"	"Read_depth"	"Read_depth"	0.126395332686078	0	0.23198151107206	0.585856075102151	0.809168760795973	0.727750487924073	0.842550564892377	NA	"prevalence"	80	47
"PWY.5345..superpathway.of.L.methionine.biosynthesis..by.sulfhydrylation."	"Read_depth"	"Read_depth"	"Read_depth"	0.346193445742683	0	0.640914356142682	0.589089764920148	0.809168760795973	0.0863194814511796	0.288496666874946	NA	"prevalence"	80	79
"THISYNARA.PWY..superpathway.of.thiamine.diphosphate.biosynthesis.III..eukaryotes."	"Read_depth"	"Read_depth"	"Read_depth"	0.346193445742683	0	0.640914356142682	0.589089764920148	0.809168760795973	0.54965180263072	0.711517766555042	NA	"prevalence"	80	79
"COLANSYN.PWY..colanic.acid.building.blocks.biosynthesis"	"Termness"	"preterm"	"Termnesspreterm"	-0.288083253202194	0	0.535322005220829	0.590473861908712	0.810171068429282	0.0666227309908848	0.240192477519769	NA	"prevalence"	80	60
"PWY.6703..preQ0.biosynthesis"	"Termness"	"preterm"	"Termnesspreterm"	0.0536856486675478	0.14211559157611	0.155875889049863	0.591981464273126	0.811412475470089	0.591981464273126	0.740903807076454	NA	"abundance"	80	80
"GLYCOGENSYNTH.PWY..glycogen.biosynthesis.I..from.ADP.D.Glucose."	"Termness"	"preterm"	"Termnesspreterm"	0.0712068968148157	0.14211559157611	0.123944328996925	0.599244764859203	0.819698631606187	0.599244764859203	0.746332116233735	NA	"abundance"	80	80
"HEMESYN2.PWY..heme.b.biosynthesis.II..oxygen.independent."	"Read_depth"	"Read_depth"	"Read_depth"	0.0801130209057181	0.0310501529105919	0.0878106252665573	0.598971279161125	0.819698631606187	0.598971279161125	0.746332116233735	NA	"abundance"	80	80
"GLYCOL.GLYOXDEG.PWY..superpathway.of.glycol.metabolism.and.degradation"	"Read_depth"	"Read_depth"	"Read_depth"	-0.181306776421761	0.0310501529105919	0.402360260209115	0.599957994217383	0.819841076362028	0.83996639360942	0.913956645196824	NA	"abundance"	80	67
"PWY5F9.12..biphenyl.degradation"	"Read_depth"	"Read_depth"	"Read_depth"	0.248619242101069	0	0.475035890206386	0.60071722417007	0.820046028126688	0.840573264925546	0.913956645196824	NA	"prevalence"	80	15
"PWY.5845..superpathway.of.menaquinol.9.biosynthesis"	"Read_depth"	"Read_depth"	"Read_depth"	0.106968206079759	0.0310501529105919	0.142424000760164	0.603042280679407	0.822385926843447	0.171686123023125	0.369453246519647	NA	"abundance"	80	77
"DENOVOPURINE2.PWY..superpathway.of.purine.nucleotides.de.novo.biosynthesis.II"	"Read_depth"	"Read_depth"	"Read_depth"	0.0833557953059163	0.0310501529105919	0.0962992939415385	0.606344695102824	0.823704231635476	0.845035500926311	0.916833684898237	NA	"abundance"	80	78
"GLYCOCAT.PWY..glycogen.degradation.I"	"Termness"	"preterm"	"Termnesspreterm"	0.2510603703301	0.14211559157611	0.204886283845245	0.606081863531763	0.823704231635476	0.428341140398903	0.612289937336563	NA	"abundance"	80	78
"PWY5F9.12..biphenyl.degradation"	"Termness"	"preterm"	"Termnesspreterm"	-1.76348317065152	0.14211559157611	3.60971842121218	0.607070111261176	0.823704231635476	0.0168887669544962	0.110103168593869	NA	"abundance"	80	15
"KETOGLUCONMET.PWY..ketogluconate.metabolism"	"Termness"	"preterm"	"Termnesspreterm"	0.319611148504076	0	0.62255767180247	0.607682734680134	0.823704231635476	0.54675620653022	0.710509299778232	NA	"prevalence"	80	68
"PWY.6731..starch.degradation.III"	"Termness"	"preterm"	"Termnesspreterm"	0.317599564166793	0	0.617243621485439	0.606871069404358	0.823704231635476	0.763982607192721	0.865099929965203	NA	"prevalence"	80	68
"PWY.7254..TCA.cycle.VII..acetate.producers."	"Read_depth"	"Read_depth"	"Read_depth"	0.118818702172091	0	0.231460556497912	0.607711271892432	0.823704231635476	0.846109553799747	0.916833684898237	NA	"prevalence"	80	50
"PWY.7883..anhydromuropeptides.recycling.II"	"Read_depth"	"Read_depth"	"Read_depth"	0.321232289768576	0	0.626780035469547	0.608292723808071	0.823704231635476	0.8465654097783	0.916833684898237	NA	"prevalence"	80	78
"PWY0.461..L.lysine.degradation.I"	"Read_depth"	"Read_depth"	"Read_depth"	-0.117136757624865	0	0.230091270019893	0.610690380790309	0.82611985180277	0.810778470725521	0.89008136435291	NA	"prevalence"	80	36
"HISTSYN.PWY..L.histidine.biosynthesis"	"Read_depth"	"Read_depth"	"Read_depth"	-0.00155235615808986	0.0310501529105919	0.055718583615704	0.613087405081619	0.82769874347027	0.613087405081619	0.759083826616195	NA	"abundance"	80	80
"KDO.NAGLIPASYN.PWY..superpathway.of..Kdo.2.lipid.A.biosynthesis"	"Termness"	"preterm"	"Termnesspreterm"	-0.234192013015157	0	0.462554595498095	0.612645120204114	0.82769874347027	0.0520380471435789	0.211758785901098	NA	"prevalence"	80	48
"PWY.821..superpathway.of.sulfur.amino.acid.biosynthesis..Saccharomyces.cerevisiae."	"Termness"	"preterm"	"Termnesspreterm"	0.311712108570138	0.14211559157611	0.33627167168767	0.618359190439917	0.833484115911396	0.739591416184574	0.85265658359568	NA	"abundance"	80	77
"PWY.5692..allantoin.degradation.to.glyoxylate.II"	"Termness"	"preterm"	"Termnesspreterm"	-0.228793634394188	0.14211559157611	0.739843482915109	0.620495389948926	0.833743650986903	0.855976250949982	0.923512394203386	NA	"abundance"	80	29
"PWY.6284..superpathway.of.unsaturated.fatty.acids.biosynthesis..E..coli."	"Termness"	"preterm"	"Termnesspreterm"	-0.05528558337494	0.14211559157611	0.394226909895604	0.620574462430488	0.833743650986903	0.856036261440087	0.923512394203386	NA	"abundance"	80	72
"URDEGR.PWY..superpathway.of.allantoin.degradation.in.plants"	"Termness"	"preterm"	"Termnesspreterm"	-0.228793634394188	0.14211559157611	0.739843482915109	0.620662064107635	0.833743650986903	0.85610273039292	0.923512394203386	NA	"abundance"	80	29
"PWY0.1277..3.phenylpropanoate.and.3..3.hydroxyphenyl.propanoate.degradation"	"Termness"	"preterm"	"Termnesspreterm"	0.370624880023174	0.14211559157611	0.459729073676722	0.622625477864679	0.835547251451503	0.108045962858391	0.317721237977824	NA	"abundance"	80	54
"PWY.7873..D.erythronate.degradation.II"	"Read_depth"	"Read_depth"	"Read_depth"	-0.115683746139641	0	0.237049948080006	0.625539766965169	0.838622038182388	0.0419973351293028	0.190728229150756	NA	"prevalence"	80	25
"P23.PWY..reductive.TCA.cycle.I"	"Termness"	"preterm"	"Termnesspreterm"	-0.230657667137684	0	0.473904108064611	0.626458176330058	0.839017617253988	0.0416241623542271	0.19008367475097	NA	"prevalence"	80	52
"PWY.6317..D.galactose.degradation.I..Leloir.pathway."	"Termness"	"preterm"	"Termnesspreterm"	0.0901984660645456	0.14211559157611	0.0934975653471775	0.629153261786159	0.841064886331023	0.629153261786159	0.774197576629075	NA	"abundance"	80	80
"DARABCATK12.PWY..D.arabinose.degradation.I"	"Read_depth"	"Read_depth"	"Read_depth"	0.123897464423458	0	0.256621821656947	0.62923650857009	0.841064886331023	0.862534433422703	0.92680170493263	NA	"prevalence"	80	64
"PWY.3801..sucrose.degradation.II..sucrose.synthase."	"Read_depth"	"Read_depth"	"Read_depth"	0.204874626994781	0.0310501529105919	0.358709406560323	0.631116251204654	0.842740549723675	0.764896870424226	0.865099929965203	NA	"abundance"	80	46
"PWY.7446..sulfoquinovose.degradation.I"	"Termness"	"preterm"	"Termnesspreterm"	-0.320015720410472	0.14211559157611	0.959383110175267	0.632713912653561	0.843200917259103	0.0446201339979139	0.192439579510499	NA	"abundance"	80	41
"PWY.5656..mannosylglycerate.biosynthesis.I"	"Termness"	"preterm"	"Termnesspreterm"	-0.216004005481654	0	0.451361682144648	0.63225111456045	0.843200917259103	0.13232152702368	0.3475025406181	NA	"prevalence"	80	39
"PWY.5850..superpathway.of.menaquinol.6.biosynthesis"	"Read_depth"	"Read_depth"	"Read_depth"	0.0739076033948324	0.0310501529105919	0.0854965431307726	0.637454128250309	0.843945337530859	0.196345345661309	0.389178670223604	NA	"abundance"	80	75
"PWY.5896..superpathway.of.menaquinol.10.biosynthesis"	"Read_depth"	"Read_depth"	"Read_depth"	0.0739076033948324	0.0310501529105919	0.0854965431307726	0.637289686322997	0.843945337530859	0.196345345661309	0.389178670223604	NA	"abundance"	80	75
"PWY.5918..superpathway.of.heme.b.biosynthesis.from.glutamate"	"Read_depth"	"Read_depth"	"Read_depth"	-0.0191388370336027	0.0310501529105919	0.101257081512919	0.636198988465213	0.843945337530859	0.636198988465213	0.77863002659809	NA	"abundance"	80	80
"PWY.6215..4.chlorobenzoate.degradation"	"Read_depth"	"Read_depth"	"Read_depth"	-0.570734523556386	0.0310501529105919	1.23481823452675	0.637661521745084	0.843945337530859	0.51119319699774	0.687726363227728	NA	"abundance"	80	12
"PWY.6527..stachyose.degradation"	"Termness"	"preterm"	"Termnesspreterm"	0.219510401052513	0.14211559157611	0.154690324095539	0.636544255321066	0.843945337530859	0.636544255321066	0.77863002659809	NA	"abundance"	80	80
"PWY.7013...S..propane.1.2.diol.degradation"	"Read_depth"	"Read_depth"	"Read_depth"	0.230085909677988	0.0310501529105919	0.417567086356994	0.635731155591496	0.843945337530859	0.867308208993293	0.930714553253899	NA	"abundance"	80	70
"PWY.241..C4.photosynthetic.carbon.assimilation.cycle..NADP.ME.type"	"Read_depth"	"Read_depth"	"Read_depth"	0.31287991746152	0	0.663654317664676	0.637319321230314	0.843945337530859	0.796698284479887	0.887379390030443	NA	"prevalence"	80	79
"ILEUSYN.PWY..L.isoleucine.biosynthesis.I..from.threonine."	"Read_depth"	"Read_depth"	"Read_depth"	0.00191371917613391	0.0310501529105919	0.0531678162284934	0.638972297695494	0.844245326008675	0.638972297695494	0.780438675639964	NA	"abundance"	80	80
"PWY.5656..mannosylglycerate.biosynthesis.I"	"Read_depth"	"Read_depth"	"Read_depth"	-0.107869555867758	0	0.230049146390045	0.639142635366151	0.844245326008675	0.869781962389513	0.930792913291927	NA	"prevalence"	80	39
"DARABCATK12.PWY..D.arabinose.degradation.I"	"Read_depth"	"Read_depth"	"Read_depth"	-0.160586210000957	0.0310501529105919	0.409212558379996	0.641887797281903	0.845308061574048	0.862534433422703	0.92680170493263	NA	"abundance"	80	64
"PWY.724..superpathway.of.L.lysine..L.threonine.and.L.methionine.biosynthesis.II"	"Termness"	"preterm"	"Termnesspreterm"	0.093251333944907	0.14211559157611	0.0907108590154961	0.64245924739246	0.845308061574048	0.64245924739246	0.78353338480208	NA	"abundance"	80	80
"PWY.8004..Entner.Doudoroff.pathway.I"	"Read_depth"	"Read_depth"	"Read_depth"	0.0868962705763987	0.0310501529105919	0.115623834082134	0.641463632367204	0.845308061574048	0.871451673084681	0.930792913291927	NA	"abundance"	80	79
"GALACT.GLUCUROCAT.PWY..superpathway.of.hexuronide.and.hexuronate.degradation"	"Read_depth"	"Read_depth"	"Read_depth"	-0.109312141275837	0	0.234886288942668	0.641657036971315	0.845308061574048	0.871590320847823	0.930792913291927	NA	"prevalence"	80	47
"THRESYN.PWY..superpathway.of.L.threonine.biosynthesis"	"Termness"	"preterm"	"Termnesspreterm"	0.088731416289439	0.14211559157611	0.102255972841226	0.643583403255333	0.845960215607108	0.643583403255333	0.783741566630939	NA	"abundance"	80	80
"DHGLUCONATE.PYR.CAT.PWY..glucose.degradation..oxidative."	"Read_depth"	"Read_depth"	"Read_depth"	0.180464435893014	0	0.393086854268983	0.646165533247521	0.84804361099027	0.874801170137989	0.932667395400035	NA	"prevalence"	80	12
"TCA..TCA.cycle.I..prokaryotic."	"Read_depth"	"Read_depth"	"Read_depth"	-0.241991860806297	0	0.527526364911459	0.646428488020815	0.84804361099027	0.177028310269809	0.373121207799443	NA	"prevalence"	80	77
"THREOCAT.PWY..superpathway.of.L.threonine.metabolism"	"Termness"	"preterm"	"Termnesspreterm"	-0.190617344638908	0.14211559157611	0.72555377087961	0.648807315287327	0.84868284390354	0.139995378035421	0.351914986988122	NA	"abundance"	80	51
"GLYCOL.GLYOXDEG.PWY..superpathway.of.glycol.metabolism.and.degradation"	"Read_depth"	"Read_depth"	"Read_depth"	0.125967521750391	0	0.276130126751907	0.648254086873563	0.84868284390354	0.83996639360942	0.913956645196824	NA	"prevalence"	80	67
"PWY.7013...S..propane.1.2.diol.degradation"	"Read_depth"	"Read_depth"	"Read_depth"	0.140563381228149	0	0.308306960807018	0.648447339866335	0.84868284390354	0.867308208993293	0.930714553253899	NA	"prevalence"	80	70
"LIPASYN.PWY..phospholipases"	"Termness"	"preterm"	"Termnesspreterm"	-0.222786216913164	0	0.497381964799416	0.654212548453476	0.854568522134919	0.112339813390819	0.320280396895028	NA	"prevalence"	80	57
"PWY.5910..superpathway.of.geranylgeranyldiphosphate.biosynthesis.I..via.mevalonate."	"Read_depth"	"Read_depth"	"Read_depth"	0.163000029531318	0	0.364316411433205	0.654576631739303	0.854568522134919	0.0253753328817168	0.141894718563069	NA	"prevalence"	80	71
"PWY.7039..phosphatidate.metabolism..as.a.signaling.molecule"	"Termness"	"preterm"	"Termnesspreterm"	0.297961584765876	0	0.667590415407774	0.655363265401577	0.854766429486941	0.199323868812819	0.389178670223604	NA	"prevalence"	80	13
"PWY0.845..superpathway.of.pyridoxal.5..phosphate.biosynthesis.and.salvage"	"Termness"	"preterm"	"Termnesspreterm"	0.213175307653887	0.14211559157611	0.151101532367326	0.656242141801405	0.8550841460452	0.289171863354473	0.477307774452564	NA	"abundance"	80	75
"PWY.821..superpathway.of.sulfur.amino.acid.biosynthesis..Saccharomyces.cerevisiae."	"Read_depth"	"Read_depth"	"Read_depth"	0.106739566925761	0.0310501529105919	0.167485783196496	0.657291767810357	0.855623519799556	0.58027083725747	0.736899294772605	NA	"abundance"	80	77
"PWY0.166..superpathway.of.pyrimidine.deoxyribonucleotides.de.novo.biosynthesis..E..coli."	"Termness"	"preterm"	"Termnesspreterm"	0.506121792432156	0	1.14432692290999	0.658280986419776	0.856083292484075	0.0466274505135198	0.197565795474811	NA	"prevalence"	80	77
"ANAEROFRUCAT.PWY..homolactic.fermentation"	"Termness"	"preterm"	"Termnesspreterm"	0.0905806684992376	0.14211559157611	0.104756287677817	0.659818675175547	0.857235521624238	0.659818675175547	0.797990680524194	NA	"abundance"	80	80
"NAD.BIOSYNTHESIS.II..NAD.salvage.pathway.III..to.nicotinamide.riboside."	"Termness"	"preterm"	"Termnesspreterm"	0.503243735007598	0	1.14554587938551	0.660440739914068	0.857235521624238	0.180181494567567	0.377829562588112	NA	"prevalence"	80	77
"PWY.7456...beta...1.4..mannan.degradation"	"Read_depth"	"Read_depth"	"Read_depth"	0.305055122747069	0.0310501529105919	0.603662620680733	0.663692166591421	0.859797551715162	0.429702660327074	0.612289937336563	NA	"abundance"	80	10
"PWY.5484..glycolysis.II..from.fructose.6.phosphate."	"Read_depth"	"Read_depth"	"Read_depth"	0.0093934443668101	0.0310501529105919	0.0388463608847735	0.665125880507789	0.860826379964889	0.665125880507789	0.797990680524194	NA	"abundance"	80	80
"PWY.7211..superpathway.of.pyrimidine.deoxyribonucleotides.de.novo.biosynthesis"	"Read_depth"	"Read_depth"	"Read_depth"	0.168343769713575	0.0310501529105919	0.316081172370543	0.66640608749759	0.861654749060284	0.10952130199306	0.317721237977824	NA	"abundance"	80	70
"GLYCOLYSIS..glycolysis.I..from.glucose.6.phosphate."	"Read_depth"	"Read_depth"	"Read_depth"	0.0106629861457655	0.0310501529105919	0.0355857310578494	0.667548450085639	0.862257886511232	0.667548450085639	0.797990680524194	NA	"abundance"	80	80
"PWY0.1298..superpathway.of.pyrimidine.deoxyribonucleosides.degradation"	"Termness"	"preterm"	"Termnesspreterm"	0.202554999165404	0.14211559157611	0.130949944011503	0.668153770899863	0.862257886511232	0.668153770899863	0.797990680524194	NA	"abundance"	80	80
"PWY.5723..Rubisco.shunt"	"Read_depth"	"Read_depth"	"Read_depth"	0.0777587752078792	0.0310501529105919	0.104874018707696	0.668868691321153	0.862353695898728	0.160424833534815	0.360298396627372	NA	"abundance"	80	76
"PWY.7094..fatty.acid.salvage"	"Read_depth"	"Read_depth"	"Read_depth"	0.119513269839864	0.0310501529105919	0.204863288282986	0.670117893153478	0.86313749682735	0.692306981133023	0.810650054830976	NA	"abundance"	80	72
"PWY.622..starch.biosynthesis"	"Read_depth"	"Read_depth"	"Read_depth"	-0.0709116251798841	0.0310501529105919	0.238366291362048	0.672074194339155	0.864829699407747	0.546092017378527	0.710509299778232	NA	"abundance"	80	65
"PWY0.1337..oleate..beta..oxidation"	"Read_depth"	"Read_depth"	"Read_depth"	0.115605368166084	0.0310501529105919	0.197381323848859	0.672730938014544	0.86484798717056	0.692306981133023	0.810650054830976	NA	"abundance"	80	72
"CARNMET.PWY..L.carnitine.degradation.I"	"Read_depth"	"Read_depth"	"Read_depth"	-0.097328605944283	0	0.232830445578842	0.67592990989516	0.867938074196811	0.894978576699441	0.949254696834762	NA	"prevalence"	80	43
"HISDEG.PWY..L.histidine.degradation.I"	"Read_depth"	"Read_depth"	"Read_depth"	0.147787387880099	0	0.354111113173008	0.676424249504052	0.867938074196811	0.207405425162042	0.395425557987138	NA	"prevalence"	80	76
"PWY.2221..Entner.Doudoroff.pathway.III..semi.phosphorylative."	"Termness"	"preterm"	"Termnesspreterm"	0.749696667436326	0.14211559157611	1.4086606348956	0.679103948100219	0.868891553367771	0.495316405675707	0.677271855621722	NA	"abundance"	80	10
"PWY.7400..L.arginine.biosynthesis.IV..archaebacteria."	"Termness"	"preterm"	"Termnesspreterm"	0.0961848608681079	0.14211559157611	0.0972159709063967	0.677829068795963	0.868891553367771	0.677829068795963	0.799390953443733	NA	"abundance"	80	80
"THREOCAT.PWY..superpathway.of.L.threonine.metabolism"	"Read_depth"	"Read_depth"	"Read_depth"	0.237378048088218	0.0310501529105919	0.494792590688033	0.67882451396541	0.868891553367771	0.15050487433961	0.360298396627372	NA	"abundance"	80	51
"GLUCOSE1PMETAB.PWY..glucose.and.glucose.1.phosphate.degradation"	"Read_depth"	"Read_depth"	"Read_depth"	-0.00609839620051983	0.0310501529105919	0.086892253485617	0.687121535842501	0.877481581825433	0.902107066666444	0.955582485566775	NA	"abundance"	80	79
"PWY.7723..bacterial.bioluminescence"	"Read_depth"	"Read_depth"	"Read_depth"	0.104425187529983	0	0.258808548147477	0.686591977527468	0.877481581825433	0.582035011948564	0.736899294772605	NA	"prevalence"	80	19
"GALACTUROCAT.PWY..D.galacturonate.degradation.I"	"Read_depth"	"Read_depth"	"Read_depth"	-0.0754019346146351	0.0310501529105919	0.266131380650989	0.691855677079643	0.88268980222673	0.163932832411708	0.362721107937258	NA	"abundance"	80	74
"LIPASYN.PWY..phospholipases"	"Read_depth"	"Read_depth"	"Read_depth"	0.0882271007950673	0.0310501529105919	0.141763628345536	0.694403019254042	0.883427659655898	0.766171227511761	0.865099929965203	NA	"abundance"	80	57
"PWY.6606..guanosine.nucleotides.degradation.II"	"Read_depth"	"Read_depth"	"Read_depth"	0.272749675152457	0	0.693679191789853	0.694177074963456	0.883427659655898	0.666678527908478	0.797990680524194	NA	"prevalence"	80	79
"PWY.6608..guanosine.nucleotides.degradation.III"	"Read_depth"	"Read_depth"	"Read_depth"	0.272749675152457	0	0.693679191789853	0.694177074963456	0.883427659655898	0.0911691815396771	0.291060092858262	NA	"prevalence"	80	79
"KDO.NAGLIPASYN.PWY..superpathway.of..Kdo.2.lipid.A.biosynthesis"	"Read_depth"	"Read_depth"	"Read_depth"	-0.0935476989409254	0	0.239131679353867	0.695651306128525	0.884180035929173	0.907371872538727	0.959922367087302	NA	"prevalence"	80	48
"PWY.5030..L.histidine.degradation.III"	"Read_depth"	"Read_depth"	"Read_depth"	0.263600481496315	0.0310501529105919	0.590670189156513	0.698016691285464	0.885514106003991	0.597607780221118	0.746332116233735	NA	"abundance"	80	23
"PWY.5505..L.glutamate.and.L.glutamine.biosynthesis"	"Termness"	"preterm"	"Termnesspreterm"	0.185669683330467	0	0.477889845933147	0.697631379632743	0.885514106003991	0.0104174710951384	0.0824370898670399	NA	"prevalence"	80	54
"PWY.7392..taxadiene.biosynthesis..engineered."	"Read_depth"	"Read_depth"	"Read_depth"	0.164217239160922	0	0.424599191645474	0.698935190136199	0.885844412357178	0.909359980261673	0.960789079402436	NA	"prevalence"	80	71
"BRANCHED.CHAIN.AA.SYN.PWY..superpathway.of.branched.chain.amino.acid.biosynthesis"	"Read_depth"	"Read_depth"	"Read_depth"	0.00872912170999159	0.0310501529105919	0.0506935173701635	0.70686366543717	0.889194853905075	0.70686366543717	0.821841489376738	NA	"abundance"	80	80
"HEME.BIOSYNTHESIS.II..heme.b.biosynthesis.I..aerobic."	"Read_depth"	"Read_depth"	"Read_depth"	0.0668299985575049	0.0310501529105919	0.0898079286033164	0.706500167964117	0.889194853905075	0.706500167964117	0.821841489376738	NA	"abundance"	80	80
"PWY.6285..superpathway.of.fatty.acids.biosynthesis..E..coli."	"Termness"	"preterm"	"Termnesspreterm"	0.0148172120902586	0.14211559157611	0.330733228196706	0.70551107165333	0.889194853905075	0.91327627108123	0.962896768340567	NA	"abundance"	80	72
"PWY.7385..1.3.propanediol.biosynthesis..engineered."	"Read_depth"	"Read_depth"	"Read_depth"	-0.218163318466063	0.0310501529105919	0.655603787568438	0.706227406637139	0.889194853905075	0.913697663388859	0.962896768340567	NA	"abundance"	80	39
"PWY66.399..gluconeogenesis.III"	"Termness"	"preterm"	"Termnesspreterm"	-0.316580980888695	0.14211559157611	1.18777868758326	0.702726424725334	0.889194853905075	0.000890759959957432	0.0215354319730885	NA	"abundance"	80	27
"PWY.6588..pyruvate.fermentation.to.acetone"	"Read_depth"	"Read_depth"	"Read_depth"	0.108863979738225	0	0.288292895625655	0.705715955180892	0.889194853905075	0.0047561763570355	0.0574937789041645	NA	"prevalence"	80	66
"PWY.7200..superpathway.of.pyrimidine.deoxyribonucleoside.salvage"	"Read_depth"	"Read_depth"	"Read_depth"	0.0915080878086745	0	0.239947604305013	0.702930975818547	0.889194853905075	0.676050314106383	0.799390953443733	NA	"prevalence"	80	59
"PWY.7409..phospholipid.remodeling..phosphatidylethanolamine..yeast."	"Termness"	"preterm"	"Termnesspreterm"	0.172797638552319	0	0.455316647231689	0.704308498596642	0.889194853905075	0.764997622811232	0.865099929965203	NA	"prevalence"	80	34
"PWY.6630..superpathway.of.L.tyrosine.biosynthesis"	"Read_depth"	"Read_depth"	"Read_depth"	-0.00196426562591172	0.0310501529105919	0.0824593767846924	0.709216752216711	0.890922756587333	0.709216752216711	0.823412669946521	NA	"abundance"	80	80
"PWY.6549..L.glutamine.biosynthesis.III"	"Read_depth"	"Read_depth"	"Read_depth"	-0.10969948040879	0	0.294538219364609	0.709561066167623	0.890922756587333	0.260252225256737	0.449427162103021	NA	"prevalence"	80	64
"PWY.6892..thiazole.component.of.thiamine.diphosphate.biosynthesis.I"	"Read_depth"	"Read_depth"	"Read_depth"	0.0913987008671578	0.0310501529105919	0.163477372676634	0.717152709792021	0.899615607996329	0.919997410422003	0.968294329535066	NA	"abundance"	80	78
"PWY.7392..taxadiene.biosynthesis..engineered."	"Read_depth"	"Read_depth"	"Read_depth"	0.129649363056213	0.0310501529105919	0.27297385153825	0.720381999301155	0.901553131251208	0.909359980261673	0.960789079402436	NA	"abundance"	80	71
"PWY.8187..L.arginine.degradation.XIII..reductive.Stickland.reaction."	"Termness"	"preterm"	"Termnesspreterm"	0.0379673165115249	0.14211559157611	0.285203779178037	0.719467777268695	0.901553131251208	0.719467777268695	0.834136125408839	NA	"abundance"	80	80
"PWY.6353..purine.nucleotides.degradation.II..aerobic."	"Termness"	"preterm"	"Termnesspreterm"	0.167160174914919	0	0.468735002603457	0.721376465347364	0.901553131251208	0.159773766821017	0.360298396627372	NA	"prevalence"	80	52
"SALVADEHYPOX.PWY..adenosine.nucleotides.degradation.II"	"Termness"	"preterm"	"Termnesspreterm"	0.167160174914919	0	0.468735002603457	0.721376465347364	0.901553131251208	0.165131620700891	0.363909362509739	NA	"prevalence"	80	52
"FAO.PWY..fatty.acid..beta..oxidation.I..generic."	"Read_depth"	"Read_depth"	"Read_depth"	-0.0120921487681682	0.0310501529105919	0.119232993923739	0.726149989967013	0.903771997166265	0.196345345661309	0.389178670223604	NA	"abundance"	80	75
"PWY.6992..1.5.anhydrofructose.degradation"	"Termness"	"preterm"	"Termnesspreterm"	0.540021869184903	0.14211559157611	1.12427707327595	0.726509138881054	0.903771997166265	0.672196515236473	0.797990680524194	NA	"abundance"	80	26
"PWY.5367..petroselinate.biosynthesis"	"Termness"	"preterm"	"Termnesspreterm"	0.255460610863165	0	0.72668215666827	0.725180414720018	0.903771997166265	0.758008844374417	0.862972836530638	NA	"prevalence"	80	72
"PWY.6284..superpathway.of.unsaturated.fatty.acids.biosynthesis..E..coli."	"Termness"	"preterm"	"Termnesspreterm"	0.255460610863165	0	0.72668215666827	0.725180414720018	0.903771997166265	0.856036261440087	0.923512394203386	NA	"prevalence"	80	72
"PWY.6285..superpathway.of.fatty.acids.biosynthesis..E..coli."	"Termness"	"preterm"	"Termnesspreterm"	0.255460610863165	0	0.72668215666827	0.725180414720018	0.903771997166265	0.91327627108123	0.962896768340567	NA	"prevalence"	80	72
"GLUCARDEG.PWY..D.glucarate.degradation.I"	"Read_depth"	"Read_depth"	"Read_depth"	0.0961364096116725	0.0310501529105919	0.184292444281061	0.72801001470351	0.903927712962817	0.160424833534815	0.360298396627372	NA	"abundance"	80	76
"PWY.5392..reductive.TCA.cycle.II"	"Read_depth"	"Read_depth"	"Read_depth"	0.139230812007037	0.0310501529105919	0.307281671102571	0.727747461417911	0.903927712962817	0.0579400644533217	0.22679396657443	NA	"abundance"	80	36
"PWY.7383..anaerobic.energy.metabolism..invertebrates..cytosol."	"Termness"	"preterm"	"Termnesspreterm"	-0.283611392345439	0.14211559157611	1.21330097216088	0.728649010820696	0.903927712962817	0.000890759959957432	0.0215354319730885	NA	"abundance"	80	27
"DENITRIFICATION.PWY..nitrate.reduction.I..denitrification."	"Termness"	"preterm"	"Termnesspreterm"	0.431202484543423	0.14211559157611	0.839113218737578	0.733528469318031	0.904976461688423	0.00350676993846646	0.0482688921123611	NA	"abundance"	80	27
"PWY.5028..L.histidine.degradation.II"	"Read_depth"	"Read_depth"	"Read_depth"	-0.168757921066519	0.0310501529105919	0.579461528603155	0.732272446291601	0.904976461688423	0.582154900649128	0.736899294772605	NA	"abundance"	80	41
"PWY0.301..L.ascorbate.degradation.I..bacterial..anaerobic."	"Read_depth"	"Read_depth"	"Read_depth"	-0.0445432382271219	0.0310501529105919	0.217805970824612	0.731467306833511	0.904976461688423	0.127725526184033	0.337589654415675	NA	"abundance"	80	79
"THISYN.PWY..superpathway.of.thiamine.diphosphate.biosynthesis.I"	"Read_depth"	"Read_depth"	"Read_depth"	-0.00941885276011829	0.0310501529105919	0.113694868124675	0.73153256267475	0.904976461688423	0.927925235096013	0.974143733395814	NA	"abundance"	80	78
"GLYCOLYSIS.TCA.GLYOX.BYPASS..superpathway.of.glycolysis..pyruvate.dehydrogenase..TCA..and.glyoxylate.bypass"	"Read_depth"	"Read_depth"	"Read_depth"	0.0973319463699046	0	0.285510043543411	0.733174718324231	0.904976461688423	0.52539501563063	0.698826380013556	NA	"prevalence"	80	70
"PWY.5920..superpathway.of.heme.b.biosynthesis.from.glycine"	"Read_depth"	"Read_depth"	"Read_depth"	-0.171951290512766	0	0.500856377137112	0.731361822766048	0.904976461688423	0.92783352973242	0.974143733395814	NA	"prevalence"	80	76
"PWY.7805...aminomethyl.phosphonate.degradation"	"Termness"	"preterm"	"Termnesspreterm"	-0.156238309748439	0	0.461825396182054	0.735132590812917	0.906124969994676	0.51303271266507	0.689073349363869	NA	"prevalence"	80	32
"SER.GLYSYN.PWY..superpathway.of.L.serine.and.glycine.biosynthesis.I"	"Termness"	"preterm"	"Termnesspreterm"	0.103886701334459	0.14211559157611	0.10109306169691	0.737280530073483	0.907941073631206	0.737280530073483	0.851186229944386	NA	"abundance"	80	80
"PWY4LZ.257..superpathway.of.fermentation..Chlamydomonas.reinhardtii."	"Termness"	"preterm"	"Termnesspreterm"	0.273991877590205	0.14211559157611	0.393770493349246	0.74004132635487	0.910023016147519	0.705064415587068	0.821841489376738	NA	"abundance"	80	79
"PWY.7783..plasmalogen.degradation"	"Read_depth"	"Read_depth"	"Read_depth"	0.0753882563201015	0	0.227466878316431	0.74032333037261	0.910023016147519	0.205902587034234	0.395425557987138	NA	"prevalence"	80	42
"PWY.724..superpathway.of.L.lysine..L.threonine.and.L.methionine.biosynthesis.II"	"Read_depth"	"Read_depth"	"Read_depth"	0.0490961723180493	0.0310501529105919	0.0452836077215829	0.742369673196853	0.910151230630644	0.742369673196853	0.853465554360578	NA	"abundance"	80	80
"PWY.7874..L.threonate.degradation"	"Read_depth"	"Read_depth"	"Read_depth"	-0.0765836088874504	0	0.232396781118338	0.741748951571459	0.910151230630644	0.136973931285138	0.350441043346896	NA	"prevalence"	80	29
"CALVIN.PWY..Calvin.Benson.Bassham.cycle"	"Termness"	"preterm"	"Termnesspreterm"	0.112713875375946	0.14211559157611	0.0739440023698451	0.746661028279478	0.911548734261362	0.746661028279478	0.857200230790127	NA	"abundance"	80	80
"HCAMHPDEG.PWY..3.phenylpropanoate.and.3..3.hydroxyphenyl.propanoate.degradation.to.2.hydroxypentadienoate"	"Termness"	"preterm"	"Termnesspreterm"	0.304304045247952	0.14211559157611	0.498800550653782	0.746991612182778	0.911548734261362	0.108045962858391	0.317721237977824	NA	"abundance"	80	54
"PWY.6690..cinnamate.and.3.hydroxycinnamate.degradation.to.2.hydroxypentadienoate"	"Termness"	"preterm"	"Termnesspreterm"	0.304304045247952	0.14211559157611	0.498800550653782	0.747095892083902	0.911548734261362	0.108045962858391	0.317721237977824	NA	"abundance"	80	54
"PWY.7204..pyridoxal.5..phosphate.salvage.II..plants."	"Termness"	"preterm"	"Termnesspreterm"	-0.0705883831787407	0.14211559157611	0.655175744207145	0.746897575390506	0.911548734261362	0.935939162656796	0.980053492616415	NA	"abundance"	80	60
"PWY5F9.12..biphenyl.degradation"	"Read_depth"	"Read_depth"	"Read_depth"	0.52380865358842	0.0310501529105919	1.4969384829991	0.747659585902335	0.911548734261362	0.840573264925546	0.913956645196824	NA	"abundance"	80	15
"PWY.5265..peptidoglycan.biosynthesis.II..staphylococci."	"Termness"	"preterm"	"Termnesspreterm"	-0.348929343589447	0	1.0835197979697	0.747427546120911	0.911548734261362	0.493541525313325	0.676151889679255	NA	"prevalence"	80	77
"PWY.5121..superpathway.of.geranylgeranyl.diphosphate.biosynthesis.II..via.MEP."	"Read_depth"	"Read_depth"	"Read_depth"	-0.0191985463418275	0.0310501529105919	0.154102658722188	0.749415101885369	0.912036823813478	0.749415101885369	0.85796547876013	NA	"abundance"	80	80
"PWY.6531..mannitol.cycle"	"Termness"	"preterm"	"Termnesspreterm"	0.324089940726036	0.14211559157611	0.564994396069136	0.748898161355928	0.912036823813478	0.671335311392693	0.797990680524194	NA	"abundance"	80	69
"PWY.6293..superpathway.of.L.cysteine.biosynthesis..fungi."	"Termness"	"preterm"	"Termnesspreterm"	0.25381020035808	0	0.79832049938698	0.750537879818865	0.912578126681293	0.806736017075899	0.89008136435291	NA	"prevalence"	80	74
"COBALSYN.PWY..superpathway.of.adenosylcobalamin.salvage.from.cobinamide.I"	"Read_depth"	"Read_depth"	"Read_depth"	-0.0363630867174778	0.0310501529105919	0.215570459456305	0.757300892052187	0.91501526095354	0.941097143001336	0.984200828940328	NA	"abundance"	80	78
"PWY.7234..inosine.5..phosphate.biosynthesis.III"	"Read_depth"	"Read_depth"	"Read_depth"	0.00993613776358075	0.0310501529105919	0.0599126224065982	0.754796123882108	0.91501526095354	0.754796123882108	0.860530393663097	NA	"abundance"	80	80
"PWY.7883..anhydromuropeptides.recycling.II"	"Read_depth"	"Read_depth"	"Read_depth"	0.0852511079382526	0.0310501529105919	0.171449996905846	0.756073949558564	0.91501526095354	0.8465654097783	0.916833684898237	NA	"abundance"	80	78
"PWY0.42..2.methylcitrate.cycle.I"	"Read_depth"	"Read_depth"	"Read_depth"	-0.166582147789106	0.0310501529105919	0.635011742530047	0.757175116190965	0.91501526095354	0.810656469363374	0.89008136435291	NA	"abundance"	80	47
"PWY.5705..allantoin.degradation.to.glyoxylate.III"	"Read_depth"	"Read_depth"	"Read_depth"	0.0712316900080563	0	0.229122767128335	0.755885199386961	0.91501526095354	0.628688527115588	0.774197576629075	NA	"prevalence"	80	46
"PWY.7204..pyridoxal.5..phosphate.salvage.II..plants."	"Termness"	"preterm"	"Termnesspreterm"	-0.162043427647785	0	0.517299211028553	0.75409154199313	0.91501526095354	0.935939162656796	0.980053492616415	NA	"prevalence"	80	60
"REDCITCYC..TCA.cycle.VI..Helicobacter."	"Termness"	"preterm"	"Termnesspreterm"	0.246052254777559	0	0.79526581921489	0.757020129735759	0.91501526095354	0.262213442787318	0.450906213159499	NA	"prevalence"	80	74
"PWY.7254..TCA.cycle.VII..acetate.producers."	"Read_depth"	"Read_depth"	"Read_depth"	0.110216820246219	0.0310501529105919	0.256245536852836	0.759822466580211	0.917238600912076	0.846109553799747	0.916833684898237	NA	"abundance"	80	50
"PWY.6892..thiazole.component.of.thiamine.diphosphate.biosynthesis.I"	"Termness"	"preterm"	"Termnesspreterm"	0.0407763424484277	0.14211559157611	0.331353561791041	0.762987455487547	0.917408893885907	0.943825053743732	0.984548469768208	NA	"abundance"	80	78
"PWY.6396..superpathway.of.2.3.butanediol.biosynthesis"	"Read_depth"	"Read_depth"	"Read_depth"	0.107261434880186	0	0.353241101764999	0.7613950412701	0.917408893885907	0.40606067549686	0.591971273729917	NA	"prevalence"	80	12
"PWY.6612..superpathway.of.tetrahydrofolate.biosynthesis"	"Termness"	"preterm"	"Termnesspreterm"	-0.323199076139133	0	1.06797319307753	0.762173027679069	0.917408893885907	0.0299066186104086	0.158601551598425	NA	"prevalence"	80	77
"PWY0.781..aspartate.superpathway"	"Termness"	"preterm"	"Termnesspreterm"	-0.321447257564824	0	1.06773081192504	0.763371442163607	0.917408893885907	0.130260771163499	0.343187031719219	NA	"prevalence"	80	77
"RUMP.PWY..formaldehyde.oxidation.I"	"Read_depth"	"Read_depth"	"Read_depth"	-0.0420292186016733	0.0310501529105919	0.242248079519594	0.765365416714435	0.918984701960418	0.814491140759414	0.892682290272318	NA	"abundance"	80	59
"TRPSYN.PWY..L.tryptophan.biosynthesis"	"Read_depth"	"Read_depth"	"Read_depth"	0.0134563001735092	0.0310501529105919	0.0509677672420002	0.76853984284896	0.921973822169965	0.76853984284896	0.865833511004844	NA	"abundance"	80	80
"PWY.5103..L.isoleucine.biosynthesis.III"	"Read_depth"	"Read_depth"	"Read_depth"	0.0117740939962646	0.0310501529105919	0.0582733101152109	0.769980896039587	0.92205897337125	0.769980896039587	0.865833511004844	NA	"abundance"	80	80
"PWY0.162..superpathway.of.pyrimidine.ribonucleotides.de.novo.biosynthesis"	"Read_depth"	"Read_depth"	"Read_depth"	0.0082915476413131	0.0310501529105919	0.0712625291761142	0.769504646611685	0.92205897337125	0.769504646611685	0.865833511004844	NA	"abundance"	80	80
"PWY.7165..L.ascorbate.biosynthesis.VIII..engineered.pathway."	"Termness"	"preterm"	"Termnesspreterm"	0.45865686358225	0.14211559157611	1.0803852388912	0.771127736316086	0.922611496072401	0.14958328652254	0.360298396627372	NA	"abundance"	80	39
"PWY.7237..myo...chiro..and.scyllo.inositol.degradation"	"Read_depth"	"Read_depth"	"Read_depth"	0.0784150138964971	0.0310501529105919	0.16052974571135	0.772313179283331	0.92287528330403	0.461114630451196	0.643525002089784	NA	"abundance"	80	64
"PWY66.399..gluconeogenesis.III"	"Read_depth"	"Read_depth"	"Read_depth"	-0.11120717591811	0.0310501529105919	0.486611529402525	0.772719497981903	0.92287528330403	0.567609241903054	0.730527532938616	NA	"abundance"	80	27
"PWY.1622..formaldehyde.assimilation.I..serine.pathway."	"Read_depth"	"Read_depth"	"Read_depth"	0.197125507468786	0.0310501529105919	0.608013050158104	0.786977891551465	0.934926956776939	0.237796924599799	0.425858544708136	NA	"abundance"	80	29
"PWY.3001..superpathway.of.L.isoleucine.biosynthesis.I"	"Termness"	"preterm"	"Termnesspreterm"	0.110652372937265	0.14211559157611	0.103132572163237	0.786168385341694	0.934926956776939	0.786168385341694	0.880762585642404	NA	"abundance"	80	80
"PWY.6969..TCA.cycle.V..2.oxoglutarate.synthase."	"Read_depth"	"Read_depth"	"Read_depth"	0.0842959279799557	0.0310501529105919	0.193713268936924	0.786471700561465	0.934926956776939	0.786471700561465	0.880762585642404	NA	"abundance"	80	80
"PWY0.1338..polymyxin.resistance"	"Read_depth"	"Read_depth"	"Read_depth"	0.0800454370777773	0.0310501529105919	0.177564229487476	0.786146026058863	0.934926956776939	0.172198030882643	0.369453246519647	NA	"abundance"	80	74
"PWY.6292..superpathway.of.L.cysteine.biosynthesis..mammalian."	"Read_depth"	"Read_depth"	"Read_depth"	0.177554544671056	0	0.65400158819335	0.786014597288327	0.934926956776939	0.194787161199086	0.389178670223604	NA	"prevalence"	80	76
"PWY.7874..L.threonate.degradation"	"Termness"	"preterm"	"Termnesspreterm"	0.127970154001579	0	0.467310133676537	0.784204380591435	0.934926956776939	0.680095500046933	0.800914757934927	NA	"prevalence"	80	29
"PWY.6270..isoprene.biosynthesis.I"	"Read_depth"	"Read_depth"	"Read_depth"	0.0482459726828942	0.0310501529105919	0.0568818923237138	0.790628921098165	0.938436091532743	0.790628921098165	0.884213568901621	NA	"abundance"	80	80
"PWY.5392..reductive.TCA.cycle.II"	"Termness"	"preterm"	"Termnesspreterm"	-0.00229480014888574	0.14211559157611	0.545421895181477	0.793748240712581	0.940569830767595	0.161578686914727	0.360917610445395	NA	"abundance"	80	36
"PWY0.41..allantoin.degradation.IV..anaerobic."	"Termness"	"preterm"	"Termnesspreterm"	-0.119061808892658	0	0.455568117122268	0.793824166234761	0.940569830767595	0.957491525571209	0.989435616316875	NA	"prevalence"	80	33
"METHGLYUT.PWY..superpathway.of.methylglyoxal.degradation"	"Read_depth"	"Read_depth"	"Read_depth"	-0.0233115092676317	0.0310501529105919	0.208130396280772	0.796433075388628	0.942831063740627	0.958560507204268	0.989435616316875	NA	"abundance"	80	77
"PWY.6859..all.trans.farnesol.biosynthesis"	"Read_depth"	"Read_depth"	"Read_depth"	-0.0174825951821281	0.0310501529105919	0.18731929941348	0.79831270150502	0.943396748222789	0.79831270150502	0.887657287401732	NA	"abundance"	80	80
"PWY.181..photorespiration"	"Read_depth"	"Read_depth"	"Read_depth"	0.0673662220213794	0	0.263096982430129	0.797911526003288	0.943396748222789	0.95916024867768	0.989435616316875	NA	"prevalence"	80	16
"P105.PWY..TCA.cycle.IV..2.oxoglutarate.decarboxylase."	"Termness"	"preterm"	"Termnesspreterm"	0.208057932696167	0	0.818215076883095	0.799277169936389	0.943707956784543	0.959710345491255	0.989435616316875	NA	"prevalence"	80	74
"PWY.7761..NAD.salvage.pathway.II..PNC.IV.cycle."	"Read_depth"	"Read_depth"	"Read_depth"	-0.00956042396220909	0.0310501529105919	0.157121901109176	0.800730481854	0.944595292353623	0.960291659137861	0.989435616316875	NA	"abundance"	80	79
"PWY.7237..myo...chiro..and.scyllo.inositol.degradation"	"Termness"	"preterm"	"Termnesspreterm"	0.0608763691716713	0.14211559157611	0.318695556201977	0.801466913938939	0.94463613499283	0.666114616225833	0.797990680524194	NA	"abundance"	80	64
"AEROBACTINSYN.PWY..aerobactin.biosynthesis"	"Read_depth"	"Read_depth"	"Read_depth"	-0.0864298236015592	0	0.347751089514201	0.803717141743298	0.946459556243639	0.590742473981098	0.740903807076454	NA	"prevalence"	80	9
"PWY.1622..formaldehyde.assimilation.I..serine.pathway."	"Termness"	"preterm"	"Termnesspreterm"	-0.120287749530987	0	0.485764754664265	0.804424164160977	0.946464095245346	0.160896617031447	0.36037334931839	NA	"prevalence"	80	29
"ARGININE.SYN4.PWY..L.ornithine.biosynthesis.II"	"Read_depth"	"Read_depth"	"Read_depth"	0.0750162268500889	0.0310501529105919	0.177706527174219	0.807496256432432	0.947593688891066	0.807496256432432	0.89008136435291	NA	"abundance"	80	80
"PWY.7234..inosine.5..phosphate.biosynthesis.III"	"Termness"	"preterm"	"Termnesspreterm"	0.109976706823625	0.14211559157611	0.120015292902189	0.806563573131951	0.947593688891066	0.806563573131951	0.89008136435291	NA	"abundance"	80	80
"PWY.6961..L.ascorbate.degradation.II..bacterial..aerobic."	"Termness"	"preterm"	"Termnesspreterm"	0.126515326208289	0	0.518185041398326	0.80711397948551	0.947593688891066	0.962794983090083	0.990338835732008	NA	"prevalence"	80	60
"PWY.7328..superpathway.of.UDP.glucose.derived.O.antigen.building.blocks.biosynthesis"	"Read_depth"	"Read_depth"	"Read_depth"	-0.0216024100708442	0.0310501529105919	0.216820782514868	0.810208225692555	0.948295888506243	0.963979082405232	0.990338835732008	NA	"abundance"	80	78
"PWY.801..homocysteine.and.cysteine.interconversion"	"Termness"	"preterm"	"Termnesspreterm"	0.224302632200023	0	0.928403627240107	0.809089858440236	0.948295888506243	0.759038151838992	0.862972836530638	NA	"prevalence"	80	76
"PYRIDNUCSAL.PWY..NAD.salvage.pathway.I..PNC.VI.cycle."	"Read_depth"	"Read_depth"	"Read_depth"	0.16639375871257	0	0.692147771829802	0.810018571813424	0.948295888506243	0.748988075861054	0.85796547876013	NA	"prevalence"	80	77
"ASPASN.PWY..superpathway.of.L.aspartate.and.L.asparagine.biosynthesis"	"Read_depth"	"Read_depth"	"Read_depth"	0.0606735116255677	0.0310501529105919	0.12001193643537	0.811035209124488	0.948439089036978	0.811035209124488	0.89008136435291	NA	"abundance"	80	80
"PWY.6396..superpathway.of.2.3.butanediol.biosynthesis"	"Termness"	"preterm"	"Termnesspreterm"	-0.286926090770226	0.14211559157611	1.84838244673836	0.821574705635348	0.956608610540812	0.671686126900719	0.797990680524194	NA	"abundance"	80	12
"PWY.7208..superpathway.of.pyrimidine.nucleobases.salvage"	"Termness"	"preterm"	"Termnesspreterm"	0.0937774600485216	0.14211559157611	0.206463680295091	0.820220591332433	0.956608610540812	0.820220591332433	0.897764748435765	NA	"abundance"	80	80
"PWY.7210..pyrimidine.deoxyribonucleotides.biosynthesis.from.CTP"	"Read_depth"	"Read_depth"	"Read_depth"	-0.0742465825337414	0.0310501529105919	0.463648074442086	0.821320294289612	0.956608610540812	0.39192927446114	0.580572852184639	NA	"abundance"	80	67
"GLUDEG.I.PWY..GABA.shunt"	"Termness"	"preterm"	"Termnesspreterm"	0.111728420978026	0	0.49396431730768	0.821055801734245	0.956608610540812	0.569560200581855	0.73152888262232	NA	"prevalence"	80	55
"GLYCOL.GLYOXDEG.PWY..superpathway.of.glycol.metabolism.and.degradation"	"Termness"	"preterm"	"Termnesspreterm"	0.134785139225554	0	0.591682539186908	0.81980191485584	0.956608610540812	0.27360834529816	0.463723834711521	NA	"prevalence"	80	67
"PWY.7383..anaerobic.energy.metabolism..invertebrates..cytosol."	"Read_depth"	"Read_depth"	"Read_depth"	-0.0805999731447586	0.0310501529105919	0.497067549587087	0.824365600928788	0.95902860747636	0.567609241903054	0.730527532938616	NA	"abundance"	80	27
"FOLSYN.PWY..superpathway.of.tetrahydrofolate.biosynthesis.and.salvage"	"Read_depth"	"Read_depth"	"Read_depth"	0.109743059693163	0	0.504237450636649	0.827708347350029	0.960520263300443	0.0314721364243386	0.162705007174883	NA	"prevalence"	80	77
"PWY.6612..superpathway.of.tetrahydrofolate.biosynthesis"	"Read_depth"	"Read_depth"	"Read_depth"	0.109743059693163	0	0.504237450636649	0.827708347350029	0.960520263300443	0.0352015382030876	0.176436978066695	NA	"prevalence"	80	77
"PWY.8011..L.serine.biosynthesis.II"	"Read_depth"	"Read_depth"	"Read_depth"	0.0504922273884796	0	0.232106990962088	0.827788637019698	0.960520263300443	0.970343246460467	0.990338835732008	NA	"prevalence"	80	49
"FUC.RHAMCAT.PWY..superpathway.of.fucose.and.rhamnose.degradation"	"Read_depth"	"Read_depth"	"Read_depth"	0.0672727418838483	0.0310501529105919	0.230425017690438	0.876335268743321	0.964601211634982	0.156172724418832	0.360298396627372	NA	"abundance"	80	74
"GLYCOLYSIS.E.D..superpathway.of.glycolysis.and.the.Entner.Doudoroff.pathway"	"Termness"	"preterm"	"Termnesspreterm"	0.178214368031195	0.14211559157611	0.174259114246343	0.842538879277889	0.964601211634982	0.975205995460937	0.990338835732008	NA	"abundance"	80	78
"KDO.NAGLIPASYN.PWY..superpathway.of..Kdo.2.lipid.A.biosynthesis"	"Read_depth"	"Read_depth"	"Read_depth"	0.13360822894157	0.0310501529105919	0.537027521875777	0.849490738495976	0.964601211634982	0.907371872538727	0.959922367087302	NA	"abundance"	80	48
"P164.PWY..purine.nucleobases.degradation.I..anaerobic."	"Read_depth"	"Read_depth"	"Read_depth"	-0.0254640164955604	0.0310501529105919	0.304751343132683	0.85415908838217	0.964601211634982	0.97873042849848	0.990338835732008	NA	"abundance"	80	50
"P42.PWY..incomplete.reductive.TCA.cycle"	"Read_depth"	"Read_depth"	"Read_depth"	0.0656918463909932	0.0310501529105919	0.188830524288039	0.856562440401178	0.964601211634982	0.979425666496334	0.990338835732008	NA	"abundance"	80	79
"P621.PWY..nylon.6.oligomer.degradation"	"Read_depth"	"Read_depth"	"Read_depth"	-0.05382184209451	0.0310501529105919	0.456822295081174	0.853730828870108	0.964601211634982	0.300684355068349	0.490416489525571	NA	"abundance"	80	42
"PWY.3801..sucrose.degradation.II..sucrose.synthase."	"Termness"	"preterm"	"Termnesspreterm"	0.265158098909612	0.14211559157611	0.809162612422672	0.879891254333017	0.964601211634982	0.109320491203134	0.317721237977824	NA	"abundance"	80	46
"PWY.4041...gamma..glutamyl.cycle"	"Termness"	"preterm"	"Termnesspreterm"	0.113424051995279	0.14211559157611	0.139444997145737	0.847124920985288	0.964601211634982	0.80018740871616	0.887657287401732	NA	"abundance"	80	79
"PWY.5838..superpathway.of.menaquinol.8.biosynthesis.I"	"Read_depth"	"Read_depth"	"Read_depth"	0.0189476536662399	0.0310501529105919	0.0726465169284402	0.878310240403011	0.964601211634982	0.159339512168064	0.360298396627372	NA	"abundance"	80	76
"PWY.6606..guanosine.nucleotides.degradation.II"	"Termness"	"preterm"	"Termnesspreterm"	0.236732850657033	0.14211559157611	0.46107354889421	0.838628219976269	0.964601211634982	0.79664183138891	0.887379390030443	NA	"abundance"	80	79
"PWY.6936..seleno.amino.acid.biosynthesis..plants."	"Termness"	"preterm"	"Termnesspreterm"	0.166760335586883	0.14211559157611	0.105154103381948	0.833951197337309	0.964601211634982	0.833951197337309	0.90916165014757	NA	"abundance"	80	80
"PWY.7185..UTP.and.CTP.dephosphorylation.I"	"Read_depth"	"Read_depth"	"Read_depth"	-0.0542991197336773	0.0310501529105919	0.529246592729021	0.872425301816985	0.964601211634982	0.39192927446114	0.580572852184639	NA	"abundance"	80	67
"PWY.7220..adenosine.deoxyribonucleotides.de.novo.biosynthesis.II"	"Termness"	"preterm"	"Termnesspreterm"	0.101931280572192	0.14211559157611	0.219591814768986	0.858635770221187	0.964601211634982	0.858635770221187	0.923820161154209	NA	"abundance"	80	80
"PWY.7222..guanosine.deoxyribonucleotides.de.novo.biosynthesis.II"	"Termness"	"preterm"	"Termnesspreterm"	0.101931280572192	0.14211559157611	0.219591814768986	0.858537875343167	0.964601211634982	0.858537875343167	0.923820161154209	NA	"abundance"	80	80
"PWY.7245..superpathway.of.NAD.NADP...NADH.NADPH.interconversion..yeast."	"Read_depth"	"Read_depth"	"Read_depth"	-0.153241699230633	0.0310501529105919	1.18050290892955	0.87733559984376	0.964601211634982	0.545208694983732	0.710509299778232	NA	"abundance"	80	25
"PWY.7396..butanol.and.isobutanol.biosynthesis..engineered."	"Read_depth"	"Read_depth"	"Read_depth"	0.0842638655762949	0.0310501529105919	0.338931759625038	0.8762955939201	0.964601211634982	0.677613189120825	0.799390953443733	NA	"abundance"	80	45
"PWY.7456...beta...1.4..mannan.degradation"	"Termness"	"preterm"	"Termnesspreterm"	-0.332909391034967	0.14211559157611	2.2718876029792	0.840287186140554	0.964601211634982	0.0361802980221319	0.176915106736147	NA	"abundance"	80	10
"PWY.I9..L.cysteine.biosynthesis.VI..from.L.methionine."	"Read_depth"	"Read_depth"	"Read_depth"	0.0394197611188136	0.0310501529105919	0.0483739281185686	0.884337217799084	0.964601211634982	0.884337217799084	0.940394816340035	NA	"abundance"	80	80
"PWY0.162..superpathway.of.pyrimidine.ribonucleotides.de.novo.biosynthesis"	"Termness"	"preterm"	"Termnesspreterm"	0.165419061145979	0.14211559157611	0.142751109340195	0.878222477079704	0.964601211634982	0.878222477079704	0.935102171191083	NA	"abundance"	80	80
"PWY0.881..superpathway.of.fatty.acid.biosynthesis.I..E..coli."	"Read_depth"	"Read_depth"	"Read_depth"	0.119185073269113	0.0310501529105919	0.453237213982753	0.847798618942227	0.964601211634982	0.619700900522594	0.766006225909131	NA	"abundance"	80	25
"RIBOSYN2.PWY..flavin.biosynthesis.I..bacteria.and.plants."	"Read_depth"	"Read_depth"	"Read_depth"	0.04242735129316	0.0310501529105919	0.0633654951256231	0.871910636538666	0.964601211634982	0.871910636538666	0.930792913291927	NA	"abundance"	80	80
"ARG.POLYAMINE.SYN..superpathway.of.arginine.and.polyamine.biosynthesis"	"Termness"	"preterm"	"Termnesspreterm"	0.173914912536938	0	1.1883297278608	0.883643198677956	0.964601211634982	0.322608387752219	0.508990584898894	NA	"prevalence"	80	78
"BIOTIN.BIOSYNTHESIS.PWY..biotin.biosynthesis.I"	"Read_depth"	"Read_depth"	"Read_depth"	0.134512768901837	0	0.809606392549789	0.868042146569421	0.964601211634982	0.171748854318119	0.369453246519647	NA	"prevalence"	80	79
"COBALSYN.PWY..superpathway.of.adenosylcobalamin.salvage.from.cobinamide.I"	"Termness"	"preterm"	"Termnesspreterm"	0.173914912536938	0	1.1883297278608	0.883643198677956	0.964601211634982	0.466314486777696	0.649678827341128	NA	"prevalence"	80	78
"FUC.RHAMCAT.PWY..superpathway.of.fucose.and.rhamnose.degradation"	"Termness"	"preterm"	"Termnesspreterm"	0.172945439716219	0	0.833836524444469	0.835690229657862	0.964601211634982	0.68292963732837	0.801954516977029	NA	"prevalence"	80	74
"FUCCAT.PWY..fucose.degradation"	"Termness"	"preterm"	"Termnesspreterm"	0.172945439716219	0	0.833836524444469	0.835690229657862	0.964601211634982	0.582706254990503	0.736899294772605	NA	"prevalence"	80	74
"GALACT.GLUCUROCAT.PWY..superpathway.of.hexuronide.and.hexuronate.degradation"	"Termness"	"preterm"	"Termnesspreterm"	0.0835372271970831	0	0.457798168351865	0.855209104020137	0.964601211634982	0.776349344984806	0.871802133302611	NA	"prevalence"	80	47
"GALACTARDEG.PWY..D.galactarate.degradation.I"	"Termness"	"preterm"	"Termnesspreterm"	0.173914912536938	0	1.1883297278608	0.883643198677956	0.964601211634982	0.0656225218245582	0.238208839628363	NA	"prevalence"	80	78
"GALACTITOLCAT.PWY..galactitol.degradation"	"Read_depth"	"Read_depth"	"Read_depth"	-0.0457841933010049	0	0.237780647467663	0.847312955587076	0.964601211634982	0.318180515657054	0.505888556808702	NA	"prevalence"	80	43
"GLUCARGALACTSUPER.PWY..superpathway.of.D.glucarate.and.D.galactarate.degradation"	"Termness"	"preterm"	"Termnesspreterm"	0.173914912536938	0	1.1883297278608	0.883643198677956	0.964601211634982	0.0657827330847183	0.238208839628363	NA	"prevalence"	80	78
"GLUCOSE1PMETAB.PWY..glucose.and.glucose.1.phosphate.degradation"	"Read_depth"	"Read_depth"	"Read_depth"	0.134512768901837	0	0.809606392549789	0.868042146569421	0.964601211634982	0.902107066666444	0.955582485566775	NA	"prevalence"	80	79
"GLYCOLYSIS.E.D..superpathway.of.glycolysis.and.the.Entner.Doudoroff.pathway"	"Termness"	"preterm"	"Termnesspreterm"	0.173914912536938	0	1.1883297278608	0.883643198677956	0.964601211634982	0.975205995460937	0.990338835732008	NA	"prevalence"	80	78
"HEME.BIOSYNTHESIS.II.1..heme.b.biosynthesis.V..aerobic."	"Read_depth"	"Read_depth"	"Read_depth"	0.134512768901837	0	0.809606392549789	0.868042146569421	0.964601211634982	0.612159706931899	0.759083826616195	NA	"prevalence"	80	79
"HEXITOLDEGSUPER.PWY..superpathway.of.hexitol.degradation..bacteria."	"Read_depth"	"Read_depth"	"Read_depth"	-0.0457841933010049	0	0.237780647467663	0.847312955587076	0.964601211634982	0.406456714879429	0.591971273729917	NA	"prevalence"	80	43
"LACTOSECAT.PWY..lactose.and.galactose.degradation.I"	"Read_depth"	"Read_depth"	"Read_depth"	0.117888114950719	0	0.765742719319998	0.87764707628978	0.964601211634982	0.518212299349177	0.692594350577666	NA	"prevalence"	80	78
"P122.PWY..heterolactic.fermentation"	"Read_depth"	"Read_depth"	"Read_depth"	0.134512768901837	0	0.809606392549789	0.868042146569421	0.964601211634982	0.982587124917994	0.990338835732008	NA	"prevalence"	80	79
"P461.PWY..hexitol.fermentation.to.lactate..formate..ethanol.and.acetate"	"Read_depth"	"Read_depth"	"Read_depth"	0.134512768901837	0	0.809606392549789	0.868042146569421	0.964601211634982	0.389867242414684	0.580563176204474	NA	"prevalence"	80	79
"PHOSLIPSYN.PWY..superpathway.of.phospholipid.biosynthesis.I..bacteria."	"Read_depth"	"Read_depth"	"Read_depth"	0.134512768901837	0	0.809606392549789	0.868042146569421	0.964601211634982	0.517250582100319	0.692475534994238	NA	"prevalence"	80	79
"POLYAMSYN.PWY..superpathway.of.polyamine.biosynthesis.I"	"Termness"	"preterm"	"Termnesspreterm"	0.173914912536938	0	1.1883297278608	0.883643198677956	0.964601211634982	0.12709324327165	0.337002083771924	NA	"prevalence"	80	78
"PPGPPMET.PWY..ppGpp.metabolism"	"Read_depth"	"Read_depth"	"Read_depth"	0.134512768901837	0	0.809606392549789	0.868042146569421	0.964601211634982	0.982587124917994	0.990338835732008	NA	"prevalence"	80	79
"PWY.1269..CMP.3.deoxy.D.manno.octulosonate.biosynthesis"	"Read_depth"	"Read_depth"	"Read_depth"	0.134512768901837	0	0.809606392549789	0.868042146569421	0.964601211634982	0.370719082965777	0.559139607702512	NA	"prevalence"	80	79
"PWY.4041...gamma..glutamyl.cycle"	"Read_depth"	"Read_depth"	"Read_depth"	0.134512768901837	0	0.809606392549789	0.868042146569421	0.964601211634982	0.308060820358545	0.500446629120008	NA	"prevalence"	80	79
"PWY.5497..purine.nucleobases.degradation.II..anaerobic."	"Termness"	"preterm"	"Termnesspreterm"	0.0689846791045323	0	0.46585818625074	0.882278957383484	0.964601211634982	0.49600688209766	0.677271855621722	NA	"prevalence"	80	51
"PWY.5675..nitrate.reduction.V..assimilatory."	"Read_depth"	"Read_depth"	"Read_depth"	0.134512768901837	0	0.809606392549789	0.868042146569421	0.964601211634982	0.982587124917994	0.990338835732008	NA	"prevalence"	80	79
"PWY.5920..superpathway.of.heme.b.biosynthesis.from.glycine"	"Termness"	"preterm"	"Termnesspreterm"	0.149013265967337	0	0.955441903281744	0.876062449655584	0.964601211634982	0.984639483614625	0.990338835732008	NA	"prevalence"	80	76
"PWY.5971..palmitate.biosynthesis..type.II.fatty.acid.synthase."	"Termness"	"preterm"	"Termnesspreterm"	0.132227506472711	0	0.857153556151781	0.877401976600135	0.964601211634982	0.984969724658446	0.990338835732008	NA	"prevalence"	80	74
"PWY.6168..flavin.biosynthesis.III..fungi."	"Read_depth"	"Read_depth"	"Read_depth"	0.0407369711584543	0	0.226596656399558	0.857327280209771	0.964601211634982	0.396388700000773	0.584975783484085	NA	"prevalence"	80	36
"PWY.6519..8.amino.7.oxononanoate.biosynthesis.I"	"Read_depth"	"Read_depth"	"Read_depth"	0.134512768901837	0	0.809606392549789	0.868042146569421	0.964601211634982	0.134111222152307	0.349361827812813	NA	"prevalence"	80	79
"PWY.6545..pyrimidine.deoxyribonucleotides.de.novo.biosynthesis.III"	"Termness"	"preterm"	"Termnesspreterm"	0.155925390777089	0	0.842383122925154	0.853150345814849	0.964601211634982	0.280120220892992	0.468005734906584	NA	"prevalence"	80	74
"PWY.6708..ubiquinol.8.biosynthesis..early.decarboxylation."	"Read_depth"	"Read_depth"	"Read_depth"	-0.0409986249556991	0	0.232848357310657	0.860235525771884	0.964601211634982	0.0993643962239605	0.302499433812494	NA	"prevalence"	80	25
"PWY.6892..thiazole.component.of.thiamine.diphosphate.biosynthesis.I"	"Termness"	"preterm"	"Termnesspreterm"	0.173914912536938	0	1.1883297278608	0.883643198677956	0.964601211634982	0.943825053743732	0.984548469768208	NA	"prevalence"	80	78
"PWY.6895..superpathway.of.thiamine.diphosphate.biosynthesis.II"	"Termness"	"preterm"	"Termnesspreterm"	0.173914912536938	0	1.1883297278608	0.883643198677956	0.964601211634982	0.480343507499619	0.663798809612967	NA	"prevalence"	80	78
"PWY.7013...S..propane.1.2.diol.degradation"	"Termness"	"preterm"	"Termnesspreterm"	-0.136101507888277	0	0.661061824574635	0.836882167633378	0.964601211634982	0.973392572764014	0.990338835732008	NA	"prevalence"	80	70
"PWY.7282..4.amino.2.methyl.5.diphosphomethylpyrimidine.biosynthesis.II"	"Read_depth"	"Read_depth"	"Read_depth"	0.134512768901837	0	0.809606392549789	0.868042146569421	0.964601211634982	0.823618131219964	0.899098050760724	NA	"prevalence"	80	79
"PWY.7323..superpathway.of.GDP.mannose.derived.O.antigen.building.blocks.biosynthesis"	"Termness"	"preterm"	"Termnesspreterm"	-0.0819664734665021	0	0.548316371484521	0.881168929095322	0.964601211634982	0.0902456714328659	0.291060092858262	NA	"prevalence"	80	63
"PWY.7328..superpathway.of.UDP.glucose.derived.O.antigen.building.blocks.biosynthesis"	"Read_depth"	"Read_depth"	"Read_depth"	0.0652519974102398	0	0.446558999864933	0.883825250393053	0.964601211634982	0.963979082405232	0.990338835732008	NA	"prevalence"	80	78
"PWY.7616..methanol.oxidation.to.carbon.dioxide"	"Read_depth"	"Read_depth"	"Read_depth"	0.0452068032497156	0	0.226816110906211	0.842019966914897	0.964601211634982	0.416904429550746	0.603061058533617	NA	"prevalence"	80	41
"PWY.7761..NAD.salvage.pathway.II..PNC.IV.cycle."	"Read_depth"	"Read_depth"	"Read_depth"	0.134512768901837	0	0.809606392549789	0.868042146569421	0.964601211634982	0.960291659137861	0.989435616316875	NA	"prevalence"	80	79
"PWY0.1241..ADP.L.glycero..beta..D.manno.heptose.biosynthesis"	"Read_depth"	"Read_depth"	"Read_depth"	0.134512768901837	0	0.809606392549789	0.868042146569421	0.964601211634982	0.18301264568549	0.381818260795617	NA	"prevalence"	80	79
"PWY0.1415..superpathway.of.heme.b.biosynthesis.from.uroporphyrinogen.III"	"Read_depth"	"Read_depth"	"Read_depth"	0.134512768901837	0	0.809606392549789	0.868042146569421	0.964601211634982	0.601423675900548	0.747912649909607	NA	"prevalence"	80	79
"PWY4FS.7..phosphatidylglycerol.biosynthesis.I..plastidic."	"Read_depth"	"Read_depth"	"Read_depth"	0.134512768901837	0	0.809606392549789	0.868042146569421	0.964601211634982	0.982587124917994	0.990338835732008	NA	"prevalence"	80	79
"PWY4FS.8..phosphatidylglycerol.biosynthesis.II..non.plastidic."	"Read_depth"	"Read_depth"	"Read_depth"	0.134512768901837	0	0.809606392549789	0.868042146569421	0.964601211634982	0.982587124917994	0.990338835732008	NA	"prevalence"	80	79
"THISYN.PWY..superpathway.of.thiamine.diphosphate.biosynthesis.I"	"Termness"	"preterm"	"Termnesspreterm"	0.173914912536938	0	1.1883297278608	0.883643198677956	0.964601211634982	0.529413202280595	0.703033363933198	NA	"prevalence"	80	78
"UBISYN.PWY..superpathway.of.ubiquinol.8.biosynthesis..early.decarboxylation."	"Read_depth"	"Read_depth"	"Read_depth"	-0.0409986249556991	0	0.232848357310657	0.860235525771884	0.964601211634982	0.0971118804811803	0.300389230140056	NA	"prevalence"	80	25
"P105.PWY..TCA.cycle.IV..2.oxoglutarate.decarboxylase."	"Termness"	"preterm"	"Termnesspreterm"	0.213373100919089	0.14211559157611	0.49906093500379	0.887141657575459	0.966876656758355	0.959710345491255	0.989435616316875	NA	"abundance"	80	74
"PWY.5920..superpathway.of.heme.b.biosynthesis.from.glycine"	"Termness"	"preterm"	"Termnesspreterm"	0.1966251333055	0.14211559157611	0.3852176189503	0.888438793458107	0.967506970869427	0.984639483614625	0.990338835732008	NA	"abundance"	80	76
"AEROBACTINSYN.PWY..aerobactin.biosynthesis"	"Termness"	"preterm"	"Termnesspreterm"	-0.334065792060963	0.14211559157611	3.40365593724175	0.893281948421258	0.968664071024181	0.792261004662033	0.88483498075026	NA	"abundance"	80	9
"PWY.5415..catechol.degradation.I..meta.cleavage.pathway."	"Read_depth"	"Read_depth"	"Read_depth"	-0.0222012706699763	0.0310501529105919	0.393103287808888	0.893154651687536	0.968664071024181	0.352883631233071	0.540168239988052	NA	"abundance"	80	52
"PWY.5747..2.methylcitrate.cycle.II"	"Read_depth"	"Read_depth"	"Read_depth"	0.113694847896225	0.0310501529105919	0.601698979556876	0.891400279925836	0.968664071024181	0.810656469363374	0.89008136435291	NA	"abundance"	80	47
"RHAMCAT.PWY..L.rhamnose.degradation.I"	"Read_depth"	"Read_depth"	"Read_depth"	0.0140184086573973	0.0310501529105919	0.122895959260485	0.893006573796449	0.968664071024181	0.893006573796449	0.948386826434989	NA	"abundance"	80	80
"PWY.5692..allantoin.degradation.to.glyoxylate.II"	"Termness"	"preterm"	"Termnesspreterm"	-0.062230707405081	0	0.466241840916718	0.893819298820232	0.968664071024181	0.855976250949982	0.923512394203386	NA	"prevalence"	80	29
"URDEGR.PWY..superpathway.of.allantoin.degradation.in.plants"	"Termness"	"preterm"	"Termnesspreterm"	-0.062230707405081	0	0.466241840916718	0.893819298820232	0.968664071024181	0.85610273039292	0.923512394203386	NA	"prevalence"	80	29
"PWY.6318..L.phenylalanine.degradation.IV..mammalian..via.side.chain."	"Read_depth"	"Read_depth"	"Read_depth"	0.0347732373584924	0	0.265156448740816	0.895662707282646	0.969880936446051	0.348930333762634	0.538662162941315	NA	"prevalence"	80	22
"GLYCOCAT.PWY..glycogen.degradation.I"	"Read_depth"	"Read_depth"	"Read_depth"	-0.0628343046409709	0	0.499454470852073	0.899885594457747	0.972888361558335	0.320318707555354	0.50732558306455	NA	"prevalence"	80	78
"PWY.5136..fatty.acid..beta..oxidation.II..plant.peroxisome."	"Read_depth"	"Read_depth"	"Read_depth"	-0.0628343046409709	0	0.499454470852073	0.899885594457747	0.972888361558335	0.0426716737351957	0.191672763990879	NA	"prevalence"	80	78
"CARNMET.PWY..L.carnitine.degradation.I"	"Read_depth"	"Read_depth"	"Read_depth"	0.0838594586029068	0.0310501529105919	0.442790967582283	0.905782057979416	0.977295103051675	0.894978576699441	0.949254696834762	NA	"abundance"	80	43
"PWY.6922..L.N.delta..acetylornithine.biosynthesis"	"Read_depth"	"Read_depth"	"Read_depth"	-0.00321255884837412	0.0310501529105919	0.294971363188529	0.908491343254853	0.977295103051675	0.702800046142712	0.821766199045959	NA	"abundance"	80	57
"PWY.7013...S..propane.1.2.diol.degradation"	"Termness"	"preterm"	"Termnesspreterm"	0.0387848293651243	0.14211559157611	0.880140972865421	0.907056611068426	0.977295103051675	0.973392572764014	0.990338835732008	NA	"abundance"	80	70
"PWY0.1221..putrescine.degradation.II"	"Termness"	"preterm"	"Termnesspreterm"	0.346280405897597	0.14211559157611	1.7764985665677	0.910997171607793	0.977295103051675	0.586812324488521	0.739815537928779	NA	"abundance"	80	12
"PWY.6305..superpathway.of.putrescine.biosynthesis"	"Read_depth"	"Read_depth"	"Read_depth"	-0.0717543432820379	0	0.639121072988039	0.910609054478079	0.977295103051675	0.349714162784071	0.538662162941315	NA	"prevalence"	80	79
"PWY.8004..Entner.Doudoroff.pathway.I"	"Read_depth"	"Read_depth"	"Read_depth"	-0.0717543432820379	0	0.639121072988039	0.910609054478079	0.977295103051675	0.871451673084681	0.930792913291927	NA	"prevalence"	80	79
"PWY1ZNC.1..assimilatory.sulfate.reduction.IV"	"Read_depth"	"Read_depth"	"Read_depth"	-0.0717543432820379	0	0.639121072988039	0.910609054478079	0.977295103051675	0.0100690680273675	0.0819482566187728	NA	"prevalence"	80	79
"PWY4LZ.257..superpathway.of.fermentation..Chlamydomonas.reinhardtii."	"Read_depth"	"Read_depth"	"Read_depth"	-0.0717543432820379	0	0.639121072988039	0.910609054478079	0.977295103051675	0.750508024864317	0.858021691847662	NA	"prevalence"	80	79
"PYRIDNUCSYN.PWY..NAD.de.novo.biosynthesis.I..from.aspartate."	"Read_depth"	"Read_depth"	"Read_depth"	-0.0717543432820379	0	0.639121072988039	0.910609054478079	0.977295103051675	0.13855637358606	0.350441043346896	NA	"prevalence"	80	79
"REDCITCYC..TCA.cycle.VI..Helicobacter."	"Read_depth"	"Read_depth"	"Read_depth"	0.0416841633231674	0	0.373859727640224	0.911222402919653	0.977295103051675	0.174703154350853	0.370118538341241	NA	"prevalence"	80	74
"PWY.7434..terminal.O.glycans.residues.modification..via.type.2.precursor.disaccharide."	"Read_depth"	"Read_depth"	"Read_depth"	-0.0268381140616165	0	0.253003765176343	0.915520526754993	0.981123112270876	0.651907365233435	0.792703926363733	NA	"prevalence"	80	13
"PWY3O.4107..NAD.salvage.pathway.V..PNC.V.cycle."	"Read_depth"	"Read_depth"	"Read_depth"	0.0829340364450333	0	0.788930426455378	0.91627890985791	0.981154664016505	0.752304724606021	0.85888122725854	NA	"prevalence"	80	78
"PWY.7391..isoprene.biosynthesis.II..engineered."	"Read_depth"	"Read_depth"	"Read_depth"	0.0242675493896407	0	0.234055268154231	0.91742092806825	0.981596636867937	0.0552145192500291	0.220322013706427	NA	"prevalence"	80	56
"PWY.561..superpathway.of.glyoxylate.cycle.and.fatty.acid.degradation"	"Read_depth"	"Read_depth"	"Read_depth"	0.00716196007760646	0.0310501529105919	0.230688801069077	0.918629534877722	0.982109097653228	0.246710024022547	0.43425190523883	NA	"abundance"	80	74
"PWY.5971..palmitate.biosynthesis..type.II.fatty.acid.synthase."	"Termness"	"preterm"	"Termnesspreterm"	0.161865605241031	0.14211559157611	0.189483056674254	0.919913878139649	0.982701650774577	0.984969724658446	0.990338835732008	NA	"abundance"	80	74
"P621.PWY..nylon.6.oligomer.degradation"	"Termness"	"preterm"	"Termnesspreterm"	0.224585044154837	0.14211559157611	0.846404922350737	0.922914832020237	0.984541777945758	0.0639206393409578	0.236679124046249	NA	"abundance"	80	42
"PWY.5972..stearate.biosynthesis.I..animals."	"Read_depth"	"Read_depth"	"Read_depth"	-0.0198994325019691	0.0310501529105919	0.521948130667925	0.923099349010064	0.984541777945758	0.674777072771675	0.799231633743973	NA	"abundance"	80	29
"GALACT.GLUCUROCAT.PWY..superpathway.of.hexuronide.and.hexuronate.degradation"	"Read_depth"	"Read_depth"	"Read_depth"	0.0853664302835187	0.0310501529105919	0.573708412746985	0.925048995231418	0.985137864564141	0.871590320847823	0.930792913291927	NA	"abundance"	80	47
"PWY.7294..D.xylose.degradation.IV"	"Termness"	"preterm"	"Termnesspreterm"	-0.0480152300352221	0.14211559157611	2.00681030097601	0.92570236119809	0.985137864564141	0.0166545029808683	0.110103168593869	NA	"abundance"	80	19
"PWY.801..homocysteine.and.cysteine.interconversion"	"Read_depth"	"Read_depth"	"Read_depth"	0.0406013583167409	0	0.436280710317736	0.925853936607458	0.985137864564141	0.434002535276439	0.616148677024582	NA	"prevalence"	80	76
"PWY.5675..nitrate.reduction.V..assimilatory."	"Read_depth"	"Read_depth"	"Read_depth"	0.0164824535911539	0.0310501529105919	0.156797533796715	0.927418269258598	0.986022899227545	0.982587124917994	0.990338835732008	NA	"abundance"	80	79
"ARGDEG.PWY..superpathway.of.L.arginine..putrescine..and.4.aminobutanoate.degradation"	"Read_depth"	"Read_depth"	"Read_depth"	-0.0144888296189819	0.0310501529105919	0.621416437488911	0.942036612069821	0.986933431414897	0.26291722725951	0.450906213159499	NA	"abundance"	80	42
"ASPASN.PWY..superpathway.of.L.aspartate.and.L.asparagine.biosynthesis"	"Termness"	"preterm"	"Termnesspreterm"	0.159778978874852	0.14211559157611	0.240404561250911	0.94278059800914	0.986933431414897	0.94278059800914	0.984548469768208	NA	"abundance"	80	80
"DHGLUCONATE.PYR.CAT.PWY..glucose.degradation..oxidative."	"Read_depth"	"Read_depth"	"Read_depth"	-0.103073352493707	0.0310501529105919	1.79588053527302	0.942101148713278	0.986933431414897	0.874801170137989	0.932667395400035	NA	"abundance"	80	12
"ORNARGDEG.PWY..superpathway.of.L.arginine.and.L.ornithine.degradation"	"Read_depth"	"Read_depth"	"Read_depth"	-0.0144888296189819	0.0310501529105919	0.621416437488911	0.942021719578399	0.986933431414897	0.26291722725951	0.450906213159499	NA	"abundance"	80	42
"P122.PWY..heterolactic.fermentation"	"Read_depth"	"Read_depth"	"Read_depth"	0.0471347284922895	0.0310501529105919	0.190105980079552	0.933490754560778	0.986933431414897	0.982587124917994	0.990338835732008	NA	"abundance"	80	79
"P23.PWY..reductive.TCA.cycle.I"	"Read_depth"	"Read_depth"	"Read_depth"	0.0141427221079081	0.0310501529105919	0.225483040013296	0.941140634822975	0.986933431414897	0.672758566427332	0.797990680524194	NA	"abundance"	80	52
"PWY.4984..urea.cycle"	"Read_depth"	"Read_depth"	"Read_depth"	0.0558546406101311	0.0310501529105919	0.353302354486232	0.944391352971538	0.986933431414897	0.671116879802871	0.797990680524194	NA	"abundance"	80	58
"PWY.5138..fatty.acid..beta..oxidation.IV..unsaturated..even.number."	"Read_depth"	"Read_depth"	"Read_depth"	0.0188009638329571	0.0310501529105919	0.137500638219785	0.930799832508146	0.986933431414897	0.196345345661309	0.389178670223604	NA	"abundance"	80	75
"PWY.5656..mannosylglycerate.biosynthesis.I"	"Read_depth"	"Read_depth"	"Read_depth"	0.0848776921315789	0.0310501529105919	0.741742447886176	0.942565029578398	0.986933431414897	0.869781962389513	0.930792913291927	NA	"abundance"	80	39
"PWY.6595..superpathway.of.guanosine.nucleotides.degradation..plants."	"Read_depth"	"Read_depth"	"Read_depth"	0.0656719107147377	0.0310501529105919	0.457411020870463	0.940049382413261	0.986933431414897	0.996405923450969	0.998836181800849	NA	"abundance"	80	51
"PWY.6961..L.ascorbate.degradation.II..bacterial..aerobic."	"Termness"	"preterm"	"Termnesspreterm"	0.094838110778116	0.14211559157611	0.624485183947525	0.93998959995124	0.986933431414897	0.962794983090083	0.990338835732008	NA	"abundance"	80	60
"PWY.7560..methylerythritol.phosphate.pathway.II"	"Read_depth"	"Read_depth"	"Read_depth"	0.0261809850364532	0.0310501529105919	0.0481961603961436	0.931949750081768	0.986933431414897	0.931949750081768	0.977120783886752	NA	"abundance"	80	80
"CENTFERM.PWY..pyruvate.fermentation.to.butanoate"	"Read_depth"	"Read_depth"	"Read_depth"	-0.0173386145092037	0	0.235159841009747	0.941224281677324	0.986933431414897	0.654776396950807	0.795016541054008	NA	"prevalence"	80	23
"PWY.5692..allantoin.degradation.to.glyoxylate.II"	"Read_depth"	"Read_depth"	"Read_depth"	0.0162471391796734	0	0.232989269912823	0.94440583927369	0.986933431414897	0.633867322834112	0.777755123787527	NA	"prevalence"	80	29
"PWY.6168..flavin.biosynthesis.III..fungi."	"Termness"	"preterm"	"Termnesspreterm"	-0.0388663177395045	0	0.451753113721785	0.931439054366333	0.986933431414897	0.0616942253936993	0.233698863012078	NA	"prevalence"	80	36
"PWY.6353..purine.nucleotides.degradation.II..aerobic."	"Read_depth"	"Read_depth"	"Read_depth"	0.0184803035126395	0	0.231653957352882	0.936415833590611	0.986933431414897	0.536743415933865	0.707150907148878	NA	"prevalence"	80	52
"PWY.6590..superpathway.of.Clostridium.acetobutylicum.acidogenic.fermentation"	"Read_depth"	"Read_depth"	"Read_depth"	-0.0173386145092037	0	0.235159841009747	0.941224281677324	0.986933431414897	0.660973945745546	0.797990680524194	NA	"prevalence"	80	23
"PWY.7409..phospholipid.remodeling..phosphatidylethanolamine..yeast."	"Read_depth"	"Read_depth"	"Read_depth"	-0.0181549317232255	0	0.227665292745777	0.936440896694332	0.986933431414897	0.114614150488539	0.320601189288621	NA	"prevalence"	80	34
"PWY.7873..D.erythronate.degradation.II"	"Termness"	"preterm"	"Termnesspreterm"	-0.0420591387084608	0	0.481771444614754	0.930432242967135	0.986933431414897	0.570799137880411	0.73197642954399	NA	"prevalence"	80	25
"PWY0.41..allantoin.degradation.IV..anaerobic."	"Read_depth"	"Read_depth"	"Read_depth"	-0.0160669441440707	0	0.226486677004232	0.943445580975174	0.986933431414897	0.502804627038136	0.679778624054848	NA	"prevalence"	80	33
"SALVADEHYPOX.PWY..adenosine.nucleotides.degradation.II"	"Read_depth"	"Read_depth"	"Read_depth"	0.0184803035126395	0	0.231653957352882	0.936415833590611	0.986933431414897	0.498587313251709	0.677391949071449	NA	"prevalence"	80	52
"URDEGR.PWY..superpathway.of.allantoin.degradation.in.plants"	"Read_depth"	"Read_depth"	"Read_depth"	0.0162471391796734	0	0.232989269912823	0.94440583927369	0.986933431414897	0.633936658074992	0.777755123787527	NA	"prevalence"	80	29
"GLUTORN.PWY..L.ornithine.biosynthesis.I"	"Termness"	"preterm"	"Termnesspreterm"	0.134852994480027	0.14211559157611	0.101493536011466	0.949374370167878	0.987826308284494	0.949374370167878	0.987830040858222	NA	"abundance"	80	80
"PWY.5920..superpathway.of.heme.b.biosynthesis.from.glycine"	"Read_depth"	"Read_depth"	"Read_depth"	0.0190378587579654	0.0310501529105919	0.187984040970607	0.949779279185716	0.987826308284494	0.92783352973242	0.974143733395814	NA	"abundance"	80	76
"PWY.6628..superpathway.of.L.phenylalanine.biosynthesis"	"Termness"	"preterm"	"Termnesspreterm"	0.13295915761574	0.14211559157611	0.129584916747297	0.947669314958459	0.987826308284494	0.947669314958459	0.987305674139232	NA	"abundance"	80	80
"PWY.7209..superpathway.of.pyrimidine.ribonucleosides.degradation"	"Termness"	"preterm"	"Termnesspreterm"	0.178942043335715	0.14211559157611	0.554215166729853	0.947323900922868	0.987826308284494	0.0363442360115848	0.176915106736147	NA	"abundance"	80	60
"PWY.8011..L.serine.biosynthesis.II"	"Read_depth"	"Read_depth"	"Read_depth"	0.0499232109058893	0.0310501529105919	0.297653259567017	0.949884798109733	0.987826308284494	0.970343246460467	0.990338835732008	NA	"abundance"	80	49
"PWY0.41..allantoin.degradation.IV..anaerobic."	"Termness"	"preterm"	"Termnesspreterm"	0.190812956260006	0.14211559157611	0.780703430029262	0.950681149216811	0.987826308284494	0.957491525571209	0.989435616316875	NA	"abundance"	80	33
"PWY4FS.7..phosphatidylglycerol.biosynthesis.I..plastidic."	"Read_depth"	"Read_depth"	"Read_depth"	0.0350269700373304	0.0310501529105919	0.0576685492486739	0.95161243305931	0.987826308284494	0.982587124917994	0.990338835732008	NA	"abundance"	80	79
"PWY4FS.8..phosphatidylglycerol.biosynthesis.II..non.plastidic."	"Read_depth"	"Read_depth"	"Read_depth"	0.0349933300073081	0.0310501529105919	0.0576679815745739	0.951865320835802	0.987826308284494	0.982587124917994	0.990338835732008	NA	"abundance"	80	79
"PWY.5100..pyruvate.fermentation.to.acetate.and.lactate.II"	"Termness"	"preterm"	"Termnesspreterm"	0.152421262877101	0.14211559157611	0.173135997627549	0.954549137084677	0.988130653089343	0.954549137084677	0.989435616316875	NA	"abundance"	80	80
"PWY66.409..superpathway.of.purine.nucleotide.salvage"	"Termness"	"preterm"	"Termnesspreterm"	0.133451351529877	0.14211559157611	0.13997313782879	0.953610161913826	0.988130653089343	0.953610161913826	0.989435616316875	NA	"abundance"	80	80
"PWY.7807..glyphosate.degradation.III"	"Read_depth"	"Read_depth"	"Read_depth"	-0.0126561652213478	0	0.224759896809811	0.955095081477886	0.988130653089343	0.163487761091596	0.362721107937258	NA	"prevalence"	80	36
"PWY0.1533..methylphosphonate.degradation.I"	"Read_depth"	"Read_depth"	"Read_depth"	-0.0126561652213478	0	0.224759896809811	0.955095081477886	0.988130653089343	0.154648499342329	0.360298396627372	NA	"prevalence"	80	36
"PWY.7282..4.amino.2.methyl.5.diphosphomethylpyrimidine.biosynthesis.II"	"Termness"	"preterm"	"Termnesspreterm"	0.148873721795007	0.14211559157611	0.111063375258204	0.956146978361196	0.988459165033925	0.80018740871616	0.887657287401732	NA	"abundance"	80	79
"PWY.3001..superpathway.of.L.isoleucine.biosynthesis.I"	"Read_depth"	"Read_depth"	"Read_depth"	0.0280724930759333	0.0310501529105919	0.0514846292036551	0.960546985183536	0.992245772875701	0.960546985183536	0.989435616316875	NA	"abundance"	80	80
"PWY.7385..1.3.propanediol.biosynthesis..engineered."	"Termness"	"preterm"	"Termnesspreterm"	0.189994551491964	0.14211559157611	0.989684437089463	0.961685969425094	0.992660517520074	0.163198938535796	0.362721107937258	NA	"abundance"	80	39
"PWY.6607..guanosine.nucleotides.degradation.I"	"Read_depth"	"Read_depth"	"Read_depth"	0.0532619807305021	0.0310501529105919	0.50384768817408	0.96503933720532	0.995358580749702	0.998777752056957	0.9999942901228	NA	"abundance"	80	51
"PPGPPMET.PWY..ppGpp.metabolism"	"Read_depth"	"Read_depth"	"Read_depth"	0.0252247000958421	0.0310501529105919	0.161995238756264	0.971822933673657	0.995529094817587	0.982587124917994	0.990338835732008	NA	"abundance"	80	79
"PWY.5005..biotin.biosynthesis.II"	"Read_depth"	"Read_depth"	"Read_depth"	0.0424461270100264	0.0310501529105919	0.305963520892797	0.970498569110791	0.995529094817587	0.622582251193691	0.768412328049871	NA	"abundance"	80	67
"PWY.6630..superpathway.of.L.tyrosine.biosynthesis"	"Termness"	"preterm"	"Termnesspreterm"	0.135978088488151	0.14211559157611	0.165180321939253	0.971743052740579	0.995529094817587	0.971743052740579	0.990338835732008	NA	"abundance"	80	80
"PWY.702..L.methionine.biosynthesis.II"	"Read_depth"	"Read_depth"	"Read_depth"	0.0285076914382407	0.0310501529105919	0.0557800212290432	0.968221654348492	0.995529094817587	0.968221654348492	0.990338835732008	NA	"abundance"	80	80
"PWY.7197..pyrimidine.deoxyribonucleotide.phosphorylation"	"Termness"	"preterm"	"Termnesspreterm"	0.151462855223049	0.14211559157611	0.227705988970805	0.968010026821038	0.995529094817587	0.968010026821038	0.990338835732008	NA	"abundance"	80	80
"TCA.GLYOX.BYPASS..superpathway.of.glyoxylate.bypass.and.TCA"	"Read_depth"	"Read_depth"	"Read_depth"	0.022570785482095	0.0310501529105919	0.236536230884011	0.971687468271563	0.995529094817587	0.246710024022547	0.43425190523883	NA	"abundance"	80	74
"P164.PWY..purine.nucleobases.degradation.I..anaerobic."	"Read_depth"	"Read_depth"	"Read_depth"	0.00761258791348482	0	0.227792413918521	0.973340482005903	0.995529094817587	0.97873042849848	0.990338835732008	NA	"prevalence"	80	50
"PWY.5497..purine.nucleobases.degradation.II..anaerobic."	"Read_depth"	"Read_depth"	"Read_depth"	0.00856742048132401	0	0.231596679371855	0.970490709258296	0.995529094817587	0.80798155724809	0.89008136435291	NA	"prevalence"	80	51
"PWY.6595..superpathway.of.guanosine.nucleotides.degradation..plants."	"Read_depth"	"Read_depth"	"Read_depth"	0.00777523126461834	0	0.229595387380476	0.972984860532162	0.995529094817587	0.996405923450969	0.998836181800849	NA	"prevalence"	80	51
"PWY.6607..guanosine.nucleotides.degradation.I"	"Read_depth"	"Read_depth"	"Read_depth"	0.00777523126461834	0	0.229595387380476	0.972984860532162	0.995529094817587	0.998777752056957	0.9999942901228	NA	"prevalence"	80	51
"PWY.7385..1.3.propanediol.biosynthesis..engineered."	"Read_depth"	"Read_depth"	"Read_depth"	0.00860286883120096	0	0.228398742738903	0.969953978580067	0.995529094817587	0.913697663388859	0.962896768340567	NA	"prevalence"	80	39
"ARGDEG.PWY..superpathway.of.L.arginine..putrescine..and.4.aminobutanoate.degradation"	"Termness"	"preterm"	"Termnesspreterm"	0.131327070523209	0.14211559157611	0.88898709098336	0.990384544522886	0.999579141577707	0.0610362144085286	0.232276704832456	NA	"abundance"	80	42
"ARGSYN.PWY..L.arginine.biosynthesis.I..via.L.ornithine."	"Read_depth"	"Read_depth"	"Read_depth"	0.0296054190361147	0.0310501529105919	0.0492987352935402	0.980207442508177	0.999579141577707	0.980207442508177	0.990338835732008	NA	"abundance"	80	80
"FUCCAT.PWY..fucose.degradation"	"Read_depth"	"Read_depth"	"Read_depth"	0.0375017156713952	0.0310501529105919	0.263906065426173	0.980663825645579	0.999579141577707	0.156172724418832	0.360298396627372	NA	"abundance"	80	74
"METHGLYUT.PWY..superpathway.of.methylglyoxal.degradation"	"Termness"	"preterm"	"Termnesspreterm"	0.130914603626016	0.14211559157611	0.425348114375819	0.979163630078969	0.999579141577707	0.740815104748973	0.852871171013524	NA	"abundance"	80	77
"ORNARGDEG.PWY..superpathway.of.L.arginine.and.L.ornithine.degradation"	"Termness"	"preterm"	"Termnesspreterm"	0.131327070523209	0.14211559157611	0.88898709098336	0.990377635438825	0.999579141577707	0.0610362144085286	0.232276704832456	NA	"abundance"	80	42
"P41.PWY..pyruvate.fermentation.to.acetate.and..S..lactate.I"	"Termness"	"preterm"	"Termnesspreterm"	0.144278511391879	0.14211559157611	0.187562184189743	0.991125489196687	0.999579141577707	0.991125489196687	0.994755985494111	NA	"abundance"	80	80
"PWY.181..photorespiration"	"Read_depth"	"Read_depth"	"Read_depth"	0.0145792382039714	0.0310501529105919	0.652421120130115	0.980264723797753	0.999579141577707	0.95916024867768	0.989435616316875	NA	"abundance"	80	16
"PWY.5941..glycogen.degradation.II"	"Termness"	"preterm"	"Termnesspreterm"	0.139765692216376	0.14211559157611	0.118785538111943	0.985519668648154	0.999579141577707	0.985519668648154	0.990338835732008	NA	"abundance"	80	80
"PWY.702..L.methionine.biosynthesis.II"	"Termness"	"preterm"	"Termnesspreterm"	0.14487501656004	0.14211559157611	0.111736981573964	0.982149978493961	0.999579141577707	0.982149978493961	0.990338835732008	NA	"abundance"	80	80
"PWY.7245..superpathway.of.NAD.NADP...NADH.NADPH.interconversion..yeast."	"Termness"	"preterm"	"Termnesspreterm"	0.1551559777947	0.14211559157611	1.45975678228768	0.992950321679924	0.999579141577707	0.0919676155350351	0.291060092858262	NA	"abundance"	80	25
"ARG.POLYAMINE.SYN..superpathway.of.arginine.and.polyamine.biosynthesis"	"Read_depth"	"Read_depth"	"Read_depth"	-0.001655830241234	0	0.579005297422183	0.997718225394739	0.999579141577707	0.0954606799538833	0.297576774384624	NA	"prevalence"	80	78
"COBALSYN.PWY..superpathway.of.adenosylcobalamin.salvage.from.cobinamide.I"	"Read_depth"	"Read_depth"	"Read_depth"	-0.001655830241234	0	0.579005297422183	0.997718225394739	0.999579141577707	0.941097143001336	0.984200828940328	NA	"prevalence"	80	78
"DENOVOPURINE2.PWY..superpathway.of.purine.nucleotides.de.novo.biosynthesis.II"	"Read_depth"	"Read_depth"	"Read_depth"	-0.00200269538432785	0	0.838310586002908	0.998093882823505	0.999579141577707	0.845035500926311	0.916833684898237	NA	"prevalence"	80	78
"GALACTARDEG.PWY..D.galactarate.degradation.I"	"Read_depth"	"Read_depth"	"Read_depth"	-0.001655830241234	0	0.579005297422183	0.997718225394739	0.999579141577707	0.0436674125173007	0.191859695439841	NA	"prevalence"	80	78
"GLUCARGALACTSUPER.PWY..superpathway.of.D.glucarate.and.D.galactarate.degradation"	"Read_depth"	"Read_depth"	"Read_depth"	-0.001655830241234	0	0.579005297422183	0.997718225394739	0.999579141577707	0.0437283921484981	0.191859695439841	NA	"prevalence"	80	78
"GLYCOLYSIS.E.D..superpathway.of.glycolysis.and.the.Entner.Doudoroff.pathway"	"Read_depth"	"Read_depth"	"Read_depth"	-0.001655830241234	0	0.579005297422183	0.997718225394739	0.999579141577707	0.159754070206056	0.360298396627372	NA	"prevalence"	80	78
"METHGLYUT.PWY..superpathway.of.methylglyoxal.degradation"	"Read_depth"	"Read_depth"	"Read_depth"	-0.0100565675179302	0	0.466147273830179	0.98278793415895	0.999579141577707	0.958560507204268	0.989435616316875	NA	"prevalence"	80	77
"P221.PWY..octane.oxidation"	"Read_depth"	"Read_depth"	"Read_depth"	0.0128778140110105	0	0.83051718709797	0.987628675943701	0.999579141577707	0.575376141957279	0.736696555590161	NA	"prevalence"	80	78
"P4.PWY..superpathway.of.L.lysine..L.threonine.and.L.methionine.biosynthesis.I"	"Read_depth"	"Read_depth"	"Read_depth"	-0.001655830241234	0	0.579005297422183	0.997718225394739	0.999579141577707	0.00258022290494499	0.038562604142996	NA	"prevalence"	80	78
"P42.PWY..incomplete.reductive.TCA.cycle"	"Read_depth"	"Read_depth"	"Read_depth"	-0.0148665297040289	0	0.923363812177344	0.987154291826295	0.999579141577707	0.979425666496334	0.990338835732008	NA	"prevalence"	80	79
"POLYAMSYN.PWY..superpathway.of.polyamine.biosynthesis.I"	"Read_depth"	"Read_depth"	"Read_depth"	-0.001655830241234	0	0.579005297422183	0.997718225394739	0.999579141577707	0.0789202695287646	0.270301923136019	NA	"prevalence"	80	78
"PWY.1861..formaldehyde.assimilation.II..assimilatory.RuMP.Cycle."	"Read_depth"	"Read_depth"	"Read_depth"	-0.0148665297040289	0	0.923363812177344	0.987154291826295	0.999579141577707	0.25161615666457	0.439126286153454	NA	"prevalence"	80	79
"PWY.6892..thiazole.component.of.thiamine.diphosphate.biosynthesis.I"	"Read_depth"	"Read_depth"	"Read_depth"	-0.001655830241234	0	0.579005297422183	0.997718225394739	0.999579141577707	0.919997410422003	0.968294329535066	NA	"prevalence"	80	78
"PWY.6895..superpathway.of.thiamine.diphosphate.biosynthesis.II"	"Read_depth"	"Read_depth"	"Read_depth"	-0.001655830241234	0	0.579005297422183	0.997718225394739	0.999579141577707	0.82362631657278	0.899098050760724	NA	"prevalence"	80	78
"PWY.7187..pyrimidine.deoxyribonucleotides.de.novo.biosynthesis.II"	"Read_depth"	"Read_depth"	"Read_depth"	-0.00200269538432785	0	0.838310586002908	0.998093882823505	0.999579141577707	0.248340488543155	0.436187781159132	NA	"prevalence"	80	78
"PWY.7254..TCA.cycle.VII..acetate.producers."	"Termness"	"preterm"	"Termnesspreterm"	0.00340360859593308	0	0.463413031958638	0.994139866281664	0.999579141577707	0.0763238928944875	0.265814129027363	NA	"prevalence"	80	50
"THISYN.PWY..superpathway.of.thiamine.diphosphate.biosynthesis.I"	"Read_depth"	"Read_depth"	"Read_depth"	-0.001655830241234	0	0.579005297422183	0.997718225394739	0.999579141577707	0.927925235096013	0.974143733395814	NA	"prevalence"	80	78
"PWY.5130..2.oxobutanoate.degradation.I"	"Read_depth"	"Read_depth"	"Read_depth"	0.0310501529105919	0.0310501529105919	0.298768368433985	1	1	0.402705150495337	0.591971273729917	NA	"abundance"	80	46
"X1CMET2.PWY..folate.transformations.III..E..coli."	"Termness"	"preterm"	"Termnesspreterm"	0.14211559157611	0.14211559157611	0.094793976846281	1	1	1	1	NA	"abundance"	80	80
"PWY.5030..L.histidine.degradation.III"	"Termness"	"preterm"	"Termnesspreterm"	-1.39472582126485	0	0.528600219398381	0.00832671297126545	0.105690182948201	0.0058461171829256	0.0632303726890111	"Prevalence association possibly induced by stronger abundance association"	"prevalence"	80	23
"PWY.5676..acetyl.CoA.fermentation.to.butanoate.II"	"Termness"	"preterm"	"Termnesspreterm"	-1.28213753425331	0	0.492040832418688	0.0091672184484784	0.110497772181166	0.000643393054220898	0.0188881818060564	"Prevalence association possibly induced by stronger abundance association"	"prevalence"	80	45
"PWY.7269..mitochondrial.NADPH.production..yeast."	"Termness"	"preterm"	"Termnesspreterm"	1.53430768136501	0	0.599946928275908	0.0105456152560229	0.121319642176127	0.000152792843093108	0.0144092398795092	"Prevalence association possibly induced by stronger abundance association"	"prevalence"	80	63
"PWY.7269..mitochondrial.NADPH.production..yeast."	"Read_depth"	"Read_depth"	"Read_depth"	0.672904235198993	0	0.370637626486643	0.0694422907086568	0.310081119156132	0.0162674071381298	0.110103168593869	"Prevalence association possibly induced by stronger abundance association"	"prevalence"	80	63
"LACTOSECAT.PWY..lactose.and.galactose.degradation.I"	"Termness"	"preterm"	"Termnesspreterm"	-1.5417842535823	0	1.65213914000781	0.350714212562891	0.644799980327148	0.00234580136921303	0.0382084600439842	"Prevalence association possibly induced by stronger abundance association"	"prevalence"	80	78
"PWY.5005..biotin.biosynthesis.II"	"Termness"	"preterm"	"Termnesspreterm"	-0.59022928689301	0	0.628403117770719	0.34760104847607	0.644799980327148	0.00157528507489735	0.0306563301998389	"Prevalence association possibly induced by stronger abundance association"	"prevalence"	80	67
"CRNFORCAT.PWY..creatinine.degradation.I"	"Read_depth"	"Read_depth"	"Read_depth"	0.285417548049353	0	0.327147437741336	0.382966657640186	0.676203666483785	0.0137559041555388	0.100911911229659	"Prevalence association possibly induced by stronger abundance association"	"prevalence"	80	19
"PWY.8131..5..deoxyadenosine.degradation.II"	"Termness"	"preterm"	"Termnesspreterm"	0.512705837493625	0	0.694993539186425	0.460688810526302	0.73470040162133	0.000478809387635337	0.0172974001290314	"Prevalence association possibly induced by stronger abundance association"	"prevalence"	80	71
"DTDPRHAMSYN.PWY..dTDP..beta..L.rhamnose.biosynthesis"	"Termness"	"preterm"	"Termnesspreterm"	-1.08459534942193	0	1.78078177275734	0.54248749728117	0.783507992645322	6.92940048327984e-05	0.011391934394512	"Prevalence association possibly induced by stronger abundance association"	"prevalence"	80	79
"PWY.241..C4.photosynthetic.carbon.assimilation.cycle..NADP.ME.type"	"Termness"	"preterm"	"Termnesspreterm"	-1.06518416726027	0	1.76377404279888	0.545894664629937	0.783507992645322	6.34941598094407e-05	0.011391934394512	"Prevalence association possibly induced by stronger abundance association"	"prevalence"	80	79
"FASYN.INITIAL.PWY..superpathway.of.fatty.acid.biosynthesis.initiation..E..coli."	"Termness"	"preterm"	"Termnesspreterm"	-0.225676511888381	0	0.453329863295745	0.618611167752961	0.833484115911396	0.000155040600237077	0.0144092398795092	"Prevalence association possibly induced by stronger abundance association"	"prevalence"	80	38
"P185.PWY..formaldehyde.assimilation.III..dihydroxyacetone.cycle."	"Termness"	"preterm"	"Termnesspreterm"	0.305284737993135	0	0.699374536957863	0.662465958344944	0.859035818817239	0.00885402953714021	0.0766106555739921	"Prevalence association possibly induced by stronger abundance association"	"prevalence"	80	70
"PWY0.781..aspartate.superpathway"	"Read_depth"	"Read_depth"	"Read_depth"	0.157803336792017	0	0.48022570186675	0.742456204481758	0.910151230630644	0.00829541690957258	0.0736293921539599	"Prevalence association possibly induced by stronger abundance association"	"prevalence"	80	77
"FOLSYN.PWY..superpathway.of.tetrahydrofolate.biosynthesis.and.salvage"	"Termness"	"preterm"	"Termnesspreterm"	-0.323199076139133	0	1.06797319307753	0.762173027679069	0.917408893885907	0.00919446544152347	0.0787276103430447	"Prevalence association possibly induced by stronger abundance association"	"prevalence"	80	77
"HOMOSER.METSYN.PWY..L.methionine.biosynthesis.I"	"Read_depth"	"Read_depth"	"Read_depth"	0.134512768901837	0	0.809606392549789	0.868042146569421	0.964601211634982	0.000758891381659188	0.019641064994352	"Prevalence association possibly induced by stronger abundance association"	"prevalence"	80	79
"MET.SAM.PWY..superpathway.of.S.adenosyl.L.methionine.biosynthesis"	"Read_depth"	"Read_depth"	"Read_depth"	0.134512768901837	0	0.809606392549789	0.868042146569421	0.964601211634982	0.000424241242011902	0.0172974001290314	"Prevalence association possibly induced by stronger abundance association"	"prevalence"	80	79
"METSYN.PWY..superpathway.of.L.homoserine.and.L.methionine.biosynthesis"	"Read_depth"	"Read_depth"	"Read_depth"	0.134512768901837	0	0.809606392549789	0.868042146569421	0.964601211634982	0.000547522318658178	0.0180025338374809	"Prevalence association possibly induced by stronger abundance association"	"prevalence"	80	79
"NAGLIPASYN.PWY..lipid.IVA.biosynthesis..E..coli."	"Read_depth"	"Read_depth"	"Read_depth"	0.134512768901837	0	0.809606392549789	0.868042146569421	0.964601211634982	0.0275528776506144	0.148029185809183	"Prevalence association possibly induced by stronger abundance association"	"prevalence"	80	79
"P4.PWY..superpathway.of.L.lysine..L.threonine.and.L.methionine.biosynthesis.I"	"Termness"	"preterm"	"Termnesspreterm"	0.173914912536938	0	1.1883297278608	0.883643198677956	0.964601211634982	0.00205994841920609	0.0352766166789043	"Prevalence association possibly induced by stronger abundance association"	"prevalence"	80	78
"PWY.5347..superpathway.of.L.methionine.biosynthesis..transsulfuration."	"Read_depth"	"Read_depth"	"Read_depth"	0.134512768901837	0	0.809606392549789	0.868042146569421	0.964601211634982	0.000516380400834349	0.0176860287285764	"Prevalence association possibly induced by stronger abundance association"	"prevalence"	80	79
"PWY.8073..lipid.IVA.biosynthesis..P..putida."	"Read_depth"	"Read_depth"	"Read_depth"	0.134512768901837	0	0.809606392549789	0.868042146569421	0.964601211634982	0.0274462171485297	0.148029185809183	"Prevalence association possibly induced by stronger abundance association"	"prevalence"	80	79
"PWY0.1261..anhydromuropeptides.recycling.I"	"Read_depth"	"Read_depth"	"Read_depth"	0.134512768901837	0	0.809606392549789	0.868042146569421	0.964601211634982	0.0203439026593455	0.123871762859126	"Prevalence association possibly induced by stronger abundance association"	"prevalence"	80	79
"PWY0.1479..tRNA.processing"	"Read_depth"	"Read_depth"	"Read_depth"	0.134512768901837	0	0.809606392549789	0.868042146569421	0.964601211634982	0.0544922615434782	0.218908343316828	"Prevalence association possibly induced by stronger abundance association"	"prevalence"	80	79
"PWY0.301..L.ascorbate.degradation.I..bacterial..anaerobic."	"Termness"	"preterm"	"Termnesspreterm"	0.399272515655528	0	1.9363251680127	0.836633773752554	0.964601211634982	0.0163136368609684	0.110103168593869	"Prevalence association possibly induced by stronger abundance association"	"prevalence"	80	79
"PWY.6549..L.glutamine.biosynthesis.III"	"Termness"	"preterm"	"Termnesspreterm"	-0.0353552329002468	0	0.560528700630013	0.949706944977132	0.987826308284494	0.00554354503047516	0.0612611973923143	"Prevalence association possibly induced by stronger abundance association"	"prevalence"	80	64
"PRPP.PWY..superpathway.of.histidine..purine..and.pyrimidine.biosynthesis"	"Termness"	"preterm"	"Termnesspreterm"	0.010265051343051	0	1.01834190240504	0.991957330575786	0.999579141577707	0.0110042523744448	0.0861475757313679	"Prevalence association possibly induced by stronger abundance association"	"prevalence"	80	76
"UDPNACETYLGALSYN.PWY..UDP.N.acetyl.D.glucosamine.biosynthesis.II"	"Read_depth"	"Read_depth"	"Read_depth"	NA	NA	NA	NA	NA	0.166425090107481	0.363949894116	"contrasts can be applied only to factors with 2 or more levels"	"abundance"	80	9
"UDPNACETYLGALSYN.PWY..UDP.N.acetyl.D.glucosamine.biosynthesis.II"	"Termness"	"preterm"	"Termnesspreterm"	NA	NA	NA	NA	NA	0.0252428104497828	0.141894718563069	"contrasts can be applied only to factors with 2 or more levels"	"abundance"	80	9
"ANAEROFRUCAT.PWY..homolactic.fermentation"	"Read_depth"	"Read_depth"	"Read_depth"	NA	0	NA	NA	NA	0.535769948292291	0.707150907148878	"All logistic values are the same"	"prevalence"	80	80
"ANAEROFRUCAT.PWY..homolactic.fermentation"	"Termness"	"preterm"	"Termnesspreterm"	NA	0	NA	NA	NA	0.659818675175547	0.797990680524194	"All logistic values are the same"	"prevalence"	80	80
"ANAGLYCOLYSIS.PWY..glycolysis.III..from.glucose."	"Read_depth"	"Read_depth"	"Read_depth"	NA	0	NA	NA	NA	0.0179725833758719	0.114522973139277	"All logistic values are the same"	"prevalence"	80	80
"ANAGLYCOLYSIS.PWY..glycolysis.III..from.glucose."	"Termness"	"preterm"	"Termnesspreterm"	NA	0	NA	NA	NA	0.0233228532645708	0.134065632052288	"All logistic values are the same"	"prevalence"	80	80
"ARGININE.SYN4.PWY..L.ornithine.biosynthesis.II"	"Read_depth"	"Read_depth"	"Read_depth"	NA	0	NA	NA	NA	0.807496256432432	0.89008136435291	"All logistic values are the same"	"prevalence"	80	80
"ARGININE.SYN4.PWY..L.ornithine.biosynthesis.II"	"Termness"	"preterm"	"Termnesspreterm"	NA	0	NA	NA	NA	0.204753172657084	0.395425557987138	"All logistic values are the same"	"prevalence"	80	80
"ARGSYN.PWY..L.arginine.biosynthesis.I..via.L.ornithine."	"Read_depth"	"Read_depth"	"Read_depth"	NA	0	NA	NA	NA	0.980207442508177	0.990338835732008	"All logistic values are the same"	"prevalence"	80	80
"ARGSYN.PWY..L.arginine.biosynthesis.I..via.L.ornithine."	"Termness"	"preterm"	"Termnesspreterm"	NA	0	NA	NA	NA	0.106953268233472	0.317721237977824	"All logistic values are the same"	"prevalence"	80	80
"ARGSYNBSUB.PWY..L.arginine.biosynthesis.II..acetyl.cycle."	"Read_depth"	"Read_depth"	"Read_depth"	NA	0	NA	NA	NA	0.0461078169946409	0.196376298288056	"All logistic values are the same"	"prevalence"	80	80
"ARGSYNBSUB.PWY..L.arginine.biosynthesis.II..acetyl.cycle."	"Termness"	"preterm"	"Termnesspreterm"	NA	0	NA	NA	NA	0.0449493908345691	0.192439579510499	"All logistic values are the same"	"prevalence"	80	80
"ARO.PWY..chorismate.biosynthesis.I"	"Read_depth"	"Read_depth"	"Read_depth"	NA	0	NA	NA	NA	0.171498931963567	0.369453246519647	"All logistic values are the same"	"prevalence"	80	80
"ARO.PWY..chorismate.biosynthesis.I"	"Termness"	"preterm"	"Termnesspreterm"	NA	0	NA	NA	NA	0.00686352705136506	0.0686624576463304	"All logistic values are the same"	"prevalence"	80	80
"ASPASN.PWY..superpathway.of.L.aspartate.and.L.asparagine.biosynthesis"	"Read_depth"	"Read_depth"	"Read_depth"	NA	0	NA	NA	NA	0.811035209124488	0.89008136435291	"All logistic values are the same"	"prevalence"	80	80
"ASPASN.PWY..superpathway.of.L.aspartate.and.L.asparagine.biosynthesis"	"Termness"	"preterm"	"Termnesspreterm"	NA	0	NA	NA	NA	0.94278059800914	0.984548469768208	"All logistic values are the same"	"prevalence"	80	80
"BRANCHED.CHAIN.AA.SYN.PWY..superpathway.of.branched.chain.amino.acid.biosynthesis"	"Read_depth"	"Read_depth"	"Read_depth"	NA	0	NA	NA	NA	0.70686366543717	0.821841489376738	"All logistic values are the same"	"prevalence"	80	80
"BRANCHED.CHAIN.AA.SYN.PWY..superpathway.of.branched.chain.amino.acid.biosynthesis"	"Termness"	"preterm"	"Termnesspreterm"	NA	0	NA	NA	NA	0.204609582840448	0.395425557987138	"All logistic values are the same"	"prevalence"	80	80
"CALVIN.PWY..Calvin.Benson.Bassham.cycle"	"Read_depth"	"Read_depth"	"Read_depth"	NA	0	NA	NA	NA	0.286474776609037	0.475721750247735	"All logistic values are the same"	"prevalence"	80	80
"CALVIN.PWY..Calvin.Benson.Bassham.cycle"	"Termness"	"preterm"	"Termnesspreterm"	NA	0	NA	NA	NA	0.746661028279478	0.857200230790127	"All logistic values are the same"	"prevalence"	80	80
"CITRULBIO.PWY..L.citrulline.biosynthesis"	"Read_depth"	"Read_depth"	"Read_depth"	NA	0	NA	NA	NA	0.497196211922781	0.677391949071449	"All logistic values are the same"	"prevalence"	80	80
"CITRULBIO.PWY..L.citrulline.biosynthesis"	"Termness"	"preterm"	"Termnesspreterm"	NA	0	NA	NA	NA	0.147998103962515	0.360298396627372	"All logistic values are the same"	"prevalence"	80	80
"COA.PWY..coenzyme.A.biosynthesis.I..prokaryotic."	"Read_depth"	"Read_depth"	"Read_depth"	NA	0	NA	NA	NA	0.0146700112990467	0.103954735239796	"All logistic values are the same"	"prevalence"	80	80
"COA.PWY..coenzyme.A.biosynthesis.I..prokaryotic."	"Termness"	"preterm"	"Termnesspreterm"	NA	0	NA	NA	NA	0.000476797167455523	0.0172974001290314	"All logistic values are the same"	"prevalence"	80	80
"COA.PWY.1..superpathway.of.coenzyme.A.biosynthesis.III..mammals."	"Read_depth"	"Read_depth"	"Read_depth"	NA	0	NA	NA	NA	0.0171450189537898	0.110103168593869	"All logistic values are the same"	"prevalence"	80	80
"COA.PWY.1..superpathway.of.coenzyme.A.biosynthesis.III..mammals."	"Termness"	"preterm"	"Termnesspreterm"	NA	0	NA	NA	NA	0.000416732804921272	0.0172974001290314	"All logistic values are the same"	"prevalence"	80	80
"COMPLETE.ARO.PWY..superpathway.of.aromatic.amino.acid.biosynthesis"	"Read_depth"	"Read_depth"	"Read_depth"	NA	0	NA	NA	NA	0.202782494549815	0.394993389857696	"All logistic values are the same"	"prevalence"	80	80
"COMPLETE.ARO.PWY..superpathway.of.aromatic.amino.acid.biosynthesis"	"Termness"	"preterm"	"Termnesspreterm"	NA	0	NA	NA	NA	0.00507193758467417	0.0595590384943167	"All logistic values are the same"	"prevalence"	80	80
"DAPLYSINESYN.PWY..L.lysine.biosynthesis.I"	"Read_depth"	"Read_depth"	"Read_depth"	NA	0	NA	NA	NA	0.0492759402081293	0.203541823372273	"All logistic values are the same"	"prevalence"	80	80
"DAPLYSINESYN.PWY..L.lysine.biosynthesis.I"	"Termness"	"preterm"	"Termnesspreterm"	NA	0	NA	NA	NA	0.0699762454689439	0.247933076618413	"All logistic values are the same"	"prevalence"	80	80
"FASYN.ELONG.PWY..fatty.acid.elongation....saturated"	"Read_depth"	"Read_depth"	"Read_depth"	NA	0	NA	NA	NA	0.146966959394639	0.360298396627372	"All logistic values are the same"	"prevalence"	80	80
"FASYN.ELONG.PWY..fatty.acid.elongation....saturated"	"Termness"	"preterm"	"Termnesspreterm"	NA	0	NA	NA	NA	0.0306469252463266	0.160457150015799	"All logistic values are the same"	"prevalence"	80	80
"FERMENTATION.PWY..mixed.acid.fermentation"	"Read_depth"	"Read_depth"	"Read_depth"	NA	0	NA	NA	NA	0.0248519462284555	0.1418631930541	"All logistic values are the same"	"prevalence"	80	80
"FERMENTATION.PWY..mixed.acid.fermentation"	"Termness"	"preterm"	"Termnesspreterm"	NA	0	NA	NA	NA	0.0113921648551414	0.0883430142540209	"All logistic values are the same"	"prevalence"	80	80
"GLCMANNANAUT.PWY..superpathway.of.N.acetylglucosamine..N.acetylmannosamine.and.N.acetylneuraminate.degradation"	"Read_depth"	"Read_depth"	"Read_depth"	NA	0	NA	NA	NA	0.153017582235779	0.360298396627372	"All logistic values are the same"	"prevalence"	80	80
"GLCMANNANAUT.PWY..superpathway.of.N.acetylglucosamine..N.acetylmannosamine.and.N.acetylneuraminate.degradation"	"Termness"	"preterm"	"Termnesspreterm"	NA	0	NA	NA	NA	0.121467750890692	0.328545193627471	"All logistic values are the same"	"prevalence"	80	80
"GLUCONEO.PWY..gluconeogenesis.I"	"Read_depth"	"Read_depth"	"Read_depth"	NA	0	NA	NA	NA	0.537675568087651	0.707150907148878	"All logistic values are the same"	"prevalence"	80	80
"GLUCONEO.PWY..gluconeogenesis.I"	"Termness"	"preterm"	"Termnesspreterm"	NA	0	NA	NA	NA	0.279549006375465	0.46800261352471	"All logistic values are the same"	"prevalence"	80	80
"GLUTORN.PWY..L.ornithine.biosynthesis.I"	"Read_depth"	"Read_depth"	"Read_depth"	NA	0	NA	NA	NA	0.0302686667554373	0.159492590211343	"All logistic values are the same"	"prevalence"	80	80
"GLUTORN.PWY..L.ornithine.biosynthesis.I"	"Termness"	"preterm"	"Termnesspreterm"	NA	0	NA	NA	NA	0.949374370167878	0.987830040858222	"All logistic values are the same"	"prevalence"	80	80
"GLYCOGENSYNTH.PWY..glycogen.biosynthesis.I..from.ADP.D.Glucose."	"Read_depth"	"Read_depth"	"Read_depth"	NA	0	NA	NA	NA	0.225401025199669	0.413570631058321	"All logistic values are the same"	"prevalence"	80	80
"GLYCOGENSYNTH.PWY..glycogen.biosynthesis.I..from.ADP.D.Glucose."	"Termness"	"preterm"	"Termnesspreterm"	NA	0	NA	NA	NA	0.599244764859203	0.746332116233735	"All logistic values are the same"	"prevalence"	80	80
"GLYCOLYSIS..glycolysis.I..from.glucose.6.phosphate."	"Read_depth"	"Read_depth"	"Read_depth"	NA	0	NA	NA	NA	0.667548450085639	0.797990680524194	"All logistic values are the same"	"prevalence"	80	80
"GLYCOLYSIS..glycolysis.I..from.glucose.6.phosphate."	"Termness"	"preterm"	"Termnesspreterm"	NA	0	NA	NA	NA	0.440057537243864	0.623667751059407	"All logistic values are the same"	"prevalence"	80	80
"HEME.BIOSYNTHESIS.II..heme.b.biosynthesis.I..aerobic."	"Read_depth"	"Read_depth"	"Read_depth"	NA	0	NA	NA	NA	0.706500167964117	0.821841489376738	"All logistic values are the same"	"prevalence"	80	80
"HEME.BIOSYNTHESIS.II..heme.b.biosynthesis.I..aerobic."	"Termness"	"preterm"	"Termnesspreterm"	NA	0	NA	NA	NA	0.00289632236303761	0.0414561675493732	"All logistic values are the same"	"prevalence"	80	80
"HEMESYN2.PWY..heme.b.biosynthesis.II..oxygen.independent."	"Read_depth"	"Read_depth"	"Read_depth"	NA	0	NA	NA	NA	0.598971279161125	0.746332116233735	"All logistic values are the same"	"prevalence"	80	80
"HEMESYN2.PWY..heme.b.biosynthesis.II..oxygen.independent."	"Termness"	"preterm"	"Termnesspreterm"	NA	0	NA	NA	NA	0.022389203978153	0.132534554581692	"All logistic values are the same"	"prevalence"	80	80
"HISTSYN.PWY..L.histidine.biosynthesis"	"Read_depth"	"Read_depth"	"Read_depth"	NA	0	NA	NA	NA	0.613087405081619	0.759083826616195	"All logistic values are the same"	"prevalence"	80	80
"HISTSYN.PWY..L.histidine.biosynthesis"	"Termness"	"preterm"	"Termnesspreterm"	NA	0	NA	NA	NA	0.001678266251816	0.0306563301998389	"All logistic values are the same"	"prevalence"	80	80
"ILEUSYN.PWY..L.isoleucine.biosynthesis.I..from.threonine."	"Read_depth"	"Read_depth"	"Read_depth"	NA	0	NA	NA	NA	0.638972297695494	0.780438675639964	"All logistic values are the same"	"prevalence"	80	80
"ILEUSYN.PWY..L.isoleucine.biosynthesis.I..from.threonine."	"Termness"	"preterm"	"Termnesspreterm"	NA	0	NA	NA	NA	0.406890230726768	0.591971273729917	"All logistic values are the same"	"prevalence"	80	80
"NONMEVIPP.PWY..methylerythritol.phosphate.pathway.I"	"Read_depth"	"Read_depth"	"Read_depth"	NA	0	NA	NA	NA	0.0342608752824267	0.172775702344508	"All logistic values are the same"	"prevalence"	80	80
"NONMEVIPP.PWY..methylerythritol.phosphate.pathway.I"	"Termness"	"preterm"	"Termnesspreterm"	NA	0	NA	NA	NA	0.000245412844663173	0.0144092398795092	"All logistic values are the same"	"prevalence"	80	80
"NONOXIPENT.PWY..pentose.phosphate.pathway..non.oxidative.branch..I"	"Read_depth"	"Read_depth"	"Read_depth"	NA	0	NA	NA	NA	0.459016363544134	0.642779302952774	"All logistic values are the same"	"prevalence"	80	80
"NONOXIPENT.PWY..pentose.phosphate.pathway..non.oxidative.branch..I"	"Termness"	"preterm"	"Termnesspreterm"	NA	0	NA	NA	NA	0.190191645776772	0.389178670223604	"All logistic values are the same"	"prevalence"	80	80
"P161.PWY..acetylene.degradation..anaerobic."	"Read_depth"	"Read_depth"	"Read_depth"	NA	0	NA	NA	NA	0.245829418540105	0.43425190523883	"All logistic values are the same"	"prevalence"	80	80
"P161.PWY..acetylene.degradation..anaerobic."	"Termness"	"preterm"	"Termnesspreterm"	NA	0	NA	NA	NA	0.00237059788594063	0.0382084600439842	"All logistic values are the same"	"prevalence"	80	80
"P41.PWY..pyruvate.fermentation.to.acetate.and..S..lactate.I"	"Read_depth"	"Read_depth"	"Read_depth"	NA	0	NA	NA	NA	0.183744782373323	0.382375218002207	"All logistic values are the same"	"prevalence"	80	80
"P41.PWY..pyruvate.fermentation.to.acetate.and..S..lactate.I"	"Termness"	"preterm"	"Termnesspreterm"	NA	0	NA	NA	NA	0.991125489196687	0.994755985494111	"All logistic values are the same"	"prevalence"	80	80
"P441.PWY..superpathway.of.N.acetylneuraminate.degradation"	"Read_depth"	"Read_depth"	"Read_depth"	NA	0	NA	NA	NA	0.491313711505805	0.674223490580588	"All logistic values are the same"	"prevalence"	80	80
"P441.PWY..superpathway.of.N.acetylneuraminate.degradation"	"Termness"	"preterm"	"Termnesspreterm"	NA	0	NA	NA	NA	0.514530888404146	0.68995822229724	"All logistic values are the same"	"prevalence"	80	80
"PANTO.PWY..phosphopantothenate.biosynthesis.I"	"Read_depth"	"Read_depth"	"Read_depth"	NA	0	NA	NA	NA	0.0991051517933046	0.302499433812494	"All logistic values are the same"	"prevalence"	80	80
"PANTO.PWY..phosphopantothenate.biosynthesis.I"	"Termness"	"preterm"	"Termnesspreterm"	NA	0	NA	NA	NA	0.229366615757295	0.418047357322608	"All logistic values are the same"	"prevalence"	80	80
"PANTOSYN.PWY..superpathway.of.coenzyme.A.biosynthesis.I..bacteria."	"Read_depth"	"Read_depth"	"Read_depth"	NA	0	NA	NA	NA	0.406364228001922	0.591971273729917	"All logistic values are the same"	"prevalence"	80	80
"PANTOSYN.PWY..superpathway.of.coenzyme.A.biosynthesis.I..bacteria."	"Termness"	"preterm"	"Termnesspreterm"	NA	0	NA	NA	NA	0.269514461849913	0.458676786005442	"All logistic values are the same"	"prevalence"	80	80
"PENTOSE.P.PWY..pentose.phosphate.pathway"	"Read_depth"	"Read_depth"	"Read_depth"	NA	0	NA	NA	NA	0.123150621473629	0.33081637533112	"All logistic values are the same"	"prevalence"	80	80
"PENTOSE.P.PWY..pentose.phosphate.pathway"	"Termness"	"preterm"	"Termnesspreterm"	NA	0	NA	NA	NA	0.0882002248396634	0.288846951466945	"All logistic values are the same"	"prevalence"	80	80
"PEPTIDOGLYCANSYN.PWY..peptidoglycan.biosynthesis.I..meso.diaminopimelate.containing."	"Read_depth"	"Read_depth"	"Read_depth"	NA	0	NA	NA	NA	0.0410595250412356	0.18961196395447	"All logistic values are the same"	"prevalence"	80	80
"PEPTIDOGLYCANSYN.PWY..peptidoglycan.biosynthesis.I..meso.diaminopimelate.containing."	"Termness"	"preterm"	"Termnesspreterm"	NA	0	NA	NA	NA	0.000961969465867352	0.0225925400269418	"All logistic values are the same"	"prevalence"	80	80
"POLYISOPRENSYN.PWY..polyisoprenoid.biosynthesis..E..coli."	"Read_depth"	"Read_depth"	"Read_depth"	NA	0	NA	NA	NA	0.237325518945348	0.425858544708136	"All logistic values are the same"	"prevalence"	80	80
"POLYISOPRENSYN.PWY..polyisoprenoid.biosynthesis..E..coli."	"Termness"	"preterm"	"Termnesspreterm"	NA	0	NA	NA	NA	0.149766578662226	0.360298396627372	"All logistic values are the same"	"prevalence"	80	80
"PWY.1042..glycolysis.IV"	"Read_depth"	"Read_depth"	"Read_depth"	NA	0	NA	NA	NA	0.0915189035901773	0.291060092858262	"All logistic values are the same"	"prevalence"	80	80
"PWY.1042..glycolysis.IV"	"Termness"	"preterm"	"Termnesspreterm"	NA	0	NA	NA	NA	0.152038291434934	0.360298396627372	"All logistic values are the same"	"prevalence"	80	80
"PWY.2941..L.lysine.biosynthesis.II"	"Read_depth"	"Read_depth"	"Read_depth"	NA	0	NA	NA	NA	0.174178245379145	0.370118538341241	"All logistic values are the same"	"prevalence"	80	80
"PWY.2941..L.lysine.biosynthesis.II"	"Termness"	"preterm"	"Termnesspreterm"	NA	0	NA	NA	NA	0.000216556593778838	0.0144092398795092	"All logistic values are the same"	"prevalence"	80	80
"PWY.3001..superpathway.of.L.isoleucine.biosynthesis.I"	"Read_depth"	"Read_depth"	"Read_depth"	NA	0	NA	NA	NA	0.960546985183536	0.989435616316875	"All logistic values are the same"	"prevalence"	80	80
"PWY.3001..superpathway.of.L.isoleucine.biosynthesis.I"	"Termness"	"preterm"	"Termnesspreterm"	NA	0	NA	NA	NA	0.786168385341694	0.880762585642404	"All logistic values are the same"	"prevalence"	80	80
"PWY.3841..folate.transformations.II..plants."	"Read_depth"	"Read_depth"	"Read_depth"	NA	0	NA	NA	NA	0.062739822277348	0.236569421614587	"All logistic values are the same"	"prevalence"	80	80
"PWY.3841..folate.transformations.II..plants."	"Termness"	"preterm"	"Termnesspreterm"	NA	0	NA	NA	NA	2.29318104768561e-05	0.00628331607065857	"All logistic values are the same"	"prevalence"	80	80
"PWY.5097..L.lysine.biosynthesis.VI"	"Read_depth"	"Read_depth"	"Read_depth"	NA	0	NA	NA	NA	0.0917023568153911	0.291060092858262	"All logistic values are the same"	"prevalence"	80	80
"PWY.5097..L.lysine.biosynthesis.VI"	"Termness"	"preterm"	"Termnesspreterm"	NA	0	NA	NA	NA	0.0170609584969967	0.110103168593869	"All logistic values are the same"	"prevalence"	80	80
"PWY.5100..pyruvate.fermentation.to.acetate.and.lactate.II"	"Read_depth"	"Read_depth"	"Read_depth"	NA	0	NA	NA	NA	0.191529807456134	0.389178670223604	"All logistic values are the same"	"prevalence"	80	80
"PWY.5100..pyruvate.fermentation.to.acetate.and.lactate.II"	"Termness"	"preterm"	"Termnesspreterm"	NA	0	NA	NA	NA	0.954549137084677	0.989435616316875	"All logistic values are the same"	"prevalence"	80	80
"PWY.5103..L.isoleucine.biosynthesis.III"	"Read_depth"	"Read_depth"	"Read_depth"	NA	0	NA	NA	NA	0.769980896039587	0.865833511004844	"All logistic values are the same"	"prevalence"	80	80
"PWY.5103..L.isoleucine.biosynthesis.III"	"Termness"	"preterm"	"Termnesspreterm"	NA	0	NA	NA	NA	0.544380298370512	0.710509299778232	"All logistic values are the same"	"prevalence"	80	80
"PWY.5121..superpathway.of.geranylgeranyl.diphosphate.biosynthesis.II..via.MEP."	"Read_depth"	"Read_depth"	"Read_depth"	NA	0	NA	NA	NA	0.749415101885369	0.85796547876013	"All logistic values are the same"	"prevalence"	80	80
"PWY.5121..superpathway.of.geranylgeranyl.diphosphate.biosynthesis.II..via.MEP."	"Termness"	"preterm"	"Termnesspreterm"	NA	0	NA	NA	NA	0.014116928851079	0.101790486978832	"All logistic values are the same"	"prevalence"	80	80
"PWY.5154..L.arginine.biosynthesis.III..via.N.acetyl.L.citrulline."	"Read_depth"	"Read_depth"	"Read_depth"	NA	0	NA	NA	NA	0.00693307054093117	0.0686624576463304	"All logistic values are the same"	"prevalence"	80	80
"PWY.5154..L.arginine.biosynthesis.III..via.N.acetyl.L.citrulline."	"Termness"	"preterm"	"Termnesspreterm"	NA	0	NA	NA	NA	0.0636357598211326	0.236679124046249	"All logistic values are the same"	"prevalence"	80	80
"PWY.5188..tetrapyrrole.biosynthesis.I..from.glutamate."	"Read_depth"	"Read_depth"	"Read_depth"	NA	0	NA	NA	NA	0.0569995027579178	0.225257650322156	"All logistic values are the same"	"prevalence"	80	80
"PWY.5188..tetrapyrrole.biosynthesis.I..from.glutamate."	"Termness"	"preterm"	"Termnesspreterm"	NA	0	NA	NA	NA	0.425673837665624	0.610652521049115	"All logistic values are the same"	"prevalence"	80	80
"PWY.5189..tetrapyrrole.biosynthesis.II..from.glycine."	"Read_depth"	"Read_depth"	"Read_depth"	NA	0	NA	NA	NA	0.191450391175167	0.389178670223604	"All logistic values are the same"	"prevalence"	80	80
"PWY.5189..tetrapyrrole.biosynthesis.II..from.glycine."	"Termness"	"preterm"	"Termnesspreterm"	NA	0	NA	NA	NA	0.21923936340903	0.405671088244994	"All logistic values are the same"	"prevalence"	80	80
"PWY.5384..sucrose.degradation.IV..sucrose.phosphorylase."	"Read_depth"	"Read_depth"	"Read_depth"	NA	0	NA	NA	NA	0.477136688783665	0.662450199844239	"All logistic values are the same"	"prevalence"	80	80
"PWY.5384..sucrose.degradation.IV..sucrose.phosphorylase."	"Termness"	"preterm"	"Termnesspreterm"	NA	0	NA	NA	NA	0.0545939299026154	0.218908343316828	"All logistic values are the same"	"prevalence"	80	80
"PWY.5484..glycolysis.II..from.fructose.6.phosphate."	"Read_depth"	"Read_depth"	"Read_depth"	NA	0	NA	NA	NA	0.665125880507789	0.797990680524194	"All logistic values are the same"	"prevalence"	80	80
"PWY.5484..glycolysis.II..from.fructose.6.phosphate."	"Termness"	"preterm"	"Termnesspreterm"	NA	0	NA	NA	NA	0.364649467478391	0.554051501418184	"All logistic values are the same"	"prevalence"	80	80
"PWY.5659..GDP.mannose.biosynthesis"	"Read_depth"	"Read_depth"	"Read_depth"	NA	0	NA	NA	NA	0.116966818013894	0.322640014790003	"All logistic values are the same"	"prevalence"	80	80
"PWY.5659..GDP.mannose.biosynthesis"	"Termness"	"preterm"	"Termnesspreterm"	NA	0	NA	NA	NA	0.114667578650675	0.320601189288621	"All logistic values are the same"	"prevalence"	80	80
"PWY.5667..CDP.diacylglycerol.biosynthesis.I"	"Read_depth"	"Read_depth"	"Read_depth"	NA	0	NA	NA	NA	0.0684422895275054	0.244447677293407	"All logistic values are the same"	"prevalence"	80	80
"PWY.5667..CDP.diacylglycerol.biosynthesis.I"	"Termness"	"preterm"	"Termnesspreterm"	NA	0	NA	NA	NA	0.198685152325865	0.389178670223604	"All logistic values are the same"	"prevalence"	80	80
"PWY.5686..UMP.biosynthesis.I"	"Read_depth"	"Read_depth"	"Read_depth"	NA	0	NA	NA	NA	0.270184793777302	0.458867562985417	"All logistic values are the same"	"prevalence"	80	80
"PWY.5686..UMP.biosynthesis.I"	"Termness"	"preterm"	"Termnesspreterm"	NA	0	NA	NA	NA	0.00738689267879877	0.0722860212139594	"All logistic values are the same"	"prevalence"	80	80
"PWY.5695..inosine.5..phosphate.degradation"	"Read_depth"	"Read_depth"	"Read_depth"	NA	0	NA	NA	NA	0.0214369711574733	0.12862182694484	"All logistic values are the same"	"prevalence"	80	80
"PWY.5695..inosine.5..phosphate.degradation"	"Termness"	"preterm"	"Termnesspreterm"	NA	0	NA	NA	NA	0.137474031697066	0.350441043346896	"All logistic values are the same"	"prevalence"	80	80
"PWY.5837..2.carboxy.1.4.naphthoquinol.biosynthesis"	"Read_depth"	"Read_depth"	"Read_depth"	NA	0	NA	NA	NA	0.366602696773072	0.554967618319457	"All logistic values are the same"	"prevalence"	80	80
"PWY.5837..2.carboxy.1.4.naphthoquinol.biosynthesis"	"Termness"	"preterm"	"Termnesspreterm"	NA	0	NA	NA	NA	0.00764777258295513	0.0730984774789432	"All logistic values are the same"	"prevalence"	80	80
"PWY.5840..superpathway.of.menaquinol.7.biosynthesis"	"Read_depth"	"Read_depth"	"Read_depth"	NA	0	NA	NA	NA	0.3777071029609	0.56656065444135	"All logistic values are the same"	"prevalence"	80	80
"PWY.5840..superpathway.of.menaquinol.7.biosynthesis"	"Termness"	"preterm"	"Termnesspreterm"	NA	0	NA	NA	NA	0.0153063225090102	0.107536727370995	"All logistic values are the same"	"prevalence"	80	80
"PWY.5897..superpathway.of.menaquinol.11.biosynthesis"	"Read_depth"	"Read_depth"	"Read_depth"	NA	0	NA	NA	NA	0.309797109410336	0.501306133259161	"All logistic values are the same"	"prevalence"	80	80
"PWY.5897..superpathway.of.menaquinol.11.biosynthesis"	"Termness"	"preterm"	"Termnesspreterm"	NA	0	NA	NA	NA	0.00813901484574853	0.0736293921539599	"All logistic values are the same"	"prevalence"	80	80
"PWY.5898..superpathway.of.menaquinol.12.biosynthesis"	"Read_depth"	"Read_depth"	"Read_depth"	NA	0	NA	NA	NA	0.311766893496346	0.501511519479445	"All logistic values are the same"	"prevalence"	80	80
"PWY.5898..superpathway.of.menaquinol.12.biosynthesis"	"Termness"	"preterm"	"Termnesspreterm"	NA	0	NA	NA	NA	0.00801292349157467	0.0736293921539599	"All logistic values are the same"	"prevalence"	80	80
"PWY.5899..superpathway.of.menaquinol.13.biosynthesis"	"Read_depth"	"Read_depth"	"Read_depth"	NA	0	NA	NA	NA	0.31041949127605	0.501306133259161	"All logistic values are the same"	"prevalence"	80	80
"PWY.5899..superpathway.of.menaquinol.13.biosynthesis"	"Termness"	"preterm"	"Termnesspreterm"	NA	0	NA	NA	NA	0.00813086676634756	0.0736293921539599	"All logistic values are the same"	"prevalence"	80	80
"PWY.5913..partial.TCA.cycle..obligate.autotrophs."	"Read_depth"	"Read_depth"	"Read_depth"	NA	0	NA	NA	NA	0.25654216019671	0.444889568948726	"All logistic values are the same"	"prevalence"	80	80
"PWY.5913..partial.TCA.cycle..obligate.autotrophs."	"Termness"	"preterm"	"Termnesspreterm"	NA	0	NA	NA	NA	0.00615930158540934	0.0641642330977479	"All logistic values are the same"	"prevalence"	80	80
"PWY.5918..superpathway.of.heme.b.biosynthesis.from.glutamate"	"Read_depth"	"Read_depth"	"Read_depth"	NA	0	NA	NA	NA	0.636198988465213	0.77863002659809	"All logistic values are the same"	"prevalence"	80	80
"PWY.5918..superpathway.of.heme.b.biosynthesis.from.glutamate"	"Termness"	"preterm"	"Termnesspreterm"	NA	0	NA	NA	NA	0.028595585594249	0.152633580249823	"All logistic values are the same"	"prevalence"	80	80
"PWY.5941..glycogen.degradation.II"	"Read_depth"	"Read_depth"	"Read_depth"	NA	0	NA	NA	NA	0.116219608160045	0.322640014790003	"All logistic values are the same"	"prevalence"	80	80
"PWY.5941..glycogen.degradation.II"	"Termness"	"preterm"	"Termnesspreterm"	NA	0	NA	NA	NA	0.985519668648154	0.990338835732008	"All logistic values are the same"	"prevalence"	80	80
"PWY.5973..cis.vaccenate.biosynthesis"	"Read_depth"	"Read_depth"	"Read_depth"	NA	0	NA	NA	NA	0.232808273061965	0.422265327924023	"All logistic values are the same"	"prevalence"	80	80
"PWY.5973..cis.vaccenate.biosynthesis"	"Termness"	"preterm"	"Termnesspreterm"	NA	0	NA	NA	NA	0.48634831556053	0.669645419415001	"All logistic values are the same"	"prevalence"	80	80
"PWY.5981..CDP.diacylglycerol.biosynthesis.III"	"Read_depth"	"Read_depth"	"Read_depth"	NA	0	NA	NA	NA	0.186306520774137	0.384783819287288	"All logistic values are the same"	"prevalence"	80	80
"PWY.5981..CDP.diacylglycerol.biosynthesis.III"	"Termness"	"preterm"	"Termnesspreterm"	NA	0	NA	NA	NA	0.0378181771560554	0.180735707106265	"All logistic values are the same"	"prevalence"	80	80
"PWY.5989..stearate.biosynthesis.II..bacteria.and.plants."	"Read_depth"	"Read_depth"	"Read_depth"	NA	0	NA	NA	NA	0.164151158336569	0.362721107937258	"All logistic values are the same"	"prevalence"	80	80
"PWY.5989..stearate.biosynthesis.II..bacteria.and.plants."	"Termness"	"preterm"	"Termnesspreterm"	NA	0	NA	NA	NA	0.0851946402161192	0.288189276780453	"All logistic values are the same"	"prevalence"	80	80
"PWY.6121..5.aminoimidazole.ribonucleotide.biosynthesis.I"	"Read_depth"	"Read_depth"	"Read_depth"	NA	0	NA	NA	NA	0.00820306276496785	0.0736293921539599	"All logistic values are the same"	"prevalence"	80	80
"PWY.6121..5.aminoimidazole.ribonucleotide.biosynthesis.I"	"Termness"	"preterm"	"Termnesspreterm"	NA	0	NA	NA	NA	0.000192856812110898	0.0144092398795092	"All logistic values are the same"	"prevalence"	80	80
"PWY.6122..5.aminoimidazole.ribonucleotide.biosynthesis.II"	"Read_depth"	"Read_depth"	"Read_depth"	NA	0	NA	NA	NA	0.00833033268895167	0.0736293921539599	"All logistic values are the same"	"prevalence"	80	80
"PWY.6122..5.aminoimidazole.ribonucleotide.biosynthesis.II"	"Termness"	"preterm"	"Termnesspreterm"	NA	0	NA	NA	NA	0.000476968006116962	0.0172974001290314	"All logistic values are the same"	"prevalence"	80	80
"PWY.6123..inosine.5..phosphate.biosynthesis.I"	"Read_depth"	"Read_depth"	"Read_depth"	NA	0	NA	NA	NA	0.0252449503835644	0.141894718563069	"All logistic values are the same"	"prevalence"	80	80
"PWY.6123..inosine.5..phosphate.biosynthesis.I"	"Termness"	"preterm"	"Termnesspreterm"	NA	0	NA	NA	NA	0.000391088483407742	0.0172974001290314	"All logistic values are the same"	"prevalence"	80	80
"PWY.6124..inosine.5..phosphate.biosynthesis.II"	"Read_depth"	"Read_depth"	"Read_depth"	NA	0	NA	NA	NA	0.0144840542593285	0.103529500879722	"All logistic values are the same"	"prevalence"	80	80
"PWY.6124..inosine.5..phosphate.biosynthesis.II"	"Termness"	"preterm"	"Termnesspreterm"	NA	0	NA	NA	NA	1.04910586626872e-05	0.00431182511036443	"All logistic values are the same"	"prevalence"	80	80
"PWY.6125..superpathway.of.guanosine.nucleotides.de.novo.biosynthesis.II"	"Read_depth"	"Read_depth"	"Read_depth"	NA	0	NA	NA	NA	0.386741522743149	0.578002784899762	"All logistic values are the same"	"prevalence"	80	80
"PWY.6125..superpathway.of.guanosine.nucleotides.de.novo.biosynthesis.II"	"Termness"	"preterm"	"Termnesspreterm"	NA	0	NA	NA	NA	0.457216747753788	0.642405522714151	"All logistic values are the same"	"prevalence"	80	80
"PWY.6126..superpathway.of.adenosine.nucleotides.de.novo.biosynthesis.II"	"Read_depth"	"Read_depth"	"Read_depth"	NA	0	NA	NA	NA	0.260180305413471	0.449427162103021	"All logistic values are the same"	"prevalence"	80	80
"PWY.6126..superpathway.of.adenosine.nucleotides.de.novo.biosynthesis.II"	"Termness"	"preterm"	"Termnesspreterm"	NA	0	NA	NA	NA	0.174442702497356	0.370118538341241	"All logistic values are the same"	"prevalence"	80	80
"PWY.6147..6.hydroxymethyl.dihydropterin.diphosphate.biosynthesis.I"	"Read_depth"	"Read_depth"	"Read_depth"	NA	0	NA	NA	NA	0.562404266609633	0.726880986089809	"All logistic values are the same"	"prevalence"	80	80
"PWY.6147..6.hydroxymethyl.dihydropterin.diphosphate.biosynthesis.I"	"Termness"	"preterm"	"Termnesspreterm"	NA	0	NA	NA	NA	0.311321595569948	0.501511519479445	"All logistic values are the same"	"prevalence"	80	80
"PWY.6151..S.adenosyl.L.methionine.salvage.I"	"Read_depth"	"Read_depth"	"Read_depth"	NA	0	NA	NA	NA	0.065701836590397	0.238208839628363	"All logistic values are the same"	"prevalence"	80	80
"PWY.6151..S.adenosyl.L.methionine.salvage.I"	"Termness"	"preterm"	"Termnesspreterm"	NA	0	NA	NA	NA	0.00162447170977975	0.0306563301998389	"All logistic values are the same"	"prevalence"	80	80
"PWY.6163..chorismate.biosynthesis.from.3.dehydroquinate"	"Read_depth"	"Read_depth"	"Read_depth"	NA	0	NA	NA	NA	0.209003315977326	0.395425557987138	"All logistic values are the same"	"prevalence"	80	80
"PWY.6163..chorismate.biosynthesis.from.3.dehydroquinate"	"Termness"	"preterm"	"Termnesspreterm"	NA	0	NA	NA	NA	0.00468326985874912	0.0574574302073399	"All logistic values are the same"	"prevalence"	80	80
"PWY.621..sucrose.degradation.III..sucrose.invertase."	"Read_depth"	"Read_depth"	"Read_depth"	NA	0	NA	NA	NA	0.349933813881584	0.538662162941315	"All logistic values are the same"	"prevalence"	80	80
"PWY.621..sucrose.degradation.III..sucrose.invertase."	"Termness"	"preterm"	"Termnesspreterm"	NA	0	NA	NA	NA	0.0533322771464086	0.215956314356394	"All logistic values are the same"	"prevalence"	80	80
"PWY.6270..isoprene.biosynthesis.I"	"Read_depth"	"Read_depth"	"Read_depth"	NA	0	NA	NA	NA	0.790628921098165	0.884213568901621	"All logistic values are the same"	"prevalence"	80	80
"PWY.6270..isoprene.biosynthesis.I"	"Termness"	"preterm"	"Termnesspreterm"	NA	0	NA	NA	NA	0.457967927385027	0.642405522714151	"All logistic values are the same"	"prevalence"	80	80
"PWY.6277..superpathway.of.5.aminoimidazole.ribonucleotide.biosynthesis"	"Read_depth"	"Read_depth"	"Read_depth"	NA	0	NA	NA	NA	0.0085736440290114	0.0749737807643337	"All logistic values are the same"	"prevalence"	80	80
"PWY.6277..superpathway.of.5.aminoimidazole.ribonucleotide.biosynthesis"	"Termness"	"preterm"	"Termnesspreterm"	NA	0	NA	NA	NA	0.000483990514559274	0.0172974001290314	"All logistic values are the same"	"prevalence"	80	80
"PWY.6282..palmitoleate.biosynthesis.I..from..5Z..dodec.5.enoate."	"Read_depth"	"Read_depth"	"Read_depth"	NA	0	NA	NA	NA	0.228598006743457	0.417572358984715	"All logistic values are the same"	"prevalence"	80	80
"PWY.6282..palmitoleate.biosynthesis.I..from..5Z..dodec.5.enoate."	"Termness"	"preterm"	"Termnesspreterm"	NA	0	NA	NA	NA	0.120029868079438	0.328545193627471	"All logistic values are the same"	"prevalence"	80	80
"PWY.6317..D.galactose.degradation.I..Leloir.pathway."	"Read_depth"	"Read_depth"	"Read_depth"	NA	0	NA	NA	NA	0.033413019882103	0.1695401379203	"All logistic values are the same"	"prevalence"	80	80
"PWY.6317..D.galactose.degradation.I..Leloir.pathway."	"Termness"	"preterm"	"Termnesspreterm"	NA	0	NA	NA	NA	0.629153261786159	0.774197576629075	"All logistic values are the same"	"prevalence"	80	80
"PWY.6385..peptidoglycan.biosynthesis.III..mycobacteria."	"Read_depth"	"Read_depth"	"Read_depth"	NA	0	NA	NA	NA	0.0398106326783718	0.186996228923552	"All logistic values are the same"	"prevalence"	80	80
"PWY.6385..peptidoglycan.biosynthesis.III..mycobacteria."	"Termness"	"preterm"	"Termnesspreterm"	NA	0	NA	NA	NA	0.00136531382404592	0.0284991883574723	"All logistic values are the same"	"prevalence"	80	80
"PWY.6386..UDP.N.acetylmuramoyl.pentapeptide.biosynthesis.II..lysine.containing."	"Read_depth"	"Read_depth"	"Read_depth"	NA	0	NA	NA	NA	0.0401385890079067	0.18746545548011	"All logistic values are the same"	"prevalence"	80	80
"PWY.6386..UDP.N.acetylmuramoyl.pentapeptide.biosynthesis.II..lysine.containing."	"Termness"	"preterm"	"Termnesspreterm"	NA	0	NA	NA	NA	0.00115074725883701	0.0260599504226128	"All logistic values are the same"	"prevalence"	80	80
"PWY.6387..UDP.N.acetylmuramoyl.pentapeptide.biosynthesis.I..meso.diaminopimelate.containing."	"Read_depth"	"Read_depth"	"Read_depth"	NA	0	NA	NA	NA	0.0381591721330506	0.181311210944322	"All logistic values are the same"	"prevalence"	80	80
"PWY.6387..UDP.N.acetylmuramoyl.pentapeptide.biosynthesis.I..meso.diaminopimelate.containing."	"Termness"	"preterm"	"Termnesspreterm"	NA	0	NA	NA	NA	0.0012402235874418	0.0268279944441358	"All logistic values are the same"	"prevalence"	80	80
"PWY.6527..stachyose.degradation"	"Read_depth"	"Read_depth"	"Read_depth"	NA	0	NA	NA	NA	0.193838872866128	0.389178670223604	"All logistic values are the same"	"prevalence"	80	80
"PWY.6527..stachyose.degradation"	"Termness"	"preterm"	"Termnesspreterm"	NA	0	NA	NA	NA	0.636544255321066	0.77863002659809	"All logistic values are the same"	"prevalence"	80	80
"PWY.6609..adenine.and.adenosine.salvage.III"	"Read_depth"	"Read_depth"	"Read_depth"	NA	0	NA	NA	NA	0.0311506615172954	0.162062302324157	"All logistic values are the same"	"prevalence"	80	80
"PWY.6609..adenine.and.adenosine.salvage.III"	"Termness"	"preterm"	"Termnesspreterm"	NA	0	NA	NA	NA	0.0156955061467117	0.109336491971161	"All logistic values are the same"	"prevalence"	80	80
"PWY.6628..superpathway.of.L.phenylalanine.biosynthesis"	"Read_depth"	"Read_depth"	"Read_depth"	NA	0	NA	NA	NA	0.41338419278063	0.599297718634352	"All logistic values are the same"	"prevalence"	80	80
"PWY.6628..superpathway.of.L.phenylalanine.biosynthesis"	"Termness"	"preterm"	"Termnesspreterm"	NA	0	NA	NA	NA	0.947669314958459	0.987305674139232	"All logistic values are the same"	"prevalence"	80	80
"PWY.6629..superpathway.of.L.tryptophan.biosynthesis"	"Read_depth"	"Read_depth"	"Read_depth"	NA	0	NA	NA	NA	0.417447375067674	0.603061058533617	"All logistic values are the same"	"prevalence"	80	80
"PWY.6629..superpathway.of.L.tryptophan.biosynthesis"	"Termness"	"preterm"	"Termnesspreterm"	NA	0	NA	NA	NA	0.00117301480004461	0.0260599504226128	"All logistic values are the same"	"prevalence"	80	80
"PWY.6630..superpathway.of.L.tyrosine.biosynthesis"	"Read_depth"	"Read_depth"	"Read_depth"	NA	0	NA	NA	NA	0.709216752216711	0.823412669946521	"All logistic values are the same"	"prevalence"	80	80
"PWY.6630..superpathway.of.L.tyrosine.biosynthesis"	"Termness"	"preterm"	"Termnesspreterm"	NA	0	NA	NA	NA	0.971743052740579	0.990338835732008	"All logistic values are the same"	"prevalence"	80	80
"PWY.6700..queuosine.biosynthesis.I..de.novo."	"Read_depth"	"Read_depth"	"Read_depth"	NA	0	NA	NA	NA	0.0818960285986776	0.27817576656245	"All logistic values are the same"	"prevalence"	80	80
"PWY.6700..queuosine.biosynthesis.I..de.novo."	"Termness"	"preterm"	"Termnesspreterm"	NA	0	NA	NA	NA	0.010190721284873	0.0821252244722116	"All logistic values are the same"	"prevalence"	80	80
"PWY.6703..preQ0.biosynthesis"	"Read_depth"	"Read_depth"	"Read_depth"	NA	0	NA	NA	NA	0.287461360178035	0.476397657391824	"All logistic values are the same"	"prevalence"	80	80
"PWY.6703..preQ0.biosynthesis"	"Termness"	"preterm"	"Termnesspreterm"	NA	0	NA	NA	NA	0.591981464273126	0.740903807076454	"All logistic values are the same"	"prevalence"	80	80
"PWY.6823..molybdopterin.biosynthesis"	"Read_depth"	"Read_depth"	"Read_depth"	NA	0	NA	NA	NA	0.327434456162595	0.514629298213485	"All logistic values are the same"	"prevalence"	80	80
"PWY.6823..molybdopterin.biosynthesis"	"Termness"	"preterm"	"Termnesspreterm"	NA	0	NA	NA	NA	0.425503668122159	0.610652521049115	"All logistic values are the same"	"prevalence"	80	80
"PWY.6859..all.trans.farnesol.biosynthesis"	"Read_depth"	"Read_depth"	"Read_depth"	NA	0	NA	NA	NA	0.79831270150502	0.887657287401732	"All logistic values are the same"	"prevalence"	80	80
"PWY.6859..all.trans.farnesol.biosynthesis"	"Termness"	"preterm"	"Termnesspreterm"	NA	0	NA	NA	NA	0.0414667504002622	0.19008367475097	"All logistic values are the same"	"prevalence"	80	80
"PWY.6897..thiamine.diphosphate.salvage.II"	"Read_depth"	"Read_depth"	"Read_depth"	NA	0	NA	NA	NA	0.0632421676082175	0.236679124046249	"All logistic values are the same"	"prevalence"	80	80
"PWY.6897..thiamine.diphosphate.salvage.II"	"Termness"	"preterm"	"Termnesspreterm"	NA	0	NA	NA	NA	0.101911573544137	0.306389007132312	"All logistic values are the same"	"prevalence"	80	80
"PWY.6901..superpathway.of.glucose.and.xylose.degradation"	"Read_depth"	"Read_depth"	"Read_depth"	NA	0	NA	NA	NA	0.0801942219665137	0.273525520566283	"All logistic values are the same"	"prevalence"	80	80
"PWY.6901..superpathway.of.glucose.and.xylose.degradation"	"Termness"	"preterm"	"Termnesspreterm"	NA	0	NA	NA	NA	0.185824587733128	0.384755191729549	"All logistic values are the same"	"prevalence"	80	80
"PWY.6936..seleno.amino.acid.biosynthesis..plants."	"Read_depth"	"Read_depth"	"Read_depth"	NA	0	NA	NA	NA	0.0377266372531881	0.180735707106265	"All logistic values are the same"	"prevalence"	80	80
"PWY.6936..seleno.amino.acid.biosynthesis..plants."	"Termness"	"preterm"	"Termnesspreterm"	NA	0	NA	NA	NA	0.833951197337309	0.90916165014757	"All logistic values are the same"	"prevalence"	80	80
"PWY.6969..TCA.cycle.V..2.oxoglutarate.synthase."	"Read_depth"	"Read_depth"	"Read_depth"	NA	0	NA	NA	NA	0.786471700561465	0.880762585642404	"All logistic values are the same"	"prevalence"	80	80
"PWY.6969..TCA.cycle.V..2.oxoglutarate.synthase."	"Termness"	"preterm"	"Termnesspreterm"	NA	0	NA	NA	NA	0.220093776562538	0.405671088244994	"All logistic values are the same"	"prevalence"	80	80
"PWY.702..L.methionine.biosynthesis.II"	"Read_depth"	"Read_depth"	"Read_depth"	NA	0	NA	NA	NA	0.968221654348492	0.990338835732008	"All logistic values are the same"	"prevalence"	80	80
"PWY.702..L.methionine.biosynthesis.II"	"Termness"	"preterm"	"Termnesspreterm"	NA	0	NA	NA	NA	0.982149978493961	0.990338835732008	"All logistic values are the same"	"prevalence"	80	80
"PWY.7111..pyruvate.fermentation.to.isobutanol..engineered."	"Read_depth"	"Read_depth"	"Read_depth"	NA	0	NA	NA	NA	0.23438746188406	0.422514240501529	"All logistic values are the same"	"prevalence"	80	80
"PWY.7111..pyruvate.fermentation.to.isobutanol..engineered."	"Termness"	"preterm"	"Termnesspreterm"	NA	0	NA	NA	NA	0.430966520919117	0.612897024559714	"All logistic values are the same"	"prevalence"	80	80
"PWY.7115..C4.photosynthetic.carbon.assimilation.cycle..NAD.ME.type"	"Read_depth"	"Read_depth"	"Read_depth"	NA	0	NA	NA	NA	0.120422097491145	0.328545193627471	"All logistic values are the same"	"prevalence"	80	80
"PWY.7115..C4.photosynthetic.carbon.assimilation.cycle..NAD.ME.type"	"Termness"	"preterm"	"Termnesspreterm"	NA	0	NA	NA	NA	0.00139974603885218	0.0284991883574723	"All logistic values are the same"	"prevalence"	80	80
"PWY.7117..C4.photosynthetic.carbon.assimilation.cycle..PEPCK.type"	"Read_depth"	"Read_depth"	"Read_depth"	NA	0	NA	NA	NA	0.173040754148497	0.369453246519647	"All logistic values are the same"	"prevalence"	80	80
"PWY.7117..C4.photosynthetic.carbon.assimilation.cycle..PEPCK.type"	"Termness"	"preterm"	"Termnesspreterm"	NA	0	NA	NA	NA	0.0124593318776482	0.0948293592909895	"All logistic values are the same"	"prevalence"	80	80
"PWY.7197..pyrimidine.deoxyribonucleotide.phosphorylation"	"Read_depth"	"Read_depth"	"Read_depth"	NA	0	NA	NA	NA	0.507645819961818	0.685196821032207	"All logistic values are the same"	"prevalence"	80	80
"PWY.7197..pyrimidine.deoxyribonucleotide.phosphorylation"	"Termness"	"preterm"	"Termnesspreterm"	NA	0	NA	NA	NA	0.968010026821038	0.990338835732008	"All logistic values are the same"	"prevalence"	80	80
"PWY.7199..pyrimidine.deoxyribonucleosides.salvage"	"Read_depth"	"Read_depth"	"Read_depth"	NA	0	NA	NA	NA	0.0567675554321174	0.225257650322156	"All logistic values are the same"	"prevalence"	80	80
"PWY.7199..pyrimidine.deoxyribonucleosides.salvage"	"Termness"	"preterm"	"Termnesspreterm"	NA	0	NA	NA	NA	0.0195398365716867	0.120765004976891	"All logistic values are the same"	"prevalence"	80	80
"PWY.7208..superpathway.of.pyrimidine.nucleobases.salvage"	"Read_depth"	"Read_depth"	"Read_depth"	NA	0	NA	NA	NA	0.351530998517958	0.539272271466243	"All logistic values are the same"	"prevalence"	80	80
"PWY.7208..superpathway.of.pyrimidine.nucleobases.salvage"	"Termness"	"preterm"	"Termnesspreterm"	NA	0	NA	NA	NA	0.820220591332433	0.897764748435765	"All logistic values are the same"	"prevalence"	80	80
"PWY.7220..adenosine.deoxyribonucleotides.de.novo.biosynthesis.II"	"Read_depth"	"Read_depth"	"Read_depth"	NA	0	NA	NA	NA	0.588311860763083	0.740481466148202	"All logistic values are the same"	"prevalence"	80	80
"PWY.7220..adenosine.deoxyribonucleotides.de.novo.biosynthesis.II"	"Termness"	"preterm"	"Termnesspreterm"	NA	0	NA	NA	NA	0.858635770221187	0.923820161154209	"All logistic values are the same"	"prevalence"	80	80
"PWY.7221..guanosine.ribonucleotides.de.novo.biosynthesis"	"Read_depth"	"Read_depth"	"Read_depth"	NA	0	NA	NA	NA	0.102129669044104	0.306389007132312	"All logistic values are the same"	"prevalence"	80	80
"PWY.7221..guanosine.ribonucleotides.de.novo.biosynthesis"	"Termness"	"preterm"	"Termnesspreterm"	NA	0	NA	NA	NA	0.00023359076731333	0.0144092398795092	"All logistic values are the same"	"prevalence"	80	80
"PWY.7222..guanosine.deoxyribonucleotides.de.novo.biosynthesis.II"	"Read_depth"	"Read_depth"	"Read_depth"	NA	0	NA	NA	NA	0.589142188395285	0.740481466148202	"All logistic values are the same"	"prevalence"	80	80
"PWY.7222..guanosine.deoxyribonucleotides.de.novo.biosynthesis.II"	"Termness"	"preterm"	"Termnesspreterm"	NA	0	NA	NA	NA	0.858537875343167	0.923820161154209	"All logistic values are the same"	"prevalence"	80	80
"PWY.7228..superpathway.of.guanosine.nucleotides.de.novo.biosynthesis.I"	"Read_depth"	"Read_depth"	"Read_depth"	NA	0	NA	NA	NA	0.349367087301478	0.538662162941315	"All logistic values are the same"	"prevalence"	80	80
"PWY.7228..superpathway.of.guanosine.nucleotides.de.novo.biosynthesis.I"	"Termness"	"preterm"	"Termnesspreterm"	NA	0	NA	NA	NA	0.355481425109695	0.542642776739941	"All logistic values are the same"	"prevalence"	80	80
"PWY.7229..superpathway.of.adenosine.nucleotides.de.novo.biosynthesis.I"	"Read_depth"	"Read_depth"	"Read_depth"	NA	0	NA	NA	NA	0.165998699993797	0.363949894116	"All logistic values are the same"	"prevalence"	80	80
"PWY.7229..superpathway.of.adenosine.nucleotides.de.novo.biosynthesis.I"	"Termness"	"preterm"	"Termnesspreterm"	NA	0	NA	NA	NA	0.0504605076107077	0.207392686280009	"All logistic values are the same"	"prevalence"	80	80
"PWY.7234..inosine.5..phosphate.biosynthesis.III"	"Read_depth"	"Read_depth"	"Read_depth"	NA	0	NA	NA	NA	0.754796123882108	0.860530393663097	"All logistic values are the same"	"prevalence"	80	80
"PWY.7234..inosine.5..phosphate.biosynthesis.III"	"Termness"	"preterm"	"Termnesspreterm"	NA	0	NA	NA	NA	0.806563573131951	0.89008136435291	"All logistic values are the same"	"prevalence"	80	80
"PWY.7238..sucrose.biosynthesis.II"	"Read_depth"	"Read_depth"	"Read_depth"	NA	0	NA	NA	NA	0.146795265306132	0.360298396627372	"All logistic values are the same"	"prevalence"	80	80
"PWY.7238..sucrose.biosynthesis.II"	"Termness"	"preterm"	"Termnesspreterm"	NA	0	NA	NA	NA	0.109640887214864	0.317721237977824	"All logistic values are the same"	"prevalence"	80	80
"PWY.724..superpathway.of.L.lysine..L.threonine.and.L.methionine.biosynthesis.II"	"Read_depth"	"Read_depth"	"Read_depth"	NA	0	NA	NA	NA	0.742369673196853	0.853465554360578	"All logistic values are the same"	"prevalence"	80	80
"PWY.724..superpathway.of.L.lysine..L.threonine.and.L.methionine.biosynthesis.II"	"Termness"	"preterm"	"Termnesspreterm"	NA	0	NA	NA	NA	0.64245924739246	0.78353338480208	"All logistic values are the same"	"prevalence"	80	80
"PWY.7345..superpathway.of.anaerobic.sucrose.degradation"	"Read_depth"	"Read_depth"	"Read_depth"	NA	0	NA	NA	NA	0.0168535088196989	0.110103168593869	"All logistic values are the same"	"prevalence"	80	80
"PWY.7345..superpathway.of.anaerobic.sucrose.degradation"	"Termness"	"preterm"	"Termnesspreterm"	NA	0	NA	NA	NA	0.203278102897013	0.395022696409797	"All logistic values are the same"	"prevalence"	80	80
"PWY.7356..thiamine.diphosphate.salvage.IV..yeast."	"Read_depth"	"Read_depth"	"Read_depth"	NA	0	NA	NA	NA	0.250705542980357	0.438467992191178	"All logistic values are the same"	"prevalence"	80	80
"PWY.7356..thiamine.diphosphate.salvage.IV..yeast."	"Termness"	"preterm"	"Termnesspreterm"	NA	0	NA	NA	NA	0.545727969168536	0.710509299778232	"All logistic values are the same"	"prevalence"	80	80
"PWY.7357..thiamine.phosphate.formation.from.pyrithiamine.and.oxythiamine..yeast."	"Read_depth"	"Read_depth"	"Read_depth"	NA	0	NA	NA	NA	0.218180937354204	0.405671088244994	"All logistic values are the same"	"prevalence"	80	80
"PWY.7357..thiamine.phosphate.formation.from.pyrithiamine.and.oxythiamine..yeast."	"Termness"	"preterm"	"Termnesspreterm"	NA	0	NA	NA	NA	0.533786785557875	0.706558353830231	"All logistic values are the same"	"prevalence"	80	80
"PWY.7400..L.arginine.biosynthesis.IV..archaebacteria."	"Read_depth"	"Read_depth"	"Read_depth"	NA	0	NA	NA	NA	0.537506663038123	0.707150907148878	"All logistic values are the same"	"prevalence"	80	80
"PWY.7400..L.arginine.biosynthesis.IV..archaebacteria."	"Termness"	"preterm"	"Termnesspreterm"	NA	0	NA	NA	NA	0.677829068795963	0.799390953443733	"All logistic values are the same"	"prevalence"	80	80
"PWY.7560..methylerythritol.phosphate.pathway.II"	"Read_depth"	"Read_depth"	"Read_depth"	NA	0	NA	NA	NA	0.931949750081768	0.977120783886752	"All logistic values are the same"	"prevalence"	80	80
"PWY.7560..methylerythritol.phosphate.pathway.II"	"Termness"	"preterm"	"Termnesspreterm"	NA	0	NA	NA	NA	0.521112020209768	0.694252966956936	"All logistic values are the same"	"prevalence"	80	80
"PWY.7663..gondoate.biosynthesis..anaerobic."	"Read_depth"	"Read_depth"	"Read_depth"	NA	0	NA	NA	NA	0.263302898195328	0.450906213159499	"All logistic values are the same"	"prevalence"	80	80
"PWY.7663..gondoate.biosynthesis..anaerobic."	"Termness"	"preterm"	"Termnesspreterm"	NA	0	NA	NA	NA	0.0168242916469263	0.110103168593869	"All logistic values are the same"	"prevalence"	80	80
"PWY.7664..oleate.biosynthesis.IV..anaerobic."	"Read_depth"	"Read_depth"	"Read_depth"	NA	0	NA	NA	NA	0.246116962233943	0.43425190523883	"All logistic values are the same"	"prevalence"	80	80
"PWY.7664..oleate.biosynthesis.IV..anaerobic."	"Termness"	"preterm"	"Termnesspreterm"	NA	0	NA	NA	NA	0.114320493683188	0.320601189288621	"All logistic values are the same"	"prevalence"	80	80
"PWY.7790..UMP.biosynthesis.II"	"Read_depth"	"Read_depth"	"Read_depth"	NA	0	NA	NA	NA	0.315931323968339	0.50431219076202	"All logistic values are the same"	"prevalence"	80	80
"PWY.7790..UMP.biosynthesis.II"	"Termness"	"preterm"	"Termnesspreterm"	NA	0	NA	NA	NA	0.0229915452727883	0.133091902917127	"All logistic values are the same"	"prevalence"	80	80
"PWY.7791..UMP.biosynthesis.III"	"Read_depth"	"Read_depth"	"Read_depth"	NA	0	NA	NA	NA	0.351642259739546	0.539272271466243	"All logistic values are the same"	"prevalence"	80	80
"PWY.7791..UMP.biosynthesis.III"	"Termness"	"preterm"	"Termnesspreterm"	NA	0	NA	NA	NA	0.027475634982312	0.148029185809183	"All logistic values are the same"	"prevalence"	80	80
"PWY.7851..coenzyme.A.biosynthesis.II..eukaryotic."	"Read_depth"	"Read_depth"	"Read_depth"	NA	0	NA	NA	NA	0.0226487209150821	0.132534554581692	"All logistic values are the same"	"prevalence"	80	80
"PWY.7851..coenzyme.A.biosynthesis.II..eukaryotic."	"Termness"	"preterm"	"Termnesspreterm"	NA	0	NA	NA	NA	0.000452449273082189	0.0172974001290314	"All logistic values are the same"	"prevalence"	80	80
"PWY.7858...5Z..dodecenoate.biosynthesis.II"	"Read_depth"	"Read_depth"	"Read_depth"	NA	0	NA	NA	NA	0.194436814976209	0.389178670223604	"All logistic values are the same"	"prevalence"	80	80
"PWY.7858...5Z..dodecenoate.biosynthesis.II"	"Termness"	"preterm"	"Termnesspreterm"	NA	0	NA	NA	NA	0.000691235072478813	0.0195069684860367	"All logistic values are the same"	"prevalence"	80	80
"PWY.7953..UDP.N.acetylmuramoyl.pentapeptide.biosynthesis.III..meso.diaminopimelate.containing."	"Read_depth"	"Read_depth"	"Read_depth"	NA	0	NA	NA	NA	0.0266218020306652	0.146866585699375	"All logistic values are the same"	"prevalence"	80	80
"PWY.7953..UDP.N.acetylmuramoyl.pentapeptide.biosynthesis.III..meso.diaminopimelate.containing."	"Termness"	"preterm"	"Termnesspreterm"	NA	0	NA	NA	NA	0.00939302004523679	0.0787863518080065	"All logistic values are the same"	"prevalence"	80	80
"PWY.7977..L.methionine.biosynthesis.IV"	"Read_depth"	"Read_depth"	"Read_depth"	NA	0	NA	NA	NA	0.0192404008641185	0.120729843590118	"All logistic values are the same"	"prevalence"	80	80
"PWY.7977..L.methionine.biosynthesis.IV"	"Termness"	"preterm"	"Termnesspreterm"	NA	0	NA	NA	NA	0.00186265720154222	0.0332848743406022	"All logistic values are the same"	"prevalence"	80	80
"PWY.8178..pentose.phosphate.pathway..non.oxidative.branch..II"	"Read_depth"	"Read_depth"	"Read_depth"	NA	0	NA	NA	NA	0.152833912170245	0.360298396627372	"All logistic values are the same"	"prevalence"	80	80
"PWY.8178..pentose.phosphate.pathway..non.oxidative.branch..II"	"Termness"	"preterm"	"Termnesspreterm"	NA	0	NA	NA	NA	0.475850556678361	0.661842906242999	"All logistic values are the same"	"prevalence"	80	80
"PWY.8187..L.arginine.degradation.XIII..reductive.Stickland.reaction."	"Read_depth"	"Read_depth"	"Read_depth"	NA	0	NA	NA	NA	0.00291434432091586	0.0414561675493732	"All logistic values are the same"	"prevalence"	80	80
"PWY.8187..L.arginine.degradation.XIII..reductive.Stickland.reaction."	"Termness"	"preterm"	"Termnesspreterm"	NA	0	NA	NA	NA	0.719467777268695	0.834136125408839	"All logistic values are the same"	"prevalence"	80	80
"PWY.841..superpathway.of.purine.nucleotides.de.novo.biosynthesis.I"	"Read_depth"	"Read_depth"	"Read_depth"	NA	0	NA	NA	NA	0.0896254499917959	0.291060092858262	"All logistic values are the same"	"prevalence"	80	80
"PWY.841..superpathway.of.purine.nucleotides.de.novo.biosynthesis.I"	"Termness"	"preterm"	"Termnesspreterm"	NA	0	NA	NA	NA	0.116605504718865	0.322640014790003	"All logistic values are the same"	"prevalence"	80	80
"PWY.I9..L.cysteine.biosynthesis.VI..from.L.methionine."	"Read_depth"	"Read_depth"	"Read_depth"	NA	0	NA	NA	NA	0.884337217799084	0.940394816340035	"All logistic values are the same"	"prevalence"	80	80
"PWY.I9..L.cysteine.biosynthesis.VI..from.L.methionine."	"Termness"	"preterm"	"Termnesspreterm"	NA	0	NA	NA	NA	0.0226074083821874	0.132534554581692	"All logistic values are the same"	"prevalence"	80	80
"PWY0.1061..superpathway.of.L.alanine.biosynthesis"	"Read_depth"	"Read_depth"	"Read_depth"	NA	0	NA	NA	NA	0.404104090116959	0.591971273729917	"All logistic values are the same"	"prevalence"	80	80
"PWY0.1061..superpathway.of.L.alanine.biosynthesis"	"Termness"	"preterm"	"Termnesspreterm"	NA	0	NA	NA	NA	0.317388798071067	0.505607736462049	"All logistic values are the same"	"prevalence"	80	80
"PWY0.1296..purine.ribonucleosides.degradation"	"Read_depth"	"Read_depth"	"Read_depth"	NA	0	NA	NA	NA	0.00558952530951773	0.0612611973923143	"All logistic values are the same"	"prevalence"	80	80
"PWY0.1296..purine.ribonucleosides.degradation"	"Termness"	"preterm"	"Termnesspreterm"	NA	0	NA	NA	NA	0.138270161764816	0.350441043346896	"All logistic values are the same"	"prevalence"	80	80
"PWY0.1297..superpathway.of.purine.deoxyribonucleosides.degradation"	"Read_depth"	"Read_depth"	"Read_depth"	NA	0	NA	NA	NA	0.193436528090877	0.389178670223604	"All logistic values are the same"	"prevalence"	80	80
"PWY0.1297..superpathway.of.purine.deoxyribonucleosides.degradation"	"Termness"	"preterm"	"Termnesspreterm"	NA	0	NA	NA	NA	0.318917276698649	0.506081083873146	"All logistic values are the same"	"prevalence"	80	80
"PWY0.1298..superpathway.of.pyrimidine.deoxyribonucleosides.degradation"	"Read_depth"	"Read_depth"	"Read_depth"	NA	0	NA	NA	NA	0.265666945347368	0.454008792256832	"All logistic values are the same"	"prevalence"	80	80
"PWY0.1298..superpathway.of.pyrimidine.deoxyribonucleosides.degradation"	"Termness"	"preterm"	"Termnesspreterm"	NA	0	NA	NA	NA	0.668153770899863	0.797990680524194	"All logistic values are the same"	"prevalence"	80	80
"PWY0.1319..CDP.diacylglycerol.biosynthesis.II"	"Read_depth"	"Read_depth"	"Read_depth"	NA	0	NA	NA	NA	0.0686951501882933	0.244447677293407	"All logistic values are the same"	"prevalence"	80	80
"PWY0.1319..CDP.diacylglycerol.biosynthesis.II"	"Termness"	"preterm"	"Termnesspreterm"	NA	0	NA	NA	NA	0.198058141330991	0.389178670223604	"All logistic values are the same"	"prevalence"	80	80
"PWY0.1477..ethanolamine.utilization"	"Read_depth"	"Read_depth"	"Read_depth"	NA	0	NA	NA	NA	0.511172044525122	0.687726363227728	"All logistic values are the same"	"prevalence"	80	80
"PWY0.1477..ethanolamine.utilization"	"Termness"	"preterm"	"Termnesspreterm"	NA	0	NA	NA	NA	0.14567216016985	0.360298396627372	"All logistic values are the same"	"prevalence"	80	80
"PWY0.1586..peptidoglycan.maturation..meso.diaminopimelate.containing."	"Read_depth"	"Read_depth"	"Read_depth"	NA	0	NA	NA	NA	0.443123534480109	0.625854888904897	"All logistic values are the same"	"prevalence"	80	80
"PWY0.1586..peptidoglycan.maturation..meso.diaminopimelate.containing."	"Termness"	"preterm"	"Termnesspreterm"	NA	0	NA	NA	NA	0.10398145031555	0.3108100078523	"All logistic values are the same"	"prevalence"	80	80
"PWY0.162..superpathway.of.pyrimidine.ribonucleotides.de.novo.biosynthesis"	"Read_depth"	"Read_depth"	"Read_depth"	NA	0	NA	NA	NA	0.769504646611685	0.865833511004844	"All logistic values are the same"	"prevalence"	80	80
"PWY0.162..superpathway.of.pyrimidine.ribonucleotides.de.novo.biosynthesis"	"Termness"	"preterm"	"Termnesspreterm"	NA	0	NA	NA	NA	0.878222477079704	0.935102171191083	"All logistic values are the same"	"prevalence"	80	80
"PWY0.862...5Z..dodecenoate.biosynthesis.I"	"Read_depth"	"Read_depth"	"Read_depth"	NA	0	NA	NA	NA	0.231413116936116	0.420844208233379	"All logistic values are the same"	"prevalence"	80	80
"PWY0.862...5Z..dodecenoate.biosynthesis.I"	"Termness"	"preterm"	"Termnesspreterm"	NA	0	NA	NA	NA	0.150326394054452	0.360298396627372	"All logistic values are the same"	"prevalence"	80	80
"PWY66.389..phytol.degradation"	"Read_depth"	"Read_depth"	"Read_depth"	NA	0	NA	NA	NA	0.206408578481208	0.395425557987138	"All logistic values are the same"	"prevalence"	80	80
"PWY66.389..phytol.degradation"	"Termness"	"preterm"	"Termnesspreterm"	NA	0	NA	NA	NA	0.0134847202087069	0.100767636468701	"All logistic values are the same"	"prevalence"	80	80
"PWY66.409..superpathway.of.purine.nucleotide.salvage"	"Read_depth"	"Read_depth"	"Read_depth"	NA	0	NA	NA	NA	0.0715950665654259	0.252580020243691	"All logistic values are the same"	"prevalence"	80	80
"PWY66.409..superpathway.of.purine.nucleotide.salvage"	"Termness"	"preterm"	"Termnesspreterm"	NA	0	NA	NA	NA	0.953610161913826	0.989435616316875	"All logistic values are the same"	"prevalence"	80	80
"PWY66.429..fatty.acid.biosynthesis.initiation..mitochondria."	"Read_depth"	"Read_depth"	"Read_depth"	NA	0	NA	NA	NA	0.243346112127035	0.43296645923901	"All logistic values are the same"	"prevalence"	80	80
"PWY66.429..fatty.acid.biosynthesis.initiation..mitochondria."	"Termness"	"preterm"	"Termnesspreterm"	NA	0	NA	NA	NA	0.567891841298998	0.730527532938616	"All logistic values are the same"	"prevalence"	80	80
"RHAMCAT.PWY..L.rhamnose.degradation.I"	"Read_depth"	"Read_depth"	"Read_depth"	NA	0	NA	NA	NA	0.893006573796449	0.948386826434989	"All logistic values are the same"	"prevalence"	80	80
"RHAMCAT.PWY..L.rhamnose.degradation.I"	"Termness"	"preterm"	"Termnesspreterm"	NA	0	NA	NA	NA	0.114522923432752	0.320601189288621	"All logistic values are the same"	"prevalence"	80	80
"RIBOSYN2.PWY..flavin.biosynthesis.I..bacteria.and.plants."	"Read_depth"	"Read_depth"	"Read_depth"	NA	0	NA	NA	NA	0.871910636538666	0.930792913291927	"All logistic values are the same"	"prevalence"	80	80
"RIBOSYN2.PWY..flavin.biosynthesis.I..bacteria.and.plants."	"Termness"	"preterm"	"Termnesspreterm"	NA	0	NA	NA	NA	0.154420868231739	0.360298396627372	"All logistic values are the same"	"prevalence"	80	80
"SER.GLYSYN.PWY..superpathway.of.L.serine.and.glycine.biosynthesis.I"	"Read_depth"	"Read_depth"	"Read_depth"	NA	0	NA	NA	NA	0.243957002305315	0.433115887462137	"All logistic values are the same"	"prevalence"	80	80
"SER.GLYSYN.PWY..superpathway.of.L.serine.and.glycine.biosynthesis.I"	"Termness"	"preterm"	"Termnesspreterm"	NA	0	NA	NA	NA	0.737280530073483	0.851186229944386	"All logistic values are the same"	"prevalence"	80	80
"SO4ASSIM.PWY..assimilatory.sulfate.reduction.I"	"Read_depth"	"Read_depth"	"Read_depth"	NA	0	NA	NA	NA	0.0200972571803233	0.123283174643476	"All logistic values are the same"	"prevalence"	80	80
"SO4ASSIM.PWY..assimilatory.sulfate.reduction.I"	"Termness"	"preterm"	"Termnesspreterm"	NA	0	NA	NA	NA	0.00165103325744442	0.0306563301998389	"All logistic values are the same"	"prevalence"	80	80
"SULFATE.CYS.PWY..superpathway.of.sulfate.assimilation.and.cysteine.biosynthesis"	"Read_depth"	"Read_depth"	"Read_depth"	NA	0	NA	NA	NA	0.0435581445216645	0.191859695439841	"All logistic values are the same"	"prevalence"	80	80
"SULFATE.CYS.PWY..superpathway.of.sulfate.assimilation.and.cysteine.biosynthesis"	"Termness"	"preterm"	"Termnesspreterm"	NA	0	NA	NA	NA	0.0159639596620951	0.110103168593869	"All logistic values are the same"	"prevalence"	80	80
"THRESYN.PWY..superpathway.of.L.threonine.biosynthesis"	"Read_depth"	"Read_depth"	"Read_depth"	NA	0	NA	NA	NA	0.333456839417277	0.520116740039852	"All logistic values are the same"	"prevalence"	80	80
"THRESYN.PWY..superpathway.of.L.threonine.biosynthesis"	"Termness"	"preterm"	"Termnesspreterm"	NA	0	NA	NA	NA	0.643583403255333	0.783741566630939	"All logistic values are the same"	"prevalence"	80	80
"TRNA.CHARGING.PWY..tRNA.charging"	"Read_depth"	"Read_depth"	"Read_depth"	NA	0	NA	NA	NA	0.0406108017392987	0.188599316551997	"All logistic values are the same"	"prevalence"	80	80
"TRNA.CHARGING.PWY..tRNA.charging"	"Termness"	"preterm"	"Termnesspreterm"	NA	0	NA	NA	NA	0.00544413996011173	0.0612611973923143	"All logistic values are the same"	"prevalence"	80	80
"TRPSYN.PWY..L.tryptophan.biosynthesis"	"Read_depth"	"Read_depth"	"Read_depth"	NA	0	NA	NA	NA	0.76853984284896	0.865833511004844	"All logistic values are the same"	"prevalence"	80	80
"TRPSYN.PWY..L.tryptophan.biosynthesis"	"Termness"	"preterm"	"Termnesspreterm"	NA	0	NA	NA	NA	0.00221199317512655	0.0371073140806943	"All logistic values are the same"	"prevalence"	80	80
"UDPNAGSYN.PWY..UDP.N.acetyl.D.glucosamine.biosynthesis.I"	"Read_depth"	"Read_depth"	"Read_depth"	NA	0	NA	NA	NA	0.0362852393128527	0.176915106736147	"All logistic values are the same"	"prevalence"	80	80
"UDPNAGSYN.PWY..UDP.N.acetyl.D.glucosamine.biosynthesis.I"	"Termness"	"preterm"	"Termnesspreterm"	NA	0	NA	NA	NA	0.519024476831925	0.692594350577666	"All logistic values are the same"	"prevalence"	80	80
"VALSYN.PWY..L.valine.biosynthesis"	"Read_depth"	"Read_depth"	"Read_depth"	NA	0	NA	NA	NA	0.219572504998755	0.405671088244994	"All logistic values are the same"	"prevalence"	80	80
"VALSYN.PWY..L.valine.biosynthesis"	"Termness"	"preterm"	"Termnesspreterm"	NA	0	NA	NA	NA	0.0426584331450164	0.191672763990879	"All logistic values are the same"	"prevalence"	80	80
"X1CMET2.PWY..folate.transformations.III..E..coli."	"Read_depth"	"Read_depth"	"Read_depth"	NA	0	NA	NA	NA	0.136137150535396	0.350441043346896	"All logistic values are the same"	"prevalence"	80	80
"X1CMET2.PWY..folate.transformations.III..E..coli."	"Termness"	"preterm"	"Termnesspreterm"	NA	0	NA	NA	NA	1	1	"All logistic values are the same"	"prevalence"	80	80
