2026-05-08 09:55:29.92177 INFO::Writing function arguments to log file
2026-05-08 09:55:29.922942 DEBUG::Function arguments
2026-05-08 09:55:29.923441 DEBUG::Output folder: MAASLIN_PATHWAY_TERMNESS
2026-05-08 09:55:29.923895 DEBUG::Formula: ~ Termness +  Read_depth
2026-05-08 09:55:29.924343 DEBUG::Fixed effects:
2026-05-08 09:55:29.924773 DEBUG::Reference:
2026-05-08 09:55:29.925191 DEBUG::Random effects:
2026-05-08 09:55:29.925605 DEBUG::Group effects:
2026-05-08 09:55:29.926023 DEBUG::Ordered effects:
2026-05-08 09:55:29.926716 DEBUG::Strata effects:
2026-05-08 09:55:29.927526 DEBUG::Min Abundance: 0.000100
2026-05-08 09:55:29.928286 DEBUG::Min Prevalence: 0.100000
2026-05-08 09:55:29.929142 DEBUG::Max Prevalence: 1.010000
2026-05-08 09:55:29.930138 DEBUG::Zero Threshold: 0.000000
2026-05-08 09:55:29.930988 DEBUG::Min variance: 0.000000
2026-05-08 09:55:29.931738 DEBUG::Max significance: 0.100000
2026-05-08 09:55:29.932243 DEBUG::Normalization: NONE
2026-05-08 09:55:29.93268 DEBUG::Transform: LOG
2026-05-08 09:55:29.933111 DEBUG::Correction method: BH
2026-05-08 09:55:29.933528 DEBUG::Standardize: TRUE
2026-05-08 09:55:29.933941 DEBUG::Abundance median comparison: TRUE
2026-05-08 09:55:29.934388 DEBUG::Prevalence median comparison: FALSE
2026-05-08 09:55:29.934856 DEBUG::Abundance median comparison threshold: 0
2026-05-08 09:55:29.935293 DEBUG::Prevalence median comparison threshold: 0
2026-05-08 09:55:29.935704 DEBUG::Subtract median: FALSE
2026-05-08 09:55:29.93611 DEBUG::Warn prevalence: TRUE
2026-05-08 09:55:29.936511 DEBUG::Small random effects: FALSE
2026-05-08 09:55:29.936933 DEBUG::Augment: TRUE
2026-05-08 09:55:29.937347 DEBUG::Evaluate only:
2026-05-08 09:55:29.937754 DEBUG::Cores: 1
2026-05-08 09:55:29.938161 DEBUG::Balanced Summary plot: FALSE
2026-05-08 09:55:29.93859 INFO::Verifying options selected are valid
2026-05-08 09:55:29.939877 INFO::Determining format of input files
2026-05-08 09:55:29.941772 INFO::Input format is data samples as rows and metadata samples as rows
2026-05-08 09:55:29.942848 DEBUG::A total of 80 samples were found in both the data and metadata
2026-05-08 09:55:29.943363 DEBUG::Reordering data/metadata to use same sample ordering
2026-05-08 09:55:29.945961 INFO::Running selected normalization method: NONE
2026-05-08 09:55:29.951244 INFO::Writing normalized data to file MAASLIN_PATHWAY_TERMNESS/features/data_norm.tsv
2026-05-08 09:55:29.998652 INFO::Filter data based on min abundance, min prevalence, and max prevalence
2026-05-08 09:55:30.000427 INFO::Total samples in data: 80
2026-05-08 09:55:30.001442 INFO::Min samples required with min abundance for a feature not to be filtered: 8.000000
2026-05-08 09:55:30.002437 INFO::Max samples allowed with min abundance for a feature not to be filtered: 80.800000
2026-05-08 09:55:30.034705 INFO::Total filtered features: 167
2026-05-08 09:55:30.036149 INFO::Filtered feature names from abundance, min prevalence, and max prevalence filtering: X12DICHLORETHDEG.PWY..1.2.dichloroethane.degradation, X4.HYDROXYMANDELATE.DEGRADATION.PWY..4.hydroxymandelate.degradation, ERGOSTEROL.SYN.PWY..superpathway.of.ergosterol.biosynthesis.I, MANNOSYL.CHITO.DOLICHOL.BIOSYNTHESIS..protein.N.glycosylation.initial.phase..eukaryotic., METH.ACETATE.PWY..methanogenesis.from.acetate, METHANOGENESIS.PWY..methanogenesis.from.H2.and.CO2, NADSYN.PWY..NAD.de.novo.biosynthesis.II..from.tryptophan., P163.PWY..L.lysine.fermentation.to.acetate.and.butanoate, P261.PWY..coenzyme.M.biosynthesis.I, POLYAMINSYN3.PWY..superpathway.of.polyamine.biosynthesis.II, PROPFERM.PWY..superpathway.of.L.alanine.fermentation..Stickland.reaction., PWY.1501..mandelate.degradation.I, PWY.2201..folate.transformations.I, PWY.3502..superpathway.of.NAD.biosynthesis.in.eukaryotes, PWY.3781..aerobic.respiration.I..cytochrome.c., PWY.3941...beta..alanine.biosynthesis.II, PWY.4221..superpathway.of.coenzyme.A.biosynthesis.II..plants., PWY.4361..S.methyl.5.thio..alpha..D.ribose.1.phosphate.degradation.I, PWY.4702..phytate.degradation.I, PWY.5004..superpathway.of.L.citrulline.metabolism, PWY.5022..4.aminobutanoate.degradation.V, PWY.5067..glycogen.biosynthesis.II..from.UDP.D.Glucose., PWY.5079..L.phenylalanine.degradation.III, PWY.5080..very.long.chain.fatty.acid.biosynthesis.I, PWY.5088..L.glutamate.degradation.VIII..to.propanoate., PWY.5104..L.isoleucine.biosynthesis.IV, PWY.5129..sphingolipid.biosynthesis..plants., PWY.5156..superpathway.of.fatty.acid.biosynthesis.II..plant., PWY.5178..toluene.degradation.IV..aerobic...via.catechol., PWY.5198..factor.420.biosynthesis.II..mycobacteria., PWY.5209..methyl.coenzyme.M.oxidation.to.CO2, PWY.5419..catechol.degradation.to.2.hydroxypentadienoate.II, PWY.5420..catechol.degradation.II..meta.cleavage.pathway., PWY.5464..superpathway.of.cytosolic.glycolysis..plants...pyruvate.dehydrogenase.and.TCA.cycle, PWY.5494..pyruvate.fermentation.to.propanoate.II..acrylate.pathway., PWY.5514..UDP.N.acetyl.D.galactosamine.biosynthesis.II, PWY.5647..2.nitrobenzoate.degradation.I, PWY.5651..L.tryptophan.degradation.to.2.amino.3.carboxymuconate.semialdehyde, PWY.5652..2.amino.3.carboxymuconate.semialdehyde.degradation.to.glutaryl.CoA, PWY.5655..L.tryptophan.degradation.IX, PWY.5677..succinate.fermentation.to.butanoate, PWY.5690..TCA.cycle.II..plants.and.fungi., PWY.5742..L.arginine.degradation.IX..arginine.pyruvate.transaminase.pathway., PWY.5870..ubiquinol.8.biosynthesis..late.decarboxylation., PWY.5873..ubiquinol.7.biosynthesis..late.decarboxylation., PWY.6075..ergosterol.biosynthesis.I, PWY.6113..superpathway.of.mycolate.biosynthesis, PWY.6143..CMP.pseudaminate.biosynthesis, PWY.6160..3.dehydroquinate.biosynthesis.II..archaea., PWY.6165..chorismate.biosynthesis.II..archaea., PWY.6167..flavin.biosynthesis.II..archaea., PWY.6269..superpathway.of.adenosylcobalamin.salvage.from.cobinamide.II, PWY.6281..L.selenocysteine.biosynthesis.II..archaea.and.eukaryotes., PWY.6307..L.tryptophan.degradation.X..mammalian..via.tryptamine., PWY.6309..L.tryptophan.degradation.XI..mammalian..via.kynurenine., PWY.6313..serotonin.degradation, PWY.6349..CDP.archaeol.biosynthesis, PWY.6350..archaetidylinositol.biosynthesis, PWY.6351..D.myo.inositol..1.4.5..trisphosphate.biosynthesis, PWY.6352..3.phosphoinositide.biosynthesis, PWY.6470..peptidoglycan.biosynthesis.V...beta..lactam.resistance., PWY.6471..peptidoglycan.biosynthesis.IV..Enterococcus.faecium., PWY.6478..GDP.D.glycero..alpha..D.manno.heptose.biosynthesis, PWY.6518..bile.acids.epimerization, PWY.6562..norspermidine.biosynthesis, PWY.6565..superpathway.of.polyamine.biosynthesis.III, PWY.6572..chondroitin.sulfate.degradation.I..bacterial., PWY.6596..adenosine.nucleotides.degradation.I, PWY.6598..sciadonate.biosynthesis, PWY.6662..superpathway.of.quinolone.and.alkylquinolone.biosynthesis, PWY.6748..nitrate.reduction.VII..denitrification., PWY.6763..salicortin.biosynthesis, PWY.6797..6.hydroxymethyl.dihydropterin.diphosphate.biosynthesis.II..Methanocaldococcus., PWY.6807..xyloglucan.degradation.II..exoglucanase., PWY.6829..tRNA.methylation..yeast., PWY.6837..fatty.acid..beta..oxidation.V..unsaturated..odd.number..di.isomerase.dependent., PWY.6842..glutathione.mediated.detoxification.II, PWY.6876..isopropanol.biosynthesis..engineered., PWY.6891..thiazole.component.of.thiamine.diphosphate.biosynthesis.II, PWY.6906..chitin.derivatives.degradation, PWY.6920..6.gingerol.analog.biosynthesis..engineered., PWY.6953..dTDP.3.acetamido..alpha..D.fucose.biosynthesis, PWY.6957..mandelate.degradation.to.acetyl.CoA, PWY.6981..chitin.biosynthesis, PWY.7009..2.2..dihydroxybiphenyl.degradation, PWY.7031..protein.N.glycosylation..bacterial., PWY.7035...9Z..tricosene.biosynthesis, PWY.7036..very.long.chain.fatty.acid.biosynthesis.II, PWY.7049..icosapentaenoate.biosynthesis.II..6.desaturase..mammals., PWY.7052..cyanophycin.metabolism, PWY.7053..docosahexaenoate.biosynthesis.I..lower.eukaryotes., PWY.7090..UDP.2.3.diacetamido.2.3.dideoxy..alpha..D.mannuronate.biosynthesis, PWY.7156..superpathway.of.ergosterol.biosynthesis.II, PWY.7159..3.8.divinyl.chlorophyllide.a.biosynthesis.III..aerobic..light.independent., PWY.722..nicotinate.degradation.I, PWY.7230..ubiquinol.6.biosynthesis.from.4.aminobenzoate..yeast., PWY.7235..superpathway.of.ubiquinol.6.biosynthesis..late.decarboxylation., PWY.7270..L.methionine.salvage.cycle.II..plants., PWY.7279..aerobic.respiration.II..cytochrome.c...yeast., PWY.7283..wybutosine.biosynthesis, PWY.7286..7..3.amino.3.carboxypropyl..wyosine.biosynthesis, PWY.7290..Escherichia.coli.serotype.O86.O.antigen.biosynthesis, PWY.7312..dTDP..beta..D.fucofuranose.biosynthesis, PWY.7316..dTDP.N.acetylviosamine.biosynthesis, PWY.7317..superpathway.of.dTDP.glucose.derived.O.antigen.building.blocks.biosynthesis, PWY.7337..10.cis.heptadecenoyl.CoA.degradation..yeast., PWY.7338..10.trans.heptadecenoyl.CoA.degradation..reductase.dependent..yeast., PWY.7371..1.4.dihydroxy.6.naphthoate.biosynthesis.II, PWY.7374..1.4.dihydroxy.6.naphthoate.biosynthesis.I, PWY.7376..cob.II.yrinate.a.c.diamide.biosynthesis.II..late.cobalt.incorporation., PWY.7377..cob.II.yrinate.a.c.diamide.biosynthesis.I..early.cobalt.insertion., PWY.7384..anaerobic.energy.metabolism..invertebrates..mitochondrial., PWY.7389..superpathway.of.anaerobic.energy.metabolism..invertebrates., PWY.7399..methylphosphonate.degradation.II, PWY.7411..phosphatidate.biosynthesis..yeast., PWY.7420..monoacylglycerol.metabolism..yeast., PWY.7431..aromatic.biogenic.amine.degradation..bacteria., PWY.7511..protein.ubiquitination, PWY.7527..L.methionine.salvage.cycle.III, PWY.7528..L.methionine.salvage.cycle.I..bacteria.and.plants., PWY.7546..diphthamide.biosynthesis.II..eukaryotes., PWY.7574..propanoyl.CoA.degradation.II, PWY.7592..arachidonate.biosynthesis.III..6.desaturase..mammals., PWY.7606..docosahexaenoate.biosynthesis.III..6.desaturase..mammals., PWY.7619..juniperonate.biosynthesis, PWY.7626..bacilysin.biosynthesis, PWY.7688..dTDP..alpha..D.ravidosamine.and.dTDP.4.acetyl..alpha..D.ravidosamine.biosynthesis, PWY.7717..3.hydroxy.4.methyl.anthranilate.biosynthesis.I, PWY.7724..icosapentaenoate.biosynthesis.III..8.desaturase..mammals., PWY.7725..arachidonate.biosynthesis.V..8.detaturase..mammals., PWY.7726...4Z.7Z.10Z.13Z.16Z..docosapentaenoate.biosynthesis..6.desaturase., PWY.7754..bile.acid.7.alpha..dehydroxylation, PWY.7800..Ac.N.end.rule.pathway, PWY.7815..poly.ribitol.phosphate..wall.teichoic.acid.biosynthesis.I..B..subtilis., PWY.7816..poly.ribitol.phosphate..wall.teichoic.acid.biosynthesis.II..S..aureus., PWY.7819..poly.3.O..beta..D.glucopyranosyl.N.acetylgalactosamine.1.phosphate..wall.teichoic.acid.biosynthesis, PWY.7820..teichuronic.acid.biosynthesis..B..subtilis.168., PWY.7822..chitin.degradation.III..Serratia., PWY.7854..crotonyl.CoA.ethylmalonyl.CoA.hydroxybutyryl.CoA.cycle..engineered., PWY.7919..protein.N.glycosylation.processing.phase..plants.and.animals., PWY.7992..superpathway.of.menaquinol.8.biosynthesis.III, PWY.8041..ultra.long.chain.fatty.acid.biosynthesis, PWY.8055..palmitoyl.ethanolamide.biosynthesis, PWY.8085..picolinate.degradation, PWY.8086...S..lactate.fermentation.to.propanoate..acetate.and.hydrogen, PWY.8112..factor.420.biosynthesis.I..archaea., PWY.8113..3PG.factor.420.biosynthesis, PWY.8134..bile.acid.7.beta..dehydroxylation, PWY.8173..anteiso.branched.chain.fatty.acid.biosynthesis, PWY.8174..odd.iso.branched.chain.fatty.acid.biosynthesis, PWY.8175..even.iso.branched.chain.fatty.acid.biosynthesis, PWY.8188..L.alanine.degradation.VI..reductive.Stickland.reaction., PWY.8189..L.alanine.degradation.V..oxidative.Stickland.reaction., PWY.8190..L.glutamate.degradation.XI..reductive.Stickland.reaction., PWY3DJ.12..ceramide.de.novo.biosynthesis, PWY3O.19..ubiquinol.6.biosynthesis..late.decarboxylation., PWY3O.4108..L.tyrosine.degradation.III, PWY490.3..nitrate.reduction.VI..assimilatory., PWY66.201..nicotine.degradation.IV, PWY66.367..ketogenesis, PWY66.388..ceramide.degradation.by..alpha..oxidation, PWY66.398..TCA.cycle.III..animals., SPHINGOLIPID.SYN.PWY..sphingolipid.biosynthesis..yeast., TEICHOICACID.PWY..poly.glycerol.phosphate..wall.teichoic.acid.biosynthesis, TRIGLSYN.PWY..diacylglycerol.and.triacylglycerol.biosynthesis, TYRFUMCAT.PWY..L.tyrosine.degradation.I, VALDEG.PWY..L.valine.degradation.I
2026-05-08 09:55:30.042057 INFO::Total features filtered by non-zero variance filtering: 0
2026-05-08 09:55:30.043412 INFO::Filtered feature names from variance filtering:
2026-05-08 09:55:30.044502 INFO::Writing filtered data to file MAASLIN_PATHWAY_TERMNESS/features/filtered_data.tsv
2026-05-08 09:55:30.084587 INFO::Running selected transform method: LOG
2026-05-08 09:55:30.089967 INFO::Writing normalized, filtered, transformed data to file MAASLIN_PATHWAY_TERMNESS/features/data_transformed.tsv
2026-05-08 09:55:30.158029 INFO::Factor detected for categorial metadata 'Termness'. Using as-is.
2026-05-08 09:55:30.159341 INFO::Applying z-score to standardize continuous metadata
2026-05-08 09:55:30.165333 INFO::Running the linear model component
2026-05-08 09:55:30.171511 DEBUG::Object: augment, Size: 56
2026-05-08 09:55:30.172113 DEBUG::Object: cluster, Size: 0
2026-05-08 09:55:30.172642 DEBUG::Object: cores, Size: 56
2026-05-08 09:55:30.173145 DEBUG::Object: correction, Size: 112
2026-05-08 09:55:30.173612 DEBUG::Object: extract_out, Size: 1416
2026-05-08 09:55:30.174133 DEBUG::Object: feature_specific_covariate, Size: 0
2026-05-08 09:55:30.174633 DEBUG::Object: feature_specific_covariate_name, Size: 0
2026-05-08 09:55:30.17512 DEBUG::Object: feature_specific_covariate_record, Size: 0
2026-05-08 09:55:30.17562 DEBUG::Object: features, Size: 344536
2026-05-08 09:55:30.176116 DEBUG::Object: formula, Size: 1008
2026-05-08 09:55:30.176602 DEBUG::Object: fun_list, Size: 58768
2026-05-08 09:55:30.177137 DEBUG::Object: func_to_run, Size: 435336
2026-05-08 09:55:30.177713 DEBUG::Object: groups, Size: 48
2026-05-08 09:55:30.178284 DEBUG::Object: median_comparison, Size: 56
2026-05-08 09:55:30.178795 DEBUG::Object: median_comparison_threshold, Size: 56
2026-05-08 09:55:30.179316 DEBUG::Object: metadata, Size: 30528
2026-05-08 09:55:30.179821 DEBUG::Object: model, Size: 112
2026-05-08 09:55:30.180313 DEBUG::Object: model_function, Size: 8864
2026-05-08 09:55:30.180788 DEBUG::Object: ordereds, Size: 48
2026-05-08 09:55:30.181269 DEBUG::Object: random_effects_formula, Size: 0
2026-05-08 09:55:30.181764 DEBUG::Object: ranef_function, Size: 0
2026-05-08 09:55:30.182267 DEBUG::Object: save_models, Size: 56
2026-05-08 09:55:30.182846 DEBUG::Object: small_random_effects, Size: 56
2026-05-08 09:55:30.183385 DEBUG::Object: strata, Size: 48
2026-05-08 09:55:30.183893 DEBUG::Object: subtract_median, Size: 56
2026-05-08 09:55:30.184408 DEBUG::Object: summary_function, Size: 49424
2026-05-08 09:55:30.184951 DEBUG::Object: func_to_run, Size: 435336
2026-05-08 09:55:30.185731 INFO::Fitting model to feature number 1, X1CMET2.PWY..folate.transformations.III..E..coli.
2026-05-08 09:55:30.190019 INFO::Fitting model to feature number 2, X3.HYDROXYPHENYLACETATE.DEGRADATION.PWY..4.hydroxyphenylacetate.degradation
2026-05-08 09:55:30.194192 INFO::Fitting model to feature number 3, AEROBACTINSYN.PWY..aerobactin.biosynthesis
2026-05-08 09:55:30.198735 INFO::Fitting model to feature number 4, ALLANTOINDEG.PWY..superpathway.of.allantoin.degradation.in.yeast
2026-05-08 09:55:30.20288 INFO::Fitting model to feature number 5, ANAEROFRUCAT.PWY..homolactic.fermentation
2026-05-08 09:55:30.207121 INFO::Fitting model to feature number 6, ANAGLYCOLYSIS.PWY..glycolysis.III..from.glucose.
2026-05-08 09:55:30.211451 INFO::Fitting model to feature number 7, ARG.POLYAMINE.SYN..superpathway.of.arginine.and.polyamine.biosynthesis
2026-05-08 09:55:30.215663 INFO::Fitting model to feature number 8, ARGDEG.PWY..superpathway.of.L.arginine..putrescine..and.4.aminobutanoate.degradation
2026-05-08 09:55:30.219697 INFO::Fitting model to feature number 9, ARGININE.SYN4.PWY..L.ornithine.biosynthesis.II
2026-05-08 09:55:30.223753 INFO::Fitting model to feature number 10, ARGSYN.PWY..L.arginine.biosynthesis.I..via.L.ornithine.
2026-05-08 09:55:30.228262 INFO::Fitting model to feature number 11, ARGSYNBSUB.PWY..L.arginine.biosynthesis.II..acetyl.cycle.
2026-05-08 09:55:30.232877 INFO::Fitting model to feature number 12, ARO.PWY..chorismate.biosynthesis.I
2026-05-08 09:55:30.237062 INFO::Fitting model to feature number 13, ASPASN.PWY..superpathway.of.L.aspartate.and.L.asparagine.biosynthesis
2026-05-08 09:55:30.241104 INFO::Fitting model to feature number 14, AST.PWY..L.arginine.degradation.II..AST.pathway.
2026-05-08 09:55:30.245326 INFO::Fitting model to feature number 15, BIOTIN.BIOSYNTHESIS.PWY..biotin.biosynthesis.I
2026-05-08 09:55:30.249711 INFO::Fitting model to feature number 16, BRANCHED.CHAIN.AA.SYN.PWY..superpathway.of.branched.chain.amino.acid.biosynthesis
2026-05-08 09:55:30.253705 INFO::Fitting model to feature number 17, CALVIN.PWY..Calvin.Benson.Bassham.cycle
2026-05-08 09:55:30.25785 INFO::Fitting model to feature number 18, CARNMET.PWY..L.carnitine.degradation.I
2026-05-08 09:55:30.262298 INFO::Fitting model to feature number 19, CATECHOL.ORTHO.CLEAVAGE.PWY..catechol.degradation.to..beta..ketoadipate
2026-05-08 09:55:30.266939 INFO::Fitting model to feature number 20, CENTFERM.PWY..pyruvate.fermentation.to.butanoate
2026-05-08 09:55:30.271206 INFO::Fitting model to feature number 21, CITRULBIO.PWY..L.citrulline.biosynthesis
2026-05-08 09:55:30.275497 INFO::Fitting model to feature number 22, COA.PWY.1..superpathway.of.coenzyme.A.biosynthesis.III..mammals.
2026-05-08 09:55:30.27958 INFO::Fitting model to feature number 23, COA.PWY..coenzyme.A.biosynthesis.I..prokaryotic.
2026-05-08 09:55:30.283539 INFO::Fitting model to feature number 24, COBALSYN.PWY..superpathway.of.adenosylcobalamin.salvage.from.cobinamide.I
2026-05-08 09:55:30.28794 INFO::Fitting model to feature number 25, COLANSYN.PWY..colanic.acid.building.blocks.biosynthesis
2026-05-08 09:55:30.292665 INFO::Fitting model to feature number 26, COMPLETE.ARO.PWY..superpathway.of.aromatic.amino.acid.biosynthesis
2026-05-08 09:55:30.296858 INFO::Fitting model to feature number 27, CRNFORCAT.PWY..creatinine.degradation.I
2026-05-08 09:55:30.300864 INFO::Fitting model to feature number 28, DAPLYSINESYN.PWY..L.lysine.biosynthesis.I
2026-05-08 09:55:30.304905 INFO::Fitting model to feature number 29, DARABCATK12.PWY..D.arabinose.degradation.I
2026-05-08 09:55:30.309165 INFO::Fitting model to feature number 30, DENITRIFICATION.PWY..nitrate.reduction.I..denitrification.
2026-05-08 09:55:30.314913 INFO::Fitting model to feature number 31, DENOVOPURINE2.PWY..superpathway.of.purine.nucleotides.de.novo.biosynthesis.II
2026-05-08 09:55:30.319012 INFO::Fitting model to feature number 32, DHGLUCONATE.PYR.CAT.PWY..glucose.degradation..oxidative.
2026-05-08 09:55:30.323162 INFO::Fitting model to feature number 33, DTDPRHAMSYN.PWY..dTDP..beta..L.rhamnose.biosynthesis
2026-05-08 09:55:30.327318 INFO::Fitting model to feature number 34, ECASYN.PWY..enterobacterial.common.antigen.biosynthesis
2026-05-08 09:55:30.331404 INFO::Fitting model to feature number 35, FAO.PWY..fatty.acid..beta..oxidation.I..generic.
2026-05-08 09:55:30.335641 INFO::Fitting model to feature number 36, FASYN.ELONG.PWY..fatty.acid.elongation....saturated
2026-05-08 09:55:30.345456 INFO::Fitting model to feature number 37, FASYN.INITIAL.PWY..superpathway.of.fatty.acid.biosynthesis.initiation..E..coli.
2026-05-08 09:55:30.367822 INFO::Fitting model to feature number 38, FERMENTATION.PWY..mixed.acid.fermentation
2026-05-08 09:55:30.37235 INFO::Fitting model to feature number 39, FOLSYN.PWY..superpathway.of.tetrahydrofolate.biosynthesis.and.salvage
2026-05-08 09:55:30.376561 INFO::Fitting model to feature number 40, FUC.RHAMCAT.PWY..superpathway.of.fucose.and.rhamnose.degradation
2026-05-08 09:55:30.380874 INFO::Fitting model to feature number 41, FUCCAT.PWY..fucose.degradation
2026-05-08 09:55:30.385429 INFO::Fitting model to feature number 42, GALACT.GLUCUROCAT.PWY..superpathway.of.hexuronide.and.hexuronate.degradation
2026-05-08 09:55:30.389626 INFO::Fitting model to feature number 43, GALACTARDEG.PWY..D.galactarate.degradation.I
2026-05-08 09:55:30.393975 INFO::Fitting model to feature number 44, GALACTITOLCAT.PWY..galactitol.degradation
2026-05-08 09:55:30.39808 INFO::Fitting model to feature number 45, GALACTUROCAT.PWY..D.galacturonate.degradation.I
2026-05-08 09:55:30.402355 INFO::Fitting model to feature number 46, GLCMANNANAUT.PWY..superpathway.of.N.acetylglucosamine..N.acetylmannosamine.and.N.acetylneuraminate.degradation
2026-05-08 09:55:30.406356 INFO::Fitting model to feature number 47, GLUCARDEG.PWY..D.glucarate.degradation.I
2026-05-08 09:55:30.410481 INFO::Fitting model to feature number 48, GLUCARGALACTSUPER.PWY..superpathway.of.D.glucarate.and.D.galactarate.degradation
2026-05-08 09:55:30.414793 INFO::Fitting model to feature number 49, GLUCONEO.PWY..gluconeogenesis.I
2026-05-08 09:55:30.419067 INFO::Fitting model to feature number 50, GLUCOSE1PMETAB.PWY..glucose.and.glucose.1.phosphate.degradation
2026-05-08 09:55:30.423402 INFO::Fitting model to feature number 51, GLUCUROCAT.PWY..superpathway.of..beta..D.glucuronosides.degradation
2026-05-08 09:55:30.427597 INFO::Fitting model to feature number 52, GLUDEG.I.PWY..GABA.shunt
2026-05-08 09:55:30.431734 INFO::Fitting model to feature number 53, GLUTORN.PWY..L.ornithine.biosynthesis.I
2026-05-08 09:55:30.435739 INFO::Fitting model to feature number 54, GLYCOCAT.PWY..glycogen.degradation.I
2026-05-08 09:55:30.439717 INFO::Fitting model to feature number 55, GLYCOGENSYNTH.PWY..glycogen.biosynthesis.I..from.ADP.D.Glucose.
2026-05-08 09:55:30.44388 INFO::Fitting model to feature number 56, GLYCOL.GLYOXDEG.PWY..superpathway.of.glycol.metabolism.and.degradation
2026-05-08 09:55:30.44815 INFO::Fitting model to feature number 57, GLYCOLYSIS.E.D..superpathway.of.glycolysis.and.the.Entner.Doudoroff.pathway
2026-05-08 09:55:30.452368 INFO::Fitting model to feature number 58, GLYCOLYSIS.TCA.GLYOX.BYPASS..superpathway.of.glycolysis..pyruvate.dehydrogenase..TCA..and.glyoxylate.bypass
2026-05-08 09:55:30.456413 INFO::Fitting model to feature number 59, GLYCOLYSIS..glycolysis.I..from.glucose.6.phosphate.
2026-05-08 09:55:30.460781 INFO::Fitting model to feature number 60, GLYOXYLATE.BYPASS..glyoxylate.cycle
2026-05-08 09:55:30.465145 INFO::Fitting model to feature number 61, GOLPDLCAT.PWY..superpathway.of.glycerol.degradation.to.1.3.propanediol
2026-05-08 09:55:30.469148 INFO::Fitting model to feature number 62, HCAMHPDEG.PWY..3.phenylpropanoate.and.3..3.hydroxyphenyl.propanoate.degradation.to.2.hydroxypentadienoate
2026-05-08 09:55:30.473138 INFO::Fitting model to feature number 63, HEME.BIOSYNTHESIS.II.1..heme.b.biosynthesis.V..aerobic.
2026-05-08 09:55:30.477416 INFO::Fitting model to feature number 64, HEME.BIOSYNTHESIS.II..heme.b.biosynthesis.I..aerobic.
2026-05-08 09:55:30.481712 INFO::Fitting model to feature number 65, HEMESYN2.PWY..heme.b.biosynthesis.II..oxygen.independent.
2026-05-08 09:55:30.486126 INFO::Fitting model to feature number 66, HEXITOLDEGSUPER.PWY..superpathway.of.hexitol.degradation..bacteria.
2026-05-08 09:55:30.490166 INFO::Fitting model to feature number 67, HISDEG.PWY..L.histidine.degradation.I
2026-05-08 09:55:30.495154 INFO::Fitting model to feature number 68, HISTSYN.PWY..L.histidine.biosynthesis
2026-05-08 09:55:30.499234 INFO::Fitting model to feature number 69, HOMOSER.METSYN.PWY..L.methionine.biosynthesis.I
2026-05-08 09:55:30.503225 INFO::Fitting model to feature number 70, HSERMETANA.PWY..L.methionine.biosynthesis.III
2026-05-08 09:55:30.507838 INFO::Fitting model to feature number 71, ILEUSYN.PWY..L.isoleucine.biosynthesis.I..from.threonine.
2026-05-08 09:55:30.511987 INFO::Fitting model to feature number 72, KDO.NAGLIPASYN.PWY..superpathway.of..Kdo.2.lipid.A.biosynthesis
2026-05-08 09:55:30.516325 INFO::Fitting model to feature number 73, KETOGLUCONMET.PWY..ketogluconate.metabolism
2026-05-08 09:55:30.520505 INFO::Fitting model to feature number 74, LACTOSECAT.PWY..lactose.and.galactose.degradation.I
2026-05-08 09:55:30.524795 INFO::Fitting model to feature number 75, LIPA.CORESYN.PWY..lipid.A.core.biosynthesis..E..coli.K.12.
2026-05-08 09:55:30.529025 INFO::Fitting model to feature number 76, LIPASYN.PWY..phospholipases
2026-05-08 09:55:30.532978 INFO::Fitting model to feature number 77, LPSSYN.PWY..superpathway.of.lipopolysaccharide.biosynthesis
2026-05-08 09:55:30.536942 INFO::Fitting model to feature number 78, MET.SAM.PWY..superpathway.of.S.adenosyl.L.methionine.biosynthesis
2026-05-08 09:55:30.554917 INFO::Fitting model to feature number 79, METHGLYUT.PWY..superpathway.of.methylglyoxal.degradation
2026-05-08 09:55:30.559551 INFO::Fitting model to feature number 80, METSYN.PWY..superpathway.of.L.homoserine.and.L.methionine.biosynthesis
2026-05-08 09:55:30.563778 INFO::Fitting model to feature number 81, NAD.BIOSYNTHESIS.II..NAD.salvage.pathway.III..to.nicotinamide.riboside.
2026-05-08 09:55:30.56842 INFO::Fitting model to feature number 82, NAGLIPASYN.PWY..lipid.IVA.biosynthesis..E..coli.
2026-05-08 09:55:30.572608 INFO::Fitting model to feature number 83, NONMEVIPP.PWY..methylerythritol.phosphate.pathway.I
2026-05-08 09:55:30.577077 INFO::Fitting model to feature number 84, NONOXIPENT.PWY..pentose.phosphate.pathway..non.oxidative.branch..I
2026-05-08 09:55:30.581276 INFO::Fitting model to feature number 85, OANTIGEN.PWY..O.antigen.building.blocks.biosynthesis..E..coli.
2026-05-08 09:55:30.585881 INFO::Fitting model to feature number 86, ORNARGDEG.PWY..superpathway.of.L.arginine.and.L.ornithine.degradation
2026-05-08 09:55:30.589954 INFO::Fitting model to feature number 87, ORNDEG.PWY..superpathway.of.ornithine.degradation
2026-05-08 09:55:30.594038 INFO::Fitting model to feature number 88, P105.PWY..TCA.cycle.IV..2.oxoglutarate.decarboxylase.
2026-05-08 09:55:30.598213 INFO::Fitting model to feature number 89, P108.PWY..pyruvate.fermentation.to.propanoate.I
2026-05-08 09:55:30.602659 INFO::Fitting model to feature number 90, P122.PWY..heterolactic.fermentation
2026-05-08 09:55:30.608661 INFO::Fitting model to feature number 91, P124.PWY..Bifidobacterium.shunt
2026-05-08 09:55:30.6131 INFO::Fitting model to feature number 92, P125.PWY..superpathway.of..R.R..butanediol.biosynthesis
2026-05-08 09:55:30.618327 INFO::Fitting model to feature number 93, P161.PWY..acetylene.degradation..anaerobic.
2026-05-08 09:55:30.622301 INFO::Fitting model to feature number 94, P164.PWY..purine.nucleobases.degradation.I..anaerobic.
2026-05-08 09:55:30.62641 INFO::Fitting model to feature number 95, P185.PWY..formaldehyde.assimilation.III..dihydroxyacetone.cycle.
2026-05-08 09:55:30.630838 INFO::Fitting model to feature number 96, P221.PWY..octane.oxidation
2026-05-08 09:55:30.635605 INFO::Fitting model to feature number 97, P23.PWY..reductive.TCA.cycle.I
2026-05-08 09:55:30.639914 INFO::Fitting model to feature number 98, P4.PWY..superpathway.of.L.lysine..L.threonine.and.L.methionine.biosynthesis.I
2026-05-08 09:55:30.644248 INFO::Fitting model to feature number 99, P41.PWY..pyruvate.fermentation.to.acetate.and..S..lactate.I
2026-05-08 09:55:30.648545 INFO::Fitting model to feature number 100, P42.PWY..incomplete.reductive.TCA.cycle
2026-05-08 09:55:30.652831 INFO::Fitting model to feature number 101, P441.PWY..superpathway.of.N.acetylneuraminate.degradation
2026-05-08 09:55:30.656879 INFO::Fitting model to feature number 102, P461.PWY..hexitol.fermentation.to.lactate..formate..ethanol.and.acetate
2026-05-08 09:55:30.661027 INFO::Fitting model to feature number 103, P562.PWY..myo.inositol.degradation.I
2026-05-08 09:55:30.665304 INFO::Fitting model to feature number 104, P621.PWY..nylon.6.oligomer.degradation
2026-05-08 09:55:30.669323 INFO::Fitting model to feature number 105, PANTO.PWY..phosphopantothenate.biosynthesis.I
2026-05-08 09:55:30.673415 INFO::Fitting model to feature number 106, PANTOSYN.PWY..superpathway.of.coenzyme.A.biosynthesis.I..bacteria.
2026-05-08 09:55:30.677429 INFO::Fitting model to feature number 107, PENTOSE.P.PWY..pentose.phosphate.pathway
2026-05-08 09:55:30.681589 INFO::Fitting model to feature number 108, PEPTIDOGLYCANSYN.PWY..peptidoglycan.biosynthesis.I..meso.diaminopimelate.containing.
2026-05-08 09:55:30.685881 INFO::Fitting model to feature number 109, PHOSLIPSYN.PWY..superpathway.of.phospholipid.biosynthesis.I..bacteria.
2026-05-08 09:55:30.689954 INFO::Fitting model to feature number 110, POLYAMSYN.PWY..superpathway.of.polyamine.biosynthesis.I
2026-05-08 09:55:30.694833 INFO::Fitting model to feature number 111, POLYISOPRENSYN.PWY..polyisoprenoid.biosynthesis..E..coli.
2026-05-08 09:55:30.699216 INFO::Fitting model to feature number 112, PPGPPMET.PWY..ppGpp.metabolism
2026-05-08 09:55:30.703399 INFO::Fitting model to feature number 113, PROTOCATECHUATE.ORTHO.CLEAVAGE.PWY..protocatechuate.degradation.II..ortho.cleavage.pathway.
2026-05-08 09:55:30.707452 INFO::Fitting model to feature number 114, PRPP.PWY..superpathway.of.histidine..purine..and.pyrimidine.biosynthesis
2026-05-08 09:55:30.711644 INFO::Fitting model to feature number 115, PWY.1042..glycolysis.IV
2026-05-08 09:55:30.716217 INFO::Fitting model to feature number 116, PWY.1269..CMP.3.deoxy.D.manno.octulosonate.biosynthesis
2026-05-08 09:55:30.720512 INFO::Fitting model to feature number 117, PWY.1622..formaldehyde.assimilation.I..serine.pathway.
2026-05-08 09:55:30.724823 INFO::Fitting model to feature number 118, PWY.181..photorespiration
2026-05-08 09:55:30.729283 INFO::Fitting model to feature number 119, PWY.1861..formaldehyde.assimilation.II..assimilatory.RuMP.Cycle.
2026-05-08 09:55:30.733421 INFO::Fitting model to feature number 120, PWY.2221..Entner.Doudoroff.pathway.III..semi.phosphorylative.
2026-05-08 09:55:30.737623 INFO::Fitting model to feature number 121, PWY.241..C4.photosynthetic.carbon.assimilation.cycle..NADP.ME.type
2026-05-08 09:55:30.74202 INFO::Fitting model to feature number 122, PWY.2941..L.lysine.biosynthesis.II
2026-05-08 09:55:30.746081 INFO::Fitting model to feature number 123, PWY.2942..L.lysine.biosynthesis.III
2026-05-08 09:55:30.750218 INFO::Fitting model to feature number 124, PWY.3001..superpathway.of.L.isoleucine.biosynthesis.I
2026-05-08 09:55:30.754705 INFO::Fitting model to feature number 125, PWY.3801..sucrose.degradation.II..sucrose.synthase.
2026-05-08 09:55:30.759754 INFO::Fitting model to feature number 126, PWY.3841..folate.transformations.II..plants.
2026-05-08 09:55:30.763917 INFO::Fitting model to feature number 127, PWY.4041...gamma..glutamyl.cycle
2026-05-08 09:55:30.767947 INFO::Fitting model to feature number 128, PWY.4984..urea.cycle
2026-05-08 09:55:30.772101 INFO::Fitting model to feature number 129, PWY.5005..biotin.biosynthesis.II
2026-05-08 09:55:30.776215 INFO::Fitting model to feature number 130, PWY.5028..L.histidine.degradation.II
2026-05-08 09:55:30.780455 INFO::Fitting model to feature number 131, PWY.5030..L.histidine.degradation.III
2026-05-08 09:55:30.784848 INFO::Fitting model to feature number 132, PWY.5097..L.lysine.biosynthesis.VI
2026-05-08 09:55:30.789154 INFO::Fitting model to feature number 133, PWY.5100..pyruvate.fermentation.to.acetate.and.lactate.II
2026-05-08 09:55:30.793565 INFO::Fitting model to feature number 134, PWY.5103..L.isoleucine.biosynthesis.III
2026-05-08 09:55:30.797659 INFO::Fitting model to feature number 135, PWY.5121..superpathway.of.geranylgeranyl.diphosphate.biosynthesis.II..via.MEP.
2026-05-08 09:55:30.806431 INFO::Fitting model to feature number 136, PWY.5130..2.oxobutanoate.degradation.I
2026-05-08 09:55:30.814372 INFO::Fitting model to feature number 137, PWY.5136..fatty.acid..beta..oxidation.II..plant.peroxisome.
2026-05-08 09:55:30.819271 INFO::Fitting model to feature number 138, PWY.5138..fatty.acid..beta..oxidation.IV..unsaturated..even.number.
2026-05-08 09:55:30.824809 INFO::Fitting model to feature number 139, PWY.5154..L.arginine.biosynthesis.III..via.N.acetyl.L.citrulline.
2026-05-08 09:55:30.829513 INFO::Fitting model to feature number 140, PWY.5180..toluene.degradation.I..aerobic...via.o.cresol.
2026-05-08 09:55:30.83384 INFO::Fitting model to feature number 141, PWY.5188..tetrapyrrole.biosynthesis.I..from.glutamate.
2026-05-08 09:55:30.837949 INFO::Fitting model to feature number 142, PWY.5189..tetrapyrrole.biosynthesis.II..from.glycine.
2026-05-08 09:55:30.842017 INFO::Fitting model to feature number 143, PWY.5265..peptidoglycan.biosynthesis.II..staphylococci.
2026-05-08 09:55:30.846185 INFO::Fitting model to feature number 144, PWY.5345..superpathway.of.L.methionine.biosynthesis..by.sulfhydrylation.
2026-05-08 09:55:30.850944 INFO::Fitting model to feature number 145, PWY.5347..superpathway.of.L.methionine.biosynthesis..transsulfuration.
2026-05-08 09:55:30.855697 INFO::Fitting model to feature number 146, PWY.5367..petroselinate.biosynthesis
2026-05-08 09:55:30.860059 INFO::Fitting model to feature number 147, PWY.5384..sucrose.degradation.IV..sucrose.phosphorylase.
2026-05-08 09:55:30.864122 INFO::Fitting model to feature number 148, PWY.5392..reductive.TCA.cycle.II
2026-05-08 09:55:30.868321 INFO::Fitting model to feature number 149, PWY.5415..catechol.degradation.I..meta.cleavage.pathway.
2026-05-08 09:55:30.873316 INFO::Fitting model to feature number 150, PWY.5417..catechol.degradation.III..ortho.cleavage.pathway.
2026-05-08 09:55:30.87766 INFO::Fitting model to feature number 151, PWY.5431..aromatic.compounds.degradation.via..beta..ketoadipate
2026-05-08 09:55:30.881993 INFO::Fitting model to feature number 152, PWY.5484..glycolysis.II..from.fructose.6.phosphate.
2026-05-08 09:55:30.886475 INFO::Fitting model to feature number 153, PWY.5497..purine.nucleobases.degradation.II..anaerobic.
2026-05-08 09:55:30.8906 INFO::Fitting model to feature number 154, PWY.5505..L.glutamate.and.L.glutamine.biosynthesis
2026-05-08 09:55:30.895093 INFO::Fitting model to feature number 155, PWY.561..superpathway.of.glyoxylate.cycle.and.fatty.acid.degradation
2026-05-08 09:55:30.899392 INFO::Fitting model to feature number 156, PWY.5654..2.amino.3.carboxymuconate.semialdehyde.degradation.to.2.hydroxypentadienoate
2026-05-08 09:55:30.903526 INFO::Fitting model to feature number 157, PWY.5656..mannosylglycerate.biosynthesis.I
2026-05-08 09:55:30.907662 INFO::Fitting model to feature number 158, PWY.5659..GDP.mannose.biosynthesis
2026-05-08 09:55:30.912077 INFO::Fitting model to feature number 159, PWY.5667..CDP.diacylglycerol.biosynthesis.I
2026-05-08 09:55:30.916176 INFO::Fitting model to feature number 160, PWY.5675..nitrate.reduction.V..assimilatory.
2026-05-08 09:55:30.92043 INFO::Fitting model to feature number 161, PWY.5676..acetyl.CoA.fermentation.to.butanoate.II
2026-05-08 09:55:30.924434 INFO::Fitting model to feature number 162, PWY.5686..UMP.biosynthesis.I
2026-05-08 09:55:30.928464 INFO::Fitting model to feature number 163, PWY.5692..allantoin.degradation.to.glyoxylate.II
2026-05-08 09:55:30.932551 INFO::Fitting model to feature number 164, PWY.5695..inosine.5..phosphate.degradation
2026-05-08 09:55:30.936667 INFO::Fitting model to feature number 165, PWY.5705..allantoin.degradation.to.glyoxylate.III
2026-05-08 09:55:30.941386 INFO::Fitting model to feature number 166, PWY.5723..Rubisco.shunt
2026-05-08 09:55:30.945527 INFO::Fitting model to feature number 167, PWY.5747..2.methylcitrate.cycle.II
2026-05-08 09:55:30.949615 INFO::Fitting model to feature number 168, PWY.5837..2.carboxy.1.4.naphthoquinol.biosynthesis
2026-05-08 09:55:30.953574 INFO::Fitting model to feature number 169, PWY.5838..superpathway.of.menaquinol.8.biosynthesis.I
2026-05-08 09:55:30.972628 INFO::Fitting model to feature number 170, PWY.5840..superpathway.of.menaquinol.7.biosynthesis
2026-05-08 09:55:30.981755 INFO::Fitting model to feature number 171, PWY.5845..superpathway.of.menaquinol.9.biosynthesis
2026-05-08 09:55:30.985953 INFO::Fitting model to feature number 172, PWY.5850..superpathway.of.menaquinol.6.biosynthesis
2026-05-08 09:55:30.989984 INFO::Fitting model to feature number 173, PWY.5855..ubiquinol.7.biosynthesis..early.decarboxylation.
2026-05-08 09:55:30.994538 INFO::Fitting model to feature number 174, PWY.5860..superpathway.of.demethylmenaquinol.6.biosynthesis.I
2026-05-08 09:55:30.998737 INFO::Fitting model to feature number 175, PWY.5861..superpathway.of.demethylmenaquinol.8.biosynthesis.I
2026-05-08 09:55:31.003613 INFO::Fitting model to feature number 176, PWY.5862..superpathway.of.demethylmenaquinol.9.biosynthesis
2026-05-08 09:55:31.009829 INFO::Fitting model to feature number 177, PWY.5896..superpathway.of.menaquinol.10.biosynthesis
2026-05-08 09:55:31.014144 INFO::Fitting model to feature number 178, PWY.5897..superpathway.of.menaquinol.11.biosynthesis
2026-05-08 09:55:31.018193 INFO::Fitting model to feature number 179, PWY.5898..superpathway.of.menaquinol.12.biosynthesis
2026-05-08 09:55:31.022409 INFO::Fitting model to feature number 180, PWY.5899..superpathway.of.menaquinol.13.biosynthesis
2026-05-08 09:55:31.02666 INFO::Fitting model to feature number 181, PWY.5910..superpathway.of.geranylgeranyldiphosphate.biosynthesis.I..via.mevalonate.
2026-05-08 09:55:31.030734 INFO::Fitting model to feature number 182, PWY.5913..partial.TCA.cycle..obligate.autotrophs.
2026-05-08 09:55:31.03526 INFO::Fitting model to feature number 183, PWY.5918..superpathway.of.heme.b.biosynthesis.from.glutamate
2026-05-08 09:55:31.039546 INFO::Fitting model to feature number 184, PWY.5920..superpathway.of.heme.b.biosynthesis.from.glycine
2026-05-08 09:55:31.043714 INFO::Fitting model to feature number 185, PWY.5941..glycogen.degradation.II
2026-05-08 09:55:31.048003 INFO::Fitting model to feature number 186, PWY.5971..palmitate.biosynthesis..type.II.fatty.acid.synthase.
2026-05-08 09:55:31.051999 INFO::Fitting model to feature number 187, PWY.5972..stearate.biosynthesis.I..animals.
2026-05-08 09:55:31.056057 INFO::Fitting model to feature number 188, PWY.5973..cis.vaccenate.biosynthesis
2026-05-08 09:55:31.060049 INFO::Fitting model to feature number 189, PWY.5981..CDP.diacylglycerol.biosynthesis.III
2026-05-08 09:55:31.064051 INFO::Fitting model to feature number 190, PWY.5989..stearate.biosynthesis.II..bacteria.and.plants.
2026-05-08 09:55:31.068709 INFO::Fitting model to feature number 191, PWY.5994..palmitate.biosynthesis..type.I.fatty.acid.synthase.
2026-05-08 09:55:31.072854 INFO::Fitting model to feature number 192, PWY.6121..5.aminoimidazole.ribonucleotide.biosynthesis.I
2026-05-08 09:55:31.077246 INFO::Fitting model to feature number 193, PWY.6122..5.aminoimidazole.ribonucleotide.biosynthesis.II
2026-05-08 09:55:31.08132 INFO::Fitting model to feature number 194, PWY.6123..inosine.5..phosphate.biosynthesis.I
2026-05-08 09:55:31.085312 INFO::Fitting model to feature number 195, PWY.6124..inosine.5..phosphate.biosynthesis.II
2026-05-08 09:55:31.089407 INFO::Fitting model to feature number 196, PWY.6125..superpathway.of.guanosine.nucleotides.de.novo.biosynthesis.II
2026-05-08 09:55:31.093399 INFO::Fitting model to feature number 197, PWY.6126..superpathway.of.adenosine.nucleotides.de.novo.biosynthesis.II
2026-05-08 09:55:31.097587 INFO::Fitting model to feature number 198, PWY.6147..6.hydroxymethyl.dihydropterin.diphosphate.biosynthesis.I
2026-05-08 09:55:31.101954 INFO::Fitting model to feature number 199, PWY.6151..S.adenosyl.L.methionine.salvage.I
2026-05-08 09:55:31.106129 INFO::Fitting model to feature number 200, PWY.6163..chorismate.biosynthesis.from.3.dehydroquinate
2026-05-08 09:55:31.110362 INFO::Fitting model to feature number 201, PWY.6168..flavin.biosynthesis.III..fungi.
2026-05-08 09:55:31.114352 INFO::Fitting model to feature number 202, PWY.6182..superpathway.of.salicylate.degradation
2026-05-08 09:55:31.118329 INFO::Fitting model to feature number 203, PWY.6185..4.methylcatechol.degradation..ortho.cleavage.
2026-05-08 09:55:31.122276 INFO::Fitting model to feature number 204, PWY.6210..2.aminophenol.degradation
2026-05-08 09:55:31.12627 INFO::Fitting model to feature number 205, PWY.6215..4.chlorobenzoate.degradation
2026-05-08 09:55:31.130483 INFO::Fitting model to feature number 206, PWY.621..sucrose.degradation.III..sucrose.invertase.
2026-05-08 09:55:31.135011 INFO::Fitting model to feature number 207, PWY.622..starch.biosynthesis
2026-05-08 09:55:31.139261 INFO::Fitting model to feature number 208, PWY.6270..isoprene.biosynthesis.I
2026-05-08 09:55:31.144148 INFO::Fitting model to feature number 209, PWY.6277..superpathway.of.5.aminoimidazole.ribonucleotide.biosynthesis
2026-05-08 09:55:31.148264 INFO::Fitting model to feature number 210, PWY.6282..palmitoleate.biosynthesis.I..from..5Z..dodec.5.enoate.
2026-05-08 09:55:31.152398 INFO::Fitting model to feature number 211, PWY.6284..superpathway.of.unsaturated.fatty.acids.biosynthesis..E..coli.
2026-05-08 09:55:31.156329 INFO::Fitting model to feature number 212, PWY.6285..superpathway.of.fatty.acids.biosynthesis..E..coli.
2026-05-08 09:55:31.164113 INFO::Fitting model to feature number 213, PWY.6292..superpathway.of.L.cysteine.biosynthesis..mammalian.
2026-05-08 09:55:31.17664 INFO::Fitting model to feature number 214, PWY.6293..superpathway.of.L.cysteine.biosynthesis..fungi.
2026-05-08 09:55:31.181774 INFO::Fitting model to feature number 215, PWY.6305..superpathway.of.putrescine.biosynthesis
2026-05-08 09:55:31.186202 INFO::Fitting model to feature number 216, PWY.6317..D.galactose.degradation.I..Leloir.pathway.
2026-05-08 09:55:31.190211 INFO::Fitting model to feature number 217, PWY.6318..L.phenylalanine.degradation.IV..mammalian..via.side.chain.
2026-05-08 09:55:31.194277 INFO::Fitting model to feature number 218, PWY.6328..L.lysine.degradation.X
2026-05-08 09:55:31.198335 INFO::Fitting model to feature number 219, PWY.6353..purine.nucleotides.degradation.II..aerobic.
2026-05-08 09:55:31.202426 INFO::Fitting model to feature number 220, PWY.6385..peptidoglycan.biosynthesis.III..mycobacteria.
2026-05-08 09:55:31.207198 INFO::Fitting model to feature number 221, PWY.6386..UDP.N.acetylmuramoyl.pentapeptide.biosynthesis.II..lysine.containing.
2026-05-08 09:55:31.211345 INFO::Fitting model to feature number 222, PWY.6387..UDP.N.acetylmuramoyl.pentapeptide.biosynthesis.I..meso.diaminopimelate.containing.
2026-05-08 09:55:31.215343 INFO::Fitting model to feature number 223, PWY.6396..superpathway.of.2.3.butanediol.biosynthesis
2026-05-08 09:55:31.219492 INFO::Fitting model to feature number 224, PWY.6435..4.hydroxybenzoate.biosynthesis.III..plants.
2026-05-08 09:55:31.223593 INFO::Fitting model to feature number 225, PWY.6507..4.deoxy.L.threo.hex.4.enopyranuronate.degradation
2026-05-08 09:55:31.227963 INFO::Fitting model to feature number 226, PWY.6519..8.amino.7.oxononanoate.biosynthesis.I
2026-05-08 09:55:31.232038 INFO::Fitting model to feature number 227, PWY.6527..stachyose.degradation
2026-05-08 09:55:31.236653 INFO::Fitting model to feature number 228, PWY.6531..mannitol.cycle
2026-05-08 09:55:31.240818 INFO::Fitting model to feature number 229, PWY.6545..pyrimidine.deoxyribonucleotides.de.novo.biosynthesis.III
2026-05-08 09:55:31.245398 INFO::Fitting model to feature number 230, PWY.6549..L.glutamine.biosynthesis.III
2026-05-08 09:55:31.249752 INFO::Fitting model to feature number 231, PWY.6588..pyruvate.fermentation.to.acetone
2026-05-08 09:55:31.253882 INFO::Fitting model to feature number 232, PWY.6590..superpathway.of.Clostridium.acetobutylicum.acidogenic.fermentation
2026-05-08 09:55:31.257897 INFO::Fitting model to feature number 233, PWY.6595..superpathway.of.guanosine.nucleotides.degradation..plants.
2026-05-08 09:55:31.261944 INFO::Fitting model to feature number 234, PWY.6606..guanosine.nucleotides.degradation.II
2026-05-08 09:55:31.265968 INFO::Fitting model to feature number 235, PWY.6607..guanosine.nucleotides.degradation.I
2026-05-08 09:55:31.270499 INFO::Fitting model to feature number 236, PWY.6608..guanosine.nucleotides.degradation.III
2026-05-08 09:55:31.274587 INFO::Fitting model to feature number 237, PWY.6609..adenine.and.adenosine.salvage.III
2026-05-08 09:55:31.27862 INFO::Fitting model to feature number 238, PWY.6612..superpathway.of.tetrahydrofolate.biosynthesis
2026-05-08 09:55:31.282912 INFO::Fitting model to feature number 239, PWY.6628..superpathway.of.L.phenylalanine.biosynthesis
2026-05-08 09:55:31.286991 INFO::Fitting model to feature number 240, PWY.6629..superpathway.of.L.tryptophan.biosynthesis
2026-05-08 09:55:31.291106 INFO::Fitting model to feature number 241, PWY.6630..superpathway.of.L.tyrosine.biosynthesis
2026-05-08 09:55:31.295077 INFO::Fitting model to feature number 242, PWY.6690..cinnamate.and.3.hydroxycinnamate.degradation.to.2.hydroxypentadienoate
2026-05-08 09:55:31.299386 INFO::Fitting model to feature number 243, PWY.6700..queuosine.biosynthesis.I..de.novo.
2026-05-08 09:55:31.303913 INFO::Fitting model to feature number 244, PWY.6703..preQ0.biosynthesis
2026-05-08 09:55:31.308194 INFO::Fitting model to feature number 245, PWY.6708..ubiquinol.8.biosynthesis..early.decarboxylation.
2026-05-08 09:55:31.312519 INFO::Fitting model to feature number 246, PWY.6731..starch.degradation.III
2026-05-08 09:55:31.316561 INFO::Fitting model to feature number 247, PWY.6749..CMP.legionaminate.biosynthesis.I
2026-05-08 09:55:31.320642 INFO::Fitting model to feature number 248, PWY.6803..phosphatidylcholine.acyl.editing
2026-05-08 09:55:31.324749 INFO::Fitting model to feature number 249, PWY.6823..molybdopterin.biosynthesis
2026-05-08 09:55:31.341687 INFO::Fitting model to feature number 250, PWY.6859..all.trans.farnesol.biosynthesis
2026-05-08 09:55:31.347439 INFO::Fitting model to feature number 251, PWY.6892..thiazole.component.of.thiamine.diphosphate.biosynthesis.I
2026-05-08 09:55:31.351595 INFO::Fitting model to feature number 252, PWY.6895..superpathway.of.thiamine.diphosphate.biosynthesis.II
2026-05-08 09:55:31.355572 INFO::Fitting model to feature number 253, PWY.6897..thiamine.diphosphate.salvage.II
2026-05-08 09:55:31.359561 INFO::Fitting model to feature number 254, PWY.6901..superpathway.of.glucose.and.xylose.degradation
2026-05-08 09:55:31.363627 INFO::Fitting model to feature number 255, PWY.6902..chitin.degradation.II..Vibrio.
2026-05-08 09:55:31.367935 INFO::Fitting model to feature number 256, PWY.6922..L.N.delta..acetylornithine.biosynthesis
2026-05-08 09:55:31.37232 INFO::Fitting model to feature number 257, PWY.6936..seleno.amino.acid.biosynthesis..plants.
2026-05-08 09:55:31.376676 INFO::Fitting model to feature number 258, PWY.6961..L.ascorbate.degradation.II..bacterial..aerobic.
2026-05-08 09:55:31.380806 INFO::Fitting model to feature number 259, PWY.6969..TCA.cycle.V..2.oxoglutarate.synthase.
2026-05-08 09:55:31.384781 INFO::Fitting model to feature number 260, PWY.6992..1.5.anhydrofructose.degradation
2026-05-08 09:55:31.388959 INFO::Fitting model to feature number 261, PWY.7013...S..propane.1.2.diol.degradation
2026-05-08 09:55:31.393149 INFO::Fitting model to feature number 262, PWY.702..L.methionine.biosynthesis.II
2026-05-08 09:55:31.397229 INFO::Fitting model to feature number 263, PWY.7039..phosphatidate.metabolism..as.a.signaling.molecule
2026-05-08 09:55:31.401475 INFO::Fitting model to feature number 264, PWY.7094..fatty.acid.salvage
2026-05-08 09:55:31.405704 INFO::Fitting model to feature number 265, PWY.7111..pyruvate.fermentation.to.isobutanol..engineered.
2026-05-08 09:55:31.410056 INFO::Fitting model to feature number 266, PWY.7115..C4.photosynthetic.carbon.assimilation.cycle..NAD.ME.type
2026-05-08 09:55:31.414054 INFO::Fitting model to feature number 267, PWY.7117..C4.photosynthetic.carbon.assimilation.cycle..PEPCK.type
2026-05-08 09:55:31.418048 INFO::Fitting model to feature number 268, PWY.7118..chitin.deacetylation
2026-05-08 09:55:31.422009 INFO::Fitting model to feature number 269, PWY.7165..L.ascorbate.biosynthesis.VIII..engineered.pathway.
2026-05-08 09:55:31.426002 INFO::Fitting model to feature number 270, PWY.7184..pyrimidine.deoxyribonucleotides.de.novo.biosynthesis.I
2026-05-08 09:55:31.430251 INFO::Fitting model to feature number 271, PWY.7185..UTP.and.CTP.dephosphorylation.I
2026-05-08 09:55:31.434409 INFO::Fitting model to feature number 272, PWY.7187..pyrimidine.deoxyribonucleotides.de.novo.biosynthesis.II
2026-05-08 09:55:31.438823 INFO::Fitting model to feature number 273, PWY.7196..superpathway.of.pyrimidine.ribonucleosides.salvage
2026-05-08 09:55:31.443469 INFO::Fitting model to feature number 274, PWY.7197..pyrimidine.deoxyribonucleotide.phosphorylation
2026-05-08 09:55:31.44763 INFO::Fitting model to feature number 275, PWY.7198..pyrimidine.deoxyribonucleotides.de.novo.biosynthesis.IV
2026-05-08 09:55:31.451867 INFO::Fitting model to feature number 276, PWY.7199..pyrimidine.deoxyribonucleosides.salvage
2026-05-08 09:55:31.456111 INFO::Fitting model to feature number 277, PWY.7200..superpathway.of.pyrimidine.deoxyribonucleoside.salvage
2026-05-08 09:55:31.460458 INFO::Fitting model to feature number 278, PWY.7204..pyridoxal.5..phosphate.salvage.II..plants.
2026-05-08 09:55:31.464811 INFO::Fitting model to feature number 279, PWY.7208..superpathway.of.pyrimidine.nucleobases.salvage
2026-05-08 09:55:31.468922 INFO::Fitting model to feature number 280, PWY.7209..superpathway.of.pyrimidine.ribonucleosides.degradation
2026-05-08 09:55:31.473388 INFO::Fitting model to feature number 281, PWY.7210..pyrimidine.deoxyribonucleotides.biosynthesis.from.CTP
2026-05-08 09:55:31.477707 INFO::Fitting model to feature number 282, PWY.7211..superpathway.of.pyrimidine.deoxyribonucleotides.de.novo.biosynthesis
2026-05-08 09:55:31.481832 INFO::Fitting model to feature number 283, PWY.7220..adenosine.deoxyribonucleotides.de.novo.biosynthesis.II
2026-05-08 09:55:31.485879 INFO::Fitting model to feature number 284, PWY.7221..guanosine.ribonucleotides.de.novo.biosynthesis
2026-05-08 09:55:31.491394 INFO::Fitting model to feature number 285, PWY.7222..guanosine.deoxyribonucleotides.de.novo.biosynthesis.II
2026-05-08 09:55:31.495674 INFO::Fitting model to feature number 286, PWY.7228..superpathway.of.guanosine.nucleotides.de.novo.biosynthesis.I
2026-05-08 09:55:31.500124 INFO::Fitting model to feature number 287, PWY.7229..superpathway.of.adenosine.nucleotides.de.novo.biosynthesis.I
2026-05-08 09:55:31.50813 INFO::Fitting model to feature number 288, PWY.7234..inosine.5..phosphate.biosynthesis.III
2026-05-08 09:55:31.512865 INFO::Fitting model to feature number 289, PWY.7237..myo...chiro..and.scyllo.inositol.degradation
2026-05-08 09:55:31.517197 INFO::Fitting model to feature number 290, PWY.7238..sucrose.biosynthesis.II
2026-05-08 09:55:31.521456 INFO::Fitting model to feature number 291, PWY.7242..D.fructuronate.degradation
2026-05-08 09:55:31.525508 INFO::Fitting model to feature number 292, PWY.7245..superpathway.of.NAD.NADP...NADH.NADPH.interconversion..yeast.
2026-05-08 09:55:31.52961 INFO::Fitting model to feature number 293, PWY.724..superpathway.of.L.lysine..L.threonine.and.L.methionine.biosynthesis.II
2026-05-08 09:55:31.533641 INFO::Fitting model to feature number 294, PWY.7254..TCA.cycle.VII..acetate.producers.
2026-05-08 09:55:31.538139 INFO::Fitting model to feature number 295, PWY.7268..cytosolic.NADPH.production..yeast.
2026-05-08 09:55:31.544288 INFO::Fitting model to feature number 296, PWY.7269..mitochondrial.NADPH.production..yeast.
2026-05-08 09:55:31.548755 INFO::Fitting model to feature number 297, PWY.7282..4.amino.2.methyl.5.diphosphomethylpyrimidine.biosynthesis.II
2026-05-08 09:55:31.552824 INFO::Fitting model to feature number 298, PWY.7294..D.xylose.degradation.IV
2026-05-08 09:55:31.556815 INFO::Fitting model to feature number 299, PWY.7315..dTDP.N.acetylthomosamine.biosynthesis
2026-05-08 09:55:31.560867 INFO::Fitting model to feature number 300, PWY.7323..superpathway.of.GDP.mannose.derived.O.antigen.building.blocks.biosynthesis
2026-05-08 09:55:31.565097 INFO::Fitting model to feature number 301, PWY.7328..superpathway.of.UDP.glucose.derived.O.antigen.building.blocks.biosynthesis
2026-05-08 09:55:31.579451 INFO::Fitting model to feature number 302, PWY.7340..9.cis..11.trans.octadecadienoyl.CoA.degradation..isomerase.dependent..yeast.
2026-05-08 09:55:31.583816 INFO::Fitting model to feature number 303, PWY.7345..superpathway.of.anaerobic.sucrose.degradation
2026-05-08 09:55:31.587886 INFO::Fitting model to feature number 304, PWY.7356..thiamine.diphosphate.salvage.IV..yeast.
2026-05-08 09:55:31.591869 INFO::Fitting model to feature number 305, PWY.7357..thiamine.phosphate.formation.from.pyrithiamine.and.oxythiamine..yeast.
2026-05-08 09:55:31.596266 INFO::Fitting model to feature number 306, PWY.7383..anaerobic.energy.metabolism..invertebrates..cytosol.
2026-05-08 09:55:31.600472 INFO::Fitting model to feature number 307, PWY.7385..1.3.propanediol.biosynthesis..engineered.
2026-05-08 09:55:31.604942 INFO::Fitting model to feature number 308, PWY.7388..octanoyl..acyl.carrier.protein..biosynthesis..mitochondria..yeast.
2026-05-08 09:55:31.609404 INFO::Fitting model to feature number 309, PWY.7391..isoprene.biosynthesis.II..engineered.
2026-05-08 09:55:31.613698 INFO::Fitting model to feature number 310, PWY.7392..taxadiene.biosynthesis..engineered.
2026-05-08 09:55:31.617989 INFO::Fitting model to feature number 311, PWY.7396..butanol.and.isobutanol.biosynthesis..engineered.
2026-05-08 09:55:31.622002 INFO::Fitting model to feature number 312, PWY.7400..L.arginine.biosynthesis.IV..archaebacteria.
2026-05-08 09:55:31.626068 INFO::Fitting model to feature number 313, PWY.7409..phospholipid.remodeling..phosphatidylethanolamine..yeast.
2026-05-08 09:55:31.63024 INFO::Fitting model to feature number 314, PWY.7434..terminal.O.glycans.residues.modification..via.type.2.precursor.disaccharide.
2026-05-08 09:55:31.634363 INFO::Fitting model to feature number 315, PWY.7446..sulfoquinovose.degradation.I
2026-05-08 09:55:31.638992 INFO::Fitting model to feature number 316, PWY.7456...beta...1.4..mannan.degradation
2026-05-08 09:55:31.643885 INFO::Fitting model to feature number 317, PWY.7560..methylerythritol.phosphate.pathway.II
2026-05-08 09:55:31.648001 INFO::Fitting model to feature number 318, PWY.7616..methanol.oxidation.to.carbon.dioxide
2026-05-08 09:55:31.651991 INFO::Fitting model to feature number 319, PWY.7663..gondoate.biosynthesis..anaerobic.
2026-05-08 09:55:31.655894 INFO::Fitting model to feature number 320, PWY.7664..oleate.biosynthesis.IV..anaerobic.
2026-05-08 09:55:31.660078 INFO::Fitting model to feature number 321, PWY.7723..bacterial.bioluminescence
2026-05-08 09:55:31.664106 INFO::Fitting model to feature number 322, PWY.7761..NAD.salvage.pathway.II..PNC.IV.cycle.
2026-05-08 09:55:31.668118 INFO::Fitting model to feature number 323, PWY.7783..plasmalogen.degradation
2026-05-08 09:55:31.672404 INFO::Fitting model to feature number 324, PWY.7790..UMP.biosynthesis.II
2026-05-08 09:55:31.676608 INFO::Fitting model to feature number 325, PWY.7791..UMP.biosynthesis.III
2026-05-08 09:55:31.6808 INFO::Fitting model to feature number 326, PWY.7805...aminomethyl.phosphonate.degradation
2026-05-08 09:55:31.684753 INFO::Fitting model to feature number 327, PWY.7807..glyphosate.degradation.III
2026-05-08 09:55:31.688706 INFO::Fitting model to feature number 328, PWY.7851..coenzyme.A.biosynthesis.II..eukaryotic.
2026-05-08 09:55:31.693045 INFO::Fitting model to feature number 329, PWY.7858...5Z..dodecenoate.biosynthesis.II
2026-05-08 09:55:31.69718 INFO::Fitting model to feature number 330, PWY.7873..D.erythronate.degradation.II
2026-05-08 09:55:31.714055 INFO::Fitting model to feature number 331, PWY.7874..L.threonate.degradation
2026-05-08 09:55:31.718768 INFO::Fitting model to feature number 332, PWY.7883..anhydromuropeptides.recycling.II
2026-05-08 09:55:31.723251 INFO::Fitting model to feature number 333, PWY.7942..5.oxo.L.proline.metabolism
2026-05-08 09:55:31.727411 INFO::Fitting model to feature number 334, PWY.7953..UDP.N.acetylmuramoyl.pentapeptide.biosynthesis.III..meso.diaminopimelate.containing.
2026-05-08 09:55:31.73139 INFO::Fitting model to feature number 335, PWY.7977..L.methionine.biosynthesis.IV
2026-05-08 09:55:31.735633 INFO::Fitting model to feature number 336, PWY.8004..Entner.Doudoroff.pathway.I
2026-05-08 09:55:31.739911 INFO::Fitting model to feature number 337, PWY.8011..L.serine.biosynthesis.II
2026-05-08 09:55:31.744239 INFO::Fitting model to feature number 338, PWY.801..homocysteine.and.cysteine.interconversion
2026-05-08 09:55:31.749154 INFO::Fitting model to feature number 339, PWY.8073..lipid.IVA.biosynthesis..P..putida.
2026-05-08 09:55:31.753909 INFO::Fitting model to feature number 340, PWY.8131..5..deoxyadenosine.degradation.II
2026-05-08 09:55:31.758567 INFO::Fitting model to feature number 341, PWY.8178..pentose.phosphate.pathway..non.oxidative.branch..II
2026-05-08 09:55:31.76253 INFO::Fitting model to feature number 342, PWY.8187..L.arginine.degradation.XIII..reductive.Stickland.reaction.
2026-05-08 09:55:31.766195 INFO::Fitting model to feature number 343, PWY.821..superpathway.of.sulfur.amino.acid.biosynthesis..Saccharomyces.cerevisiae.
2026-05-08 09:55:31.769971 INFO::Fitting model to feature number 344, PWY.822..fructan.biosynthesis
2026-05-08 09:55:31.773629 INFO::Fitting model to feature number 345, PWY.841..superpathway.of.purine.nucleotides.de.novo.biosynthesis.I
2026-05-08 09:55:31.77752 INFO::Fitting model to feature number 346, PWY.922..mevalonate.pathway.I..eukaryotes.and.bacteria.
2026-05-08 09:55:31.781213 INFO::Fitting model to feature number 347, PWY.I9..L.cysteine.biosynthesis.VI..from.L.methionine.
2026-05-08 09:55:31.785205 INFO::Fitting model to feature number 348, PWY0.1061..superpathway.of.L.alanine.biosynthesis
2026-05-08 09:55:31.789142 INFO::Fitting model to feature number 349, PWY0.1221..putrescine.degradation.II
2026-05-08 09:55:31.793089 INFO::Fitting model to feature number 350, PWY0.1241..ADP.L.glycero..beta..D.manno.heptose.biosynthesis
2026-05-08 09:55:31.797773 INFO::Fitting model to feature number 351, PWY0.1261..anhydromuropeptides.recycling.I
2026-05-08 09:55:31.801636 INFO::Fitting model to feature number 352, PWY0.1277..3.phenylpropanoate.and.3..3.hydroxyphenyl.propanoate.degradation
2026-05-08 09:55:31.805365 INFO::Fitting model to feature number 353, PWY0.1296..purine.ribonucleosides.degradation
2026-05-08 09:55:31.809096 INFO::Fitting model to feature number 354, PWY0.1297..superpathway.of.purine.deoxyribonucleosides.degradation
2026-05-08 09:55:31.81348 INFO::Fitting model to feature number 355, PWY0.1298..superpathway.of.pyrimidine.deoxyribonucleosides.degradation
2026-05-08 09:55:31.817529 INFO::Fitting model to feature number 356, PWY0.1319..CDP.diacylglycerol.biosynthesis.II
2026-05-08 09:55:31.821197 INFO::Fitting model to feature number 357, PWY0.1337..oleate..beta..oxidation
2026-05-08 09:55:31.825245 INFO::Fitting model to feature number 358, PWY0.1338..polymyxin.resistance
2026-05-08 09:55:31.829148 INFO::Fitting model to feature number 359, PWY0.1415..superpathway.of.heme.b.biosynthesis.from.uroporphyrinogen.III
2026-05-08 09:55:31.832963 INFO::Fitting model to feature number 360, PWY0.1477..ethanolamine.utilization
2026-05-08 09:55:31.836838 INFO::Fitting model to feature number 361, PWY0.1479..tRNA.processing
2026-05-08 09:55:31.840559 INFO::Fitting model to feature number 362, PWY0.1533..methylphosphonate.degradation.I
2026-05-08 09:55:31.844342 INFO::Fitting model to feature number 363, PWY0.1586..peptidoglycan.maturation..meso.diaminopimelate.containing.
2026-05-08 09:55:31.848167 INFO::Fitting model to feature number 364, PWY0.162..superpathway.of.pyrimidine.ribonucleotides.de.novo.biosynthesis
2026-05-08 09:55:31.85212 INFO::Fitting model to feature number 365, PWY0.166..superpathway.of.pyrimidine.deoxyribonucleotides.de.novo.biosynthesis..E..coli.
2026-05-08 09:55:31.856344 INFO::Fitting model to feature number 366, PWY0.301..L.ascorbate.degradation.I..bacterial..anaerobic.
2026-05-08 09:55:31.860213 INFO::Fitting model to feature number 367, PWY0.41..allantoin.degradation.IV..anaerobic.
2026-05-08 09:55:31.863901 INFO::Fitting model to feature number 368, PWY0.42..2.methylcitrate.cycle.I
2026-05-08 09:55:31.867544 INFO::Fitting model to feature number 369, PWY0.461..L.lysine.degradation.I
2026-05-08 09:55:31.871185 INFO::Fitting model to feature number 370, PWY0.781..aspartate.superpathway
2026-05-08 09:55:31.874982 INFO::Fitting model to feature number 371, PWY0.845..superpathway.of.pyridoxal.5..phosphate.biosynthesis.and.salvage
2026-05-08 09:55:31.878806 INFO::Fitting model to feature number 372, PWY0.862...5Z..dodecenoate.biosynthesis.I
2026-05-08 09:55:31.882561 INFO::Fitting model to feature number 373, PWY0.881..superpathway.of.fatty.acid.biosynthesis.I..E..coli.
2026-05-08 09:55:31.886671 INFO::Fitting model to feature number 374, PWY1G.0..mycothiol.biosynthesis
2026-05-08 09:55:31.890495 INFO::Fitting model to feature number 375, PWY1ZNC.1..assimilatory.sulfate.reduction.IV
2026-05-08 09:55:31.894644 INFO::Fitting model to feature number 376, PWY3O.4107..NAD.salvage.pathway.V..PNC.V.cycle.
2026-05-08 09:55:31.898367 INFO::Fitting model to feature number 377, PWY4FS.7..phosphatidylglycerol.biosynthesis.I..plastidic.
2026-05-08 09:55:31.915365 INFO::Fitting model to feature number 378, PWY4FS.8..phosphatidylglycerol.biosynthesis.II..non.plastidic.
2026-05-08 09:55:31.920685 INFO::Fitting model to feature number 379, PWY4LZ.257..superpathway.of.fermentation..Chlamydomonas.reinhardtii.
2026-05-08 09:55:31.924621 INFO::Fitting model to feature number 380, PWY5F9.12..biphenyl.degradation
2026-05-08 09:55:31.928869 INFO::Fitting model to feature number 381, PWY66.389..phytol.degradation
2026-05-08 09:55:31.932842 INFO::Fitting model to feature number 382, PWY66.391..fatty.acid..beta..oxidation.VI..mammalian.peroxisome.
2026-05-08 09:55:31.936835 INFO::Fitting model to feature number 383, PWY66.399..gluconeogenesis.III
2026-05-08 09:55:31.940895 INFO::Fitting model to feature number 384, PWY66.409..superpathway.of.purine.nucleotide.salvage
2026-05-08 09:55:31.945016 INFO::Fitting model to feature number 385, PWY66.429..fatty.acid.biosynthesis.initiation..mitochondria.
2026-05-08 09:55:31.949765 INFO::Fitting model to feature number 386, PWY66.430..myristate.biosynthesis..mitochondria.
2026-05-08 09:55:31.954745 INFO::Fitting model to feature number 387, PYRIDNUCSAL.PWY..NAD.salvage.pathway.I..PNC.VI.cycle.
2026-05-08 09:55:31.959444 INFO::Fitting model to feature number 388, PYRIDNUCSYN.PWY..NAD.de.novo.biosynthesis.I..from.aspartate.
2026-05-08 09:55:31.963578 INFO::Fitting model to feature number 389, PYRIDOXSYN.PWY..pyridoxal.5..phosphate.biosynthesis.I
2026-05-08 09:55:31.967597 INFO::Fitting model to feature number 390, REDCITCYC..TCA.cycle.VI..Helicobacter.
2026-05-08 09:55:31.97186 INFO::Fitting model to feature number 391, RHAMCAT.PWY..L.rhamnose.degradation.I
2026-05-08 09:55:31.975926 INFO::Fitting model to feature number 392, RIBOSYN2.PWY..flavin.biosynthesis.I..bacteria.and.plants.
2026-05-08 09:55:31.979888 INFO::Fitting model to feature number 393, RUMP.PWY..formaldehyde.oxidation.I
2026-05-08 09:55:31.983903 INFO::Fitting model to feature number 394, SALVADEHYPOX.PWY..adenosine.nucleotides.degradation.II
2026-05-08 09:55:31.988142 INFO::Fitting model to feature number 395, SER.GLYSYN.PWY..superpathway.of.L.serine.and.glycine.biosynthesis.I
2026-05-08 09:55:31.992988 INFO::Fitting model to feature number 396, SO4ASSIM.PWY..assimilatory.sulfate.reduction.I
2026-05-08 09:55:31.997062 INFO::Fitting model to feature number 397, SULFATE.CYS.PWY..superpathway.of.sulfate.assimilation.and.cysteine.biosynthesis
2026-05-08 09:55:32.001053 INFO::Fitting model to feature number 398, TCA.GLYOX.BYPASS..superpathway.of.glyoxylate.bypass.and.TCA
2026-05-08 09:55:32.005149 INFO::Fitting model to feature number 399, TCA..TCA.cycle.I..prokaryotic.
2026-05-08 09:55:32.009249 INFO::Fitting model to feature number 400, THISYN.PWY..superpathway.of.thiamine.diphosphate.biosynthesis.I
2026-05-08 09:55:32.013504 INFO::Fitting model to feature number 401, THISYNARA.PWY..superpathway.of.thiamine.diphosphate.biosynthesis.III..eukaryotes.
2026-05-08 09:55:32.017818 INFO::Fitting model to feature number 402, THREOCAT.PWY..superpathway.of.L.threonine.metabolism
2026-05-08 09:55:32.022341 INFO::Fitting model to feature number 403, THRESYN.PWY..superpathway.of.L.threonine.biosynthesis
2026-05-08 09:55:32.026471 INFO::Fitting model to feature number 404, TRNA.CHARGING.PWY..tRNA.charging
2026-05-08 09:55:32.030515 INFO::Fitting model to feature number 405, TRPSYN.PWY..L.tryptophan.biosynthesis
2026-05-08 09:55:32.034705 INFO::Fitting model to feature number 406, UBISYN.PWY..superpathway.of.ubiquinol.8.biosynthesis..early.decarboxylation.
2026-05-08 09:55:32.038697 INFO::Fitting model to feature number 407, UDPNACETYLGALSYN.PWY..UDP.N.acetyl.D.glucosamine.biosynthesis.II
2026-05-08 09:55:32.041956 WARNING::Fitting problem for feature 407 returning NA
2026-05-08 09:55:32.045019 INFO::Fitting model to feature number 408, UDPNAGSYN.PWY..UDP.N.acetyl.D.glucosamine.biosynthesis.I
2026-05-08 09:55:32.049421 INFO::Fitting model to feature number 409, URDEGR.PWY..superpathway.of.allantoin.degradation.in.plants
2026-05-08 09:55:32.053485 INFO::Fitting model to feature number 410, URSIN.PWY..ureide.biosynthesis
2026-05-08 09:55:32.057797 INFO::Fitting model to feature number 411, VALSYN.PWY..L.valine.biosynthesis
2026-05-08 09:55:32.075185 INFO::Performing tests against medians
2026-05-08 09:55:34.45948 INFO::Counting total values for each feature
2026-05-08 09:55:34.473771 INFO::Running the logistic model component
2026-05-08 09:55:34.479604 DEBUG::Object: augment, Size: 56
2026-05-08 09:55:34.480133 DEBUG::Object: cluster, Size: 0
2026-05-08 09:55:34.481053 DEBUG::Object: cores, Size: 56
2026-05-08 09:55:34.482067 DEBUG::Object: correction, Size: 112
2026-05-08 09:55:34.482969 DEBUG::Object: extract_out, Size: 1416
2026-05-08 09:55:34.483732 DEBUG::Object: feature_specific_covariate, Size: 0
2026-05-08 09:55:34.484255 DEBUG::Object: feature_specific_covariate_name, Size: 0
2026-05-08 09:55:34.48473 DEBUG::Object: feature_specific_covariate_record, Size: 0
2026-05-08 09:55:34.485188 DEBUG::Object: features, Size: 321408
2026-05-08 09:55:34.485627 DEBUG::Object: formula, Size: 1008
2026-05-08 09:55:34.486067 DEBUG::Object: fun_list, Size: 70920
2026-05-08 09:55:34.486872 DEBUG::Object: func_to_run, Size: 435336
2026-05-08 09:55:34.487733 DEBUG::Object: groups, Size: 48
2026-05-08 09:55:34.48858 DEBUG::Object: median_comparison, Size: 56
2026-05-08 09:55:34.489391 DEBUG::Object: median_comparison_threshold, Size: 56
2026-05-08 09:55:34.490175 DEBUG::Object: metadata, Size: 30528
2026-05-08 09:55:34.490694 DEBUG::Object: model, Size: 120
2026-05-08 09:55:34.491247 DEBUG::Object: model_function, Size: 21016
2026-05-08 09:55:34.491936 DEBUG::Object: ordereds, Size: 48
2026-05-08 09:55:34.492552 DEBUG::Object: random_effects_formula, Size: 0
2026-05-08 09:55:34.493356 DEBUG::Object: ranef_function, Size: 0
2026-05-08 09:55:34.494169 DEBUG::Object: save_models, Size: 56
2026-05-08 09:55:34.494981 DEBUG::Object: small_random_effects, Size: 56
2026-05-08 09:55:34.495822 DEBUG::Object: strata, Size: 48
2026-05-08 09:55:34.496921 DEBUG::Object: subtract_median, Size: 56
2026-05-08 09:55:34.498287 DEBUG::Object: summary_function, Size: 49424
2026-05-08 09:55:34.499226 DEBUG::Object: func_to_run, Size: 435336
2026-05-08 09:55:34.500147 INFO::Fitting model to feature number 1, X1CMET2.PWY..folate.transformations.III..E..coli.
2026-05-08 09:55:34.502017 INFO::Fitting model to feature number 2, X3.HYDROXYPHENYLACETATE.DEGRADATION.PWY..4.hydroxyphenylacetate.degradation
2026-05-08 09:55:34.507586 INFO::Fitting model to feature number 3, AEROBACTINSYN.PWY..aerobactin.biosynthesis
2026-05-08 09:55:34.513578 INFO::Fitting model to feature number 4, ALLANTOINDEG.PWY..superpathway.of.allantoin.degradation.in.yeast
2026-05-08 09:55:34.519228 INFO::Fitting model to feature number 5, ANAEROFRUCAT.PWY..homolactic.fermentation
2026-05-08 09:55:34.521245 INFO::Fitting model to feature number 6, ANAGLYCOLYSIS.PWY..glycolysis.III..from.glucose.
2026-05-08 09:55:34.523023 INFO::Fitting model to feature number 7, ARG.POLYAMINE.SYN..superpathway.of.arginine.and.polyamine.biosynthesis
2026-05-08 09:55:34.531553 INFO::Fitting model to feature number 8, ARGDEG.PWY..superpathway.of.L.arginine..putrescine..and.4.aminobutanoate.degradation
2026-05-08 09:55:34.53733 INFO::Fitting model to feature number 9, ARGININE.SYN4.PWY..L.ornithine.biosynthesis.II
2026-05-08 09:55:34.53935 INFO::Fitting model to feature number 10, ARGSYN.PWY..L.arginine.biosynthesis.I..via.L.ornithine.
2026-05-08 09:55:34.541387 INFO::Fitting model to feature number 11, ARGSYNBSUB.PWY..L.arginine.biosynthesis.II..acetyl.cycle.
2026-05-08 09:55:34.543269 INFO::Fitting model to feature number 12, ARO.PWY..chorismate.biosynthesis.I
2026-05-08 09:55:34.545087 INFO::Fitting model to feature number 13, ASPASN.PWY..superpathway.of.L.aspartate.and.L.asparagine.biosynthesis
2026-05-08 09:55:34.546879 INFO::Fitting model to feature number 14, AST.PWY..L.arginine.degradation.II..AST.pathway.
2026-05-08 09:55:34.552459 INFO::Fitting model to feature number 15, BIOTIN.BIOSYNTHESIS.PWY..biotin.biosynthesis.I
2026-05-08 09:55:34.558334 INFO::Fitting model to feature number 16, BRANCHED.CHAIN.AA.SYN.PWY..superpathway.of.branched.chain.amino.acid.biosynthesis
2026-05-08 09:55:34.56024 INFO::Fitting model to feature number 17, CALVIN.PWY..Calvin.Benson.Bassham.cycle
2026-05-08 09:55:34.562012 INFO::Fitting model to feature number 18, CARNMET.PWY..L.carnitine.degradation.I
2026-05-08 09:55:34.568212 INFO::Fitting model to feature number 19, CATECHOL.ORTHO.CLEAVAGE.PWY..catechol.degradation.to..beta..ketoadipate
2026-05-08 09:55:34.573896 INFO::Fitting model to feature number 20, CENTFERM.PWY..pyruvate.fermentation.to.butanoate
2026-05-08 09:55:34.580452 INFO::Fitting model to feature number 21, CITRULBIO.PWY..L.citrulline.biosynthesis
2026-05-08 09:55:34.582332 INFO::Fitting model to feature number 22, COA.PWY.1..superpathway.of.coenzyme.A.biosynthesis.III..mammals.
2026-05-08 09:55:34.584135 INFO::Fitting model to feature number 23, COA.PWY..coenzyme.A.biosynthesis.I..prokaryotic.
2026-05-08 09:55:34.585881 INFO::Fitting model to feature number 24, COBALSYN.PWY..superpathway.of.adenosylcobalamin.salvage.from.cobinamide.I
2026-05-08 09:55:34.591676 INFO::Fitting model to feature number 25, COLANSYN.PWY..colanic.acid.building.blocks.biosynthesis
2026-05-08 09:55:34.597574 INFO::Fitting model to feature number 26, COMPLETE.ARO.PWY..superpathway.of.aromatic.amino.acid.biosynthesis
2026-05-08 09:55:34.599556 INFO::Fitting model to feature number 27, CRNFORCAT.PWY..creatinine.degradation.I
2026-05-08 09:55:34.605354 INFO::Fitting model to feature number 28, DAPLYSINESYN.PWY..L.lysine.biosynthesis.I
2026-05-08 09:55:34.607444 INFO::Fitting model to feature number 29, DARABCATK12.PWY..D.arabinose.degradation.I
2026-05-08 09:55:34.613045 INFO::Fitting model to feature number 30, DENITRIFICATION.PWY..nitrate.reduction.I..denitrification.
2026-05-08 09:55:34.618698 INFO::Fitting model to feature number 31, DENOVOPURINE2.PWY..superpathway.of.purine.nucleotides.de.novo.biosynthesis.II
2026-05-08 09:55:34.624295 INFO::Fitting model to feature number 32, DHGLUCONATE.PYR.CAT.PWY..glucose.degradation..oxidative.
2026-05-08 09:55:34.630037 INFO::Fitting model to feature number 33, DTDPRHAMSYN.PWY..dTDP..beta..L.rhamnose.biosynthesis
2026-05-08 09:55:34.636257 INFO::Fitting model to feature number 34, ECASYN.PWY..enterobacterial.common.antigen.biosynthesis
2026-05-08 09:55:34.642064 INFO::Fitting model to feature number 35, FAO.PWY..fatty.acid..beta..oxidation.I..generic.
2026-05-08 09:55:34.647993 INFO::Fitting model to feature number 36, FASYN.ELONG.PWY..fatty.acid.elongation....saturated
2026-05-08 09:55:34.649893 INFO::Fitting model to feature number 37, FASYN.INITIAL.PWY..superpathway.of.fatty.acid.biosynthesis.initiation..E..coli.
2026-05-08 09:55:34.670045 INFO::Fitting model to feature number 38, FERMENTATION.PWY..mixed.acid.fermentation
2026-05-08 09:55:34.672364 INFO::Fitting model to feature number 39, FOLSYN.PWY..superpathway.of.tetrahydrofolate.biosynthesis.and.salvage
2026-05-08 09:55:34.678228 INFO::Fitting model to feature number 40, FUC.RHAMCAT.PWY..superpathway.of.fucose.and.rhamnose.degradation
2026-05-08 09:55:34.684146 INFO::Fitting model to feature number 41, FUCCAT.PWY..fucose.degradation
2026-05-08 09:55:34.69209 INFO::Fitting model to feature number 42, GALACT.GLUCUROCAT.PWY..superpathway.of.hexuronide.and.hexuronate.degradation
2026-05-08 09:55:34.698539 INFO::Fitting model to feature number 43, GALACTARDEG.PWY..D.galactarate.degradation.I
2026-05-08 09:55:34.70495 INFO::Fitting model to feature number 44, GALACTITOLCAT.PWY..galactitol.degradation
2026-05-08 09:55:34.711033 INFO::Fitting model to feature number 45, GALACTUROCAT.PWY..D.galacturonate.degradation.I
2026-05-08 09:55:34.718042 INFO::Fitting model to feature number 46, GLCMANNANAUT.PWY..superpathway.of.N.acetylglucosamine..N.acetylmannosamine.and.N.acetylneuraminate.degradation
2026-05-08 09:55:34.720295 INFO::Fitting model to feature number 47, GLUCARDEG.PWY..D.glucarate.degradation.I
2026-05-08 09:55:34.726952 INFO::Fitting model to feature number 48, GLUCARGALACTSUPER.PWY..superpathway.of.D.glucarate.and.D.galactarate.degradation
2026-05-08 09:55:34.733396 INFO::Fitting model to feature number 49, GLUCONEO.PWY..gluconeogenesis.I
2026-05-08 09:55:34.735429 INFO::Fitting model to feature number 50, GLUCOSE1PMETAB.PWY..glucose.and.glucose.1.phosphate.degradation
2026-05-08 09:55:34.74175 INFO::Fitting model to feature number 51, GLUCUROCAT.PWY..superpathway.of..beta..D.glucuronosides.degradation
2026-05-08 09:55:34.747936 INFO::Fitting model to feature number 52, GLUDEG.I.PWY..GABA.shunt
2026-05-08 09:55:34.75443 INFO::Fitting model to feature number 53, GLUTORN.PWY..L.ornithine.biosynthesis.I
2026-05-08 09:55:34.756574 INFO::Fitting model to feature number 54, GLYCOCAT.PWY..glycogen.degradation.I
2026-05-08 09:55:34.763091 INFO::Fitting model to feature number 55, GLYCOGENSYNTH.PWY..glycogen.biosynthesis.I..from.ADP.D.Glucose.
2026-05-08 09:55:34.765326 INFO::Fitting model to feature number 56, GLYCOL.GLYOXDEG.PWY..superpathway.of.glycol.metabolism.and.degradation
2026-05-08 09:55:34.771338 INFO::Fitting model to feature number 57, GLYCOLYSIS.E.D..superpathway.of.glycolysis.and.the.Entner.Doudoroff.pathway
2026-05-08 09:55:34.77762 INFO::Fitting model to feature number 58, GLYCOLYSIS.TCA.GLYOX.BYPASS..superpathway.of.glycolysis..pyruvate.dehydrogenase..TCA..and.glyoxylate.bypass
2026-05-08 09:55:34.784828 INFO::Fitting model to feature number 59, GLYCOLYSIS..glycolysis.I..from.glucose.6.phosphate.
2026-05-08 09:55:34.787143 INFO::Fitting model to feature number 60, GLYOXYLATE.BYPASS..glyoxylate.cycle
2026-05-08 09:55:34.793622 INFO::Fitting model to feature number 61, GOLPDLCAT.PWY..superpathway.of.glycerol.degradation.to.1.3.propanediol
2026-05-08 09:55:34.799788 INFO::Fitting model to feature number 62, HCAMHPDEG.PWY..3.phenylpropanoate.and.3..3.hydroxyphenyl.propanoate.degradation.to.2.hydroxypentadienoate
2026-05-08 09:55:34.805807 INFO::Fitting model to feature number 63, HEME.BIOSYNTHESIS.II.1..heme.b.biosynthesis.V..aerobic.
2026-05-08 09:55:34.812093 INFO::Fitting model to feature number 64, HEME.BIOSYNTHESIS.II..heme.b.biosynthesis.I..aerobic.
2026-05-08 09:55:34.814138 INFO::Fitting model to feature number 65, HEMESYN2.PWY..heme.b.biosynthesis.II..oxygen.independent.
2026-05-08 09:55:34.816288 INFO::Fitting model to feature number 66, HEXITOLDEGSUPER.PWY..superpathway.of.hexitol.degradation..bacteria.
2026-05-08 09:55:34.822794 INFO::Fitting model to feature number 67, HISDEG.PWY..L.histidine.degradation.I
2026-05-08 09:55:34.829532 INFO::Fitting model to feature number 68, HISTSYN.PWY..L.histidine.biosynthesis
2026-05-08 09:55:34.832006 INFO::Fitting model to feature number 69, HOMOSER.METSYN.PWY..L.methionine.biosynthesis.I
2026-05-08 09:55:34.838309 INFO::Fitting model to feature number 70, HSERMETANA.PWY..L.methionine.biosynthesis.III
2026-05-08 09:55:34.854967 INFO::Fitting model to feature number 71, ILEUSYN.PWY..L.isoleucine.biosynthesis.I..from.threonine.
2026-05-08 09:55:34.858274 INFO::Fitting model to feature number 72, KDO.NAGLIPASYN.PWY..superpathway.of..Kdo.2.lipid.A.biosynthesis
2026-05-08 09:55:34.866636 INFO::Fitting model to feature number 73, KETOGLUCONMET.PWY..ketogluconate.metabolism
2026-05-08 09:55:34.873066 INFO::Fitting model to feature number 74, LACTOSECAT.PWY..lactose.and.galactose.degradation.I
2026-05-08 09:55:34.879834 INFO::Fitting model to feature number 75, LIPA.CORESYN.PWY..lipid.A.core.biosynthesis..E..coli.K.12.
2026-05-08 09:55:34.886417 INFO::Fitting model to feature number 76, LIPASYN.PWY..phospholipases
2026-05-08 09:55:34.895059 INFO::Fitting model to feature number 77, LPSSYN.PWY..superpathway.of.lipopolysaccharide.biosynthesis
2026-05-08 09:55:34.901632 INFO::Fitting model to feature number 78, MET.SAM.PWY..superpathway.of.S.adenosyl.L.methionine.biosynthesis
2026-05-08 09:55:34.908159 INFO::Fitting model to feature number 79, METHGLYUT.PWY..superpathway.of.methylglyoxal.degradation
2026-05-08 09:55:34.914636 INFO::Fitting model to feature number 80, METSYN.PWY..superpathway.of.L.homoserine.and.L.methionine.biosynthesis
2026-05-08 09:55:34.921472 INFO::Fitting model to feature number 81, NAD.BIOSYNTHESIS.II..NAD.salvage.pathway.III..to.nicotinamide.riboside.
2026-05-08 09:55:34.928669 INFO::Fitting model to feature number 82, NAGLIPASYN.PWY..lipid.IVA.biosynthesis..E..coli.
2026-05-08 09:55:34.935249 INFO::Fitting model to feature number 83, NONMEVIPP.PWY..methylerythritol.phosphate.pathway.I
2026-05-08 09:55:34.93733 INFO::Fitting model to feature number 84, NONOXIPENT.PWY..pentose.phosphate.pathway..non.oxidative.branch..I
2026-05-08 09:55:34.939322 INFO::Fitting model to feature number 85, OANTIGEN.PWY..O.antigen.building.blocks.biosynthesis..E..coli.
2026-05-08 09:55:34.945975 INFO::Fitting model to feature number 86, ORNARGDEG.PWY..superpathway.of.L.arginine.and.L.ornithine.degradation
2026-05-08 09:55:34.952338 INFO::Fitting model to feature number 87, ORNDEG.PWY..superpathway.of.ornithine.degradation
2026-05-08 09:55:34.959097 INFO::Fitting model to feature number 88, P105.PWY..TCA.cycle.IV..2.oxoglutarate.decarboxylase.
2026-05-08 09:55:34.976062 INFO::Fitting model to feature number 89, P108.PWY..pyruvate.fermentation.to.propanoate.I
2026-05-08 09:55:34.982256 INFO::Fitting model to feature number 90, P122.PWY..heterolactic.fermentation
2026-05-08 09:55:34.989042 INFO::Fitting model to feature number 91, P124.PWY..Bifidobacterium.shunt
2026-05-08 09:55:34.995027 INFO::Fitting model to feature number 92, P125.PWY..superpathway.of..R.R..butanediol.biosynthesis
2026-05-08 09:55:35.001074 INFO::Fitting model to feature number 93, P161.PWY..acetylene.degradation..anaerobic.
2026-05-08 09:55:35.003026 INFO::Fitting model to feature number 94, P164.PWY..purine.nucleobases.degradation.I..anaerobic.
2026-05-08 09:55:35.008487 INFO::Fitting model to feature number 95, P185.PWY..formaldehyde.assimilation.III..dihydroxyacetone.cycle.
2026-05-08 09:55:35.014652 INFO::Fitting model to feature number 96, P221.PWY..octane.oxidation
2026-05-08 09:55:35.029272 INFO::Fitting model to feature number 97, P23.PWY..reductive.TCA.cycle.I
2026-05-08 09:55:35.037028 INFO::Fitting model to feature number 98, P4.PWY..superpathway.of.L.lysine..L.threonine.and.L.methionine.biosynthesis.I
2026-05-08 09:55:35.043298 INFO::Fitting model to feature number 99, P41.PWY..pyruvate.fermentation.to.acetate.and..S..lactate.I
2026-05-08 09:55:35.045667 INFO::Fitting model to feature number 100, P42.PWY..incomplete.reductive.TCA.cycle
2026-05-08 09:55:35.052193 INFO::Fitting model to feature number 101, P441.PWY..superpathway.of.N.acetylneuraminate.degradation
2026-05-08 09:55:35.05441 INFO::Fitting model to feature number 102, P461.PWY..hexitol.fermentation.to.lactate..formate..ethanol.and.acetate
2026-05-08 09:55:35.062663 INFO::Fitting model to feature number 103, P562.PWY..myo.inositol.degradation.I
2026-05-08 09:55:35.068963 INFO::Fitting model to feature number 104, P621.PWY..nylon.6.oligomer.degradation
2026-05-08 09:55:35.075027 INFO::Fitting model to feature number 105, PANTO.PWY..phosphopantothenate.biosynthesis.I
2026-05-08 09:55:35.077376 INFO::Fitting model to feature number 106, PANTOSYN.PWY..superpathway.of.coenzyme.A.biosynthesis.I..bacteria.
2026-05-08 09:55:35.079394 INFO::Fitting model to feature number 107, PENTOSE.P.PWY..pentose.phosphate.pathway
2026-05-08 09:55:35.081349 INFO::Fitting model to feature number 108, PEPTIDOGLYCANSYN.PWY..peptidoglycan.biosynthesis.I..meso.diaminopimelate.containing.
2026-05-08 09:55:35.083892 INFO::Fitting model to feature number 109, PHOSLIPSYN.PWY..superpathway.of.phospholipid.biosynthesis.I..bacteria.
2026-05-08 09:55:35.090429 INFO::Fitting model to feature number 110, POLYAMSYN.PWY..superpathway.of.polyamine.biosynthesis.I
2026-05-08 09:55:35.097366 INFO::Fitting model to feature number 111, POLYISOPRENSYN.PWY..polyisoprenoid.biosynthesis..E..coli.
2026-05-08 09:55:35.099464 INFO::Fitting model to feature number 112, PPGPPMET.PWY..ppGpp.metabolism
2026-05-08 09:55:35.105588 INFO::Fitting model to feature number 113, PROTOCATECHUATE.ORTHO.CLEAVAGE.PWY..protocatechuate.degradation.II..ortho.cleavage.pathway.
2026-05-08 09:55:35.111743 INFO::Fitting model to feature number 114, PRPP.PWY..superpathway.of.histidine..purine..and.pyrimidine.biosynthesis
2026-05-08 09:55:35.117931 INFO::Fitting model to feature number 115, PWY.1042..glycolysis.IV
2026-05-08 09:55:35.120345 INFO::Fitting model to feature number 116, PWY.1269..CMP.3.deoxy.D.manno.octulosonate.biosynthesis
2026-05-08 09:55:35.127213 INFO::Fitting model to feature number 117, PWY.1622..formaldehyde.assimilation.I..serine.pathway.
2026-05-08 09:55:35.133468 INFO::Fitting model to feature number 118, PWY.181..photorespiration
2026-05-08 09:55:35.139451 INFO::Fitting model to feature number 119, PWY.1861..formaldehyde.assimilation.II..assimilatory.RuMP.Cycle.
2026-05-08 09:55:35.145949 INFO::Fitting model to feature number 120, PWY.2221..Entner.Doudoroff.pathway.III..semi.phosphorylative.
2026-05-08 09:55:35.152309 INFO::Fitting model to feature number 121, PWY.241..C4.photosynthetic.carbon.assimilation.cycle..NADP.ME.type
2026-05-08 09:55:35.159044 INFO::Fitting model to feature number 122, PWY.2941..L.lysine.biosynthesis.II
2026-05-08 09:55:35.161168 INFO::Fitting model to feature number 123, PWY.2942..L.lysine.biosynthesis.III
2026-05-08 09:55:35.167259 INFO::Fitting model to feature number 124, PWY.3001..superpathway.of.L.isoleucine.biosynthesis.I
2026-05-08 09:55:35.169221 INFO::Fitting model to feature number 125, PWY.3801..sucrose.degradation.II..sucrose.synthase.
2026-05-08 09:55:35.175386 INFO::Fitting model to feature number 126, PWY.3841..folate.transformations.II..plants.
2026-05-08 09:55:35.177414 INFO::Fitting model to feature number 127, PWY.4041...gamma..glutamyl.cycle
2026-05-08 09:55:35.183569 INFO::Fitting model to feature number 128, PWY.4984..urea.cycle
2026-05-08 09:55:35.190081 INFO::Fitting model to feature number 129, PWY.5005..biotin.biosynthesis.II
2026-05-08 09:55:35.196154 INFO::Fitting model to feature number 130, PWY.5028..L.histidine.degradation.II
2026-05-08 09:55:35.202327 INFO::Fitting model to feature number 131, PWY.5030..L.histidine.degradation.III
2026-05-08 09:55:35.208433 INFO::Fitting model to feature number 132, PWY.5097..L.lysine.biosynthesis.VI
2026-05-08 09:55:35.21049 INFO::Fitting model to feature number 133, PWY.5100..pyruvate.fermentation.to.acetate.and.lactate.II
2026-05-08 09:55:35.215605 INFO::Fitting model to feature number 134, PWY.5103..L.isoleucine.biosynthesis.III
2026-05-08 09:55:35.219639 INFO::Fitting model to feature number 135, PWY.5121..superpathway.of.geranylgeranyl.diphosphate.biosynthesis.II..via.MEP.
2026-05-08 09:55:35.227752 INFO::Fitting model to feature number 136, PWY.5130..2.oxobutanoate.degradation.I
2026-05-08 09:55:35.2345 INFO::Fitting model to feature number 137, PWY.5136..fatty.acid..beta..oxidation.II..plant.peroxisome.
2026-05-08 09:55:35.241284 INFO::Fitting model to feature number 138, PWY.5138..fatty.acid..beta..oxidation.IV..unsaturated..even.number.
2026-05-08 09:55:35.247605 INFO::Fitting model to feature number 139, PWY.5154..L.arginine.biosynthesis.III..via.N.acetyl.L.citrulline.
2026-05-08 09:55:35.249636 INFO::Fitting model to feature number 140, PWY.5180..toluene.degradation.I..aerobic...via.o.cresol.
2026-05-08 09:55:35.256051 INFO::Fitting model to feature number 141, PWY.5188..tetrapyrrole.biosynthesis.I..from.glutamate.
2026-05-08 09:55:35.258332 INFO::Fitting model to feature number 142, PWY.5189..tetrapyrrole.biosynthesis.II..from.glycine.
2026-05-08 09:55:35.260548 INFO::Fitting model to feature number 143, PWY.5265..peptidoglycan.biosynthesis.II..staphylococci.
2026-05-08 09:55:35.267264 INFO::Fitting model to feature number 144, PWY.5345..superpathway.of.L.methionine.biosynthesis..by.sulfhydrylation.
2026-05-08 09:55:35.273569 INFO::Fitting model to feature number 145, PWY.5347..superpathway.of.L.methionine.biosynthesis..transsulfuration.
2026-05-08 09:55:35.279966 INFO::Fitting model to feature number 146, PWY.5367..petroselinate.biosynthesis
2026-05-08 09:55:35.28635 INFO::Fitting model to feature number 147, PWY.5384..sucrose.degradation.IV..sucrose.phosphorylase.
2026-05-08 09:55:35.288484 INFO::Fitting model to feature number 148, PWY.5392..reductive.TCA.cycle.II
2026-05-08 09:55:35.294987 INFO::Fitting model to feature number 149, PWY.5415..catechol.degradation.I..meta.cleavage.pathway.
2026-05-08 09:55:35.301141 INFO::Fitting model to feature number 150, PWY.5417..catechol.degradation.III..ortho.cleavage.pathway.
2026-05-08 09:55:35.307348 INFO::Fitting model to feature number 151, PWY.5431..aromatic.compounds.degradation.via..beta..ketoadipate
2026-05-08 09:55:35.313392 INFO::Fitting model to feature number 152, PWY.5484..glycolysis.II..from.fructose.6.phosphate.
2026-05-08 09:55:35.315562 INFO::Fitting model to feature number 153, PWY.5497..purine.nucleobases.degradation.II..anaerobic.
2026-05-08 09:55:35.322072 INFO::Fitting model to feature number 154, PWY.5505..L.glutamate.and.L.glutamine.biosynthesis
2026-05-08 09:55:35.328544 INFO::Fitting model to feature number 155, PWY.561..superpathway.of.glyoxylate.cycle.and.fatty.acid.degradation
2026-05-08 09:55:35.335034 INFO::Fitting model to feature number 156, PWY.5654..2.amino.3.carboxymuconate.semialdehyde.degradation.to.2.hydroxypentadienoate
2026-05-08 09:55:35.341981 INFO::Fitting model to feature number 157, PWY.5656..mannosylglycerate.biosynthesis.I
2026-05-08 09:55:35.348135 INFO::Fitting model to feature number 158, PWY.5659..GDP.mannose.biosynthesis
2026-05-08 09:55:35.350196 INFO::Fitting model to feature number 159, PWY.5667..CDP.diacylglycerol.biosynthesis.I
2026-05-08 09:55:35.352166 INFO::Fitting model to feature number 160, PWY.5675..nitrate.reduction.V..assimilatory.
2026-05-08 09:55:35.358875 INFO::Fitting model to feature number 161, PWY.5676..acetyl.CoA.fermentation.to.butanoate.II
2026-05-08 09:55:35.365581 INFO::Fitting model to feature number 162, PWY.5686..UMP.biosynthesis.I
2026-05-08 09:55:35.36764 INFO::Fitting model to feature number 163, PWY.5692..allantoin.degradation.to.glyoxylate.II
2026-05-08 09:55:35.373585 INFO::Fitting model to feature number 164, PWY.5695..inosine.5..phosphate.degradation
2026-05-08 09:55:35.375568 INFO::Fitting model to feature number 165, PWY.5705..allantoin.degradation.to.glyoxylate.III
2026-05-08 09:55:35.389528 INFO::Fitting model to feature number 166, PWY.5723..Rubisco.shunt
2026-05-08 09:55:35.398244 INFO::Fitting model to feature number 167, PWY.5747..2.methylcitrate.cycle.II
2026-05-08 09:55:35.40442 INFO::Fitting model to feature number 168, PWY.5837..2.carboxy.1.4.naphthoquinol.biosynthesis
2026-05-08 09:55:35.406454 INFO::Fitting model to feature number 169, PWY.5838..superpathway.of.menaquinol.8.biosynthesis.I
2026-05-08 09:55:35.412563 INFO::Fitting model to feature number 170, PWY.5840..superpathway.of.menaquinol.7.biosynthesis
2026-05-08 09:55:35.414723 INFO::Fitting model to feature number 171, PWY.5845..superpathway.of.menaquinol.9.biosynthesis
2026-05-08 09:55:35.420939 INFO::Fitting model to feature number 172, PWY.5850..superpathway.of.menaquinol.6.biosynthesis
2026-05-08 09:55:35.428305 INFO::Fitting model to feature number 173, PWY.5855..ubiquinol.7.biosynthesis..early.decarboxylation.
2026-05-08 09:55:35.434832 INFO::Fitting model to feature number 174, PWY.5860..superpathway.of.demethylmenaquinol.6.biosynthesis.I
2026-05-08 09:55:35.441583 INFO::Fitting model to feature number 175, PWY.5861..superpathway.of.demethylmenaquinol.8.biosynthesis.I
2026-05-08 09:55:35.448351 INFO::Fitting model to feature number 176, PWY.5862..superpathway.of.demethylmenaquinol.9.biosynthesis
2026-05-08 09:55:35.455136 INFO::Fitting model to feature number 177, PWY.5896..superpathway.of.menaquinol.10.biosynthesis
2026-05-08 09:55:35.461591 INFO::Fitting model to feature number 178, PWY.5897..superpathway.of.menaquinol.11.biosynthesis
2026-05-08 09:55:35.463664 INFO::Fitting model to feature number 179, PWY.5898..superpathway.of.menaquinol.12.biosynthesis
2026-05-08 09:55:35.465649 INFO::Fitting model to feature number 180, PWY.5899..superpathway.of.menaquinol.13.biosynthesis
2026-05-08 09:55:35.46779 INFO::Fitting model to feature number 181, PWY.5910..superpathway.of.geranylgeranyldiphosphate.biosynthesis.I..via.mevalonate.
2026-05-08 09:55:35.474703 INFO::Fitting model to feature number 182, PWY.5913..partial.TCA.cycle..obligate.autotrophs.
2026-05-08 09:55:35.476886 INFO::Fitting model to feature number 183, PWY.5918..superpathway.of.heme.b.biosynthesis.from.glutamate
2026-05-08 09:55:35.478868 INFO::Fitting model to feature number 184, PWY.5920..superpathway.of.heme.b.biosynthesis.from.glycine
2026-05-08 09:55:35.485222 INFO::Fitting model to feature number 185, PWY.5941..glycogen.degradation.II
2026-05-08 09:55:35.487386 INFO::Fitting model to feature number 186, PWY.5971..palmitate.biosynthesis..type.II.fatty.acid.synthase.
2026-05-08 09:55:35.493739 INFO::Fitting model to feature number 187, PWY.5972..stearate.biosynthesis.I..animals.
2026-05-08 09:55:35.500086 INFO::Fitting model to feature number 188, PWY.5973..cis.vaccenate.biosynthesis
2026-05-08 09:55:35.502218 INFO::Fitting model to feature number 189, PWY.5981..CDP.diacylglycerol.biosynthesis.III
2026-05-08 09:55:35.504325 INFO::Fitting model to feature number 190, PWY.5989..stearate.biosynthesis.II..bacteria.and.plants.
2026-05-08 09:55:35.50663 INFO::Fitting model to feature number 191, PWY.5994..palmitate.biosynthesis..type.I.fatty.acid.synthase.
2026-05-08 09:55:35.513178 INFO::Fitting model to feature number 192, PWY.6121..5.aminoimidazole.ribonucleotide.biosynthesis.I
2026-05-08 09:55:35.515302 INFO::Fitting model to feature number 193, PWY.6122..5.aminoimidazole.ribonucleotide.biosynthesis.II
2026-05-08 09:55:35.51725 INFO::Fitting model to feature number 194, PWY.6123..inosine.5..phosphate.biosynthesis.I
2026-05-08 09:55:35.519128 INFO::Fitting model to feature number 195, PWY.6124..inosine.5..phosphate.biosynthesis.II
2026-05-08 09:55:35.52115 INFO::Fitting model to feature number 196, PWY.6125..superpathway.of.guanosine.nucleotides.de.novo.biosynthesis.II
2026-05-08 09:55:35.523018 INFO::Fitting model to feature number 197, PWY.6126..superpathway.of.adenosine.nucleotides.de.novo.biosynthesis.II
2026-05-08 09:55:35.524885 INFO::Fitting model to feature number 198, PWY.6147..6.hydroxymethyl.dihydropterin.diphosphate.biosynthesis.I
2026-05-08 09:55:35.526765 INFO::Fitting model to feature number 199, PWY.6151..S.adenosyl.L.methionine.salvage.I
2026-05-08 09:55:35.528673 INFO::Fitting model to feature number 200, PWY.6163..chorismate.biosynthesis.from.3.dehydroquinate
2026-05-08 09:55:35.530713 INFO::Fitting model to feature number 201, PWY.6168..flavin.biosynthesis.III..fungi.
2026-05-08 09:55:35.536734 INFO::Fitting model to feature number 202, PWY.6182..superpathway.of.salicylate.degradation
2026-05-08 09:55:35.543576 INFO::Fitting model to feature number 203, PWY.6185..4.methylcatechol.degradation..ortho.cleavage.
2026-05-08 09:55:35.549919 INFO::Fitting model to feature number 204, PWY.6210..2.aminophenol.degradation
2026-05-08 09:55:35.556244 INFO::Fitting model to feature number 205, PWY.6215..4.chlorobenzoate.degradation
2026-05-08 09:55:35.588771 INFO::Fitting model to feature number 206, PWY.621..sucrose.degradation.III..sucrose.invertase.
2026-05-08 09:55:35.590949 INFO::Fitting model to feature number 207, PWY.622..starch.biosynthesis
2026-05-08 09:55:35.597601 INFO::Fitting model to feature number 208, PWY.6270..isoprene.biosynthesis.I
2026-05-08 09:55:35.599611 INFO::Fitting model to feature number 209, PWY.6277..superpathway.of.5.aminoimidazole.ribonucleotide.biosynthesis
2026-05-08 09:55:35.601552 INFO::Fitting model to feature number 210, PWY.6282..palmitoleate.biosynthesis.I..from..5Z..dodec.5.enoate.
2026-05-08 09:55:35.603657 INFO::Fitting model to feature number 211, PWY.6284..superpathway.of.unsaturated.fatty.acids.biosynthesis..E..coli.
2026-05-08 09:55:35.609774 INFO::Fitting model to feature number 212, PWY.6285..superpathway.of.fatty.acids.biosynthesis..E..coli.
2026-05-08 09:55:35.616413 INFO::Fitting model to feature number 213, PWY.6292..superpathway.of.L.cysteine.biosynthesis..mammalian.
2026-05-08 09:55:35.622737 INFO::Fitting model to feature number 214, PWY.6293..superpathway.of.L.cysteine.biosynthesis..fungi.
2026-05-08 09:55:35.629008 INFO::Fitting model to feature number 215, PWY.6305..superpathway.of.putrescine.biosynthesis
2026-05-08 09:55:35.635344 INFO::Fitting model to feature number 216, PWY.6317..D.galactose.degradation.I..Leloir.pathway.
2026-05-08 09:55:35.63733 INFO::Fitting model to feature number 217, PWY.6318..L.phenylalanine.degradation.IV..mammalian..via.side.chain.
2026-05-08 09:55:35.644171 INFO::Fitting model to feature number 218, PWY.6328..L.lysine.degradation.X
2026-05-08 09:55:35.650286 INFO::Fitting model to feature number 219, PWY.6353..purine.nucleotides.degradation.II..aerobic.
2026-05-08 09:55:35.656455 INFO::Fitting model to feature number 220, PWY.6385..peptidoglycan.biosynthesis.III..mycobacteria.
2026-05-08 09:55:35.658913 INFO::Fitting model to feature number 221, PWY.6386..UDP.N.acetylmuramoyl.pentapeptide.biosynthesis.II..lysine.containing.
2026-05-08 09:55:35.661163 INFO::Fitting model to feature number 222, PWY.6387..UDP.N.acetylmuramoyl.pentapeptide.biosynthesis.I..meso.diaminopimelate.containing.
2026-05-08 09:55:35.663206 INFO::Fitting model to feature number 223, PWY.6396..superpathway.of.2.3.butanediol.biosynthesis
2026-05-08 09:55:35.669181 INFO::Fitting model to feature number 224, PWY.6435..4.hydroxybenzoate.biosynthesis.III..plants.
2026-05-08 09:55:35.675137 INFO::Fitting model to feature number 225, PWY.6507..4.deoxy.L.threo.hex.4.enopyranuronate.degradation
2026-05-08 09:55:35.681607 INFO::Fitting model to feature number 226, PWY.6519..8.amino.7.oxononanoate.biosynthesis.I
2026-05-08 09:55:35.687779 INFO::Fitting model to feature number 227, PWY.6527..stachyose.degradation
2026-05-08 09:55:35.689989 INFO::Fitting model to feature number 228, PWY.6531..mannitol.cycle
2026-05-08 09:55:35.696229 INFO::Fitting model to feature number 229, PWY.6545..pyrimidine.deoxyribonucleotides.de.novo.biosynthesis.III
2026-05-08 09:55:35.702355 INFO::Fitting model to feature number 230, PWY.6549..L.glutamine.biosynthesis.III
2026-05-08 09:55:35.708643 INFO::Fitting model to feature number 231, PWY.6588..pyruvate.fermentation.to.acetone
2026-05-08 09:55:35.714691 INFO::Fitting model to feature number 232, PWY.6590..superpathway.of.Clostridium.acetobutylicum.acidogenic.fermentation
2026-05-08 09:55:35.723732 INFO::Fitting model to feature number 233, PWY.6595..superpathway.of.guanosine.nucleotides.degradation..plants.
2026-05-08 09:55:35.737088 INFO::Fitting model to feature number 234, PWY.6606..guanosine.nucleotides.degradation.II
2026-05-08 09:55:35.743384 INFO::Fitting model to feature number 235, PWY.6607..guanosine.nucleotides.degradation.I
2026-05-08 09:55:35.749623 INFO::Fitting model to feature number 236, PWY.6608..guanosine.nucleotides.degradation.III
2026-05-08 09:55:35.756121 INFO::Fitting model to feature number 237, PWY.6609..adenine.and.adenosine.salvage.III
2026-05-08 09:55:35.758776 INFO::Fitting model to feature number 238, PWY.6612..superpathway.of.tetrahydrofolate.biosynthesis
2026-05-08 09:55:35.766854 INFO::Fitting model to feature number 239, PWY.6628..superpathway.of.L.phenylalanine.biosynthesis
2026-05-08 09:55:35.769078 INFO::Fitting model to feature number 240, PWY.6629..superpathway.of.L.tryptophan.biosynthesis
2026-05-08 09:55:35.771271 INFO::Fitting model to feature number 241, PWY.6630..superpathway.of.L.tyrosine.biosynthesis
2026-05-08 09:55:35.773206 INFO::Fitting model to feature number 242, PWY.6690..cinnamate.and.3.hydroxycinnamate.degradation.to.2.hydroxypentadienoate
2026-05-08 09:55:35.779356 INFO::Fitting model to feature number 243, PWY.6700..queuosine.biosynthesis.I..de.novo.
2026-05-08 09:55:35.781575 INFO::Fitting model to feature number 244, PWY.6703..preQ0.biosynthesis
2026-05-08 09:55:35.783602 INFO::Fitting model to feature number 245, PWY.6708..ubiquinol.8.biosynthesis..early.decarboxylation.
2026-05-08 09:55:35.789727 INFO::Fitting model to feature number 246, PWY.6731..starch.degradation.III
2026-05-08 09:55:35.795691 INFO::Fitting model to feature number 247, PWY.6749..CMP.legionaminate.biosynthesis.I
2026-05-08 09:55:35.801939 INFO::Fitting model to feature number 248, PWY.6803..phosphatidylcholine.acyl.editing
2026-05-08 09:55:35.80837 INFO::Fitting model to feature number 249, PWY.6823..molybdopterin.biosynthesis
2026-05-08 09:55:35.810595 INFO::Fitting model to feature number 250, PWY.6859..all.trans.farnesol.biosynthesis
2026-05-08 09:55:35.812823 INFO::Fitting model to feature number 251, PWY.6892..thiazole.component.of.thiamine.diphosphate.biosynthesis.I
2026-05-08 09:55:35.81892 INFO::Fitting model to feature number 252, PWY.6895..superpathway.of.thiamine.diphosphate.biosynthesis.II
2026-05-08 09:55:35.824935 INFO::Fitting model to feature number 253, PWY.6897..thiamine.diphosphate.salvage.II
2026-05-08 09:55:35.826909 INFO::Fitting model to feature number 254, PWY.6901..superpathway.of.glucose.and.xylose.degradation
2026-05-08 09:55:35.82909 INFO::Fitting model to feature number 255, PWY.6902..chitin.degradation.II..Vibrio.
2026-05-08 09:55:35.835496 INFO::Fitting model to feature number 256, PWY.6922..L.N.delta..acetylornithine.biosynthesis
2026-05-08 09:55:35.841712 INFO::Fitting model to feature number 257, PWY.6936..seleno.amino.acid.biosynthesis..plants.
2026-05-08 09:55:35.844613 INFO::Fitting model to feature number 258, PWY.6961..L.ascorbate.degradation.II..bacterial..aerobic.
2026-05-08 09:55:35.850812 INFO::Fitting model to feature number 259, PWY.6969..TCA.cycle.V..2.oxoglutarate.synthase.
2026-05-08 09:55:35.852834 INFO::Fitting model to feature number 260, PWY.6992..1.5.anhydrofructose.degradation
2026-05-08 09:55:35.858997 INFO::Fitting model to feature number 261, PWY.7013...S..propane.1.2.diol.degradation
2026-05-08 09:55:35.865295 INFO::Fitting model to feature number 262, PWY.702..L.methionine.biosynthesis.II
2026-05-08 09:55:35.867379 INFO::Fitting model to feature number 263, PWY.7039..phosphatidate.metabolism..as.a.signaling.molecule
2026-05-08 09:55:35.873743 INFO::Fitting model to feature number 264, PWY.7094..fatty.acid.salvage
2026-05-08 09:55:35.880264 INFO::Fitting model to feature number 265, PWY.7111..pyruvate.fermentation.to.isobutanol..engineered.
2026-05-08 09:55:35.882523 INFO::Fitting model to feature number 266, PWY.7115..C4.photosynthetic.carbon.assimilation.cycle..NAD.ME.type
2026-05-08 09:55:35.884464 INFO::Fitting model to feature number 267, PWY.7117..C4.photosynthetic.carbon.assimilation.cycle..PEPCK.type
2026-05-08 09:55:35.886357 INFO::Fitting model to feature number 268, PWY.7118..chitin.deacetylation
2026-05-08 09:55:35.892652 INFO::Fitting model to feature number 269, PWY.7165..L.ascorbate.biosynthesis.VIII..engineered.pathway.
2026-05-08 09:55:35.898835 INFO::Fitting model to feature number 270, PWY.7184..pyrimidine.deoxyribonucleotides.de.novo.biosynthesis.I
2026-05-08 09:55:35.905318 INFO::Fitting model to feature number 271, PWY.7185..UTP.and.CTP.dephosphorylation.I
2026-05-08 09:55:35.911945 INFO::Fitting model to feature number 272, PWY.7187..pyrimidine.deoxyribonucleotides.de.novo.biosynthesis.II
2026-05-08 09:55:35.91833 INFO::Fitting model to feature number 273, PWY.7196..superpathway.of.pyrimidine.ribonucleosides.salvage
2026-05-08 09:55:35.924535 INFO::Fitting model to feature number 274, PWY.7197..pyrimidine.deoxyribonucleotide.phosphorylation
2026-05-08 09:55:35.926559 INFO::Fitting model to feature number 275, PWY.7198..pyrimidine.deoxyribonucleotides.de.novo.biosynthesis.IV
2026-05-08 09:55:35.932829 INFO::Fitting model to feature number 276, PWY.7199..pyrimidine.deoxyribonucleosides.salvage
2026-05-08 09:55:35.934684 INFO::Fitting model to feature number 277, PWY.7200..superpathway.of.pyrimidine.deoxyribonucleoside.salvage
2026-05-08 09:55:35.954103 INFO::Fitting model to feature number 278, PWY.7204..pyridoxal.5..phosphate.salvage.II..plants.
2026-05-08 09:55:35.960593 INFO::Fitting model to feature number 279, PWY.7208..superpathway.of.pyrimidine.nucleobases.salvage
2026-05-08 09:55:35.962655 INFO::Fitting model to feature number 280, PWY.7209..superpathway.of.pyrimidine.ribonucleosides.degradation
2026-05-08 09:55:35.9691 INFO::Fitting model to feature number 281, PWY.7210..pyrimidine.deoxyribonucleotides.biosynthesis.from.CTP
2026-05-08 09:55:35.975296 INFO::Fitting model to feature number 282, PWY.7211..superpathway.of.pyrimidine.deoxyribonucleotides.de.novo.biosynthesis
2026-05-08 09:55:35.983156 INFO::Fitting model to feature number 283, PWY.7220..adenosine.deoxyribonucleotides.de.novo.biosynthesis.II
2026-05-08 09:55:35.9854 INFO::Fitting model to feature number 284, PWY.7221..guanosine.ribonucleotides.de.novo.biosynthesis
2026-05-08 09:55:35.98743 INFO::Fitting model to feature number 285, PWY.7222..guanosine.deoxyribonucleotides.de.novo.biosynthesis.II
2026-05-08 09:55:35.989528 INFO::Fitting model to feature number 286, PWY.7228..superpathway.of.guanosine.nucleotides.de.novo.biosynthesis.I
2026-05-08 09:55:35.991414 INFO::Fitting model to feature number 287, PWY.7229..superpathway.of.adenosine.nucleotides.de.novo.biosynthesis.I
2026-05-08 09:55:35.993414 INFO::Fitting model to feature number 288, PWY.7234..inosine.5..phosphate.biosynthesis.III
2026-05-08 09:55:35.995352 INFO::Fitting model to feature number 289, PWY.7237..myo...chiro..and.scyllo.inositol.degradation
2026-05-08 09:55:36.001437 INFO::Fitting model to feature number 290, PWY.7238..sucrose.biosynthesis.II
2026-05-08 09:55:36.003629 INFO::Fitting model to feature number 291, PWY.7242..D.fructuronate.degradation
2026-05-08 09:55:36.009695 INFO::Fitting model to feature number 292, PWY.7245..superpathway.of.NAD.NADP...NADH.NADPH.interconversion..yeast.
2026-05-08 09:55:36.016389 INFO::Fitting model to feature number 293, PWY.724..superpathway.of.L.lysine..L.threonine.and.L.methionine.biosynthesis.II
2026-05-08 09:55:36.018531 INFO::Fitting model to feature number 294, PWY.7254..TCA.cycle.VII..acetate.producers.
2026-05-08 09:55:36.02472 INFO::Fitting model to feature number 295, PWY.7268..cytosolic.NADPH.production..yeast.
2026-05-08 09:55:36.031697 INFO::Fitting model to feature number 296, PWY.7269..mitochondrial.NADPH.production..yeast.
2026-05-08 09:55:36.037816 INFO::Fitting model to feature number 297, PWY.7282..4.amino.2.methyl.5.diphosphomethylpyrimidine.biosynthesis.II
2026-05-08 09:55:36.044158 INFO::Fitting model to feature number 298, PWY.7294..D.xylose.degradation.IV
2026-05-08 09:55:36.050495 INFO::Fitting model to feature number 299, PWY.7315..dTDP.N.acetylthomosamine.biosynthesis
2026-05-08 09:55:36.056923 INFO::Fitting model to feature number 300, PWY.7323..superpathway.of.GDP.mannose.derived.O.antigen.building.blocks.biosynthesis
2026-05-08 09:55:36.064446 INFO::Fitting model to feature number 301, PWY.7328..superpathway.of.UDP.glucose.derived.O.antigen.building.blocks.biosynthesis
2026-05-08 09:55:36.070431 INFO::Fitting model to feature number 302, PWY.7340..9.cis..11.trans.octadecadienoyl.CoA.degradation..isomerase.dependent..yeast.
2026-05-08 09:55:36.076492 INFO::Fitting model to feature number 303, PWY.7345..superpathway.of.anaerobic.sucrose.degradation
2026-05-08 09:55:36.078589 INFO::Fitting model to feature number 304, PWY.7356..thiamine.diphosphate.salvage.IV..yeast.
2026-05-08 09:55:36.080602 INFO::Fitting model to feature number 305, PWY.7357..thiamine.phosphate.formation.from.pyrithiamine.and.oxythiamine..yeast.
2026-05-08 09:55:36.082712 INFO::Fitting model to feature number 306, PWY.7383..anaerobic.energy.metabolism..invertebrates..cytosol.
2026-05-08 09:55:36.088756 INFO::Fitting model to feature number 307, PWY.7385..1.3.propanediol.biosynthesis..engineered.
2026-05-08 09:55:36.095343 INFO::Fitting model to feature number 308, PWY.7388..octanoyl..acyl.carrier.protein..biosynthesis..mitochondria..yeast.
2026-05-08 09:55:36.101514 INFO::Fitting model to feature number 309, PWY.7391..isoprene.biosynthesis.II..engineered.
2026-05-08 09:55:36.107582 INFO::Fitting model to feature number 310, PWY.7392..taxadiene.biosynthesis..engineered.
2026-05-08 09:55:36.113892 INFO::Fitting model to feature number 311, PWY.7396..butanol.and.isobutanol.biosynthesis..engineered.
2026-05-08 09:55:36.120278 INFO::Fitting model to feature number 312, PWY.7400..L.arginine.biosynthesis.IV..archaebacteria.
2026-05-08 09:55:36.122385 INFO::Fitting model to feature number 313, PWY.7409..phospholipid.remodeling..phosphatidylethanolamine..yeast.
2026-05-08 09:55:36.129007 INFO::Fitting model to feature number 314, PWY.7434..terminal.O.glycans.residues.modification..via.type.2.precursor.disaccharide.
2026-05-08 09:55:36.13548 INFO::Fitting model to feature number 315, PWY.7446..sulfoquinovose.degradation.I
2026-05-08 09:55:36.141956 INFO::Fitting model to feature number 316, PWY.7456...beta...1.4..mannan.degradation
2026-05-08 09:55:36.148278 INFO::Fitting model to feature number 317, PWY.7560..methylerythritol.phosphate.pathway.II
2026-05-08 09:55:36.150481 INFO::Fitting model to feature number 318, PWY.7616..methanol.oxidation.to.carbon.dioxide
2026-05-08 09:55:36.165509 INFO::Fitting model to feature number 319, PWY.7663..gondoate.biosynthesis..anaerobic.
2026-05-08 09:55:36.167841 INFO::Fitting model to feature number 320, PWY.7664..oleate.biosynthesis.IV..anaerobic.
2026-05-08 09:55:36.183678 INFO::Fitting model to feature number 321, PWY.7723..bacterial.bioluminescence
2026-05-08 09:55:36.190174 INFO::Fitting model to feature number 322, PWY.7761..NAD.salvage.pathway.II..PNC.IV.cycle.
2026-05-08 09:55:36.196409 INFO::Fitting model to feature number 323, PWY.7783..plasmalogen.degradation
2026-05-08 09:55:36.202382 INFO::Fitting model to feature number 324, PWY.7790..UMP.biosynthesis.II
2026-05-08 09:55:36.204428 INFO::Fitting model to feature number 325, PWY.7791..UMP.biosynthesis.III
2026-05-08 09:55:36.206661 INFO::Fitting model to feature number 326, PWY.7805...aminomethyl.phosphonate.degradation
2026-05-08 09:55:36.212891 INFO::Fitting model to feature number 327, PWY.7807..glyphosate.degradation.III
2026-05-08 09:55:36.218862 INFO::Fitting model to feature number 328, PWY.7851..coenzyme.A.biosynthesis.II..eukaryotic.
2026-05-08 09:55:36.221027 INFO::Fitting model to feature number 329, PWY.7858...5Z..dodecenoate.biosynthesis.II
2026-05-08 09:55:36.222858 INFO::Fitting model to feature number 330, PWY.7873..D.erythronate.degradation.II
2026-05-08 09:55:36.229129 INFO::Fitting model to feature number 331, PWY.7874..L.threonate.degradation
2026-05-08 09:55:36.235369 INFO::Fitting model to feature number 332, PWY.7883..anhydromuropeptides.recycling.II
2026-05-08 09:55:36.241931 INFO::Fitting model to feature number 333, PWY.7942..5.oxo.L.proline.metabolism
2026-05-08 09:55:36.249922 INFO::Fitting model to feature number 334, PWY.7953..UDP.N.acetylmuramoyl.pentapeptide.biosynthesis.III..meso.diaminopimelate.containing.
2026-05-08 09:55:36.25197 INFO::Fitting model to feature number 335, PWY.7977..L.methionine.biosynthesis.IV
2026-05-08 09:55:36.254102 INFO::Fitting model to feature number 336, PWY.8004..Entner.Doudoroff.pathway.I
2026-05-08 09:55:36.2605 INFO::Fitting model to feature number 337, PWY.8011..L.serine.biosynthesis.II
2026-05-08 09:55:36.266459 INFO::Fitting model to feature number 338, PWY.801..homocysteine.and.cysteine.interconversion
2026-05-08 09:55:36.272531 INFO::Fitting model to feature number 339, PWY.8073..lipid.IVA.biosynthesis..P..putida.
2026-05-08 09:55:36.27928 INFO::Fitting model to feature number 340, PWY.8131..5..deoxyadenosine.degradation.II
2026-05-08 09:55:36.285657 INFO::Fitting model to feature number 341, PWY.8178..pentose.phosphate.pathway..non.oxidative.branch..II
2026-05-08 09:55:36.287726 INFO::Fitting model to feature number 342, PWY.8187..L.arginine.degradation.XIII..reductive.Stickland.reaction.
2026-05-08 09:55:36.289694 INFO::Fitting model to feature number 343, PWY.821..superpathway.of.sulfur.amino.acid.biosynthesis..Saccharomyces.cerevisiae.
2026-05-08 09:55:36.295801 INFO::Fitting model to feature number 344, PWY.822..fructan.biosynthesis
2026-05-08 09:55:36.301843 INFO::Fitting model to feature number 345, PWY.841..superpathway.of.purine.nucleotides.de.novo.biosynthesis.I
2026-05-08 09:55:36.304046 INFO::Fitting model to feature number 346, PWY.922..mevalonate.pathway.I..eukaryotes.and.bacteria.
2026-05-08 09:55:36.321262 INFO::Fitting model to feature number 347, PWY.I9..L.cysteine.biosynthesis.VI..from.L.methionine.
2026-05-08 09:55:36.32351 INFO::Fitting model to feature number 348, PWY0.1061..superpathway.of.L.alanine.biosynthesis
2026-05-08 09:55:36.325523 INFO::Fitting model to feature number 349, PWY0.1221..putrescine.degradation.II
2026-05-08 09:55:36.33161 INFO::Fitting model to feature number 350, PWY0.1241..ADP.L.glycero..beta..D.manno.heptose.biosynthesis
2026-05-08 09:55:36.338084 INFO::Fitting model to feature number 351, PWY0.1261..anhydromuropeptides.recycling.I
2026-05-08 09:55:36.34465 INFO::Fitting model to feature number 352, PWY0.1277..3.phenylpropanoate.and.3..3.hydroxyphenyl.propanoate.degradation
2026-05-08 09:55:36.35179 INFO::Fitting model to feature number 353, PWY0.1296..purine.ribonucleosides.degradation
2026-05-08 09:55:36.354154 INFO::Fitting model to feature number 354, PWY0.1297..superpathway.of.purine.deoxyribonucleosides.degradation
2026-05-08 09:55:36.356385 INFO::Fitting model to feature number 355, PWY0.1298..superpathway.of.pyrimidine.deoxyribonucleosides.degradation
2026-05-08 09:55:36.358657 INFO::Fitting model to feature number 356, PWY0.1319..CDP.diacylglycerol.biosynthesis.II
2026-05-08 09:55:36.360955 INFO::Fitting model to feature number 357, PWY0.1337..oleate..beta..oxidation
2026-05-08 09:55:36.367396 INFO::Fitting model to feature number 358, PWY0.1338..polymyxin.resistance
2026-05-08 09:55:36.373473 INFO::Fitting model to feature number 359, PWY0.1415..superpathway.of.heme.b.biosynthesis.from.uroporphyrinogen.III
2026-05-08 09:55:36.379831 INFO::Fitting model to feature number 360, PWY0.1477..ethanolamine.utilization
2026-05-08 09:55:36.382033 INFO::Fitting model to feature number 361, PWY0.1479..tRNA.processing
2026-05-08 09:55:36.388206 INFO::Fitting model to feature number 362, PWY0.1533..methylphosphonate.degradation.I
2026-05-08 09:55:36.394734 INFO::Fitting model to feature number 363, PWY0.1586..peptidoglycan.maturation..meso.diaminopimelate.containing.
2026-05-08 09:55:36.396832 INFO::Fitting model to feature number 364, PWY0.162..superpathway.of.pyrimidine.ribonucleotides.de.novo.biosynthesis
2026-05-08 09:55:36.398828 INFO::Fitting model to feature number 365, PWY0.166..superpathway.of.pyrimidine.deoxyribonucleotides.de.novo.biosynthesis..E..coli.
2026-05-08 09:55:36.405074 INFO::Fitting model to feature number 366, PWY0.301..L.ascorbate.degradation.I..bacterial..anaerobic.
2026-05-08 09:55:36.411683 INFO::Fitting model to feature number 367, PWY0.41..allantoin.degradation.IV..anaerobic.
2026-05-08 09:55:36.417793 INFO::Fitting model to feature number 368, PWY0.42..2.methylcitrate.cycle.I
2026-05-08 09:55:36.424123 INFO::Fitting model to feature number 369, PWY0.461..L.lysine.degradation.I
2026-05-08 09:55:36.430811 INFO::Fitting model to feature number 370, PWY0.781..aspartate.superpathway
2026-05-08 09:55:36.437348 INFO::Fitting model to feature number 371, PWY0.845..superpathway.of.pyridoxal.5..phosphate.biosynthesis.and.salvage
2026-05-08 09:55:36.443622 INFO::Fitting model to feature number 372, PWY0.862...5Z..dodecenoate.biosynthesis.I
2026-05-08 09:55:36.4457 INFO::Fitting model to feature number 373, PWY0.881..superpathway.of.fatty.acid.biosynthesis.I..E..coli.
2026-05-08 09:55:36.45179 INFO::Fitting model to feature number 374, PWY1G.0..mycothiol.biosynthesis
2026-05-08 09:55:36.457841 INFO::Fitting model to feature number 375, PWY1ZNC.1..assimilatory.sulfate.reduction.IV
2026-05-08 09:55:36.464404 INFO::Fitting model to feature number 376, PWY3O.4107..NAD.salvage.pathway.V..PNC.V.cycle.
2026-05-08 09:55:36.47067 INFO::Fitting model to feature number 377, PWY4FS.7..phosphatidylglycerol.biosynthesis.I..plastidic.
2026-05-08 09:55:36.477206 INFO::Fitting model to feature number 378, PWY4FS.8..phosphatidylglycerol.biosynthesis.II..non.plastidic.
2026-05-08 09:55:36.483595 INFO::Fitting model to feature number 379, PWY4LZ.257..superpathway.of.fermentation..Chlamydomonas.reinhardtii.
2026-05-08 09:55:36.489756 INFO::Fitting model to feature number 380, PWY5F9.12..biphenyl.degradation
2026-05-08 09:55:36.496039 INFO::Fitting model to feature number 381, PWY66.389..phytol.degradation
2026-05-08 09:55:36.49802 INFO::Fitting model to feature number 382, PWY66.391..fatty.acid..beta..oxidation.VI..mammalian.peroxisome.
2026-05-08 09:55:36.50454 INFO::Fitting model to feature number 383, PWY66.399..gluconeogenesis.III
2026-05-08 09:55:36.510974 INFO::Fitting model to feature number 384, PWY66.409..superpathway.of.purine.nucleotide.salvage
2026-05-08 09:55:36.513286 INFO::Fitting model to feature number 385, PWY66.429..fatty.acid.biosynthesis.initiation..mitochondria.
2026-05-08 09:55:36.515784 INFO::Fitting model to feature number 386, PWY66.430..myristate.biosynthesis..mitochondria.
2026-05-08 09:55:36.52184 INFO::Fitting model to feature number 387, PYRIDNUCSAL.PWY..NAD.salvage.pathway.I..PNC.VI.cycle.
2026-05-08 09:55:36.52814 INFO::Fitting model to feature number 388, PYRIDNUCSYN.PWY..NAD.de.novo.biosynthesis.I..from.aspartate.
2026-05-08 09:55:36.534395 INFO::Fitting model to feature number 389, PYRIDOXSYN.PWY..pyridoxal.5..phosphate.biosynthesis.I
2026-05-08 09:55:36.540484 INFO::Fitting model to feature number 390, REDCITCYC..TCA.cycle.VI..Helicobacter.
2026-05-08 09:55:36.546756 INFO::Fitting model to feature number 391, RHAMCAT.PWY..L.rhamnose.degradation.I
2026-05-08 09:55:36.54881 INFO::Fitting model to feature number 392, RIBOSYN2.PWY..flavin.biosynthesis.I..bacteria.and.plants.
2026-05-08 09:55:36.559353 INFO::Fitting model to feature number 393, RUMP.PWY..formaldehyde.oxidation.I
2026-05-08 09:55:36.56616 INFO::Fitting model to feature number 394, SALVADEHYPOX.PWY..adenosine.nucleotides.degradation.II
2026-05-08 09:55:36.572439 INFO::Fitting model to feature number 395, SER.GLYSYN.PWY..superpathway.of.L.serine.and.glycine.biosynthesis.I
2026-05-08 09:55:36.574673 INFO::Fitting model to feature number 396, SO4ASSIM.PWY..assimilatory.sulfate.reduction.I
2026-05-08 09:55:36.576737 INFO::Fitting model to feature number 397, SULFATE.CYS.PWY..superpathway.of.sulfate.assimilation.and.cysteine.biosynthesis
2026-05-08 09:55:36.578724 INFO::Fitting model to feature number 398, TCA.GLYOX.BYPASS..superpathway.of.glyoxylate.bypass.and.TCA
2026-05-08 09:55:36.584795 INFO::Fitting model to feature number 399, TCA..TCA.cycle.I..prokaryotic.
2026-05-08 09:55:36.590933 INFO::Fitting model to feature number 400, THISYN.PWY..superpathway.of.thiamine.diphosphate.biosynthesis.I
2026-05-08 09:55:36.597374 INFO::Fitting model to feature number 401, THISYNARA.PWY..superpathway.of.thiamine.diphosphate.biosynthesis.III..eukaryotes.
2026-05-08 09:55:36.604376 INFO::Fitting model to feature number 402, THREOCAT.PWY..superpathway.of.L.threonine.metabolism
2026-05-08 09:55:36.61197 INFO::Fitting model to feature number 403, THRESYN.PWY..superpathway.of.L.threonine.biosynthesis
2026-05-08 09:55:36.614089 INFO::Fitting model to feature number 404, TRNA.CHARGING.PWY..tRNA.charging
2026-05-08 09:55:36.616038 INFO::Fitting model to feature number 405, TRPSYN.PWY..L.tryptophan.biosynthesis
2026-05-08 09:55:36.618077 INFO::Fitting model to feature number 406, UBISYN.PWY..superpathway.of.ubiquinol.8.biosynthesis..early.decarboxylation.
2026-05-08 09:55:36.624133 INFO::Fitting model to feature number 407, UDPNACETYLGALSYN.PWY..UDP.N.acetyl.D.glucosamine.biosynthesis.II
2026-05-08 09:55:36.630521 INFO::Fitting model to feature number 408, UDPNAGSYN.PWY..UDP.N.acetyl.D.glucosamine.biosynthesis.I
2026-05-08 09:55:36.632576 INFO::Fitting model to feature number 409, URDEGR.PWY..superpathway.of.allantoin.degradation.in.plants
2026-05-08 09:55:36.63867 INFO::Fitting model to feature number 410, URSIN.PWY..ureide.biosynthesis
2026-05-08 09:55:36.645647 INFO::Fitting model to feature number 411, VALSYN.PWY..L.valine.biosynthesis
2026-05-08 09:55:36.699393 INFO::Counting total values for each feature
2026-05-08 09:55:36.71449 INFO::Re-running abundances for warn_prevalence
2026-05-08 09:55:36.715821 INFO::Running selected normalization method: TSS
2026-05-08 09:55:36.728037 INFO::Running selected transform method: LOG
2026-05-08 09:55:36.736503 DEBUG::Object: augment, Size: 56
2026-05-08 09:55:36.737134 DEBUG::Object: cluster, Size: 0
2026-05-08 09:55:36.737638 DEBUG::Object: cores, Size: 56
2026-05-08 09:55:36.738099 DEBUG::Object: correction, Size: 112
2026-05-08 09:55:36.73854 DEBUG::Object: extract_out, Size: 1416
2026-05-08 09:55:36.738973 DEBUG::Object: feature_specific_covariate, Size: 0
2026-05-08 09:55:36.7394 DEBUG::Object: feature_specific_covariate_name, Size: 0
2026-05-08 09:55:36.739831 DEBUG::Object: feature_specific_covariate_record, Size: 0
2026-05-08 09:55:36.740301 DEBUG::Object: features, Size: 344536
2026-05-08 09:55:36.740736 DEBUG::Object: formula, Size: 1008
2026-05-08 09:55:36.741176 DEBUG::Object: fun_list, Size: 58768
2026-05-08 09:55:36.741674 DEBUG::Object: func_to_run, Size: 435336
2026-05-08 09:55:36.742114 DEBUG::Object: groups, Size: 48
2026-05-08 09:55:36.742552 DEBUG::Object: median_comparison, Size: 56
2026-05-08 09:55:36.742976 DEBUG::Object: median_comparison_threshold, Size: 56
2026-05-08 09:55:36.743448 DEBUG::Object: metadata, Size: 30528
2026-05-08 09:55:36.743876 DEBUG::Object: model, Size: 112
2026-05-08 09:55:36.744319 DEBUG::Object: model_function, Size: 8864
2026-05-08 09:55:36.744766 DEBUG::Object: ordereds, Size: 48
2026-05-08 09:55:36.745191 DEBUG::Object: random_effects_formula, Size: 0
2026-05-08 09:55:36.745607 DEBUG::Object: ranef_function, Size: 0
2026-05-08 09:55:36.746028 DEBUG::Object: save_models, Size: 56
2026-05-08 09:55:36.746452 DEBUG::Object: small_random_effects, Size: 56
2026-05-08 09:55:36.746866 DEBUG::Object: strata, Size: 48
2026-05-08 09:55:36.74728 DEBUG::Object: subtract_median, Size: 56
2026-05-08 09:55:36.747717 DEBUG::Object: summary_function, Size: 49424
2026-05-08 09:55:36.748301 DEBUG::Object: func_to_run, Size: 435336
2026-05-08 09:55:36.74915 INFO::Fitting model to feature number 1, X1CMET2.PWY..folate.transformations.III..E..coli.
2026-05-08 09:55:36.752963 INFO::Fitting model to feature number 2, X3.HYDROXYPHENYLACETATE.DEGRADATION.PWY..4.hydroxyphenylacetate.degradation
2026-05-08 09:55:36.756701 INFO::Fitting model to feature number 3, AEROBACTINSYN.PWY..aerobactin.biosynthesis
2026-05-08 09:55:36.760558 INFO::Fitting model to feature number 4, ALLANTOINDEG.PWY..superpathway.of.allantoin.degradation.in.yeast
2026-05-08 09:55:36.764495 INFO::Fitting model to feature number 5, ANAEROFRUCAT.PWY..homolactic.fermentation
2026-05-08 09:55:36.768365 INFO::Fitting model to feature number 6, ANAGLYCOLYSIS.PWY..glycolysis.III..from.glucose.
2026-05-08 09:55:36.771995 INFO::Fitting model to feature number 7, ARG.POLYAMINE.SYN..superpathway.of.arginine.and.polyamine.biosynthesis
2026-05-08 09:55:36.791338 INFO::Fitting model to feature number 8, ARGDEG.PWY..superpathway.of.L.arginine..putrescine..and.4.aminobutanoate.degradation
2026-05-08 09:55:36.795558 INFO::Fitting model to feature number 9, ARGININE.SYN4.PWY..L.ornithine.biosynthesis.II
2026-05-08 09:55:36.799565 INFO::Fitting model to feature number 10, ARGSYN.PWY..L.arginine.biosynthesis.I..via.L.ornithine.
2026-05-08 09:55:36.803668 INFO::Fitting model to feature number 11, ARGSYNBSUB.PWY..L.arginine.biosynthesis.II..acetyl.cycle.
2026-05-08 09:55:36.807618 INFO::Fitting model to feature number 12, ARO.PWY..chorismate.biosynthesis.I
2026-05-08 09:55:36.811749 INFO::Fitting model to feature number 13, ASPASN.PWY..superpathway.of.L.aspartate.and.L.asparagine.biosynthesis
2026-05-08 09:55:36.817174 INFO::Fitting model to feature number 14, AST.PWY..L.arginine.degradation.II..AST.pathway.
2026-05-08 09:55:36.82247 INFO::Fitting model to feature number 15, BIOTIN.BIOSYNTHESIS.PWY..biotin.biosynthesis.I
2026-05-08 09:55:36.827298 INFO::Fitting model to feature number 16, BRANCHED.CHAIN.AA.SYN.PWY..superpathway.of.branched.chain.amino.acid.biosynthesis
2026-05-08 09:55:36.831443 INFO::Fitting model to feature number 17, CALVIN.PWY..Calvin.Benson.Bassham.cycle
2026-05-08 09:55:36.835382 INFO::Fitting model to feature number 18, CARNMET.PWY..L.carnitine.degradation.I
2026-05-08 09:55:36.83932 INFO::Fitting model to feature number 19, CATECHOL.ORTHO.CLEAVAGE.PWY..catechol.degradation.to..beta..ketoadipate
2026-05-08 09:55:36.843318 INFO::Fitting model to feature number 20, CENTFERM.PWY..pyruvate.fermentation.to.butanoate
2026-05-08 09:55:36.8475 INFO::Fitting model to feature number 21, CITRULBIO.PWY..L.citrulline.biosynthesis
2026-05-08 09:55:36.85142 INFO::Fitting model to feature number 22, COA.PWY.1..superpathway.of.coenzyme.A.biosynthesis.III..mammals.
2026-05-08 09:55:36.855366 INFO::Fitting model to feature number 23, COA.PWY..coenzyme.A.biosynthesis.I..prokaryotic.
2026-05-08 09:55:36.859602 INFO::Fitting model to feature number 24, COBALSYN.PWY..superpathway.of.adenosylcobalamin.salvage.from.cobinamide.I
2026-05-08 09:55:36.865064 INFO::Fitting model to feature number 25, COLANSYN.PWY..colanic.acid.building.blocks.biosynthesis
2026-05-08 09:55:36.869313 INFO::Fitting model to feature number 26, COMPLETE.ARO.PWY..superpathway.of.aromatic.amino.acid.biosynthesis
2026-05-08 09:55:36.873308 INFO::Fitting model to feature number 27, CRNFORCAT.PWY..creatinine.degradation.I
2026-05-08 09:55:36.877443 INFO::Fitting model to feature number 28, DAPLYSINESYN.PWY..L.lysine.biosynthesis.I
2026-05-08 09:55:36.881379 INFO::Fitting model to feature number 29, DARABCATK12.PWY..D.arabinose.degradation.I
2026-05-08 09:55:36.885333 INFO::Fitting model to feature number 30, DENITRIFICATION.PWY..nitrate.reduction.I..denitrification.
2026-05-08 09:55:36.889626 INFO::Fitting model to feature number 31, DENOVOPURINE2.PWY..superpathway.of.purine.nucleotides.de.novo.biosynthesis.II
2026-05-08 09:55:36.893744 INFO::Fitting model to feature number 32, DHGLUCONATE.PYR.CAT.PWY..glucose.degradation..oxidative.
2026-05-08 09:55:36.898189 INFO::Fitting model to feature number 33, DTDPRHAMSYN.PWY..dTDP..beta..L.rhamnose.biosynthesis
2026-05-08 09:55:36.902372 INFO::Fitting model to feature number 34, ECASYN.PWY..enterobacterial.common.antigen.biosynthesis
2026-05-08 09:55:36.906565 INFO::Fitting model to feature number 35, FAO.PWY..fatty.acid..beta..oxidation.I..generic.
2026-05-08 09:55:36.911118 INFO::Fitting model to feature number 36, FASYN.ELONG.PWY..fatty.acid.elongation....saturated
2026-05-08 09:55:36.915171 INFO::Fitting model to feature number 37, FASYN.INITIAL.PWY..superpathway.of.fatty.acid.biosynthesis.initiation..E..coli.
2026-05-08 09:55:36.919238 INFO::Fitting model to feature number 38, FERMENTATION.PWY..mixed.acid.fermentation
2026-05-08 09:55:36.923133 INFO::Fitting model to feature number 39, FOLSYN.PWY..superpathway.of.tetrahydrofolate.biosynthesis.and.salvage
2026-05-08 09:55:36.927064 INFO::Fitting model to feature number 40, FUC.RHAMCAT.PWY..superpathway.of.fucose.and.rhamnose.degradation
2026-05-08 09:55:36.931157 INFO::Fitting model to feature number 41, FUCCAT.PWY..fucose.degradation
2026-05-08 09:55:36.935136 INFO::Fitting model to feature number 42, GALACT.GLUCUROCAT.PWY..superpathway.of.hexuronide.and.hexuronate.degradation
2026-05-08 09:55:36.939299 INFO::Fitting model to feature number 43, GALACTARDEG.PWY..D.galactarate.degradation.I
2026-05-08 09:55:36.943486 INFO::Fitting model to feature number 44, GALACTITOLCAT.PWY..galactitol.degradation
2026-05-08 09:55:36.947829 INFO::Fitting model to feature number 45, GALACTUROCAT.PWY..D.galacturonate.degradation.I
2026-05-08 09:55:36.952245 INFO::Fitting model to feature number 46, GLCMANNANAUT.PWY..superpathway.of.N.acetylglucosamine..N.acetylmannosamine.and.N.acetylneuraminate.degradation
2026-05-08 09:55:36.956026 INFO::Fitting model to feature number 47, GLUCARDEG.PWY..D.glucarate.degradation.I
2026-05-08 09:55:36.960261 INFO::Fitting model to feature number 48, GLUCARGALACTSUPER.PWY..superpathway.of.D.glucarate.and.D.galactarate.degradation
2026-05-08 09:55:36.966701 INFO::Fitting model to feature number 49, GLUCONEO.PWY..gluconeogenesis.I
2026-05-08 09:55:36.970428 INFO::Fitting model to feature number 50, GLUCOSE1PMETAB.PWY..glucose.and.glucose.1.phosphate.degradation
2026-05-08 09:55:36.974274 INFO::Fitting model to feature number 51, GLUCUROCAT.PWY..superpathway.of..beta..D.glucuronosides.degradation
2026-05-08 09:55:36.979644 INFO::Fitting model to feature number 52, GLUDEG.I.PWY..GABA.shunt
2026-05-08 09:55:36.983844 INFO::Fitting model to feature number 53, GLUTORN.PWY..L.ornithine.biosynthesis.I
2026-05-08 09:55:36.987632 INFO::Fitting model to feature number 54, GLYCOCAT.PWY..glycogen.degradation.I
2026-05-08 09:55:36.991606 INFO::Fitting model to feature number 55, GLYCOGENSYNTH.PWY..glycogen.biosynthesis.I..from.ADP.D.Glucose.
2026-05-08 09:55:36.99595 INFO::Fitting model to feature number 56, GLYCOL.GLYOXDEG.PWY..superpathway.of.glycol.metabolism.and.degradation
2026-05-08 09:55:37 INFO::Fitting model to feature number 57, GLYCOLYSIS.E.D..superpathway.of.glycolysis.and.the.Entner.Doudoroff.pathway
2026-05-08 09:55:37.003717 INFO::Fitting model to feature number 58, GLYCOLYSIS.TCA.GLYOX.BYPASS..superpathway.of.glycolysis..pyruvate.dehydrogenase..TCA..and.glyoxylate.bypass
2026-05-08 09:55:37.007426 INFO::Fitting model to feature number 59, GLYCOLYSIS..glycolysis.I..from.glucose.6.phosphate.
2026-05-08 09:55:37.011211 INFO::Fitting model to feature number 60, GLYOXYLATE.BYPASS..glyoxylate.cycle
2026-05-08 09:55:37.032239 INFO::Fitting model to feature number 61, GOLPDLCAT.PWY..superpathway.of.glycerol.degradation.to.1.3.propanediol
2026-05-08 09:55:37.036558 INFO::Fitting model to feature number 62, HCAMHPDEG.PWY..3.phenylpropanoate.and.3..3.hydroxyphenyl.propanoate.degradation.to.2.hydroxypentadienoate
2026-05-08 09:55:37.042049 INFO::Fitting model to feature number 63, HEME.BIOSYNTHESIS.II.1..heme.b.biosynthesis.V..aerobic.
2026-05-08 09:55:37.04707 INFO::Fitting model to feature number 64, HEME.BIOSYNTHESIS.II..heme.b.biosynthesis.I..aerobic.
2026-05-08 09:55:37.051121 INFO::Fitting model to feature number 65, HEMESYN2.PWY..heme.b.biosynthesis.II..oxygen.independent.
2026-05-08 09:55:37.055224 INFO::Fitting model to feature number 66, HEXITOLDEGSUPER.PWY..superpathway.of.hexitol.degradation..bacteria.
2026-05-08 09:55:37.059261 INFO::Fitting model to feature number 67, HISDEG.PWY..L.histidine.degradation.I
2026-05-08 09:55:37.063293 INFO::Fitting model to feature number 68, HISTSYN.PWY..L.histidine.biosynthesis
2026-05-08 09:55:37.067236 INFO::Fitting model to feature number 69, HOMOSER.METSYN.PWY..L.methionine.biosynthesis.I
2026-05-08 09:55:37.071214 INFO::Fitting model to feature number 70, HSERMETANA.PWY..L.methionine.biosynthesis.III
2026-05-08 09:55:37.075401 INFO::Fitting model to feature number 71, ILEUSYN.PWY..L.isoleucine.biosynthesis.I..from.threonine.
2026-05-08 09:55:37.079803 INFO::Fitting model to feature number 72, KDO.NAGLIPASYN.PWY..superpathway.of..Kdo.2.lipid.A.biosynthesis
2026-05-08 09:55:37.083914 INFO::Fitting model to feature number 73, KETOGLUCONMET.PWY..ketogluconate.metabolism
2026-05-08 09:55:37.087966 INFO::Fitting model to feature number 74, LACTOSECAT.PWY..lactose.and.galactose.degradation.I
2026-05-08 09:55:37.091919 INFO::Fitting model to feature number 75, LIPA.CORESYN.PWY..lipid.A.core.biosynthesis..E..coli.K.12.
2026-05-08 09:55:37.096327 INFO::Fitting model to feature number 76, LIPASYN.PWY..phospholipases
2026-05-08 09:55:37.100314 INFO::Fitting model to feature number 77, LPSSYN.PWY..superpathway.of.lipopolysaccharide.biosynthesis
2026-05-08 09:55:37.104308 INFO::Fitting model to feature number 78, MET.SAM.PWY..superpathway.of.S.adenosyl.L.methionine.biosynthesis
2026-05-08 09:55:37.108537 INFO::Fitting model to feature number 79, METHGLYUT.PWY..superpathway.of.methylglyoxal.degradation
2026-05-08 09:55:37.112786 INFO::Fitting model to feature number 80, METSYN.PWY..superpathway.of.L.homoserine.and.L.methionine.biosynthesis
2026-05-08 09:55:37.117304 INFO::Fitting model to feature number 81, NAD.BIOSYNTHESIS.II..NAD.salvage.pathway.III..to.nicotinamide.riboside.
2026-05-08 09:55:37.121366 INFO::Fitting model to feature number 82, NAGLIPASYN.PWY..lipid.IVA.biosynthesis..E..coli.
2026-05-08 09:55:37.125471 INFO::Fitting model to feature number 83, NONMEVIPP.PWY..methylerythritol.phosphate.pathway.I
2026-05-08 09:55:37.12985 INFO::Fitting model to feature number 84, NONOXIPENT.PWY..pentose.phosphate.pathway..non.oxidative.branch..I
2026-05-08 09:55:37.135052 INFO::Fitting model to feature number 85, OANTIGEN.PWY..O.antigen.building.blocks.biosynthesis..E..coli.
2026-05-08 09:55:37.139254 INFO::Fitting model to feature number 86, ORNARGDEG.PWY..superpathway.of.L.arginine.and.L.ornithine.degradation
2026-05-08 09:55:37.14326 INFO::Fitting model to feature number 87, ORNDEG.PWY..superpathway.of.ornithine.degradation
2026-05-08 09:55:37.147243 INFO::Fitting model to feature number 88, P105.PWY..TCA.cycle.IV..2.oxoglutarate.decarboxylase.
2026-05-08 09:55:37.151244 INFO::Fitting model to feature number 89, P108.PWY..pyruvate.fermentation.to.propanoate.I
2026-05-08 09:55:37.155282 INFO::Fitting model to feature number 90, P122.PWY..heterolactic.fermentation
2026-05-08 09:55:37.159554 INFO::Fitting model to feature number 91, P124.PWY..Bifidobacterium.shunt
2026-05-08 09:55:37.163799 INFO::Fitting model to feature number 92, P125.PWY..superpathway.of..R.R..butanediol.biosynthesis
2026-05-08 09:55:37.168047 INFO::Fitting model to feature number 93, P161.PWY..acetylene.degradation..anaerobic.
2026-05-08 09:55:37.172129 INFO::Fitting model to feature number 94, P164.PWY..purine.nucleobases.degradation.I..anaerobic.
2026-05-08 09:55:37.176222 INFO::Fitting model to feature number 95, P185.PWY..formaldehyde.assimilation.III..dihydroxyacetone.cycle.
2026-05-08 09:55:37.180755 INFO::Fitting model to feature number 96, P221.PWY..octane.oxidation
2026-05-08 09:55:37.184882 INFO::Fitting model to feature number 97, P23.PWY..reductive.TCA.cycle.I
2026-05-08 09:55:37.188915 INFO::Fitting model to feature number 98, P4.PWY..superpathway.of.L.lysine..L.threonine.and.L.methionine.biosynthesis.I
2026-05-08 09:55:37.192929 INFO::Fitting model to feature number 99, P41.PWY..pyruvate.fermentation.to.acetate.and..S..lactate.I
2026-05-08 09:55:37.196912 INFO::Fitting model to feature number 100, P42.PWY..incomplete.reductive.TCA.cycle
2026-05-08 09:55:37.201153 INFO::Fitting model to feature number 101, P441.PWY..superpathway.of.N.acetylneuraminate.degradation
2026-05-08 09:55:37.217337 INFO::Fitting model to feature number 102, P461.PWY..hexitol.fermentation.to.lactate..formate..ethanol.and.acetate
2026-05-08 09:55:37.22171 INFO::Fitting model to feature number 103, P562.PWY..myo.inositol.degradation.I
2026-05-08 09:55:37.226048 INFO::Fitting model to feature number 104, P621.PWY..nylon.6.oligomer.degradation
2026-05-08 09:55:37.230167 INFO::Fitting model to feature number 105, PANTO.PWY..phosphopantothenate.biosynthesis.I
2026-05-08 09:55:37.234487 INFO::Fitting model to feature number 106, PANTOSYN.PWY..superpathway.of.coenzyme.A.biosynthesis.I..bacteria.
2026-05-08 09:55:37.238494 INFO::Fitting model to feature number 107, PENTOSE.P.PWY..pentose.phosphate.pathway
2026-05-08 09:55:37.242635 INFO::Fitting model to feature number 108, PEPTIDOGLYCANSYN.PWY..peptidoglycan.biosynthesis.I..meso.diaminopimelate.containing.
2026-05-08 09:55:37.246695 INFO::Fitting model to feature number 109, PHOSLIPSYN.PWY..superpathway.of.phospholipid.biosynthesis.I..bacteria.
2026-05-08 09:55:37.251394 INFO::Fitting model to feature number 110, POLYAMSYN.PWY..superpathway.of.polyamine.biosynthesis.I
2026-05-08 09:55:37.256515 INFO::Fitting model to feature number 111, POLYISOPRENSYN.PWY..polyisoprenoid.biosynthesis..E..coli.
2026-05-08 09:55:37.26115 INFO::Fitting model to feature number 112, PPGPPMET.PWY..ppGpp.metabolism
2026-05-08 09:55:37.26543 INFO::Fitting model to feature number 113, PROTOCATECHUATE.ORTHO.CLEAVAGE.PWY..protocatechuate.degradation.II..ortho.cleavage.pathway.
2026-05-08 09:55:37.269468 INFO::Fitting model to feature number 114, PRPP.PWY..superpathway.of.histidine..purine..and.pyrimidine.biosynthesis
2026-05-08 09:55:37.273399 INFO::Fitting model to feature number 115, PWY.1042..glycolysis.IV
2026-05-08 09:55:37.277443 INFO::Fitting model to feature number 116, PWY.1269..CMP.3.deoxy.D.manno.octulosonate.biosynthesis
2026-05-08 09:55:37.281424 INFO::Fitting model to feature number 117, PWY.1622..formaldehyde.assimilation.I..serine.pathway.
2026-05-08 09:55:37.285512 INFO::Fitting model to feature number 118, PWY.181..photorespiration
2026-05-08 09:55:37.289503 INFO::Fitting model to feature number 119, PWY.1861..formaldehyde.assimilation.II..assimilatory.RuMP.Cycle.
2026-05-08 09:55:37.317735 INFO::Fitting model to feature number 120, PWY.2221..Entner.Doudoroff.pathway.III..semi.phosphorylative.
2026-05-08 09:55:37.32237 INFO::Fitting model to feature number 121, PWY.241..C4.photosynthetic.carbon.assimilation.cycle..NADP.ME.type
2026-05-08 09:55:37.326553 INFO::Fitting model to feature number 122, PWY.2941..L.lysine.biosynthesis.II
2026-05-08 09:55:37.330537 INFO::Fitting model to feature number 123, PWY.2942..L.lysine.biosynthesis.III
2026-05-08 09:55:37.334503 INFO::Fitting model to feature number 124, PWY.3001..superpathway.of.L.isoleucine.biosynthesis.I
2026-05-08 09:55:37.338435 INFO::Fitting model to feature number 125, PWY.3801..sucrose.degradation.II..sucrose.synthase.
2026-05-08 09:55:37.342712 INFO::Fitting model to feature number 126, PWY.3841..folate.transformations.II..plants.
2026-05-08 09:55:37.347031 INFO::Fitting model to feature number 127, PWY.4041...gamma..glutamyl.cycle
2026-05-08 09:55:37.351226 INFO::Fitting model to feature number 128, PWY.4984..urea.cycle
2026-05-08 09:55:37.355266 INFO::Fitting model to feature number 129, PWY.5005..biotin.biosynthesis.II
2026-05-08 09:55:37.359425 INFO::Fitting model to feature number 130, PWY.5028..L.histidine.degradation.II
2026-05-08 09:55:37.364041 INFO::Fitting model to feature number 131, PWY.5030..L.histidine.degradation.III
2026-05-08 09:55:37.369149 INFO::Fitting model to feature number 132, PWY.5097..L.lysine.biosynthesis.VI
2026-05-08 09:55:37.372832 INFO::Fitting model to feature number 133, PWY.5100..pyruvate.fermentation.to.acetate.and.lactate.II
2026-05-08 09:55:37.376646 INFO::Fitting model to feature number 134, PWY.5103..L.isoleucine.biosynthesis.III
2026-05-08 09:55:37.380561 INFO::Fitting model to feature number 135, PWY.5121..superpathway.of.geranylgeranyl.diphosphate.biosynthesis.II..via.MEP.
2026-05-08 09:55:37.384722 INFO::Fitting model to feature number 136, PWY.5130..2.oxobutanoate.degradation.I
2026-05-08 09:55:37.388739 INFO::Fitting model to feature number 137, PWY.5136..fatty.acid..beta..oxidation.II..plant.peroxisome.
2026-05-08 09:55:37.393052 INFO::Fitting model to feature number 138, PWY.5138..fatty.acid..beta..oxidation.IV..unsaturated..even.number.
2026-05-08 09:55:37.397522 INFO::Fitting model to feature number 139, PWY.5154..L.arginine.biosynthesis.III..via.N.acetyl.L.citrulline.
2026-05-08 09:55:37.401622 INFO::Fitting model to feature number 140, PWY.5180..toluene.degradation.I..aerobic...via.o.cresol.
2026-05-08 09:55:37.405828 INFO::Fitting model to feature number 141, PWY.5188..tetrapyrrole.biosynthesis.I..from.glutamate.
2026-05-08 09:55:37.409726 INFO::Fitting model to feature number 142, PWY.5189..tetrapyrrole.biosynthesis.II..from.glycine.
2026-05-08 09:55:37.413654 INFO::Fitting model to feature number 143, PWY.5265..peptidoglycan.biosynthesis.II..staphylococci.
2026-05-08 09:55:37.417586 INFO::Fitting model to feature number 144, PWY.5345..superpathway.of.L.methionine.biosynthesis..by.sulfhydrylation.
2026-05-08 09:55:37.421586 INFO::Fitting model to feature number 145, PWY.5347..superpathway.of.L.methionine.biosynthesis..transsulfuration.
2026-05-08 09:55:37.425764 INFO::Fitting model to feature number 146, PWY.5367..petroselinate.biosynthesis
2026-05-08 09:55:37.429733 INFO::Fitting model to feature number 147, PWY.5384..sucrose.degradation.IV..sucrose.phosphorylase.
2026-05-08 09:55:37.445752 INFO::Fitting model to feature number 148, PWY.5392..reductive.TCA.cycle.II
2026-05-08 09:55:37.450361 INFO::Fitting model to feature number 149, PWY.5415..catechol.degradation.I..meta.cleavage.pathway.
2026-05-08 09:55:37.454717 INFO::Fitting model to feature number 150, PWY.5417..catechol.degradation.III..ortho.cleavage.pathway.
2026-05-08 09:55:37.458853 INFO::Fitting model to feature number 151, PWY.5431..aromatic.compounds.degradation.via..beta..ketoadipate
2026-05-08 09:55:37.463029 INFO::Fitting model to feature number 152, PWY.5484..glycolysis.II..from.fructose.6.phosphate.
2026-05-08 09:55:37.467019 INFO::Fitting model to feature number 153, PWY.5497..purine.nucleobases.degradation.II..anaerobic.
2026-05-08 09:55:37.471056 INFO::Fitting model to feature number 154, PWY.5505..L.glutamate.and.L.glutamine.biosynthesis
2026-05-08 09:55:37.474952 INFO::Fitting model to feature number 155, PWY.561..superpathway.of.glyoxylate.cycle.and.fatty.acid.degradation
2026-05-08 09:55:37.479184 INFO::Fitting model to feature number 156, PWY.5654..2.amino.3.carboxymuconate.semialdehyde.degradation.to.2.hydroxypentadienoate
2026-05-08 09:55:37.483783 INFO::Fitting model to feature number 157, PWY.5656..mannosylglycerate.biosynthesis.I
2026-05-08 09:55:37.488527 INFO::Fitting model to feature number 158, PWY.5659..GDP.mannose.biosynthesis
2026-05-08 09:55:37.492856 INFO::Fitting model to feature number 159, PWY.5667..CDP.diacylglycerol.biosynthesis.I
2026-05-08 09:55:37.496967 INFO::Fitting model to feature number 160, PWY.5675..nitrate.reduction.V..assimilatory.
2026-05-08 09:55:37.501378 INFO::Fitting model to feature number 161, PWY.5676..acetyl.CoA.fermentation.to.butanoate.II
2026-05-08 09:55:37.505431 INFO::Fitting model to feature number 162, PWY.5686..UMP.biosynthesis.I
2026-05-08 09:55:37.509454 INFO::Fitting model to feature number 163, PWY.5692..allantoin.degradation.to.glyoxylate.II
2026-05-08 09:55:37.513637 INFO::Fitting model to feature number 164, PWY.5695..inosine.5..phosphate.degradation
2026-05-08 09:55:37.517627 INFO::Fitting model to feature number 165, PWY.5705..allantoin.degradation.to.glyoxylate.III
2026-05-08 09:55:37.521811 INFO::Fitting model to feature number 166, PWY.5723..Rubisco.shunt
2026-05-08 09:55:37.525795 INFO::Fitting model to feature number 167, PWY.5747..2.methylcitrate.cycle.II
2026-05-08 09:55:37.529912 INFO::Fitting model to feature number 168, PWY.5837..2.carboxy.1.4.naphthoquinol.biosynthesis
2026-05-08 09:55:37.534209 INFO::Fitting model to feature number 169, PWY.5838..superpathway.of.menaquinol.8.biosynthesis.I
2026-05-08 09:55:37.53832 INFO::Fitting model to feature number 170, PWY.5840..superpathway.of.menaquinol.7.biosynthesis
2026-05-08 09:55:37.542501 INFO::Fitting model to feature number 171, PWY.5845..superpathway.of.menaquinol.9.biosynthesis
2026-05-08 09:55:37.546692 INFO::Fitting model to feature number 172, PWY.5850..superpathway.of.menaquinol.6.biosynthesis
2026-05-08 09:55:37.550773 INFO::Fitting model to feature number 173, PWY.5855..ubiquinol.7.biosynthesis..early.decarboxylation.
2026-05-08 09:55:37.554763 INFO::Fitting model to feature number 174, PWY.5860..superpathway.of.demethylmenaquinol.6.biosynthesis.I
2026-05-08 09:55:37.558749 INFO::Fitting model to feature number 175, PWY.5861..superpathway.of.demethylmenaquinol.8.biosynthesis.I
2026-05-08 09:55:37.562921 INFO::Fitting model to feature number 176, PWY.5862..superpathway.of.demethylmenaquinol.9.biosynthesis
2026-05-08 09:55:37.566841 INFO::Fitting model to feature number 177, PWY.5896..superpathway.of.menaquinol.10.biosynthesis
2026-05-08 09:55:37.57081 INFO::Fitting model to feature number 178, PWY.5897..superpathway.of.menaquinol.11.biosynthesis
2026-05-08 09:55:37.574778 INFO::Fitting model to feature number 179, PWY.5898..superpathway.of.menaquinol.12.biosynthesis
2026-05-08 09:55:37.578801 INFO::Fitting model to feature number 180, PWY.5899..superpathway.of.menaquinol.13.biosynthesis
2026-05-08 09:55:37.583175 INFO::Fitting model to feature number 181, PWY.5910..superpathway.of.geranylgeranyldiphosphate.biosynthesis.I..via.mevalonate.
2026-05-08 09:55:37.587336 INFO::Fitting model to feature number 182, PWY.5913..partial.TCA.cycle..obligate.autotrophs.
2026-05-08 09:55:37.591397 INFO::Fitting model to feature number 183, PWY.5918..superpathway.of.heme.b.biosynthesis.from.glutamate
2026-05-08 09:55:37.595523 INFO::Fitting model to feature number 184, PWY.5920..superpathway.of.heme.b.biosynthesis.from.glycine
2026-05-08 09:55:37.599616 INFO::Fitting model to feature number 185, PWY.5941..glycogen.degradation.II
2026-05-08 09:55:37.60382 INFO::Fitting model to feature number 186, PWY.5971..palmitate.biosynthesis..type.II.fatty.acid.synthase.
2026-05-08 09:55:37.607833 INFO::Fitting model to feature number 187, PWY.5972..stearate.biosynthesis.I..animals.
2026-05-08 09:55:37.61179 INFO::Fitting model to feature number 188, PWY.5973..cis.vaccenate.biosynthesis
2026-05-08 09:55:37.615731 INFO::Fitting model to feature number 189, PWY.5981..CDP.diacylglycerol.biosynthesis.III
2026-05-08 09:55:37.619636 INFO::Fitting model to feature number 190, PWY.5989..stearate.biosynthesis.II..bacteria.and.plants.
2026-05-08 09:55:37.623898 INFO::Fitting model to feature number 191, PWY.5994..palmitate.biosynthesis..type.I.fatty.acid.synthase.
2026-05-08 09:55:37.627933 INFO::Fitting model to feature number 192, PWY.6121..5.aminoimidazole.ribonucleotide.biosynthesis.I
2026-05-08 09:55:37.632224 INFO::Fitting model to feature number 193, PWY.6122..5.aminoimidazole.ribonucleotide.biosynthesis.II
2026-05-08 09:55:37.63636 INFO::Fitting model to feature number 194, PWY.6123..inosine.5..phosphate.biosynthesis.I
2026-05-08 09:55:37.640545 INFO::Fitting model to feature number 195, PWY.6124..inosine.5..phosphate.biosynthesis.II
2026-05-08 09:55:37.644761 INFO::Fitting model to feature number 196, PWY.6125..superpathway.of.guanosine.nucleotides.de.novo.biosynthesis.II
2026-05-08 09:55:37.648685 INFO::Fitting model to feature number 197, PWY.6126..superpathway.of.adenosine.nucleotides.de.novo.biosynthesis.II
2026-05-08 09:55:37.652598 INFO::Fitting model to feature number 198, PWY.6147..6.hydroxymethyl.dihydropterin.diphosphate.biosynthesis.I
2026-05-08 09:55:37.656535 INFO::Fitting model to feature number 199, PWY.6151..S.adenosyl.L.methionine.salvage.I
2026-05-08 09:55:37.660528 INFO::Fitting model to feature number 200, PWY.6163..chorismate.biosynthesis.from.3.dehydroquinate
2026-05-08 09:55:37.664581 INFO::Fitting model to feature number 201, PWY.6168..flavin.biosynthesis.III..fungi.
2026-05-08 09:55:37.668993 INFO::Fitting model to feature number 202, PWY.6182..superpathway.of.salicylate.degradation
2026-05-08 09:55:37.685285 INFO::Fitting model to feature number 203, PWY.6185..4.methylcatechol.degradation..ortho.cleavage.
2026-05-08 09:55:37.689913 INFO::Fitting model to feature number 204, PWY.6210..2.aminophenol.degradation
2026-05-08 09:55:37.69457 INFO::Fitting model to feature number 205, PWY.6215..4.chlorobenzoate.degradation
2026-05-08 09:55:37.698799 INFO::Fitting model to feature number 206, PWY.621..sucrose.degradation.III..sucrose.invertase.
2026-05-08 09:55:37.702874 INFO::Fitting model to feature number 207, PWY.622..starch.biosynthesis
2026-05-08 09:55:37.706949 INFO::Fitting model to feature number 208, PWY.6270..isoprene.biosynthesis.I
2026-05-08 09:55:37.71095 INFO::Fitting model to feature number 209, PWY.6277..superpathway.of.5.aminoimidazole.ribonucleotide.biosynthesis
2026-05-08 09:55:37.714994 INFO::Fitting model to feature number 210, PWY.6282..palmitoleate.biosynthesis.I..from..5Z..dodec.5.enoate.
2026-05-08 09:55:37.719888 INFO::Fitting model to feature number 211, PWY.6284..superpathway.of.unsaturated.fatty.acids.biosynthesis..E..coli.
2026-05-08 09:55:37.724581 INFO::Fitting model to feature number 212, PWY.6285..superpathway.of.fatty.acids.biosynthesis..E..coli.
2026-05-08 09:55:37.728818 INFO::Fitting model to feature number 213, PWY.6292..superpathway.of.L.cysteine.biosynthesis..mammalian.
2026-05-08 09:55:37.732937 INFO::Fitting model to feature number 214, PWY.6293..superpathway.of.L.cysteine.biosynthesis..fungi.
2026-05-08 09:55:37.737039 INFO::Fitting model to feature number 215, PWY.6305..superpathway.of.putrescine.biosynthesis
2026-05-08 09:55:37.74114 INFO::Fitting model to feature number 216, PWY.6317..D.galactose.degradation.I..Leloir.pathway.
2026-05-08 09:55:37.746224 INFO::Fitting model to feature number 217, PWY.6318..L.phenylalanine.degradation.IV..mammalian..via.side.chain.
2026-05-08 09:55:37.750279 INFO::Fitting model to feature number 218, PWY.6328..L.lysine.degradation.X
2026-05-08 09:55:37.754307 INFO::Fitting model to feature number 219, PWY.6353..purine.nucleotides.degradation.II..aerobic.
2026-05-08 09:55:37.758332 INFO::Fitting model to feature number 220, PWY.6385..peptidoglycan.biosynthesis.III..mycobacteria.
2026-05-08 09:55:37.763047 INFO::Fitting model to feature number 221, PWY.6386..UDP.N.acetylmuramoyl.pentapeptide.biosynthesis.II..lysine.containing.
2026-05-08 09:55:37.767231 INFO::Fitting model to feature number 222, PWY.6387..UDP.N.acetylmuramoyl.pentapeptide.biosynthesis.I..meso.diaminopimelate.containing.
2026-05-08 09:55:37.771156 INFO::Fitting model to feature number 223, PWY.6396..superpathway.of.2.3.butanediol.biosynthesis
2026-05-08 09:55:37.775008 INFO::Fitting model to feature number 224, PWY.6435..4.hydroxybenzoate.biosynthesis.III..plants.
2026-05-08 09:55:37.779051 INFO::Fitting model to feature number 225, PWY.6507..4.deoxy.L.threo.hex.4.enopyranuronate.degradation
2026-05-08 09:55:37.783218 INFO::Fitting model to feature number 226, PWY.6519..8.amino.7.oxononanoate.biosynthesis.I
2026-05-08 09:55:37.78716 INFO::Fitting model to feature number 227, PWY.6527..stachyose.degradation
2026-05-08 09:55:37.791088 INFO::Fitting model to feature number 228, PWY.6531..mannitol.cycle
2026-05-08 09:55:37.795169 INFO::Fitting model to feature number 229, PWY.6545..pyrimidine.deoxyribonucleotides.de.novo.biosynthesis.III
2026-05-08 09:55:37.799247 INFO::Fitting model to feature number 230, PWY.6549..L.glutamine.biosynthesis.III
2026-05-08 09:55:37.803675 INFO::Fitting model to feature number 231, PWY.6588..pyruvate.fermentation.to.acetone
2026-05-08 09:55:37.80789 INFO::Fitting model to feature number 232, PWY.6590..superpathway.of.Clostridium.acetobutylicum.acidogenic.fermentation
2026-05-08 09:55:37.812404 INFO::Fitting model to feature number 233, PWY.6595..superpathway.of.guanosine.nucleotides.degradation..plants.
2026-05-08 09:55:37.816565 INFO::Fitting model to feature number 234, PWY.6606..guanosine.nucleotides.degradation.II
2026-05-08 09:55:37.820631 INFO::Fitting model to feature number 235, PWY.6607..guanosine.nucleotides.degradation.I
2026-05-08 09:55:37.824947 INFO::Fitting model to feature number 236, PWY.6608..guanosine.nucleotides.degradation.III
2026-05-08 09:55:37.829008 INFO::Fitting model to feature number 237, PWY.6609..adenine.and.adenosine.salvage.III
2026-05-08 09:55:37.832721 INFO::Fitting model to feature number 238, PWY.6612..superpathway.of.tetrahydrofolate.biosynthesis
2026-05-08 09:55:37.836515 INFO::Fitting model to feature number 239, PWY.6628..superpathway.of.L.phenylalanine.biosynthesis
2026-05-08 09:55:37.840412 INFO::Fitting model to feature number 240, PWY.6629..superpathway.of.L.tryptophan.biosynthesis
2026-05-08 09:55:37.844655 INFO::Fitting model to feature number 241, PWY.6630..superpathway.of.L.tyrosine.biosynthesis
2026-05-08 09:55:37.848996 INFO::Fitting model to feature number 242, PWY.6690..cinnamate.and.3.hydroxycinnamate.degradation.to.2.hydroxypentadienoate
2026-05-08 09:55:37.853229 INFO::Fitting model to feature number 243, PWY.6700..queuosine.biosynthesis.I..de.novo.
2026-05-08 09:55:37.857557 INFO::Fitting model to feature number 244, PWY.6703..preQ0.biosynthesis
2026-05-08 09:55:37.861772 INFO::Fitting model to feature number 245, PWY.6708..ubiquinol.8.biosynthesis..early.decarboxylation.
2026-05-08 09:55:37.866134 INFO::Fitting model to feature number 246, PWY.6731..starch.degradation.III
2026-05-08 09:55:37.870435 INFO::Fitting model to feature number 247, PWY.6749..CMP.legionaminate.biosynthesis.I
2026-05-08 09:55:37.874463 INFO::Fitting model to feature number 248, PWY.6803..phosphatidylcholine.acyl.editing
2026-05-08 09:55:37.878464 INFO::Fitting model to feature number 249, PWY.6823..molybdopterin.biosynthesis
2026-05-08 09:55:37.882522 INFO::Fitting model to feature number 250, PWY.6859..all.trans.farnesol.biosynthesis
2026-05-08 09:55:37.886754 INFO::Fitting model to feature number 251, PWY.6892..thiazole.component.of.thiamine.diphosphate.biosynthesis.I
2026-05-08 09:55:37.890908 INFO::Fitting model to feature number 252, PWY.6895..superpathway.of.thiamine.diphosphate.biosynthesis.II
2026-05-08 09:55:37.895033 INFO::Fitting model to feature number 253, PWY.6897..thiamine.diphosphate.salvage.II
2026-05-08 09:55:37.907194 INFO::Fitting model to feature number 254, PWY.6901..superpathway.of.glucose.and.xylose.degradation
2026-05-08 09:55:38.290574 INFO::Fitting model to feature number 255, PWY.6902..chitin.degradation.II..Vibrio.
2026-05-08 09:55:38.2955 INFO::Fitting model to feature number 256, PWY.6922..L.N.delta..acetylornithine.biosynthesis
2026-05-08 09:55:38.299308 INFO::Fitting model to feature number 257, PWY.6936..seleno.amino.acid.biosynthesis..plants.
2026-05-08 09:55:38.30559 INFO::Fitting model to feature number 258, PWY.6961..L.ascorbate.degradation.II..bacterial..aerobic.
2026-05-08 09:55:38.312497 INFO::Fitting model to feature number 259, PWY.6969..TCA.cycle.V..2.oxoglutarate.synthase.
2026-05-08 09:55:38.31846 INFO::Fitting model to feature number 260, PWY.6992..1.5.anhydrofructose.degradation
2026-05-08 09:55:38.322217 INFO::Fitting model to feature number 261, PWY.7013...S..propane.1.2.diol.degradation
2026-05-08 09:55:38.325828 INFO::Fitting model to feature number 262, PWY.702..L.methionine.biosynthesis.II
2026-05-08 09:55:38.329522 INFO::Fitting model to feature number 263, PWY.7039..phosphatidate.metabolism..as.a.signaling.molecule
2026-05-08 09:55:38.333192 INFO::Fitting model to feature number 264, PWY.7094..fatty.acid.salvage
2026-05-08 09:55:38.33685 INFO::Fitting model to feature number 265, PWY.7111..pyruvate.fermentation.to.isobutanol..engineered.
2026-05-08 09:55:38.340651 INFO::Fitting model to feature number 266, PWY.7115..C4.photosynthetic.carbon.assimilation.cycle..NAD.ME.type
2026-05-08 09:55:38.344783 INFO::Fitting model to feature number 267, PWY.7117..C4.photosynthetic.carbon.assimilation.cycle..PEPCK.type
2026-05-08 09:55:38.348597 INFO::Fitting model to feature number 268, PWY.7118..chitin.deacetylation
2026-05-08 09:55:38.352357 INFO::Fitting model to feature number 269, PWY.7165..L.ascorbate.biosynthesis.VIII..engineered.pathway.
2026-05-08 09:55:38.356507 INFO::Fitting model to feature number 270, PWY.7184..pyrimidine.deoxyribonucleotides.de.novo.biosynthesis.I
2026-05-08 09:55:38.360367 INFO::Fitting model to feature number 271, PWY.7185..UTP.and.CTP.dephosphorylation.I
2026-05-08 09:55:38.365046 INFO::Fitting model to feature number 272, PWY.7187..pyrimidine.deoxyribonucleotides.de.novo.biosynthesis.II
2026-05-08 09:55:38.369171 INFO::Fitting model to feature number 273, PWY.7196..superpathway.of.pyrimidine.ribonucleosides.salvage
2026-05-08 09:55:38.372819 INFO::Fitting model to feature number 274, PWY.7197..pyrimidine.deoxyribonucleotide.phosphorylation
2026-05-08 09:55:38.376412 INFO::Fitting model to feature number 275, PWY.7198..pyrimidine.deoxyribonucleotides.de.novo.biosynthesis.IV
2026-05-08 09:55:38.380343 INFO::Fitting model to feature number 276, PWY.7199..pyrimidine.deoxyribonucleosides.salvage
2026-05-08 09:55:38.383943 INFO::Fitting model to feature number 277, PWY.7200..superpathway.of.pyrimidine.deoxyribonucleoside.salvage
2026-05-08 09:55:38.387847 INFO::Fitting model to feature number 278, PWY.7204..pyridoxal.5..phosphate.salvage.II..plants.
2026-05-08 09:55:38.391783 INFO::Fitting model to feature number 279, PWY.7208..superpathway.of.pyrimidine.nucleobases.salvage
2026-05-08 09:55:38.395903 INFO::Fitting model to feature number 280, PWY.7209..superpathway.of.pyrimidine.ribonucleosides.degradation
2026-05-08 09:55:38.399784 INFO::Fitting model to feature number 281, PWY.7210..pyrimidine.deoxyribonucleotides.biosynthesis.from.CTP
2026-05-08 09:55:38.403405 INFO::Fitting model to feature number 282, PWY.7211..superpathway.of.pyrimidine.deoxyribonucleotides.de.novo.biosynthesis
2026-05-08 09:55:38.407013 INFO::Fitting model to feature number 283, PWY.7220..adenosine.deoxyribonucleotides.de.novo.biosynthesis.II
2026-05-08 09:55:38.410789 INFO::Fitting model to feature number 284, PWY.7221..guanosine.ribonucleotides.de.novo.biosynthesis
2026-05-08 09:55:38.414376 INFO::Fitting model to feature number 285, PWY.7222..guanosine.deoxyribonucleotides.de.novo.biosynthesis.II
2026-05-08 09:55:38.4183 INFO::Fitting model to feature number 286, PWY.7228..superpathway.of.guanosine.nucleotides.de.novo.biosynthesis.I
2026-05-08 09:55:38.421937 INFO::Fitting model to feature number 287, PWY.7229..superpathway.of.adenosine.nucleotides.de.novo.biosynthesis.I
2026-05-08 09:55:38.425583 INFO::Fitting model to feature number 288, PWY.7234..inosine.5..phosphate.biosynthesis.III
2026-05-08 09:55:38.429329 INFO::Fitting model to feature number 289, PWY.7237..myo...chiro..and.scyllo.inositol.degradation
2026-05-08 09:55:38.434223 INFO::Fitting model to feature number 290, PWY.7238..sucrose.biosynthesis.II
2026-05-08 09:55:38.438089 INFO::Fitting model to feature number 291, PWY.7242..D.fructuronate.degradation
2026-05-08 09:55:38.441756 INFO::Fitting model to feature number 292, PWY.7245..superpathway.of.NAD.NADP...NADH.NADPH.interconversion..yeast.
2026-05-08 09:55:38.445505 INFO::Fitting model to feature number 293, PWY.724..superpathway.of.L.lysine..L.threonine.and.L.methionine.biosynthesis.II
2026-05-08 09:55:38.449226 INFO::Fitting model to feature number 294, PWY.7254..TCA.cycle.VII..acetate.producers.
2026-05-08 09:55:38.468502 INFO::Fitting model to feature number 295, PWY.7268..cytosolic.NADPH.production..yeast.
2026-05-08 09:55:38.473987 INFO::Fitting model to feature number 296, PWY.7269..mitochondrial.NADPH.production..yeast.
2026-05-08 09:55:38.478849 INFO::Fitting model to feature number 297, PWY.7282..4.amino.2.methyl.5.diphosphomethylpyrimidine.biosynthesis.II
2026-05-08 09:55:38.48348 INFO::Fitting model to feature number 298, PWY.7294..D.xylose.degradation.IV
2026-05-08 09:55:38.487571 INFO::Fitting model to feature number 299, PWY.7315..dTDP.N.acetylthomosamine.biosynthesis
2026-05-08 09:55:38.491561 INFO::Fitting model to feature number 300, PWY.7323..superpathway.of.GDP.mannose.derived.O.antigen.building.blocks.biosynthesis
2026-05-08 09:55:38.495668 INFO::Fitting model to feature number 301, PWY.7328..superpathway.of.UDP.glucose.derived.O.antigen.building.blocks.biosynthesis
2026-05-08 09:55:38.49979 INFO::Fitting model to feature number 302, PWY.7340..9.cis..11.trans.octadecadienoyl.CoA.degradation..isomerase.dependent..yeast.
2026-05-08 09:55:38.503768 INFO::Fitting model to feature number 303, PWY.7345..superpathway.of.anaerobic.sucrose.degradation
2026-05-08 09:55:38.507711 INFO::Fitting model to feature number 304, PWY.7356..thiamine.diphosphate.salvage.IV..yeast.
2026-05-08 09:55:38.511662 INFO::Fitting model to feature number 305, PWY.7357..thiamine.phosphate.formation.from.pyrithiamine.and.oxythiamine..yeast.
2026-05-08 09:55:38.516477 INFO::Fitting model to feature number 306, PWY.7383..anaerobic.energy.metabolism..invertebrates..cytosol.
2026-05-08 09:55:38.520684 INFO::Fitting model to feature number 307, PWY.7385..1.3.propanediol.biosynthesis..engineered.
2026-05-08 09:55:38.524897 INFO::Fitting model to feature number 308, PWY.7388..octanoyl..acyl.carrier.protein..biosynthesis..mitochondria..yeast.
2026-05-08 09:55:38.529083 INFO::Fitting model to feature number 309, PWY.7391..isoprene.biosynthesis.II..engineered.
2026-05-08 09:55:38.533092 INFO::Fitting model to feature number 310, PWY.7392..taxadiene.biosynthesis..engineered.
2026-05-08 09:55:38.537195 INFO::Fitting model to feature number 311, PWY.7396..butanol.and.isobutanol.biosynthesis..engineered.
2026-05-08 09:55:38.542196 INFO::Fitting model to feature number 312, PWY.7400..L.arginine.biosynthesis.IV..archaebacteria.
2026-05-08 09:55:38.546252 INFO::Fitting model to feature number 313, PWY.7409..phospholipid.remodeling..phosphatidylethanolamine..yeast.
2026-05-08 09:55:38.550333 INFO::Fitting model to feature number 314, PWY.7434..terminal.O.glycans.residues.modification..via.type.2.precursor.disaccharide.
2026-05-08 09:55:38.554353 INFO::Fitting model to feature number 315, PWY.7446..sulfoquinovose.degradation.I
2026-05-08 09:55:38.558604 INFO::Fitting model to feature number 316, PWY.7456...beta...1.4..mannan.degradation
2026-05-08 09:55:38.562992 INFO::Fitting model to feature number 317, PWY.7560..methylerythritol.phosphate.pathway.II
2026-05-08 09:55:38.567029 INFO::Fitting model to feature number 318, PWY.7616..methanol.oxidation.to.carbon.dioxide
2026-05-08 09:55:38.571036 INFO::Fitting model to feature number 319, PWY.7663..gondoate.biosynthesis..anaerobic.
2026-05-08 09:55:38.574958 INFO::Fitting model to feature number 320, PWY.7664..oleate.biosynthesis.IV..anaerobic.
2026-05-08 09:55:38.579225 INFO::Fitting model to feature number 321, PWY.7723..bacterial.bioluminescence
2026-05-08 09:55:38.583196 INFO::Fitting model to feature number 322, PWY.7761..NAD.salvage.pathway.II..PNC.IV.cycle.
2026-05-08 09:55:38.587141 INFO::Fitting model to feature number 323, PWY.7783..plasmalogen.degradation
2026-05-08 09:55:38.591139 INFO::Fitting model to feature number 324, PWY.7790..UMP.biosynthesis.II
2026-05-08 09:55:38.595884 INFO::Fitting model to feature number 325, PWY.7791..UMP.biosynthesis.III
2026-05-08 09:55:38.611076 INFO::Fitting model to feature number 326, PWY.7805...aminomethyl.phosphonate.degradation
2026-05-08 09:55:38.61547 INFO::Fitting model to feature number 327, PWY.7807..glyphosate.degradation.III
2026-05-08 09:55:38.620183 INFO::Fitting model to feature number 328, PWY.7851..coenzyme.A.biosynthesis.II..eukaryotic.
2026-05-08 09:55:38.624352 INFO::Fitting model to feature number 329, PWY.7858...5Z..dodecenoate.biosynthesis.II
2026-05-08 09:55:38.628307 INFO::Fitting model to feature number 330, PWY.7873..D.erythronate.degradation.II
2026-05-08 09:55:38.632454 INFO::Fitting model to feature number 331, PWY.7874..L.threonate.degradation
2026-05-08 09:55:38.636397 INFO::Fitting model to feature number 332, PWY.7883..anhydromuropeptides.recycling.II
2026-05-08 09:55:38.640556 INFO::Fitting model to feature number 333, PWY.7942..5.oxo.L.proline.metabolism
2026-05-08 09:55:38.644434 INFO::Fitting model to feature number 334, PWY.7953..UDP.N.acetylmuramoyl.pentapeptide.biosynthesis.III..meso.diaminopimelate.containing.
2026-05-08 09:55:38.649217 INFO::Fitting model to feature number 335, PWY.7977..L.methionine.biosynthesis.IV
2026-05-08 09:55:38.654393 INFO::Fitting model to feature number 336, PWY.8004..Entner.Doudoroff.pathway.I
2026-05-08 09:55:38.658931 INFO::Fitting model to feature number 337, PWY.8011..L.serine.biosynthesis.II
2026-05-08 09:55:38.663215 INFO::Fitting model to feature number 338, PWY.801..homocysteine.and.cysteine.interconversion
2026-05-08 09:55:38.667254 INFO::Fitting model to feature number 339, PWY.8073..lipid.IVA.biosynthesis..P..putida.
2026-05-08 09:55:38.671294 INFO::Fitting model to feature number 340, PWY.8131..5..deoxyadenosine.degradation.II
2026-05-08 09:55:38.675557 INFO::Fitting model to feature number 341, PWY.8178..pentose.phosphate.pathway..non.oxidative.branch..II
2026-05-08 09:55:38.679481 INFO::Fitting model to feature number 342, PWY.8187..L.arginine.degradation.XIII..reductive.Stickland.reaction.
2026-05-08 09:55:38.683383 INFO::Fitting model to feature number 343, PWY.821..superpathway.of.sulfur.amino.acid.biosynthesis..Saccharomyces.cerevisiae.
2026-05-08 09:55:38.687377 INFO::Fitting model to feature number 344, PWY.822..fructan.biosynthesis
2026-05-08 09:55:38.69136 INFO::Fitting model to feature number 345, PWY.841..superpathway.of.purine.nucleotides.de.novo.biosynthesis.I
2026-05-08 09:55:38.695493 INFO::Fitting model to feature number 346, PWY.922..mevalonate.pathway.I..eukaryotes.and.bacteria.
2026-05-08 09:55:38.699448 INFO::Fitting model to feature number 347, PWY.I9..L.cysteine.biosynthesis.VI..from.L.methionine.
2026-05-08 09:55:38.703929 INFO::Fitting model to feature number 348, PWY0.1061..superpathway.of.L.alanine.biosynthesis
2026-05-08 09:55:38.708027 INFO::Fitting model to feature number 349, PWY0.1221..putrescine.degradation.II
2026-05-08 09:55:38.71209 INFO::Fitting model to feature number 350, PWY0.1241..ADP.L.glycero..beta..D.manno.heptose.biosynthesis
2026-05-08 09:55:38.716424 INFO::Fitting model to feature number 351, PWY0.1261..anhydromuropeptides.recycling.I
2026-05-08 09:55:38.720401 INFO::Fitting model to feature number 352, PWY0.1277..3.phenylpropanoate.and.3..3.hydroxyphenyl.propanoate.degradation
2026-05-08 09:55:38.72435 INFO::Fitting model to feature number 353, PWY0.1296..purine.ribonucleosides.degradation
2026-05-08 09:55:38.728239 INFO::Fitting model to feature number 354, PWY0.1297..superpathway.of.purine.deoxyribonucleosides.degradation
2026-05-08 09:55:38.732403 INFO::Fitting model to feature number 355, PWY0.1298..superpathway.of.pyrimidine.deoxyribonucleosides.degradation
2026-05-08 09:55:38.736549 INFO::Fitting model to feature number 356, PWY0.1319..CDP.diacylglycerol.biosynthesis.II
2026-05-08 09:55:38.740557 INFO::Fitting model to feature number 357, PWY0.1337..oleate..beta..oxidation
2026-05-08 09:55:38.744594 INFO::Fitting model to feature number 358, PWY0.1338..polymyxin.resistance
2026-05-08 09:55:38.748945 INFO::Fitting model to feature number 359, PWY0.1415..superpathway.of.heme.b.biosynthesis.from.uroporphyrinogen.III
2026-05-08 09:55:38.753487 INFO::Fitting model to feature number 360, PWY0.1477..ethanolamine.utilization
2026-05-08 09:55:38.757781 INFO::Fitting model to feature number 361, PWY0.1479..tRNA.processing
2026-05-08 09:55:38.761928 INFO::Fitting model to feature number 362, PWY0.1533..methylphosphonate.degradation.I
2026-05-08 09:55:38.766125 INFO::Fitting model to feature number 363, PWY0.1586..peptidoglycan.maturation..meso.diaminopimelate.containing.
2026-05-08 09:55:38.77012 INFO::Fitting model to feature number 364, PWY0.162..superpathway.of.pyrimidine.ribonucleotides.de.novo.biosynthesis
2026-05-08 09:55:38.774107 INFO::Fitting model to feature number 365, PWY0.166..superpathway.of.pyrimidine.deoxyribonucleotides.de.novo.biosynthesis..E..coli.
2026-05-08 09:55:38.778321 INFO::Fitting model to feature number 366, PWY0.301..L.ascorbate.degradation.I..bacterial..anaerobic.
2026-05-08 09:55:38.782249 INFO::Fitting model to feature number 367, PWY0.41..allantoin.degradation.IV..anaerobic.
2026-05-08 09:55:38.786201 INFO::Fitting model to feature number 368, PWY0.42..2.methylcitrate.cycle.I
2026-05-08 09:55:38.790223 INFO::Fitting model to feature number 369, PWY0.461..L.lysine.degradation.I
2026-05-08 09:55:38.79427 INFO::Fitting model to feature number 370, PWY0.781..aspartate.superpathway
2026-05-08 09:55:38.79855 INFO::Fitting model to feature number 371, PWY0.845..superpathway.of.pyridoxal.5..phosphate.biosynthesis.and.salvage
2026-05-08 09:55:38.802861 INFO::Fitting model to feature number 372, PWY0.862...5Z..dodecenoate.biosynthesis.I
2026-05-08 09:55:38.806922 INFO::Fitting model to feature number 373, PWY0.881..superpathway.of.fatty.acid.biosynthesis.I..E..coli.
2026-05-08 09:55:38.811003 INFO::Fitting model to feature number 374, PWY1G.0..mycothiol.biosynthesis
2026-05-08 09:55:38.815072 INFO::Fitting model to feature number 375, PWY1ZNC.1..assimilatory.sulfate.reduction.IV
2026-05-08 09:55:38.81924 INFO::Fitting model to feature number 376, PWY3O.4107..NAD.salvage.pathway.V..PNC.V.cycle.
2026-05-08 09:55:38.823204 INFO::Fitting model to feature number 377, PWY4FS.7..phosphatidylglycerol.biosynthesis.I..plastidic.
2026-05-08 09:55:38.827236 INFO::Fitting model to feature number 378, PWY4FS.8..phosphatidylglycerol.biosynthesis.II..non.plastidic.
2026-05-08 09:55:38.831339 INFO::Fitting model to feature number 379, PWY4LZ.257..superpathway.of.fermentation..Chlamydomonas.reinhardtii.
2026-05-08 09:55:38.835327 INFO::Fitting model to feature number 380, PWY5F9.12..biphenyl.degradation
2026-05-08 09:55:38.839484 INFO::Fitting model to feature number 381, PWY66.389..phytol.degradation
2026-05-08 09:55:38.843472 INFO::Fitting model to feature number 382, PWY66.391..fatty.acid..beta..oxidation.VI..mammalian.peroxisome.
2026-05-08 09:55:38.848832 INFO::Fitting model to feature number 383, PWY66.399..gluconeogenesis.III
2026-05-08 09:55:38.862031 INFO::Fitting model to feature number 384, PWY66.409..superpathway.of.purine.nucleotide.salvage
2026-05-08 09:55:38.867004 INFO::Fitting model to feature number 385, PWY66.429..fatty.acid.biosynthesis.initiation..mitochondria.
2026-05-08 09:55:38.87142 INFO::Fitting model to feature number 386, PWY66.430..myristate.biosynthesis..mitochondria.
2026-05-08 09:55:38.875562 INFO::Fitting model to feature number 387, PYRIDNUCSAL.PWY..NAD.salvage.pathway.I..PNC.VI.cycle.
2026-05-08 09:55:38.87968 INFO::Fitting model to feature number 388, PYRIDNUCSYN.PWY..NAD.de.novo.biosynthesis.I..from.aspartate.
2026-05-08 09:55:38.883767 INFO::Fitting model to feature number 389, PYRIDOXSYN.PWY..pyridoxal.5..phosphate.biosynthesis.I
2026-05-08 09:55:38.887884 INFO::Fitting model to feature number 390, REDCITCYC..TCA.cycle.VI..Helicobacter.
2026-05-08 09:55:38.892277 INFO::Fitting model to feature number 391, RHAMCAT.PWY..L.rhamnose.degradation.I
2026-05-08 09:55:38.896923 INFO::Fitting model to feature number 392, RIBOSYN2.PWY..flavin.biosynthesis.I..bacteria.and.plants.
2026-05-08 09:55:38.901454 INFO::Fitting model to feature number 393, RUMP.PWY..formaldehyde.oxidation.I
2026-05-08 09:55:38.9063 INFO::Fitting model to feature number 394, SALVADEHYPOX.PWY..adenosine.nucleotides.degradation.II
2026-05-08 09:55:38.911103 INFO::Fitting model to feature number 395, SER.GLYSYN.PWY..superpathway.of.L.serine.and.glycine.biosynthesis.I
2026-05-08 09:55:38.915496 INFO::Fitting model to feature number 396, SO4ASSIM.PWY..assimilatory.sulfate.reduction.I
2026-05-08 09:55:38.919558 INFO::Fitting model to feature number 397, SULFATE.CYS.PWY..superpathway.of.sulfate.assimilation.and.cysteine.biosynthesis
2026-05-08 09:55:38.923606 INFO::Fitting model to feature number 398, TCA.GLYOX.BYPASS..superpathway.of.glyoxylate.bypass.and.TCA
2026-05-08 09:55:38.927734 INFO::Fitting model to feature number 399, TCA..TCA.cycle.I..prokaryotic.
2026-05-08 09:55:38.931801 INFO::Fitting model to feature number 400, THISYN.PWY..superpathway.of.thiamine.diphosphate.biosynthesis.I
2026-05-08 09:55:38.936021 INFO::Fitting model to feature number 401, THISYNARA.PWY..superpathway.of.thiamine.diphosphate.biosynthesis.III..eukaryotes.
2026-05-08 09:55:38.940122 INFO::Fitting model to feature number 402, THREOCAT.PWY..superpathway.of.L.threonine.metabolism
2026-05-08 09:55:38.944246 INFO::Fitting model to feature number 403, THRESYN.PWY..superpathway.of.L.threonine.biosynthesis
2026-05-08 09:55:38.948353 INFO::Fitting model to feature number 404, TRNA.CHARGING.PWY..tRNA.charging
2026-05-08 09:55:38.952798 INFO::Fitting model to feature number 405, TRPSYN.PWY..L.tryptophan.biosynthesis
2026-05-08 09:55:38.957267 INFO::Fitting model to feature number 406, UBISYN.PWY..superpathway.of.ubiquinol.8.biosynthesis..early.decarboxylation.
2026-05-08 09:55:38.961481 INFO::Fitting model to feature number 407, UDPNACETYLGALSYN.PWY..UDP.N.acetyl.D.glucosamine.biosynthesis.II
2026-05-08 09:55:38.964158 WARNING::Fitting problem for feature 407 returning NA
2026-05-08 09:55:38.966391 INFO::Fitting model to feature number 408, UDPNAGSYN.PWY..UDP.N.acetyl.D.glucosamine.biosynthesis.I
2026-05-08 09:55:38.970493 INFO::Fitting model to feature number 409, URDEGR.PWY..superpathway.of.allantoin.degradation.in.plants
2026-05-08 09:55:38.974577 INFO::Fitting model to feature number 410, URSIN.PWY..ureide.biosynthesis
2026-05-08 09:55:38.978843 INFO::Fitting model to feature number 411, VALSYN.PWY..L.valine.biosynthesis
2026-05-08 09:55:39.088053 WARNING::Deleting existing model objects file: MAASLIN_PATHWAY_TERMNESS/fits/models_linear.rds
2026-05-08 09:55:39.08982 INFO::Writing model objects to file MAASLIN_PATHWAY_TERMNESS/fits/models_linear.rds
2026-05-08 09:55:39.787263 WARNING::Deleting existing residuals file: MAASLIN_PATHWAY_TERMNESS/fits/residuals_linear.rds
2026-05-08 09:55:39.789365 INFO::Writing residuals to file MAASLIN_PATHWAY_TERMNESS/fits/residuals_linear.rds
2026-05-08 09:55:39.800649 WARNING::Deleting existing fitted file: MAASLIN_PATHWAY_TERMNESS/fits/fitted_linear.rds
2026-05-08 09:55:39.80286 INFO::Writing fitted values to file MAASLIN_PATHWAY_TERMNESS/fits/fitted_linear.rds
2026-05-08 09:55:39.815596 WARNING::Deleting existing model objects file: MAASLIN_PATHWAY_TERMNESS/fits/models_logistic.rds
2026-05-08 09:55:39.818247 INFO::Writing model objects to file MAASLIN_PATHWAY_TERMNESS/fits/models_logistic.rds
2026-05-08 09:55:44.461106 WARNING::Deleting existing residuals file: MAASLIN_PATHWAY_TERMNESS/fits/residuals_logistic.rds
2026-05-08 09:55:44.463684 INFO::Writing residuals to file MAASLIN_PATHWAY_TERMNESS/fits/residuals_logistic.rds
2026-05-08 09:55:44.491683 WARNING::Deleting existing fitted file: MAASLIN_PATHWAY_TERMNESS/fits/fitted_logistic.rds
2026-05-08 09:55:44.494314 INFO::Writing fitted values to file MAASLIN_PATHWAY_TERMNESS/fits/fitted_logistic.rds
2026-05-08 09:55:44.520328 INFO::Writing all the results to file (ordered 
            by increasing individual q-values): MAASLIN_PATHWAY_TERMNESS/all_results.tsv
2026-05-08 09:55:44.564817 INFO::Writing the significant results without errors (those which have joint q-values less than or equal to the threshold of 0.100000 ) to file (ordered by increasing individual q-values): MAASLIN_PATHWAY_TERMNESS/significant_results.tsv
2026-05-08 09:55:44.571185 INFO::Writing summary plot of significant
                        results to file: MAASLIN_PATHWAY_TERMNESS/figures/summary_plot.pdf
2026-05-08 09:55:45.460833 INFO::Writing association plots (one for each significant association) to output folder: MAASLIN_PATHWAY_TERMNESS/figures
2026-05-08 09:55:45.462478 INFO::Plotting associations from most to least significant, grouped by metadata
2026-05-08 09:55:45.4657 INFO::Creating tile plot for categorical data (logistic), Termness vs PWY.822..fructan.biosynthesis
2026-05-08 09:55:45.518407 INFO::Creating box plot for categorical data (linear), 
                        Termness vs PWY.6124..inosine.5..phosphate.biosynthesis.II
2026-05-08 09:55:45.566778 INFO::Creating box plot for categorical data (linear), 
                        Termness vs PWY.3841..folate.transformations.II..plants.
2026-05-08 09:55:45.610501 INFO::Creating box plot for categorical data (linear), 
                        Termness vs DTDPRHAMSYN.PWY..dTDP..beta..L.rhamnose.biosynthesis
2026-05-08 09:55:45.650058 INFO::Creating box plot for categorical data (linear), 
                        Termness vs PWY.241..C4.photosynthetic.carbon.assimilation.cycle..NADP.ME.type
2026-05-08 09:55:45.689485 INFO::Creating tile plot for categorical data (logistic), Termness vs PWY.5130..2.oxobutanoate.degradation.I
2026-05-08 09:55:45.734021 INFO::Creating box plot for categorical data (linear), 
                        Termness vs HOMOSER.METSYN.PWY..L.methionine.biosynthesis.I
2026-05-08 09:55:45.772735 INFO::Creating tile plot for categorical data (logistic), Termness vs PWY.2942..L.lysine.biosynthesis.III
2026-05-08 09:55:45.835422 INFO::Creating box plot for categorical data (linear), 
                        Termness vs FASYN.INITIAL.PWY..superpathway.of.fatty.acid.biosynthesis.initiation..E..coli.
2026-05-08 09:55:45.873221 INFO::Creating box plot for categorical data (linear), 
                        Termness vs PWY.7269..mitochondrial.NADPH.production..yeast.
2026-05-08 09:55:45.91998 INFO::Creating box plot for categorical data (linear), 
                        Termness vs METSYN.PWY..superpathway.of.L.homoserine.and.L.methionine.biosynthesis
2026-05-08 09:55:45.958765 INFO::Creating box plot for categorical data (linear), 
                        Termness vs NONMEVIPP.PWY..methylerythritol.phosphate.pathway.I
2026-05-08 09:55:46.017006 INFO::Creating box plot for categorical data (linear), 
                        Termness vs PWY.2941..L.lysine.biosynthesis.II
2026-05-08 09:55:46.055428 INFO::Creating box plot for categorical data (linear), 
                        Termness vs PWY.6121..5.aminoimidazole.ribonucleotide.biosynthesis.I
2026-05-08 09:55:46.093523 INFO::Creating box plot for categorical data (linear), 
                        Termness vs COA.PWY..coenzyme.A.biosynthesis.I..prokaryotic.
2026-05-08 09:55:46.131739 INFO::Creating box plot for categorical data (linear), 
                        Termness vs COA.PWY.1..superpathway.of.coenzyme.A.biosynthesis.III..mammals.
2026-05-08 09:55:46.170189 INFO::Creating scatter plot for continuous 
                        data (linear), Read_depth vs MET.SAM.PWY..superpathway.of.S.adenosyl.L.methionine.biosynthesis
2026-05-08 09:55:46.206748 INFO::Creating box plot for categorical data (linear), 
                        Termness vs MET.SAM.PWY..superpathway.of.S.adenosyl.L.methionine.biosynthesis
2026-05-08 09:55:46.262881 INFO::Creating box plot for categorical data (linear), 
                        Termness vs OANTIGEN.PWY..O.antigen.building.blocks.biosynthesis..E..coli.
2026-05-08 09:55:46.303914 INFO::Creating box plot for categorical data (linear), 
                        Termness vs PWY.5347..superpathway.of.L.methionine.biosynthesis..transsulfuration.
2026-05-08 09:55:46.343834 INFO::Creating box plot for categorical data (linear), 
                        Termness vs PWY.6122..5.aminoimidazole.ribonucleotide.biosynthesis.II
2026-05-08 09:55:46.38345 INFO::Creating box plot for categorical data (linear), 
                        Termness vs PWY.6123..inosine.5..phosphate.biosynthesis.I
2026-05-08 09:55:46.452187 INFO::Creating box plot for categorical data (linear), 
                        Termness vs PWY.6277..superpathway.of.5.aminoimidazole.ribonucleotide.biosynthesis
2026-05-08 09:55:46.49499 INFO::Creating box plot for categorical data (linear), 
                        Termness vs PWY.7221..guanosine.ribonucleotides.de.novo.biosynthesis
2026-05-08 09:55:46.535341 INFO::Creating box plot for categorical data (linear), 
                        Termness vs PWY.7851..coenzyme.A.biosynthesis.II..eukaryotic.
2026-05-08 09:55:46.574341 INFO::Creating box plot for categorical data (linear), 
                        Termness vs PWY.8131..5..deoxyadenosine.degradation.II
2026-05-08 09:55:46.612377 INFO::Creating box plot for categorical data (linear), 
                        Termness vs PWY1ZNC.1..assimilatory.sulfate.reduction.IV
2026-05-08 09:55:46.650959 INFO::Creating tile plot for categorical data (logistic), Termness vs PWY.7383..anaerobic.energy.metabolism..invertebrates..cytosol.
2026-05-08 09:55:46.71759 INFO::Creating tile plot for categorical data (logistic), Termness vs PWY66.399..gluconeogenesis.III
2026-05-08 09:55:46.765311 INFO::Creating scatter plot for continuous 
                        data (linear), Read_depth vs PWY.5347..superpathway.of.L.methionine.biosynthesis..transsulfuration.
2026-05-08 09:55:46.803795 INFO::Creating scatter plot for continuous 
                        data (linear), Read_depth vs METSYN.PWY..superpathway.of.L.homoserine.and.L.methionine.biosynthesis
2026-05-08 09:55:46.83962 INFO::Creating box plot for categorical data (linear), 
                        Termness vs PWY.5676..acetyl.CoA.fermentation.to.butanoate.II
2026-05-08 09:55:47.313325 INFO::Creating box plot for categorical data (linear), 
                        Termness vs AST.PWY..L.arginine.degradation.II..AST.pathway.
2026-05-08 09:55:47.351097 INFO::Creating box plot for categorical data (linear), 
                        Termness vs PWY.7858...5Z..dodecenoate.biosynthesis.II
2026-05-08 09:55:47.390504 INFO::Creating scatter plot for continuous 
                        data (linear), Read_depth vs HOMOSER.METSYN.PWY..L.methionine.biosynthesis.I
2026-05-08 09:55:47.427096 INFO::Creating box plot for categorical data (linear), 
                        Termness vs PEPTIDOGLYCANSYN.PWY..peptidoglycan.biosynthesis.I..meso.diaminopimelate.containing.
2026-05-08 09:55:47.47174 INFO::Creating tile plot for categorical data (logistic), Termness vs PWY66.430..myristate.biosynthesis..mitochondria.
2026-05-08 09:55:47.538537 INFO::Creating box plot for categorical data (linear), 
                        Termness vs ECASYN.PWY..enterobacterial.common.antigen.biosynthesis
2026-05-08 09:55:47.58069 INFO::Creating box plot for categorical data (linear), 
                        Termness vs HEME.BIOSYNTHESIS.II.1..heme.b.biosynthesis.V..aerobic.
2026-05-08 09:55:47.623064 INFO::Creating box plot for categorical data (linear), 
                        Termness vs PWY.6386..UDP.N.acetylmuramoyl.pentapeptide.biosynthesis.II..lysine.containing.
2026-05-08 09:55:47.663841 INFO::Creating box plot for categorical data (linear), 
                        Termness vs PWY.6387..UDP.N.acetylmuramoyl.pentapeptide.biosynthesis.I..meso.diaminopimelate.containing.
2026-05-08 09:55:47.725079 INFO::Creating box plot for categorical data (linear), 
                        Termness vs PWY.6629..superpathway.of.L.tryptophan.biosynthesis
2026-05-08 09:55:47.765889 INFO::Creating scatter plot for continuous 
                        data (linear), Read_depth vs P4.PWY..superpathway.of.L.lysine..L.threonine.and.L.methionine.biosynthesis.I
2026-05-08 09:55:47.813357 INFO::Creating box plot for categorical data (linear), 
                        Termness vs PWY.7315..dTDP.N.acetylthomosamine.biosynthesis
2026-05-08 09:55:47.852296 INFO::Creating box plot for categorical data (linear), 
                        Termness vs PWY.6385..peptidoglycan.biosynthesis.III..mycobacteria.
2026-05-08 09:55:47.889945 INFO::Creating box plot for categorical data (linear), 
                        Termness vs PWY.7115..C4.photosynthetic.carbon.assimilation.cycle..NAD.ME.type
2026-05-08 09:55:47.942389 INFO::Creating tile plot for categorical data (logistic), Termness vs PWY.7388..octanoyl..acyl.carrier.protein..biosynthesis..mitochondria..yeast.
2026-05-08 09:55:47.991016 INFO::Creating box plot for categorical data (linear), 
                        Termness vs HISTSYN.PWY..L.histidine.biosynthesis
2026-05-08 09:55:48.032017 INFO::Creating box plot for categorical data (linear), 
                        Termness vs PWY.5005..biotin.biosynthesis.II
2026-05-08 09:55:48.073096 INFO::Creating box plot for categorical data (linear), 
                        Termness vs PWY.6151..S.adenosyl.L.methionine.salvage.I
2026-05-08 09:55:48.128463 INFO::Creating box plot for categorical data (linear), 
                        Termness vs SO4ASSIM.PWY..assimilatory.sulfate.reduction.I
2026-05-08 09:55:48.170954 INFO::Creating box plot for categorical data (linear), 
                        Termness vs PWY0.1261..anhydromuropeptides.recycling.I
2026-05-08 09:55:48.209134 INFO::Creating tile plot for categorical data (logistic), Termness vs DENITRIFICATION.PWY..nitrate.reduction.I..denitrification.
2026-05-08 09:55:48.253436 INFO::Creating box plot for categorical data (linear), 
                        Termness vs GLUCUROCAT.PWY..superpathway.of..beta..D.glucuronosides.degradation
2026-05-08 09:55:48.300419 INFO::Creating box plot for categorical data (linear), 
                        Termness vs P461.PWY..hexitol.fermentation.to.lactate..formate..ethanol.and.acetate
2026-05-08 09:55:48.339135 INFO::Creating box plot for categorical data (linear), 
                        Termness vs PWY.7977..L.methionine.biosynthesis.IV
2026-05-08 09:55:48.397099 INFO::Creating box plot for categorical data (linear), 
                        Termness vs PWY.7187..pyrimidine.deoxyribonucleotides.de.novo.biosynthesis.II
2026-05-08 09:55:48.439014 INFO::Creating box plot for categorical data (linear), 
                        Termness vs PWY.7200..superpathway.of.pyrimidine.deoxyribonucleoside.salvage
2026-05-08 09:55:48.479378 INFO::Creating box plot for categorical data (linear), 
                        Termness vs P4.PWY..superpathway.of.L.lysine..L.threonine.and.L.methionine.biosynthesis.I
2026-05-08 09:55:48.519195 INFO::Creating box plot for categorical data (linear), 
                        Termness vs PWY.5675..nitrate.reduction.V..assimilatory.
2026-05-08 09:55:48.557513 INFO::Creating box plot for categorical data (linear), 
                        Termness vs TRPSYN.PWY..L.tryptophan.biosynthesis
2026-05-08 09:55:48.596219 INFO::Creating box plot for categorical data (linear), 
                        Termness vs LACTOSECAT.PWY..lactose.and.galactose.degradation.I
2026-05-08 09:55:48.652627 INFO::Creating box plot for categorical data (linear), 
                        Termness vs P161.PWY..acetylene.degradation..anaerobic.
2026-05-08 09:55:48.690931 INFO::Creating scatter plot for continuous 
                        data (linear), Read_depth vs PWY.6588..pyruvate.fermentation.to.acetone
2026-05-08 09:55:48.735546 INFO::Creating box plot for categorical data (linear), 
                        Termness vs PWY.7118..chitin.deacetylation
2026-05-08 09:55:48.774261 INFO::Creating box plot for categorical data (linear), 
                        Termness vs PWY.5972..stearate.biosynthesis.I..animals.
2026-05-08 09:55:48.825173 INFO::Creating box plot for categorical data (linear), 
                        Termness vs FAO.PWY..fatty.acid..beta..oxidation.I..generic.
2026-05-08 09:55:48.867929 INFO::Creating box plot for categorical data (linear), 
                        Termness vs PPGPPMET.PWY..ppGpp.metabolism
2026-05-08 09:55:48.909485 INFO::Creating box plot for categorical data (linear), 
                        Termness vs HEME.BIOSYNTHESIS.II..heme.b.biosynthesis.I..aerobic.
2026-05-08 09:55:48.948699 INFO::Creating scatter plot for continuous 
                        data (linear), Read_depth vs PWY.8187..L.arginine.degradation.XIII..reductive.Stickland.reaction.
2026-05-08 09:55:48.985595 INFO::Creating tile plot for categorical data (logistic), Termness vs X3.HYDROXYPHENYLACETATE.DEGRADATION.PWY..4.hydroxyphenylacetate.degradation
2026-05-08 09:55:49.032088 INFO::Creating box plot for categorical data (linear), 
                        Termness vs PWY.5138..fatty.acid..beta..oxidation.IV..unsaturated..even.number.
2026-05-08 09:55:49.0863 INFO::Creating box plot for categorical data (linear), 
                        Termness vs PWY.6803..phosphatidylcholine.acyl.editing
2026-05-08 09:55:49.127192 INFO::Creating box plot for categorical data (linear), 
                        Termness vs PWY.7942..5.oxo.L.proline.metabolism
2026-05-08 09:55:49.177369 INFO::Creating tile plot for categorical data (logistic), Termness vs PWY.622..starch.biosynthesis
2026-05-08 09:55:49.225752 INFO::Creating box plot for categorical data (linear), 
                        Termness vs PWY.7723..bacterial.bioluminescence
2026-05-08 09:55:49.269056 INFO::Creating scatter plot for continuous 
                        data (linear), Read_depth vs PWY.6284..superpathway.of.unsaturated.fatty.acids.biosynthesis..E..coli.
2026-05-08 09:55:49.306633 INFO::Creating scatter plot for continuous 
                        data (linear), Read_depth vs PWY.5367..petroselinate.biosynthesis
2026-05-08 09:55:49.360244 INFO::Creating box plot for categorical data (linear), 
                        Termness vs PWY.6163..chorismate.biosynthesis.from.3.dehydroquinate
2026-05-08 09:55:49.404223 INFO::Creating tile plot for categorical data (logistic), Termness vs PWY.7434..terminal.O.glycans.residues.modification..via.type.2.precursor.disaccharide.
2026-05-08 09:55:49.45411 INFO::Creating box plot for categorical data (linear), 
                        Termness vs COMPLETE.ARO.PWY..superpathway.of.aromatic.amino.acid.biosynthesis
2026-05-08 09:55:49.497323 INFO::Creating box plot for categorical data (linear), 
                        Termness vs PWY.5505..L.glutamate.and.L.glutamine.biosynthesis
2026-05-08 09:55:49.557202 INFO::Creating scatter plot for continuous 
                        data (linear), Read_depth vs PWY.6285..superpathway.of.fatty.acids.biosynthesis..E..coli.
2026-05-08 09:55:49.596714 INFO::Creating scatter plot for continuous 
                        data (linear), Read_depth vs PWY1ZNC.1..assimilatory.sulfate.reduction.IV
2026-05-08 09:55:49.645234 INFO::Creating box plot for categorical data (linear), 
                        Termness vs PWY.6549..L.glutamine.biosynthesis.III
2026-05-08 09:55:49.687738 INFO::Creating scatter plot for continuous 
                        data (linear), Read_depth vs PWY0.1296..purine.ribonucleosides.degradation
2026-05-08 09:55:49.73888 INFO::Creating box plot for categorical data (linear), 
                        Termness vs TRNA.CHARGING.PWY..tRNA.charging
2026-05-08 09:55:49.78147 INFO::Creating box plot for categorical data (linear), 
                        Termness vs PWY.5030..L.histidine.degradation.III
2026-05-08 09:55:49.823548 INFO::Creating tile plot for categorical data (logistic), Termness vs PWY.7340..9.cis..11.trans.octadecadienoyl.CoA.degradation..isomerase.dependent..yeast.
2026-05-08 09:55:49.872758 INFO::Creating box plot for categorical data (linear), 
                        Termness vs PWY.5913..partial.TCA.cycle..obligate.autotrophs.
2026-05-08 09:55:49.914684 INFO::Creating tile plot for categorical data (logistic), Termness vs PWY66.391..fatty.acid..beta..oxidation.VI..mammalian.peroxisome.
2026-05-08 09:55:49.974713 INFO::Creating box plot for categorical data (linear), 
                        Termness vs ARO.PWY..chorismate.biosynthesis.I
2026-05-08 09:55:50.018528 INFO::Creating scatter plot for continuous 
                        data (linear), Read_depth vs PWY.5154..L.arginine.biosynthesis.III..via.N.acetyl.L.citrulline.
2026-05-08 09:55:50.057523 INFO::Creating tile plot for categorical data (logistic), Termness vs PWY.5417..catechol.degradation.III..ortho.cleavage.pathway.
2026-05-08 09:55:50.115364 INFO::Creating tile plot for categorical data (logistic), Termness vs PWY.5431..aromatic.compounds.degradation.via..beta..ketoadipate
