"feature"	"metadata"	"value"	"name"	"coef"	"null_hypothesis"	"stderr"	"pval_individual"	"qval_individual"	"pval_joint"	"qval_joint"	"error"	"model"	"N"	"N_not_zero"
"Escherichia_coli.t__SGB10068"	"Antibiotics"	"Yes"	"AntibioticsYes"	6.91662201670027	-2.17427041541666	2.45557793876291	0.00436092452744896	0.971032528111969	0.00870283139216382	0.987283327146151	NA	"abundance"	80	40
"Haemophilus_parainfluenzae.t__SGB9663_group"	"acetate"	"acetate"	"acetate"	-3.32800312177233	0.315027551486609	0.890194254382771	0.00302868109067922	0.971032528111969	0.0060481892722094	0.987283327146151	NA	"abundance"	80	28
"Bifidobacterium_bifidum.t__SGB17256"	"Probiotics"	"Yes"	"ProbioticsYes"	5.57487452134385	0	1.7849228534124	0.001788268594975	0.971032528111969	0.00357333928538223	0.987283327146151	NA	"prevalence"	80	43
"Bifidobacterium_bifidum.t__SGB17256"	"acetate"	"acetate"	"acetate"	0.632303631248708	0.315027551486609	0.356135450515101	0.607941670772901	1	0.846290266483656	0.987283327146151	NA	"abundance"	80	43
"Bifidobacterium_bifidum.t__SGB17256"	"Antibiotics"	"Yes"	"AntibioticsYes"	-0.033946714887069	-2.17427041541666	1.09781485680654	0.280957872776019	1	0.422018981990911	0.987283327146151	NA	"abundance"	80	43
"Bifidobacterium_bifidum.t__SGB17256"	"butyrate"	"butyrate"	"butyrate"	-0.100085338245217	0.52564269759902	0.552040543418998	0.320385035590561	1	0.538123500150757	0.987283327146151	NA	"abundance"	80	43
"Bifidobacterium_bifidum.t__SGB17256"	"Delivery_mode"	"C-section"	"Delivery_modeC-section"	-1.91084299518119	1.23305470382374	1.25681491733351	0.0572526045857169	1	0.111227348439585	0.987283327146151	NA	"abundance"	80	43
"Bifidobacterium_bifidum.t__SGB17256"	"Ethnicity"	"European"	"EthnicityEuropean"	-0.22691106217266	-0.232649738174813	1.01591739553559	0.996307887002997	1	0.18684228414437	0.987283327146151	NA	"abundance"	80	43
"Bifidobacterium_bifidum.t__SGB17256"	"Feeding_method"	"Breastfed"	"Feeding_methodBreastfed"	0.875604329669553	-1.09616820089828	0.893619256220445	0.103814040673409	1	0.196850726305878	0.987283327146151	NA	"abundance"	80	43
"Bifidobacterium_bifidum.t__SGB17256"	"isobutyrate"	"isobutyrate"	"isobutyrate"	1.54036805932907	-0.36738176124677	0.590996892779316	0.0231065639716783	1	0.0456792146447794	0.987283327146151	NA	"abundance"	80	43
"Bifidobacterium_bifidum.t__SGB17256"	"Probiotics"	"Yes"	"ProbioticsYes"	0.160607561232047	1.02237247681662	2.84516801715189	0.781913272121938	1	0.00357333928538223	0.987283327146151	NA	"abundance"	80	43
"Bifidobacterium_bifidum.t__SGB17256"	"propionate"	"propionate"	"propionate"	-0.795208992945361	-0.456422871462418	0.438445130839965	0.630847769935379	1	0.172267388273932	0.987283327146151	NA	"abundance"	80	43
"Bifidobacterium_bifidum.t__SGB17256"	"Read_depth"	"Read_depth"	"Read_depth"	-0.413144953165957	-0.0697648110209129	0.961521541630232	0.745549479201415	1	0.890289270432016	0.987283327146151	NA	"abundance"	80	43
"Bifidobacterium_bifidum.t__SGB17256"	"Sex"	"Female"	"SexFemale"	-0.144057107163687	-0.167946964861668	0.904628092437086	0.985374688687117	1	0.758644673215231	0.987283327146151	NA	"abundance"	80	43
"Bifidobacterium_bifidum.t__SGB17256"	"Termness"	"preterm"	"Termnesspreterm"	5.04009733134268	0.868915586593905	3.10438680553425	0.235679484322045	1	0.415814149313785	0.987283327146151	NA	"abundance"	80	43
"Bifidobacterium_breve.t__SGB17247"	"acetate"	"acetate"	"acetate"	1.75257789187016	0.315027551486609	1.14219631826946	0.254011331376469	1	0.188601587581417	0.987283327146151	NA	"abundance"	80	39
"Bifidobacterium_breve.t__SGB17247"	"Antibiotics"	"Yes"	"AntibioticsYes"	-0.493999862172711	-2.17427041541666	2.16581174161417	0.502203715103998	1	0.103980273146758	0.987283327146151	NA	"abundance"	80	39
"Bifidobacterium_breve.t__SGB17247"	"butyrate"	"butyrate"	"butyrate"	-0.830457045653734	0.52564269759902	0.877400950305447	0.153323208627216	1	0.255462334140761	0.987283327146151	NA	"abundance"	80	39
"Bifidobacterium_breve.t__SGB17247"	"Delivery_mode"	"C-section"	"Delivery_modeC-section"	0.103728929513925	1.23305470382374	1.78484110743904	0.587168028432836	1	0.0519095065309563	0.987283327146151	NA	"abundance"	80	39
"Bifidobacterium_breve.t__SGB17247"	"Ethnicity"	"European"	"EthnicityEuropean"	0.961735423661422	-0.232649738174813	1.47273577782794	0.463161736299408	1	0.711804678626933	0.987283327146151	NA	"abundance"	80	39
"Bifidobacterium_breve.t__SGB17247"	"Feeding_method"	"Breastfed"	"Feeding_methodBreastfed"	-4.35616262170951	-1.09616820089828	1.66337032121575	0.0894411409990234	1	0.17088256429484	0.987283327146151	NA	"abundance"	80	39
"Bifidobacterium_breve.t__SGB17247"	"isobutyrate"	"isobutyrate"	"isobutyrate"	0.975286974520238	-0.36738176124677	0.867466988455928	0.179512127751579	1	0.326799651493258	0.987283327146151	NA	"abundance"	80	39
"Bifidobacterium_breve.t__SGB17247"	"Probiotics"	"Yes"	"ProbioticsYes"	6.80136077650594	1.02237247681662	2.84441037781255	0.0692869855898128	1	0.133773284807503	0.987283327146151	NA	"abundance"	80	39
"Bifidobacterium_breve.t__SGB17247"	"propionate"	"propionate"	"propionate"	-0.456422871462418	-0.456422871462418	0.604152291644805	1	1	0.956814944666987	0.989829026404412	NA	"abundance"	80	39
"Bifidobacterium_breve.t__SGB17247"	"Read_depth"	"Read_depth"	"Read_depth"	1.45250536466978	-0.0697648110209129	1.132297198625	0.226163168138704	1	0.401176557654872	0.987283327146151	NA	"abundance"	80	39
"Bifidobacterium_breve.t__SGB17247"	"Sex"	"Female"	"SexFemale"	2.78924156456016	-0.167946964861668	1.62217175619282	0.131537479769647	1	0.170153057823296	0.987283327146151	NA	"abundance"	80	39
"Bifidobacterium_breve.t__SGB17247"	"Termness"	"preterm"	"Termnesspreterm"	-5.04811203170528	0.868915586593905	2.9156321743649	0.0837036529779374	1	0.155414451739393	0.987283327146151	NA	"abundance"	80	39
"Bifidobacterium_longum.t__SGB17248"	"acetate"	"acetate"	"acetate"	1.1177278498009	0.315027551486609	3.71929947972568	0.83318444118691	1	0.906041474092006	0.987283327146151	NA	"abundance"	80	20
"Bifidobacterium_longum.t__SGB17248"	"Antibiotics"	"Yes"	"AntibioticsYes"	4.95699764509934	-2.17427041541666	3.51066448530193	0.0975738166913176	1	0.185626983678924	0.987283327146151	NA	"abundance"	80	20
"Bifidobacterium_longum.t__SGB17248"	"butyrate"	"butyrate"	"butyrate"	-0.873463480039177	0.52564269759902	1.62028489052077	0.410252048965926	1	0.217369579449167	0.987283327146151	NA	"abundance"	80	20
"Bifidobacterium_longum.t__SGB17248"	"Delivery_mode"	"C-section"	"Delivery_modeC-section"	0.740618297278098	1.23305470382374	2.6460170333411	0.858484099030188	1	0.979973249772703	0.990353554400745	NA	"abundance"	80	20
"Bifidobacterium_longum.t__SGB17248"	"Ethnicity"	"European"	"EthnicityEuropean"	-1.57124086093038	-0.232649738174813	3.1979622464401	0.684868349644612	1	0.900692042944289	0.987283327146151	NA	"abundance"	80	20
"Bifidobacterium_longum.t__SGB17248"	"Feeding_method"	"Breastfed"	"Feeding_methodBreastfed"	-3.19571524587828	-1.09616820089828	2.37626052112863	0.411854103485278	1	0.654084404412894	0.987283327146151	NA	"abundance"	80	20
"Bifidobacterium_longum.t__SGB17248"	"isobutyrate"	"isobutyrate"	"isobutyrate"	0.423965802247166	-0.36738176124677	0.943073129073139	0.45007757802093	1	0.697585329804673	0.987283327146151	NA	"abundance"	80	20
"Bifidobacterium_longum.t__SGB17248"	"propionate"	"propionate"	"propionate"	0.13643451940019	-0.456422871462418	0.765589459161909	0.539419589608689	1	0.787865685563771	0.987283327146151	NA	"abundance"	80	20
"Bifidobacterium_longum.t__SGB17248"	"Read_depth"	"Read_depth"	"Read_depth"	-2.70883736783012	-0.0697648110209129	1.37372927938588	0.109872172602485	1	0.20767245089258	0.987283327146151	NA	"abundance"	80	20
"Bifidobacterium_longum.t__SGB17248"	"Sex"	"Female"	"SexFemale"	2.84082485042938	-0.167946964861668	2.82318053592723	0.335930119862052	1	0.559011194293571	0.987283327146151	NA	"abundance"	80	20
"Bifidobacterium_longum.t__SGB17248"	"Termness"	"preterm"	"Termnesspreterm"	-9.77825428399111	0.868915586593905	3.32942221771183	0.0206101107378378	1	0.0407954448110497	0.987283327146151	NA	"abundance"	80	20
"Clostridium_perfringens.t__SGB6191"	"acetate"	"acetate"	"acetate"	0.138252597955737	0.315027551486609	1.35688751924479	0.900139121151226	1	0.867451534075035	0.987283327146151	NA	"abundance"	80	32
"Clostridium_perfringens.t__SGB6191"	"Antibiotics"	"Yes"	"AntibioticsYes"	-2.39121480179091	-2.17427041541666	2.7611925248247	0.942723865225574	1	0.293563383301188	0.987283327146151	NA	"abundance"	80	32
"Clostridium_perfringens.t__SGB6191"	"butyrate"	"butyrate"	"butyrate"	2.30917650344364	0.52564269759902	1.29533639581863	0.189577641654564	1	0.257546155150215	0.987283327146151	NA	"abundance"	80	32
"Clostridium_perfringens.t__SGB6191"	"Delivery_mode"	"C-section"	"Delivery_modeC-section"	-3.96938293913715	1.23305470382374	2.63168014206987	0.0779393652510498	1	0.149804185846363	0.987283327146151	NA	"abundance"	80	32
"Clostridium_perfringens.t__SGB6191"	"Ethnicity"	"European"	"EthnicityEuropean"	-2.75954721386187	-0.232649738174813	2.07061612774778	0.26387162310838	1	0.458115012734908	0.987283327146151	NA	"abundance"	80	32
"Clostridium_perfringens.t__SGB6191"	"Feeding_method"	"Breastfed"	"Feeding_methodBreastfed"	0.0243691650101701	-1.09616820089828	2.2254312971695	0.641657561791245	1	0.6569206786347	0.987283327146151	NA	"abundance"	80	32
"Clostridium_perfringens.t__SGB6191"	"isobutyrate"	"isobutyrate"	"isobutyrate"	-1.82716924638008	-0.36738176124677	1.47776188994622	0.353588890966946	1	0.582152678118657	0.987283327146151	NA	"abundance"	80	32
"Clostridium_perfringens.t__SGB6191"	"Probiotics"	"Yes"	"ProbioticsYes"	-2.4779195637318	1.02237247681662	3.6712698555882	0.355753084615661	1	0.584945912017764	0.987283327146151	NA	"abundance"	80	32
"Clostridium_perfringens.t__SGB6191"	"propionate"	"propionate"	"propionate"	-0.192019993493705	-0.456422871462418	1.66052630304333	0.878410098697715	1	0.650439832408443	0.987283327146151	NA	"abundance"	80	32
"Clostridium_perfringens.t__SGB6191"	"Read_depth"	"Read_depth"	"Read_depth"	0.00507726077333245	-0.0697648110209129	0.718540422742613	0.934205383918339	1	0.184194515089863	0.987283327146151	NA	"abundance"	80	32
"Clostridium_perfringens.t__SGB6191"	"Sex"	"Female"	"SexFemale"	1.7189549147232	-0.167946964861668	2.23461758907651	0.437941710975068	1	0.684090479738366	0.987283327146151	NA	"abundance"	80	32
"Clostridium_perfringens.t__SGB6191"	"Termness"	"preterm"	"Termnesspreterm"	-0.564394879370994	0.868915586593905	2.525894252214	0.617474024032753	1	0.416911383880124	0.987283327146151	NA	"abundance"	80	32
"Cutibacterium_avidum.t__SGB16953"	"acetate"	"acetate"	"acetate"	1.17978011329106	0.315027551486609	1.5357813005669	0.597602594303259	1	0.838076327888532	0.987283327146151	NA	"abundance"	80	21
"Cutibacterium_avidum.t__SGB16953"	"Antibiotics"	"Yes"	"AntibioticsYes"	-5.03272723705414	-2.17427041541666	3.2532862056772	0.435469662946397	1	0.681305498546145	0.987283327146151	NA	"abundance"	80	21
"Cutibacterium_avidum.t__SGB16953"	"butyrate"	"butyrate"	"butyrate"	-0.051960128413341	0.52564269759902	1.12391828889536	0.637371593966849	1	0.660079191483883	0.987283327146151	NA	"abundance"	80	21
"Cutibacterium_avidum.t__SGB16953"	"Delivery_mode"	"C-section"	"Delivery_modeC-section"	-3.10397832275325	1.23305470382374	2.08206331895479	0.0951920966710353	1	0.181322658073443	0.987283327146151	NA	"abundance"	80	21
"Cutibacterium_avidum.t__SGB16953"	"Ethnicity"	"European"	"EthnicityEuropean"	0.0628726444613141	-0.232649738174813	1.7225345036495	0.882359449607062	1	0.764734040094228	0.987283327146151	NA	"abundance"	80	21
"Cutibacterium_avidum.t__SGB16953"	"Feeding_method"	"Breastfed"	"Feeding_methodBreastfed"	2.50397078438039	-1.09616820089828	2.0901792797932	0.141070484963238	1	0.262240088198713	0.987283327146151	NA	"abundance"	80	21
"Cutibacterium_avidum.t__SGB16953"	"isobutyrate"	"isobutyrate"	"isobutyrate"	-0.604611715619229	-0.36738176124677	1.31262530342682	0.864361030602952	1	0.981602069980907	0.990353554400745	NA	"abundance"	80	21
"Cutibacterium_avidum.t__SGB16953"	"Probiotics"	"Yes"	"ProbioticsYes"	-0.636352081628764	1.02237247681662	3.76202962190349	0.664619638324696	1	0.586732825763821	0.987283327146151	NA	"abundance"	80	21
"Cutibacterium_avidum.t__SGB16953"	"propionate"	"propionate"	"propionate"	-0.657616227224668	-0.456422871462418	1.54106404470905	0.902765875523371	1	0.256298321292123	0.987283327146151	NA	"abundance"	80	21
"Cutibacterium_avidum.t__SGB16953"	"Read_depth"	"Read_depth"	"Read_depth"	-0.397162833477124	-0.0697648110209129	0.817224539631211	0.733935495389866	1	0.929209679386564	0.987283327146151	NA	"abundance"	80	21
"Cutibacterium_avidum.t__SGB16953"	"Sex"	"Female"	"SexFemale"	-1.9785992962662	-0.167946964861668	1.88494948064446	0.408317597798555	1	0.649911934925127	0.987283327146151	NA	"abundance"	80	21
"Cutibacterium_avidum.t__SGB16953"	"Termness"	"preterm"	"Termnesspreterm"	4.35996671241541	0.868915586593905	2.74011703689861	0.297874451838203	1	0.507019714618496	0.987283327146151	NA	"abundance"	80	21
"Enterobacter_asburiae.t__SGB10141"	"acetate"	"acetate"	"acetate"	-6.08783388580299	0.315027551486609	1.94316015806343	0.0863513343343909	1	0.165246115727452	0.987283327146151	NA	"abundance"	80	14
"Enterobacter_asburiae.t__SGB10141"	"Antibiotics"	"Yes"	"AntibioticsYes"	-19.3996651302442	-2.17427041541666	8.30482893199774	0.178312512228428	1	0.324829672439643	0.987283327146151	NA	"abundance"	80	14
"Enterobacter_asburiae.t__SGB10141"	"butyrate"	"butyrate"	"butyrate"	0.0607319966140709	0.52564269759902	1.13107250789561	0.732480483483619	1	0.886602704576138	0.987283327146151	NA	"abundance"	80	14
"Enterobacter_asburiae.t__SGB10141"	"Delivery_mode"	"C-section"	"Delivery_modeC-section"	2.67312831676786	1.23305470382374	5.26162952720045	0.808058508220631	1	0.96315846373351	0.989829026404412	NA	"abundance"	80	14
"Enterobacter_asburiae.t__SGB10141"	"Ethnicity"	"European"	"EthnicityEuropean"	4.53724938141525	-0.232649738174813	3.3547186875121	0.297419935375559	1	0.506381252792316	0.987283327146151	NA	"abundance"	80	14
"Enterobacter_asburiae.t__SGB10141"	"Feeding_method"	"Breastfed"	"Feeding_methodBreastfed"	-10.742988425194	-1.09616820089828	8.07173349127862	0.353213417874864	1	0.333305685412855	0.987283327146151	NA	"abundance"	80	14
"Enterobacter_asburiae.t__SGB10141"	"isobutyrate"	"isobutyrate"	"isobutyrate"	4.76532205704567	-0.36738176124677	1.72319530198013	0.105040802977437	1	0.19904803566473	0.987283327146151	NA	"abundance"	80	14
"Enterobacter_asburiae.t__SGB10141"	"propionate"	"propionate"	"propionate"	-8.16285914606764	-0.456422871462418	1.98607187659593	0.064969726611019	1	0.125718387846127	0.987283327146151	NA	"abundance"	80	14
"Enterobacter_asburiae.t__SGB10141"	"Read_depth"	"Read_depth"	"Read_depth"	-2.37289111527965	-0.0697648110209129	2.36260542262718	0.435825702751093	1	0.681707362323702	0.987283327146151	NA	"abundance"	80	14
"Enterobacter_asburiae.t__SGB10141"	"Sex"	"Female"	"SexFemale"	-9.47701193956139	-0.167946964861668	3.11408930674301	0.105311551611153	1	0.0665909692034993	0.987283327146151	NA	"abundance"	80	14
"Enterobacter_asburiae.t__SGB10141"	"Termness"	"preterm"	"Termnesspreterm"	17.5419896482754	0.868915586593905	5.44407793825871	0.0989488694480547	1	0.188106860131061	0.987283327146151	NA	"abundance"	80	14
"Enterobacter_hormaechei.t__SGB10130"	"acetate"	"acetate"	"acetate"	1.2800994754516	0.315027551486609	1.8449747934282	0.626575114225765	1	0.8605538546845	0.987283327146151	NA	"abundance"	80	18
"Enterobacter_hormaechei.t__SGB10130"	"Antibiotics"	"Yes"	"AntibioticsYes"	-5.89922284536485	-2.17427041541666	3.92698193034598	0.409030919693521	1	0.209620559906251	0.987283327146151	NA	"abundance"	80	18
"Enterobacter_hormaechei.t__SGB10130"	"butyrate"	"butyrate"	"butyrate"	1.42048071191953	0.52564269759902	3.73850884203674	0.817606662939846	1	0.966732670596061	0.989934254690367	NA	"abundance"	80	18
"Enterobacter_hormaechei.t__SGB10130"	"Delivery_mode"	"C-section"	"Delivery_modeC-section"	2.21433398531879	1.23305470382374	5.5099438695857	0.864177420040729	1	0.981552226773208	0.990353554400745	NA	"abundance"	80	18
"Enterobacter_hormaechei.t__SGB10130"	"Ethnicity"	"European"	"EthnicityEuropean"	-1.6811460884131	-0.232649738174813	2.96610364470567	0.644600026144747	1	0.651000939652339	0.987283327146151	NA	"abundance"	80	18
"Enterobacter_hormaechei.t__SGB10130"	"Feeding_method"	"Breastfed"	"Feeding_methodBreastfed"	-2.22246877206659	-1.09616820089828	2.39347806160382	0.658886292174787	1	0.787171901887515	0.987283327146151	NA	"abundance"	80	18
"Enterobacter_hormaechei.t__SGB10130"	"isobutyrate"	"isobutyrate"	"isobutyrate"	-1.89351261076479	-0.36738176124677	4.25763755577052	0.73195348394714	1	0.890401339840136	0.987283327146151	NA	"abundance"	80	18
"Enterobacter_hormaechei.t__SGB10130"	"Probiotics"	"Yes"	"ProbioticsYes"	3.62589616619975	1.02237247681662	5.55638535805258	0.651927055465218	1	0.793236807027976	0.987283327146151	NA	"abundance"	80	18
"Enterobacter_hormaechei.t__SGB10130"	"propionate"	"propionate"	"propionate"	-2.33151540927086	-0.456422871462418	2.75475191009146	0.529716058597257	1	0.470788862125324	0.987283327146151	NA	"abundance"	80	18
"Enterobacter_hormaechei.t__SGB10130"	"Read_depth"	"Read_depth"	"Read_depth"	0.505578116065486	-0.0697648110209129	2.49576886044268	0.826873903708875	1	0.970027354782996	0.990353554400745	NA	"abundance"	80	18
"Enterobacter_hormaechei.t__SGB10130"	"Sex"	"Female"	"SexFemale"	-3.96567270909892	-0.167946964861668	3.67482268875156	0.357096781033586	1	0.586675451042623	0.987283327146151	NA	"abundance"	80	18
"Enterobacter_hormaechei.t__SGB10130"	"Termness"	"preterm"	"Termnesspreterm"	5.24874643489261	0.868915586593905	7.49741017348836	0.583563558753281	1	0.788001043782487	0.987283327146151	NA	"abundance"	80	18
"Enterobacter_kobei.t__SGB10133"	"acetate"	"acetate"	"acetate"	-0.285723284995674	0.315027551486609	1.11756396802129	0.698423706470073	1	0.258271918888866	0.987283327146151	NA	"abundance"	80	13
"Enterobacter_kobei.t__SGB10133"	"Antibiotics"	"Yes"	"AntibioticsYes"	-2.68263429007708	-2.17427041541666	6.47840601338673	0.949697820901582	1	0.327699138327689	0.987283327146151	NA	"abundance"	80	13
"Enterobacter_kobei.t__SGB10133"	"butyrate"	"butyrate"	"butyrate"	-1.10564006890009	0.52564269759902	3.83284653410075	0.740751965101293	1	0.932790456401159	0.987283327146151	NA	"abundance"	80	13
"Enterobacter_kobei.t__SGB10133"	"Delivery_mode"	"C-section"	"Delivery_modeC-section"	-11.8907658647277	1.23305470382374	12.6606452216665	0.486873225062998	1	0.632291200440011	0.987283327146151	NA	"abundance"	80	13
"Enterobacter_kobei.t__SGB10133"	"Ethnicity"	"European"	"EthnicityEuropean"	-4.40894464397827	-0.232649738174813	5.56940581675902	0.588342815046344	1	0.830538362076031	0.987283327146151	NA	"abundance"	80	13
"Enterobacter_kobei.t__SGB10133"	"Feeding_method"	"Breastfed"	"Feeding_methodBreastfed"	-3.8409093500823	-1.09616820089828	3.93038010681037	0.609468498960544	1	0.847485146695869	0.987283327146151	NA	"abundance"	80	13
"Enterobacter_kobei.t__SGB10133"	"isobutyrate"	"isobutyrate"	"isobutyrate"	4.93714454074836	-0.36738176124677	4.05876974311667	0.415436815922807	1	0.658285883821534	0.987283327146151	NA	"abundance"	80	13
"Enterobacter_kobei.t__SGB10133"	"propionate"	"propionate"	"propionate"	0.435649046406271	-0.456422871462418	3.52613910919133	0.842128138696142	1	0.760526945039527	0.987283327146151	NA	"abundance"	80	13
"Enterobacter_kobei.t__SGB10133"	"Read_depth"	"Read_depth"	"Read_depth"	-3.92491716908387	-0.0697648110209129	7.56042140571176	0.698589965542628	1	0.909151991128406	0.987283327146151	NA	"abundance"	80	13
"Enterobacter_kobei.t__SGB10133"	"Sex"	"Female"	"SexFemale"	2.39297719586824	-0.167946964861668	1.66523577281675	0.412105732218044	1	0.654380329909118	0.987283327146151	NA	"abundance"	80	13
"Enterobacter_kobei.t__SGB10133"	"Termness"	"preterm"	"Termnesspreterm"	10.3441154879149	0.868915586593905	15.2154579170745	0.643479328933136	1	0.410565416353392	0.987283327146151	NA	"abundance"	80	13
"Enterococcus_faecalis.t__SGB7962"	"acetate"	"acetate"	"acetate"	0.458132927171787	0.315027551486609	0.407264702700902	0.82289705759754	1	0.899616126068047	0.987283327146151	NA	"abundance"	80	62
"Enterococcus_faecalis.t__SGB7962"	"Antibiotics"	"Yes"	"AntibioticsYes"	-0.0088935073430246	-2.17427041541666	1.40089885622794	0.315904097601548	1	0.532012796321647	0.987283327146151	NA	"abundance"	80	62
"Enterococcus_faecalis.t__SGB7962"	"butyrate"	"butyrate"	"butyrate"	0.117628107931803	0.52564269759902	0.660507673872657	0.55848218634934	1	0.661615929430608	0.987283327146151	NA	"abundance"	80	62
"Enterococcus_faecalis.t__SGB7962"	"Delivery_mode"	"C-section"	"Delivery_modeC-section"	0.356038834425995	1.23305470382374	1.11462424933233	0.532779760795995	1	0.17310452453442	0.987283327146151	NA	"abundance"	80	62
"Enterococcus_faecalis.t__SGB7962"	"Ethnicity"	"European"	"EthnicityEuropean"	-0.289614972498025	-0.232649738174813	0.962536411407657	0.962492131493997	1	0.364029535150907	0.987283327146151	NA	"abundance"	80	62
"Enterococcus_faecalis.t__SGB7962"	"Feeding_method"	"Breastfed"	"Feeding_methodBreastfed"	0.976450107687216	-1.09616820089828	1.03997150112772	0.11270919683628	1	0.212715030621081	0.987283327146151	NA	"abundance"	80	62
"Enterococcus_faecalis.t__SGB7962"	"isobutyrate"	"isobutyrate"	"isobutyrate"	1.25722068431656	-0.36738176124677	0.72621633535172	0.0710671262591305	1	0.13708371608353	0.987283327146151	NA	"abundance"	80	62
"Enterococcus_faecalis.t__SGB7962"	"Probiotics"	"Yes"	"ProbioticsYes"	0.849639669564555	1.02237247681662	1.75013602586003	0.928012084394389	1	0.880637274724728	0.987283327146151	NA	"abundance"	80	62
"Enterococcus_faecalis.t__SGB7962"	"propionate"	"propionate"	"propionate"	-0.056519941307345	-0.456422871462418	0.770102411646571	0.667122689143219	1	0.811187711492123	0.987283327146151	NA	"abundance"	80	62
"Enterococcus_faecalis.t__SGB7962"	"Read_depth"	"Read_depth"	"Read_depth"	-0.399362351518621	-0.0697648110209129	0.5461935835797	0.654264039631534	1	0.3549678598208	0.987283327146151	NA	"abundance"	80	62
"Enterococcus_faecalis.t__SGB7962"	"Sex"	"Female"	"SexFemale"	0.261223296187823	-0.167946964861668	0.857532736982062	0.738704373480523	1	0.489650857605352	0.987283327146151	NA	"abundance"	80	62
"Enterococcus_faecalis.t__SGB7962"	"Termness"	"preterm"	"Termnesspreterm"	0.335825436020131	0.868915586593905	1.59335492977914	0.802700022795803	1	0.677348036482943	0.987283327146151	NA	"abundance"	80	62
"Escherichia_coli.t__SGB10068"	"acetate"	"acetate"	"acetate"	0.197863550569068	0.315027551486609	0.621076908443388	0.878732032467218	1	0.985294080050468	0.990353554400745	NA	"abundance"	80	40
"Escherichia_coli.t__SGB10068"	"butyrate"	"butyrate"	"butyrate"	1.90114935588921	0.52564269759902	1.21352691483055	0.271185801886547	1	0.0479185237064724	0.987283327146151	NA	"abundance"	80	40
"Escherichia_coli.t__SGB10068"	"Delivery_mode"	"C-section"	"Delivery_modeC-section"	1.54848515978059	1.23305470382374	2.34497855617605	0.896608656068184	1	0.231472164935344	0.987283327146151	NA	"abundance"	80	40
"Escherichia_coli.t__SGB10068"	"Ethnicity"	"European"	"EthnicityEuropean"	0.243436995838096	-0.232649738174813	1.81621913216143	0.801141656163744	1	0.845276296141205	0.987283327146151	NA	"abundance"	80	40
"Escherichia_coli.t__SGB10068"	"Feeding_method"	"Breastfed"	"Feeding_methodBreastfed"	0.0438331803641762	-1.09616820089828	1.79335213329205	0.569993066271698	1	0.803346023032946	0.987283327146151	NA	"abundance"	80	40
"Escherichia_coli.t__SGB10068"	"isobutyrate"	"isobutyrate"	"isobutyrate"	-0.789170388808877	-0.36738176124677	0.968538123236337	0.692851833744789	1	0.400556082185034	0.987283327146151	NA	"abundance"	80	40
"Escherichia_coli.t__SGB10068"	"Probiotics"	"Yes"	"ProbioticsYes"	1.55396855379213	1.02237247681662	3.53991603882695	0.878652222317867	1	0.860437424421113	0.987283327146151	NA	"abundance"	80	40
"Escherichia_coli.t__SGB10068"	"propionate"	"propionate"	"propionate"	0.983534374346395	-0.456422871462418	0.777747152269393	0.145364478804989	1	0.269598125911732	0.987283327146151	NA	"abundance"	80	40
"Escherichia_coli.t__SGB10068"	"Read_depth"	"Read_depth"	"Read_depth"	0.289478608836909	-0.0697648110209129	1.28755224968766	0.789152823881782	1	0.308284787926796	0.987283327146151	NA	"abundance"	80	40
"Escherichia_coli.t__SGB10068"	"Sex"	"Female"	"SexFemale"	-0.834847585811091	-0.167946964861668	1.71739192321165	0.72756544621985	1	0.856838909290397	0.987283327146151	NA	"abundance"	80	40
"Escherichia_coli.t__SGB10068"	"Termness"	"preterm"	"Termnesspreterm"	-8.86574207373857	0.868915586593905	3.52218622180378	0.018530161728456	1	0.0367169565632293	0.987283327146151	NA	"abundance"	80	40
"Haemophilus_parainfluenzae.t__SGB9663_group"	"Antibiotics"	"Yes"	"AntibioticsYes"	1.23438992233326	-2.17427041541666	2.60845288154067	0.26372867902815	1	0.457904541914367	0.987283327146151	NA	"abundance"	80	28
"Haemophilus_parainfluenzae.t__SGB9663_group"	"butyrate"	"butyrate"	"butyrate"	0.96540597862543	0.52564269759902	0.557036679777452	0.481965204263206	1	0.731639950405938	0.987283327146151	NA	"abundance"	80	28
"Haemophilus_parainfluenzae.t__SGB9663_group"	"Delivery_mode"	"C-section"	"Delivery_modeC-section"	3.10841586976663	1.23305470382374	0.880061437374701	0.184045490339897	1	0.334218238165341	0.987283327146151	NA	"abundance"	80	28
"Haemophilus_parainfluenzae.t__SGB9663_group"	"Ethnicity"	"European"	"EthnicityEuropean"	-3.23130889515768	-0.232649738174813	1.10129705743379	0.0499862258828381	1	0.0974738289876661	0.987283327146151	NA	"abundance"	80	28
"Haemophilus_parainfluenzae.t__SGB9663_group"	"Feeding_method"	"Breastfed"	"Feeding_methodBreastfed"	-0.263075936067788	-1.09616820089828	1.1547240799435	0.532631877010842	1	0.101826999327839	0.987283327146151	NA	"abundance"	80	28
"Haemophilus_parainfluenzae.t__SGB9663_group"	"isobutyrate"	"isobutyrate"	"isobutyrate"	-0.760448986038361	-0.36738176124677	0.445309561059315	0.573178896959884	1	0.817823745999619	0.987283327146151	NA	"abundance"	80	28
"Haemophilus_parainfluenzae.t__SGB9663_group"	"Probiotics"	"Yes"	"ProbioticsYes"	6.25176316619142	1.02237247681662	2.65114090255962	0.0857081989345359	1	0.16407050250447	0.987283327146151	NA	"abundance"	80	28
"Haemophilus_parainfluenzae.t__SGB9663_group"	"propionate"	"propionate"	"propionate"	-0.607072342970182	-0.456422871462418	0.263828267843601	0.810401025429453	1	0.964052228841797	0.989829026404412	NA	"abundance"	80	28
"Haemophilus_parainfluenzae.t__SGB9663_group"	"Read_depth"	"Read_depth"	"Read_depth"	-0.0920724748471029	-0.0697648110209129	0.282094512635276	0.969945474636836	1	0.941005279247809	0.987283327146151	NA	"abundance"	80	28
"Haemophilus_parainfluenzae.t__SGB9663_group"	"Sex"	"Female"	"SexFemale"	-3.57683094798331	-0.167946964861668	0.897977391084548	0.0241000997263616	1	0.0476193846459027	0.987283327146151	NA	"abundance"	80	28
"Haemophilus_parainfluenzae.t__SGB9663_group"	"Termness"	"preterm"	"Termnesspreterm"	-5.41867609515191	0.868915586593905	1.54048874347079	0.0138920864811933	1	0.0275911828955857	0.987283327146151	NA	"abundance"	80	28
"Klebsiella_grimontii.t__SGB10120"	"acetate"	"acetate"	"acetate"	-1.98563716139675	0.315027551486609	7.31316061155407	0.772241809866557	1	0.823964463923786	0.987283327146151	NA	"abundance"	80	15
"Klebsiella_grimontii.t__SGB10120"	"Antibiotics"	"Yes"	"AntibioticsYes"	-5.82419009932438	-2.17427041541666	11.2849122724639	0.764953613076944	1	0.57463776174998	0.987283327146151	NA	"abundance"	80	15
"Klebsiella_grimontii.t__SGB10120"	"butyrate"	"butyrate"	"butyrate"	2.16846259061142	0.52564269759902	3.62505521095506	0.676464181819444	1	0.307786879831053	0.987283327146151	NA	"abundance"	80	15
"Klebsiella_grimontii.t__SGB10120"	"Delivery_mode"	"C-section"	"Delivery_modeC-section"	4.22605244357292	1.23305470382374	6.60118517304691	0.677388252167958	1	0.895921660160755	0.987283327146151	NA	"abundance"	80	15
"Klebsiella_grimontii.t__SGB10120"	"Ethnicity"	"European"	"EthnicityEuropean"	-5.89115272174845	-0.232649738174813	8.11880886390819	0.532713107796201	1	0.643096792046149	0.987283327146151	NA	"abundance"	80	15
"Klebsiella_grimontii.t__SGB10120"	"Feeding_method"	"Breastfed"	"Feeding_methodBreastfed"	-2.60852796498284	-1.09616820089828	6.69651284730306	0.833151328686005	1	0.0580117837048743	0.987283327146151	NA	"abundance"	80	15
"Klebsiella_grimontii.t__SGB10120"	"isobutyrate"	"isobutyrate"	"isobutyrate"	-2.38162803206168	-0.36738176124677	5.08167526702538	0.715567160051292	1	0.919097959558712	0.987283327146151	NA	"abundance"	80	15
"Klebsiella_grimontii.t__SGB10120"	"propionate"	"propionate"	"propionate"	1.24778607711694	-0.456422871462418	4.37935618156954	0.722366528049167	1	0.749194249009016	0.987283327146151	NA	"abundance"	80	15
"Klebsiella_grimontii.t__SGB10120"	"Read_depth"	"Read_depth"	"Read_depth"	2.50087294429049	-0.0697648110209129	6.80982191876262	0.729508520454552	1	0.926834359493315	0.987283327146151	NA	"abundance"	80	15
"Klebsiella_grimontii.t__SGB10120"	"Sex"	"Female"	"SexFemale"	-5.5059722378462	-0.167946964861668	8.59589718684322	0.57700832755579	1	0.82107804504285	0.987283327146151	NA	"abundance"	80	15
"Klebsiella_grimontii.t__SGB10120"	"Termness"	"preterm"	"Termnesspreterm"	5.38923641452915	0.868915586593905	8.72995631442845	0.638414860453202	1	0.113713003047983	0.987283327146151	NA	"abundance"	80	15
"Klebsiella_michiganensis.t__SGB10119"	"acetate"	"acetate"	"acetate"	2.15168811817773	0.315027551486609	0.977563445932645	0.129042499881495	1	0.241433032987324	0.987283327146151	NA	"abundance"	80	22
"Klebsiella_michiganensis.t__SGB10119"	"Antibiotics"	"Yes"	"AntibioticsYes"	5.87937306208632	-2.17427041541666	5.07003065470045	0.156572112261937	1	0.288629398185709	0.987283327146151	NA	"abundance"	80	22
"Klebsiella_michiganensis.t__SGB10119"	"butyrate"	"butyrate"	"butyrate"	2.65117958846704	0.52564269759902	1.44022340551525	0.177068334444901	1	0.322783473826711	0.987283327146151	NA	"abundance"	80	22
"Klebsiella_michiganensis.t__SGB10119"	"Delivery_mode"	"C-section"	"Delivery_modeC-section"	4.35295256714157	1.23305470382374	3.01867645685433	0.344715737496065	1	0.570602535314675	0.987283327146151	NA	"abundance"	80	22
"Klebsiella_michiganensis.t__SGB10119"	"Ethnicity"	"European"	"EthnicityEuropean"	5.63646784598457	-0.232649738174813	3.1029627862793	0.10055655006773	1	0.191001480373936	0.987283327146151	NA	"abundance"	80	22
"Klebsiella_michiganensis.t__SGB10119"	"Feeding_method"	"Breastfed"	"Feeding_methodBreastfed"	-3.33656724334919	-1.09616820089828	3.9983301894241	0.584820977013659	1	0.724910401494347	0.987283327146151	NA	"abundance"	80	22
"Klebsiella_michiganensis.t__SGB10119"	"isobutyrate"	"isobutyrate"	"isobutyrate"	-0.676598788419306	-0.36738176124677	1.951663533553	0.876771726773574	1	0.922319936029891	0.987283327146151	NA	"abundance"	80	22
"Klebsiella_michiganensis.t__SGB10119"	"Probiotics"	"Yes"	"ProbioticsYes"	-1.31395695747233	1.02237247681662	6.10342181565988	0.704573007756922	1	0.286210225075885	0.987283327146151	NA	"abundance"	80	22
"Klebsiella_michiganensis.t__SGB10119"	"propionate"	"propionate"	"propionate"	-4.15749616671592	-0.456422871462418	2.60582746742742	0.196035424664207	1	0.0964140156887268	0.987283327146151	NA	"abundance"	80	22
"Klebsiella_michiganensis.t__SGB10119"	"Read_depth"	"Read_depth"	"Read_depth"	1.0847931632011	-0.0697648110209129	1.25527246565417	0.405512607458296	1	0.462084235347366	0.987283327146151	NA	"abundance"	80	22
"Klebsiella_michiganensis.t__SGB10119"	"Sex"	"Female"	"SexFemale"	2.34645579071748	-0.167946964861668	2.09986179106593	0.299895998932471	1	0.509854387689238	0.987283327146151	NA	"abundance"	80	22
"Klebsiella_michiganensis.t__SGB10119"	"Termness"	"preterm"	"Termnesspreterm"	1.37973765997313	0.868915586593905	5.50231696224959	0.928268455894635	1	0.746737783319142	0.987283327146151	NA	"abundance"	80	22
"Klebsiella_pneumoniae.t__SGB10115"	"acetate"	"acetate"	"acetate"	1.10750404016193	0.315027551486609	0.545509253823299	0.294695672580249	1	0.502545805722972	0.987283327146151	NA	"abundance"	80	38
"Klebsiella_pneumoniae.t__SGB10115"	"Antibiotics"	"Yes"	"AntibioticsYes"	-0.102279374984949	-2.17427041541666	1.99527299348313	0.42539593580791	1	0.631838036166979	0.987283327146151	NA	"abundance"	80	38
"Klebsiella_pneumoniae.t__SGB10115"	"butyrate"	"butyrate"	"butyrate"	0.416885417698967	0.52564269759902	1.00639343021264	0.91338430016724	1	0.866037764911064	0.987283327146151	NA	"abundance"	80	38
"Klebsiella_pneumoniae.t__SGB10115"	"Delivery_mode"	"C-section"	"Delivery_modeC-section"	1.26773048540892	1.23305470382374	1.97574838248442	0.986854961117327	1	0.702953598078163	0.987283327146151	NA	"abundance"	80	38
"Klebsiella_pneumoniae.t__SGB10115"	"Ethnicity"	"European"	"EthnicityEuropean"	1.74542130686285	-0.232649738174813	1.58915656730346	0.265762533064963	1	0.460895342148821	0.987283327146151	NA	"abundance"	80	38
"Klebsiella_pneumoniae.t__SGB10115"	"Feeding_method"	"Breastfed"	"Feeding_methodBreastfed"	0.726259951084878	-1.09616820089828	1.49090373008613	0.267515401902836	1	0.463466313550435	0.987283327146151	NA	"abundance"	80	38
"Klebsiella_pneumoniae.t__SGB10115"	"isobutyrate"	"isobutyrate"	"isobutyrate"	0.282674255796779	-0.36738176124677	1.16000936985809	0.589707336086884	1	0.831659929939079	0.987283327146151	NA	"abundance"	80	38
"Klebsiella_pneumoniae.t__SGB10115"	"Probiotics"	"Yes"	"ProbioticsYes"	6.88972481461707	1.02237247681662	2.63352471734855	0.0501800655174902	1	0.0978420920596408	0.987283327146151	NA	"abundance"	80	38
"Klebsiella_pneumoniae.t__SGB10115"	"propionate"	"propionate"	"propionate"	1.10753077369639	-0.456422871462418	1.16232744294943	0.233651000684237	1	0.412709211247729	0.987283327146151	NA	"abundance"	80	38
"Klebsiella_pneumoniae.t__SGB10115"	"Read_depth"	"Read_depth"	"Read_depth"	3.34948178179962	-0.0697648110209129	1.27223848128056	0.0202506546933499	1	0.0400912203711904	0.987283327146151	NA	"abundance"	80	38
"Klebsiella_pneumoniae.t__SGB10115"	"Sex"	"Female"	"SexFemale"	1.78135221955447	-0.167946964861668	1.58765122041295	0.303215008866181	1	0.514490676130644	0.987283327146151	NA	"abundance"	80	38
"Klebsiella_pneumoniae.t__SGB10115"	"Termness"	"preterm"	"Termnesspreterm"	-3.20973064637709	0.868915586593905	2.59686157275704	0.187232100411917	1	0.127543869192507	0.987283327146151	NA	"abundance"	80	38
"Klebsiella_variicola.t__SGB10114"	"acetate"	"acetate"	"acetate"	2.80723622736916	0.315027551486609	4.05644945940902	0.599587674917598	1	0.839669969922105	0.987283327146151	NA	"abundance"	80	15
"Klebsiella_variicola.t__SGB10114"	"Antibiotics"	"Yes"	"AntibioticsYes"	-8.82731344407079	-2.17427041541666	9.79811887013937	0.565688552536951	1	0.811373566602551	0.987283327146151	NA	"abundance"	80	15
"Klebsiella_variicola.t__SGB10114"	"butyrate"	"butyrate"	"butyrate"	-0.56146598426115	0.52564269759902	3.46974879290099	0.780063265829938	1	0.145500392703782	0.987283327146151	NA	"abundance"	80	15
"Klebsiella_variicola.t__SGB10114"	"Delivery_mode"	"C-section"	"Delivery_modeC-section"	6.74437651492463	1.23305470382374	11.6952348267283	0.681791595375153	1	0.527641658673005	0.987283327146151	NA	"abundance"	80	15
"Klebsiella_variicola.t__SGB10114"	"Ethnicity"	"European"	"EthnicityEuropean"	5.06342389820518	-0.232649738174813	5.45029669587325	0.432285376443462	1	0.677700106200059	0.987283327146151	NA	"abundance"	80	15
"Klebsiella_variicola.t__SGB10114"	"Feeding_method"	"Breastfed"	"Feeding_methodBreastfed"	-1.09616820089828	-1.09616820089828	7.24235702591847	1	1	0.889585637969386	0.987283327146151	NA	"abundance"	80	15
"Klebsiella_variicola.t__SGB10114"	"isobutyrate"	"isobutyrate"	"isobutyrate"	-2.64785517226151	-0.36738176124677	5.78371163642195	0.729042047627529	1	0.629346771621718	0.987283327146151	NA	"abundance"	80	15
"Klebsiella_variicola.t__SGB10114"	"Probiotics"	"Yes"	"ProbioticsYes"	-2.56358919987633	1.02237247681662	11.0202517874775	0.771767298291361	1	0.686696189746965	0.987283327146151	NA	"abundance"	80	15
"Klebsiella_variicola.t__SGB10114"	"propionate"	"propionate"	"propionate"	0.193879851225817	-0.456422871462418	7.124563368506	0.935769241952258	1	0.923939986160607	0.987283327146151	NA	"abundance"	80	15
"Klebsiella_variicola.t__SGB10114"	"Read_depth"	"Read_depth"	"Read_depth"	5.88332287997411	-0.0697648110209129	7.39444969039848	0.504233270420372	1	0.75421534984192	0.987283327146151	NA	"abundance"	80	15
"Klebsiella_variicola.t__SGB10114"	"Sex"	"Female"	"SexFemale"	9.71549197373304	-0.167946964861668	11.3405703650266	0.47382967532188	1	0.723144789428122	0.987283327146151	NA	"abundance"	80	15
"Klebsiella_variicola.t__SGB10114"	"Termness"	"preterm"	"Termnesspreterm"	7.46279976951054	0.868915586593905	10.0166923372768	0.575354653351012	1	0.696421245693061	0.987283327146151	NA	"abundance"	80	15
"Lacticaseibacillus_rhamnosus.t__SGB7144"	"acetate"	"acetate"	"acetate"	-4.31215644670065	0.315027551486609	3.52878277393605	0.321185120394347	1	0.539210359225963	0.987283327146151	NA	"abundance"	80	15
"Lacticaseibacillus_rhamnosus.t__SGB7144"	"Antibiotics"	"Yes"	"AntibioticsYes"	3.41685379693305	-2.17427041541666	4.97130431680454	0.383129605007442	1	0.619470915781726	0.987283327146151	NA	"abundance"	80	15
"Lacticaseibacillus_rhamnosus.t__SGB7144"	"butyrate"	"butyrate"	"butyrate"	0.52564269759902	0.52564269759902	4.21291220608773	1	1	0.948717572179504	0.987283327146151	NA	"abundance"	80	15
"Lacticaseibacillus_rhamnosus.t__SGB7144"	"Delivery_mode"	"C-section"	"Delivery_modeC-section"	2.84465607793901	1.23305470382374	2.90726646263746	0.642569658569342	1	0.872243551024763	0.987283327146151	NA	"abundance"	80	15
"Lacticaseibacillus_rhamnosus.t__SGB7144"	"Ethnicity"	"European"	"EthnicityEuropean"	-0.398268674671817	-0.232649738174813	8.79533213481939	0.986758028398106	1	0.899568328152287	0.987283327146151	NA	"abundance"	80	15
"Lacticaseibacillus_rhamnosus.t__SGB7144"	"Feeding_method"	"Breastfed"	"Feeding_methodBreastfed"	-3.36947912984648	-1.09616820089828	3.77030935208118	0.604864502631852	1	0.80953633475003	0.987283327146151	NA	"abundance"	80	15
"Lacticaseibacillus_rhamnosus.t__SGB7144"	"isobutyrate"	"isobutyrate"	"isobutyrate"	-0.36738176124677	-0.36738176124677	2.14416037652436	1	1	0.482586122714556	0.987283327146151	NA	"abundance"	80	15
"Lacticaseibacillus_rhamnosus.t__SGB7144"	"Probiotics"	"Yes"	"ProbioticsYes"	-8.58600922718539	1.02237247681662	7.60442782528748	0.332845185748029	1	0.554904453820418	0.987283327146151	NA	"abundance"	80	15
"Lacticaseibacillus_rhamnosus.t__SGB7144"	"propionate"	"propionate"	"propionate"	-1.07730961551372	-0.456422871462418	1.95021588693676	0.783831538908601	1	0.617406621533724	0.987283327146151	NA	"abundance"	80	15
"Lacticaseibacillus_rhamnosus.t__SGB7144"	"Read_depth"	"Read_depth"	"Read_depth"	1.93566885823417	-0.0697648110209129	3.43000016550772	0.617217080038343	1	0.853477236185628	0.987283327146151	NA	"abundance"	80	15
"Lacticaseibacillus_rhamnosus.t__SGB7144"	"Sex"	"Female"	"SexFemale"	7.0576903122055	-0.167946964861668	6.6495369304956	0.391413877941358	1	0.629622932037623	0.987283327146151	NA	"abundance"	80	15
"Lacticaseibacillus_rhamnosus.t__SGB7144"	"Termness"	"preterm"	"Termnesspreterm"	12.4638427596292	0.868915586593905	11.0580714504826	0.403860880911181	1	0.644618150692007	0.987283327146151	NA	"abundance"	80	15
"Staphylococcus_aureus.t__SGB7852"	"acetate"	"acetate"	"acetate"	0.365371198024638	0.315027551486609	0.77585736050663	0.95469231126796	1	0.628562900126864	0.987283327146151	NA	"abundance"	80	49
"Staphylococcus_aureus.t__SGB7852"	"Antibiotics"	"Yes"	"AntibioticsYes"	-0.337201363748813	-2.17427041541666	1.33514877592467	0.357474870447718	1	0.568762221081999	0.987283327146151	NA	"abundance"	80	49
"Staphylococcus_aureus.t__SGB7852"	"butyrate"	"butyrate"	"butyrate"	0.898962557472298	0.52564269759902	0.615677592749924	0.568836229382448	1	0.814097802906855	0.987283327146151	NA	"abundance"	80	49
"Staphylococcus_aureus.t__SGB7852"	"Delivery_mode"	"C-section"	"Delivery_modeC-section"	1.19837892223856	1.23305470382374	1.15021713040787	0.980988955926007	1	0.76697039347841	0.987283327146151	NA	"abundance"	80	49
"Staphylococcus_aureus.t__SGB7852"	"Ethnicity"	"European"	"EthnicityEuropean"	0.0210630165166632	-0.232649738174813	1.07667315997147	0.856352928214636	1	0.748614617633473	0.987283327146151	NA	"abundance"	80	49
"Staphylococcus_aureus.t__SGB7852"	"Feeding_method"	"Breastfed"	"Feeding_methodBreastfed"	0.60326900252059	-1.09616820089828	0.950644602043912	0.162421459717525	1	0.298462188858278	0.987283327146151	NA	"abundance"	80	49
"Staphylococcus_aureus.t__SGB7852"	"isobutyrate"	"isobutyrate"	"isobutyrate"	-0.66043414459442	-0.36738176124677	0.583739598450534	0.701765577818427	1	0.911056229426023	0.987283327146151	NA	"abundance"	80	49
"Staphylococcus_aureus.t__SGB7852"	"Probiotics"	"Yes"	"ProbioticsYes"	-0.155459587597891	1.02237247681662	1.67927445931802	0.539761150072167	1	0.604261009350783	0.987283327146151	NA	"abundance"	80	49
"Staphylococcus_aureus.t__SGB7852"	"propionate"	"propionate"	"propionate"	-0.804946703176549	-0.456422871462418	0.412274356627736	0.613382595697226	1	0.585192253452821	0.987283327146151	NA	"abundance"	80	49
"Staphylococcus_aureus.t__SGB7852"	"Read_depth"	"Read_depth"	"Read_depth"	-0.0760429720632374	-0.0697648110209129	0.412638356748711	0.992247545922622	1	0.907420942376062	0.987283327146151	NA	"abundance"	80	49
"Staphylococcus_aureus.t__SGB7852"	"Sex"	"Female"	"SexFemale"	-0.933598486650063	-0.167946964861668	0.918670896603286	0.56696073491513	1	0.812476994894756	0.987283327146151	NA	"abundance"	80	49
"Staphylococcus_aureus.t__SGB7852"	"Termness"	"preterm"	"Termnesspreterm"	1.25193897966235	0.868915586593905	1.57543652059628	0.859811262826138	1	0.330227055639355	0.987283327146151	NA	"abundance"	80	49
"Staphylococcus_epidermidis.t__SGB7865"	"acetate"	"acetate"	"acetate"	-0.81968754052732	0.315027551486609	0.387100343170813	0.0869791935400253	1	0.166393006971177	0.987283327146151	NA	"abundance"	80	68
"Staphylococcus_epidermidis.t__SGB7865"	"Antibiotics"	"Yes"	"AntibioticsYes"	0.714509572888362	-2.17427041541666	1.35438229441257	0.15737525022275	1	0.289983531062826	0.987283327146151	NA	"abundance"	80	68
"Staphylococcus_epidermidis.t__SGB7865"	"butyrate"	"butyrate"	"butyrate"	0.858434678284808	0.52564269759902	0.512394843042475	0.563357900344217	1	0.723226588603198	0.987283327146151	NA	"abundance"	80	68
"Staphylococcus_epidermidis.t__SGB7865"	"Delivery_mode"	"C-section"	"Delivery_modeC-section"	0.771963972176554	1.23305470382374	0.995403035322391	0.730924682867897	1	0.823354080603118	0.987283327146151	NA	"abundance"	80	68
"Staphylococcus_epidermidis.t__SGB7865"	"Ethnicity"	"European"	"EthnicityEuropean"	-1.09071907434524	-0.232649738174813	0.985511112925488	0.499035474977007	1	0.749034544668487	0.987283327146151	NA	"abundance"	80	68
"Staphylococcus_epidermidis.t__SGB7865"	"Feeding_method"	"Breastfed"	"Feeding_methodBreastfed"	1.38817296168709	-1.09616820089828	0.900473280937542	0.0452039908498618	1	0.0883645809109693	0.987283327146151	NA	"abundance"	80	68
"Staphylococcus_epidermidis.t__SGB7865"	"isobutyrate"	"isobutyrate"	"isobutyrate"	0.0140014734940231	-0.36738176124677	0.498233598376322	0.607086076317245	1	0.299215468944776	0.987283327146151	NA	"abundance"	80	68
"Staphylococcus_epidermidis.t__SGB7865"	"Probiotics"	"Yes"	"ProbioticsYes"	1.98587294314682	1.02237247681662	1.7892072695132	0.618463435005675	1	0.854429849572331	0.987283327146151	NA	"abundance"	80	68
"Staphylococcus_epidermidis.t__SGB7865"	"propionate"	"propionate"	"propionate"	-0.565804020719446	-0.456422871462418	0.402721387243629	0.870677535530962	1	0.514259290664636	0.987283327146151	NA	"abundance"	80	68
"Staphylococcus_epidermidis.t__SGB7865"	"Read_depth"	"Read_depth"	"Read_depth"	-0.0697648110209129	-0.0697648110209129	0.409733779888602	1	1	0.837207742191334	0.987283327146151	NA	"abundance"	80	68
"Staphylococcus_epidermidis.t__SGB7865"	"Sex"	"Female"	"SexFemale"	-1.43494613292773	-0.167946964861668	0.854772459016707	0.337396609940011	1	0.56095674748101	0.987283327146151	NA	"abundance"	80	68
"Staphylococcus_epidermidis.t__SGB7865"	"Termness"	"preterm"	"Termnesspreterm"	-3.2056983946573	0.868915586593905	1.5339712083442	0.0723742214702119	1	0.139510415007005	0.987283327146151	NA	"abundance"	80	68
"Staphylococcus_hominis.t__SGB7858"	"acetate"	"acetate"	"acetate"	0.632357803424168	0.315027551486609	0.924822483220611	0.761336667350236	1	0.148665993420478	0.987283327146151	NA	"abundance"	80	21
"Staphylococcus_hominis.t__SGB7858"	"Antibiotics"	"Yes"	"AntibioticsYes"	-5.52484943835324	-2.17427041541666	6.93231690790063	0.640219317719076	1	0.710469271511979	0.987283327146151	NA	"abundance"	80	21
"Staphylococcus_hominis.t__SGB7858"	"butyrate"	"butyrate"	"butyrate"	-1.75350281937358	0.52564269759902	1.88152788635001	0.259878597573793	1	0.452220309670664	0.987283327146151	NA	"abundance"	80	21
"Staphylococcus_hominis.t__SGB7858"	"Delivery_mode"	"C-section"	"Delivery_modeC-section"	1.9301468247698	1.23305470382374	3.18431725570604	0.83270515363226	1	0.748342922858278	0.987283327146151	NA	"abundance"	80	21
"Staphylococcus_hominis.t__SGB7858"	"Ethnicity"	"European"	"EthnicityEuropean"	4.28546147337611	-0.232649738174813	4.3194506198781	0.326383855462469	1	0.546241289818392	0.987283327146151	NA	"abundance"	80	21
"Staphylococcus_hominis.t__SGB7858"	"Feeding_method"	"Breastfed"	"Feeding_methodBreastfed"	1.81960891074306	-1.09616820089828	3.27281625122828	0.392730814701718	1	0.448096593656919	0.987283327146151	NA	"abundance"	80	21
"Staphylococcus_hominis.t__SGB7858"	"isobutyrate"	"isobutyrate"	"isobutyrate"	-0.08269800427882	-0.36738176124677	2.55273557036417	0.915977758916006	1	0.960704802223533	0.989829026404412	NA	"abundance"	80	21
"Staphylococcus_hominis.t__SGB7858"	"Probiotics"	"Yes"	"ProbioticsYes"	-1.42473483577034	1.02237247681662	6.99982108649165	0.729731383016695	1	0.862541140695791	0.987283327146151	NA	"abundance"	80	21
"Staphylococcus_hominis.t__SGB7858"	"propionate"	"propionate"	"propionate"	-5.10622987797271	-0.456422871462418	2.93925164913478	0.156776903833986	1	0.288974810092201	0.987283327146151	NA	"abundance"	80	21
"Staphylococcus_hominis.t__SGB7858"	"Read_depth"	"Read_depth"	"Read_depth"	0.921826802665591	-0.0697648110209129	1.3854830809711	0.509178001969241	1	0.759093766249093	0.987283327146151	NA	"abundance"	80	21
"Staphylococcus_hominis.t__SGB7858"	"Sex"	"Female"	"SexFemale"	-2.41034243417836	-0.167946964861668	3.93773868353634	0.586773509010066	1	0.829243867144146	0.987283327146151	NA	"abundance"	80	21
"Staphylococcus_hominis.t__SGB7858"	"Termness"	"preterm"	"Termnesspreterm"	1.79969807243397	0.868915586593905	5.82688617400587	0.877125028751033	1	0.288450769949582	0.987283327146151	NA	"abundance"	80	21
"Streptococcus_salivarius.t__SGB8007_group"	"acetate"	"acetate"	"acetate"	0.290138950790935	0.315027551486609	0.93372139334637	0.980580109950363	1	0.929730560326595	0.987283327146151	NA	"abundance"	80	36
"Streptococcus_salivarius.t__SGB8007_group"	"Antibiotics"	"Yes"	"AntibioticsYes"	-7.5158326161468	-2.17427041541666	3.33720787896556	0.158131577127944	1	0.109346203068457	0.987283327146151	NA	"abundance"	80	36
"Streptococcus_salivarius.t__SGB8007_group"	"butyrate"	"butyrate"	"butyrate"	0.135035158263998	0.52564269759902	0.756976185083779	0.615952928655351	1	0.852507846991598	0.987283327146151	NA	"abundance"	80	36
"Streptococcus_salivarius.t__SGB8007_group"	"Delivery_mode"	"C-section"	"Delivery_modeC-section"	-1.95142716841989	1.23305470382374	1.21790952918549	0.0541365849405921	1	0.105342400052154	0.987283327146151	NA	"abundance"	80	36
"Streptococcus_salivarius.t__SGB8007_group"	"Ethnicity"	"European"	"EthnicityEuropean"	0.00440027299147088	-0.232649738174813	1.18877264263329	0.874278212326441	1	0.606659140787968	0.987283327146151	NA	"abundance"	80	36
"Streptococcus_salivarius.t__SGB8007_group"	"Feeding_method"	"Breastfed"	"Feeding_methodBreastfed"	0.311492673154035	-1.09616820089828	1.17595921473994	0.305084373716324	1	0.517092272346766	0.987283327146151	NA	"abundance"	80	36
"Streptococcus_salivarius.t__SGB8007_group"	"isobutyrate"	"isobutyrate"	"isobutyrate"	-0.0535214363927263	-0.36738176124677	0.737801238071765	0.709427476798218	1	0.41680137120645	0.987283327146151	NA	"abundance"	80	36
"Streptococcus_salivarius.t__SGB8007_group"	"Probiotics"	"Yes"	"ProbioticsYes"	-0.0839649263387252	1.02237247681662	2.95081258463109	0.730798411067	1	0.927530504515948	0.987283327146151	NA	"abundance"	80	36
"Streptococcus_salivarius.t__SGB8007_group"	"propionate"	"propionate"	"propionate"	-0.235472622679796	-0.456422871462418	0.439112475278385	0.753959725990144	1	0.383042794543718	0.987283327146151	NA	"abundance"	80	36
"Streptococcus_salivarius.t__SGB8007_group"	"Read_depth"	"Read_depth"	"Read_depth"	-0.89842926793452	-0.0697648110209129	0.41660914130011	0.22988440246819	1	0.406921966438223	0.987283327146151	NA	"abundance"	80	36
"Streptococcus_salivarius.t__SGB8007_group"	"Sex"	"Female"	"SexFemale"	-0.167946964861668	-0.167946964861668	1.41008685677567	1	1	0.243508359676616	0.987283327146151	NA	"abundance"	80	36
"Streptococcus_salivarius.t__SGB8007_group"	"Termness"	"preterm"	"Termnesspreterm"	0.485892193525457	0.868915586593905	2.05836498280314	0.876541446529546	1	0.450166644562048	0.987283327146151	NA	"abundance"	80	36
"Streptococcus_vestibularis.t__SGB8003"	"acetate"	"acetate"	"acetate"	-1.16815769664625	0.315027551486609	1.71395148957482	0.420648359019935	1	0.664351676093705	0.987283327146151	NA	"abundance"	80	21
"Streptococcus_vestibularis.t__SGB8003"	"Antibiotics"	"Yes"	"AntibioticsYes"	-2.17427041541666	-2.17427041541666	3.96406539854044	1	1	0.830685464686621	0.987283327146151	NA	"abundance"	80	21
"Streptococcus_vestibularis.t__SGB8003"	"butyrate"	"butyrate"	"butyrate"	2.40803128831841	0.52564269759902	1.47759006763404	0.241689977104133	1	0.424965909175669	0.987283327146151	NA	"abundance"	80	21
"Streptococcus_vestibularis.t__SGB8003"	"Delivery_mode"	"C-section"	"Delivery_modeC-section"	-1.4455950881529	1.23305470382374	1.86231902821176	0.226257683030776	1	0.400482449668087	0.987283327146151	NA	"abundance"	80	21
"Streptococcus_vestibularis.t__SGB8003"	"Ethnicity"	"European"	"EthnicityEuropean"	-0.46495592709805	-0.232649738174813	1.92030598673884	0.909449012744788	1	0.390298189705231	0.987283327146151	NA	"abundance"	80	21
"Streptococcus_vestibularis.t__SGB8003"	"Feeding_method"	"Breastfed"	"Feeding_methodBreastfed"	1.07938906398776	-1.09616820089828	2.16077752275951	0.350010435992798	1	0.577513566681728	0.987283327146151	NA	"abundance"	80	21
"Streptococcus_vestibularis.t__SGB8003"	"isobutyrate"	"isobutyrate"	"isobutyrate"	-1.40549996406346	-0.36738176124677	1.27065427938167	0.459553588261282	1	0.707917676038744	0.987283327146151	NA	"abundance"	80	21
"Streptococcus_vestibularis.t__SGB8003"	"Probiotics"	"Yes"	"ProbioticsYes"	1.19510528406869	1.02237247681662	3.71288324182635	0.962898428003074	1	0.742938431418326	0.987283327146151	NA	"abundance"	80	21
"Streptococcus_vestibularis.t__SGB8003"	"propionate"	"propionate"	"propionate"	0.266836495718251	-0.456422871462418	1.51079114242513	0.657824496891967	1	0.452778191122499	0.987283327146151	NA	"abundance"	80	21
"Streptococcus_vestibularis.t__SGB8003"	"Read_depth"	"Read_depth"	"Read_depth"	-1.1440576878826	-0.0697648110209129	0.76256606285592	0.274423128921357	1	0.473538204155726	0.987283327146151	NA	"abundance"	80	21
"Streptococcus_vestibularis.t__SGB8003"	"Sex"	"Female"	"SexFemale"	-2.02360438154251	-0.167946964861668	1.98930009500745	0.41766495089091	1	0.660885890579114	0.987283327146151	NA	"abundance"	80	21
"Streptococcus_vestibularis.t__SGB8003"	"Termness"	"preterm"	"Termnesspreterm"	-2.45589281742986	0.868915586593905	3.33802643814921	0.37727790203351	1	0.612217188704213	0.987283327146151	NA	"abundance"	80	21
"Veillonella_atypica.t__SGB6936"	"acetate"	"acetate"	"acetate"	-0.717976534105896	0.315027551486609	1.69767327495538	0.56083640698783	1	0.807135338572641	0.987283327146151	NA	"abundance"	80	23
"Veillonella_atypica.t__SGB6936"	"Antibiotics"	"Yes"	"AntibioticsYes"	-2.0935686272617	-2.17427041541666	3.45302739550239	0.982408260862029	1	0.365906101245059	0.987283327146151	NA	"abundance"	80	23
"Veillonella_atypica.t__SGB6936"	"butyrate"	"butyrate"	"butyrate"	1.28660572225291	0.52564269759902	1.14274161284903	0.51747614203789	1	0.767170726497362	0.987283327146151	NA	"abundance"	80	23
"Veillonella_atypica.t__SGB6936"	"Delivery_mode"	"C-section"	"Delivery_modeC-section"	-0.137906692476673	1.23305470382374	2.19506508274308	0.58313411188225	1	0.8262228313238	0.987283327146151	NA	"abundance"	80	23
"Veillonella_atypica.t__SGB6936"	"Ethnicity"	"European"	"EthnicityEuropean"	2.57601317872821	-0.232649738174813	2.55292612128035	0.309467168118263	1	0.523164408093388	0.987283327146151	NA	"abundance"	80	23
"Veillonella_atypica.t__SGB6936"	"Feeding_method"	"Breastfed"	"Feeding_methodBreastfed"	-2.50518243351765	-1.09616820089828	1.96097124539781	0.501573543964279	1	0.751571067923671	0.987283327146151	NA	"abundance"	80	23
"Veillonella_atypica.t__SGB6936"	"isobutyrate"	"isobutyrate"	"isobutyrate"	0.77282726414587	-0.36738176124677	1.12009348307447	0.354986354279267	1	0.463656112851785	0.987283327146151	NA	"abundance"	80	23
"Veillonella_atypica.t__SGB6936"	"Probiotics"	"Yes"	"ProbioticsYes"	2.88085982869103	1.02237247681662	4.44165205692176	0.675834887297318	1	0.890687582204276	0.987283327146151	NA	"abundance"	80	23
"Veillonella_atypica.t__SGB6936"	"propionate"	"propionate"	"propionate"	-1.68873875275077	-0.456422871462418	1.62036985033755	0.480773078085888	1	0.149585430260741	0.987283327146151	NA	"abundance"	80	23
"Veillonella_atypica.t__SGB6936"	"Read_depth"	"Read_depth"	"Read_depth"	-0.169194361777413	-0.0697648110209129	0.772358414853724	0.912966968389903	1	0.719002685010135	0.987283327146151	NA	"abundance"	80	23
"Veillonella_atypica.t__SGB6936"	"Sex"	"Female"	"SexFemale"	-0.810923245570093	-0.167946964861668	3.27055682524459	0.85003680691469	1	0.893533326493026	0.987283327146151	NA	"abundance"	80	23
"Veillonella_atypica.t__SGB6936"	"Termness"	"preterm"	"Termnesspreterm"	-1.45955595162454	0.868915586593905	3.50126382933925	0.539003468202954	1	0.782983920393982	0.987283327146151	NA	"abundance"	80	23
"Veillonella_dispar.t__SGB6952"	"acetate"	"acetate"	"acetate"	-1.5914725667709	0.315027551486609	1.89165328432336	0.340059092702049	1	0.564477998874757	0.987283327146151	NA	"abundance"	80	25
"Veillonella_dispar.t__SGB6952"	"Antibiotics"	"Yes"	"AntibioticsYes"	1.88940708525466	-2.17427041541666	5.08044483737395	0.440112468418292	1	0.686525951979342	0.987283327146151	NA	"abundance"	80	25
"Veillonella_dispar.t__SGB6952"	"butyrate"	"butyrate"	"butyrate"	0.0357783838408122	0.52564269759902	0.880985138396174	0.616781634750235	1	0.853143684535298	0.987283327146151	NA	"abundance"	80	25
"Veillonella_dispar.t__SGB6952"	"Delivery_mode"	"C-section"	"Delivery_modeC-section"	-2.94777130630874	1.23305470382374	1.39863852172475	0.0315207876230925	1	0.0620480151938049	0.987283327146151	NA	"abundance"	80	25
"Veillonella_dispar.t__SGB6952"	"Ethnicity"	"European"	"EthnicityEuropean"	-0.238388414176967	-0.232649738174813	1.6006680523287	0.997351834302008	1	0.70157175851493	0.987283327146151	NA	"abundance"	80	25
"Veillonella_dispar.t__SGB6952"	"Feeding_method"	"Breastfed"	"Feeding_methodBreastfed"	-0.0275975891884337	-1.09616820089828	1.66275612547929	0.577222715421959	1	0.427573684494968	0.987283327146151	NA	"abundance"	80	25
"Veillonella_dispar.t__SGB6952"	"isobutyrate"	"isobutyrate"	"isobutyrate"	0.702069931606942	-0.36738176124677	0.75590568137024	0.245241651241367	1	0.430339834979141	0.987283327146151	NA	"abundance"	80	25
"Veillonella_dispar.t__SGB6952"	"Probiotics"	"Yes"	"ProbioticsYes"	-2.12624974986188	1.02237247681662	3.57482914692108	0.398258868669784	1	0.483022402974475	0.987283327146151	NA	"abundance"	80	25
"Veillonella_dispar.t__SGB6952"	"propionate"	"propionate"	"propionate"	-0.299904939653063	-0.456422871462418	1.48336414682151	0.921140322920195	1	0.244373067070761	0.987283327146151	NA	"abundance"	80	25
"Veillonella_dispar.t__SGB6952"	"Read_depth"	"Read_depth"	"Read_depth"	1.13836057589862	-0.0697648110209129	0.869493904287668	0.250248854288974	1	0.437873219505003	0.987283327146151	NA	"abundance"	80	25
"Veillonella_dispar.t__SGB6952"	"Sex"	"Female"	"SexFemale"	0.536823561697814	-0.167946964861668	1.68902710658224	0.714569447802662	1	0.642330408734021	0.987283327146151	NA	"abundance"	80	25
"Veillonella_dispar.t__SGB6952"	"Termness"	"preterm"	"Termnesspreterm"	3.18052317769276	0.868915586593905	2.3905804230272	0.424954968883601	1	0.483108069604922	0.987283327146151	NA	"abundance"	80	25
"Veillonella_parvula.t__SGB6939"	"acetate"	"acetate"	"acetate"	0.339916152182283	0.315027551486609	1.62356029560593	0.98802625068356	1	0.98777450868616	0.990353554400745	NA	"abundance"	80	32
"Veillonella_parvula.t__SGB6939"	"Antibiotics"	"Yes"	"AntibioticsYes"	-3.21666153703918	-2.17427041541666	3.48701698123808	0.776038699018961	1	0.647326507695242	0.987283327146151	NA	"abundance"	80	32
"Veillonella_parvula.t__SGB6939"	"butyrate"	"butyrate"	"butyrate"	-0.865758734505097	0.52564269759902	1.4373082191157	0.346797054896323	1	0.573325912507883	0.987283327146151	NA	"abundance"	80	32
"Veillonella_parvula.t__SGB6939"	"Delivery_mode"	"C-section"	"Delivery_modeC-section"	2.43344197839334	1.23305470382374	3.13958933313304	0.708795672390249	1	0.0380396067866244	0.987283327146151	NA	"abundance"	80	32
"Veillonella_parvula.t__SGB6939"	"Ethnicity"	"European"	"EthnicityEuropean"	0.711167912802756	-0.232649738174813	2.42393692069893	0.704759585190868	1	0.912833097463332	0.987283327146151	NA	"abundance"	80	32
"Veillonella_parvula.t__SGB6939"	"Feeding_method"	"Breastfed"	"Feeding_methodBreastfed"	-2.98463258303605	-1.09616820089828	2.24594330010533	0.419208552211639	1	0.133230547977034	0.987283327146151	NA	"abundance"	80	32
"Veillonella_parvula.t__SGB6939"	"isobutyrate"	"isobutyrate"	"isobutyrate"	-0.0896775348171487	-0.36738176124677	1.60110466195817	0.871033159417383	1	0.134002073594561	0.987283327146151	NA	"abundance"	80	32
"Veillonella_parvula.t__SGB6939"	"Probiotics"	"Yes"	"ProbioticsYes"	4.43709120250124	1.02237247681662	4.3975533764926	0.44074410855975	1	0.369604528583226	0.987283327146151	NA	"abundance"	80	32
"Veillonella_parvula.t__SGB6939"	"propionate"	"propionate"	"propionate"	0.837647933436494	-0.456422871462418	1.52112630504698	0.42657530954752	1	0.496270652123674	0.987283327146151	NA	"abundance"	80	32
"Veillonella_parvula.t__SGB6939"	"Read_depth"	"Read_depth"	"Read_depth"	1.41252835964153	-0.0697648110209129	1.40038410606436	0.324686018113467	1	0.481549564053606	0.987283327146151	NA	"abundance"	80	32
"Veillonella_parvula.t__SGB6939"	"Sex"	"Female"	"SexFemale"	0.109797377695132	-0.167946964861668	1.97726418977416	0.902381978925104	1	0.22198868713929	0.987283327146151	NA	"abundance"	80	32
"Veillonella_parvula.t__SGB6939"	"Termness"	"preterm"	"Termnesspreterm"	-0.355187891231476	0.868915586593905	3.46456946015005	0.737673635407168	1	0.915235690373129	0.987283327146151	NA	"abundance"	80	32
"Bifidobacterium_bifidum.t__SGB17256"	"acetate"	"acetate"	"acetate"	0.0164949013377595	0	0.29347046486507	0.955177428904819	1	0.846290266483656	0.987283327146151	NA	"prevalence"	80	43
"Bifidobacterium_bifidum.t__SGB17256"	"Antibiotics"	"Yes"	"AntibioticsYes"	-1.71458596702716	0	1.45846063790535	0.239749371582576	1	0.422018981990911	0.987283327146151	NA	"prevalence"	80	43
"Bifidobacterium_bifidum.t__SGB17256"	"butyrate"	"butyrate"	"butyrate"	-0.295933495213836	0	0.433294451711928	0.494616489982283	1	0.538123500150757	0.987283327146151	NA	"prevalence"	80	43
"Bifidobacterium_bifidum.t__SGB17256"	"Delivery_mode"	"C-section"	"Delivery_modeC-section"	-1.42952014501421	0	0.966635140730123	0.139177154919025	1	0.111227348439585	0.987283327146151	NA	"prevalence"	80	43
"Bifidobacterium_bifidum.t__SGB17256"	"Ethnicity"	"European"	"EthnicityEuropean"	-1.28857911454832	0	0.779346322189237	0.0982474198231367	1	0.18684228414437	0.987283327146151	NA	"prevalence"	80	43
"Bifidobacterium_bifidum.t__SGB17256"	"Feeding_method"	"Breastfed"	"Feeding_methodBreastfed"	0.700564157742408	0	0.82157327411013	0.393819866381324	1	0.196850726305878	0.987283327146151	NA	"prevalence"	80	43
"Bifidobacterium_bifidum.t__SGB17256"	"isobutyrate"	"isobutyrate"	"isobutyrate"	-0.450046616680959	0	0.430805342836331	0.29617852059879	1	0.0456792146447794	0.987283327146151	NA	"prevalence"	80	43
"Bifidobacterium_bifidum.t__SGB17256"	"propionate"	"propionate"	"propionate"	-0.567867747893931	0	0.335156962898935	0.0902018840830302	1	0.172267388273932	0.987283327146151	NA	"prevalence"	80	43
"Bifidobacterium_bifidum.t__SGB17256"	"Read_depth"	"Read_depth"	"Read_depth"	-0.14474234528691	0	0.338316348560521	0.668773899627484	1	0.890289270432016	0.987283327146151	NA	"prevalence"	80	43
"Bifidobacterium_bifidum.t__SGB17256"	"Sex"	"Female"	"SexFemale"	-0.51459389332225	0	0.778707298522904	0.508720724246616	1	0.758644673215231	0.987283327146151	NA	"prevalence"	80	43
"Bifidobacterium_bifidum.t__SGB17256"	"Termness"	"preterm"	"Termnesspreterm"	0.167968211616097	0	1.34269145027416	0.900445850728799	1	0.415814149313785	0.987283327146151	NA	"prevalence"	80	43
"Bifidobacterium_breve.t__SGB17247"	"acetate"	"acetate"	"acetate"	0.729326940452654	0	0.442383614398419	0.0992234392377968	1	0.188601587581417	0.987283327146151	NA	"prevalence"	80	39
"Bifidobacterium_breve.t__SGB17247"	"Antibiotics"	"Yes"	"AntibioticsYes"	-1.6131104786973	0	0.835143929671005	0.053416814615196	1	0.103980273146758	0.987283327146151	NA	"prevalence"	80	39
"Bifidobacterium_breve.t__SGB17247"	"butyrate"	"butyrate"	"butyrate"	-0.507662522286096	0	0.341504126016534	0.13713403945964	1	0.255462334140761	0.987283327146151	NA	"prevalence"	80	39
"Bifidobacterium_breve.t__SGB17247"	"Delivery_mode"	"C-section"	"Delivery_modeC-section"	-1.4354642317806	0	0.646097958568965	0.0263006144250456	1	0.0519095065309563	0.987283327146151	NA	"prevalence"	80	39
"Bifidobacterium_breve.t__SGB17247"	"Ethnicity"	"European"	"EthnicityEuropean"	-0.412777723351576	0	0.592892205725519	0.486297071718422	1	0.711804678626933	0.987283327146151	NA	"prevalence"	80	39
"Bifidobacterium_breve.t__SGB17247"	"Feeding_method"	"Breastfed"	"Feeding_methodBreastfed"	0.368974955007586	0	0.572693379798813	0.519393809602551	1	0.17088256429484	0.987283327146151	NA	"prevalence"	80	39
"Bifidobacterium_breve.t__SGB17247"	"isobutyrate"	"isobutyrate"	"isobutyrate"	-0.206120361730956	0	0.338024520992604	0.542008003929369	1	0.326799651493258	0.987283327146151	NA	"prevalence"	80	39
"Bifidobacterium_breve.t__SGB17247"	"Probiotics"	"Yes"	"ProbioticsYes"	-0.0291360534224239	0	1.08761408680702	0.978628056389018	1	0.133773284807503	0.987283327146151	NA	"prevalence"	80	39
"Bifidobacterium_breve.t__SGB17247"	"propionate"	"propionate"	"propionate"	-0.0721776639221375	0	0.27395226067895	0.792189857482815	1	0.956814944666987	0.989829026404412	NA	"prevalence"	80	39
"Bifidobacterium_breve.t__SGB17247"	"Read_depth"	"Read_depth"	"Read_depth"	0.106946029319231	0	0.264937670508872	0.686459178794588	1	0.401176557654872	0.987283327146151	NA	"prevalence"	80	39
"Bifidobacterium_breve.t__SGB17247"	"Sex"	"Female"	"SexFemale"	0.960626492481306	0	0.564914852675156	0.0890406473520873	1	0.170153057823296	0.987283327146151	NA	"prevalence"	80	39
"Bifidobacterium_breve.t__SGB17247"	"Termness"	"preterm"	"Termnesspreterm"	1.66227509758747	0	0.95259874623837	0.0809866441337169	1	0.155414451739393	0.987283327146151	NA	"prevalence"	80	39
"Bifidobacterium_longum.t__SGB17248"	"acetate"	"acetate"	"acetate"	0.102881991496657	0	0.26102525923445	0.693473449913399	1	0.906041474092006	0.987283327146151	NA	"prevalence"	80	20
"Bifidobacterium_longum.t__SGB17248"	"Antibiotics"	"Yes"	"AntibioticsYes"	-0.482499580992607	0	0.901858211528585	0.592645687886819	1	0.185626983678924	0.987283327146151	NA	"prevalence"	80	20
"Bifidobacterium_longum.t__SGB17248"	"butyrate"	"butyrate"	"butyrate"	-0.563256221667298	0	0.357701237636979	0.115335984369867	1	0.217369579449167	0.987283327146151	NA	"prevalence"	80	20
"Bifidobacterium_longum.t__SGB17248"	"Delivery_mode"	"C-section"	"Delivery_modeC-section"	-0.0474828242080264	0	0.610947419242115	0.938050796525683	1	0.979973249772703	0.990353554400745	NA	"prevalence"	80	20
"Bifidobacterium_longum.t__SGB17248"	"Ethnicity"	"European"	"EthnicityEuropean"	-0.0721790425625729	0	0.598023765833685	0.903931872244712	1	0.900692042944289	0.987283327146151	NA	"prevalence"	80	20
"Bifidobacterium_longum.t__SGB17248"	"Feeding_method"	"Breastfed"	"Feeding_methodBreastfed"	-0.455353361894067	0	0.571970317955872	0.425965996860359	1	0.654084404412894	0.987283327146151	NA	"prevalence"	80	20
"Bifidobacterium_longum.t__SGB17248"	"isobutyrate"	"isobutyrate"	"isobutyrate"	-0.0632607484972816	0	0.335198254256626	0.850307285648856	1	0.697585329804673	0.987283327146151	NA	"prevalence"	80	20
"Bifidobacterium_longum.t__SGB17248"	"Probiotics"	"Yes"	"ProbioticsYes"	1.56578032394077	0	1.6610118224473	0.345851475772363	1	0.345851475772363	0.987283327146151	NA	"prevalence"	80	20
"Bifidobacterium_longum.t__SGB17248"	"propionate"	"propionate"	"propionate"	-0.118764940974226	0	0.262107515540166	0.65046567629428	1	0.787865685563771	0.987283327146151	NA	"prevalence"	80	20
"Bifidobacterium_longum.t__SGB17248"	"Read_depth"	"Read_depth"	"Read_depth"	0.190565773336431	0	0.308089084649916	0.536218688373075	1	0.20767245089258	0.987283327146151	NA	"prevalence"	80	20
"Bifidobacterium_longum.t__SGB17248"	"Sex"	"Female"	"SexFemale"	-0.365554502038543	0	0.54733267693858	0.504207916133628	1	0.559011194293571	0.987283327146151	NA	"prevalence"	80	20
"Bifidobacterium_longum.t__SGB17248"	"Termness"	"preterm"	"Termnesspreterm"	-2.13760699576352	0	1.5624829188718	0.171285961774235	1	0.0407954448110497	0.987283327146151	NA	"prevalence"	80	20
"Bifidobacterium_pseudocatenulatum.t__SGB17237"	"acetate"	"acetate"	"acetate"	0.0263021184557972	0	0.313975604374846	0.933238333143093	1	0.933238333143093	0.987283327146151	NA	"prevalence"	80	10
"Bifidobacterium_pseudocatenulatum.t__SGB17237"	"Antibiotics"	"Yes"	"AntibioticsYes"	0.207230969367499	0	1.32952228244451	0.876136482175949	1	0.876136482175949	0.987283327146151	NA	"prevalence"	80	10
"Bifidobacterium_pseudocatenulatum.t__SGB17237"	"butyrate"	"butyrate"	"butyrate"	-0.674245023907188	0	0.464165104804553	0.14633556868135	1	0.14633556868135	0.987283327146151	NA	"prevalence"	80	10
"Bifidobacterium_pseudocatenulatum.t__SGB17237"	"Delivery_mode"	"C-section"	"Delivery_modeC-section"	-0.208662679170837	0	0.767279034416794	0.785659316819701	1	0.785659316819701	0.987283327146151	NA	"prevalence"	80	10
"Bifidobacterium_pseudocatenulatum.t__SGB17237"	"Ethnicity"	"European"	"EthnicityEuropean"	-0.761420854749476	0	0.719744342030292	0.290098934979853	1	0.290098934979853	0.987283327146151	NA	"prevalence"	80	10
"Bifidobacterium_pseudocatenulatum.t__SGB17237"	"Feeding_method"	"Breastfed"	"Feeding_methodBreastfed"	-0.1003679899011	0	0.721650097720298	0.889385953035693	1	0.889385953035693	0.987283327146151	NA	"prevalence"	80	10
"Bifidobacterium_pseudocatenulatum.t__SGB17237"	"isobutyrate"	"isobutyrate"	"isobutyrate"	0.553229364429394	0	0.48634007810524	0.255314269083538	1	0.255314269083538	0.987283327146151	NA	"prevalence"	80	10
"Bifidobacterium_pseudocatenulatum.t__SGB17237"	"Probiotics"	"Yes"	"ProbioticsYes"	-2.26720443004716	0	1.42655283537217	0.111995208349053	1	0.111995208349053	0.987283327146151	NA	"prevalence"	80	10
"Bifidobacterium_pseudocatenulatum.t__SGB17237"	"propionate"	"propionate"	"propionate"	-0.0791727120702853	0	0.343854697713227	0.817897131555485	1	0.817897131555485	0.987283327146151	NA	"prevalence"	80	10
"Bifidobacterium_pseudocatenulatum.t__SGB17237"	"Read_depth"	"Read_depth"	"Read_depth"	-0.158622056222795	0	0.356056946069764	0.655961124633383	1	0.655961124633383	0.987283327146151	NA	"prevalence"	80	10
"Bifidobacterium_pseudocatenulatum.t__SGB17237"	"Sex"	"Female"	"SexFemale"	-0.499284469922009	0	0.67026658064284	0.456329564781867	1	0.456329564781867	0.987283327146151	NA	"prevalence"	80	10
"Bifidobacterium_pseudocatenulatum.t__SGB17237"	"Termness"	"preterm"	"Termnesspreterm"	1.07572732549162	0	1.00723198612486	0.28551891554235	1	0.28551891554235	0.987283327146151	NA	"prevalence"	80	10
"Citrobacter_freundii.t__SGB10083"	"acetate"	"acetate"	"acetate"	-0.0490905898981087	0	0.308781309092099	0.873683259966123	1	0.873683259966123	0.987283327146151	NA	"prevalence"	80	10
"Citrobacter_freundii.t__SGB10083"	"Antibiotics"	"Yes"	"AntibioticsYes"	-0.389889633286865	0	1.11498689964803	0.726578182184845	1	0.726578182184845	0.987283327146151	NA	"prevalence"	80	10
"Citrobacter_freundii.t__SGB10083"	"butyrate"	"butyrate"	"butyrate"	0.125200954368298	0	0.39410590224687	0.750725005387427	1	0.750725005387427	0.987283327146151	NA	"prevalence"	80	10
"Citrobacter_freundii.t__SGB10083"	"Delivery_mode"	"C-section"	"Delivery_modeC-section"	-0.1099050162358	0	0.786455389309696	0.888859654063002	1	0.888859654063002	0.987283327146151	NA	"prevalence"	80	10
"Citrobacter_freundii.t__SGB10083"	"Ethnicity"	"European"	"EthnicityEuropean"	-0.00353082255728773	0	0.7058757131324	0.996008961627192	1	0.996008961627192	0.996008961627192	NA	"prevalence"	80	10
"Citrobacter_freundii.t__SGB10083"	"Feeding_method"	"Breastfed"	"Feeding_methodBreastfed"	-0.526416204876219	0	0.712269564642313	0.459865227601261	1	0.459865227601261	0.987283327146151	NA	"prevalence"	80	10
"Citrobacter_freundii.t__SGB10083"	"isobutyrate"	"isobutyrate"	"isobutyrate"	0.0587400095527381	0	0.39005388231517	0.880295519026047	1	0.880295519026047	0.987283327146151	NA	"prevalence"	80	10
"Citrobacter_freundii.t__SGB10083"	"Probiotics"	"Yes"	"ProbioticsYes"	-1.18533329838637	0	1.20712415098019	0.326125404467223	1	0.326125404467223	0.987283327146151	NA	"prevalence"	80	10
"Citrobacter_freundii.t__SGB10083"	"propionate"	"propionate"	"propionate"	0.304551149841591	0	0.43252142695201	0.481352052918417	1	0.481352052918417	0.987283327146151	NA	"prevalence"	80	10
"Citrobacter_freundii.t__SGB10083"	"Read_depth"	"Read_depth"	"Read_depth"	-0.129168757293227	0	0.297908482012578	0.664589565674373	1	0.664589565674373	0.987283327146151	NA	"prevalence"	80	10
"Citrobacter_freundii.t__SGB10083"	"Sex"	"Female"	"SexFemale"	-0.549222476126434	0	0.640469748141327	0.391151651672941	1	0.391151651672941	0.987283327146151	NA	"prevalence"	80	10
"Citrobacter_freundii.t__SGB10083"	"Termness"	"preterm"	"Termnesspreterm"	0.567312542299846	0	0.994173054666254	0.568245314186854	1	0.568245314186854	0.987283327146151	NA	"prevalence"	80	10
"Clostridium_neonatale.t__SGB6169"	"acetate"	"acetate"	"acetate"	-0.169936565997182	0	0.327661507201422	0.604015637223229	1	0.604015637223229	0.987283327146151	NA	"prevalence"	80	11
"Clostridium_neonatale.t__SGB6169"	"Antibiotics"	"Yes"	"AntibioticsYes"	0.322722918026775	0	1.3161967718353	0.8063065944361	1	0.8063065944361	0.987283327146151	NA	"prevalence"	80	11
"Clostridium_neonatale.t__SGB6169"	"butyrate"	"butyrate"	"butyrate"	0.870703704582317	0	0.40656971359948	0.0322268711458973	1	0.0322268711458973	0.987283327146151	NA	"prevalence"	80	11
"Clostridium_neonatale.t__SGB6169"	"Delivery_mode"	"C-section"	"Delivery_modeC-section"	0.97604670525954	0	0.839311959452711	0.244864842759572	1	0.244864842759572	0.987283327146151	NA	"prevalence"	80	11
"Clostridium_neonatale.t__SGB6169"	"Ethnicity"	"European"	"EthnicityEuropean"	-0.327027965186379	0	0.763741526596193	0.668511384615481	1	0.668511384615481	0.987283327146151	NA	"prevalence"	80	11
"Clostridium_neonatale.t__SGB6169"	"Feeding_method"	"Breastfed"	"Feeding_methodBreastfed"	-0.0592486520799174	0	0.725238511029137	0.934888934399635	1	0.934888934399635	0.987283327146151	NA	"prevalence"	80	11
"Clostridium_neonatale.t__SGB6169"	"isobutyrate"	"isobutyrate"	"isobutyrate"	-0.514118578346883	0	0.387190934981637	0.184238678171623	1	0.184238678171623	0.987283327146151	NA	"prevalence"	80	11
"Clostridium_neonatale.t__SGB6169"	"Probiotics"	"Yes"	"ProbioticsYes"	-1.43393009953369	0	1.44683535422055	0.321646343712432	1	0.321646343712432	0.987283327146151	NA	"prevalence"	80	11
"Clostridium_neonatale.t__SGB6169"	"propionate"	"propionate"	"propionate"	-0.510663745656198	0	0.30142102785075	0.0902296542986322	1	0.0902296542986322	0.987283327146151	NA	"prevalence"	80	11
"Clostridium_neonatale.t__SGB6169"	"Read_depth"	"Read_depth"	"Read_depth"	0.160499769677981	0	0.27812263977299	0.563883576365696	1	0.563883576365696	0.987283327146151	NA	"prevalence"	80	11
"Clostridium_neonatale.t__SGB6169"	"Sex"	"Female"	"SexFemale"	-0.815773645721362	0	0.679834623310177	0.230155280677291	1	0.230155280677291	0.987283327146151	NA	"prevalence"	80	11
"Clostridium_neonatale.t__SGB6169"	"Termness"	"preterm"	"Termnesspreterm"	0.0889019741494647	0	0.985924377671362	0.928151178280099	1	0.928151178280099	0.987283327146151	NA	"prevalence"	80	11
"Clostridium_perfringens.t__SGB6191"	"acetate"	"acetate"	"acetate"	0.145695162450823	0	0.307763433340687	0.63592793855479	1	0.867451534075035	0.987283327146151	NA	"prevalence"	80	32
"Clostridium_perfringens.t__SGB6191"	"Antibiotics"	"Yes"	"AntibioticsYes"	-1.11518291127601	0	0.792738289607095	0.159502161395515	1	0.293563383301188	0.987283327146151	NA	"prevalence"	80	32
"Clostridium_perfringens.t__SGB6191"	"butyrate"	"butyrate"	"butyrate"	0.491904173349235	0	0.33192090485394	0.138342385370045	1	0.257546155150215	0.987283327146151	NA	"prevalence"	80	32
"Clostridium_perfringens.t__SGB6191"	"Delivery_mode"	"C-section"	"Delivery_modeC-section"	0.398891890659702	0	0.659217533671221	0.545113198246316	1	0.149804185846363	0.987283327146151	NA	"prevalence"	80	32
"Clostridium_perfringens.t__SGB6191"	"Ethnicity"	"European"	"EthnicityEuropean"	0.395022971437335	0	0.577821189786049	0.494201106030567	1	0.458115012734908	0.987283327146151	NA	"prevalence"	80	32
"Clostridium_perfringens.t__SGB6191"	"Feeding_method"	"Breastfed"	"Feeding_methodBreastfed"	-0.460698727696279	0	0.56430378703503	0.414270265937182	1	0.6569206786347	0.987283327146151	NA	"prevalence"	80	32
"Clostridium_perfringens.t__SGB6191"	"isobutyrate"	"isobutyrate"	"isobutyrate"	0.171878283191452	0	0.325022715557771	0.59693081164582	1	0.582152678118657	0.987283327146151	NA	"prevalence"	80	32
"Clostridium_perfringens.t__SGB6191"	"Probiotics"	"Yes"	"ProbioticsYes"	-0.541578945589443	0	1.05213933169787	0.606734222251904	1	0.584945912017764	0.987283327146151	NA	"prevalence"	80	32
"Clostridium_perfringens.t__SGB6191"	"propionate"	"propionate"	"propionate"	-0.221073414219993	0	0.267620382107505	0.408763864778584	1	0.650439832408443	0.987283327146151	NA	"prevalence"	80	32
"Clostridium_perfringens.t__SGB6191"	"Read_depth"	"Read_depth"	"Read_depth"	-0.585038231330657	0	0.352291268896848	0.096780489078022	1	0.184194515089863	0.987283327146151	NA	"prevalence"	80	32
"Clostridium_perfringens.t__SGB6191"	"Sex"	"Female"	"SexFemale"	-0.367302339612726	0	0.545548020589167	0.500774107993141	1	0.684090479738366	0.987283327146151	NA	"prevalence"	80	32
"Clostridium_perfringens.t__SGB6191"	"Termness"	"preterm"	"Termnesspreterm"	1.13460180293147	0	0.958246947018986	0.236397606001738	1	0.416911383880124	0.987283327146151	NA	"prevalence"	80	32
"Cutibacterium_avidum.t__SGB16953"	"acetate"	"acetate"	"acetate"	-0.0348754583496923	0	0.263506590733902	0.894706377139508	1	0.838076327888532	0.987283327146151	NA	"prevalence"	80	21
"Cutibacterium_avidum.t__SGB16953"	"Antibiotics"	"Yes"	"AntibioticsYes"	-0.123960281511161	0	0.865195276552442	0.88607352109656	1	0.681305498546145	0.987283327146151	NA	"prevalence"	80	21
"Cutibacterium_avidum.t__SGB16953"	"butyrate"	"butyrate"	"butyrate"	-0.272277980664903	0	0.335448069066282	0.416972720607246	1	0.660079191483883	0.987283327146151	NA	"prevalence"	80	21
"Cutibacterium_avidum.t__SGB16953"	"Delivery_mode"	"C-section"	"Delivery_modeC-section"	-0.805982055557787	0	0.635426349589275	0.204651055858932	1	0.181322658073443	0.987283327146151	NA	"prevalence"	80	21
"Cutibacterium_avidum.t__SGB16953"	"Ethnicity"	"European"	"EthnicityEuropean"	-0.370973859506088	0	0.569732043181883	0.514957775131101	1	0.764734040094228	0.987283327146151	NA	"prevalence"	80	21
"Cutibacterium_avidum.t__SGB16953"	"Feeding_method"	"Breastfed"	"Feeding_methodBreastfed"	0.535908163928772	0	0.569927947728855	0.347059277588129	1	0.262240088198713	0.987283327146151	NA	"prevalence"	80	21
"Cutibacterium_avidum.t__SGB16953"	"isobutyrate"	"isobutyrate"	"isobutyrate"	0.0100081700175078	0	0.323088258054789	0.975288215321965	1	0.981602069980907	0.990353554400745	NA	"prevalence"	80	21
"Cutibacterium_avidum.t__SGB16953"	"Probiotics"	"Yes"	"ProbioticsYes"	-0.942078484450216	0	1.02308007279052	0.357141404167154	1	0.586732825763821	0.987283327146151	NA	"prevalence"	80	21
"Cutibacterium_avidum.t__SGB16953"	"propionate"	"propionate"	"propionate"	0.551177367130068	0	0.371233762506803	0.137618600207613	1	0.256298321292123	0.987283327146151	NA	"prevalence"	80	21
"Cutibacterium_avidum.t__SGB16953"	"Read_depth"	"Read_depth"	"Read_depth"	-0.00835703454879241	0	0.283165521048843	0.976455533971161	1	0.929209679386564	0.987283327146151	NA	"prevalence"	80	21
"Cutibacterium_avidum.t__SGB16953"	"Sex"	"Female"	"SexFemale"	0.00594657209624252	0	0.5344397769997	0.991122329644324	1	0.649911934925127	0.987283327146151	NA	"prevalence"	80	21
"Cutibacterium_avidum.t__SGB16953"	"Termness"	"preterm"	"Termnesspreterm"	0.660258329178038	0	0.903045841931976	0.464689997222838	1	0.507019714618496	0.987283327146151	NA	"prevalence"	80	21
"Enterobacter_asburiae.t__SGB10141"	"acetate"	"acetate"	"acetate"	0.137191342748804	0	0.280110542236663	0.624292613011725	1	0.165246115727452	0.987283327146151	NA	"prevalence"	80	14
"Enterobacter_asburiae.t__SGB10141"	"Antibiotics"	"Yes"	"AntibioticsYes"	-0.710255176813888	0	0.954759188684101	0.456930754846253	1	0.324829672439643	0.987283327146151	NA	"prevalence"	80	14
"Enterobacter_asburiae.t__SGB10141"	"butyrate"	"butyrate"	"butyrate"	-0.164936665081168	0	0.378795719890932	0.663254850927498	1	0.886602704576138	0.987283327146151	NA	"prevalence"	80	14
"Enterobacter_asburiae.t__SGB10141"	"Delivery_mode"	"C-section"	"Delivery_modeC-section"	0.0828518758596677	0	0.715825738764226	0.907856162645331	1	0.96315846373351	0.989829026404412	NA	"prevalence"	80	14
"Enterobacter_asburiae.t__SGB10141"	"Ethnicity"	"European"	"EthnicityEuropean"	0.164309248045633	0	0.681453235387878	0.809465246763888	1	0.506381252792316	0.987283327146151	NA	"prevalence"	80	14
"Enterobacter_asburiae.t__SGB10141"	"Feeding_method"	"Breastfed"	"Feeding_methodBreastfed"	-0.867284528045024	0	0.652046334635205	0.183486488423403	1	0.333305685412855	0.987283327146151	NA	"prevalence"	80	14
"Enterobacter_asburiae.t__SGB10141"	"isobutyrate"	"isobutyrate"	"isobutyrate"	0.188054271920522	0	0.417594508083064	0.65247434548078	1	0.19904803566473	0.987283327146151	NA	"prevalence"	80	14
"Enterobacter_asburiae.t__SGB10141"	"Probiotics"	"Yes"	"ProbioticsYes"	1.73811836860955	0	1.67111582250369	0.298296000698002	1	0.298296000698002	0.987283327146151	NA	"prevalence"	80	14
"Enterobacter_asburiae.t__SGB10141"	"propionate"	"propionate"	"propionate"	0.118930220311099	0	0.35916680546674	0.7405477303486	1	0.125718387846127	0.987283327146151	NA	"prevalence"	80	14
"Enterobacter_asburiae.t__SGB10141"	"Read_depth"	"Read_depth"	"Read_depth"	0.219412403669862	0	0.359799040274453	0.541981506330077	1	0.681707362323702	0.987283327146151	NA	"prevalence"	80	14
"Enterobacter_asburiae.t__SGB10141"	"Sex"	"Female"	"SexFemale"	-1.3229490458216	0	0.62355390631046	0.0338690405558361	1	0.0665909692034993	0.987283327146151	NA	"prevalence"	80	14
"Enterobacter_asburiae.t__SGB10141"	"Termness"	"preterm"	"Termnesspreterm"	-1.64663580119437	0	1.56166918538908	0.291696360795857	1	0.188106860131061	0.987283327146151	NA	"prevalence"	80	14
"Enterobacter_hormaechei.t__SGB10130"	"acetate"	"acetate"	"acetate"	-0.00425674071023374	0	0.310640390055238	0.989066838985578	1	0.8605538546845	0.987283327146151	NA	"prevalence"	80	18
"Enterobacter_hormaechei.t__SGB10130"	"Antibiotics"	"Yes"	"AntibioticsYes"	-1.32147543962045	0	0.829103224818146	0.110967132163411	1	0.209620559906251	0.987283327146151	NA	"prevalence"	80	18
"Enterobacter_hormaechei.t__SGB10130"	"butyrate"	"butyrate"	"butyrate"	-0.0496842054747992	0	0.351948724352411	0.887736533951124	1	0.966732670596061	0.989934254690367	NA	"prevalence"	80	18
"Enterobacter_hormaechei.t__SGB10130"	"Delivery_mode"	"C-section"	"Delivery_modeC-section"	0.00495346377054126	0	0.733463630619902	0.994611508933556	1	0.981552226773208	0.990353554400745	NA	"prevalence"	80	18
"Enterobacter_hormaechei.t__SGB10130"	"Ethnicity"	"European"	"EthnicityEuropean"	-0.503906291810947	0	0.610622078247315	0.409238575778969	1	0.651000939652339	0.987283327146151	NA	"prevalence"	80	18
"Enterobacter_hormaechei.t__SGB10130"	"Feeding_method"	"Breastfed"	"Feeding_methodBreastfed"	0.371752307133212	0	0.604642503201593	0.538667042026602	1	0.787171901887515	0.987283327146151	NA	"prevalence"	80	18
"Enterobacter_hormaechei.t__SGB10130"	"isobutyrate"	"isobutyrate"	"isobutyrate"	-0.144007272314349	0	0.336781149227785	0.668943116428816	1	0.890401339840136	0.987283327146151	NA	"prevalence"	80	18
"Enterobacter_hormaechei.t__SGB10130"	"Probiotics"	"Yes"	"ProbioticsYes"	0.626144065092351	0	1.03522902857753	0.545287791045783	1	0.793236807027976	0.987283327146151	NA	"prevalence"	80	18
"Enterobacter_hormaechei.t__SGB10130"	"propionate"	"propionate"	"propionate"	0.455839220205576	0	0.415436919060497	0.272531005557848	1	0.470788862125324	0.987283327146151	NA	"prevalence"	80	18
"Enterobacter_hormaechei.t__SGB10130"	"Read_depth"	"Read_depth"	"Read_depth"	-0.0299771282197654	0	0.295974203063101	0.919325883212341	1	0.970027354782996	0.990353554400745	NA	"prevalence"	80	18
"Enterobacter_hormaechei.t__SGB10130"	"Sex"	"Female"	"SexFemale"	0.327048516584777	0	0.567197709348564	0.564206938580411	1	0.586675451042623	0.987283327146151	NA	"prevalence"	80	18
"Enterobacter_hormaechei.t__SGB10130"	"Termness"	"preterm"	"Termnesspreterm"	0.594116116424577	0	0.968454036427035	0.539566556147892	1	0.788001043782487	0.987283327146151	NA	"prevalence"	80	18
"Enterobacter_kobei.t__SGB10133"	"acetate"	"acetate"	"acetate"	-0.528271380696135	0	0.35684105896577	0.138763632263979	1	0.258271918888866	0.987283327146151	NA	"prevalence"	80	13
"Enterobacter_kobei.t__SGB10133"	"Antibiotics"	"Yes"	"AntibioticsYes"	1.65615081764761	0	1.23540892810417	0.180060452428161	1	0.327699138327689	0.987283327146151	NA	"prevalence"	80	13
"Enterobacter_kobei.t__SGB10133"	"butyrate"	"butyrate"	"butyrate"	0.117557988981882	0	0.387836380809156	0.761804258058632	1	0.932790456401159	0.987283327146151	NA	"prevalence"	80	13
"Enterobacter_kobei.t__SGB10133"	"Delivery_mode"	"C-section"	"Delivery_modeC-section"	-0.627375844544656	0	0.735416756173442	0.393610026830927	1	0.632291200440011	0.987283327146151	NA	"prevalence"	80	13
"Enterobacter_kobei.t__SGB10133"	"Ethnicity"	"European"	"EthnicityEuropean"	-0.248018744761631	0	0.686608256830017	0.717932694884236	1	0.830538362076031	0.987283327146151	NA	"prevalence"	80	13
"Enterobacter_kobei.t__SGB10133"	"Feeding_method"	"Breastfed"	"Feeding_methodBreastfed"	-0.0885733053149336	0	0.646638151401741	0.89105050151297	1	0.847485146695869	0.987283327146151	NA	"prevalence"	80	13
"Enterobacter_kobei.t__SGB10133"	"isobutyrate"	"isobutyrate"	"isobutyrate"	-0.0380002466076543	0	0.389929566196172	0.922365759786598	1	0.658285883821534	0.987283327146151	NA	"prevalence"	80	13
"Enterobacter_kobei.t__SGB10133"	"Probiotics"	"Yes"	"ProbioticsYes"	-1.63338252940765	0	1.42180325394892	0.250634122303819	1	0.250634122303819	0.987283327146151	NA	"prevalence"	80	13
"Enterobacter_kobei.t__SGB10133"	"propionate"	"propionate"	"propionate"	-0.187092545941939	0	0.284403800540526	0.51064015800183	1	0.760526945039527	0.987283327146151	NA	"prevalence"	80	13
"Enterobacter_kobei.t__SGB10133"	"Read_depth"	"Read_depth"	"Read_depth"	-0.107004175162059	0	0.316478415070988	0.735281108708206	1	0.909151991128406	0.987283327146151	NA	"prevalence"	80	13
"Enterobacter_kobei.t__SGB10133"	"Sex"	"Female"	"SexFemale"	0.193237467660571	0	0.621022662734957	0.755678921542642	1	0.654380329909118	0.987283327146151	NA	"prevalence"	80	13
"Enterobacter_kobei.t__SGB10133"	"Termness"	"preterm"	"Termnesspreterm"	1.25250073094432	0	1.04849166308199	0.232253568131634	1	0.410565416353392	0.987283327146151	NA	"prevalence"	80	13
"Enterococcus_faecalis.t__SGB7962"	"acetate"	"acetate"	"acetate"	-0.186028630606819	0	0.455788462231841	0.683165857376524	1	0.899616126068047	0.987283327146151	NA	"prevalence"	80	62
"Enterococcus_faecalis.t__SGB7962"	"Antibiotics"	"Yes"	"AntibioticsYes"	0.96300905738822	0	1.01360302756745	0.342069051818879	1	0.532012796321647	0.987283327146151	NA	"prevalence"	80	62
"Enterococcus_faecalis.t__SGB7962"	"butyrate"	"butyrate"	"butyrate"	-0.289435477279212	0	0.357598016624349	0.418292108898811	1	0.661615929430608	0.987283327146151	NA	"prevalence"	80	62
"Enterococcus_faecalis.t__SGB7962"	"Delivery_mode"	"C-section"	"Delivery_modeC-section"	1.14298810710332	0	0.675558584877143	0.0906620675097843	1	0.17310452453442	0.987283327146151	NA	"prevalence"	80	62
"Enterococcus_faecalis.t__SGB7962"	"Ethnicity"	"European"	"EthnicityEuropean"	-0.820351981447534	0	0.643717304747787	0.202522436146889	1	0.364029535150907	0.987283327146151	NA	"prevalence"	80	62
"Enterococcus_faecalis.t__SGB7962"	"Feeding_method"	"Breastfed"	"Feeding_methodBreastfed"	-0.615733082141957	0	0.625476480333398	0.324907849767753	1	0.212715030621081	0.987283327146151	NA	"prevalence"	80	62
"Enterococcus_faecalis.t__SGB7962"	"isobutyrate"	"isobutyrate"	"isobutyrate"	0.482146151236742	0	0.373294700669793	0.196496895990998	1	0.13708371608353	0.987283327146151	NA	"prevalence"	80	62
"Enterococcus_faecalis.t__SGB7962"	"Probiotics"	"Yes"	"ProbioticsYes"	-0.575040407483176	0	1.28499377552481	0.654510889787722	1	0.880637274724728	0.987283327146151	NA	"prevalence"	80	62
"Enterococcus_faecalis.t__SGB7962"	"propionate"	"propionate"	"propionate"	0.153359374090166	0	0.266837750150633	0.565474639971523	1	0.811187711492123	0.987283327146151	NA	"prevalence"	80	62
"Enterococcus_faecalis.t__SGB7962"	"Read_depth"	"Read_depth"	"Read_depth"	0.423079351610724	0	0.327829674648878	0.19686107043725	1	0.3549678598208	0.987283327146151	NA	"prevalence"	80	62
"Enterococcus_faecalis.t__SGB7962"	"Sex"	"Female"	"SexFemale"	0.714461755118516	0	0.669099774654921	0.285612750397484	1	0.489650857605352	0.987283327146151	NA	"prevalence"	80	62
"Enterococcus_faecalis.t__SGB7962"	"Termness"	"preterm"	"Termnesspreterm"	0.862069987051451	0	1.09703818902124	0.431975384761314	1	0.677348036482943	0.987283327146151	NA	"prevalence"	80	62
"Escherichia_coli.t__SGB10068"	"acetate"	"acetate"	"acetate"	-0.0354154847848795	0	0.268631740443035	0.895113567588526	1	0.985294080050468	0.990353554400745	NA	"prevalence"	80	40
"Escherichia_coli.t__SGB10068"	"Antibiotics"	"Yes"	"AntibioticsYes"	-0.130349217465959	0	0.766372875697888	0.864942585023371	1	0.00870283139216382	0.987283327146151	NA	"prevalence"	80	40
"Escherichia_coli.t__SGB10068"	"butyrate"	"butyrate"	"butyrate"	-0.73921570764162	0	0.328089507138394	0.0242533749515054	1	0.0479185237064724	0.987283327146151	NA	"prevalence"	80	40
"Escherichia_coli.t__SGB10068"	"Delivery_mode"	"C-section"	"Delivery_modeC-section"	-0.964926547938766	0	0.626212519518112	0.123342806414813	1	0.231472164935344	0.987283327146151	NA	"prevalence"	80	40
"Escherichia_coli.t__SGB10068"	"Ethnicity"	"European"	"EthnicityEuropean"	0.276917163604364	0	0.537849150332988	0.606650659262285	1	0.845276296141205	0.987283327146151	NA	"prevalence"	80	40
"Escherichia_coli.t__SGB10068"	"Feeding_method"	"Breastfed"	"Feeding_methodBreastfed"	-0.313044879455995	0	0.532403897957774	0.556543150952594	1	0.803346023032946	0.987283327146151	NA	"prevalence"	80	40
"Escherichia_coli.t__SGB10068"	"isobutyrate"	"isobutyrate"	"isobutyrate"	0.377883583406207	0	0.311953155314534	0.225762363472967	1	0.400556082185034	0.987283327146151	NA	"prevalence"	80	40
"Escherichia_coli.t__SGB10068"	"Probiotics"	"Yes"	"ProbioticsYes"	0.485599741372126	0	0.997589852403006	0.626419251594937	1	0.860437424421113	0.987283327146151	NA	"prevalence"	80	40
"Escherichia_coli.t__SGB10068"	"propionate"	"propionate"	"propionate"	0.0320960722727484	0	0.261141662408044	0.902180942684003	1	0.269598125911732	0.987283327146151	NA	"prevalence"	80	40
"Escherichia_coli.t__SGB10068"	"Read_depth"	"Read_depth"	"Read_depth"	-0.343433090604066	0	0.249285816836751	0.168305818180021	1	0.308284787926796	0.987283327146151	NA	"prevalence"	80	40
"Escherichia_coli.t__SGB10068"	"Sex"	"Female"	"SexFemale"	-0.248306758188035	0	0.503117457108538	0.621633655421624	1	0.856838909290397	0.987283327146151	NA	"prevalence"	80	40
"Escherichia_coli.t__SGB10068"	"Termness"	"preterm"	"Termnesspreterm"	0.262490894617913	0	0.902682329780994	0.771212018650384	1	0.0367169565632293	0.987283327146151	NA	"prevalence"	80	40
"Finegoldia_magna.t__SGB6686_group"	"acetate"	"acetate"	"acetate"	-0.202065419791264	0	0.322855329716605	0.531400305576123	1	0.531400305576123	0.987283327146151	NA	"prevalence"	80	11
"Finegoldia_magna.t__SGB6686_group"	"Antibiotics"	"Yes"	"AntibioticsYes"	-1.47876635820859	0	1.01592564793827	0.145507316141408	1	0.145507316141408	0.987283327146151	NA	"prevalence"	80	11
"Finegoldia_magna.t__SGB6686_group"	"butyrate"	"butyrate"	"butyrate"	0.585833454493337	0	0.419599287853431	0.162662220133068	1	0.162662220133068	0.987283327146151	NA	"prevalence"	80	11
"Finegoldia_magna.t__SGB6686_group"	"Delivery_mode"	"C-section"	"Delivery_modeC-section"	-0.850525197758474	0	0.865351442819013	0.325673002934107	1	0.325673002934107	0.987283327146151	NA	"prevalence"	80	11
"Finegoldia_magna.t__SGB6686_group"	"Ethnicity"	"European"	"EthnicityEuropean"	-0.231505823292112	0	0.712467237086392	0.745229967636802	1	0.745229967636802	0.987283327146151	NA	"prevalence"	80	11
"Finegoldia_magna.t__SGB6686_group"	"Feeding_method"	"Breastfed"	"Feeding_methodBreastfed"	0.0479746646996668	0	0.685316184822253	0.944190719228957	1	0.944190719228957	0.987283327146151	NA	"prevalence"	80	11
"Finegoldia_magna.t__SGB6686_group"	"isobutyrate"	"isobutyrate"	"isobutyrate"	-0.47682229802662	0	0.371008611680125	0.198720491840948	1	0.198720491840948	0.987283327146151	NA	"prevalence"	80	11
"Finegoldia_magna.t__SGB6686_group"	"Probiotics"	"Yes"	"ProbioticsYes"	-1.2571058775635	0	1.06563441787564	0.238128158207645	1	0.238128158207645	0.987283327146151	NA	"prevalence"	80	11
"Finegoldia_magna.t__SGB6686_group"	"propionate"	"propionate"	"propionate"	0.124330470781563	0	0.354349551040903	0.725686209624407	1	0.725686209624407	0.987283327146151	NA	"prevalence"	80	11
"Finegoldia_magna.t__SGB6686_group"	"Read_depth"	"Read_depth"	"Read_depth"	0.155678293177638	0	0.359753225728264	0.665206328171886	1	0.665206328171886	0.987283327146151	NA	"prevalence"	80	11
"Finegoldia_magna.t__SGB6686_group"	"Sex"	"Female"	"SexFemale"	-0.296949252193958	0	0.687322170041572	0.665713840981823	1	0.665713840981823	0.987283327146151	NA	"prevalence"	80	11
"Finegoldia_magna.t__SGB6686_group"	"Termness"	"preterm"	"Termnesspreterm"	2.57069974368464	0	1.05879674412003	0.0151846662758677	1	0.0151846662758677	0.987283327146151	NA	"prevalence"	80	11
"Haemophilus_parainfluenzae.t__SGB9663_group"	"acetate"	"acetate"	"acetate"	0.161939716004047	0	0.421058845809625	0.700532942519196	1	0.0060481892722094	0.987283327146151	NA	"prevalence"	80	28
"Haemophilus_parainfluenzae.t__SGB9663_group"	"Antibiotics"	"Yes"	"AntibioticsYes"	0.370313778836441	0	1.03948380860417	0.721655027335959	1	0.457904541914367	0.987283327146151	NA	"prevalence"	80	28
"Haemophilus_parainfluenzae.t__SGB9663_group"	"butyrate"	"butyrate"	"butyrate"	0.147181262093456	0	0.339055043570962	0.66422124887171	1	0.731639950405938	0.987283327146151	NA	"prevalence"	80	28
"Haemophilus_parainfluenzae.t__SGB9663_group"	"Delivery_mode"	"C-section"	"Delivery_modeC-section"	-0.776327565243569	0	0.64023643321843	0.225296610579514	1	0.334218238165341	0.987283327146151	NA	"prevalence"	80	28
"Haemophilus_parainfluenzae.t__SGB9663_group"	"Ethnicity"	"European"	"EthnicityEuropean"	-0.253426239257333	0	0.603341425116414	0.67445779840371	1	0.0974738289876661	0.987283327146151	NA	"prevalence"	80	28
"Haemophilus_parainfluenzae.t__SGB9663_group"	"Feeding_method"	"Breastfed"	"Feeding_methodBreastfed"	1.19862367329449	0	0.617586186662978	0.0522801043176516	1	0.101826999327839	0.987283327146151	NA	"prevalence"	80	28
"Haemophilus_parainfluenzae.t__SGB9663_group"	"isobutyrate"	"isobutyrate"	"isobutyrate"	-0.0453078321060983	0	0.34172863612907	0.894522195644821	1	0.817823745999619	0.987283327146151	NA	"prevalence"	80	28
"Haemophilus_parainfluenzae.t__SGB9663_group"	"Probiotics"	"Yes"	"ProbioticsYes"	-1.59165973352589	0	1.19162402163364	0.181645283731453	1	0.16407050250447	0.987283327146151	NA	"prevalence"	80	28
"Haemophilus_parainfluenzae.t__SGB9663_group"	"propionate"	"propionate"	"propionate"	-0.0598488120196536	0	0.307740162448699	0.845801313222093	1	0.964052228841797	0.989829026404412	NA	"prevalence"	80	28
"Haemophilus_parainfluenzae.t__SGB9663_group"	"Read_depth"	"Read_depth"	"Read_depth"	0.0798772964960428	0	0.258272026005045	0.757111711372921	1	0.941005279247809	0.987283327146151	NA	"prevalence"	80	28
"Haemophilus_parainfluenzae.t__SGB9663_group"	"Sex"	"Female"	"SexFemale"	0.276068828758007	0	0.579051736623397	0.633532881148316	1	0.0476193846459027	0.987283327146151	NA	"prevalence"	80	28
"Haemophilus_parainfluenzae.t__SGB9663_group"	"Termness"	"preterm"	"Termnesspreterm"	-0.49559774357898	0	0.912534234391542	0.587060650190414	1	0.0275911828955857	0.987283327146151	NA	"prevalence"	80	28
"Klebsiella_grimontii.t__SGB10120"	"acetate"	"acetate"	"acetate"	0.166889050930289	0	0.301924613807149	0.580434109970538	1	0.823964463923786	0.987283327146151	NA	"prevalence"	80	15
"Klebsiella_grimontii.t__SGB10120"	"Antibiotics"	"Yes"	"AntibioticsYes"	1.18426343628154	0	1.26138282497113	0.347801994598251	1	0.57463776174998	0.987283327146151	NA	"prevalence"	80	15
"Klebsiella_grimontii.t__SGB10120"	"butyrate"	"butyrate"	"butyrate"	-0.576952940461345	0	0.418495019066724	0.168006538385699	1	0.307786879831053	0.987283327146151	NA	"prevalence"	80	15
"Klebsiella_grimontii.t__SGB10120"	"Delivery_mode"	"C-section"	"Delivery_modeC-section"	0.0514618141163155	0	0.727777524680406	0.943627834294581	1	0.895921660160755	0.987283327146151	NA	"prevalence"	80	15
"Klebsiella_grimontii.t__SGB10120"	"Ethnicity"	"European"	"EthnicityEuropean"	-0.586684854616117	0	0.700928262835743	0.402586233876511	1	0.643096792046149	0.987283327146151	NA	"prevalence"	80	15
"Klebsiella_grimontii.t__SGB10120"	"Feeding_method"	"Breastfed"	"Feeding_methodBreastfed"	-1.61060332638507	0	0.739638609864228	0.0294392258621175	1	0.0580117837048743	0.987283327146151	NA	"prevalence"	80	15
"Klebsiella_grimontii.t__SGB10120"	"isobutyrate"	"isobutyrate"	"isobutyrate"	0.0508078650487753	0	0.432878266905747	0.906565130301632	1	0.919097959558712	0.987283327146151	NA	"prevalence"	80	15
"Klebsiella_grimontii.t__SGB10120"	"Probiotics"	"Yes"	"ProbioticsYes"	-3.2638108357842	0	1.48754954481834	0.0282292659459886	1	0.0282292659459886	0.987283327146151	NA	"prevalence"	80	15
"Klebsiella_grimontii.t__SGB10120"	"propionate"	"propionate"	"propionate"	-0.22876717918365	0	0.338534645607012	0.499194897199535	1	0.749194249009016	0.987283327146151	NA	"prevalence"	80	15
"Klebsiella_grimontii.t__SGB10120"	"Read_depth"	"Read_depth"	"Read_depth"	-0.0504524001426876	0	0.3736392836964	0.892588392680751	1	0.926834359493315	0.987283327146151	NA	"prevalence"	80	15
"Klebsiella_grimontii.t__SGB10120"	"Sex"	"Female"	"SexFemale"	0.16336936562172	0	0.599757890787103	0.785320476867691	1	0.82107804504285	0.987283327146151	NA	"prevalence"	80	15
"Klebsiella_grimontii.t__SGB10120"	"Termness"	"preterm"	"Termnesspreterm"	1.97101784859809	0	1.04209822774603	0.0585718312308595	1	0.113713003047983	0.987283327146151	NA	"prevalence"	80	15
"Klebsiella_michiganensis.t__SGB10119"	"acetate"	"acetate"	"acetate"	-0.559387572989051	0	0.39040833977856	0.151907310539263	1	0.241433032987324	0.987283327146151	NA	"prevalence"	80	22
"Klebsiella_michiganensis.t__SGB10119"	"Antibiotics"	"Yes"	"AntibioticsYes"	0.816371285804431	0	0.938717605915985	0.384482666641822	1	0.288629398185709	0.987283327146151	NA	"prevalence"	80	22
"Klebsiella_michiganensis.t__SGB10119"	"butyrate"	"butyrate"	"butyrate"	-0.0308432912231725	0	0.33613878284046	0.926890624521143	1	0.322783473826711	0.987283327146151	NA	"prevalence"	80	22
"Klebsiella_michiganensis.t__SGB10119"	"Delivery_mode"	"C-section"	"Delivery_modeC-section"	0.0666741914403695	0	0.705908923605145	0.924750468437993	1	0.570602535314675	0.987283327146151	NA	"prevalence"	80	22
"Klebsiella_michiganensis.t__SGB10119"	"Ethnicity"	"European"	"EthnicityEuropean"	-0.924664795619907	0	0.643246980426983	0.15057718175341	1	0.191001480373936	0.987283327146151	NA	"prevalence"	80	22
"Klebsiella_michiganensis.t__SGB10119"	"Feeding_method"	"Breastfed"	"Feeding_methodBreastfed"	-0.427807089805884	0	0.599553802272718	0.475510154049048	1	0.724910401494347	0.987283327146151	NA	"prevalence"	80	22
"Klebsiella_michiganensis.t__SGB10119"	"isobutyrate"	"isobutyrate"	"isobutyrate"	-0.126763268674772	0	0.355340777439367	0.721288565053192	1	0.922319936029891	0.987283327146151	NA	"prevalence"	80	22
"Klebsiella_michiganensis.t__SGB10119"	"Probiotics"	"Yes"	"ProbioticsYes"	-1.69653413539141	0	1.19338840724607	0.155139197900557	1	0.286210225075885	0.987283327146151	NA	"prevalence"	80	22
"Klebsiella_michiganensis.t__SGB10119"	"propionate"	"propionate"	"propionate"	0.915833043060202	0	0.466102229053721	0.049428601150196	1	0.0964140156887268	0.987283327146151	NA	"prevalence"	80	22
"Klebsiella_michiganensis.t__SGB10119"	"Read_depth"	"Read_depth"	"Read_depth"	0.390276202726373	0	0.351286826468523	0.266572590740819	1	0.462084235347366	0.987283327146151	NA	"prevalence"	80	22
"Klebsiella_michiganensis.t__SGB10119"	"Sex"	"Female"	"SexFemale"	-0.370543867679177	0	0.556770052275895	0.505715357584763	1	0.509854387689238	0.987283327146151	NA	"prevalence"	80	22
"Klebsiella_michiganensis.t__SGB10119"	"Termness"	"preterm"	"Termnesspreterm"	0.68242466245251	0	1.00413440054279	0.496748356504564	1	0.746737783319142	0.987283327146151	NA	"prevalence"	80	22
"Klebsiella_pneumoniae.t__SGB10115"	"acetate"	"acetate"	"acetate"	0.0141465870074995	0	0.256370878802295	0.955994932092735	1	0.502545805722972	0.987283327146151	NA	"prevalence"	80	38
"Klebsiella_pneumoniae.t__SGB10115"	"Antibiotics"	"Yes"	"AntibioticsYes"	-0.688278318699011	0	0.806170516900131	0.393236484424927	1	0.631838036166979	0.987283327146151	NA	"prevalence"	80	38
"Klebsiella_pneumoniae.t__SGB10115"	"butyrate"	"butyrate"	"butyrate"	-0.151392854177851	0	0.317974484498969	0.633991482218056	1	0.866037764911064	0.987283327146151	NA	"prevalence"	80	38
"Klebsiella_pneumoniae.t__SGB10115"	"Delivery_mode"	"C-section"	"Delivery_modeC-section"	0.47224032255247	0	0.63206586807128	0.454980365563004	1	0.702953598078163	0.987283327146151	NA	"prevalence"	80	38
"Klebsiella_pneumoniae.t__SGB10115"	"Ethnicity"	"European"	"EthnicityEuropean"	0.25013494963667	0	0.559865277336338	0.655036052838057	1	0.460895342148821	0.987283327146151	NA	"prevalence"	80	38
"Klebsiella_pneumoniae.t__SGB10115"	"Feeding_method"	"Breastfed"	"Feeding_methodBreastfed"	-0.00796899059447697	0	0.53873731979655	0.98819813949312	1	0.463466313550435	0.987283327146151	NA	"prevalence"	80	38
"Klebsiella_pneumoniae.t__SGB10115"	"isobutyrate"	"isobutyrate"	"isobutyrate"	-0.00796222923778823	0	0.332114870773066	0.980873089969884	1	0.831659929939079	0.987283327146151	NA	"prevalence"	80	38
"Klebsiella_pneumoniae.t__SGB10115"	"Probiotics"	"Yes"	"ProbioticsYes"	0.248813779784383	0	1.06294435354245	0.814923043594805	1	0.0978420920596408	0.987283327146151	NA	"prevalence"	80	38
"Klebsiella_pneumoniae.t__SGB10115"	"propionate"	"propionate"	"propionate"	0.210322581717451	0	0.299902815158411	0.483114279496352	1	0.412709211247729	0.987283327146151	NA	"prevalence"	80	38
"Klebsiella_pneumoniae.t__SGB10115"	"Read_depth"	"Read_depth"	"Read_depth"	0.706094365678349	0	0.353551039561613	0.0458089193000965	1	0.0400912203711904	0.987283327146151	NA	"prevalence"	80	38
"Klebsiella_pneumoniae.t__SGB10115"	"Sex"	"Female"	"SexFemale"	-0.166050186205039	0	0.512359505271547	0.745870497244709	1	0.514490676130644	0.987283327146151	NA	"prevalence"	80	38
"Klebsiella_pneumoniae.t__SGB10115"	"Termness"	"preterm"	"Termnesspreterm"	1.76567017022486	0	0.960235943085536	0.0659463983220808	1	0.127543869192507	0.987283327146151	NA	"prevalence"	80	38
"Klebsiella_variicola.t__SGB10114"	"acetate"	"acetate"	"acetate"	-0.0322311313544461	0	0.242797639687812	0.894391930137486	1	0.839669969922105	0.987283327146151	NA	"prevalence"	80	15
"Klebsiella_variicola.t__SGB10114"	"Antibiotics"	"Yes"	"AntibioticsYes"	-0.0172218035064013	0	0.933160123435591	0.98527559119831	1	0.811373566602551	0.987283327146151	NA	"prevalence"	80	15
"Klebsiella_variicola.t__SGB10114"	"butyrate"	"butyrate"	"butyrate"	-0.707591355369225	0	0.398249203182134	0.075608520541098	1	0.145500392703782	0.987283327146151	NA	"prevalence"	80	15
"Klebsiella_variicola.t__SGB10114"	"Delivery_mode"	"C-section"	"Delivery_modeC-section"	0.759931593714056	0	0.752751859208425	0.31271669500344	1	0.527641658673005	0.987283327146151	NA	"prevalence"	80	15
"Klebsiella_variicola.t__SGB10114"	"Ethnicity"	"European"	"EthnicityEuropean"	0.0595913743217242	0	0.625461830631112	0.924095766490973	1	0.677700106200059	0.987283327146151	NA	"prevalence"	80	15
"Klebsiella_variicola.t__SGB10114"	"Feeding_method"	"Breastfed"	"Feeding_methodBreastfed"	0.277149913816785	0	0.645603239067244	0.667713433869778	1	0.889585637969386	0.987283327146151	NA	"prevalence"	80	15
"Klebsiella_variicola.t__SGB10114"	"isobutyrate"	"isobutyrate"	"isobutyrate"	0.355823303472015	0	0.414970424478165	0.39118703333595	1	0.629346771621718	0.987283327146151	NA	"prevalence"	80	15
"Klebsiella_variicola.t__SGB10114"	"Probiotics"	"Yes"	"ProbioticsYes"	-0.83389083917411	0	1.08052413325861	0.440264517604042	1	0.686696189746965	0.987283327146151	NA	"prevalence"	80	15
"Klebsiella_variicola.t__SGB10114"	"propionate"	"propionate"	"propionate"	0.139082874861347	0	0.394183834586389	0.724210199899647	1	0.923939986160607	0.987283327146151	NA	"prevalence"	80	15
"Klebsiella_variicola.t__SGB10114"	"Read_depth"	"Read_depth"	"Read_depth"	0.115251775377801	0	0.349195060061759	0.741362299631238	1	0.75421534984192	0.987283327146151	NA	"prevalence"	80	15
"Klebsiella_variicola.t__SGB10114"	"Sex"	"Female"	"SexFemale"	-0.0846785211068116	0	0.584045847398191	0.884721857946858	1	0.723144789428122	0.987283327146151	NA	"prevalence"	80	15
"Klebsiella_variicola.t__SGB10114"	"Termness"	"preterm"	"Termnesspreterm"	0.708579043219907	0	0.935974479391765	0.449020187024117	1	0.696421245693061	0.987283327146151	NA	"prevalence"	80	15
"Lacticaseibacillus_rhamnosus.t__SGB7144"	"acetate"	"acetate"	"acetate"	0.226381375557759	0	0.404955222068591	0.57614249702803	1	0.539210359225963	0.987283327146151	NA	"prevalence"	80	15
"Lacticaseibacillus_rhamnosus.t__SGB7144"	"Antibiotics"	"Yes"	"AntibioticsYes"	-0.547598624919393	0	0.847190215002064	0.518039545907412	1	0.619470915781726	0.987283327146151	NA	"prevalence"	80	15
"Lacticaseibacillus_rhamnosus.t__SGB7144"	"butyrate"	"butyrate"	"butyrate"	-0.0993310115174905	0	0.345207849191241	0.773543761798232	1	0.948717572179504	0.987283327146151	NA	"prevalence"	80	15
"Lacticaseibacillus_rhamnosus.t__SGB7144"	"Delivery_mode"	"C-section"	"Delivery_modeC-section"	0.0334861469942001	0	0.688237402872606	0.961194288936813	1	0.872243551024763	0.987283327146151	NA	"prevalence"	80	15
"Lacticaseibacillus_rhamnosus.t__SGB7144"	"Ethnicity"	"European"	"EthnicityEuropean"	-0.256516085406482	0	0.628331502175324	0.683090435853203	1	0.899568328152287	0.987283327146151	NA	"prevalence"	80	15
"Lacticaseibacillus_rhamnosus.t__SGB7144"	"Feeding_method"	"Breastfed"	"Feeding_methodBreastfed"	0.343638668180284	0	0.595009964325673	0.563578569213232	1	0.80953633475003	0.987283327146151	NA	"prevalence"	80	15
"Lacticaseibacillus_rhamnosus.t__SGB7144"	"isobutyrate"	"isobutyrate"	"isobutyrate"	-0.378504349768155	0	0.350862840709033	0.280685133418303	1	0.482586122714556	0.987283327146151	NA	"prevalence"	80	15
"Lacticaseibacillus_rhamnosus.t__SGB7144"	"Probiotics"	"Yes"	"ProbioticsYes"	0.704389130548093	0	1.21739262568607	0.562855912956959	1	0.554904453820418	0.987283327146151	NA	"prevalence"	80	15
"Lacticaseibacillus_rhamnosus.t__SGB7144"	"propionate"	"propionate"	"propionate"	-0.233871263310626	0	0.267216759174011	0.381458668748583	1	0.617406621533724	0.987283327146151	NA	"prevalence"	80	15
"Lacticaseibacillus_rhamnosus.t__SGB7144"	"Read_depth"	"Read_depth"	"Read_depth"	0.0256157073438618	0	0.295143850305318	0.930837971690086	1	0.853477236185628	0.987283327146151	NA	"prevalence"	80	15
"Lacticaseibacillus_rhamnosus.t__SGB7144"	"Sex"	"Female"	"SexFemale"	-0.251854903003996	0	0.592366927086813	0.670714897288549	1	0.629622932037623	0.987283327146151	NA	"prevalence"	80	15
"Lacticaseibacillus_rhamnosus.t__SGB7144"	"Termness"	"preterm"	"Termnesspreterm"	-0.10401756362846	0	1.11140889405412	0.925434278035897	1	0.644618150692007	0.987283327146151	NA	"prevalence"	80	15
"Lactobacillus_acidophilus.t__SGB7044"	"acetate"	"acetate"	"acetate"	-0.00785924041801805	0	0.308393545028997	0.979668550167392	1	0.979668550167392	0.990353554400745	NA	"prevalence"	80	18
"Lactobacillus_acidophilus.t__SGB7044"	"Antibiotics"	"Yes"	"AntibioticsYes"	-0.100950760894436	0	0.843958189965073	0.90478747781266	1	0.90478747781266	0.987283327146151	NA	"prevalence"	80	18
"Lactobacillus_acidophilus.t__SGB7044"	"butyrate"	"butyrate"	"butyrate"	0.276128191293741	0	0.424774359782941	0.515654422194193	1	0.515654422194193	0.987283327146151	NA	"prevalence"	80	18
"Lactobacillus_acidophilus.t__SGB7044"	"Delivery_mode"	"C-section"	"Delivery_modeC-section"	-0.253691273543167	0	0.869400494727915	0.770439361266343	1	0.770439361266343	0.987283327146151	NA	"prevalence"	80	18
"Lactobacillus_acidophilus.t__SGB7044"	"Ethnicity"	"European"	"EthnicityEuropean"	-1.06477684033194	0	0.714373110396293	0.136091448548912	1	0.136091448548912	0.987283327146151	NA	"prevalence"	80	18
"Lactobacillus_acidophilus.t__SGB7044"	"Feeding_method"	"Breastfed"	"Feeding_methodBreastfed"	0.44284095733933	0	0.661387194792003	0.503135864392259	1	0.503135864392259	0.987283327146151	NA	"prevalence"	80	18
"Lactobacillus_acidophilus.t__SGB7044"	"isobutyrate"	"isobutyrate"	"isobutyrate"	-0.128562545716545	0	0.435456553765005	0.767813437004635	1	0.767813437004635	0.987283327146151	NA	"prevalence"	80	18
"Lactobacillus_acidophilus.t__SGB7044"	"Probiotics"	"Yes"	"ProbioticsYes"	2.54448188608166	0	1.60906702848742	0.11380034229494	1	0.11380034229494	0.987283327146151	NA	"prevalence"	80	18
"Lactobacillus_acidophilus.t__SGB7044"	"propionate"	"propionate"	"propionate"	0.62366037476604	0	0.497265861534171	0.209776970146141	1	0.209776970146141	0.987283327146151	NA	"prevalence"	80	18
"Lactobacillus_acidophilus.t__SGB7044"	"Read_depth"	"Read_depth"	"Read_depth"	-0.190450965332046	0	0.384202485858435	0.620102793843083	1	0.620102793843083	0.987283327146151	NA	"prevalence"	80	18
"Lactobacillus_acidophilus.t__SGB7044"	"Sex"	"Female"	"SexFemale"	-0.0834823820689389	0	0.631499307621163	0.894828388656738	1	0.894828388656738	0.987283327146151	NA	"prevalence"	80	18
"Lactobacillus_acidophilus.t__SGB7044"	"Termness"	"preterm"	"Termnesspreterm"	-0.106324195147779	0	1.64184567955701	0.948365929416905	1	0.948365929416905	0.987283327146151	NA	"prevalence"	80	18
"Raoultella_ornithinolytica.t__SGB10124"	"acetate"	"acetate"	"acetate"	0.223614339438622	0	0.291481940652976	0.44298424262547	1	0.44298424262547	0.987283327146151	NA	"prevalence"	80	11
"Raoultella_ornithinolytica.t__SGB10124"	"Antibiotics"	"Yes"	"AntibioticsYes"	0.496959694330917	0	1.03438104795437	0.630913414051226	1	0.630913414051226	0.987283327146151	NA	"prevalence"	80	11
"Raoultella_ornithinolytica.t__SGB10124"	"butyrate"	"butyrate"	"butyrate"	-0.441246152638587	0	0.4061785655544	0.277330632679747	1	0.277330632679747	0.987283327146151	NA	"prevalence"	80	11
"Raoultella_ornithinolytica.t__SGB10124"	"Delivery_mode"	"C-section"	"Delivery_modeC-section"	-0.102604517803274	0	0.768716277662762	0.893817618576807	1	0.893817618576807	0.987283327146151	NA	"prevalence"	80	11
"Raoultella_ornithinolytica.t__SGB10124"	"Ethnicity"	"European"	"EthnicityEuropean"	0.708896586621417	0	0.721321393023475	0.325718219614345	1	0.325718219614345	0.987283327146151	NA	"prevalence"	80	11
"Raoultella_ornithinolytica.t__SGB10124"	"Feeding_method"	"Breastfed"	"Feeding_methodBreastfed"	-1.30937736424782	0	0.73075344277713	0.073162082425444	1	0.073162082425444	0.987283327146151	NA	"prevalence"	80	11
"Raoultella_ornithinolytica.t__SGB10124"	"isobutyrate"	"isobutyrate"	"isobutyrate"	-0.112198265096937	0	0.417928619950334	0.788343146753686	1	0.788343146753686	0.987283327146151	NA	"prevalence"	80	11
"Raoultella_ornithinolytica.t__SGB10124"	"Probiotics"	"Yes"	"ProbioticsYes"	-0.998132699416251	0	1.3138227603191	0.447424122794167	1	0.447424122794167	0.987283327146151	NA	"prevalence"	80	11
"Raoultella_ornithinolytica.t__SGB10124"	"propionate"	"propionate"	"propionate"	0.545967242862295	0	0.470535623482664	0.245922568190561	1	0.245922568190561	0.987283327146151	NA	"prevalence"	80	11
"Raoultella_ornithinolytica.t__SGB10124"	"Read_depth"	"Read_depth"	"Read_depth"	0.0581897333493665	0	0.405857971370677	0.885994324368924	1	0.885994324368924	0.987283327146151	NA	"prevalence"	80	11
"Raoultella_ornithinolytica.t__SGB10124"	"Sex"	"Female"	"SexFemale"	-0.236102614866452	0	0.631070519613771	0.708307362612151	1	0.708307362612151	0.987283327146151	NA	"prevalence"	80	11
"Raoultella_ornithinolytica.t__SGB10124"	"Termness"	"preterm"	"Termnesspreterm"	0.93190378052641	0	1.16972166342197	0.425631972870708	1	0.425631972870708	0.987283327146151	NA	"prevalence"	80	11
"Rothia_mucilaginosa.t__SGB16971_group"	"acetate"	"acetate"	"acetate"	0.0264431987592128	0	0.336865585753385	0.937432100520003	1	0.937432100520003	0.987283327146151	NA	"prevalence"	80	17
"Rothia_mucilaginosa.t__SGB16971_group"	"Antibiotics"	"Yes"	"AntibioticsYes"	-0.713659597988058	0	1.43583029009186	0.619163540205699	1	0.619163540205699	0.987283327146151	NA	"prevalence"	80	17
"Rothia_mucilaginosa.t__SGB16971_group"	"butyrate"	"butyrate"	"butyrate"	-0.267766835268296	0	0.395152324720084	0.498006696172251	1	0.498006696172251	0.987283327146151	NA	"prevalence"	80	17
"Rothia_mucilaginosa.t__SGB16971_group"	"Delivery_mode"	"C-section"	"Delivery_modeC-section"	0.407124265964602	0	0.679182907676514	0.548884551363178	1	0.548884551363178	0.987283327146151	NA	"prevalence"	80	17
"Rothia_mucilaginosa.t__SGB16971_group"	"Ethnicity"	"European"	"EthnicityEuropean"	0.239866928412046	0	0.668543796657012	0.71975208264622	1	0.71975208264622	0.987283327146151	NA	"prevalence"	80	17
"Rothia_mucilaginosa.t__SGB16971_group"	"Feeding_method"	"Breastfed"	"Feeding_methodBreastfed"	-0.615167491913489	0	0.675764994172549	0.362649793186068	1	0.362649793186068	0.987283327146151	NA	"prevalence"	80	17
"Rothia_mucilaginosa.t__SGB16971_group"	"isobutyrate"	"isobutyrate"	"isobutyrate"	0.125564946782873	0	0.375215592458686	0.737891035481351	1	0.737891035481351	0.987283327146151	NA	"prevalence"	80	17
"Rothia_mucilaginosa.t__SGB16971_group"	"Probiotics"	"Yes"	"ProbioticsYes"	-0.903670005115706	0	1.52948750855003	0.554633061147624	1	0.554633061147624	0.987283327146151	NA	"prevalence"	80	17
"Rothia_mucilaginosa.t__SGB16971_group"	"propionate"	"propionate"	"propionate"	-0.612521979593575	0	0.371692319566661	0.0993675579519686	1	0.0993675579519686	0.987283327146151	NA	"prevalence"	80	17
"Rothia_mucilaginosa.t__SGB16971_group"	"Read_depth"	"Read_depth"	"Read_depth"	0.144802043725072	0	0.265604797675608	0.585630709021583	1	0.585630709021583	0.987283327146151	NA	"prevalence"	80	17
"Rothia_mucilaginosa.t__SGB16971_group"	"Sex"	"Female"	"SexFemale"	0.0502566078801995	0	0.628533095605011	0.936270206319756	1	0.936270206319756	0.987283327146151	NA	"prevalence"	80	17
"Rothia_mucilaginosa.t__SGB16971_group"	"Termness"	"preterm"	"Termnesspreterm"	-1.23248150953979	0	1.08329546423293	0.255239503832926	1	0.255239503832926	0.987283327146151	NA	"prevalence"	80	17
"Staphylococcus_aureus.t__SGB7852"	"acetate"	"acetate"	"acetate"	0.217977104654771	0	0.253865586595082	0.390543602976279	1	0.628562900126864	0.987283327146151	NA	"prevalence"	80	49
"Staphylococcus_aureus.t__SGB7852"	"Antibiotics"	"Yes"	"AntibioticsYes"	0.749208025064548	0	0.790604500044158	0.343313028210548	1	0.568762221081999	0.987283327146151	NA	"prevalence"	80	49
"Staphylococcus_aureus.t__SGB7852"	"butyrate"	"butyrate"	"butyrate"	0.111380321218096	0	0.324641107315637	0.731532599131766	1	0.814097802906855	0.987283327146151	NA	"prevalence"	80	49
"Staphylococcus_aureus.t__SGB7852"	"Delivery_mode"	"C-section"	"Delivery_modeC-section"	0.392570758310966	0	0.606229294824442	0.517268597953696	1	0.76697039347841	0.987283327146151	NA	"prevalence"	80	49
"Staphylococcus_aureus.t__SGB7852"	"Ethnicity"	"European"	"EthnicityEuropean"	-0.378815274303948	0	0.559824304910911	0.498616531618236	1	0.748614617633473	0.987283327146151	NA	"prevalence"	80	49
"Staphylococcus_aureus.t__SGB7852"	"Feeding_method"	"Breastfed"	"Feeding_methodBreastfed"	0.698913696563962	0	0.548295474780665	0.202414507316832	1	0.298462188858278	0.987283327146151	NA	"prevalence"	80	49
"Staphylococcus_aureus.t__SGB7852"	"isobutyrate"	"isobutyrate"	"isobutyrate"	-0.114141555015158	0	0.305479095842268	0.708666456625137	1	0.911056229426023	0.987283327146151	NA	"prevalence"	80	49
"Staphylococcus_aureus.t__SGB7852"	"Probiotics"	"Yes"	"ProbioticsYes"	-1.00848443835951	0	1.12711631158837	0.370922110824727	1	0.604261009350783	0.987283327146151	NA	"prevalence"	80	49
"Staphylococcus_aureus.t__SGB7852"	"propionate"	"propionate"	"propionate"	-0.248924569839496	0	0.269655490097706	0.355944298567912	1	0.585192253452821	0.987283327146151	NA	"prevalence"	80	49
"Staphylococcus_aureus.t__SGB7852"	"Read_depth"	"Read_depth"	"Read_depth"	0.0940112861529165	0	0.240383754860553	0.695731931310666	1	0.907420942376062	0.987283327146151	NA	"prevalence"	80	49
"Staphylococcus_aureus.t__SGB7852"	"Sex"	"Female"	"SexFemale"	-0.110263754125134	0	0.509297418534193	0.828596704449702	1	0.812476994894756	0.987283327146151	NA	"prevalence"	80	49
"Staphylococcus_aureus.t__SGB7852"	"Termness"	"preterm"	"Termnesspreterm"	1.38129970785214	0	1.0340351956228	0.1816034308719	1	0.330227055639355	0.987283327146151	NA	"prevalence"	80	49
"Staphylococcus_epidermidis.t__SGB7865"	"acetate"	"acetate"	"acetate"	-0.407669641872869	0	0.468984174099622	0.384704401289847	1	0.166393006971177	0.987283327146151	NA	"prevalence"	80	68
"Staphylococcus_epidermidis.t__SGB7865"	"Antibiotics"	"Yes"	"AntibioticsYes"	0.119509794378003	0	0.93012623916918	0.897763020292382	1	0.289983531062826	0.987283327146151	NA	"prevalence"	80	68
"Staphylococcus_epidermidis.t__SGB7865"	"butyrate"	"butyrate"	"butyrate"	0.302136410871526	0	0.421898123935306	0.473907411764049	1	0.723226588603198	0.987283327146151	NA	"prevalence"	80	68
"Staphylococcus_epidermidis.t__SGB7865"	"Delivery_mode"	"C-section"	"Delivery_modeC-section"	0.445072782677043	0	0.803652824786207	0.579707340776832	1	0.823354080603118	0.987283327146151	NA	"prevalence"	80	68
"Staphylococcus_epidermidis.t__SGB7865"	"Ethnicity"	"European"	"EthnicityEuropean"	0.0336799063639966	0	0.685377646477828	0.960807204645494	1	0.749034544668487	0.987283327146151	NA	"prevalence"	80	68
"Staphylococcus_epidermidis.t__SGB7865"	"Feeding_method"	"Breastfed"	"Feeding_methodBreastfed"	0.177125047702047	0	0.70090606161533	0.800493337606609	1	0.0883645809109693	0.987283327146151	NA	"prevalence"	80	68
"Staphylococcus_epidermidis.t__SGB7865"	"isobutyrate"	"isobutyrate"	"isobutyrate"	-0.625412574734289	0	0.448170340865352	0.162871257777381	1	0.299215468944776	0.987283327146151	NA	"prevalence"	80	68
"Staphylococcus_epidermidis.t__SGB7865"	"Probiotics"	"Yes"	"ProbioticsYes"	0.0301549423073789	0	1.23401435274457	0.980504466167673	1	0.854429849572331	0.987283327146151	NA	"prevalence"	80	68
"Staphylococcus_epidermidis.t__SGB7865"	"propionate"	"propionate"	"propionate"	-0.450778687145158	0	0.437684499544789	0.303048990720751	1	0.514259290664636	0.987283327146151	NA	"prevalence"	80	68
"Staphylococcus_epidermidis.t__SGB7865"	"Read_depth"	"Read_depth"	"Read_depth"	0.174621846034477	0	0.329845698462486	0.596524774231842	1	0.837207742191334	0.987283327146151	NA	"prevalence"	80	68
"Staphylococcus_epidermidis.t__SGB7865"	"Sex"	"Female"	"SexFemale"	-0.482659977437243	0	0.641440510143967	0.451772928520599	1	0.56095674748101	0.987283327146151	NA	"prevalence"	80	68
"Staphylococcus_epidermidis.t__SGB7865"	"Termness"	"preterm"	"Termnesspreterm"	-0.473230028816974	0	1.16091429759351	0.683541203409988	1	0.139510415007005	0.987283327146151	NA	"prevalence"	80	68
"Staphylococcus_hominis.t__SGB7858"	"acetate"	"acetate"	"acetate"	-0.492544917995768	0	0.278835078925432	0.0773223712587792	1	0.148665993420478	0.987283327146151	NA	"prevalence"	80	21
"Staphylococcus_hominis.t__SGB7858"	"Antibiotics"	"Yes"	"AntibioticsYes"	-0.732585143013935	0	0.995779725856094	0.461919403352972	1	0.710469271511979	0.987283327146151	NA	"prevalence"	80	21
"Staphylococcus_hominis.t__SGB7858"	"butyrate"	"butyrate"	"butyrate"	-0.118077834704341	0	0.359021490678293	0.74224039814636	1	0.452220309670664	0.987283327146151	NA	"prevalence"	80	21
"Staphylococcus_hominis.t__SGB7858"	"Delivery_mode"	"C-section"	"Delivery_modeC-section"	-0.440691258263328	0	0.650855841976263	0.498345659700105	1	0.748342922858278	0.987283327146151	NA	"prevalence"	80	21
"Staphylococcus_hominis.t__SGB7858"	"Ethnicity"	"European"	"EthnicityEuropean"	0.300164962335394	0	0.599886323917627	0.616814758122871	1	0.546241289818392	0.987283327146151	NA	"prevalence"	80	21
"Staphylococcus_hominis.t__SGB7858"	"Feeding_method"	"Breastfed"	"Feeding_methodBreastfed"	0.688189528849089	0	0.607256285080823	0.257097983349701	1	0.448096593656919	0.987283327146151	NA	"prevalence"	80	21
"Staphylococcus_hominis.t__SGB7858"	"isobutyrate"	"isobutyrate"	"isobutyrate"	0.0811518954092232	0	0.323240579273433	0.801769836360691	1	0.960704802223533	0.989829026404412	NA	"prevalence"	80	21
"Staphylococcus_hominis.t__SGB7858"	"Probiotics"	"Yes"	"ProbioticsYes"	0.585440894684327	0	1.21262265881619	0.629245553898259	1	0.862541140695791	0.987283327146151	NA	"prevalence"	80	21
"Staphylococcus_hominis.t__SGB7858"	"propionate"	"propionate"	"propionate"	0.02628746827659	0	0.265648092218987	0.921173218444116	1	0.288974810092201	0.987283327146151	NA	"prevalence"	80	21
"Staphylococcus_hominis.t__SGB7858"	"Read_depth"	"Read_depth"	"Read_depth"	0.0198401106737377	0	0.25309787027591	0.937518555070652	1	0.759093766249093	0.987283327146151	NA	"prevalence"	80	21
"Staphylococcus_hominis.t__SGB7858"	"Sex"	"Female"	"SexFemale"	0.216134444158556	0	0.578916852495091	0.708893318608508	1	0.829243867144146	0.987283327146151	NA	"prevalence"	80	21
"Staphylococcus_hominis.t__SGB7858"	"Termness"	"preterm"	"Termnesspreterm"	-1.50323831571934	0	1.0608170148012	0.156466224712716	1	0.288450769949582	0.987283327146151	NA	"prevalence"	80	21
"Streptococcus_parasanguinis.t__SGB8071"	"acetate"	"acetate"	"acetate"	0.285577143225673	0	0.506625304369695	0.57296844892837	1	0.57296844892837	0.987283327146151	NA	"prevalence"	80	20
"Streptococcus_parasanguinis.t__SGB8071"	"Antibiotics"	"Yes"	"AntibioticsYes"	-0.163485943389325	0	1.39374291861028	0.906622382434613	1	0.906622382434613	0.987283327146151	NA	"prevalence"	80	20
"Streptococcus_parasanguinis.t__SGB8071"	"butyrate"	"butyrate"	"butyrate"	0.0222127909403858	0	0.388256045030746	0.95437655290444	1	0.95437655290444	0.989829026404412	NA	"prevalence"	80	20
"Streptococcus_parasanguinis.t__SGB8071"	"Delivery_mode"	"C-section"	"Delivery_modeC-section"	0.30842903858813	0	0.725803334419244	0.670874217480625	1	0.670874217480625	0.987283327146151	NA	"prevalence"	80	20
"Streptococcus_parasanguinis.t__SGB8071"	"Ethnicity"	"European"	"EthnicityEuropean"	-0.0981498525766596	0	0.726072692619537	0.892470271785221	1	0.892470271785221	0.987283327146151	NA	"prevalence"	80	20
"Streptococcus_parasanguinis.t__SGB8071"	"Feeding_method"	"Breastfed"	"Feeding_methodBreastfed"	-1.22456448160117	0	0.706832436090083	0.0831902938284227	1	0.0831902938284227	0.987283327146151	NA	"prevalence"	80	20
"Streptococcus_parasanguinis.t__SGB8071"	"isobutyrate"	"isobutyrate"	"isobutyrate"	0.0262382943123069	0	0.369992369078044	0.943464791114835	1	0.943464791114835	0.987283327146151	NA	"prevalence"	80	20
"Streptococcus_parasanguinis.t__SGB8071"	"Probiotics"	"Yes"	"ProbioticsYes"	-1.73270774856847	0	1.54646067362486	0.262528689448242	1	0.262528689448242	0.987283327146151	NA	"prevalence"	80	20
"Streptococcus_parasanguinis.t__SGB8071"	"propionate"	"propionate"	"propionate"	0.159417658788517	0	0.311528773292515	0.608842144845654	1	0.608842144845654	0.987283327146151	NA	"prevalence"	80	20
"Streptococcus_parasanguinis.t__SGB8071"	"Read_depth"	"Read_depth"	"Read_depth"	0.00464211423011968	0	0.270199490207338	0.986292760689484	1	0.986292760689484	0.990353554400745	NA	"prevalence"	80	20
"Streptococcus_parasanguinis.t__SGB8071"	"Sex"	"Female"	"SexFemale"	-0.385103606363319	0	0.665688110403151	0.562923520703616	1	0.562923520703616	0.987283327146151	NA	"prevalence"	80	20
"Streptococcus_parasanguinis.t__SGB8071"	"Termness"	"preterm"	"Termnesspreterm"	-1.48982549716153	0	1.09627965229447	0.174151950740872	1	0.174151950740872	0.987283327146151	NA	"prevalence"	80	20
"Streptococcus_salivarius.t__SGB8007_group"	"acetate"	"acetate"	"acetate"	0.108893128191968	0	0.321604540900108	0.734916164820627	1	0.929730560326595	0.987283327146151	NA	"prevalence"	80	36
"Streptococcus_salivarius.t__SGB8007_group"	"Antibiotics"	"Yes"	"AntibioticsYes"	-1.9485460594363	0	1.0206880132575	0.0562554387274366	1	0.109346203068457	0.987283327146151	NA	"prevalence"	80	36
"Streptococcus_salivarius.t__SGB8007_group"	"butyrate"	"butyrate"	"butyrate"	0.125687296709744	0	0.41197126214635	0.760299484833547	1	0.852507846991598	0.987283327146151	NA	"prevalence"	80	36
"Streptococcus_salivarius.t__SGB8007_group"	"Delivery_mode"	"C-section"	"Delivery_modeC-section"	-1.33958155999599	0	0.757909712186472	0.0771497959410279	1	0.105342400052154	0.987283327146151	NA	"prevalence"	80	36
"Streptococcus_salivarius.t__SGB8007_group"	"Ethnicity"	"European"	"EthnicityEuropean"	0.599792415331057	0	0.673029565173592	0.372831076015375	1	0.606659140787968	0.987283327146151	NA	"prevalence"	80	36
"Streptococcus_salivarius.t__SGB8007_group"	"Feeding_method"	"Breastfed"	"Feeding_methodBreastfed"	-0.522033485992118	0	0.671486835028273	0.436905578968342	1	0.517092272346766	0.987283327146151	NA	"prevalence"	80	36
"Streptococcus_salivarius.t__SGB8007_group"	"isobutyrate"	"isobutyrate"	"isobutyrate"	0.4246352311692	0	0.358577677237244	0.236325574087	1	0.41680137120645	0.987283327146151	NA	"prevalence"	80	36
"Streptococcus_salivarius.t__SGB8007_group"	"Probiotics"	"Yes"	"ProbioticsYes"	0.0712542736619744	0	1.07603522804503	0.94720325049372	1	0.927530504515948	0.987283327146151	NA	"prevalence"	80	36
"Streptococcus_salivarius.t__SGB8007_group"	"propionate"	"propionate"	"propionate"	-0.497584496280307	0	0.40089151513832	0.214533765553043	1	0.383042794543718	0.987283327146151	NA	"prevalence"	80	36
"Streptococcus_salivarius.t__SGB8007_group"	"Read_depth"	"Read_depth"	"Read_depth"	-0.0120639511499561	0	0.285248692519011	0.966265326149702	1	0.406921966438223	0.987283327146151	NA	"prevalence"	80	36
"Streptococcus_salivarius.t__SGB8007_group"	"Sex"	"Female"	"SexFemale"	-1.01403707738313	0	0.670137809630709	0.130234721132544	1	0.243508359676616	0.987283327146151	NA	"prevalence"	80	36
"Streptococcus_salivarius.t__SGB8007_group"	"Termness"	"preterm"	"Termnesspreterm"	-1.05886820782272	0	0.937083564327826	0.258492511542903	1	0.450166644562048	0.987283327146151	NA	"prevalence"	80	36
"Streptococcus_vestibularis.t__SGB8003"	"acetate"	"acetate"	"acetate"	-0.143135024234208	0	0.2947811001869	0.627276484429483	1	0.664351676093705	0.987283327146151	NA	"prevalence"	80	21
"Streptococcus_vestibularis.t__SGB8003"	"Antibiotics"	"Yes"	"AntibioticsYes"	-0.516861577146309	0	0.955417565937261	0.58852152509107	1	0.830685464686621	0.987283327146151	NA	"prevalence"	80	21
"Streptococcus_vestibularis.t__SGB8003"	"butyrate"	"butyrate"	"butyrate"	0.271427541494691	0	0.341809446611557	0.427142905891885	1	0.424965909175669	0.987283327146151	NA	"prevalence"	80	21
"Streptococcus_vestibularis.t__SGB8003"	"Delivery_mode"	"C-section"	"Delivery_modeC-section"	-0.802286182344459	0	0.662241158793187	0.225714813307195	1	0.400482449668087	0.987283327146151	NA	"prevalence"	80	21
"Streptococcus_vestibularis.t__SGB8003"	"Ethnicity"	"European"	"EthnicityEuropean"	-0.762062792177248	0	0.620194060399145	0.219165952141706	1	0.390298189705231	0.987283327146151	NA	"prevalence"	80	21
"Streptococcus_vestibularis.t__SGB8003"	"Feeding_method"	"Breastfed"	"Feeding_methodBreastfed"	0.0695892828416211	0	0.593810825942637	0.906708700952536	1	0.577513566681728	0.987283327146151	NA	"prevalence"	80	21
"Streptococcus_vestibularis.t__SGB8003"	"isobutyrate"	"isobutyrate"	"isobutyrate"	0.0684095478913862	0	0.319582213556654	0.830500806783055	1	0.707917676038744	0.987283327146151	NA	"prevalence"	80	21
"Streptococcus_vestibularis.t__SGB8003"	"Probiotics"	"Yes"	"ProbioticsYes"	-0.759889440443574	0	1.10841378664776	0.492987605100551	1	0.742938431418326	0.987283327146151	NA	"prevalence"	80	21
"Streptococcus_vestibularis.t__SGB8003"	"propionate"	"propionate"	"propionate"	0.333326865099269	0	0.296083352007105	0.260255578677676	1	0.452778191122499	0.987283327146151	NA	"prevalence"	80	21
"Streptococcus_vestibularis.t__SGB8003"	"Read_depth"	"Read_depth"	"Read_depth"	0.111258523943788	0	0.285453662679545	0.696713754109046	1	0.473538204155726	0.987283327146151	NA	"prevalence"	80	21
"Streptococcus_vestibularis.t__SGB8003"	"Sex"	"Female"	"SexFemale"	-0.17151962550902	0	0.561200900602315	0.759886655245475	1	0.660885890579114	0.987283327146151	NA	"prevalence"	80	21
"Streptococcus_vestibularis.t__SGB8003"	"Termness"	"preterm"	"Termnesspreterm"	-0.35048565499613	0	0.946027281404067	0.711023719955579	1	0.612217188704213	0.987283327146151	NA	"prevalence"	80	21
"Veillonella_atypica.t__SGB6936"	"acetate"	"acetate"	"acetate"	-0.124821779106088	0	0.28849574042611	0.665258740673476	1	0.807135338572641	0.987283327146151	NA	"prevalence"	80	23
"Veillonella_atypica.t__SGB6936"	"Antibiotics"	"Yes"	"AntibioticsYes"	-1.15312330341114	0	0.907198984699595	0.203699868921937	1	0.365906101245059	0.987283327146151	NA	"prevalence"	80	23
"Veillonella_atypica.t__SGB6936"	"butyrate"	"butyrate"	"butyrate"	-0.01496097167694	0	0.334665041278326	0.964342993665452	1	0.767170726497362	0.987283327146151	NA	"prevalence"	80	23
"Veillonella_atypica.t__SGB6936"	"Delivery_mode"	"C-section"	"Delivery_modeC-section"	-0.202931599679745	0	0.675721080897382	0.76393415745007	1	0.8262228313238	0.987283327146151	NA	"prevalence"	80	23
"Veillonella_atypica.t__SGB6936"	"Ethnicity"	"European"	"EthnicityEuropean"	-0.475981286044674	0	0.597405439601142	0.425597695498441	1	0.523164408093388	0.987283327146151	NA	"prevalence"	80	23
"Veillonella_atypica.t__SGB6936"	"Feeding_method"	"Breastfed"	"Feeding_methodBreastfed"	-0.251862262008469	0	0.585801909564896	0.667236072368803	1	0.751571067923671	0.987283327146151	NA	"prevalence"	80	23
"Veillonella_atypica.t__SGB6936"	"isobutyrate"	"isobutyrate"	"isobutyrate"	-0.381031470403848	0	0.34373540835101	0.267644971923989	1	0.463656112851785	0.987283327146151	NA	"prevalence"	80	23
"Veillonella_atypica.t__SGB6936"	"Probiotics"	"Yes"	"ProbioticsYes"	-0.453798471212174	0	1.06274754107361	0.669375715054499	1	0.890687582204276	0.987283327146151	NA	"prevalence"	80	23
"Veillonella_atypica.t__SGB6936"	"propionate"	"propionate"	"propionate"	0.742499866569467	0	0.421044083355298	0.0778207496699682	1	0.149585430260741	0.987283327146151	NA	"prevalence"	80	23
"Veillonella_atypica.t__SGB6936"	"Read_depth"	"Read_depth"	"Read_depth"	-0.184184702863213	0	0.254881619802439	0.46990820135578	1	0.719002685010135	0.987283327146151	NA	"prevalence"	80	23
"Veillonella_atypica.t__SGB6936"	"Sex"	"Female"	"SexFemale"	-0.234111711544074	0	0.555999106676975	0.673707687024389	1	0.893533326493026	0.987283327146151	NA	"prevalence"	80	23
"Veillonella_atypica.t__SGB6936"	"Termness"	"preterm"	"Termnesspreterm"	-0.582846571682384	0	0.937529764912532	0.534150153369117	1	0.782983920393982	0.987283327146151	NA	"prevalence"	80	23
"Veillonella_dispar.t__SGB6952"	"acetate"	"acetate"	"acetate"	0.190018481168168	0	0.428900612758753	0.657739578856311	1	0.564477998874757	0.987283327146151	NA	"prevalence"	80	25
"Veillonella_dispar.t__SGB6952"	"Antibiotics"	"Yes"	"AntibioticsYes"	-0.614738137810385	0	1.00457714642874	0.540579300453383	1	0.686525951979342	0.987283327146151	NA	"prevalence"	80	25
"Veillonella_dispar.t__SGB6952"	"butyrate"	"butyrate"	"butyrate"	-0.150036934279099	0	0.355911325821697	0.673348349814411	1	0.853143684535298	0.987283327146151	NA	"prevalence"	80	25
"Veillonella_dispar.t__SGB6952"	"Delivery_mode"	"C-section"	"Delivery_modeC-section"	0.563841370144341	0	0.694664788161671	0.416978698210013	1	0.0620480151938049	0.987283327146151	NA	"prevalence"	80	25
"Veillonella_dispar.t__SGB6952"	"Ethnicity"	"European"	"EthnicityEuropean"	-0.467516214975365	0	0.623989437514108	0.45371413940587	1	0.70157175851493	0.987283327146151	NA	"prevalence"	80	25
"Veillonella_dispar.t__SGB6952"	"Feeding_method"	"Breastfed"	"Feeding_methodBreastfed"	0.742211833432992	0	0.636271181874589	0.243411396130611	1	0.427573684494968	0.987283327146151	NA	"prevalence"	80	25
"Veillonella_dispar.t__SGB6952"	"isobutyrate"	"isobutyrate"	"isobutyrate"	-0.0745776478802889	0	0.339460449408383	0.826108964086505	1	0.430339834979141	0.987283327146151	NA	"prevalence"	80	25
"Veillonella_dispar.t__SGB6952"	"Probiotics"	"Yes"	"ProbioticsYes"	-1.20540376340846	0	1.1180800263171	0.280988458350268	1	0.483022402974475	0.987283327146151	NA	"prevalence"	80	25
"Veillonella_dispar.t__SGB6952"	"propionate"	"propionate"	"propionate"	0.586343635306948	0	0.387993108597194	0.13073195564933	1	0.244373067070761	0.987283327146151	NA	"prevalence"	80	25
"Veillonella_dispar.t__SGB6952"	"Read_depth"	"Read_depth"	"Read_depth"	0.357469710420391	0	0.322462123155017	0.26761857075163	1	0.437873219505003	0.987283327146151	NA	"prevalence"	80	25
"Veillonella_dispar.t__SGB6952"	"Sex"	"Female"	"SexFemale"	-0.495600272901781	0	0.591300960142119	0.401945160318906	1	0.642330408734021	0.987283327146151	NA	"prevalence"	80	25
"Veillonella_dispar.t__SGB6952"	"Termness"	"preterm"	"Termnesspreterm"	-1.0409035254876	0	0.965616342551198	0.281048033318583	1	0.483108069604922	0.987283327146151	NA	"prevalence"	80	25
"Veillonella_parvula.t__SGB6939"	"acetate"	"acetate"	"acetate"	-0.0341568555027642	0	0.24569006653478	0.889431056286856	1	0.98777450868616	0.990353554400745	NA	"prevalence"	80	32
"Veillonella_parvula.t__SGB6939"	"Antibiotics"	"Yes"	"AntibioticsYes"	-0.689368768354347	0	0.829853722464251	0.406136806743542	1	0.647326507695242	0.987283327146151	NA	"prevalence"	80	32
"Veillonella_parvula.t__SGB6939"	"butyrate"	"butyrate"	"butyrate"	0.0603910650535678	0	0.327543052099966	0.853718526736883	1	0.573325912507883	0.987283327146151	NA	"prevalence"	80	32
"Veillonella_parvula.t__SGB6939"	"Delivery_mode"	"C-section"	"Delivery_modeC-section"	1.7439982721971	0	0.744807220960893	0.0192042041212781	1	0.0380396067866244	0.987283327146151	NA	"prevalence"	80	32
"Veillonella_parvula.t__SGB6939"	"Ethnicity"	"European"	"EthnicityEuropean"	-0.00146514039435817	0	0.584392170737784	0.997999610990808	1	0.912833097463332	0.987283327146151	NA	"prevalence"	80	32
"Veillonella_parvula.t__SGB6939"	"Feeding_method"	"Breastfed"	"Feeding_methodBreastfed"	-1.07280243714003	0	0.589954489128504	0.0689954607935761	1	0.133230547977034	0.987283327146151	NA	"prevalence"	80	32
"Veillonella_parvula.t__SGB6939"	"isobutyrate"	"isobutyrate"	"isobutyrate"	-0.603440736646479	0	0.332338305740999	0.0694099041976436	1	0.134002073594561	0.987283327146151	NA	"prevalence"	80	32
"Veillonella_parvula.t__SGB6939"	"Probiotics"	"Yes"	"ProbioticsYes"	-1.35478409343972	0	1.07133976072033	0.206025522188041	1	0.369604528583226	0.987283327146151	NA	"prevalence"	80	32
"Veillonella_parvula.t__SGB6939"	"propionate"	"propionate"	"propionate"	0.431527425934482	0	0.408044824390497	0.290261070620805	1	0.496270652123674	0.987283327146151	NA	"prevalence"	80	32
"Veillonella_parvula.t__SGB6939"	"Read_depth"	"Read_depth"	"Read_depth"	0.287182458974179	0	0.265811722057001	0.279964975889093	1	0.481549564053606	0.987283327146151	NA	"prevalence"	80	32
"Veillonella_parvula.t__SGB6939"	"Sex"	"Female"	"SexFemale"	0.833251144188642	0	0.532962085118646	0.117950504302219	1	0.22198868713929	0.987283327146151	NA	"prevalence"	80	32
"Veillonella_parvula.t__SGB6939"	"Termness"	"preterm"	"Termnesspreterm"	0.348949508409275	0	0.934539928243118	0.708856891500296	1	0.915235690373129	0.987283327146151	NA	"prevalence"	80	32
"Bifidobacterium_longum.t__SGB17248"	"Probiotics"	"Yes"	"ProbioticsYes"	NA	NA	NA	NA	NA	0.345851475772363	0.987283327146151	"Fitting error (NA p-value returned from fitting procedure)"	"abundance"	80	20
"Bifidobacterium_pseudocatenulatum.t__SGB17237"	"acetate"	"acetate"	"acetate"	0.944765531814041	NA	NA	NA	NA	0.933238333143093	0.987283327146151	"Fitting error (NA p-value returned from fitting procedure)"	"abundance"	80	10
"Bifidobacterium_pseudocatenulatum.t__SGB17237"	"Antibiotics"	"Yes"	"AntibioticsYes"	-6.71395513952175	NA	NA	NA	NA	0.876136482175949	0.987283327146151	"Fitting error (NA p-value returned from fitting procedure)"	"abundance"	80	10
"Bifidobacterium_pseudocatenulatum.t__SGB17237"	"butyrate"	"butyrate"	"butyrate"	NA	NA	NA	NA	NA	0.14633556868135	0.987283327146151	"Fitting error (NA p-value returned from fitting procedure)"	"abundance"	80	10
"Bifidobacterium_pseudocatenulatum.t__SGB17237"	"Delivery_mode"	"C-section"	"Delivery_modeC-section"	-2.58765790245697	NA	NA	NA	NA	0.785659316819701	0.987283327146151	"Fitting error (NA p-value returned from fitting procedure)"	"abundance"	80	10
"Bifidobacterium_pseudocatenulatum.t__SGB17237"	"Ethnicity"	"European"	"EthnicityEuropean"	3.79414735998311	NA	NA	NA	NA	0.290098934979853	0.987283327146151	"Fitting error (NA p-value returned from fitting procedure)"	"abundance"	80	10
"Bifidobacterium_pseudocatenulatum.t__SGB17237"	"Feeding_method"	"Breastfed"	"Feeding_methodBreastfed"	-6.4457809335286	NA	NA	NA	NA	0.889385953035693	0.987283327146151	"Fitting error (NA p-value returned from fitting procedure)"	"abundance"	80	10
"Bifidobacterium_pseudocatenulatum.t__SGB17237"	"isobutyrate"	"isobutyrate"	"isobutyrate"	NA	NA	NA	NA	NA	0.255314269083538	0.987283327146151	"Fitting error (NA p-value returned from fitting procedure)"	"abundance"	80	10
"Bifidobacterium_pseudocatenulatum.t__SGB17237"	"Probiotics"	"Yes"	"ProbioticsYes"	NA	NA	NA	NA	NA	0.111995208349053	0.987283327146151	"Fitting error (NA p-value returned from fitting procedure)"	"abundance"	80	10
"Bifidobacterium_pseudocatenulatum.t__SGB17237"	"propionate"	"propionate"	"propionate"	-0.455631252152703	NA	NA	NA	NA	0.817897131555485	0.987283327146151	"Fitting error (NA p-value returned from fitting procedure)"	"abundance"	80	10
"Bifidobacterium_pseudocatenulatum.t__SGB17237"	"Read_depth"	"Read_depth"	"Read_depth"	-2.90864602680471	NA	NA	NA	NA	0.655961124633383	0.987283327146151	"Fitting error (NA p-value returned from fitting procedure)"	"abundance"	80	10
"Bifidobacterium_pseudocatenulatum.t__SGB17237"	"Sex"	"Female"	"SexFemale"	12.1666657242485	NA	NA	NA	NA	0.456329564781867	0.987283327146151	"Fitting error (NA p-value returned from fitting procedure)"	"abundance"	80	10
"Bifidobacterium_pseudocatenulatum.t__SGB17237"	"Termness"	"preterm"	"Termnesspreterm"	14.9420810005143	NA	NA	NA	NA	0.28551891554235	0.987283327146151	"Fitting error (NA p-value returned from fitting procedure)"	"abundance"	80	10
"Citrobacter_freundii.t__SGB10083"	"acetate"	"acetate"	"acetate"	-68.0364102140154	NA	NA	NA	NA	0.873683259966123	0.987283327146151	"Fitting error (NA p-value returned from fitting procedure)"	"abundance"	80	10
"Citrobacter_freundii.t__SGB10083"	"Antibiotics"	"Yes"	"AntibioticsYes"	20.5837455098993	NA	NA	NA	NA	0.726578182184845	0.987283327146151	"Fitting error (NA p-value returned from fitting procedure)"	"abundance"	80	10
"Citrobacter_freundii.t__SGB10083"	"butyrate"	"butyrate"	"butyrate"	NA	NA	NA	NA	NA	0.750725005387427	0.987283327146151	"Fitting error (NA p-value returned from fitting procedure)"	"abundance"	80	10
"Citrobacter_freundii.t__SGB10083"	"Delivery_mode"	"C-section"	"Delivery_modeC-section"	42.3641142693952	NA	NA	NA	NA	0.888859654063002	0.987283327146151	"Fitting error (NA p-value returned from fitting procedure)"	"abundance"	80	10
"Citrobacter_freundii.t__SGB10083"	"Ethnicity"	"European"	"EthnicityEuropean"	62.9684629076245	NA	NA	NA	NA	0.996008961627192	0.996008961627192	"Fitting error (NA p-value returned from fitting procedure)"	"abundance"	80	10
"Citrobacter_freundii.t__SGB10083"	"Feeding_method"	"Breastfed"	"Feeding_methodBreastfed"	-35.5251741790703	NA	NA	NA	NA	0.459865227601261	0.987283327146151	"Fitting error (NA p-value returned from fitting procedure)"	"abundance"	80	10
"Citrobacter_freundii.t__SGB10083"	"isobutyrate"	"isobutyrate"	"isobutyrate"	NA	NA	NA	NA	NA	0.880295519026047	0.987283327146151	"Fitting error (NA p-value returned from fitting procedure)"	"abundance"	80	10
"Citrobacter_freundii.t__SGB10083"	"Probiotics"	"Yes"	"ProbioticsYes"	82.7977150204514	NA	NA	NA	NA	0.326125404467223	0.987283327146151	"Fitting error (NA p-value returned from fitting procedure)"	"abundance"	80	10
"Citrobacter_freundii.t__SGB10083"	"propionate"	"propionate"	"propionate"	NA	NA	NA	NA	NA	0.481352052918417	0.987283327146151	"Fitting error (NA p-value returned from fitting procedure)"	"abundance"	80	10
"Citrobacter_freundii.t__SGB10083"	"Read_depth"	"Read_depth"	"Read_depth"	-16.7489680848704	NA	NA	NA	NA	0.664589565674373	0.987283327146151	"Fitting error (NA p-value returned from fitting procedure)"	"abundance"	80	10
"Citrobacter_freundii.t__SGB10083"	"Sex"	"Female"	"SexFemale"	5.38439743399078	NA	NA	NA	NA	0.391151651672941	0.987283327146151	"Fitting error (NA p-value returned from fitting procedure)"	"abundance"	80	10
"Citrobacter_freundii.t__SGB10083"	"Termness"	"preterm"	"Termnesspreterm"	-105.580044656473	NA	NA	NA	NA	0.568245314186854	0.987283327146151	"Fitting error (NA p-value returned from fitting procedure)"	"abundance"	80	10
"Clostridium_neonatale.t__SGB6169"	"acetate"	"acetate"	"acetate"	18.5052322383994	NA	NA	NA	NA	0.604015637223229	0.987283327146151	"Fitting error (NA p-value returned from fitting procedure)"	"abundance"	80	11
"Clostridium_neonatale.t__SGB6169"	"Antibiotics"	"Yes"	"AntibioticsYes"	-39.5108418313719	NA	NA	NA	NA	0.8063065944361	0.987283327146151	"Fitting error (NA p-value returned from fitting procedure)"	"abundance"	80	11
"Clostridium_neonatale.t__SGB6169"	"butyrate"	"butyrate"	"butyrate"	NA	NA	NA	NA	NA	0.0322268711458973	0.987283327146151	"Fitting error (NA p-value returned from fitting procedure)"	"abundance"	80	11
"Clostridium_neonatale.t__SGB6169"	"Delivery_mode"	"C-section"	"Delivery_modeC-section"	16.2056030126761	NA	NA	NA	NA	0.244864842759572	0.987283327146151	"Fitting error (NA p-value returned from fitting procedure)"	"abundance"	80	11
"Clostridium_neonatale.t__SGB6169"	"Ethnicity"	"European"	"EthnicityEuropean"	-14.5810794546638	NA	NA	NA	NA	0.668511384615481	0.987283327146151	"Fitting error (NA p-value returned from fitting procedure)"	"abundance"	80	11
"Clostridium_neonatale.t__SGB6169"	"Feeding_method"	"Breastfed"	"Feeding_methodBreastfed"	11.4345520008347	NA	NA	NA	NA	0.934888934399635	0.987283327146151	"Fitting error (NA p-value returned from fitting procedure)"	"abundance"	80	11
"Clostridium_neonatale.t__SGB6169"	"isobutyrate"	"isobutyrate"	"isobutyrate"	-6.10421862015014	NA	NA	NA	NA	0.184238678171623	0.987283327146151	"Fitting error (NA p-value returned from fitting procedure)"	"abundance"	80	11
"Clostridium_neonatale.t__SGB6169"	"Probiotics"	"Yes"	"ProbioticsYes"	NA	NA	NA	NA	NA	0.321646343712432	0.987283327146151	"Fitting error (NA p-value returned from fitting procedure)"	"abundance"	80	11
"Clostridium_neonatale.t__SGB6169"	"propionate"	"propionate"	"propionate"	0.937958720317598	NA	NA	NA	NA	0.0902296542986322	0.987283327146151	"Fitting error (NA p-value returned from fitting procedure)"	"abundance"	80	11
"Clostridium_neonatale.t__SGB6169"	"Read_depth"	"Read_depth"	"Read_depth"	6.23577419298179	NA	NA	NA	NA	0.563883576365696	0.987283327146151	"Fitting error (NA p-value returned from fitting procedure)"	"abundance"	80	11
"Clostridium_neonatale.t__SGB6169"	"Sex"	"Female"	"SexFemale"	6.70908242025002	NA	NA	NA	NA	0.230155280677291	0.987283327146151	"Fitting error (NA p-value returned from fitting procedure)"	"abundance"	80	11
"Clostridium_neonatale.t__SGB6169"	"Termness"	"preterm"	"Termnesspreterm"	18.2320059887099	NA	NA	NA	NA	0.928151178280099	0.987283327146151	"Fitting error (NA p-value returned from fitting procedure)"	"abundance"	80	11
"Enterobacter_asburiae.t__SGB10141"	"Probiotics"	"Yes"	"ProbioticsYes"	NA	NA	NA	NA	NA	0.298296000698002	0.987283327146151	"Fitting error (NA p-value returned from fitting procedure)"	"abundance"	80	14
"Enterobacter_kobei.t__SGB10133"	"Probiotics"	"Yes"	"ProbioticsYes"	NA	NA	NA	NA	NA	0.250634122303819	0.987283327146151	"Fitting error (NA p-value returned from fitting procedure)"	"abundance"	80	13
"Finegoldia_magna.t__SGB6686_group"	"acetate"	"acetate"	"acetate"	0.167262843628502	NA	NA	NA	NA	0.531400305576123	0.987283327146151	"Fitting error (NA p-value returned from fitting procedure)"	"abundance"	80	11
"Finegoldia_magna.t__SGB6686_group"	"Antibiotics"	"Yes"	"AntibioticsYes"	-45.9133224396	NA	NA	NA	NA	0.145507316141408	0.987283327146151	"Fitting error (NA p-value returned from fitting procedure)"	"abundance"	80	11
"Finegoldia_magna.t__SGB6686_group"	"butyrate"	"butyrate"	"butyrate"	NA	NA	NA	NA	NA	0.162662220133068	0.987283327146151	"Fitting error (NA p-value returned from fitting procedure)"	"abundance"	80	11
"Finegoldia_magna.t__SGB6686_group"	"Delivery_mode"	"C-section"	"Delivery_modeC-section"	NA	NA	NA	NA	NA	0.325673002934107	0.987283327146151	"Fitting error (NA p-value returned from fitting procedure)"	"abundance"	80	11
"Finegoldia_magna.t__SGB6686_group"	"Ethnicity"	"European"	"EthnicityEuropean"	23.0949259073816	NA	NA	NA	NA	0.745229967636802	0.987283327146151	"Fitting error (NA p-value returned from fitting procedure)"	"abundance"	80	11
"Finegoldia_magna.t__SGB6686_group"	"Feeding_method"	"Breastfed"	"Feeding_methodBreastfed"	39.3034335294815	NA	NA	NA	NA	0.944190719228957	0.987283327146151	"Fitting error (NA p-value returned from fitting procedure)"	"abundance"	80	11
"Finegoldia_magna.t__SGB6686_group"	"isobutyrate"	"isobutyrate"	"isobutyrate"	17.4798733460766	NA	NA	NA	NA	0.198720491840948	0.987283327146151	"Fitting error (NA p-value returned from fitting procedure)"	"abundance"	80	11
"Finegoldia_magna.t__SGB6686_group"	"Probiotics"	"Yes"	"ProbioticsYes"	70.6093023967196	NA	NA	NA	NA	0.238128158207645	0.987283327146151	"Fitting error (NA p-value returned from fitting procedure)"	"abundance"	80	11
"Finegoldia_magna.t__SGB6686_group"	"propionate"	"propionate"	"propionate"	-8.4278435110765	NA	NA	NA	NA	0.725686209624407	0.987283327146151	"Fitting error (NA p-value returned from fitting procedure)"	"abundance"	80	11
"Finegoldia_magna.t__SGB6686_group"	"Read_depth"	"Read_depth"	"Read_depth"	-14.0074722286876	NA	NA	NA	NA	0.665206328171886	0.987283327146151	"Fitting error (NA p-value returned from fitting procedure)"	"abundance"	80	11
"Finegoldia_magna.t__SGB6686_group"	"Sex"	"Female"	"SexFemale"	0.428019326406204	NA	NA	NA	NA	0.665713840981823	0.987283327146151	"Fitting error (NA p-value returned from fitting procedure)"	"abundance"	80	11
"Finegoldia_magna.t__SGB6686_group"	"Termness"	"preterm"	"Termnesspreterm"	-57.5647983895652	NA	NA	NA	NA	0.0151846662758677	0.987283327146151	"Fitting error (NA p-value returned from fitting procedure)"	"abundance"	80	11
"Klebsiella_grimontii.t__SGB10120"	"Probiotics"	"Yes"	"ProbioticsYes"	NA	NA	NA	NA	NA	0.0282292659459886	0.987283327146151	"Fitting error (NA p-value returned from fitting procedure)"	"abundance"	80	15
"Lactobacillus_acidophilus.t__SGB7044"	"acetate"	"acetate"	"acetate"	NA	NA	NA	NA	NA	0.979668550167392	0.990353554400745	"No data points have the baseline factor level"	"abundance"	80	18
"Lactobacillus_acidophilus.t__SGB7044"	"Antibiotics"	"Yes"	"AntibioticsYes"	NA	NA	NA	NA	NA	0.90478747781266	0.987283327146151	"No data points have the baseline factor level"	"abundance"	80	18
"Lactobacillus_acidophilus.t__SGB7044"	"butyrate"	"butyrate"	"butyrate"	NA	NA	NA	NA	NA	0.515654422194193	0.987283327146151	"No data points have the baseline factor level"	"abundance"	80	18
"Lactobacillus_acidophilus.t__SGB7044"	"Delivery_mode"	"C-section"	"Delivery_modeC-section"	NA	NA	NA	NA	NA	0.770439361266343	0.987283327146151	"No data points have the baseline factor level"	"abundance"	80	18
"Lactobacillus_acidophilus.t__SGB7044"	"Ethnicity"	"European"	"EthnicityEuropean"	NA	NA	NA	NA	NA	0.136091448548912	0.987283327146151	"No data points have the baseline factor level"	"abundance"	80	18
"Lactobacillus_acidophilus.t__SGB7044"	"Feeding_method"	"Breastfed"	"Feeding_methodBreastfed"	NA	NA	NA	NA	NA	0.503135864392259	0.987283327146151	"No data points have the baseline factor level"	"abundance"	80	18
"Lactobacillus_acidophilus.t__SGB7044"	"isobutyrate"	"isobutyrate"	"isobutyrate"	NA	NA	NA	NA	NA	0.767813437004635	0.987283327146151	"No data points have the baseline factor level"	"abundance"	80	18
"Lactobacillus_acidophilus.t__SGB7044"	"Probiotics"	"Yes"	"ProbioticsYes"	NA	NA	NA	NA	NA	0.11380034229494	0.987283327146151	"No data points have the baseline factor level"	"abundance"	80	18
"Lactobacillus_acidophilus.t__SGB7044"	"propionate"	"propionate"	"propionate"	NA	NA	NA	NA	NA	0.209776970146141	0.987283327146151	"No data points have the baseline factor level"	"abundance"	80	18
"Lactobacillus_acidophilus.t__SGB7044"	"Read_depth"	"Read_depth"	"Read_depth"	NA	NA	NA	NA	NA	0.620102793843083	0.987283327146151	"No data points have the baseline factor level"	"abundance"	80	18
"Lactobacillus_acidophilus.t__SGB7044"	"Sex"	"Female"	"SexFemale"	NA	NA	NA	NA	NA	0.894828388656738	0.987283327146151	"No data points have the baseline factor level"	"abundance"	80	18
"Lactobacillus_acidophilus.t__SGB7044"	"Termness"	"preterm"	"Termnesspreterm"	NA	NA	NA	NA	NA	0.948365929416905	0.987283327146151	"No data points have the baseline factor level"	"abundance"	80	18
"Raoultella_ornithinolytica.t__SGB10124"	"acetate"	"acetate"	"acetate"	-34.8816168668638	NA	NA	NA	NA	0.44298424262547	0.987283327146151	"Fitting error (NA p-value returned from fitting procedure)"	"abundance"	80	11
"Raoultella_ornithinolytica.t__SGB10124"	"Antibiotics"	"Yes"	"AntibioticsYes"	NA	NA	NA	NA	NA	0.630913414051226	0.987283327146151	"Fitting error (NA p-value returned from fitting procedure)"	"abundance"	80	11
"Raoultella_ornithinolytica.t__SGB10124"	"butyrate"	"butyrate"	"butyrate"	NA	NA	NA	NA	NA	0.277330632679747	0.987283327146151	"Fitting error (NA p-value returned from fitting procedure)"	"abundance"	80	11
"Raoultella_ornithinolytica.t__SGB10124"	"Delivery_mode"	"C-section"	"Delivery_modeC-section"	-137.776274934005	NA	NA	NA	NA	0.893817618576807	0.987283327146151	"Fitting error (NA p-value returned from fitting procedure)"	"abundance"	80	11
"Raoultella_ornithinolytica.t__SGB10124"	"Ethnicity"	"European"	"EthnicityEuropean"	-166.302942441868	NA	NA	NA	NA	0.325718219614345	0.987283327146151	"Fitting error (NA p-value returned from fitting procedure)"	"abundance"	80	11
"Raoultella_ornithinolytica.t__SGB10124"	"Feeding_method"	"Breastfed"	"Feeding_methodBreastfed"	232.087486231318	NA	NA	NA	NA	0.073162082425444	0.987283327146151	"Fitting error (NA p-value returned from fitting procedure)"	"abundance"	80	11
"Raoultella_ornithinolytica.t__SGB10124"	"isobutyrate"	"isobutyrate"	"isobutyrate"	31.0769642481304	NA	NA	NA	NA	0.788343146753686	0.987283327146151	"Fitting error (NA p-value returned from fitting procedure)"	"abundance"	80	11
"Raoultella_ornithinolytica.t__SGB10124"	"Probiotics"	"Yes"	"ProbioticsYes"	119.021144990087	NA	NA	NA	NA	0.447424122794167	0.987283327146151	"Fitting error (NA p-value returned from fitting procedure)"	"abundance"	80	11
"Raoultella_ornithinolytica.t__SGB10124"	"propionate"	"propionate"	"propionate"	-56.3325830642629	NA	NA	NA	NA	0.245922568190561	0.987283327146151	"Fitting error (NA p-value returned from fitting procedure)"	"abundance"	80	11
"Raoultella_ornithinolytica.t__SGB10124"	"Read_depth"	"Read_depth"	"Read_depth"	10.3418858394804	NA	NA	NA	NA	0.885994324368924	0.987283327146151	"Fitting error (NA p-value returned from fitting procedure)"	"abundance"	80	11
"Raoultella_ornithinolytica.t__SGB10124"	"Sex"	"Female"	"SexFemale"	-59.3668112270726	NA	NA	NA	NA	0.708307362612151	0.987283327146151	"Fitting error (NA p-value returned from fitting procedure)"	"abundance"	80	11
"Raoultella_ornithinolytica.t__SGB10124"	"Termness"	"preterm"	"Termnesspreterm"	-175.194705783166	NA	NA	NA	NA	0.425631972870708	0.987283327146151	"Fitting error (NA p-value returned from fitting procedure)"	"abundance"	80	11
"Rothia_mucilaginosa.t__SGB16971_group"	"acetate"	"acetate"	"acetate"	NA	NA	NA	NA	NA	0.937432100520003	0.987283327146151	"contrasts can be applied only to factors with 2 or more levels"	"abundance"	80	17
"Rothia_mucilaginosa.t__SGB16971_group"	"Antibiotics"	"Yes"	"AntibioticsYes"	NA	NA	NA	NA	NA	0.619163540205699	0.987283327146151	"contrasts can be applied only to factors with 2 or more levels"	"abundance"	80	17
"Rothia_mucilaginosa.t__SGB16971_group"	"butyrate"	"butyrate"	"butyrate"	NA	NA	NA	NA	NA	0.498006696172251	0.987283327146151	"contrasts can be applied only to factors with 2 or more levels"	"abundance"	80	17
"Rothia_mucilaginosa.t__SGB16971_group"	"Delivery_mode"	"C-section"	"Delivery_modeC-section"	NA	NA	NA	NA	NA	0.548884551363178	0.987283327146151	"contrasts can be applied only to factors with 2 or more levels"	"abundance"	80	17
"Rothia_mucilaginosa.t__SGB16971_group"	"Ethnicity"	"European"	"EthnicityEuropean"	NA	NA	NA	NA	NA	0.71975208264622	0.987283327146151	"contrasts can be applied only to factors with 2 or more levels"	"abundance"	80	17
"Rothia_mucilaginosa.t__SGB16971_group"	"Feeding_method"	"Breastfed"	"Feeding_methodBreastfed"	NA	NA	NA	NA	NA	0.362649793186068	0.987283327146151	"contrasts can be applied only to factors with 2 or more levels"	"abundance"	80	17
"Rothia_mucilaginosa.t__SGB16971_group"	"isobutyrate"	"isobutyrate"	"isobutyrate"	NA	NA	NA	NA	NA	0.737891035481351	0.987283327146151	"contrasts can be applied only to factors with 2 or more levels"	"abundance"	80	17
"Rothia_mucilaginosa.t__SGB16971_group"	"Probiotics"	"Yes"	"ProbioticsYes"	NA	NA	NA	NA	NA	0.554633061147624	0.987283327146151	"contrasts can be applied only to factors with 2 or more levels"	"abundance"	80	17
"Rothia_mucilaginosa.t__SGB16971_group"	"propionate"	"propionate"	"propionate"	NA	NA	NA	NA	NA	0.0993675579519686	0.987283327146151	"contrasts can be applied only to factors with 2 or more levels"	"abundance"	80	17
"Rothia_mucilaginosa.t__SGB16971_group"	"Read_depth"	"Read_depth"	"Read_depth"	NA	NA	NA	NA	NA	0.585630709021583	0.987283327146151	"contrasts can be applied only to factors with 2 or more levels"	"abundance"	80	17
"Rothia_mucilaginosa.t__SGB16971_group"	"Sex"	"Female"	"SexFemale"	NA	NA	NA	NA	NA	0.936270206319756	0.987283327146151	"contrasts can be applied only to factors with 2 or more levels"	"abundance"	80	17
"Rothia_mucilaginosa.t__SGB16971_group"	"Termness"	"preterm"	"Termnesspreterm"	NA	NA	NA	NA	NA	0.255239503832926	0.987283327146151	"contrasts can be applied only to factors with 2 or more levels"	"abundance"	80	17
"Streptococcus_parasanguinis.t__SGB8071"	"acetate"	"acetate"	"acetate"	NA	NA	NA	NA	NA	0.57296844892837	0.987283327146151	"contrasts can be applied only to factors with 2 or more levels"	"abundance"	80	20
"Streptococcus_parasanguinis.t__SGB8071"	"Antibiotics"	"Yes"	"AntibioticsYes"	NA	NA	NA	NA	NA	0.906622382434613	0.987283327146151	"contrasts can be applied only to factors with 2 or more levels"	"abundance"	80	20
"Streptococcus_parasanguinis.t__SGB8071"	"butyrate"	"butyrate"	"butyrate"	NA	NA	NA	NA	NA	0.95437655290444	0.989829026404412	"contrasts can be applied only to factors with 2 or more levels"	"abundance"	80	20
"Streptococcus_parasanguinis.t__SGB8071"	"Delivery_mode"	"C-section"	"Delivery_modeC-section"	NA	NA	NA	NA	NA	0.670874217480625	0.987283327146151	"contrasts can be applied only to factors with 2 or more levels"	"abundance"	80	20
"Streptococcus_parasanguinis.t__SGB8071"	"Ethnicity"	"European"	"EthnicityEuropean"	NA	NA	NA	NA	NA	0.892470271785221	0.987283327146151	"contrasts can be applied only to factors with 2 or more levels"	"abundance"	80	20
"Streptococcus_parasanguinis.t__SGB8071"	"Feeding_method"	"Breastfed"	"Feeding_methodBreastfed"	NA	NA	NA	NA	NA	0.0831902938284227	0.987283327146151	"contrasts can be applied only to factors with 2 or more levels"	"abundance"	80	20
"Streptococcus_parasanguinis.t__SGB8071"	"isobutyrate"	"isobutyrate"	"isobutyrate"	NA	NA	NA	NA	NA	0.943464791114835	0.987283327146151	"contrasts can be applied only to factors with 2 or more levels"	"abundance"	80	20
"Streptococcus_parasanguinis.t__SGB8071"	"Probiotics"	"Yes"	"ProbioticsYes"	NA	NA	NA	NA	NA	0.262528689448242	0.987283327146151	"contrasts can be applied only to factors with 2 or more levels"	"abundance"	80	20
"Streptococcus_parasanguinis.t__SGB8071"	"propionate"	"propionate"	"propionate"	NA	NA	NA	NA	NA	0.608842144845654	0.987283327146151	"contrasts can be applied only to factors with 2 or more levels"	"abundance"	80	20
"Streptococcus_parasanguinis.t__SGB8071"	"Read_depth"	"Read_depth"	"Read_depth"	NA	NA	NA	NA	NA	0.986292760689484	0.990353554400745	"contrasts can be applied only to factors with 2 or more levels"	"abundance"	80	20
"Streptococcus_parasanguinis.t__SGB8071"	"Sex"	"Female"	"SexFemale"	NA	NA	NA	NA	NA	0.562923520703616	0.987283327146151	"contrasts can be applied only to factors with 2 or more levels"	"abundance"	80	20
"Streptococcus_parasanguinis.t__SGB8071"	"Termness"	"preterm"	"Termnesspreterm"	NA	NA	NA	NA	NA	0.174151950740872	0.987283327146151	"contrasts can be applied only to factors with 2 or more levels"	"abundance"	80	20
