"feature"	"metadata"	"value"	"name"	"coef"	"null_hypothesis"	"stderr"	"pval_individual"	"qval_individual"	"pval_joint"	"qval_joint"	"error"	"model"	"N"	"N_not_zero"
"PWY.5136..fatty.acid..beta..oxidation.II..plant.peroxisome."	"Read_depth"	"Read_depth"	"Read_depth"	0.611039079679944	0.0523521959423448	0.130212260248639	0.00018560296499337	0.029465675470342	0.000371171481526126	0.030658764374058	NA	"abundance"	46	44
"PWY.6121..5.aminoimidazole.ribonucleotide.biosynthesis.I"	"Termness"	"preterm"	"Termnesspreterm"	-0.353476450133501	0.188618384031044	0.0984257692372133	8.22045997460608e-05	0.029465675470342	8.22045997460608e-05	0.0217859485927126	NA	"abundance"	46	46
"PWY.6122..5.aminoimidazole.ribonucleotide.biosynthesis.II"	"Termness"	"preterm"	"Termnesspreterm"	-0.336519807430468	0.188618384031044	0.10484118698746	0.000195745050411533	0.029465675470342	0.000195745050411533	0.0217859485927126	NA	"abundance"	46	46
"PWY.6124..inosine.5..phosphate.biosynthesis.II"	"Termness"	"preterm"	"Termnesspreterm"	-0.477850920704152	0.188618384031044	0.143343860616939	0.000171820126365074	0.029465675470342	0.000171820126365074	0.0217859485927126	NA	"abundance"	46	46
"PWY.6151..S.adenosyl.L.methionine.salvage.I"	"Termness"	"preterm"	"Termnesspreterm"	-0.372246354221413	0.188618384031044	0.111939949446455	0.00015995033437477	0.029465675470342	0.00015995033437477	0.0217859485927126	NA	"abundance"	46	46
"PWY.6277..superpathway.of.5.aminoimidazole.ribonucleotide.biosynthesis"	"Termness"	"preterm"	"Termnesspreterm"	-0.336519807430468	0.188618384031044	0.10484118698746	0.000203679784357202	0.029465675470342	0.000203679784357202	0.0217859485927126	NA	"abundance"	46	46
"PWY.7200..superpathway.of.pyrimidine.deoxyribonucleoside.salvage"	"Termness"	"preterm"	"Termnesspreterm"	-2.84941096106842	0.188618384031044	0.662118610664113	7.57008943735871e-05	0.029465675470342	7.57008943735871e-05	0.0217859485927126	NA	"abundance"	46	34
"PWY0.881..superpathway.of.fatty.acid.biosynthesis.I..E..coli."	"Termness"	"preterm"	"Termnesspreterm"	-3.24129236644643	0.188618384031044	0.523875098522525	7.05457638645601e-05	0.029465675470342	0.000141086551024321	0.0217859485927126	NA	"abundance"	46	13
"PWY1ZNC.1..assimilatory.sulfate.reduction.IV"	"Termness"	"preterm"	"Termnesspreterm"	1.11211207655593	0.188618384031044	0.201664607009726	0.000105506527521726	0.029465675470342	0.000211001923416102	0.0217859485927126	NA	"abundance"	46	45
"PWY.3841..folate.transformations.II..plants."	"Termness"	"preterm"	"Termnesspreterm"	-0.31460736843542	0.188618384031044	0.106140895202468	0.000370714571695352	0.0482670372347348	0.000370714571695352	0.030658764374058	NA	"abundance"	46	46
"PWY.6123..inosine.5..phosphate.biosynthesis.I"	"Termness"	"preterm"	"Termnesspreterm"	-0.34043006734999	0.188618384031044	0.11731316213765	0.000468975941880334	0.0555096978480177	0.000468975941880334	0.0352158298175596	NA	"abundance"	46	46
"MET.SAM.PWY..superpathway.of.S.adenosyl.L.methionine.biosynthesis"	"Read_depth"	"Read_depth"	"Read_depth"	0.576046896883611	0.0523521959423448	0.134597961773622	0.000551930678430068	0.059094860729134	0.000551930678430068	0.0374902879894506	NA	"abundance"	46	46
"METSYN.PWY..superpathway.of.L.homoserine.and.L.methionine.biosynthesis"	"Read_depth"	"Read_depth"	"Read_depth"	0.602174049417713	0.0523521959423448	0.142837524499314	0.00059004085213421	0.059094860729134	0.00059004085213421	0.0374902879894506	NA	"abundance"	46	46
"PWY.5347..superpathway.of.L.methionine.biosynthesis..transsulfuration."	"Read_depth"	"Read_depth"	"Read_depth"	0.590240863785065	0.0523521959423448	0.140786648902537	0.000644459656616192	0.0599347480653059	0.000644459656616192	0.0380231197403553	NA	"abundance"	46	46
"ECASYN.PWY..enterobacterial.common.antigen.biosynthesis"	"Termness"	"preterm"	"Termnesspreterm"	1.44349301344886	0.188618384031044	0.33302121149454	0.000706546469618319	0.0605681307385156	0.00141259373132291	0.0451104449780325	NA	"abundance"	46	43
"HOMOSER.METSYN.PWY..L.methionine.biosynthesis.I"	"Read_depth"	"Read_depth"	"Read_depth"	0.643053840362359	0.0523521959423448	0.159641492473964	0.000838055384109415	0.0605681307385156	0.000838055384109415	0.0405596622209534	NA	"abundance"	46	46
"LACTOSECAT.PWY..lactose.and.galactose.degradation.I"	"Termness"	"preterm"	"Termnesspreterm"	-2.51353198016867	0.188618384031044	0.749056043588601	0.000858695466628978	0.0605681307385156	0.000858695466628978	0.0405596622209534	NA	"abundance"	46	45
"PWY.7977..L.methionine.biosynthesis.IV"	"Termness"	"preterm"	"Termnesspreterm"	0.953850617214987	0.188618384031044	0.199906140824924	0.000862678171351439	0.0605681307385156	0.000862678171351439	0.0405596622209534	NA	"abundance"	46	46
"PWY.8187..L.arginine.degradation.XIII..reductive.Stickland.reaction."	"Read_depth"	"Read_depth"	"Read_depth"	-0.599818569642202	0.0523521959423448	0.178211072139401	0.000883866731207217	0.0605681307385156	0.000883866731207217	0.0405596622209534	NA	"abundance"	46	46
"PWY.5136..fatty.acid..beta..oxidation.II..plant.peroxisome."	"Termness"	"preterm"	"Termnesspreterm"	1.16239833327341	0.188618384031044	0.263836346376869	0.00100879474637106	0.0656725379887557	0.0020165718259018	0.0509904522070622	NA	"abundance"	46	44
"DTDPRHAMSYN.PWY..dTDP..beta..L.rhamnose.biosynthesis"	"Termness"	"preterm"	"Termnesspreterm"	-1.38590682357409	0.188618384031044	0.446276489423005	0.00119079659249399	0.0676486874413241	0.00119079659249399	0.0451104449780325	NA	"abundance"	46	45
"PWY.241..C4.photosynthetic.carbon.assimilation.cycle..NADP.ME.type"	"Termness"	"preterm"	"Termnesspreterm"	-1.8961775671184	0.188618384031044	0.589811707936242	0.00109694687153772	0.0676486874413241	0.00109694687153772	0.0451104449780325	NA	"abundance"	46	45
"RUMP.PWY..formaldehyde.oxidation.I"	"Termness"	"preterm"	"Termnesspreterm"	-2.04929267391931	0.188618384031044	0.630086789395817	0.00119502289642892	0.0676486874413241	0.00119502289642892	0.0451104449780325	NA	"abundance"	46	38
"HOMOSER.METSYN.PWY..L.methionine.biosynthesis.I"	"Termness"	"preterm"	"Termnesspreterm"	1.29563029309277	0.188618384031044	0.316092354009428	0.00144141547255261	0.0685667841040191	0.00144141547255261	0.0451104449780325	NA	"abundance"	46	46
"PWY.6121..5.aminoimidazole.ribonucleotide.biosynthesis.I"	"Read_depth"	"Read_depth"	"Read_depth"	-0.164313856368353	0.0523521959423448	0.0497096386534487	0.00144441442380239	0.0685667841040191	0.00144441442380239	0.0451104449780325	NA	"abundance"	46	46
"PWY.6163..chorismate.biosynthesis.from.3.dehydroquinate"	"Termness"	"preterm"	"Termnesspreterm"	-0.201069306448864	0.188618384031044	0.0857501867745835	0.00147455449686063	0.0685667841040191	0.00147455449686063	0.0451104449780325	NA	"abundance"	46	46
"PWY.6629..superpathway.of.L.tryptophan.biosynthesis"	"Termness"	"preterm"	"Termnesspreterm"	-0.184905069076531	0.188618384031044	0.0778956415561679	0.00133403938178911	0.0685667841040191	0.00133403938178911	0.0451104449780325	NA	"abundance"	46	46
"PWY0.1261..anhydromuropeptides.recycling.I"	"Termness"	"preterm"	"Termnesspreterm"	0.965153569280331	0.188618384031044	0.211433998747828	0.00126570893460975	0.0685667841040191	0.00126570893460975	0.0451104449780325	NA	"abundance"	46	46
"COA.PWY..coenzyme.A.biosynthesis.I..prokaryotic."	"Read_depth"	"Read_depth"	"Read_depth"	-0.247348540942889	0.0523521959423448	0.0804310395189493	0.00175177861321019	0.0759095150088186	0.00175177861321019	0.0509904522070622	NA	"abundance"	46	46
"NONMEVIPP.PWY..methylerythritol.phosphate.pathway.I"	"Termness"	"preterm"	"Termnesspreterm"	-0.267253954963063	0.188618384031044	0.115266865303814	0.00194987028402638	0.0759095150088186	0.00194987028402638	0.0509904522070622	NA	"abundance"	46	46
"P4.PWY..superpathway.of.L.lysine..L.threonine.and.L.methionine.biosynthesis.I"	"Read_depth"	"Read_depth"	"Read_depth"	0.554858546096412	0.0523521959423448	0.146771317538087	0.00195443270856777	0.0759095150088186	0.00390504560992321	0.0544392627709256	NA	"abundance"	46	45
"PWY.6122..5.aminoimidazole.ribonucleotide.biosynthesis.II"	"Read_depth"	"Read_depth"	"Read_depth"	-0.166568007487185	0.0523521959423448	0.0529497260883471	0.00186307786334305	0.0759095150088186	0.00186307786334305	0.0509904522070622	NA	"abundance"	46	46
"PWY.6277..superpathway.of.5.aminoimidazole.ribonucleotide.biosynthesis"	"Read_depth"	"Read_depth"	"Read_depth"	-0.166568007487185	0.0523521959423448	0.0529497260883471	0.00192342037349946	0.0759095150088186	0.00192342037349946	0.0509904522070622	NA	"abundance"	46	46
"PWY.7446..sulfoquinovose.degradation.I"	"Read_depth"	"Read_depth"	"Read_depth"	-2.36769214591776	0.0523521959423448	0.683483753188842	0.00207823310666999	0.0759095150088186	0.00415214716049432	0.0544392627709256	NA	"abundance"	46	23
"PWY0.1296..purine.ribonucleosides.degradation"	"Read_depth"	"Read_depth"	"Read_depth"	-0.312667669194164	0.0523521959423448	0.104152832857891	0.00209888059932217	0.0759095150088186	0.00209888059932217	0.0509904522070622	NA	"abundance"	46	46
"SO4ASSIM.PWY..assimilatory.sulfate.reduction.I"	"Termness"	"preterm"	"Termnesspreterm"	1.45013166160113	0.188618384031044	0.378024379653542	0.00209412252752994	0.0759095150088186	0.00209412252752994	0.0509904522070622	NA	"abundance"	46	46
"ANAGLYCOLYSIS.PWY..glycolysis.III..from.glucose."	"Read_depth"	"Read_depth"	"Read_depth"	-0.120381050856966	0.0523521959423448	0.0386005002956439	0.00310587476639634	0.079291155800942	0.00310587476639634	0.0544392627709256	NA	"abundance"	46	46
"ARO.PWY..chorismate.biosynthesis.I"	"Termness"	"preterm"	"Termnesspreterm"	-0.160508532451506	0.188618384031044	0.0801085817926747	0.00297805586205757	0.079291155800942	0.00297805586205757	0.0544392627709256	NA	"abundance"	46	46
"COA.PWY.1..superpathway.of.coenzyme.A.biosynthesis.III..mammals."	"Read_depth"	"Read_depth"	"Read_depth"	-0.219945440914764	0.0523521959423448	0.075199985273212	0.00258655285268317	0.079291155800942	0.00258655285268317	0.0544392627709256	NA	"abundance"	46	46
"COMPLETE.ARO.PWY..superpathway.of.aromatic.amino.acid.biosynthesis"	"Termness"	"preterm"	"Termnesspreterm"	-0.145616338222618	0.188618384031044	0.0748951042954758	0.00309314089972956	0.079291155800942	0.00309314089972956	0.0544392627709256	NA	"abundance"	46	46
"MET.SAM.PWY..superpathway.of.S.adenosyl.L.methionine.biosynthesis"	"Termness"	"preterm"	"Termnesspreterm"	1.07184662817252	0.188618384031044	0.266505818271738	0.00268614746943641	0.079291155800942	0.00268614746943641	0.0544392627709256	NA	"abundance"	46	46
"METSYN.PWY..superpathway.of.L.homoserine.and.L.methionine.biosynthesis"	"Termness"	"preterm"	"Termnesspreterm"	1.13683071629757	0.188618384031044	0.282820265960813	0.00232605201203318	0.079291155800942	0.00232605201203318	0.0544392627709256	NA	"abundance"	46	46
"P23.PWY..reductive.TCA.cycle.I"	"Termness"	"preterm"	"Termnesspreterm"	-1.65984583165912	0.188618384031044	0.550625169134931	0.00263967143829158	0.079291155800942	0.00263967143829158	0.0544392627709256	NA	"abundance"	46	29
"PEPTIDOGLYCANSYN.PWY..peptidoglycan.biosynthesis.I..meso.diaminopimelate.containing."	"Termness"	"preterm"	"Termnesspreterm"	-0.260922732681694	0.188618384031044	0.117046446151457	0.00246611465653201	0.079291155800942	0.00246611465653201	0.0544392627709256	NA	"abundance"	46	46
"PWY.6387..UDP.N.acetylmuramoyl.pentapeptide.biosynthesis.I..meso.diaminopimelate.containing."	"Termness"	"preterm"	"Termnesspreterm"	-0.254962075533448	0.188618384031044	0.11777565936405	0.00291105272519998	0.079291155800942	0.00291105272519998	0.0544392627709256	NA	"abundance"	46	46
"PWY.6608..guanosine.nucleotides.degradation.III"	"Read_depth"	"Read_depth"	"Read_depth"	0.827045530487781	0.0523521959423448	0.243177103096618	0.0030831915838625	0.079291155800942	0.0030831915838625	0.0544392627709256	NA	"abundance"	46	45
"PWY.7221..guanosine.ribonucleotides.de.novo.biosynthesis"	"Termness"	"preterm"	"Termnesspreterm"	-0.323815568828201	0.188618384031044	0.140316754492912	0.00249700678755627	0.079291155800942	0.00249700678755627	0.0544392627709256	NA	"abundance"	46	46
"PWY.7315..dTDP.N.acetylthomosamine.biosynthesis"	"Termness"	"preterm"	"Termnesspreterm"	0.97141864972279	0.188618384031044	0.231979245748688	0.00268058225707912	0.079291155800942	0.00535397899292128	0.0609619708922942	NA	"abundance"	46	43
"PWY.7851..coenzyme.A.biosynthesis.II..eukaryotic."	"Read_depth"	"Read_depth"	"Read_depth"	-0.226433643850745	0.0523521959423448	0.0794233998644209	0.00303907787684687	0.079291155800942	0.00303907787684687	0.0544392627709256	NA	"abundance"	46	46
"PWY.5130..2.oxobutanoate.degradation.I"	"Termness"	"preterm"	"Termnesspreterm"	-2.17165009256647	0	0.726453860539444	0.00279539882759435	0.079291155800942	0.00558298340058338	0.0623181660659713	NA	"prevalence"	46	28
"PWY.822..fructan.biosynthesis"	"Termness"	"preterm"	"Termnesspreterm"	-2.04690545705758	0	0.676972535825313	0.00249772683859894	0.079291155800942	0.00498921503783761	0.0597259655254184	NA	"prevalence"	46	22
"TRNA.CHARGING.PWY..tRNA.charging"	"Read_depth"	"Read_depth"	"Read_depth"	-0.127221240835173	0.0523521959423448	0.0419176245757154	0.00318352512735931	0.079710571458112	0.00318352512735931	0.0544392627709256	NA	"abundance"	46	46
"COA.PWY..coenzyme.A.biosynthesis.I..prokaryotic."	"Termness"	"preterm"	"Termnesspreterm"	-0.346071811171727	0.188618384031044	0.159254566109224	0.00412688599385647	0.0797168199166691	0.00412688599385647	0.0544392627709256	NA	"abundance"	46	46
"COA.PWY.1..superpathway.of.coenzyme.A.biosynthesis.III..mammals."	"Termness"	"preterm"	"Termnesspreterm"	-0.330336150890058	0.188618384031044	0.148897006649826	0.00339085702728026	0.0797168199166691	0.00339085702728026	0.0544392627709256	NA	"abundance"	46	46
"FASYN.INITIAL.PWY..superpathway.of.fatty.acid.biosynthesis.initiation..E..coli."	"Termness"	"preterm"	"Termnesspreterm"	-2.05434865521588	0.188618384031044	0.65381807254761	0.00360323083608582	0.0797168199166691	0.00719347839971353	0.0715881103393178	NA	"abundance"	46	19
"GLUTORN.PWY..L.ornithine.biosynthesis.I"	"Read_depth"	"Read_depth"	"Read_depth"	0.292552411950454	0.0523521959423448	0.0686576585226113	0.00422072078559665	0.0797168199166691	0.00422072078559665	0.0544736776391068	NA	"abundance"	46	46
"OANTIGEN.PWY..O.antigen.building.blocks.biosynthesis..E..coli."	"Termness"	"preterm"	"Termnesspreterm"	-1.01893061561028	0.188618384031044	0.390749087937893	0.00413222201667551	0.0797168199166691	0.00413222201667551	0.0544392627709256	NA	"abundance"	46	45
"P161.PWY..acetylene.degradation..anaerobic."	"Termness"	"preterm"	"Termnesspreterm"	1.64181456044777	0.188618384031044	0.466055067350496	0.00361920333258015	0.0797168199166691	0.00361920333258015	0.0544392627709256	NA	"abundance"	46	46
"PPGPPMET.PWY..ppGpp.metabolism"	"Termness"	"preterm"	"Termnesspreterm"	1.18695671254165	0.188618384031044	0.319744924485937	0.00404201717316943	0.0797168199166691	0.00404201717316943	0.0544392627709256	NA	"abundance"	46	46
"PWY.5005..biotin.biosynthesis.II"	"Termness"	"preterm"	"Termnesspreterm"	-2.24035093775756	0.188618384031044	0.780259642075134	0.0038004934210869	0.0797168199166691	0.0038004934210869	0.0544392627709256	NA	"abundance"	46	38
"PWY.5097..L.lysine.biosynthesis.VI"	"Termness"	"preterm"	"Termnesspreterm"	-0.176929903144825	0.188618384031044	0.0923345907861033	0.00384553544911714	0.0797168199166691	0.00384553544911714	0.0544392627709256	NA	"abundance"	46	46
"PWY.5347..superpathway.of.L.methionine.biosynthesis..transsulfuration."	"Termness"	"preterm"	"Termnesspreterm"	1.08565526293607	0.188618384031044	0.278759504030318	0.00331786755983154	0.0797168199166691	0.00331786755983154	0.0544392627709256	NA	"abundance"	46	46
"PWY.5686..UMP.biosynthesis.I"	"Termness"	"preterm"	"Termnesspreterm"	-0.250592834662027	0.188618384031044	0.119878509331192	0.00350821983283633	0.0797168199166691	0.00350821983283633	0.0544392627709256	NA	"abundance"	46	46
"PWY.6124..inosine.5..phosphate.biosynthesis.II"	"Read_depth"	"Read_depth"	"Read_depth"	-0.197737402488914	0.0523521959423448	0.0723953855751456	0.00410113676492385	0.0797168199166691	0.00410113676492385	0.0544392627709256	NA	"abundance"	46	46
"PWY.6318..L.phenylalanine.degradation.IV..mammalian..via.side.chain."	"Termness"	"preterm"	"Termnesspreterm"	3.02352914374903	0.188618384031044	0.76949549750012	0.00371329564156664	0.0797168199166691	0.00371329564156664	0.0544392627709256	NA	"abundance"	46	14
"PWY.6385..peptidoglycan.biosynthesis.III..mycobacteria."	"Termness"	"preterm"	"Termnesspreterm"	-0.208735178471117	0.188618384031044	0.105408202272679	0.00381104100230989	0.0797168199166691	0.00381104100230989	0.0544392627709256	NA	"abundance"	46	46
"PWY.6386..UDP.N.acetylmuramoyl.pentapeptide.biosynthesis.II..lysine.containing."	"Termness"	"preterm"	"Termnesspreterm"	-0.274886846223764	0.188618384031044	0.129442425146161	0.00355011658184834	0.0797168199166691	0.00355011658184834	0.0544392627709256	NA	"abundance"	46	46
"PWY.7851..coenzyme.A.biosynthesis.II..eukaryotic."	"Termness"	"preterm"	"Termnesspreterm"	-0.342352951759921	0.188618384031044	0.157259425713972	0.00403835722756396	0.0797168199166691	0.00403835722756396	0.0544392627709256	NA	"abundance"	46	46
"PWY.7942..5.oxo.L.proline.metabolism"	"Termness"	"preterm"	"Termnesspreterm"	1.08014336995361	0.188618384031044	0.284091392141848	0.00422462409696633	0.0797168199166691	0.008431400745172	0.0819333766530832	NA	"abundance"	46	43
"PWY.7254..TCA.cycle.VII..acetate.producers."	"Termness"	"preterm"	"Termnesspreterm"	-2.00652754951735	0.188618384031044	0.692862844718248	0.00435193706181036	0.0809460293496728	0.00435193706181036	0.0553030771239286	NA	"abundance"	46	27
"ARGSYNBSUB.PWY..L.arginine.biosynthesis.II..acetyl.cycle."	"Termness"	"preterm"	"Termnesspreterm"	-0.238332128919066	0.188618384031044	0.120839490885325	0.00449908679339728	0.0813584861806008	0.00449908679339728	0.0554663536021814	NA	"abundance"	46	46
"HEME.BIOSYNTHESIS.II.1..heme.b.biosynthesis.V..aerobic."	"Termness"	"preterm"	"Termnesspreterm"	0.874157256099566	0.188618384031044	0.215648763818294	0.00446172959402558	0.0813584861806008	0.00446172959402558	0.0554663536021814	NA	"abundance"	46	46
"PWY.7039..phosphatidate.metabolism..as.a.signaling.molecule"	"Termness"	"preterm"	"Termnesspreterm"	6.03752766126609	0.188618384031044	1.33765321956342	0.00474488701859022	0.0846279849069104	0.00474488701859022	0.0576364217258164	NA	"abundance"	46	9
"PWY.2942..L.lysine.biosynthesis.III"	"Termness"	"preterm"	"Termnesspreterm"	-2.24838800910365	0	0.799044642271843	0.00489527805331261	0.0861304327758516	0.00976659235940597	0.0876870140094492	NA	"prevalence"	46	31
"PWY.6123..inosine.5..phosphate.biosynthesis.I"	"Read_depth"	"Read_depth"	"Read_depth"	-0.15706475168794	0.0523521959423448	0.0592486596178025	0.00529437756386208	0.0870179804835833	0.00529437756386208	0.0609619708922942	NA	"abundance"	46	46
"PWY.6700..queuosine.biosynthesis.I..de.novo."	"Read_depth"	"Read_depth"	"Read_depth"	-0.183370674598935	0.0523521959423448	0.0702384414205545	0.00538768023624392	0.0870179804835833	0.00538768023624392	0.0609619708922942	NA	"abundance"	46	46
"PWY.7187..pyrimidine.deoxyribonucleotides.de.novo.biosynthesis.II"	"Termness"	"preterm"	"Termnesspreterm"	0.971887596295799	0.188618384031044	0.253793367892893	0.00511133577753842	0.0870179804835833	0.0101965458016461	0.0905628691630072	NA	"abundance"	46	45
"TRPSYN.PWY..L.tryptophan.biosynthesis"	"Termness"	"preterm"	"Termnesspreterm"	-0.253651755465858	0.188618384031044	0.129577786497891	0.00529257952763529	0.0870179804835833	0.00529257952763529	0.0609619708922942	NA	"abundance"	46	46
"HCAMHPDEG.PWY..3.phenylpropanoate.and.3..3.hydroxyphenyl.propanoate.degradation.to.2.hydroxypentadienoate"	"Termness"	"preterm"	"Termnesspreterm"	2.44893724260031	0	0.880489411623059	0.00541356099782661	0.0870179804835833	0.010797815352976	0.0919484070263733	NA	"prevalence"	46	34
"PWY.6690..cinnamate.and.3.hydroxycinnamate.degradation.to.2.hydroxypentadienoate"	"Termness"	"preterm"	"Termnesspreterm"	2.44893724260031	0	0.880489411623059	0.00541356099782661	0.0870179804835833	0.010797815352976	0.0919484070263733	NA	"prevalence"	46	34
"PWY0.1277..3.phenylpropanoate.and.3..3.hydroxyphenyl.propanoate.degradation"	"Termness"	"preterm"	"Termnesspreterm"	2.44893724260031	0	0.880489411623059	0.00541356099782661	0.0870179804835833	0.010797815352976	0.0919484070263733	NA	"prevalence"	46	34
"PWY.4361..S.methyl.5.thio..alpha..D.ribose.1.phosphate.degradation.I"	"Termness"	"preterm"	"Termnesspreterm"	4.67343636662063	0.188618384031044	0.34859642701372	0.00627619309806116	0.095652453348546	0.00627619309806116	0.0669066099104663	NA	"abundance"	46	5
"PWY.5695..inosine.5..phosphate.degradation"	"Read_depth"	"Read_depth"	"Read_depth"	-0.157671657624355	0.0523521959423448	0.0613013833888004	0.00618459729203691	0.095652453348546	0.00618459729203691	0.0669066099104663	NA	"abundance"	46	46
"PWY.7115..C4.photosynthetic.carbon.assimilation.cycle..NAD.ME.type"	"Termness"	"preterm"	"Termnesspreterm"	0.793952867816553	0.188618384031044	0.196135565122815	0.00615033244844554	0.095652453348546	0.00615033244844554	0.0669066099104663	NA	"abundance"	46	46
"PWY.7858...5Z..dodecenoate.biosynthesis.II"	"Termness"	"preterm"	"Termnesspreterm"	0.957338631847092	0.188618384031044	0.256911987789014	0.00631805759445081	0.095652453348546	0.00631805759445081	0.0669066099104663	NA	"abundance"	46	46
"PWY1ZNC.1..assimilatory.sulfate.reduction.IV"	"Read_depth"	"Read_depth"	"Read_depth"	0.365046730775716	0.0523521959423448	0.10075929573143	0.00607218887308092	0.095652453348546	0.0121075062684515	0.100054333586207	NA	"abundance"	46	45
"DENITRIFICATION.PWY..nitrate.reduction.I..denitrification."	"Read_depth"	"Read_depth"	"Read_depth"	-0.708575176730449	0.0523521959423448	0.235237905389278	0.0065992024662771	0.0969034865139917	0.0131548554593633	0.103484862946991	NA	"abundance"	46	17
"P42.PWY..incomplete.reductive.TCA.cycle"	"Termness"	"preterm"	"Termnesspreterm"	-1.30208660820486	0.188618384031044	0.515757141728992	0.00653993792016061	0.0969034865139917	0.00653993792016061	0.068379604076616	NA	"abundance"	46	45
"PWY.6609..adenine.and.adenosine.salvage.III"	"Read_depth"	"Read_depth"	"Read_depth"	-0.23182687641704	0.0523521959423448	0.0913067662659566	0.0066239710443512	0.0969034865139917	0.0066239710443512	0.0683925010329261	NA	"abundance"	46	46
"HISTSYN.PWY..L.histidine.biosynthesis"	"Termness"	"preterm"	"Termnesspreterm"	-0.292358691594673	0.188618384031044	0.151460430263218	0.00684705103057681	0.0990540049090112	0.00684705103057681	0.0698230142130426	NA	"abundance"	46	46
"PWY.6519..8.amino.7.oxononanoate.biosynthesis.I"	"Termness"	"preterm"	"Termnesspreterm"	0.890752435281344	0.188618384031044	0.236934851642938	0.00718496732889218	0.102800301782611	0.00718496732889218	0.0715881103393178	NA	"abundance"	46	46
"PWY.6803..phosphatidylcholine.acyl.editing"	"Termness"	"preterm"	"Termnesspreterm"	1.04026871782334	0.188618384031044	0.29169939244023	0.00733502103589601	0.103806493355833	0.014616239538195	0.107829836498089	NA	"abundance"	46	43
"PWY.6936..seleno.amino.acid.biosynthesis..plants."	"Read_depth"	"Read_depth"	"Read_depth"	-0.174265287402664	0.0523521959423448	0.0717805884574323	0.00818450005204552	0.113010445854918	0.00818450005204552	0.0804809171784476	NA	"abundance"	46	46
"DENITRIFICATION.PWY..nitrate.reduction.I..denitrification."	"Termness"	"preterm"	"Termnesspreterm"	-1.79881736455639	0	0.680457518289411	0.00820438228592909	0.113010445854918	0.0163414526831645	0.117963911475013	NA	"prevalence"	46	17
"PWY.622..starch.biosynthesis"	"Termness"	"preterm"	"Termnesspreterm"	2.12160150719741	0	0.803078087885256	0.00824576985884578	0.113010445854918	0.0164235469971265	0.117963911475013	NA	"prevalence"	46	34
"BIOTIN.BIOSYNTHESIS.PWY..biotin.biosynthesis.I"	"Termness"	"preterm"	"Termnesspreterm"	0.855447024771152	0.188618384031044	0.232197488584194	0.00923272120616458	0.118855438210201	0.00923272120616458	0.0856879518684488	NA	"abundance"	46	46
"NAGLIPASYN.PWY..lipid.IVA.biosynthesis..E..coli."	"Termness"	"preterm"	"Termnesspreterm"	0.898415917967473	0.188618384031044	0.248372292512292	0.00902963933548473	0.118855438210201	0.00902963933548473	0.0847554783080726	NA	"abundance"	46	46
"PRPP.PWY..superpathway.of.histidine..purine..and.pyrimidine.biosynthesis"	"Termness"	"preterm"	"Termnesspreterm"	1.1476547379234	0.188618384031044	0.343140860257114	0.00928204979477232	0.118855438210201	0.018477943141152	0.127960069257183	NA	"abundance"	46	44
"PWY.2941..L.lysine.biosynthesis.II"	"Termness"	"preterm"	"Termnesspreterm"	-1.08353854805706	0.188618384031044	0.461724614943102	0.00940254234688997	0.118855438210201	0.00940254234688997	0.0862944442059013	NA	"abundance"	46	46
"PWY.6151..S.adenosyl.L.methionine.salvage.I"	"Read_depth"	"Read_depth"	"Read_depth"	-0.136256638139295	0.0523521959423448	0.0565349347126538	0.00898231408957118	0.118855438210201	0.00898231408957118	0.0847554783080726	NA	"abundance"	46	46
"PWY.6607..guanosine.nucleotides.degradation.I"	"Termness"	"preterm"	"Termnesspreterm"	-2.53689201124739	0.188618384031044	0.967574937711823	0.00933852430310522	0.118855438210201	0.0185898405700508	0.127960069257183	NA	"abundance"	46	29
"PWY.7269..mitochondrial.NADPH.production..yeast."	"Termness"	"preterm"	"Termnesspreterm"	1.9070061549049	0.188618384031044	0.617947870374946	0.00906477907412373	0.118855438210201	0.0180473879285848	0.127411473752231	NA	"abundance"	46	38
"PWY.8073..lipid.IVA.biosynthesis..P..putida."	"Termness"	"preterm"	"Termnesspreterm"	0.898415917967473	0.188618384031044	0.248372292512292	0.00901403597753103	0.118855438210201	0.00901403597753103	0.0847554783080726	NA	"abundance"	46	46
"TRNA.CHARGING.PWY..tRNA.charging"	"Termness"	"preterm"	"Termnesspreterm"	-0.116042499471001	0.188618384031044	0.0829974740356572	0.00953086264775638	0.119319068917104	0.00953086264775638	0.086510907110404	NA	"abundance"	46	46
"PWY.5417..catechol.degradation.III..ortho.cleavage.pathway."	"Termness"	"preterm"	"Termnesspreterm"	2.18914668624177	0	0.849429038649994	0.00996049222883332	0.121201503569542	0.019821773052226	0.129320539656736	NA	"prevalence"	46	30
"PWY.5431..aromatic.compounds.degradation.via..beta..ketoadipate"	"Termness"	"preterm"	"Termnesspreterm"	2.18914668624177	0	0.849429038649994	0.00996049222883332	0.121201503569542	0.019821773052226	0.129320539656736	NA	"prevalence"	46	30
"PWY.6182..superpathway.of.salicylate.degradation"	"Termness"	"preterm"	"Termnesspreterm"	2.18914668624177	0	0.849429038649994	0.00996049222883332	0.121201503569542	0.019821773052226	0.129320539656736	NA	"prevalence"	46	30
"PWY.1269..CMP.3.deoxy.D.manno.octulosonate.biosynthesis"	"Termness"	"preterm"	"Termnesspreterm"	0.895541255970199	0.188618384031044	0.253150267031594	0.0107076081754434	0.129086165226178	0.0107076081754434	0.0919484070263733	NA	"abundance"	46	46
"PWY1G.0..mycothiol.biosynthesis"	"Read_depth"	"Read_depth"	"Read_depth"	-1.46585819653868	0.0523521959423448	0.335308232145847	0.0108683909315423	0.129822431127231	0.0216186599416439	0.135280402362105	NA	"abundance"	46	7
"TCA..TCA.cycle.I..prokaryotic."	"Read_depth"	"Read_depth"	"Read_depth"	0.642087426032484	0.0523521959423448	0.219243134312238	0.0113986771276241	0.13491888745606	0.0226674244149884	0.138691056050225	NA	"abundance"	46	44
"PWY.6595..superpathway.of.guanosine.nucleotides.degradation..plants."	"Termness"	"preterm"	"Termnesspreterm"	-2.18217172448147	0.188618384031044	0.869850235128988	0.0116318585291393	0.136438556801255	0.0231284169254367	0.139119308763362	NA	"abundance"	46	29
"PWY.5972..stearate.biosynthesis.I..animals."	"Termness"	"preterm"	"Termnesspreterm"	-3.51750220565308	0.188618384031044	1.2469209171244	0.0117738770464837	0.136871320665373	0.0234091299122617	0.139119308763362	NA	"abundance"	46	15
"PWY.7790..UMP.biosynthesis.II"	"Termness"	"preterm"	"Termnesspreterm"	-0.199330285193105	0.188618384031044	0.126471206397739	0.0119035592740084	0.13715428473238	0.0119035592740084	0.100054333586207	NA	"abundance"	46	46
"PWY.6317..D.galactose.degradation.I..Leloir.pathway."	"Read_depth"	"Read_depth"	"Read_depth"	-0.138580300244726	0.0523521959423448	0.0612565995151536	0.012158005058567	0.138512948470928	0.012158005058567	0.100054333586207	NA	"abundance"	46	46
"PWY.841..superpathway.of.purine.nucleotides.de.novo.biosynthesis.I"	"Read_depth"	"Read_depth"	"Read_depth"	-0.171090955736949	0.0523521959423448	0.0757385646486266	0.0122342466007348	0.138512948470928	0.0122342466007348	0.100054333586207	NA	"abundance"	46	46
"PWY0.1241..ADP.L.glycero..beta..D.manno.heptose.biosynthesis"	"Termness"	"preterm"	"Termnesspreterm"	0.828123953240654	0.188618384031044	0.23246163978683	0.0123592191938751	0.138721580951942	0.0123592191938751	0.100085441707263	NA	"abundance"	46	46
"HEME.BIOSYNTHESIS.II..heme.b.biosynthesis.I..aerobic."	"Termness"	"preterm"	"Termnesspreterm"	0.846932801086965	0.188618384031044	0.241235817350308	0.0126762229875172	0.141063609655961	0.0126762229875172	0.101655924152323	NA	"abundance"	46	46
"PWY0.781..aspartate.superpathway"	"Read_depth"	"Read_depth"	"Read_depth"	0.471358349223879	0.0523521959423448	0.156175173936297	0.0128225999230229	0.141483263557422	0.0128225999230229	0.101841034004009	NA	"abundance"	46	44
"P4.PWY..superpathway.of.L.lysine..L.threonine.and.L.methionine.biosynthesis.I"	"Termness"	"preterm"	"Termnesspreterm"	0.974200029428822	0.188618384031044	0.293755329041917	0.0131753930170327	0.144154300068711	0.0261771950529122	0.150512062039997	NA	"abundance"	46	45
"PWY.7953..UDP.N.acetylmuramoyl.pentapeptide.biosynthesis.III..meso.diaminopimelate.containing."	"Read_depth"	"Read_depth"	"Read_depth"	-0.136785446998435	0.0523521959423448	0.0618816204930581	0.0132884840383138	0.144180051815705	0.0132884840383138	0.103549885053276	NA	"abundance"	46	46
"PWY.5188..tetrapyrrole.biosynthesis.I..from.glutamate."	"Read_depth"	"Read_depth"	"Read_depth"	-0.170352339923081	0.0523521959423448	0.0768873918292223	0.0135292827113452	0.14452715548692	0.0135292827113452	0.104307060229092	NA	"abundance"	46	46
"PWY.6549..L.glutamine.biosynthesis.III"	"Termness"	"preterm"	"Termnesspreterm"	-1.64641392359862	0.188618384031044	0.702327861859693	0.0137509213896525	0.14452715548692	0.0273127549402406	0.154522846442731	NA	"abundance"	46	37
"PWY.7199..pyrimidine.deoxyribonucleosides.salvage"	"Read_depth"	"Read_depth"	"Read_depth"	-0.195340302459797	0.0523521959423448	0.0879267649702999	0.0137644909987543	0.14452715548692	0.0137644909987543	0.104307060229092	NA	"abundance"	46	46
"PWY0.1261..anhydromuropeptides.recycling.I"	"Read_depth"	"Read_depth"	"Read_depth"	0.344688308323692	0.0523521959423448	0.106784104998739	0.013744083493859	0.14452715548692	0.013744083493859	0.104307060229092	NA	"abundance"	46	46
"PWY.5154..L.arginine.biosynthesis.III..via.N.acetyl.L.citrulline."	"Read_depth"	"Read_depth"	"Read_depth"	0.384639532219359	0.0523521959423448	0.124246913386056	0.0145740733818867	0.151083612720487	0.0145740733818867	0.107829836498089	NA	"abundance"	46	46
"PWY.7953..UDP.N.acetylmuramoyl.pentapeptide.biosynthesis.III..meso.diaminopimelate.containing."	"Termness"	"preterm"	"Termnesspreterm"	-0.178310111925404	0.188618384031044	0.122526460937209	0.0146209947794019	0.151083612720487	0.0146209947794019	0.107829836498089	NA	"abundance"	46	46
"PWY5F9.12..biphenyl.degradation"	"Termness"	"preterm"	"Termnesspreterm"	2.9459265186788	0	1.21163595729152	0.0150421466355089	0.154211613538839	0.0298580270956137	0.161075694072049	NA	"prevalence"	46	11
"PWY.7791..UMP.biosynthesis.III"	"Termness"	"preterm"	"Termnesspreterm"	-0.189315949670146	0.188618384031044	0.129449889143684	0.0156773398011043	0.159467940789358	0.0156773398011043	0.114597191820462	NA	"abundance"	46	46
"PWY66.399..gluconeogenesis.III"	"Termness"	"preterm"	"Termnesspreterm"	-2.95499454981699	0.188618384031044	1.1197042745382	0.0160290028151064	0.161781098180377	0.0318010766989662	0.163153350020783	NA	"abundance"	46	15
"DHGLUCONATE.PYR.CAT.PWY..glucose.degradation..oxidative."	"Termness"	"preterm"	"Termnesspreterm"	3.74050496957955	0.188618384031044	0.749150896956986	0.0180308439601095	0.174897744812552	0.0357365765863051	0.173637719178165	NA	"abundance"	46	6
"PWY.1861..formaldehyde.assimilation.II..assimilatory.RuMP.Cycle."	"Termness"	"preterm"	"Termnesspreterm"	-1.5248851199821	0.188618384031044	0.691501903679818	0.0180220373497786	0.174897744812552	0.0357192808693204	0.173637719178165	NA	"abundance"	46	45
"PWY.6318..L.phenylalanine.degradation.IV..mammalian..via.side.chain."	"Read_depth"	"Read_depth"	"Read_depth"	1.97772330167553	0.0523521959423448	0.692309035690597	0.0180129145780255	0.174897744812552	0.0357013640644557	0.173637719178165	NA	"abundance"	46	14
"PWY.6385..peptidoglycan.biosynthesis.III..mycobacteria."	"Read_depth"	"Read_depth"	"Read_depth"	-0.110615288890444	0.0523521959423448	0.0532360954523624	0.0182367182163883	0.174897744812552	0.0182367182163883	0.127657027514718	NA	"abundance"	46	46
"PWY.6387..UDP.N.acetylmuramoyl.pentapeptide.biosynthesis.I..meso.diaminopimelate.containing."	"Read_depth"	"Read_depth"	"Read_depth"	-0.123468125010157	0.0523521959423448	0.0594822424506393	0.0179170595062712	0.174897744812552	0.0179170595062712	0.127411473752231	NA	"abundance"	46	46
"PWY.8131..5..deoxyadenosine.degradation.II"	"Termness"	"preterm"	"Termnesspreterm"	2.08819831372823	0.188618384031044	0.762550977848743	0.0175697068001368	0.174897744812552	0.0348307190032308	0.173314300582341	NA	"abundance"	46	42
"PWY.5417..catechol.degradation.III..ortho.cleavage.pathway."	"Read_depth"	"Read_depth"	"Read_depth"	1.58330644144953	0	0.672401952666026	0.0185375489893488	0.174897744812552	0.0367314572561652	0.175376784356026	NA	"prevalence"	46	30
"PWY.5431..aromatic.compounds.degradation.via..beta..ketoadipate"	"Read_depth"	"Read_depth"	"Read_depth"	1.58330644144953	0	0.672401952666026	0.0185375489893488	0.174897744812552	0.0367314572561652	0.175376784356026	NA	"prevalence"	46	30
"PWY.6182..superpathway.of.salicylate.degradation"	"Read_depth"	"Read_depth"	"Read_depth"	1.58330644144953	0	0.672401952666026	0.0185375489893488	0.174897744812552	0.0367314572561652	0.175376784356026	NA	"prevalence"	46	30
"PEPTIDOGLYCANSYN.PWY..peptidoglycan.biosynthesis.I..meso.diaminopimelate.containing."	"Read_depth"	"Read_depth"	"Read_depth"	-0.120983211363612	0.0523521959423448	0.0591139555113523	0.0191360674443359	0.179245754046945	0.0191360674443359	0.129320539656736	NA	"abundance"	46	46
"PWY.7977..L.methionine.biosynthesis.IV"	"Read_depth"	"Read_depth"	"Read_depth"	0.316556718487471	0.0523521959423448	0.100961995034683	0.0192752264051317	0.179259605567725	0.0192752264051317	0.129320539656736	NA	"abundance"	46	46
"PWY.3841..folate.transformations.II..plants."	"Read_depth"	"Read_depth"	"Read_depth"	-0.108965494068347	0.0523521959423448	0.0536061398123509	0.0195168554034724	0.180219473300149	0.0195168554034724	0.129320539656736	NA	"abundance"	46	46
"NAGLIPASYN.PWY..lipid.IVA.biosynthesis..E..coli."	"Read_depth"	"Read_depth"	"Read_depth"	0.368218934635694	0.0523521959423448	0.125439679140924	0.0205994476075562	0.181250072670461	0.0205994476075562	0.130786291459084	NA	"abundance"	46	46
"PWY.6386..UDP.N.acetylmuramoyl.pentapeptide.biosynthesis.II..lysine.containing."	"Read_depth"	"Read_depth"	"Read_depth"	-0.131075235361093	0.0523521959423448	0.0653745074111031	0.0207421358125182	0.181250072670461	0.0207421358125182	0.130786291459084	NA	"abundance"	46	46
"PWY.6902..chitin.degradation.II..Vibrio."	"Termness"	"preterm"	"Termnesspreterm"	1.30561081680861	0.188618384031044	0.455994959245921	0.0202730283663477	0.181250072670461	0.0401350610535527	0.189437488172769	NA	"abundance"	46	43
"PWY.7383..anaerobic.energy.metabolism..invertebrates..cytosol."	"Termness"	"preterm"	"Termnesspreterm"	-2.87756472360986	0.188618384031044	1.14997537791396	0.0207153977442613	0.181250072670461	0.0410016677848197	0.190122532991828	NA	"abundance"	46	15
"PWY.7858...5Z..dodecenoate.biosynthesis.II"	"Read_depth"	"Read_depth"	"Read_depth"	0.378361687470839	0.0523521959423448	0.129752626549985	0.0206137144259075	0.181250072670461	0.0206137144259075	0.130786291459084	NA	"abundance"	46	46
"PWY.8073..lipid.IVA.biosynthesis..P..putida."	"Read_depth"	"Read_depth"	"Read_depth"	0.368218934635694	0.0523521959423448	0.125439679140924	0.0204109386502185	0.181250072670461	0.0204109386502185	0.130786291459084	NA	"abundance"	46	46
"UDPNAGSYN.PWY..UDP.N.acetyl.D.glucosamine.biosynthesis.I"	"Read_depth"	"Read_depth"	"Read_depth"	-0.144468010374515	0.0523521959423448	0.0711308245210144	0.0198834243782149	0.181250072670461	0.0198834243782149	0.129320539656736	NA	"abundance"	46	46
"PWY.7269..mitochondrial.NADPH.production..yeast."	"Termness"	"preterm"	"Termnesspreterm"	2.33773389199937	0	1.00942502082812	0.0205633784120322	0.181250072670461	0.0180473879285848	0.127411473752231	NA	"prevalence"	46	38
"GLUCUROCAT.PWY..superpathway.of..beta..D.glucuronosides.degradation"	"Termness"	"preterm"	"Termnesspreterm"	-2.08350716373643	0.188618384031044	0.940998704727008	0.0217616917593014	0.188891484470736	0.043049812290376	0.19537991731786	NA	"abundance"	46	36
"AST.PWY..L.arginine.degradation.II..AST.pathway."	"Termness"	"preterm"	"Termnesspreterm"	1.01411048553987	0.188618384031044	0.339558243586234	0.0225142469602999	0.192592802443072	0.0445216026044105	0.198782939195908	NA	"abundance"	46	43
"NONMEVIPP.PWY..methylerythritol.phosphate.pathway.I"	"Read_depth"	"Read_depth"	"Read_depth"	-0.114160640175883	0.0523521959423448	0.0582151835578641	0.022631873098149	0.192592802443072	0.022631873098149	0.138691056050225	NA	"abundance"	46	46
"PWY.5154..L.arginine.biosynthesis.III..via.N.acetyl.L.citrulline."	"Termness"	"preterm"	"Termnesspreterm"	0.799044471357289	0.188618384031044	0.246010599888429	0.022472962007444	0.192592802443072	0.022472962007444	0.138691056050225	NA	"abundance"	46	46
"ANAGLYCOLYSIS.PWY..glycolysis.III..from.glucose."	"Termness"	"preterm"	"Termnesspreterm"	-0.0665423055842947	0.188618384031044	0.0764295222708574	0.0230089483870235	0.193550764677281	0.0230089483870235	0.139119308763362	NA	"abundance"	46	46
"GALACTARDEG.PWY..D.galactarate.degradation.I"	"Read_depth"	"Read_depth"	"Read_depth"	0.754877520735287	0.0523521959423448	0.295327839333401	0.0231164745284157	0.193550764677281	0.0456985776622085	0.200497998104322	NA	"abundance"	46	45
"GLUCARGALACTSUPER.PWY..superpathway.of.D.glucarate.and.D.galactarate.degradation"	"Read_depth"	"Read_depth"	"Read_depth"	0.754877520735287	0.0523521959423448	0.295327839333401	0.0231997203254724	0.193550764677281	0.0458612136277646	0.200497998104322	NA	"abundance"	46	45
"HEMESYN2.PWY..heme.b.biosynthesis.II..oxygen.independent."	"Termness"	"preterm"	"Termnesspreterm"	0.723221196949069	0.188618384031044	0.214521647772544	0.0234111185449242	0.193550764677281	0.0234111185449242	0.139119308763362	NA	"abundance"	46	46
"PWY.5676..acetyl.CoA.fermentation.to.butanoate.II"	"Termness"	"preterm"	"Termnesspreterm"	-2.32552633241112	0.188618384031044	1.0299048686944	0.023487727203541	0.193550764677281	0.046423781077894	0.201821279843897	NA	"abundance"	46	25
"P461.PWY..hexitol.fermentation.to.lactate..formate..ethanol.and.acetate"	"Termness"	"preterm"	"Termnesspreterm"	0.912777764967985	0.188618384031044	0.299981955097807	0.023813645927438	0.19500230816053	0.023813645927438	0.140500510971884	NA	"abundance"	46	46
"LACTOSECAT.PWY..lactose.and.galactose.degradation.I"	"Read_depth"	"Read_depth"	"Read_depth"	-0.830839327244036	0.0523521959423448	0.375864107661703	0.0242010439823497	0.19693599540637	0.0478163974348637	0.203965395509295	NA	"abundance"	46	45
"PWY.7723..bacterial.bioluminescence"	"Termness"	"preterm"	"Termnesspreterm"	2.48327138424295	0.188618384031044	0.84879781644338	0.0246611465844877	0.199433620204988	0.0487141210181138	0.205295224290623	NA	"abundance"	46	12
"PWY.922..mevalonate.pathway.I..eukaryotes.and.bacteria."	"Read_depth"	"Read_depth"	"Read_depth"	-0.654200613763499	0.0523521959423448	0.299904863639554	0.0252217736498289	0.20270832896344	0.0498074094336146	0.208837158335866	NA	"abundance"	46	39
"COMPLETE.ARO.PWY..superpathway.of.aromatic.amino.acid.biosynthesis"	"Read_depth"	"Read_depth"	"Read_depth"	-0.0733989889479839	0.0523521959423448	0.0378255471132537	0.0258334218548357	0.203083822441012	0.0258334218548357	0.150512062039997	NA	"abundance"	46	46
"PWY.5265..peptidoglycan.biosynthesis.II..staphylococci."	"Read_depth"	"Read_depth"	"Read_depth"	-0.559743731762047	0.0523521959423448	0.261525926806716	0.0256465604848215	0.203083822441012	0.0506353749049414	0.210174973223526	NA	"abundance"	46	44
"PWY.5675..nitrate.reduction.V..assimilatory."	"Termness"	"preterm"	"Termnesspreterm"	1.18382369464283	0.188618384031044	0.424604702431582	0.0258924074694378	0.203083822441012	0.0258924074694378	0.150512062039997	NA	"abundance"	46	46
"PWY.7184..pyrimidine.deoxyribonucleotides.de.novo.biosynthesis.I"	"Termness"	"preterm"	"Termnesspreterm"	0.715233425312938	0.188618384031044	0.214721919289672	0.0257799082903878	0.203083822441012	0.0508952129093148	0.21019722931547	NA	"abundance"	46	44
"PWY.7345..superpathway.of.anaerobic.sucrose.degradation"	"Read_depth"	"Read_depth"	"Read_depth"	0.276285774182416	0.0523521959423448	0.0886670710822651	0.0263180877088739	0.203555827560862	0.0263180877088739	0.150512062039997	NA	"abundance"	46	46
"SULFATE.CYS.PWY..superpathway.of.sulfate.assimilation.and.cysteine.biosynthesis"	"Termness"	"preterm"	"Termnesspreterm"	0.920481409882555	0.188618384031044	0.309191505359891	0.0264216089537525	0.203555827560862	0.0264216089537525	0.150512062039997	NA	"abundance"	46	46
"CATECHOL.ORTHO.CLEAVAGE.PWY..catechol.degradation.to..beta..ketoadipate"	"Termness"	"preterm"	"Termnesspreterm"	1.80194139221667	0	0.8110671625313	0.0263041304242967	0.203555827560862	0.051916353571215	0.212712095591261	NA	"prevalence"	46	33
"PWY.5265..peptidoglycan.biosynthesis.II..staphylococci."	"Termness"	"preterm"	"Termnesspreterm"	-1.03375869529576	0.188618384031044	0.526940652525871	0.0270670349207425	0.207301643922392	0.0534014454620843	0.217288640156067	NA	"abundance"	46	44
"PWY66.409..superpathway.of.purine.nucleotide.salvage"	"Read_depth"	"Read_depth"	"Read_depth"	-0.179470826248012	0.0523521959423448	0.0937913788887653	0.0277023087916485	0.210926351150446	0.0277023087916485	0.155416939115301	NA	"abundance"	46	46
"PWY.5667..CDP.diacylglycerol.biosynthesis.I"	"Read_depth"	"Read_depth"	"Read_depth"	-0.132270847986897	0.0523521959423448	0.0711005074911801	0.0279783051412121	0.210993683288011	0.0279783051412121	0.155416939115301	NA	"abundance"	46	46
"PWY.6609..adenine.and.adenosine.salvage.III"	"Termness"	"preterm"	"Termnesspreterm"	-0.257551405010846	0.188618384031044	0.180788654871176	0.0280352589929538	0.210993683288011	0.0280352589929538	0.155416939115301	NA	"abundance"	46	46
"PWY0.1319..CDP.diacylglycerol.biosynthesis.II"	"Read_depth"	"Read_depth"	"Read_depth"	-0.132254719422098	0.0523521959423448	0.0710987702681698	0.0284559947381693	0.212929339937336	0.0284559947381693	0.156697677691519	NA	"abundance"	46	46
"P621.PWY..nylon.6.oligomer.degradation"	"Termness"	"preterm"	"Termnesspreterm"	1.53431011950886	0	0.703017430011223	0.0290753172170385	0.216320360094767	0.0573052603628056	0.225559498593016	NA	"prevalence"	46	24
"PWY.5837..2.carboxy.1.4.naphthoquinol.biosynthesis"	"Termness"	"preterm"	"Termnesspreterm"	0.682707323591206	0.188618384031044	0.207615257072741	0.0306160822873023	0.218181742345584	0.0306160822873023	0.161075694072049	NA	"abundance"	46	46
"PWY.5897..superpathway.of.menaquinol.11.biosynthesis"	"Termness"	"preterm"	"Termnesspreterm"	0.735202593562088	0.188618384031044	0.231535953591336	0.0301281511184029	0.218181742345584	0.0301281511184029	0.161075694072049	NA	"abundance"	46	46
"PWY.5898..superpathway.of.menaquinol.12.biosynthesis"	"Termness"	"preterm"	"Termnesspreterm"	0.735202593562088	0.188618384031044	0.231535953591336	0.0298096587328613	0.218181742345584	0.0298096587328613	0.161075694072049	NA	"abundance"	46	46
"PWY.5899..superpathway.of.menaquinol.13.biosynthesis"	"Termness"	"preterm"	"Termnesspreterm"	0.735202593562088	0.188618384031044	0.231535953591336	0.0303514916951824	0.218181742345584	0.0303514916951824	0.161075694072049	NA	"abundance"	46	46
"PWY.6608..guanosine.nucleotides.degradation.III"	"Termness"	"preterm"	"Termnesspreterm"	1.29471094520987	0.188618384031044	0.485454439901444	0.0295833081390779	0.218181742345584	0.0582914441577043	0.228193046797458	NA	"abundance"	46	45
"PWY.7388..octanoyl..acyl.carrier.protein..biosynthesis..mitochondria..yeast."	"Read_depth"	"Read_depth"	"Read_depth"	1.81021721600764	0.0523521959423448	0.778418814339073	0.0306660974264531	0.218181742345584	0.0603917853215375	0.235300069224481	NA	"abundance"	46	37
"PWY.7663..gondoate.biosynthesis..anaerobic."	"Termness"	"preterm"	"Termnesspreterm"	0.722486959511924	0.188618384031044	0.225740840514289	0.030397022499045	0.218181742345584	0.030397022499045	0.161075694072049	NA	"abundance"	46	46
"PWY.7294..D.xylose.degradation.IV"	"Termness"	"preterm"	"Termnesspreterm"	3.460010748254	0	1.59987341144469	0.030565967880843	0.218181742345584	0.030565967880843	0.161075694072049	NA	"prevalence"	46	9
"PWY.5097..L.lysine.biosynthesis.VI"	"Read_depth"	"Read_depth"	"Read_depth"	-0.0840451848123877	0.0523521959423448	0.046633307301152	0.0309698943295751	0.219145665310363	0.0309698943295751	0.161905903267272	NA	"abundance"	46	46
"PWY.5505..L.glutamate.and.L.glutamine.biosynthesis"	"Termness"	"preterm"	"Termnesspreterm"	-1.82991809586907	0.188618384031044	0.891747012289723	0.0314787430109673	0.219558891252627	0.0619665747603841	0.240302304000363	NA	"abundance"	46	33
"PWY.5913..partial.TCA.cycle..obligate.autotrophs."	"Termness"	"preterm"	"Termnesspreterm"	0.719127805384333	0.188618384031044	0.226715376646168	0.031463238690661	0.219558891252627	0.031463238690661	0.16279524510687	NA	"abundance"	46	46
"PWY.6897..thiamine.diphosphate.salvage.II"	"Read_depth"	"Read_depth"	"Read_depth"	0.235608506932684	0.0523521959423448	0.0725021370651533	0.0315341879141637	0.219558891252627	0.0315341879141637	0.16279524510687	NA	"abundance"	46	46
"PWY.5855..ubiquinol.7.biosynthesis..early.decarboxylation."	"Termness"	"preterm"	"Termnesspreterm"	1.17351990734642	0.188618384031044	0.436741951464532	0.0320011163997856	0.221624752938941	0.0629781613487387	0.243083931187188	NA	"abundance"	46	43
"VALSYN.PWY..L.valine.biosynthesis"	"Termness"	"preterm"	"Termnesspreterm"	-0.12869152080543	0.188618384031044	0.122281285157287	0.0329317388461146	0.226863089828789	0.0329317388461146	0.167911211647473	NA	"abundance"	46	46
"ARGSYNBSUB.PWY..L.arginine.biosynthesis.II..acetyl.cycle."	"Read_depth"	"Read_depth"	"Read_depth"	-0.106623073943086	0.0523521959423448	0.0610296213433615	0.0334053033482753	0.228072846370182	0.0334053033482753	0.168512516768003	NA	"abundance"	46	46
"FASYN.ELONG.PWY..fatty.acid.elongation....saturated"	"Termness"	"preterm"	"Termnesspreterm"	0.694478642619781	0.188618384031044	0.217638430235916	0.0334576909805719	0.228072846370182	0.0334576909805719	0.168512516768003	NA	"abundance"	46	46
"ARGDEG.PWY..superpathway.of.L.arginine..putrescine..and.4.aminobutanoate.degradation"	"Termness"	"preterm"	"Termnesspreterm"	1.56779724983558	0	0.739431579150716	0.0339829794266668	0.229253052919794	0.0668111159626203	0.250845371750565	NA	"prevalence"	46	27
"ORNARGDEG.PWY..superpathway.of.L.arginine.and.L.ornithine.degradation"	"Termness"	"preterm"	"Termnesspreterm"	1.56779724983558	0	0.739431579150716	0.0339829794266668	0.229253052919794	0.0668111159626203	0.250845371750565	NA	"prevalence"	46	27
"PWY.1042..glycolysis.IV"	"Read_depth"	"Read_depth"	"Read_depth"	-0.0996697895944234	0.0523521959423448	0.0573310931655229	0.0343425213131914	0.230484344071006	0.0343425213131914	0.171920743058764	NA	"abundance"	46	46
"PWY.1622..formaldehyde.assimilation.I..serine.pathway."	"Termness"	"preterm"	"Termnesspreterm"	-3.00037882507821	0.188618384031044	1.35064200061385	0.0346924003410007	0.230516128050311	0.0681812380405812	0.252465969926318	NA	"abundance"	46	16
"PWY.5861..superpathway.of.demethylmenaquinol.8.biosynthesis.I"	"Termness"	"preterm"	"Termnesspreterm"	0.599108934335276	0.188618384031044	0.172059087464017	0.0347013526097242	0.230516128050311	0.068198521346504	0.252465969926318	NA	"abundance"	46	44
"ARO.PWY..chorismate.biosynthesis.I"	"Read_depth"	"Read_depth"	"Read_depth"	-0.070485751246591	0.0523521959423448	0.040458598239215	0.0354890499912898	0.234551995373905	0.0354890499912898	0.173637719178165	NA	"abundance"	46	46
"LIPASYN.PWY..phospholipases"	"Termness"	"preterm"	"Termnesspreterm"	1.02418001026486	0.188618384031044	0.377387292257764	0.0370844340384304	0.243858248070891	0.0727936128289102	0.260292312539739	NA	"abundance"	46	36
"LIPA.CORESYN.PWY..lipid.A.core.biosynthesis..E..coli.K.12."	"Termness"	"preterm"	"Termnesspreterm"	4.44897882425246	0.188618384031044	1.39383308758497	0.0380013948638548	0.246158289118104	0.074558683716111	0.263185780980802	NA	"abundance"	46	7
"PWY0.301..L.ascorbate.degradation.I..bacterial..anaerobic."	"Termness"	"preterm"	"Termnesspreterm"	1.40407634856828	0.188618384031044	0.562108077574815	0.0379895896805423	0.246158289118104	0.0745359704369887	0.263185780980802	NA	"abundance"	46	45
"CATECHOL.ORTHO.CLEAVAGE.PWY..catechol.degradation.to..beta..ketoadipate"	"Read_depth"	"Read_depth"	"Read_depth"	1.31438708646962	0	0.633211357541801	0.0379172819032417	0.246158289118104	0.0743968435395534	0.263185780980802	NA	"prevalence"	46	33
"PWY.7229..superpathway.of.adenosine.nucleotides.de.novo.biosynthesis.I"	"Read_depth"	"Read_depth"	"Read_depth"	-0.148884106000574	0.0523521959423448	0.0857884504426554	0.0387226727998899	0.249588712799291	0.0387226727998899	0.183821423751202	NA	"abundance"	46	46
"PWY.5910..superpathway.of.geranylgeranyldiphosphate.biosynthesis.I..via.mevalonate."	"Read_depth"	"Read_depth"	"Read_depth"	-0.575205102995155	0.0523521959423448	0.290445789852774	0.0389889786760318	0.250067242542825	0.0764578168938636	0.268741092571623	NA	"abundance"	46	39
"GLYCOCAT.PWY..glycogen.degradation.I"	"Read_depth"	"Read_depth"	"Read_depth"	0.309950217095212	0.0523521959423448	0.114296355541938	0.0397519618468232	0.250558795156706	0.0779237052229751	0.271246004869216	NA	"abundance"	46	44
"P125.PWY..superpathway.of..R.R..butanediol.biosynthesis"	"Termness"	"preterm"	"Termnesspreterm"	-2.03344269384153	0	0.988275377010445	0.0396317277480466	0.250558795156706	0.0776927816517979	0.271246004869216	NA	"prevalence"	46	37
"PWY.7383..anaerobic.energy.metabolism..invertebrates..cytosol."	"Termness"	"preterm"	"Termnesspreterm"	-1.40872619512733	0	0.68536084368408	0.0398353844834394	0.250558795156706	0.0410016677848197	0.190122532991828	NA	"prevalence"	46	15
"PWY66.399..gluconeogenesis.III"	"Termness"	"preterm"	"Termnesspreterm"	-1.40872619512733	0	0.68536084368408	0.0398353844834394	0.250558795156706	0.0318010766989662	0.163153350020783	NA	"prevalence"	46	15
"PWY.5030..L.histidine.degradation.III"	"Termness"	"preterm"	"Termnesspreterm"	-3.06726724825105	0.188618384031044	1.41406476205336	0.0402952531134773	0.252232786316093	0.0789667988034753	0.271777399215294	NA	"abundance"	46	15
"ARGSYN.PWY..L.arginine.biosynthesis.I..via.L.ornithine."	"Termness"	"preterm"	"Termnesspreterm"	-0.119710615267238	0.188618384031044	0.125642428711147	0.0412008879001662	0.253035641726492	0.0412008879001662	0.190122532991828	NA	"abundance"	46	46
"PWY.7117..C4.photosynthetic.carbon.assimilation.cycle..PEPCK.type"	"Termness"	"preterm"	"Termnesspreterm"	0.694980135311049	0.188618384031044	0.227995836920343	0.0409902545910232	0.253035641726492	0.0409902545910232	0.190122532991828	NA	"abundance"	46	46
"PWY.7345..superpathway.of.anaerobic.sucrose.degradation"	"Termness"	"preterm"	"Termnesspreterm"	0.590816480126125	0.188618384031044	0.175562022048156	0.0411268484263099	0.253035641726492	0.0411268484263099	0.190122532991828	NA	"abundance"	46	46
"PWY.7165..L.ascorbate.biosynthesis.VIII..engineered.pathway."	"Read_depth"	"Read_depth"	"Read_depth"	1.19931254536334	0	0.586037646547519	0.04070946635849	0.253035641726492	0.0797616720657869	0.272244384819587	NA	"prevalence"	46	24
"PWY.5918..superpathway.of.heme.b.biosynthesis.from.glutamate"	"Termness"	"preterm"	"Termnesspreterm"	0.752719146061914	0.188618384031044	0.259042001792158	0.0422159903256463	0.255722413259573	0.0422159903256463	0.192689263933314	NA	"abundance"	46	46
"PWY.7165..L.ascorbate.biosynthesis.VIII..engineered.pathway."	"Termness"	"preterm"	"Termnesspreterm"	1.54569048734604	0	0.760947730470715	0.042227587443017	0.255722413259573	0.0826720057447764	0.277825611433912	NA	"prevalence"	46	24
"UDPNACETYLGALSYN.PWY..UDP.N.acetyl.D.glucosamine.biosynthesis.II"	"Termness"	"preterm"	"Termnesspreterm"	-3.0131187373029	0	1.48333857300659	0.0422236764793339	0.255722413259573	0.0422236764793339	0.192689263933314	NA	"prevalence"	46	7
"PYRIDNUCSYN.PWY..NAD.de.novo.biosynthesis.I..from.aspartate."	"Read_depth"	"Read_depth"	"Read_depth"	-0.142900021094687	0.0523521959423448	0.0848999566163659	0.0429910782080472	0.258234552090493	0.0841339236106039	0.277825611433912	NA	"abundance"	46	45
"PWY.7185..UTP.and.CTP.dephosphorylation.I"	"Termness"	"preterm"	"Termnesspreterm"	2.00904877811205	0	0.993885272238259	0.0432374288446447	0.258234552090493	0.0846053824361937	0.277825611433912	NA	"prevalence"	46	39
"PWY.7210..pyrimidine.deoxyribonucleotides.biosynthesis.from.CTP"	"Termness"	"preterm"	"Termnesspreterm"	2.00904877811205	0	0.993885272238259	0.0432374288446447	0.258234552090493	0.0846053824361937	0.277825611433912	NA	"prevalence"	46	39
"PWY.6163..chorismate.biosynthesis.from.3.dehydroquinate"	"Read_depth"	"Read_depth"	"Read_depth"	-0.0693471105469212	0.0523521959423448	0.0433078738633688	0.0438033305535823	0.260292204122519	0.0438033305535823	0.197439972505277	NA	"abundance"	46	46
"PWY0.1241..ADP.L.glycero..beta..D.manno.heptose.biosynthesis"	"Read_depth"	"Read_depth"	"Read_depth"	0.309398725985734	0.0523521959423448	0.117404051846846	0.043981785642822	0.260292204122519	0.043981785642822	0.197439972505277	NA	"abundance"	46	46
"DENOVOPURINE2.PWY..superpathway.of.purine.nucleotides.de.novo.biosynthesis.II"	"Termness"	"preterm"	"Termnesspreterm"	0.630911874229625	0.188618384031044	0.199399662851266	0.0442204938972969	0.260520737802174	0.0864855357140729	0.280145303920879	NA	"abundance"	46	45
"LPSSYN.PWY..superpathway.of.lipopolysaccharide.biosynthesis"	"Termness"	"preterm"	"Termnesspreterm"	2.71316588004137	0.188618384031044	0.869390026825664	0.0444934820094063	0.260831115825676	0.0870072940774912	0.280734472296905	NA	"abundance"	46	7
"PWY.6969..TCA.cycle.V..2.oxoglutarate.synthase."	"Termness"	"preterm"	"Termnesspreterm"	1.01094192682912	0.188618384031044	0.39189028704266	0.045074501582778	0.260831115825676	0.045074501582778	0.200169560792337	NA	"abundance"	46	46
"REDCITCYC..TCA.cycle.VI..Helicobacter."	"Read_depth"	"Read_depth"	"Read_depth"	0.532601423480651	0.0523521959423448	0.228483580632715	0.0449695249969727	0.260831115825676	0.0879167918154921	0.280944865986899	NA	"abundance"	46	42
"X3.HYDROXYPHENYLACETATE.DEGRADATION.PWY..4.hydroxyphenylacetate.degradation"	"Termness"	"preterm"	"Termnesspreterm"	1.49953075048925	0	0.748239765023451	0.0450617201660395	0.260831115825676	0.0880928817077566	0.280944865986899	NA	"prevalence"	46	33
"P125.PWY..superpathway.of..R.R..butanediol.biosynthesis"	"Termness"	"preterm"	"Termnesspreterm"	-1.65113465286741	0.188618384031044	0.883544779210337	0.0456290330157778	0.262043808916872	0.0776927816517979	0.271246004869216	NA	"abundance"	46	37
"PWY.7199..pyrimidine.deoxyribonucleosides.salvage"	"Termness"	"preterm"	"Termnesspreterm"	-0.201882048993381	0.188618384031044	0.174096205749446	0.0458766605831924	0.262043808916872	0.0458766605831924	0.200497998104322	NA	"abundance"	46	46
"PWY.7200..superpathway.of.pyrimidine.deoxyribonucleoside.salvage"	"Read_depth"	"Read_depth"	"Read_depth"	-0.584519599299675	0.0523521959423448	0.304162968418783	0.0458878559393601	0.262043808916872	0.0896700165560087	0.284874744904858	NA	"abundance"	46	34
"PWY.7221..guanosine.ribonucleotides.de.novo.biosynthesis"	"Read_depth"	"Read_depth"	"Read_depth"	-0.113182249526538	0.0523521959423448	0.07086655473382	0.0470793709825885	0.26767397825035	0.0470793709825885	0.203599792835697	NA	"abundance"	46	46
"DAPLYSINESYN.PWY..L.lysine.biosynthesis.I"	"Read_depth"	"Read_depth"	"Read_depth"	0.229373704624065	0.0523521959423448	0.0775914474150934	0.0480149532651135	0.267920646643565	0.0480149532651135	0.203965395509295	NA	"abundance"	46	46
"P125.PWY..superpathway.of..R.R..butanediol.biosynthesis"	"Read_depth"	"Read_depth"	"Read_depth"	-0.793470694311422	0.0523521959423448	0.41047126330701	0.0479803593721406	0.267920646643565	0.0936586038588015	0.293808685337338	NA	"abundance"	46	37
"PWY.621..sucrose.degradation.III..sucrose.invertase."	"Termness"	"preterm"	"Termnesspreterm"	0.84825372237843	0.188618384031044	0.3149552650235	0.0475656872614919	0.267920646643565	0.0475656872614919	0.203965395509295	NA	"abundance"	46	46
"PWY.6519..8.amino.7.oxononanoate.biosynthesis.I"	"Read_depth"	"Read_depth"	"Read_depth"	0.30870908489944	0.0523521959423448	0.119663234037757	0.0481516369543735	0.267920646643565	0.0481516369543735	0.203965395509295	NA	"abundance"	46	46
"PWY.6708..ubiquinol.8.biosynthesis..early.decarboxylation."	"Termness"	"preterm"	"Termnesspreterm"	-2.05400261147876	0.188618384031044	0.934909171662827	0.0481097516624744	0.267920646643565	0.0939049551199239	0.293808685337338	NA	"abundance"	46	10
"CATECHOL.ORTHO.CLEAVAGE.PWY..catechol.degradation.to..beta..ketoadipate"	"Termness"	"preterm"	"Termnesspreterm"	3.27720120478905	0.188618384031044	1.50041052283578	0.0485152917028712	0.268795360838886	0.051916353571215	0.212712095591261	NA	"abundance"	46	33
"POLYAMSYN.PWY..superpathway.of.polyamine.biosynthesis.I"	"Read_depth"	"Read_depth"	"Read_depth"	0.521265291078925	0.0523521959423448	0.228671653215107	0.0493276193768184	0.27043350095077	0.0962220247202525	0.296083947579106	NA	"abundance"	46	45
"UBISYN.PWY..superpathway.of.ubiquinol.8.biosynthesis..early.decarboxylation."	"Termness"	"preterm"	"Termnesspreterm"	-2.01848057383627	0.188618384031044	0.925630153544049	0.0491211174705946	0.27043350095077	0.0958293507596292	0.296083947579106	NA	"abundance"	46	10
"PWY.7211..superpathway.of.pyrimidine.deoxyribonucleotides.de.novo.biosynthesis"	"Termness"	"preterm"	"Termnesspreterm"	3.01396738419591	0	1.53395945612253	0.0494340808189579	0.27043350095077	0.0964244332915005	0.296083947579106	NA	"prevalence"	46	41
"FAO.PWY..fatty.acid..beta..oxidation.I..generic."	"Termness"	"preterm"	"Termnesspreterm"	0.690986822566869	0.188618384031044	0.236880216730227	0.0501136417710066	0.272785410668994	0.0977159064504605	0.298938291585483	NA	"abundance"	46	43
"FERMENTATION.PWY..mixed.acid.fermentation"	"Read_depth"	"Read_depth"	"Read_depth"	0.305017229506952	0.0523521959423448	0.119401349482688	0.0502830250081094	0.272785410668994	0.0502830250081094	0.209766558872214	NA	"abundance"	46	46
"PWY.7388..octanoyl..acyl.carrier.protein..biosynthesis..mitochondria..yeast."	"Termness"	"preterm"	"Termnesspreterm"	1.59868269841039	0	0.821272348223622	0.0515835931604611	0.278679826949877	0.100506319237578	0.30524253675437	NA	"prevalence"	46	37
"PWY.5121..superpathway.of.geranylgeranyl.diphosphate.biosynthesis.II..via.MEP."	"Termness"	"preterm"	"Termnesspreterm"	-0.675023039462217	0.188618384031044	0.425443153866641	0.0520191807620276	0.27872005494716	0.0520191807620276	0.212712095591261	NA	"abundance"	46	46
"PWY.7196..superpathway.of.pyrimidine.ribonucleosides.salvage"	"Read_depth"	"Read_depth"	"Read_depth"	1.56186076122107	0	0.803396200496763	0.0518866637359857	0.27872005494716	0.10108110159832	0.305835127912866	NA	"prevalence"	46	9
"PROTOCATECHUATE.ORTHO.CLEAVAGE.PWY..protocatechuate.degradation.II..ortho.cleavage.pathway."	"Read_depth"	"Read_depth"	"Read_depth"	1.14074963040975	0	0.588678140938706	0.0526457351273697	0.279774478105451	0.102519896827638	0.307932490107743	NA	"prevalence"	46	32
"PWY.6185..4.methylcatechol.degradation..ortho.cleavage."	"Read_depth"	"Read_depth"	"Read_depth"	1.14074963040975	0	0.588678140938706	0.0526457351273697	0.279774478105451	0.102519896827638	0.307932490107743	NA	"prevalence"	46	32
"PWY.7187..pyrimidine.deoxyribonucleotides.de.novo.biosynthesis.II"	"Read_depth"	"Read_depth"	"Read_depth"	0.317304828118206	0.0523521959423448	0.126885732225286	0.0528849996427281	0.279903534694439	0.102973176098245	0.30817334585924	NA	"abundance"	46	45
"PWY0.1296..purine.ribonucleosides.degradation"	"Termness"	"preterm"	"Termnesspreterm"	-0.246563127883529	0.188618384031044	0.206224043665657	0.0537153104485224	0.283147102040389	0.0537153104485224	0.217494345247449	NA	"abundance"	46	46
"CATECHOL.ORTHO.CLEAVAGE.PWY..catechol.degradation.to..beta..ketoadipate"	"Read_depth"	"Read_depth"	"Read_depth"	2.34191206925997	0.0523521959423448	1.14788410845253	0.0553414938553078	0.284800889326525	0.0743968435395534	0.263185780980802	NA	"abundance"	46	33
"PWY.5981..CDP.diacylglycerol.biosynthesis.III"	"Read_depth"	"Read_depth"	"Read_depth"	-0.225662830083172	0.0523521959423448	0.135297954043241	0.0544496366022449	0.284800889326525	0.0544496366022449	0.219392194309533	NA	"abundance"	46	46
"PWY.5989..stearate.biosynthesis.II..bacteria.and.plants."	"Termness"	"preterm"	"Termnesspreterm"	0.659389691149753	0.188618384031044	0.226308005005156	0.0552066515645913	0.284800889326525	0.0552066515645913	0.220302549299784	NA	"abundance"	46	46
"PWY.7664..oleate.biosynthesis.IV..anaerobic."	"Termness"	"preterm"	"Termnesspreterm"	0.6518521565458	0.188618384031044	0.222554167950984	0.0552089923790016	0.284800889326525	0.0552089923790016	0.220302549299784	NA	"abundance"	46	46
"PWY.5180..toluene.degradation.I..aerobic...via.o.cresol."	"Termness"	"preterm"	"Termnesspreterm"	1.37151488339149	0	0.715440082500442	0.055235047010562	0.284800889326525	0.107419183602865	0.316886591628452	NA	"prevalence"	46	33
"PWY.5415..catechol.degradation.I..meta.cleavage.pathway."	"Termness"	"preterm"	"Termnesspreterm"	1.37151488339149	0	0.715440082500442	0.055235047010562	0.284800889326525	0.107419183602865	0.316886591628452	NA	"prevalence"	46	33
"ECASYN.PWY..enterobacterial.common.antigen.biosynthesis"	"Read_depth"	"Read_depth"	"Read_depth"	0.534024647029985	0.0523521959423448	0.241385038279897	0.0557709270696506	0.285880893876713	0.108431457833093	0.318734463238914	NA	"abundance"	46	43
"PWY.6282..palmitoleate.biosynthesis.I..from..5Z..dodec.5.enoate."	"Termness"	"preterm"	"Termnesspreterm"	0.663112312564236	0.188618384031044	0.229981608626368	0.0568509233899452	0.290274126485132	0.0568509233899452	0.225559498593016	NA	"abundance"	46	46
"PWY0.862...5Z..dodecenoate.biosynthesis.I"	"Termness"	"preterm"	"Termnesspreterm"	0.626512356010744	0.188618384031044	0.211127066568698	0.0573456352355125	0.291656316705614	0.0573456352355125	0.225559498593016	NA	"abundance"	46	46
"PROTOCATECHUATE.ORTHO.CLEAVAGE.PWY..protocatechuate.degradation.II..ortho.cleavage.pathway."	"Termness"	"preterm"	"Termnesspreterm"	1.44194681940691	0	0.760469653698831	0.0579432919975452	0.292411496824821	0.112529158907578	0.327285511470631	NA	"prevalence"	46	32
"PWY.6185..4.methylcatechol.degradation..ortho.cleavage."	"Termness"	"preterm"	"Termnesspreterm"	1.44194681940691	0	0.760469653698831	0.0579432919975452	0.292411496824821	0.112529158907578	0.327285511470631	NA	"prevalence"	46	32
"PWY.6507..4.deoxy.L.threo.hex.4.enopyranuronate.degradation"	"Read_depth"	"Read_depth"	"Read_depth"	-1.05589212415131	0.0523521959423448	0.568205457461593	0.0588897568311859	0.296040399205421	0.114311510202736	0.331302833078806	NA	"abundance"	46	42
"PWY.7118..chitin.deacetylation"	"Termness"	"preterm"	"Termnesspreterm"	0.769763478734306	0.188618384031044	0.29280522477582	0.0613296090636415	0.307119811541774	0.118897897179384	0.34219394797969	NA	"abundance"	46	43
"ARG.POLYAMINE.SYN..superpathway.of.arginine.and.polyamine.biosynthesis"	"Read_depth"	"Read_depth"	"Read_depth"	0.424921796805441	0.0523521959423448	0.191047927346961	0.0628202622974217	0.310869476306694	0.121694139239726	0.343069484682642	NA	"abundance"	46	45
"COLANSYN.PWY..colanic.acid.building.blocks.biosynthesis"	"Termness"	"preterm"	"Termnesspreterm"	-1.30355174097168	0.188618384031044	0.768806459315587	0.0624933033961512	0.310869476306694	0.121081193822939	0.343069484682642	NA	"abundance"	46	34
"PWY.5972..stearate.biosynthesis.I..animals."	"Termness"	"preterm"	"Termnesspreterm"	1.24634785681943	0	0.670455983282288	0.0630334422004357	0.310869476306694	0.0234091299122617	0.139119308763362	NA	"prevalence"	46	15
"PWY.6902..chitin.degradation.II..Vibrio."	"Read_depth"	"Read_depth"	"Read_depth"	0.969904869119013	0	0.521291327420186	0.0628033348227617	0.310869476306694	0.121662410780664	0.343069484682642	NA	"prevalence"	46	43
"PWY.5667..CDP.diacylglycerol.biosynthesis.I"	"Termness"	"preterm"	"Termnesspreterm"	-0.114930610742613	0.188618384031044	0.140779984174963	0.0643287037438558	0.312522284606344	0.0643287037438558	0.243740868313876	NA	"abundance"	46	46
"PWY.7238..sucrose.biosynthesis.II"	"Termness"	"preterm"	"Termnesspreterm"	-0.102445449429678	0.188618384031044	0.133200862069234	0.0642978819803819	0.312522284606344	0.0642978819803819	0.243740868313876	NA	"abundance"	46	46
"PWY.7357..thiamine.phosphate.formation.from.pyrithiamine.and.oxythiamine..yeast."	"Read_depth"	"Read_depth"	"Read_depth"	-0.0976452318203819	0.0523521959423448	0.0682383249958402	0.0638496115904084	0.312522284606344	0.0638496115904084	0.243740868313876	NA	"abundance"	46	46
"PWY0.1319..CDP.diacylglycerol.biosynthesis.II"	"Termness"	"preterm"	"Termnesspreterm"	-0.114974468227675	0.188618384031044	0.140776544449474	0.0642198400718677	0.312522284606344	0.0642198400718677	0.243740868313876	NA	"abundance"	46	46
"PWY.7198..pyrimidine.deoxyribonucleotides.de.novo.biosynthesis.IV"	"Termness"	"preterm"	"Termnesspreterm"	-0.712838926070637	0.188618384031044	0.468618511536715	0.0649799902383171	0.314512815205535	0.125737581345262	0.349694418152144	NA	"abundance"	46	42
"PWY.7323..superpathway.of.GDP.mannose.derived.O.antigen.building.blocks.biosynthesis"	"Termness"	"preterm"	"Termnesspreterm"	-1.71754756880921	0.188618384031044	0.999433533620253	0.0662115664769454	0.31928688723327	0.12803916141856	0.353713536226523	NA	"abundance"	46	35
"FERMENTATION.PWY..mixed.acid.fermentation"	"Termness"	"preterm"	"Termnesspreterm"	0.652439572700806	0.188618384031044	0.236416316616689	0.0681277570618568	0.320861777659083	0.0681277570618568	0.252465969926318	NA	"abundance"	46	46
"GALACTARDEG.PWY..D.galactarate.degradation.I"	"Termness"	"preterm"	"Termnesspreterm"	1.29369975021279	0.188618384031044	0.591083653630819	0.0707122915949974	0.320861777659083	0.136424355007379	0.35660290264587	NA	"abundance"	46	45
"GLUCARGALACTSUPER.PWY..superpathway.of.D.glucarate.and.D.galactarate.degradation"	"Termness"	"preterm"	"Termnesspreterm"	1.29369975021279	0.188618384031044	0.591083653630819	0.070614322980973	0.320861777659083	0.136242263351885	0.35660290264587	NA	"abundance"	46	45
"PWY.5138..fatty.acid..beta..oxidation.IV..unsaturated..even.number."	"Termness"	"preterm"	"Termnesspreterm"	0.730117029972052	0.188618384031044	0.279515917760958	0.068730501916803	0.320861777659083	0.13273712193987	0.35660290264587	NA	"abundance"	46	43
"PWY.5840..superpathway.of.menaquinol.7.biosynthesis"	"Termness"	"preterm"	"Termnesspreterm"	0.677882098061276	0.188618384031044	0.252164067934613	0.0697208839060791	0.320861777659083	0.0697208839060791	0.25482057569213	NA	"abundance"	46	46
"PWY.6126..superpathway.of.adenosine.nucleotides.de.novo.biosynthesis.II"	"Read_depth"	"Read_depth"	"Read_depth"	-0.14459012950735	0.0523521959423448	0.0978155472034764	0.0684653477766286	0.320861777659083	0.0684653477766286	0.252465969926318	NA	"abundance"	46	46
"PWY.6859..all.trans.farnesol.biosynthesis"	"Termness"	"preterm"	"Termnesspreterm"	-0.773858610970858	0.188618384031044	0.511184644014012	0.0693380569841804	0.320861777659083	0.0693380569841804	0.25454771141748	NA	"abundance"	46	46
"PWY.6992..1.5.anhydrofructose.degradation"	"Termness"	"preterm"	"Termnesspreterm"	3.19620036827336	0.188618384031044	1.51723039781512	0.0710245166602486	0.320861777659083	0.137004551353675	0.356812745436065	NA	"abundance"	46	15
"PWY.7391..isoprene.biosynthesis.II..engineered."	"Read_depth"	"Read_depth"	"Read_depth"	-0.560015226344641	0.0523521959423448	0.321050290368784	0.0685683479207946	0.320861777659083	0.132435077505002	0.35660290264587	NA	"abundance"	46	31
"PWY.8178..pentose.phosphate.pathway..non.oxidative.branch..II"	"Read_depth"	"Read_depth"	"Read_depth"	-0.070166886810125	0.0523521959423448	0.0529599106203611	0.0704074527031222	0.320861777659083	0.0704074527031222	0.256196281642198	NA	"abundance"	46	46
"PYRIDNUCSYN.PWY..NAD.de.novo.biosynthesis.I..from.aspartate."	"Termness"	"preterm"	"Termnesspreterm"	-0.15583986752989	0.188618384031044	0.169922946184721	0.0705890399853792	0.320861777659083	0.136195267404701	0.35660290264587	NA	"abundance"	46	45
"SO4ASSIM.PWY..assimilatory.sulfate.reduction.I"	"Read_depth"	"Read_depth"	"Read_depth"	0.413113758976891	0.0523521959423448	0.190920075711909	0.0710697303567919	0.320861777659083	0.0710697303567919	0.257471917871535	NA	"abundance"	46	46
"THREOCAT.PWY..superpathway.of.L.threonine.metabolism"	"Read_depth"	"Read_depth"	"Read_depth"	1.16050255847921	0.0523521959423448	0.589973520082228	0.0712204713851575	0.320861777659083	0.137368587225991	0.356812745436065	NA	"abundance"	46	31
"ARGDEG.PWY..superpathway.of.L.arginine..putrescine..and.4.aminobutanoate.degradation"	"Read_depth"	"Read_depth"	"Read_depth"	1.00482469849226	0	0.554777983256497	0.0701068816825452	0.320861777659083	0.13529878850584	0.35660290264587	NA	"prevalence"	46	27
"GOLPDLCAT.PWY..superpathway.of.glycerol.degradation.to.1.3.propanediol"	"Read_depth"	"Read_depth"	"Read_depth"	1.5582148614612	0	0.851396751615677	0.0672220521809463	0.320861777659083	0.129925300062475	0.35660290264587	NA	"prevalence"	46	40
"ORNARGDEG.PWY..superpathway.of.L.arginine.and.L.ornithine.degradation"	"Read_depth"	"Read_depth"	"Read_depth"	1.00482469849226	0	0.554777983256497	0.0701068816825452	0.320861777659083	0.13529878850584	0.35660290264587	NA	"prevalence"	46	27
"PRPP.PWY..superpathway.of.histidine..purine..and.pyrimidine.biosynthesis"	"Read_depth"	"Read_depth"	"Read_depth"	1.00308449486021	0	0.548745779214405	0.0675557847626824	0.320861777659083	0.130547785470463	0.35660290264587	NA	"prevalence"	46	44
"PWY.7245..superpathway.of.NAD.NADP...NADH.NADPH.interconversion..yeast."	"Termness"	"preterm"	"Termnesspreterm"	1.17779517544461	0	0.646675040412462	0.0685598746297848	0.320861777659083	0.132419292850318	0.35660290264587	NA	"prevalence"	46	17
"PWY.7268..cytosolic.NADPH.production..yeast."	"Termness"	"preterm"	"Termnesspreterm"	1.17779517544461	0	0.646675040412462	0.0685598746297848	0.320861777659083	0.132419292850318	0.35660290264587	NA	"prevalence"	46	17
"PWY.I9..L.cysteine.biosynthesis.VI..from.L.methionine."	"Termness"	"preterm"	"Termnesspreterm"	-0.109132895111978	0.188618384031044	0.142101379528478	0.0718936922821689	0.322777887418565	0.0718936922821689	0.25931960622302	NA	"abundance"	46	46
"DTDPRHAMSYN.PWY..dTDP..beta..L.rhamnose.biosynthesis"	"Read_depth"	"Read_depth"	"Read_depth"	-0.364991895647033	0.0523521959423448	0.223934264869908	0.0732672291899483	0.3244691578412	0.141166371506724	0.363250538518861	NA	"abundance"	46	45
"KDO.NAGLIPASYN.PWY..superpathway.of..Kdo.2.lipid.A.biosynthesis"	"Termness"	"preterm"	"Termnesspreterm"	-1.83011597516292	0.188618384031044	1.07591191127368	0.0728959355329959	0.3244691578412	0.140478053648761	0.363250538518861	NA	"abundance"	46	28
"PWY.1269..CMP.3.deoxy.D.manno.octulosonate.biosynthesis"	"Read_depth"	"Read_depth"	"Read_depth"	0.298225138058941	0.0523521959423448	0.127852780798047	0.0727741230508213	0.3244691578412	0.0727741230508213	0.260292312539739	NA	"abundance"	46	46
"PWY66.430..myristate.biosynthesis..mitochondria."	"Read_depth"	"Read_depth"	"Read_depth"	1.48065060009275	0.0523521959423448	0.768913542777496	0.073062618791687	0.3244691578412	0.140787091318675	0.363250538518861	NA	"abundance"	46	34
"PWY.6588..pyruvate.fermentation.to.acetone"	"Termness"	"preterm"	"Termnesspreterm"	-1.39120998065726	0.188618384031044	0.85455970817396	0.0742295846771081	0.326509862329712	0.14294913811288	0.364459946630427	NA	"abundance"	46	37
"ALLANTOINDEG.PWY..superpathway.of.allantoin.degradation.in.yeast"	"Termness"	"preterm"	"Termnesspreterm"	1.30990902945954	0	0.733266860869915	0.0740342708785619	0.326509862329712	0.142587468492603	0.364459946630427	NA	"prevalence"	46	18
"PWY.5656..mannosylglycerate.biosynthesis.I"	"Termness"	"preterm"	"Termnesspreterm"	-2.51302269781674	0.188618384031044	1.43515400916329	0.0745790883595427	0.326942670182238	0.143596136298545	0.364955103331071	NA	"abundance"	46	23
"P124.PWY..Bifidobacterium.shunt"	"Read_depth"	"Read_depth"	"Read_depth"	-1.19410457737225	0.0523521959423448	0.656507341123362	0.0774447314064208	0.338365907017315	0.148891776390229	0.376099716508652	NA	"abundance"	46	18
"GALACTITOLCAT.PWY..galactitol.degradation"	"Termness"	"preterm"	"Termnesspreterm"	-2.76857786675071	0.188618384031044	1.58550271021241	0.0780119828845849	0.339195427783911	0.149938096295585	0.37758801079315	NA	"abundance"	46	22
"PWY.7761..NAD.salvage.pathway.II..PNC.IV.cycle."	"Termness"	"preterm"	"Termnesspreterm"	-0.681904048584113	0.188618384031044	0.477090377210844	0.0781556285216385	0.339195427783911	0.0781556285216385	0.271246004869216	NA	"abundance"	46	46
"PWY.6629..superpathway.of.L.tryptophan.biosynthesis"	"Read_depth"	"Read_depth"	"Read_depth"	-0.0482860490079176	0.0523521959423448	0.0393409594300804	0.0789365775259065	0.341446591158573	0.0789365775259065	0.271777399215294	NA	"abundance"	46	46
"PWY.6703..preQ0.biosynthesis"	"Read_depth"	"Read_depth"	"Read_depth"	-0.167139592846208	0.0523521959423448	0.116317641590349	0.0796068537597532	0.342311225913393	0.0796068537597532	0.272244384819587	NA	"abundance"	46	46
"P185.PWY..formaldehyde.assimilation.III..dihydroxyacetone.cycle."	"Read_depth"	"Read_depth"	"Read_depth"	1.40627168398737	0	0.802369301635253	0.0796622899015038	0.342311225913393	0.152978499370656	0.382909819636855	NA	"prevalence"	46	40
"PWY0.461..L.lysine.degradation.I"	"Termness"	"preterm"	"Termnesspreterm"	-1.68811458429221	0.188618384031044	1.00538084793397	0.0801196384079775	0.34314397765522	0.15382012035733	0.383429755134516	NA	"abundance"	46	20
"BIOTIN.BIOSYNTHESIS.PWY..biotin.biosynthesis.I"	"Read_depth"	"Read_depth"	"Read_depth"	0.270681287700305	0.0523521959423448	0.117270643076615	0.0847444859603648	0.34486869859985	0.0847444859603648	0.277825611433912	NA	"abundance"	46	46
"GLYCOLYSIS.TCA.GLYOX.BYPASS..superpathway.of.glycolysis..pyruvate.dehydrogenase..TCA..and.glyoxylate.bypass"	"Read_depth"	"Read_depth"	"Read_depth"	0.465535044968496	0.0523521959423448	0.227198147514323	0.0808328713524751	0.34486869859985	0.155131789613864	0.383649276110934	NA	"abundance"	46	41
"PWY.5686..UMP.biosynthesis.I"	"Read_depth"	"Read_depth"	"Read_depth"	-0.0752885265475514	0.0523521959423448	0.0605442805004217	0.0839621840459998	0.34486869859985	0.0839621840459998	0.277825611433912	NA	"abundance"	46	46
"PWY.7790..UMP.biosynthesis.II"	"Read_depth"	"Read_depth"	"Read_depth"	-0.0811843191344758	0.0523521959423448	0.0638739023206979	0.0816480579641015	0.34486869859985	0.0816480579641015	0.277193225555542	NA	"abundance"	46	46
"PWY.8011..L.serine.biosynthesis.II"	"Termness"	"preterm"	"Termnesspreterm"	-1.46113071562793	0.188618384031044	0.915020139671207	0.084228571700901	0.34486869859985	0.161362691111028	0.389685337142704	NA	"abundance"	46	28
"PWY0.1479..tRNA.processing"	"Read_depth"	"Read_depth"	"Read_depth"	0.226128622983246	0.0523521959423448	0.0892053125943336	0.0818827445950995	0.34486869859985	0.0818827445950995	0.277193225555542	NA	"abundance"	46	46
"PWY0.1479..tRNA.processing"	"Termness"	"preterm"	"Termnesspreterm"	0.528406894261138	0.188618384031044	0.17662774765582	0.0847603560306851	0.34486869859985	0.0847603560306851	0.277825611433912	NA	"abundance"	46	46
"PWY0.166..superpathway.of.pyrimidine.deoxyribonucleotides.de.novo.biosynthesis..E..coli."	"Termness"	"preterm"	"Termnesspreterm"	0.669306132815773	0.188618384031044	0.261656902535928	0.0847351538890367	0.34486869859985	0.162290261473475	0.389685337142704	NA	"abundance"	46	44
"PWY0.42..2.methylcitrate.cycle.I"	"Termness"	"preterm"	"Termnesspreterm"	-2.02376771631159	0.188618384031044	1.21736144583593	0.082108430603443	0.34486869859985	0.157475066830726	0.38828180657367	NA	"abundance"	46	27
"PWY66.429..fatty.acid.biosynthesis.initiation..mitochondria."	"Read_depth"	"Read_depth"	"Read_depth"	-0.102858319576512	0.0523521959423448	0.0791484525868874	0.0846670709226145	0.34486869859985	0.0846670709226145	0.277825611433912	NA	"abundance"	46	46
"PWY.5654..2.amino.3.carboxymuconate.semialdehyde.degradation.to.2.hydroxypentadienoate"	"Read_depth"	"Read_depth"	"Read_depth"	1.16565533961978	0	0.674947768862969	0.0841621974741741	0.34486869859985	0.161241119464666	0.389685337142704	NA	"prevalence"	46	12
"PWY.5971..palmitate.biosynthesis..type.II.fatty.acid.synthase."	"Read_depth"	"Read_depth"	"Read_depth"	0.853341907996021	0	0.493925088998396	0.0840465517193957	0.34486869859985	0.16102928058287	0.389685337142704	NA	"prevalence"	46	41
"PWY.6210..2.aminophenol.degradation"	"Read_depth"	"Read_depth"	"Read_depth"	1.16565533961978	0	0.674947768862969	0.0841621974741741	0.34486869859985	0.161241119464666	0.389685337142704	NA	"prevalence"	46	12
"PWY.7340..9.cis..11.trans.octadecadienoyl.CoA.degradation..isomerase.dependent..yeast."	"Termness"	"preterm"	"Termnesspreterm"	1.06035205540533	0	0.612543147150845	0.0834401567060536	0.34486869859985	0.159918053660976	0.389685337142704	NA	"prevalence"	46	25
"PWY66.391..fatty.acid..beta..oxidation.VI..mammalian.peroxisome."	"Termness"	"preterm"	"Termnesspreterm"	1.06035205540533	0	0.612543147150845	0.0834401567060536	0.34486869859985	0.159918053660976	0.389685337142704	NA	"prevalence"	46	25
"THREOCAT.PWY..superpathway.of.L.threonine.metabolism"	"Read_depth"	"Read_depth"	"Read_depth"	0.938618962847383	0	0.538255900850312	0.0811912732965777	0.34486869859985	0.137368587225991	0.356812745436065	NA	"prevalence"	46	31
"PWY.7229..superpathway.of.adenosine.nucleotides.de.novo.biosynthesis.I"	"Termness"	"preterm"	"Termnesspreterm"	-0.137580051941099	0.188618384031044	0.169862313531444	0.0862785522159006	0.346322103051001	0.0862785522159006	0.280145303920879	NA	"abundance"	46	46
"PWY0.1297..superpathway.of.purine.deoxyribonucleosides.degradation"	"Read_depth"	"Read_depth"	"Read_depth"	-0.17225882781292	0.0523521959423448	0.121794077090591	0.0860134537682368	0.346322103051001	0.0860134537682368	0.280145303920879	NA	"abundance"	46	46
"PYRIDOXSYN.PWY..pyridoxal.5..phosphate.biosynthesis.I"	"Termness"	"preterm"	"Termnesspreterm"	0.629756694464821	0.188618384031044	0.239277673365667	0.0861346714861531	0.346322103051001	0.164850161340279	0.39377082416461	NA	"abundance"	46	43
"NAD.BIOSYNTHESIS.II..NAD.salvage.pathway.III..to.nicotinamide.riboside."	"Read_depth"	"Read_depth"	"Read_depth"	1.16235874550431	0	0.67798068245085	0.0864475295634218	0.346322103051001	0.165421883759225	0.39377082416461	NA	"prevalence"	46	45
"PWY0.301..L.ascorbate.degradation.I..bacterial..anaerobic."	"Read_depth"	"Read_depth"	"Read_depth"	1.16235874550431	0	0.67798068245085	0.0864475295634218	0.346322103051001	0.165421883759225	0.39377082416461	NA	"prevalence"	46	45
"HEXITOLDEGSUPER.PWY..superpathway.of.hexitol.degradation..bacteria."	"Termness"	"preterm"	"Termnesspreterm"	-2.20190833170696	0.188618384031044	1.32246200013468	0.086825208318726	0.346768163285218	0.166111799837862	0.394276858235844	NA	"abundance"	46	22
"PWY.7115..C4.photosynthetic.carbon.assimilation.cycle..NAD.ME.type"	"Read_depth"	"Read_depth"	"Read_depth"	0.238839848456377	0.0523521959423448	0.0990576771195689	0.0875056308408009	0.348416915457868	0.0875056308408009	0.280944865986899	NA	"abundance"	46	46
"GLYCOLYSIS.TCA.GLYOX.BYPASS..superpathway.of.glycolysis..pyruvate.dehydrogenase..TCA..and.glyoxylate.bypass"	"Termness"	"preterm"	"Termnesspreterm"	0.76567289565363	0.188618384031044	0.321171522152331	0.0881147737221869	0.349772668860632	0.168465334096262	0.397578188467178	NA	"abundance"	46	41
"PWY.7196..superpathway.of.pyrimidine.ribonucleosides.salvage"	"Termness"	"preterm"	"Termnesspreterm"	1.8670695752499	0	1.09697365512057	0.0887518797804029	0.351230843386275	0.169626863396251	0.399178886510835	NA	"prevalence"	46	9
"LIPA.CORESYN.PWY..lipid.A.core.biosynthesis..E..coli.K.12."	"Termness"	"preterm"	"Termnesspreterm"	1.9478470221722	0	1.14866658565971	0.0899339510324057	0.351633646378956	0.074558683716111	0.263185780980802	NA	"prevalence"	46	7
"LPSSYN.PWY..superpathway.of.lipopolysaccharide.biosynthesis"	"Termness"	"preterm"	"Termnesspreterm"	1.9478470221722	0	1.14866658565971	0.0899339510324057	0.351633646378956	0.0870072940774912	0.280734472296905	NA	"prevalence"	46	7
"PWY.5654..2.amino.3.carboxymuconate.semialdehyde.degradation.to.2.hydroxypentadienoate"	"Termness"	"preterm"	"Termnesspreterm"	1.55891273174235	0	0.918220662214525	0.0895542156581764	0.351633646378956	0.171088473774202	0.399206438806471	NA	"prevalence"	46	12
"PWY.6210..2.aminophenol.degradation"	"Termness"	"preterm"	"Termnesspreterm"	1.55891273174235	0	0.918220662214525	0.0895542156581764	0.351633646378956	0.171088473774202	0.399206438806471	NA	"prevalence"	46	12
"PWY.7357..thiamine.phosphate.formation.from.pyrithiamine.and.oxythiamine..yeast."	"Termness"	"preterm"	"Termnesspreterm"	-0.0780973213566283	0.188618384031044	0.135112823410326	0.0921337418643391	0.359156083554999	0.0921337418643391	0.291580347815878	NA	"abundance"	46	46
"PWY.6897..thiamine.diphosphate.salvage.II"	"Termness"	"preterm"	"Termnesspreterm"	0.466650198432066	0.188618384031044	0.143555230037555	0.0933053225906901	0.361558125038924	0.0933053225906901	0.293808685337338	NA	"abundance"	46	46
"PWY.7198..pyrimidine.deoxyribonucleotides.de.novo.biosynthesis.IV"	"Termness"	"preterm"	"Termnesspreterm"	2.54658536048865	0	1.51694169870337	0.0931982726461998	0.361558125038924	0.125737581345262	0.349694418152144	NA	"prevalence"	46	42
"PENTOSE.P.PWY..pentose.phosphate.pathway"	"Read_depth"	"Read_depth"	"Read_depth"	0.183824089249153	0.0523521959423448	0.066264102146848	0.0947957737665108	0.366243612593463	0.0947957737665108	0.295476638230709	NA	"abundance"	46	46
"PWY.7434..terminal.O.glycans.residues.modification..via.type.2.precursor.disaccharide."	"Termness"	"preterm"	"Termnesspreterm"	-1.65536496353844	0	0.992116898208178	0.0952129295882963	0.366766965455508	0.181360357215807	0.418445963855465	NA	"prevalence"	46	7
"PWY.7238..sucrose.biosynthesis.II"	"Read_depth"	"Read_depth"	"Read_depth"	-0.07982351383305	0.0523521959423448	0.0672726946723832	0.0963557303950076	0.369550942900829	0.0963557303950076	0.296083947579106	NA	"abundance"	46	46
"PWY.5910..superpathway.of.geranylgeranyldiphosphate.biosynthesis.I..via.mevalonate."	"Termness"	"preterm"	"Termnesspreterm"	-1.61748640241857	0	0.974017907306096	0.0967871517121218	0.369550942900829	0.184206550687698	0.421480916531964	NA	"prevalence"	46	39
"PWY.922..mevalonate.pathway.I..eukaryotes.and.bacteria."	"Termness"	"preterm"	"Termnesspreterm"	-1.61748640241857	0	0.974017907306096	0.0967871517121218	0.369550942900829	0.184206550687698	0.421480916531964	NA	"prevalence"	46	39
"PWY.5838..superpathway.of.menaquinol.8.biosynthesis.I"	"Read_depth"	"Read_depth"	"Read_depth"	0.823746070387431	0	0.499982496320622	0.0994450854568445	0.375679655619362	0.18900084589217	0.428127445505502	NA	"prevalence"	46	44
"PWY.5861..superpathway.of.demethylmenaquinol.8.biosynthesis.I"	"Read_depth"	"Read_depth"	"Read_depth"	0.823746070387431	0	0.499982496320622	0.0994450854568445	0.375679655619362	0.18900084589217	0.428127445505502	NA	"prevalence"	46	44
"PWY.7184..pyrimidine.deoxyribonucleotides.de.novo.biosynthesis.I"	"Read_depth"	"Read_depth"	"Read_depth"	0.848451987690233	0	0.515571276451514	0.0998349929679718	0.375679655619362	0.189702960115029	0.428127445505502	NA	"prevalence"	46	44
"PWY0.1221..putrescine.degradation.II"	"Termness"	"preterm"	"Termnesspreterm"	1.58055652275974	0	0.958416298517763	0.0991202669832167	0.375679655619362	0.188415706639609	0.428127445505502	NA	"prevalence"	46	9
"PWY0.166..superpathway.of.pyrimidine.deoxyribonucleotides.de.novo.biosynthesis..E..coli."	"Read_depth"	"Read_depth"	"Read_depth"	0.848451987690233	0	0.515571276451514	0.0998349929679718	0.375679655619362	0.189702960115029	0.428127445505502	NA	"prevalence"	46	44
"PWY.7791..UMP.biosynthesis.III"	"Read_depth"	"Read_depth"	"Read_depth"	-0.0752166648696908	0.0523521959423448	0.0653782770805981	0.100515702175773	0.377151136117743	0.100515702175773	0.30524253675437	NA	"abundance"	46	46
"PWY.5747..2.methylcitrate.cycle.II"	"Termness"	"preterm"	"Termnesspreterm"	-1.79399285821341	0.188618384031044	1.16086378978106	0.101289211981218	0.378802333602463	0.19231891949866	0.432674506406504	NA	"abundance"	46	27
"PWY66.430..myristate.biosynthesis..mitochondria."	"Termness"	"preterm"	"Termnesspreterm"	1.17268399165445	0	0.71616720854431	0.101537645489447	0.378802333602463	0.192765397527353	0.432674506406504	NA	"prevalence"	46	34
"GLUDEG.I.PWY..GABA.shunt"	"Termness"	"preterm"	"Termnesspreterm"	1.49690160432046	0.188618384031044	0.775278308908771	0.103643743413851	0.383364073650096	0.196545461278866	0.43759178171521	NA	"abundance"	46	32
"PWY.5838..superpathway.of.menaquinol.8.biosynthesis.I"	"Termness"	"preterm"	"Termnesspreterm"	0.516388650424809	0.188618384031044	0.181709523407786	0.103626379857825	0.383364073650096	0.196514333113212	0.43759178171521	NA	"abundance"	46	44
"PWY.5676..acetyl.CoA.fermentation.to.butanoate.II"	"Read_depth"	"Read_depth"	"Read_depth"	0.788227590081721	0	0.483906785529128	0.103337766117663	0.383364073650096	0.195996838329137	0.43759178171521	NA	"prevalence"	46	25
"PWY.6823..molybdopterin.biosynthesis"	"Read_depth"	"Read_depth"	"Read_depth"	-0.135000320845608	0.0523521959423448	0.106121067769311	0.104270097960375	0.384163223376562	0.104270097960375	0.310928162148988	NA	"abundance"	46	46
"UDPNAGSYN.PWY..UDP.N.acetyl.D.glucosamine.biosynthesis.I"	"Termness"	"preterm"	"Termnesspreterm"	-0.0754037454609104	0.188618384031044	0.140840012311624	0.104744964899139	0.384163223376562	0.104744964899139	0.311220651103198	NA	"abundance"	46	46
"GLUCUROCAT.PWY..superpathway.of..beta..D.glucuronosides.degradation"	"Termness"	"preterm"	"Termnesspreterm"	1.21823511688663	0	0.750534826484656	0.10455605814348	0.384163223376562	0.043049812290376	0.19537991731786	NA	"prevalence"	46	36
"FOLSYN.PWY..superpathway.of.tetrahydrofolate.biosynthesis.and.salvage"	"Read_depth"	"Read_depth"	"Read_depth"	-0.290585245126839	0.0523521959423448	0.21137482114276	0.118238864128664	0.388242820758817	0.222497299266891	0.441850153071777	NA	"abundance"	46	43
"FOLSYN.PWY..superpathway.of.tetrahydrofolate.biosynthesis.and.salvage"	"Termness"	"preterm"	"Termnesspreterm"	-0.500657328494824	0.188618384031044	0.430328976492958	0.122047974424946	0.388242820758817	0.229200240788659	0.441850153071777	NA	"abundance"	46	43
"GLYCOLYSIS.E.D..superpathway.of.glycolysis.and.the.Entner.Doudoroff.pathway"	"Read_depth"	"Read_depth"	"Read_depth"	0.287763215514167	0.0523521959423448	0.141802471068449	0.116996446187704	0.388242820758817	0.220304723954855	0.441850153071777	NA	"abundance"	46	45
"HEME.BIOSYNTHESIS.II.1..heme.b.biosynthesis.V..aerobic."	"Read_depth"	"Read_depth"	"Read_depth"	0.234834335475683	0.0523521959423448	0.108912759418062	0.1210949556013	0.388242820758817	0.1210949556013	0.343069484682642	NA	"abundance"	46	46
"HISDEG.PWY..L.histidine.degradation.I"	"Termness"	"preterm"	"Termnesspreterm"	1.11102451657438	0.188618384031044	0.57969161387951	0.122298510395931	0.388242820758817	0.229640095146798	0.441850153071777	NA	"abundance"	46	43
"P185.PWY..formaldehyde.assimilation.III..dihydroxyacetone.cycle."	"Termness"	"preterm"	"Termnesspreterm"	1.8360594970254	0.188618384031044	1.02487421642935	0.116937373438532	0.388242820758817	0.220200397570361	0.441850153071777	NA	"abundance"	46	40
"PANTO.PWY..phosphopantothenate.biosynthesis.I"	"Read_depth"	"Read_depth"	"Read_depth"	0.178725758932544	0.0523521959423448	0.0696607063468959	0.12121030473578	0.388242820758817	0.12121030473578	0.343069484682642	NA	"abundance"	46	46
"PWY.5367..petroselinate.biosynthesis"	"Read_depth"	"Read_depth"	"Read_depth"	-0.876568204261667	0.0523521959423448	0.581013415209212	0.118961065037648	0.388242820758817	0.223770395080404	0.441850153071777	NA	"abundance"	46	40
"PWY.5384..sucrose.degradation.IV..sucrose.phosphorylase."	"Termness"	"preterm"	"Termnesspreterm"	0.62494440456544	0.188618384031044	0.262515542845025	0.117213790770597	0.388242820758817	0.117213790770597	0.338526542575221	NA	"abundance"	46	46
"PWY.6125..superpathway.of.guanosine.nucleotides.de.novo.biosynthesis.II"	"Read_depth"	"Read_depth"	"Read_depth"	-0.132451330832144	0.0523521959423448	0.110567951541473	0.121045362943259	0.388242820758817	0.121045362943259	0.343069484682642	NA	"abundance"	46	46
"PWY.6185..4.methylcatechol.degradation..ortho.cleavage."	"Termness"	"preterm"	"Termnesspreterm"	2.12449201394145	0.188618384031044	1.21990396168491	0.123819287212033	0.388242820758817	0.112529158907578	0.327285511470631	NA	"abundance"	46	32
"PWY.6282..palmitoleate.biosynthesis.I..from..5Z..dodec.5.enoate."	"Read_depth"	"Read_depth"	"Read_depth"	0.24470202209062	0.0523521959423448	0.116151519570072	0.123330146695672	0.388242820758817	0.123330146695672	0.346498983573554	NA	"abundance"	46	46
"PWY.6396..superpathway.of.2.3.butanediol.biosynthesis"	"Read_depth"	"Read_depth"	"Read_depth"	-4.04325771078189	0.0523521959423448	2.34342450109612	0.124013399417241	0.388242820758817	0.232647475599462	0.441850153071777	NA	"abundance"	46	10
"PWY.6507..4.deoxy.L.threo.hex.4.enopyranuronate.degradation"	"Termness"	"preterm"	"Termnesspreterm"	-1.05057515618355	0.188618384031044	0.778327204245072	0.120951385337097	0.388242820758817	0.22727353305923	0.441850153071777	NA	"abundance"	46	42
"PWY.7228..superpathway.of.guanosine.nucleotides.de.novo.biosynthesis.I"	"Read_depth"	"Read_depth"	"Read_depth"	-0.129313839668821	0.0523521959423448	0.104549478571261	0.110720364240579	0.388242820758817	0.110720364240579	0.324308584619568	NA	"abundance"	46	46
"PWY.7242..D.fructuronate.degradation"	"Termness"	"preterm"	"Termnesspreterm"	-1.05724136977258	0.188618384031044	0.777312219447206	0.118601939425521	0.388242820758817	0.223137458815547	0.441850153071777	NA	"abundance"	46	42
"PWY.7340..9.cis..11.trans.octadecadienoyl.CoA.degradation..isomerase.dependent..yeast."	"Read_depth"	"Read_depth"	"Read_depth"	-0.959727076523029	0.0523521959423448	0.610892252894432	0.112278425288416	0.388242820758817	0.211950405791585	0.441850153071777	NA	"abundance"	46	25
"PWY.7942..5.oxo.L.proline.metabolism"	"Read_depth"	"Read_depth"	"Read_depth"	0.391261096384026	0.0523521959423448	0.20591905019922	0.11379487242331	0.388242820758817	0.214640471856783	0.441850153071777	NA	"abundance"	46	43
"PWY.822..fructan.biosynthesis"	"Termness"	"preterm"	"Termnesspreterm"	-1.59259549834598	0.188618384031044	1.07578845681761	0.114726019299482	0.388242820758817	0.00498921503783761	0.0597259655254184	NA	"abundance"	46	22
"PWY0.862...5Z..dodecenoate.biosynthesis.I"	"Read_depth"	"Read_depth"	"Read_depth"	0.230743226593144	0.0523521959423448	0.106629089825031	0.123941959927816	0.388242820758817	0.123941959927816	0.347037487797884	NA	"abundance"	46	46
"PWY66.391..fatty.acid..beta..oxidation.VI..mammalian.peroxisome."	"Read_depth"	"Read_depth"	"Read_depth"	-0.984274386594261	0.0523521959423448	0.615749938986147	0.106922678400835	0.388242820758817	0.202412897645261	0.441850153071777	NA	"abundance"	46	25
"AST.PWY..L.arginine.degradation.II..AST.pathway."	"Read_depth"	"Read_depth"	"Read_depth"	0.69437631428568	0	0.451835893067917	0.124345050888193	0.388242820758817	0.233228410095999	0.441850153071777	NA	"prevalence"	46	43
"ECASYN.PWY..enterobacterial.common.antigen.biosynthesis"	"Read_depth"	"Read_depth"	"Read_depth"	0.69437631428568	0	0.451835893067917	0.124345050888193	0.388242820758817	0.108431457833093	0.318734463238914	NA	"prevalence"	46	43
"FAO.PWY..fatty.acid..beta..oxidation.I..generic."	"Read_depth"	"Read_depth"	"Read_depth"	0.69437631428568	0	0.451835893067917	0.124345050888193	0.388242820758817	0.233228410095999	0.441850153071777	NA	"prevalence"	46	43
"FUC.RHAMCAT.PWY..superpathway.of.fucose.and.rhamnose.degradation"	"Read_depth"	"Read_depth"	"Read_depth"	0.863959021004389	0	0.557602233963751	0.121281233800071	0.388242820758817	0.227853329928075	0.441850153071777	NA	"prevalence"	46	43
"FUCCAT.PWY..fucose.degradation"	"Read_depth"	"Read_depth"	"Read_depth"	0.863959021004389	0	0.557602233963751	0.121281233800071	0.388242820758817	0.227853329928075	0.441850153071777	NA	"prevalence"	46	43
"GALACTUROCAT.PWY..D.galacturonate.degradation.I"	"Read_depth"	"Read_depth"	"Read_depth"	0.688377228406991	0	0.44240057154704	0.119707050108746	0.388242820758817	0.225084322371754	0.441850153071777	NA	"prevalence"	46	42
"GLUCARDEG.PWY..D.glucarate.degradation.I"	"Read_depth"	"Read_depth"	"Read_depth"	0.69437631428568	0	0.451835893067917	0.124345050888193	0.388242820758817	0.233228410095999	0.441850153071777	NA	"prevalence"	46	43
"GLUDEG.I.PWY..GABA.shunt"	"Read_depth"	"Read_depth"	"Read_depth"	0.801428828041354	0	0.500491119383877	0.109313851386797	0.388242820758817	0.206678184668579	0.441850153071777	NA	"prevalence"	46	32
"GLYOXYLATE.BYPASS..glyoxylate.cycle"	"Read_depth"	"Read_depth"	"Read_depth"	0.69437631428568	0	0.451835893067917	0.124345050888193	0.388242820758817	0.233228410095999	0.441850153071777	NA	"prevalence"	46	43
"HCAMHPDEG.PWY..3.phenylpropanoate.and.3..3.hydroxyphenyl.propanoate.degradation.to.2.hydroxypentadienoate"	"Read_depth"	"Read_depth"	"Read_depth"	0.883861508317923	0	0.557792075509676	0.113063690909719	0.388242820758817	0.21334398361731	0.441850153071777	NA	"prevalence"	46	34
"ORNDEG.PWY..superpathway.of.ornithine.degradation"	"Read_depth"	"Read_depth"	"Read_depth"	0.69437631428568	0	0.451835893067917	0.124345050888193	0.388242820758817	0.233228410095999	0.441850153071777	NA	"prevalence"	46	43
"PWY.5138..fatty.acid..beta..oxidation.IV..unsaturated..even.number."	"Read_depth"	"Read_depth"	"Read_depth"	0.69437631428568	0	0.451835893067917	0.124345050888193	0.388242820758817	0.233228410095999	0.441850153071777	NA	"prevalence"	46	43
"PWY.561..superpathway.of.glyoxylate.cycle.and.fatty.acid.degradation"	"Read_depth"	"Read_depth"	"Read_depth"	0.69437631428568	0	0.451835893067917	0.124345050888193	0.388242820758817	0.233228410095999	0.441850153071777	NA	"prevalence"	46	43
"PWY.5723..Rubisco.shunt"	"Read_depth"	"Read_depth"	"Read_depth"	0.69437631428568	0	0.451835893067917	0.124345050888193	0.388242820758817	0.233228410095999	0.441850153071777	NA	"prevalence"	46	43
"PWY.5845..superpathway.of.menaquinol.9.biosynthesis"	"Read_depth"	"Read_depth"	"Read_depth"	0.69437631428568	0	0.451835893067917	0.124345050888193	0.388242820758817	0.233228410095999	0.441850153071777	NA	"prevalence"	46	43
"PWY.5850..superpathway.of.menaquinol.6.biosynthesis"	"Read_depth"	"Read_depth"	"Read_depth"	0.69437631428568	0	0.451835893067917	0.124345050888193	0.388242820758817	0.233228410095999	0.441850153071777	NA	"prevalence"	46	43
"PWY.5855..ubiquinol.7.biosynthesis..early.decarboxylation."	"Read_depth"	"Read_depth"	"Read_depth"	0.69437631428568	0	0.451835893067917	0.124345050888193	0.388242820758817	0.233228410095999	0.441850153071777	NA	"prevalence"	46	43
"PWY.5860..superpathway.of.demethylmenaquinol.6.biosynthesis.I"	"Read_depth"	"Read_depth"	"Read_depth"	0.69437631428568	0	0.451835893067917	0.124345050888193	0.388242820758817	0.233228410095999	0.441850153071777	NA	"prevalence"	46	43
"PWY.5862..superpathway.of.demethylmenaquinol.9.biosynthesis"	"Read_depth"	"Read_depth"	"Read_depth"	0.69437631428568	0	0.451835893067917	0.124345050888193	0.388242820758817	0.233228410095999	0.441850153071777	NA	"prevalence"	46	43
"PWY.5896..superpathway.of.menaquinol.10.biosynthesis"	"Read_depth"	"Read_depth"	"Read_depth"	0.69437631428568	0	0.451835893067917	0.124345050888193	0.388242820758817	0.233228410095999	0.441850153071777	NA	"prevalence"	46	43
"PWY.6507..4.deoxy.L.threo.hex.4.enopyranuronate.degradation"	"Read_depth"	"Read_depth"	"Read_depth"	0.934408771286457	0	0.593239536316866	0.115234462047558	0.388242820758817	0.114311510202736	0.331302833078806	NA	"prevalence"	46	42
"PWY.6531..mannitol.cycle"	"Read_depth"	"Read_depth"	"Read_depth"	0.896543760901241	0	0.57785150160897	0.120778941878303	0.388242820758817	0.226970330955363	0.441850153071777	NA	"prevalence"	46	41
"PWY.6545..pyrimidine.deoxyribonucleotides.de.novo.biosynthesis.III"	"Read_depth"	"Read_depth"	"Read_depth"	0.69437631428568	0	0.451835893067917	0.124345050888193	0.388242820758817	0.233228410095999	0.441850153071777	NA	"prevalence"	46	43
"PWY.6690..cinnamate.and.3.hydroxycinnamate.degradation.to.2.hydroxypentadienoate"	"Read_depth"	"Read_depth"	"Read_depth"	0.883861508317923	0	0.557792075509676	0.113063690909719	0.388242820758817	0.21334398361731	0.441850153071777	NA	"prevalence"	46	34
"PWY.6803..phosphatidylcholine.acyl.editing"	"Read_depth"	"Read_depth"	"Read_depth"	0.69437631428568	0	0.451835893067917	0.124345050888193	0.388242820758817	0.233228410095999	0.441850153071777	NA	"prevalence"	46	43
"PWY.7118..chitin.deacetylation"	"Read_depth"	"Read_depth"	"Read_depth"	0.69437631428568	0	0.451835893067917	0.124345050888193	0.388242820758817	0.233228410095999	0.441850153071777	NA	"prevalence"	46	43
"PWY.7209..superpathway.of.pyrimidine.ribonucleosides.degradation"	"Read_depth"	"Read_depth"	"Read_depth"	0.843931940523268	0	0.533109891418036	0.113413348885157	0.388242820758817	0.213964110064967	0.441850153071777	NA	"prevalence"	46	37
"PWY.7211..superpathway.of.pyrimidine.deoxyribonucleotides.de.novo.biosynthesis"	"Read_depth"	"Read_depth"	"Read_depth"	1.10639223531705	0	0.69195128864983	0.109832765484097	0.388242820758817	0.207602294594309	0.441850153071777	NA	"prevalence"	46	41
"PWY.7242..D.fructuronate.degradation"	"Read_depth"	"Read_depth"	"Read_depth"	0.688377228406991	0	0.44240057154704	0.119707050108746	0.388242820758817	0.225084322371754	0.441850153071777	NA	"prevalence"	46	42
"PWY.7269..mitochondrial.NADPH.production..yeast."	"Read_depth"	"Read_depth"	"Read_depth"	0.870348512399995	0	0.56274070303498	0.121953838116175	0.388242820758817	0.229034937601084	0.441850153071777	NA	"prevalence"	46	38
"PWY.7315..dTDP.N.acetylthomosamine.biosynthesis"	"Read_depth"	"Read_depth"	"Read_depth"	0.69437631428568	0	0.451835893067917	0.124345050888193	0.388242820758817	0.233228410095999	0.441850153071777	NA	"prevalence"	46	43
"PWY.7942..5.oxo.L.proline.metabolism"	"Read_depth"	"Read_depth"	"Read_depth"	0.69437631428568	0	0.451835893067917	0.124345050888193	0.388242820758817	0.214640471856783	0.441850153071777	NA	"prevalence"	46	43
"PWY.8011..L.serine.biosynthesis.II"	"Termness"	"preterm"	"Termnesspreterm"	-1.05403524726961	0	0.655057228289937	0.107600264221397	0.388242820758817	0.161362691111028	0.389685337142704	NA	"prevalence"	46	28
"PWY0.1277..3.phenylpropanoate.and.3..3.hydroxyphenyl.propanoate.degradation"	"Read_depth"	"Read_depth"	"Read_depth"	0.883861508317923	0	0.557792075509676	0.113063690909719	0.388242820758817	0.21334398361731	0.441850153071777	NA	"prevalence"	46	34
"PWY0.1338..polymyxin.resistance"	"Read_depth"	"Read_depth"	"Read_depth"	0.740404018428608	0	0.46994173217789	0.115135768543743	0.388242820758817	0.217015291889327	0.441850153071777	NA	"prevalence"	46	42
"PWY0.845..superpathway.of.pyridoxal.5..phosphate.biosynthesis.and.salvage"	"Read_depth"	"Read_depth"	"Read_depth"	0.69437631428568	0	0.451835893067917	0.124345050888193	0.388242820758817	0.233228410095999	0.441850153071777	NA	"prevalence"	46	43
"PYRIDOXSYN.PWY..pyridoxal.5..phosphate.biosynthesis.I"	"Read_depth"	"Read_depth"	"Read_depth"	0.69437631428568	0	0.451835893067917	0.124345050888193	0.388242820758817	0.233228410095999	0.441850153071777	NA	"prevalence"	46	43
"TCA.GLYOX.BYPASS..superpathway.of.glyoxylate.bypass.and.TCA"	"Read_depth"	"Read_depth"	"Read_depth"	0.69437631428568	0	0.451835893067917	0.124345050888193	0.388242820758817	0.233228410095999	0.441850153071777	NA	"prevalence"	46	43
"THREOCAT.PWY..superpathway.of.L.threonine.metabolism"	"Termness"	"preterm"	"Termnesspreterm"	1.10386239037443	0	0.716594834644149	0.123456182178519	0.388242820758817	0.231670935438942	0.441850153071777	NA	"prevalence"	46	31
"URSIN.PWY..ureide.biosynthesis"	"Termness"	"preterm"	"Termnesspreterm"	1.3701948129575	0	0.875537552757569	0.117588655796121	0.388242820758817	0.221350219620304	0.441850153071777	NA	"prevalence"	46	12
"X3.HYDROXYPHENYLACETATE.DEGRADATION.PWY..4.hydroxyphenylacetate.degradation"	"Read_depth"	"Read_depth"	"Read_depth"	0.787339046780221	0	0.509727217962576	0.122436215543892	0.388242820758817	0.229881804211074	0.441850153071777	NA	"prevalence"	46	33
"FASYN.ELONG.PWY..fatty.acid.elongation....saturated"	"Read_depth"	"Read_depth"	"Read_depth"	0.234587029164438	0.0523521959423448	0.109917634456656	0.124973355039316	0.388342024489712	0.124973355039316	0.348743213724578	NA	"abundance"	46	46
"PWY.6305..superpathway.of.putrescine.biosynthesis"	"Read_depth"	"Read_depth"	"Read_depth"	0.326722238006073	0.0523521959423448	0.171221798554209	0.124847735732786	0.388342024489712	0.234108514347968	0.44250259233735	NA	"abundance"	46	45
"PWY.5989..stearate.biosynthesis.II..bacteria.and.plants."	"Read_depth"	"Read_depth"	"Read_depth"	0.240178960686327	0.0523521959423448	0.114296177112689	0.126750033827681	0.39292510486581	0.126750033827681	0.351327274972027	NA	"abundance"	46	46
"GLUDEG.I.PWY..GABA.shunt"	"Read_depth"	"Read_depth"	"Read_depth"	0.937695699417811	0.0523521959423448	0.563227957429548	0.12748272525112	0.394257739375199	0.206678184668579	0.441850153071777	NA	"abundance"	46	32
"PWY.7094..fatty.acid.salvage"	"Read_depth"	"Read_depth"	"Read_depth"	0.624441455177253	0	0.413078381678811	0.130615826744075	0.401089166086758	0.244171159292112	0.4563017592201	NA	"prevalence"	46	42
"PWY.8131..5..deoxyadenosine.degradation.II"	"Read_depth"	"Read_depth"	"Read_depth"	0.62445368052638	0	0.4130834823816	0.130613045033047	0.401089166086758	0.24416632253329	0.4563017592201	NA	"prevalence"	46	42
"PWY0.1337..oleate..beta..oxidation"	"Read_depth"	"Read_depth"	"Read_depth"	0.624441455177253	0	0.413078381678811	0.130615826744075	0.401089166086758	0.244171159292112	0.4563017592201	NA	"prevalence"	46	42
"AST.PWY..L.arginine.degradation.II..AST.pathway."	"Read_depth"	"Read_depth"	"Read_depth"	0.435049178955591	0.0523521959423448	0.246123300250085	0.132119210943003	0.40285529894096	0.233228410095999	0.441850153071777	NA	"abundance"	46	43
"GLUCONEO.PWY..gluconeogenesis.I"	"Termness"	"preterm"	"Termnesspreterm"	0.400240456342766	0.188618384031044	0.115423445469983	0.131813343790177	0.40285529894096	0.131813343790177	0.35660290264587	NA	"abundance"	46	46
"PWY.6901..superpathway.of.glucose.and.xylose.degradation"	"Read_depth"	"Read_depth"	"Read_depth"	0.196447821201596	0.0523521959423448	0.0848445034165626	0.13157807961005	0.40285529894096	0.13157807961005	0.35660290264587	NA	"abundance"	46	46
"PWY.6305..superpathway.of.putrescine.biosynthesis"	"Termness"	"preterm"	"Termnesspreterm"	0.724685708643461	0.188618384031044	0.342691723540523	0.133457851660218	0.4058457568241	0.249104705150675	0.461164490359118	NA	"abundance"	46	45
"PWY.7883..anhydromuropeptides.recycling.II"	"Read_depth"	"Read_depth"	"Read_depth"	0.413262224088536	0.0523521959423448	0.233042712442183	0.133723371488125	0.4058457568241	0.249564802894099	0.461164490359118	NA	"abundance"	46	45
"PWY.7664..oleate.biosynthesis.IV..anaerobic."	"Read_depth"	"Read_depth"	"Read_depth"	0.233736625472213	0.0523521959423448	0.11240031300136	0.134199598074047	0.406343899284674	0.134199598074047	0.35660290264587	NA	"abundance"	46	46
"PWY66.389..phytol.degradation"	"Termness"	"preterm"	"Termnesspreterm"	0.847227646579595	0.188618384031044	0.425541588596582	0.134635175150948	0.406716932822585	0.134635175150948	0.35660290264587	NA	"abundance"	46	46
"PROTOCATECHUATE.ORTHO.CLEAVAGE.PWY..protocatechuate.degradation.II..ortho.cleavage.pathway."	"Termness"	"preterm"	"Termnesspreterm"	1.94714998375772	0.188618384031044	1.14347455614812	0.135464373304603	0.407311364627385	0.112529158907578	0.327285511470631	NA	"abundance"	46	32
"PWY.6527..stachyose.degradation"	"Read_depth"	"Read_depth"	"Read_depth"	-0.0980223818702312	0.0523521959423448	0.0909093623907272	0.136083290025278	0.407311364627385	0.136083290025278	0.35660290264587	NA	"abundance"	46	46
"PWY.6700..queuosine.biosynthesis.I..de.novo."	"Termness"	"preterm"	"Termnesspreterm"	-0.0516253290837443	0.188618384031044	0.139073081480978	0.13607252336932	0.407311364627385	0.13607252336932	0.35660290264587	NA	"abundance"	46	46
"PWY.7211..superpathway.of.pyrimidine.deoxyribonucleotides.de.novo.biosynthesis"	"Termness"	"preterm"	"Termnesspreterm"	0.942218189396848	0.188618384031044	0.488850482265143	0.135593413594436	0.407311364627385	0.0964244332915005	0.296083947579106	NA	"abundance"	46	41
"PWY.6612..superpathway.of.tetrahydrofolate.biosynthesis"	"Read_depth"	"Read_depth"	"Read_depth"	-0.303306760119315	0.0523521959423448	0.231598578249751	0.137176052546469	0.409640413797025	0.255534835700707	0.469048387308409	NA	"abundance"	46	43
"PWY.6588..pyruvate.fermentation.to.acetone"	"Read_depth"	"Read_depth"	"Read_depth"	-0.546446292919	0.0523521959423448	0.393305543792681	0.138792892930018	0.413520243924219	0.258322318732153	0.472728652751451	NA	"abundance"	46	37
"SALVADEHYPOX.PWY..adenosine.nucleotides.degradation.II"	"Termness"	"preterm"	"Termnesspreterm"	-1.89819849917178	0.188618384031044	1.36802592210699	0.139253452978408	0.413945195839925	0.259115381790406	0.472728652751451	NA	"abundance"	46	30
"PWY.6731..starch.degradation.III"	"Read_depth"	"Read_depth"	"Read_depth"	0.59859353408742	0	0.40528982582127	0.13968856051637	0.414292723900487	0.259864227093604	0.472728652751451	NA	"prevalence"	46	39
"PWY.7663..gondoate.biosynthesis..anaerobic."	"Read_depth"	"Read_depth"	"Read_depth"	0.232296683201086	0.0523521959423448	0.114009732392809	0.142960075917988	0.417245022810084	0.142960075917988	0.364459946630427	NA	"abundance"	46	46
"PWY.7783..plasmalogen.degradation"	"Termness"	"preterm"	"Termnesspreterm"	-1.31872119482108	0.188618384031044	0.99533507129316	0.143247715204384	0.417245022810084	0.265975522497491	0.47348228789424	NA	"abundance"	46	28
"PWY0.781..aspartate.superpathway"	"Termness"	"preterm"	"Termnesspreterm"	0.671525867501644	0.188618384031044	0.31456106279469	0.143213925546877	0.417245022810084	0.265917622623207	0.47348228789424	NA	"abundance"	46	44
"PWY66.391..fatty.acid..beta..oxidation.VI..mammalian.peroxisome."	"Termness"	"preterm"	"Termnesspreterm"	-1.15939819492775	0.188618384031044	0.883029721617701	0.142024794992591	0.417245022810084	0.159918053660976	0.389685337142704	NA	"abundance"	46	25
"P105.PWY..TCA.cycle.IV..2.oxoglutarate.decarboxylase."	"Read_depth"	"Read_depth"	"Read_depth"	0.582700010575612	0	0.396830423070998	0.141999557588302	0.417245022810084	0.26383524082133	0.472728652751451	NA	"prevalence"	46	42
"PWY.1501..mandelate.degradation.I"	"Termness"	"preterm"	"Termnesspreterm"	1.67067857900195	0	1.14043555808981	0.142935155961153	0.417245022810084	0.265439853112668	0.47348228789424	NA	"prevalence"	46	6
"PWY.7198..pyrimidine.deoxyribonucleotides.de.novo.biosynthesis.IV"	"Read_depth"	"Read_depth"	"Read_depth"	0.661359420751567	0	0.45026328214024	0.141879384426759	0.417245022810084	0.263629009128203	0.472728652751451	NA	"prevalence"	46	42
"URSIN.PWY..ureide.biosynthesis"	"Read_depth"	"Read_depth"	"Read_depth"	0.943229820258172	0	0.640889453650225	0.141088076889783	0.417245022810084	0.262270308339109	0.472728652751451	NA	"prevalence"	46	12
"DENITRIFICATION.PWY..nitrate.reduction.I..denitrification."	"Termness"	"preterm"	"Termnesspreterm"	-1.00085434027259	0.188618384031044	0.78103051247076	0.151383143637994	0.41950995446791	0.0163414526831645	0.117963911475013	NA	"abundance"	46	17
"GLCMANNANAUT.PWY..superpathway.of.N.acetylglucosamine..N.acetylmannosamine.and.N.acetylneuraminate.degradation"	"Read_depth"	"Read_depth"	"Read_depth"	-0.253526770593326	0.0523521959423448	0.204532075463056	0.148866069493944	0.41950995446791	0.148866069493944	0.376099716508652	NA	"abundance"	46	46
"OANTIGEN.PWY..O.antigen.building.blocks.biosynthesis..E..coli."	"Read_depth"	"Read_depth"	"Read_depth"	-0.239421241910521	0.0523521959423448	0.196071520301442	0.151206190871344	0.41950995446791	0.279549069584866	0.489416616654264	NA	"abundance"	46	45
"PWY.5695..inosine.5..phosphate.degradation"	"Termness"	"preterm"	"Termnesspreterm"	-0.0208577385189834	0.188618384031044	0.12137758347856	0.150517406115013	0.41950995446791	0.150517406115013	0.377894764288757	NA	"abundance"	46	46
"PWY.5973..cis.vaccenate.biosynthesis"	"Read_depth"	"Read_depth"	"Read_depth"	0.213941440362245	0.0523521959423448	0.10440721279102	0.154872635745235	0.41950995446791	0.154872635745235	0.383649276110934	NA	"abundance"	46	46
"PWY.6353..purine.nucleotides.degradation.II..aerobic."	"Termness"	"preterm"	"Termnesspreterm"	-1.47379019916247	0.188618384031044	1.13723981505691	0.156014867167933	0.41950995446791	0.287689095558439	0.491201228665904	NA	"abundance"	46	30
"PWY.6606..guanosine.nucleotides.degradation.II"	"Read_depth"	"Read_depth"	"Read_depth"	0.53213567630352	0.0523521959423448	0.324928936924592	0.150030890132778	0.41950995446791	0.277552512271523	0.489416616654264	NA	"abundance"	46	45
"PWY.7198..pyrimidine.deoxyribonucleotides.de.novo.biosynthesis.IV"	"Read_depth"	"Read_depth"	"Read_depth"	-0.477402234593416	0.0523521959423448	0.368006771102122	0.159685654534155	0.41950995446791	0.263629009128203	0.472728652751451	NA	"abundance"	46	42
"PWY.7208..superpathway.of.pyrimidine.nucleobases.salvage"	"Read_depth"	"Read_depth"	"Read_depth"	-0.12848134295143	0.0523521959423448	0.118553242436214	0.154114623129128	0.41950995446791	0.154114623129128	0.383429755134516	NA	"abundance"	46	46
"PWY.7269..mitochondrial.NADPH.production..yeast."	"Read_depth"	"Read_depth"	"Read_depth"	0.700117201439294	0.0523521959423448	0.449391942259258	0.159813315987775	0.41950995446791	0.229034937601084	0.441850153071777	NA	"abundance"	46	38
"PWY.7340..9.cis..11.trans.octadecadienoyl.CoA.degradation..isomerase.dependent..yeast."	"Termness"	"preterm"	"Termnesspreterm"	-1.0963257669039	0.188618384031044	0.876063450205096	0.157663388018202	0.41950995446791	0.159918053660976	0.389685337142704	NA	"abundance"	46	25
"PWY.7616..methanol.oxidation.to.carbon.dioxide"	"Read_depth"	"Read_depth"	"Read_depth"	0.699155599719717	0.0523521959423448	0.430517109120145	0.148566845464076	0.41950995446791	0.275061583357005	0.487555510413919	NA	"abundance"	46	25
"PWY.821..superpathway.of.sulfur.amino.acid.biosynthesis..Saccharomyces.cerevisiae."	"Read_depth"	"Read_depth"	"Read_depth"	-0.218407296978181	0.0523521959423448	0.184943242274408	0.159296444462878	0.41950995446791	0.293217531707241	0.492718311931594	NA	"abundance"	46	43
"PWY.922..mevalonate.pathway.I..eukaryotes.and.bacteria."	"Termness"	"preterm"	"Termnesspreterm"	-0.758142713121611	0.188618384031044	0.638522865540499	0.149175523153229	0.41950995446791	0.184206550687698	0.421480916531964	NA	"abundance"	46	39
"PWY0.1298..superpathway.of.pyrimidine.deoxyribonucleosides.degradation"	"Read_depth"	"Read_depth"	"Read_depth"	-0.0853794192146461	0.0523521959423448	0.0880324073593886	0.159623393809688	0.41950995446791	0.159623393809688	0.389685337142704	NA	"abundance"	46	46
"X3.HYDROXYPHENYLACETATE.DEGRADATION.PWY..4.hydroxyphenylacetate.degradation"	"Termness"	"preterm"	"Termnesspreterm"	1.27353151423306	0.188618384031044	0.721590696929888	0.144862884622916	0.41950995446791	0.0880928817077566	0.280944865986899	NA	"abundance"	46	33
"AST.PWY..L.arginine.degradation.II..AST.pathway."	"Termness"	"preterm"	"Termnesspreterm"	2.17849358235044	0	1.54367196187763	0.158173484600912	0.41950995446791	0.0445216026044105	0.198782939195908	NA	"prevalence"	46	43
"ECASYN.PWY..enterobacterial.common.antigen.biosynthesis"	"Termness"	"preterm"	"Termnesspreterm"	2.17849358235044	0	1.54367196187763	0.158173484600912	0.41950995446791	0.00141259373132291	0.0451104449780325	NA	"prevalence"	46	43
"FAO.PWY..fatty.acid..beta..oxidation.I..generic."	"Termness"	"preterm"	"Termnesspreterm"	2.17849358235044	0	1.54367196187763	0.158173484600912	0.41950995446791	0.0977159064504605	0.298938291585483	NA	"prevalence"	46	43
"FUC.RHAMCAT.PWY..superpathway.of.fucose.and.rhamnose.degradation"	"Termness"	"preterm"	"Termnesspreterm"	2.19660498570579	0	1.55664440549503	0.158210572279551	0.41950995446791	0.291390559378079	0.491201228665904	NA	"prevalence"	46	43
"FUCCAT.PWY..fucose.degradation"	"Termness"	"preterm"	"Termnesspreterm"	2.19660498570579	0	1.55664440549503	0.158210572279551	0.41950995446791	0.291390559378079	0.491201228665904	NA	"prevalence"	46	43
"GLUCARDEG.PWY..D.glucarate.degradation.I"	"Termness"	"preterm"	"Termnesspreterm"	2.17849358235044	0	1.54367196187763	0.158173484600912	0.41950995446791	0.29132811797103	0.491201228665904	NA	"prevalence"	46	43
"GLYCOLYSIS.TCA.GLYOX.BYPASS..superpathway.of.glycolysis..pyruvate.dehydrogenase..TCA..and.glyoxylate.bypass"	"Read_depth"	"Read_depth"	"Read_depth"	0.595835827591089	0	0.412674260145377	0.148783834778832	0.41950995446791	0.155131789613864	0.383649276110934	NA	"prevalence"	46	41
"GLYOXYLATE.BYPASS..glyoxylate.cycle"	"Termness"	"preterm"	"Termnesspreterm"	2.17849358235044	0	1.54367196187763	0.158173484600912	0.41950995446791	0.29132811797103	0.491201228665904	NA	"prevalence"	46	43
"HISDEG.PWY..L.histidine.degradation.I"	"Termness"	"preterm"	"Termnesspreterm"	2.1595484315514	0	1.51769715344109	0.154761869689921	0.41950995446791	0.229640095146798	0.441850153071777	NA	"prevalence"	46	43
"KETOGLUCONMET.PWY..ketogluconate.metabolism"	"Read_depth"	"Read_depth"	"Read_depth"	0.590747257480551	0	0.405934096838588	0.145592112239717	0.41950995446791	0.269987161333012	0.47959009733563	NA	"prevalence"	46	40
"ORNDEG.PWY..superpathway.of.ornithine.degradation"	"Termness"	"preterm"	"Termnesspreterm"	2.17849358235044	0	1.54367196187763	0.158173484600912	0.41950995446791	0.29132811797103	0.491201228665904	NA	"prevalence"	46	43
"PWY.1622..formaldehyde.assimilation.I..serine.pathway."	"Read_depth"	"Read_depth"	"Read_depth"	0.690189233133224	0	0.490571686116795	0.159454669023893	0.41950995446791	0.293483546574267	0.492718311931594	NA	"prevalence"	46	16
"PWY.5138..fatty.acid..beta..oxidation.IV..unsaturated..even.number."	"Termness"	"preterm"	"Termnesspreterm"	2.17849358235044	0	1.54367196187763	0.158173484600912	0.41950995446791	0.13273712193987	0.35660290264587	NA	"prevalence"	46	43
"PWY.561..superpathway.of.glyoxylate.cycle.and.fatty.acid.degradation"	"Termness"	"preterm"	"Termnesspreterm"	2.17849358235044	0	1.54367196187763	0.158173484600912	0.41950995446791	0.29132811797103	0.491201228665904	NA	"prevalence"	46	43
"PWY.5723..Rubisco.shunt"	"Termness"	"preterm"	"Termnesspreterm"	2.17849358235044	0	1.54367196187763	0.158173484600912	0.41950995446791	0.29132811797103	0.491201228665904	NA	"prevalence"	46	43
"PWY.5845..superpathway.of.menaquinol.9.biosynthesis"	"Termness"	"preterm"	"Termnesspreterm"	2.17849358235044	0	1.54367196187763	0.158173484600912	0.41950995446791	0.29132811797103	0.491201228665904	NA	"prevalence"	46	43
"PWY.5850..superpathway.of.menaquinol.6.biosynthesis"	"Termness"	"preterm"	"Termnesspreterm"	2.17849358235044	0	1.54367196187763	0.158173484600912	0.41950995446791	0.29132811797103	0.491201228665904	NA	"prevalence"	46	43
"PWY.5855..ubiquinol.7.biosynthesis..early.decarboxylation."	"Termness"	"preterm"	"Termnesspreterm"	2.17849358235044	0	1.54367196187763	0.158173484600912	0.41950995446791	0.0629781613487387	0.243083931187188	NA	"prevalence"	46	43
"PWY.5860..superpathway.of.demethylmenaquinol.6.biosynthesis.I"	"Termness"	"preterm"	"Termnesspreterm"	2.17849358235044	0	1.54367196187763	0.158173484600912	0.41950995446791	0.29132811797103	0.491201228665904	NA	"prevalence"	46	43
"PWY.5862..superpathway.of.demethylmenaquinol.9.biosynthesis"	"Termness"	"preterm"	"Termnesspreterm"	2.17849358235044	0	1.54367196187763	0.158173484600912	0.41950995446791	0.29132811797103	0.491201228665904	NA	"prevalence"	46	43
"PWY.5896..superpathway.of.menaquinol.10.biosynthesis"	"Termness"	"preterm"	"Termnesspreterm"	2.17849358235044	0	1.54367196187763	0.158173484600912	0.41950995446791	0.29132811797103	0.491201228665904	NA	"prevalence"	46	43
"PWY.6531..mannitol.cycle"	"Termness"	"preterm"	"Termnesspreterm"	1.4889318559615	0	1.04362197004622	0.15366738278466	0.41950995446791	0.283721101037433	0.491201228665904	NA	"prevalence"	46	41
"PWY.6545..pyrimidine.deoxyribonucleotides.de.novo.biosynthesis.III"	"Termness"	"preterm"	"Termnesspreterm"	2.17849358235044	0	1.54367196187763	0.158173484600912	0.41950995446791	0.29132811797103	0.491201228665904	NA	"prevalence"	46	43
"PWY.6803..phosphatidylcholine.acyl.editing"	"Termness"	"preterm"	"Termnesspreterm"	2.17849358235044	0	1.54367196187763	0.158173484600912	0.41950995446791	0.014616239538195	0.107829836498089	NA	"prevalence"	46	43
"PWY.7118..chitin.deacetylation"	"Termness"	"preterm"	"Termnesspreterm"	2.17849358235044	0	1.54367196187763	0.158173484600912	0.41950995446791	0.118897897179384	0.34219394797969	NA	"prevalence"	46	43
"PWY.7185..UTP.and.CTP.dephosphorylation.I"	"Read_depth"	"Read_depth"	"Read_depth"	0.680519038298627	0	0.474215786976068	0.151275449918026	0.41950995446791	0.279666638088151	0.489416616654264	NA	"prevalence"	46	39
"PWY.7209..superpathway.of.pyrimidine.ribonucleosides.degradation"	"Termness"	"preterm"	"Termnesspreterm"	1.13905652148893	0	0.80169087819305	0.155369788384065	0.41950995446791	0.286599805625621	0.491201228665904	NA	"prevalence"	46	37
"PWY.7210..pyrimidine.deoxyribonucleotides.biosynthesis.from.CTP"	"Read_depth"	"Read_depth"	"Read_depth"	0.680519038298627	0	0.474215786976068	0.151275449918026	0.41950995446791	0.279666638088151	0.489416616654264	NA	"prevalence"	46	39
"PWY.7315..dTDP.N.acetylthomosamine.biosynthesis"	"Termness"	"preterm"	"Termnesspreterm"	2.17849358235044	0	1.54367196187763	0.158173484600912	0.41950995446791	0.00535397899292128	0.0609619708922942	NA	"prevalence"	46	43
"PWY.7942..5.oxo.L.proline.metabolism"	"Termness"	"preterm"	"Termnesspreterm"	2.17849358235044	0	1.54367196187763	0.158173484600912	0.41950995446791	0.008431400745172	0.0819333766530832	NA	"prevalence"	46	43
"PWY0.845..superpathway.of.pyridoxal.5..phosphate.biosynthesis.and.salvage"	"Termness"	"preterm"	"Termnesspreterm"	2.17849358235044	0	1.54367196187763	0.158173484600912	0.41950995446791	0.29132811797103	0.491201228665904	NA	"prevalence"	46	43
"PYRIDOXSYN.PWY..pyridoxal.5..phosphate.biosynthesis.I"	"Termness"	"preterm"	"Termnesspreterm"	2.17849358235044	0	1.54367196187763	0.158173484600912	0.41950995446791	0.164850161340279	0.39377082416461	NA	"prevalence"	46	43
"TCA.GLYOX.BYPASS..superpathway.of.glyoxylate.bypass.and.TCA"	"Termness"	"preterm"	"Termnesspreterm"	2.17849358235044	0	1.54367196187763	0.158173484600912	0.41950995446791	0.29132811797103	0.491201228665904	NA	"prevalence"	46	43
"SULFATE.CYS.PWY..superpathway.of.sulfate.assimilation.and.cysteine.biosynthesis"	"Read_depth"	"Read_depth"	"Read_depth"	0.281381380538435	0.0523521959423448	0.156156239623728	0.161863583219243	0.422741068467357	0.161863583219243	0.389685337142704	NA	"abundance"	46	46
"GLYCOL.GLYOXDEG.PWY..superpathway.of.glycol.metabolism.and.degradation"	"Read_depth"	"Read_depth"	"Read_depth"	0.539422131942539	0	0.385722567621344	0.161971436372974	0.422741068467357	0.297708126545224	0.496952326060881	NA	"prevalence"	46	40
"GLYCOLYSIS.TCA.GLYOX.BYPASS..superpathway.of.glycolysis..pyruvate.dehydrogenase..TCA..and.glyoxylate.bypass"	"Termness"	"preterm"	"Termnesspreterm"	1.41952036454777	0	1.01516440631083	0.162018274320439	0.422741068467357	0.168465334096262	0.397578188467178	NA	"prevalence"	46	41
"PWY.5862..superpathway.of.demethylmenaquinol.9.biosynthesis"	"Termness"	"preterm"	"Termnesspreterm"	0.562411093062722	0.188618384031044	0.253087147738974	0.163319019646735	0.425282727160097	0.29132811797103	0.491201228665904	NA	"abundance"	46	43
"ALLANTOINDEG.PWY..superpathway.of.allantoin.degradation.in.yeast"	"Termness"	"preterm"	"Termnesspreterm"	-1.8660835879074	0.188618384031044	1.40129976179468	0.163652366451834	0.425300161916743	0.142587468492603	0.364459946630427	NA	"abundance"	46	18
"PWY.5860..superpathway.of.demethylmenaquinol.6.biosynthesis.I"	"Termness"	"preterm"	"Termnesspreterm"	0.562411093062722	0.188618384031044	0.253087147738974	0.164674468993671	0.427103901652907	0.29132811797103	0.491201228665904	NA	"abundance"	46	43
"PWY.6612..superpathway.of.tetrahydrofolate.biosynthesis"	"Termness"	"preterm"	"Termnesspreterm"	-0.485524642301096	0.188618384031044	0.47150166039941	0.165084542719283	0.427316251730628	0.30291617919373	0.504391462871371	NA	"abundance"	46	43
"DARABCATK12.PWY..D.arabinose.degradation.I"	"Read_depth"	"Read_depth"	"Read_depth"	0.544996158882683	0	0.3929833100583	0.1654973982678	0.427534945525149	0.303605407702189	0.504391462871371	NA	"prevalence"	46	38
"CRNFORCAT.PWY..creatinine.degradation.I"	"Read_depth"	"Read_depth"	"Read_depth"	2.07561737858436	0.0523521959423448	1.32703337609497	0.16591919812511	0.427775833581967	0.30430921594374	0.504391462871371	NA	"abundance"	46	11
"PWY.7117..C4.photosynthetic.carbon.assimilation.cycle..PEPCK.type"	"Read_depth"	"Read_depth"	"Read_depth"	0.223321107008756	0.0523521959423448	0.115148611543854	0.166789182829937	0.429169004040669	0.166789182829937	0.394750329563119	NA	"abundance"	46	46
"PWY0.881..superpathway.of.fatty.acid.biosynthesis.I..E..coli."	"Read_depth"	"Read_depth"	"Read_depth"	-0.468308761100432	0.0523521959423448	0.348857567736789	0.168521142285477	0.432770270721283	0.308642909173751	0.506837063573595	NA	"abundance"	46	13
"GLYCOCAT.PWY..glycogen.degradation.I"	"Termness"	"preterm"	"Termnesspreterm"	0.528827416882674	0.188618384031044	0.231587507910508	0.169158747128256	0.43355253693108	0.30970281252651	0.507118315935554	NA	"abundance"	46	44
"GOLPDLCAT.PWY..superpathway.of.glycerol.degradation.to.1.3.propanediol"	"Termness"	"preterm"	"Termnesspreterm"	1.71499862102633	0.188618384031044	1.09072969582101	0.170738400315405	0.435265941624361	0.312325199288546	0.507118315935554	NA	"abundance"	46	40
"PWY.5345..superpathway.of.L.methionine.biosynthesis..by.sulfhydrylation."	"Termness"	"preterm"	"Termnesspreterm"	0.780303284153077	0.188618384031044	0.417132270982926	0.17030045644322	0.435265941624361	0.31159866742167	0.507118315935554	NA	"abundance"	46	45
"PWY.6284..superpathway.of.unsaturated.fatty.acids.biosynthesis..E..coli."	"Read_depth"	"Read_depth"	"Read_depth"	-0.5419208101927	0.0523521959423448	0.4246299123457	0.171164487028935	0.435265941624361	0.313031692437991	0.507118315935554	NA	"abundance"	46	40
"PWY0.1586..peptidoglycan.maturation..meso.diaminopimelate.containing."	"Termness"	"preterm"	"Termnesspreterm"	0.51927426939233	0.188618384031044	0.226076331913212	0.170996979221165	0.435265941624361	0.170996979221165	0.399206438806471	NA	"abundance"	46	46
"PANTO.PWY..phosphopantothenate.biosynthesis.I"	"Termness"	"preterm"	"Termnesspreterm"	0.40649981295477	0.188618384031044	0.137929158077378	0.171787398806711	0.435998427380776	0.171787398806711	0.399708144829136	NA	"abundance"	46	46
"GLYCOGENSYNTH.PWY..glycogen.biosynthesis.I..from.ADP.D.Glucose."	"Read_depth"	"Read_depth"	"Read_depth"	-0.0917327306165435	0.0523521959423448	0.0968023498134011	0.173352856821023	0.437413603839094	0.173352856821023	0.401090923625113	NA	"abundance"	46	46
"PWY.5392..reductive.TCA.cycle.II"	"Read_depth"	"Read_depth"	"Read_depth"	-0.735531943280919	0.0523521959423448	0.553050298381524	0.173270115467394	0.437413603839094	0.316517698020704	0.511631347485521	NA	"abundance"	46	20
"X1CMET2.PWY..folate.transformations.III..E..coli."	"Read_depth"	"Read_depth"	"Read_depth"	0.157051293956897	0.0523521959423448	0.0644667935947522	0.172911184238732	0.437413603839094	0.172911184238732	0.401090923625113	NA	"abundance"	46	46
"RUMP.PWY..formaldehyde.oxidation.I"	"Read_depth"	"Read_depth"	"Read_depth"	-0.364781551040513	0.0523521959423448	0.298684716603515	0.174366051758033	0.439119147754273	0.318328583510382	0.512552456100537	NA	"abundance"	46	38
"P108.PWY..pyruvate.fermentation.to.propanoate.I"	"Termness"	"preterm"	"Termnesspreterm"	1.41423720865281	0.188618384031044	0.885739646205292	0.175518121863593	0.439685481932977	0.320229632624662	0.512739855061597	NA	"abundance"	46	42
"PWY.7883..anhydromuropeptides.recycling.II"	"Termness"	"preterm"	"Termnesspreterm"	0.835605325219981	0.188618384031044	0.465223156296851	0.175941732785776	0.439685481932977	0.320927972235891	0.512739855061597	NA	"abundance"	46	45
"PWY.6328..L.lysine.degradation.X"	"Termness"	"preterm"	"Termnesspreterm"	1.2201787797154	0	0.90102332010418	0.175667977378474	0.439685481932977	0.320476716480704	0.512739855061597	NA	"prevalence"	46	8
"PWY.7385..1.3.propanediol.biosynthesis..engineered."	"Termness"	"preterm"	"Termnesspreterm"	-0.811378189607779	0	0.598999896721941	0.175559440377249	0.439685481932977	0.320297763648926	0.512739855061597	NA	"prevalence"	46	22
"PWY.6435..4.hydroxybenzoate.biosynthesis.III..plants."	"Termness"	"preterm"	"Termnesspreterm"	-2.51677820701382	0.188618384031044	1.76558673944974	0.176559188537162	0.440383263362806	0.321945230017423	0.513372123541296	NA	"abundance"	46	9
"PWY1G.0..mycothiol.biosynthesis"	"Read_depth"	"Read_depth"	"Read_depth"	0.874632767288936	0	0.649273391570442	0.177949723651804	0.443002944922846	0.0216186599416439	0.135280402362105	NA	"prevalence"	46	7
"PWY.6292..superpathway.of.L.cysteine.biosynthesis..mammalian."	"Read_depth"	"Read_depth"	"Read_depth"	0.587690418992448	0.0523521959423448	0.389770435598577	0.178460143284974	0.443425775872206	0.325072263828654	0.516364788312439	NA	"abundance"	46	45
"PWY0.1061..superpathway.of.L.alanine.biosynthesis"	"Read_depth"	"Read_depth"	"Read_depth"	0.208068712769631	0.0523521959423448	0.108281369697415	0.18238765485397	0.452321384037847	0.18238765485397	0.419644019246183	NA	"abundance"	46	46
"PWY.1861..formaldehyde.assimilation.II..assimilatory.RuMP.Cycle."	"Read_depth"	"Read_depth"	"Read_depth"	-0.415711009632164	0.0523521959423448	0.345669122264924	0.185279793579631	0.458620325552622	0.336230985250351	0.526995813694099	NA	"abundance"	46	45
"PWY66.430..myristate.biosynthesis..mitochondria."	"Read_depth"	"Read_depth"	"Read_depth"	0.54840407749315	0	0.416218509804197	0.187641956015853	0.463586008980342	0.140787091318675	0.363250538518861	NA	"prevalence"	46	34
"PWY.5367..petroselinate.biosynthesis"	"Read_depth"	"Read_depth"	"Read_depth"	0.47174407744953	0	0.359248365883036	0.18913514130757	0.464630101853691	0.223770395080404	0.441850153071777	NA	"prevalence"	46	40
"PWY.6284..superpathway.of.unsaturated.fatty.acids.biosynthesis..E..coli."	"Read_depth"	"Read_depth"	"Read_depth"	0.47174407744953	0	0.359248365883036	0.18913514130757	0.464630101853691	0.313031692437991	0.507118315935554	NA	"prevalence"	46	40
"PWY.6285..superpathway.of.fatty.acids.biosynthesis..E..coli."	"Read_depth"	"Read_depth"	"Read_depth"	0.47174407744953	0	0.359248365883036	0.18913514130757	0.464630101853691	0.342498180937705	0.532774948125319	NA	"prevalence"	46	40
"P124.PWY..Bifidobacterium.shunt"	"Termness"	"preterm"	"Termnesspreterm"	-1.11630709109989	0.188618384031044	0.95111895674153	0.191146469933048	0.465971310202066	0.34575596689823	0.535631799347867	NA	"abundance"	46	18
"GALACTITOLCAT.PWY..galactitol.degradation"	"Termness"	"preterm"	"Termnesspreterm"	-0.785090890427858	0	0.601009123291026	0.191454701542473	0.465971310202066	0.149938096295585	0.37758801079315	NA	"prevalence"	46	22
"HEXITOLDEGSUPER.PWY..superpathway.of.hexitol.degradation..bacteria."	"Termness"	"preterm"	"Termnesspreterm"	-0.785090890427858	0	0.601009123291026	0.191454701542473	0.465971310202066	0.166111799837862	0.394276858235844	NA	"prevalence"	46	22
"PWY.6920..6.gingerol.analog.biosynthesis..engineered."	"Termness"	"preterm"	"Termnesspreterm"	1.63629237364159	0	1.25267245712439	0.191470546050772	0.465971310202066	0.346280122096563	0.535631799347867	NA	"prevalence"	46	5
"PWY.6961..L.ascorbate.degradation.II..bacterial..aerobic."	"Read_depth"	"Read_depth"	"Read_depth"	0.483871485876791	0	0.370280962381985	0.191291357289833	0.465971310202066	0.34599033120588	0.535631799347867	NA	"prevalence"	46	34
"PWY.7328..superpathway.of.UDP.glucose.derived.O.antigen.building.blocks.biosynthesis"	"Termness"	"preterm"	"Termnesspreterm"	1.08442654202679	0.188618384031044	0.671877102946012	0.191886098832663	0.466111381865909	0.346951922740107	0.535667828380054	NA	"abundance"	46	45
"PWY.7196..superpathway.of.pyrimidine.ribonucleosides.salvage"	"Read_depth"	"Read_depth"	"Read_depth"	2.18398837155842	0.0523521959423448	1.45621563933169	0.19363313452421	0.468246024410832	0.10108110159832	0.305835127912866	NA	"abundance"	46	9
"CRNFORCAT.PWY..creatinine.degradation.I"	"Read_depth"	"Read_depth"	"Read_depth"	0.771910857657182	0	0.594083618732906	0.193830593779682	0.468246024410832	0.30430921594374	0.504391462871371	NA	"prevalence"	46	11
"PWY.6749..CMP.legionaminate.biosynthesis.I"	"Termness"	"preterm"	"Termnesspreterm"	-1.07851220980651	0	0.830076934162206	0.193843784299108	0.468246024410832	0.350112155886817	0.538533781680653	NA	"prevalence"	46	7
"P221.PWY..octane.oxidation"	"Termness"	"preterm"	"Termnesspreterm"	0.925203449620224	0.188618384031044	0.554852317626606	0.195173813015752	0.469885692791851	0.352254808744396	0.539993076833016	NA	"abundance"	46	44
"THISYNARA.PWY..superpathway.of.thiamine.diphosphate.biosynthesis.III..eukaryotes."	"Read_depth"	"Read_depth"	"Read_depth"	-0.341667311363468	0.0523521959423448	0.296946263367841	0.195244362365892	0.469885692791851	0.35236836369612	0.539993076833016	NA	"abundance"	46	45
"P621.PWY..nylon.6.oligomer.degradation"	"Read_depth"	"Read_depth"	"Read_depth"	0.636822500673452	0	0.492200106771462	0.195724683682258	0.470172579620481	0.353141215561997	0.540175266767054	NA	"prevalence"	46	24
"PWY.6749..CMP.legionaminate.biosynthesis.I"	"Read_depth"	"Read_depth"	"Read_depth"	-2.34407310375906	0.0523521959423448	1.54633667256125	0.196188001635436	0.470417639280549	0.353886271285167	0.540314343958499	NA	"abundance"	46	7
"KETOGLUCONMET.PWY..ketogluconate.metabolism"	"Read_depth"	"Read_depth"	"Read_depth"	-0.783659086417301	0.0523521959423448	0.637129352050781	0.198015160149031	0.472587983142126	0.269987161333012	0.47959009733563	NA	"abundance"	46	40
"PWY.5973..cis.vaccenate.biosynthesis"	"Termness"	"preterm"	"Termnesspreterm"	0.474609474289493	0.188618384031044	0.206727719437096	0.199423243557632	0.472587983142126	0.199423243557632	0.441850153071777	NA	"abundance"	46	46
"PWY.7323..superpathway.of.GDP.mannose.derived.O.antigen.building.blocks.biosynthesis"	"Read_depth"	"Read_depth"	"Read_depth"	-0.871657882350797	0.0523521959423448	0.704065074409012	0.199127587149013	0.472587983142126	0.358603378334238	0.543497964227671	NA	"abundance"	46	35
"RHAMCAT.PWY..L.rhamnose.degradation.I"	"Termness"	"preterm"	"Termnesspreterm"	0.681510518408884	0.188618384031044	0.37198277968278	0.199633940651436	0.472587983142126	0.199633940651436	0.441850153071777	NA	"abundance"	46	46
"COLANSYN.PWY..colanic.acid.building.blocks.biosynthesis"	"Read_depth"	"Read_depth"	"Read_depth"	-0.716339348001995	0	0.556825169600976	0.198278786535272	0.472587983142126	0.357243095880643	0.543497964227671	NA	"prevalence"	46	34
"PWY.5180..toluene.degradation.I..aerobic...via.o.cresol."	"Read_depth"	"Read_depth"	"Read_depth"	0.542649972263332	0	0.422455100746121	0.198961770117263	0.472587983142126	0.358337754266331	0.543497964227671	NA	"prevalence"	46	33
"PWY.5415..catechol.degradation.I..meta.cleavage.pathway."	"Read_depth"	"Read_depth"	"Read_depth"	0.542649972263332	0	0.422455100746121	0.198961770117263	0.472587983142126	0.358337754266331	0.543497964227671	NA	"prevalence"	46	33
"ORNDEG.PWY..superpathway.of.ornithine.degradation"	"Read_depth"	"Read_depth"	"Read_depth"	0.398956712497857	0.0523521959423448	0.263856902265972	0.201136795499448	0.475195994697965	0.233228410095999	0.441850153071777	NA	"abundance"	46	43
"PWY.2941..L.lysine.biosynthesis.II"	"Read_depth"	"Read_depth"	"Read_depth"	-0.253748974475054	0.0523521959423448	0.233192627744752	0.201465583005589	0.475195994697965	0.201465583005589	0.441850153071777	NA	"abundance"	46	46
"PWY.6285..superpathway.of.fatty.acids.biosynthesis..E..coli."	"Read_depth"	"Read_depth"	"Read_depth"	-0.407162489225921	0.0523521959423448	0.352906729218305	0.203001944317612	0.477953944849061	0.342498180937705	0.532774948125319	NA	"abundance"	46	40
"PWY.822..fructan.biosynthesis"	"Read_depth"	"Read_depth"	"Read_depth"	-0.444337521203432	0.0523521959423448	0.37885633217486	0.20700916813747	0.485101166278736	0.371165540581972	0.55675898875888	NA	"abundance"	46	22
"ALLANTOINDEG.PWY..superpathway.of.allantoin.degradation.in.yeast"	"Read_depth"	"Read_depth"	"Read_depth"	0.665199603856902	0	0.527339299212274	0.207155336751902	0.485101166278736	0.371397339959011	0.55675898875888	NA	"prevalence"	46	18
"PWY.7446..sulfoquinovose.degradation.I"	"Termness"	"preterm"	"Termnesspreterm"	0.7723993969457	0	0.612156201907823	0.207032109275279	0.485101166278736	0.371201924279586	0.55675898875888	NA	"prevalence"	46	23
"ARGININE.SYN4.PWY..L.ornithine.biosynthesis.II"	"Termness"	"preterm"	"Termnesspreterm"	-0.443527675574158	0.188618384031044	0.488950058494193	0.20757077531153	0.485201345521744	0.20757077531153	0.441850153071777	NA	"abundance"	46	46
"PWY.6147..6.hydroxymethyl.dihydropterin.diphosphate.biosynthesis.I"	"Termness"	"preterm"	"Termnesspreterm"	0.628359850318609	0.188618384031044	0.336742526750091	0.208917140884829	0.485732352557228	0.208917140884829	0.441850153071777	NA	"abundance"	46	46
"PWY.6168..flavin.biosynthesis.III..fungi."	"Termness"	"preterm"	"Termnesspreterm"	-0.766646840691971	0.188618384031044	0.727177074316573	0.210437507867787	0.487526041359179	0.376591071017969	0.55980179071393	NA	"abundance"	46	18
"PWY.7873..D.erythronate.degradation.II"	"Read_depth"	"Read_depth"	"Read_depth"	-0.796609731199613	0.0523521959423448	0.637360030104334	0.210403058771415	0.487526041359179	0.376536670402463	0.55980179071393	NA	"abundance"	46	14
"PWY.6182..superpathway.of.salicylate.degradation"	"Read_depth"	"Read_depth"	"Read_depth"	1.50596514295629	0.0523521959423448	1.13571383738285	0.211448043048439	0.487612763115925	0.0367314572561652	0.175376784356026	NA	"abundance"	46	30
"PWY.7165..L.ascorbate.biosynthesis.VIII..engineered.pathway."	"Read_depth"	"Read_depth"	"Read_depth"	-1.49645696154407	0.0523521959423448	1.2019126601567	0.2115984724735	0.487612763115925	0.0797616720657869	0.272244384819587	NA	"abundance"	46	24
"PWY1G.0..mycothiol.biosynthesis"	"Termness"	"preterm"	"Termnesspreterm"	-1.32405237174753	0	1.05960019162675	0.211453990969162	0.487612763115925	0.378195191641537	0.559809171734488	NA	"prevalence"	46	7
"PWY.7197..pyrimidine.deoxyribonucleotide.phosphorylation"	"Read_depth"	"Read_depth"	"Read_depth"	-0.117298401305305	0.0523521959423448	0.128867940885546	0.213218830836383	0.489513744046998	0.213218830836383	0.441850153071777	NA	"abundance"	46	46
"PWY.6595..superpathway.of.guanosine.nucleotides.degradation..plants."	"Termness"	"preterm"	"Termnesspreterm"	0.77905488660121	0	0.626320692619085	0.213551310767047	0.489513744046998	0.0231284169254367	0.139119308763362	NA	"prevalence"	46	29
"PWY.6607..guanosine.nucleotides.degradation.I"	"Termness"	"preterm"	"Termnesspreterm"	0.77905488660121	0	0.626320692619085	0.213551310767047	0.489513744046998	0.0185898405700508	0.127960069257183	NA	"prevalence"	46	29
"DAPLYSINESYN.PWY..L.lysine.biosynthesis.I"	"Termness"	"preterm"	"Termnesspreterm"	0.403196471396443	0.188618384031044	0.153632134630887	0.214442931433024	0.489832801273328	0.214442931433024	0.441850153071777	NA	"abundance"	46	46
"PWY0.1477..ethanolamine.utilization"	"Termness"	"preterm"	"Termnesspreterm"	0.672004897991137	0.188618384031044	0.376803835422031	0.214360975175606	0.489832801273328	0.214360975175606	0.441850153071777	NA	"abundance"	46	46
"ORNDEG.PWY..superpathway.of.ornithine.degradation"	"Termness"	"preterm"	"Termnesspreterm"	0.655631245787294	0.188618384031044	0.364023992041798	0.215625764872039	0.491672059305421	0.29132811797103	0.491201228665904	NA	"abundance"	46	43
"PHOSLIPSYN.PWY..superpathway.of.phospholipid.biosynthesis.I..bacteria."	"Read_depth"	"Read_depth"	"Read_depth"	0.156016956172805	0.0523521959423448	0.0728073433817454	0.216356755735999	0.492345392878332	0.216356755735999	0.441850153071777	NA	"abundance"	46	46
"PWY.7039..phosphatidate.metabolism..as.a.signaling.molecule"	"Read_depth"	"Read_depth"	"Read_depth"	0.792865092864801	0	0.641782123442247	0.216677350322031	0.492345392878332	0.386405626501485	0.567920013327806	NA	"prevalence"	46	9
"PWY.5417..catechol.degradation.III..ortho.cleavage.pathway."	"Read_depth"	"Read_depth"	"Read_depth"	1.4828449922246	0.0523521959423448	1.1368387217668	0.21924540828894	0.49546349706508	0.0367314572561652	0.175376784356026	NA	"abundance"	46	30
"PWY.5431..aromatic.compounds.degradation.via..beta..ketoadipate"	"Read_depth"	"Read_depth"	"Read_depth"	1.4828449922246	0.0523521959423448	1.1368387217668	0.219153538205477	0.49546349706508	0.0367314572561652	0.175376784356026	NA	"abundance"	46	30
"PWY.6961..L.ascorbate.degradation.II..bacterial..aerobic."	"Read_depth"	"Read_depth"	"Read_depth"	-0.803319930472412	0.0523521959423448	0.682429811129144	0.219704863965717	0.49546349706508	0.34599033120588	0.535631799347867	NA	"abundance"	46	34
"PWY.801..homocysteine.and.cysteine.interconversion"	"Read_depth"	"Read_depth"	"Read_depth"	0.432210444729015	0.0523521959423448	0.302639365395242	0.219952305148707	0.49546349706508	0.391525593757184	0.574422984801836	NA	"abundance"	46	43
"GLUCUROCAT.PWY..superpathway.of..beta..D.glucuronosides.degradation"	"Read_depth"	"Read_depth"	"Read_depth"	-0.774903161030011	0.0523521959423448	0.661340396963328	0.220477880354008	0.49578963768725	0.392345264982619	0.574604944814971	NA	"abundance"	46	36
"PWY.5913..partial.TCA.cycle..obligate.autotrophs."	"Read_depth"	"Read_depth"	"Read_depth"	0.202016343169394	0.0523521959423448	0.114501918934463	0.22182160885547	0.497951266775555	0.22182160885547	0.441850153071777	NA	"abundance"	46	46
"PWY.7220..adenosine.deoxyribonucleotides.de.novo.biosynthesis.II"	"Read_depth"	"Read_depth"	"Read_depth"	-0.112368082407808	0.0523521959423448	0.127607149466007	0.222725663226455	0.498262566187017	0.222725663226455	0.441850153071777	NA	"abundance"	46	46
"PWY.7222..guanosine.deoxyribonucleotides.de.novo.biosynthesis.II"	"Read_depth"	"Read_depth"	"Read_depth"	-0.112368082407808	0.0523521959423448	0.127607149466007	0.222602436294392	0.498262566187017	0.222602436294392	0.441850153071777	NA	"abundance"	46	46
"POLYISOPRENSYN.PWY..polyisoprenoid.biosynthesis..E..coli."	"Read_depth"	"Read_depth"	"Read_depth"	0.265570612714828	0.0523521959423448	0.169968532133467	0.227542710086179	0.507187020805753	0.227542710086179	0.441850153071777	NA	"abundance"	46	46
"PWY.5654..2.amino.3.carboxymuconate.semialdehyde.degradation.to.2.hydroxypentadienoate"	"Read_depth"	"Read_depth"	"Read_depth"	3.00692511330458	0.0523521959423448	2.28343554374234	0.227879601299112	0.507187020805753	0.161241119464666	0.389685337142704	NA	"abundance"	46	12
"PWY.6210..2.aminophenol.degradation"	"Read_depth"	"Read_depth"	"Read_depth"	3.00692511330458	0.0523521959423448	2.28343554374234	0.227883569256041	0.507187020805753	0.161241119464666	0.389685337142704	NA	"abundance"	46	12
"GLCMANNANAUT.PWY..superpathway.of.N.acetylglucosamine..N.acetylmannosamine.and.N.acetylneuraminate.degradation"	"Termness"	"preterm"	"Termnesspreterm"	-0.313477165110823	0.188618384031044	0.404976326653271	0.22865143516743	0.508027591447088	0.22865143516743	0.441850153071777	NA	"abundance"	46	46
"PENTOSE.P.PWY..pentose.phosphate.pathway"	"Termness"	"preterm"	"Termnesspreterm"	0.372673006475895	0.188618384031044	0.131203834976264	0.230529061969084	0.511326812067713	0.230529061969084	0.441850153071777	NA	"abundance"	46	46
"PWY.5659..GDP.mannose.biosynthesis"	"Termness"	"preterm"	"Termnesspreterm"	-0.175821660659362	0.188618384031044	0.290994509052304	0.230993463079054	0.511485525389334	0.230993463079054	0.441850153071777	NA	"abundance"	46	46
"THISYN.PWY..superpathway.of.thiamine.diphosphate.biosynthesis.I"	"Termness"	"preterm"	"Termnesspreterm"	-0.288876618986904	0.188618384031044	0.387198342880592	0.231954338168059	0.512741168582026	0.410105861341136	0.59325296229033	NA	"abundance"	46	45
"GLUCUROCAT.PWY..superpathway.of..beta..D.glucuronosides.degradation"	"Read_depth"	"Read_depth"	"Read_depth"	0.440812930879924	0	0.369710399244698	0.233135978032965	0.514479734574441	0.392345264982619	0.574604944814971	NA	"prevalence"	46	36
"PWY.5417..catechol.degradation.III..ortho.cleavage.pathway."	"Termness"	"preterm"	"Termnesspreterm"	1.98324476082029	0.188618384031044	1.47581912668113	0.234717417189696	0.515349202666078	0.019821773052226	0.129320539656736	NA	"abundance"	46	30
"PWY.5431..aromatic.compounds.degradation.via..beta..ketoadipate"	"Termness"	"preterm"	"Termnesspreterm"	1.98324476082029	0.188618384031044	1.47581912668113	0.234708803509541	0.515349202666078	0.019821773052226	0.129320539656736	NA	"abundance"	46	30
"THISYNARA.PWY..superpathway.of.thiamine.diphosphate.biosynthesis.III..eukaryotes."	"Termness"	"preterm"	"Termnesspreterm"	-0.52990776225568	0.188618384031044	0.591781414247011	0.234386672683607	0.515349202666078	0.413836233035521	0.597602672180665	NA	"abundance"	46	45
"PWY.5910..superpathway.of.geranylgeranyldiphosphate.biosynthesis.I..via.mevalonate."	"Termness"	"preterm"	"Termnesspreterm"	-0.561770923946419	0.188618384031044	0.618383695983872	0.235928056949022	0.517135235938765	0.184206550687698	0.421480916531964	NA	"abundance"	46	39
"PWY.7315..dTDP.N.acetylthomosamine.biosynthesis"	"Read_depth"	"Read_depth"	"Read_depth"	0.258949633950726	0.0523521959423448	0.168146403839825	0.237332484395493	0.518559909583065	0.233228410095999	0.441850153071777	NA	"abundance"	46	43
"PWY.7388..octanoyl..acyl.carrier.protein..biosynthesis..mitochondria..yeast."	"Read_depth"	"Read_depth"	"Read_depth"	0.440205523777557	0	0.372558420242111	0.237374582266902	0.518559909583065	0.0603917853215375	0.235300069224481	NA	"prevalence"	46	37
"PWY.5100..pyruvate.fermentation.to.acetate.and.lactate.II"	"Read_depth"	"Read_depth"	"Read_depth"	0.201198844808553	0.0523521959423448	0.118621024673981	0.23883182577862	0.520869408984529	0.23883182577862	0.450399744504887	NA	"abundance"	46	46
"PWY.7616..methanol.oxidation.to.carbon.dioxide"	"Termness"	"preterm"	"Termnesspreterm"	1.02097702562259	0.188618384031044	0.686332704505922	0.240436525214395	0.523492233827997	0.423063327771617	0.609860922756293	NA	"abundance"	46	25
"POLYAMSYN.PWY..superpathway.of.polyamine.biosynthesis.I"	"Termness"	"preterm"	"Termnesspreterm"	0.73746300611311	0.188618384031044	0.457674686440908	0.242202899051666	0.525961984258002	0.425743553794301	0.611589870320161	NA	"abundance"	46	45
"PWY.6630..superpathway.of.L.tyrosine.biosynthesis"	"Termness"	"preterm"	"Termnesspreterm"	-0.104087122169649	0.188618384031044	0.236168038464459	0.242388475571109	0.525961984258002	0.242388475571109	0.45606578774883	NA	"abundance"	46	46
"GLUDEG.I.PWY..GABA.shunt"	"Termness"	"preterm"	"Termnesspreterm"	0.816563968365906	0	0.69907736543843	0.242782759246589	0.525961984258002	0.196545461278866	0.43759178171521	NA	"prevalence"	46	32
"PWY.5180..toluene.degradation.I..aerobic...via.o.cresol."	"Read_depth"	"Read_depth"	"Read_depth"	0.662273882062179	0.0523521959423448	0.512339604500749	0.243888422580514	0.527479611627624	0.358337754266331	0.543497964227671	NA	"abundance"	46	33
"PWY.6185..4.methylcatechol.degradation..ortho.cleavage."	"Read_depth"	"Read_depth"	"Read_depth"	1.18066067882289	0.0523521959423448	0.949945380487502	0.244708539517814	0.528375652491199	0.102519896827638	0.307932490107743	NA	"abundance"	46	32
"PWY.6901..superpathway.of.glucose.and.xylose.degradation"	"Termness"	"preterm"	"Termnesspreterm"	0.403965988985937	0.188618384031044	0.167993285417801	0.246611899543166	0.531603796697354	0.246611899543166	0.459383531285921	NA	"abundance"	46	46
"PWY.5941..glycogen.degradation.II"	"Read_depth"	"Read_depth"	"Read_depth"	-0.0653228914823265	0.0523521959423448	0.0927937479935837	0.247488706322318	0.531733161108347	0.247488706322318	0.459383531285921	NA	"abundance"	46	46
"PWY.7234..inosine.5..phosphate.biosynthesis.III"	"Termness"	"preterm"	"Termnesspreterm"	0.0017585599226038	0.188618384031044	0.14061541338013	0.247447568402645	0.531733161108347	0.247447568402645	0.459383531285921	NA	"abundance"	46	46
"PWY.5723..Rubisco.shunt"	"Termness"	"preterm"	"Termnesspreterm"	0.436933247583034	0.188618384031044	0.199632717098358	0.249268130351355	0.534673979765179	0.29132811797103	0.491201228665904	NA	"abundance"	46	43
"PWY.241..C4.photosynthetic.carbon.assimilation.cycle..NADP.ME.type"	"Read_depth"	"Read_depth"	"Read_depth"	-0.294083190884446	0.0523521959423448	0.29569979837651	0.251163846730583	0.536896412633613	0.439244415556662	0.627709147491008	NA	"abundance"	46	45
"PWY.5484..glycolysis.II..from.fructose.6.phosphate."	"Read_depth"	"Read_depth"	"Read_depth"	-0.0225595200629201	0.0523521959423448	0.0514514153027192	0.251211493064558	0.536896412633613	0.251211493064558	0.463171190337779	NA	"abundance"	46	46
"PWY.5837..2.carboxy.1.4.naphthoquinol.biosynthesis"	"Read_depth"	"Read_depth"	"Read_depth"	0.181628420732161	0.0523521959423448	0.104855461003873	0.253683536291648	0.539834385658559	0.253683536291648	0.46668730729822	NA	"abundance"	46	46
"PWY.5855..ubiquinol.7.biosynthesis..early.decarboxylation."	"Read_depth"	"Read_depth"	"Read_depth"	0.420617618075087	0.0523521959423448	0.316565338885123	0.254365963801741	0.539834385658559	0.233228410095999	0.441850153071777	NA	"abundance"	46	43
"PWY.7805...aminomethyl.phosphonate.degradation"	"Termness"	"preterm"	"Termnesspreterm"	1.89282370018432	0.188618384031044	1.43225909011354	0.25400668324231	0.539834385658559	0.44349397135286	0.632161444988889	NA	"abundance"	46	17
"PWY.4984..urea.cycle"	"Termness"	"preterm"	"Termnesspreterm"	-0.833582646019223	0	0.731659385371376	0.2545762771078	0.539834385658559	0.444343473349532	0.632161444988889	NA	"prevalence"	46	36
"PWY.6731..starch.degradation.III"	"Termness"	"preterm"	"Termnesspreterm"	0.898201924521222	0.188618384031044	0.612624045018475	0.256689680376965	0.542531422273007	0.447489768741901	0.635097163197269	NA	"abundance"	46	39
"PWY.5747..2.methylcitrate.cycle.II"	"Termness"	"preterm"	"Termnesspreterm"	0.682915880152855	0	0.602603138692549	0.257098223918929	0.542531422273007	0.19231891949866	0.432674506406504	NA	"prevalence"	46	27
"PWY0.42..2.methylcitrate.cycle.I"	"Termness"	"preterm"	"Termnesspreterm"	0.682915880152855	0	0.602603138692549	0.257098223918929	0.542531422273007	0.157475066830726	0.38828180657367	NA	"prevalence"	46	27
"P41.PWY..pyruvate.fermentation.to.acetate.and..S..lactate.I"	"Read_depth"	"Read_depth"	"Read_depth"	0.216666618986924	0.0523521959423448	0.139159059492756	0.260953684326191	0.548936341939416	0.260953684326191	0.472728652751451	NA	"abundance"	46	46
"PWY.841..superpathway.of.purine.nucleotides.de.novo.biosynthesis.I"	"Termness"	"preterm"	"Termnesspreterm"	-0.00282264055585636	0.188618384031044	0.14996340123157	0.260976647972733	0.548936341939416	0.260976647972733	0.472728652751451	NA	"abundance"	46	46
"PPGPPMET.PWY..ppGpp.metabolism"	"Read_depth"	"Read_depth"	"Read_depth"	0.241056580007882	0.0523521959423448	0.16148621220489	0.261488817627641	0.549126517018046	0.261488817627641	0.472728652751451	NA	"abundance"	46	46
"PWY.5384..sucrose.degradation.IV..sucrose.phosphorylase."	"Read_depth"	"Read_depth"	"Read_depth"	0.20907018335648	0.0523521959423448	0.132582685173532	0.262223472787654	0.54978254681083	0.262223472787654	0.472728652751451	NA	"abundance"	46	46
"CITRULBIO.PWY..L.citrulline.biosynthesis"	"Termness"	"preterm"	"Termnesspreterm"	-0.374724916478151	0.188618384031044	0.491241014200131	0.263114608753759	0.550764020253045	0.263114608753759	0.472728652751451	NA	"abundance"	46	46
"PWY.6435..4.hydroxybenzoate.biosynthesis.III..plants."	"Read_depth"	"Read_depth"	"Read_depth"	0.654090925385257	0	0.585456980836653	0.263895395913725	0.551511726291606	0.458150011842989	0.646892153474032	NA	"prevalence"	46	9
"PWY.6549..L.glutamine.biosynthesis.III"	"Read_depth"	"Read_depth"	"Read_depth"	0.430952831200708	0.0523521959423448	0.332092529119531	0.265219540434605	0.553390771868358	0.460097676240867	0.648533584598901	NA	"abundance"	46	37
"PRPP.PWY..superpathway.of.histidine..purine..and.pyrimidine.biosynthesis"	"Read_depth"	"Read_depth"	"Read_depth"	0.339350771068101	0.0523521959423448	0.252467726062376	0.266845592619045	0.555892738543994	0.130547785470463	0.35660290264587	NA	"abundance"	46	44
"PWY.6920..6.gingerol.analog.biosynthesis..engineered."	"Termness"	"preterm"	"Termnesspreterm"	-4.36344005423981	0.188618384031044	3.00040297570463	0.268600748627433	0.558655231170795	0.346280122096563	0.535631799347867	NA	"abundance"	46	5
"PROTOCATECHUATE.ORTHO.CLEAVAGE.PWY..protocatechuate.degradation.II..ortho.cleavage.pathway."	"Read_depth"	"Read_depth"	"Read_depth"	1.04230077859951	0.0523521959423448	0.890429416113718	0.275567641518773	0.568523967444142	0.102519896827638	0.307932490107743	NA	"abundance"	46	32
"PWY.5392..reductive.TCA.cycle.II"	"Termness"	"preterm"	"Termnesspreterm"	-0.630915377145713	0.188618384031044	0.723073370497487	0.275007108745548	0.568523967444142	0.474385307630511	0.664139430682715	NA	"abundance"	46	20
"PWY.7388..octanoyl..acyl.carrier.protein..biosynthesis..mitochondria..yeast."	"Termness"	"preterm"	"Termnesspreterm"	1.40777788240165	0.188618384031044	1.09464167073886	0.274101097139385	0.568523967444142	0.100506319237578	0.30524253675437	NA	"abundance"	46	37
"GLYCOCAT.PWY..glycogen.degradation.I"	"Termness"	"preterm"	"Termnesspreterm"	1.70973558285343	0	1.56938950538206	0.275965551017433	0.568523967444142	0.30970281252651	0.507118315935554	NA	"prevalence"	46	44
"PWY.5136..fatty.acid..beta..oxidation.II..plant.peroxisome."	"Termness"	"preterm"	"Termnesspreterm"	1.70973558285343	0	1.56938950538206	0.275965551017433	0.568523967444142	0.0020165718259018	0.0509904522070622	NA	"prevalence"	46	44
"TCA..TCA.cycle.I..prokaryotic."	"Termness"	"preterm"	"Termnesspreterm"	1.70973558285343	0	1.56938950538206	0.275965551017433	0.568523967444142	0.475774116686511	0.664956718076241	NA	"prevalence"	46	44
"PWY.5189..tetrapyrrole.biosynthesis.II..from.glycine."	"Read_depth"	"Read_depth"	"Read_depth"	-0.258062201778828	0.0523521959423448	0.280423064309823	0.277846888491573	0.571495495759917	0.277846888491573	0.489416616654264	NA	"abundance"	46	46
"PWY.6126..superpathway.of.adenosine.nucleotides.de.novo.biosynthesis.II"	"Termness"	"preterm"	"Termnesspreterm"	-0.0386785745037838	0.188618384031044	0.193676130779784	0.278445027769984	0.57182243873268	0.278445027769984	0.489416616654264	NA	"abundance"	46	46
"PWY.181..photorespiration"	"Termness"	"preterm"	"Termnesspreterm"	-0.740824121086922	0.188618384031044	0.801427446450094	0.280805451287159	0.575761728465955	0.482759201101733	0.673236113534364	NA	"abundance"	46	11
"NAD.BIOSYNTHESIS.II..NAD.salvage.pathway.III..to.nicotinamide.riboside."	"Termness"	"preterm"	"Termnesspreterm"	0.817104264180027	0.188618384031044	0.572240765664925	0.281406905300077	0.576087721227517	0.483623964249588	0.673236113534364	NA	"abundance"	46	45
"PWY.6182..superpathway.of.salicylate.degradation"	"Termness"	"preterm"	"Termnesspreterm"	1.79273867674794	0.188618384031044	1.47435882641395	0.286495961907818	0.585585152910486	0.019821773052226	0.129320539656736	NA	"abundance"	46	30
"PWY.5971..palmitate.biosynthesis..type.II.fatty.acid.synthase."	"Termness"	"preterm"	"Termnesspreterm"	0.508174028790306	0.188618384031044	0.288473820602103	0.290493618540563	0.592825535015381	0.496600694668336	0.689398611421925	NA	"abundance"	46	41
"PWY.5392..reductive.TCA.cycle.II"	"Read_depth"	"Read_depth"	"Read_depth"	0.436495999700276	0	0.413513137603242	0.291160361204861	0.593256322830563	0.316517698020704	0.511631347485521	NA	"prevalence"	46	20
"TCA..TCA.cycle.I..prokaryotic."	"Termness"	"preterm"	"Termnesspreterm"	0.667945230979724	0.188618384031044	0.444230884362972	0.292418295230533	0.594888469359616	0.475774116686511	0.664956718076241	NA	"abundance"	46	44
"PWY5F9.12..biphenyl.degradation"	"Read_depth"	"Read_depth"	"Read_depth"	0.830673398480639	0	0.790641650581649	0.293427649846946	0.596010608581473	0.50075551399919	0.694000091549213	NA	"prevalence"	46	11
"ASPASN.PWY..superpathway.of.L.aspartate.and.L.asparagine.biosynthesis"	"Termness"	"preterm"	"Termnesspreterm"	0.391934880638957	0.188618384031044	0.177107034800566	0.295265342683013	0.597706994798407	0.295265342683013	0.494704204982086	NA	"abundance"	46	46
"HISDEG.PWY..L.histidine.degradation.I"	"Read_depth"	"Read_depth"	"Read_depth"	0.361270454495331	0.0523521959423448	0.289438903385342	0.295902705678844	0.597706994798407	0.504247000129627	0.697668378738814	NA	"abundance"	46	43
"PWY0.845..superpathway.of.pyridoxal.5..phosphate.biosynthesis.and.salvage"	"Termness"	"preterm"	"Termnesspreterm"	0.425613983546318	0.188618384031044	0.211481200902365	0.296099087284925	0.597706994798407	0.29132811797103	0.491201228665904	NA	"abundance"	46	43
"P124.PWY..Bifidobacterium.shunt"	"Read_depth"	"Read_depth"	"Read_depth"	0.454994287892596	0	0.435081072798098	0.295667708145269	0.597706994798407	0.148891776390229	0.376099716508652	NA	"prevalence"	46	18
"PWY.5971..palmitate.biosynthesis..type.II.fatty.acid.synthase."	"Read_depth"	"Read_depth"	"Read_depth"	-0.17213338104377	0.0523521959423448	0.209128529451935	0.296615937860342	0.597823453706139	0.16102928058287	0.389685337142704	NA	"abundance"	46	41
"PWY.2942..L.lysine.biosynthesis.III"	"Termness"	"preterm"	"Termnesspreterm"	-0.696480835291438	0.188618384031044	0.830699867721713	0.29733284343619	0.598342136250261	0.00976659235940597	0.0876870140094492	NA	"abundance"	46	31
"BRANCHED.CHAIN.AA.SYN.PWY..superpathway.of.branched.chain.amino.acid.biosynthesis"	"Termness"	"preterm"	"Termnesspreterm"	0.00779001298037022	0.188618384031044	0.154152172178432	0.297810413317356	0.598378330461725	0.297810413317356	0.496952326060881	NA	"abundance"	46	46
"PWY.7874..L.threonate.degradation"	"Read_depth"	"Read_depth"	"Read_depth"	-0.597921590010356	0.0523521959423448	0.601174333917498	0.299491958572932	0.60082978437898	0.509288483896014	0.703465364043658	NA	"abundance"	46	16
"ANAEROFRUCAT.PWY..homolactic.fermentation"	"Read_depth"	"Read_depth"	"Read_depth"	-0.0405216148277287	0.0523521959423448	0.0837583480176916	0.318072878542518	0.603130523500991	0.318072878542518	0.512552456100537	NA	"abundance"	46	46
"ARGDEG.PWY..superpathway.of.L.arginine..putrescine..and.4.aminobutanoate.degradation"	"Termness"	"preterm"	"Termnesspreterm"	1.21778458243832	0.188618384031044	0.978826243062755	0.304436801418201	0.603130523500991	0.0668111159626203	0.250845371750565	NA	"abundance"	46	27
"CITRULBIO.PWY..L.citrulline.biosynthesis"	"Read_depth"	"Read_depth"	"Read_depth"	-0.205680964346211	0.0523521959423448	0.248099796393662	0.308332998068351	0.603130523500991	0.308332998068351	0.506837063573595	NA	"abundance"	46	46
"ORNARGDEG.PWY..superpathway.of.L.arginine.and.L.ornithine.degradation"	"Termness"	"preterm"	"Termnesspreterm"	1.21778458243832	0.188618384031044	0.978826243062755	0.30418312968725	0.603130523500991	0.0668111159626203	0.250845371750565	NA	"abundance"	46	27
"P164.PWY..purine.nucleobases.degradation.I..anaerobic."	"Termness"	"preterm"	"Termnesspreterm"	-0.579610582878472	0.188618384031044	0.750360937997589	0.317313634116476	0.603130523500991	0.533939325836748	0.717976199759615	NA	"abundance"	46	28
"P461.PWY..hexitol.fermentation.to.lactate..formate..ethanol.and.acetate"	"Read_depth"	"Read_depth"	"Read_depth"	0.212328498092743	0.0523521959423448	0.151504983969473	0.310882929907462	0.603130523500991	0.310882929907462	0.507118315935554	NA	"abundance"	46	46
"PHOSLIPSYN.PWY..superpathway.of.phospholipid.biosynthesis.I..bacteria."	"Termness"	"preterm"	"Termnesspreterm"	0.356884050416212	0.188618384031044	0.144159542748337	0.30532170875991	0.603130523500991	0.30532170875991	0.504391462871371	NA	"abundance"	46	46
"PWY.2942..L.lysine.biosynthesis.III"	"Read_depth"	"Read_depth"	"Read_depth"	-0.306149395615827	0.0523521959423448	0.351057835609869	0.317776178373995	0.603130523500991	0.534570657206009	0.717976199759615	NA	"abundance"	46	31
"PWY.4041...gamma..glutamyl.cycle"	"Read_depth"	"Read_depth"	"Read_depth"	-0.0475498370277161	0.0523521959423448	0.090066667555928	0.313111793132122	0.603130523500991	0.313111793132122	0.507118315935554	NA	"abundance"	46	46
"PWY.5345..superpathway.of.L.methionine.biosynthesis..by.sulfhydrylation."	"Read_depth"	"Read_depth"	"Read_depth"	0.267450874439418	0.0523521959423448	0.209310171317444	0.317148525156996	0.603130523500991	0.533713863304734	0.717976199759615	NA	"abundance"	46	45
"PWY.5850..superpathway.of.menaquinol.6.biosynthesis"	"Termness"	"preterm"	"Termnesspreterm"	0.423838355230797	0.188618384031044	0.221430843236776	0.318704915644149	0.603130523500991	0.29132811797103	0.491201228665904	NA	"abundance"	46	43
"PWY.5896..superpathway.of.menaquinol.10.biosynthesis"	"Termness"	"preterm"	"Termnesspreterm"	0.423838355230797	0.188618384031044	0.221430843236776	0.318655849566239	0.603130523500991	0.29132811797103	0.491201228665904	NA	"abundance"	46	43
"PWY.6969..TCA.cycle.V..2.oxoglutarate.synthase."	"Read_depth"	"Read_depth"	"Read_depth"	0.260034849509091	0.0523521959423448	0.19792301052519	0.307592706875655	0.603130523500991	0.307592706875655	0.506837063573595	NA	"abundance"	46	46
"PWY.7039..phosphatidate.metabolism..as.a.signaling.molecule"	"Read_depth"	"Read_depth"	"Read_depth"	1.18401756772734	0.0523521959423448	1.03517840413232	0.316278038897356	0.603130523500991	0.386405626501485	0.567920013327806	NA	"abundance"	46	9
"PWY.7409..phospholipid.remodeling..phosphatidylethanolamine..yeast."	"Read_depth"	"Read_depth"	"Read_depth"	-1.04518259913777	0.0523521959423448	1.05652171870687	0.316645018267725	0.603130523500991	0.533025968941681	0.717976199759615	NA	"abundance"	46	17
"PWY.7434..terminal.O.glycans.residues.modification..via.type.2.precursor.disaccharide."	"Termness"	"preterm"	"Termnesspreterm"	-2.61735404155912	0.188618384031044	2.43212551513849	0.312934672182024	0.603130523500991	0.181360357215807	0.418445963855465	NA	"abundance"	46	7
"PWY66.429..fatty.acid.biosynthesis.initiation..mitochondria."	"Termness"	"preterm"	"Termnesspreterm"	0.00839879987256674	0.188618384031044	0.156715026317316	0.3047193849398	0.603130523500991	0.3047193849398	0.504391462871371	NA	"abundance"	46	46
"VALSYN.PWY..L.valine.biosynthesis"	"Read_depth"	"Read_depth"	"Read_depth"	-0.0225339363232907	0.0523521959423448	0.061757795202985	0.310187823118665	0.603130523500991	0.310187823118665	0.507118315935554	NA	"abundance"	46	46
"GALACTUROCAT.PWY..D.galacturonate.degradation.I"	"Termness"	"preterm"	"Termnesspreterm"	1.06303048946835	0	1.06007454676411	0.315962952849782	0.603130523500991	0.53209331812601	0.717976199759615	NA	"prevalence"	46	42
"P105.PWY..TCA.cycle.IV..2.oxoglutarate.decarboxylase."	"Termness"	"preterm"	"Termnesspreterm"	1.0605288256197	0	1.04886071294374	0.311956817422881	0.603130523500991	0.526596578909149	0.717770254420722	NA	"prevalence"	46	42
"P108.PWY..pyruvate.fermentation.to.propanoate.I"	"Termness"	"preterm"	"Termnesspreterm"	1.04691657037261	0	1.02260382165969	0.305941402795672	0.603130523500991	0.320229632624662	0.512739855061597	NA	"prevalence"	46	42
"P125.PWY..superpathway.of..R.R..butanediol.biosynthesis"	"Read_depth"	"Read_depth"	"Read_depth"	0.396145914882821	0	0.395010482889042	0.31592144882988	0.603130523500991	0.0936586038588015	0.293808685337338	NA	"prevalence"	46	37
"P221.PWY..octane.oxidation"	"Termness"	"preterm"	"Termnesspreterm"	-1.76276719483329	0	1.73070215729781	0.308427488832953	0.603130523500991	0.352254808744396	0.539993076833016	NA	"prevalence"	46	44
"PWY.5130..2.oxobutanoate.degradation.I"	"Read_depth"	"Read_depth"	"Read_depth"	0.347159764774214	0	0.335921047687867	0.301390352900458	0.603130523500991	0.511944560979453	0.705953601617744	NA	"prevalence"	46	28
"PWY.5265..peptidoglycan.biosynthesis.II..staphylococci."	"Termness"	"preterm"	"Termnesspreterm"	-1.63215613720935	0	1.60766561772814	0.309994492174402	0.603130523500991	0.0534014454620843	0.217288640156067	NA	"prevalence"	46	44
"PWY.5838..superpathway.of.menaquinol.8.biosynthesis.I"	"Termness"	"preterm"	"Termnesspreterm"	1.66136387521823	0	1.61319207942778	0.303075182936741	0.603130523500991	0.196514333113212	0.43759178171521	NA	"prevalence"	46	44
"PWY.5861..superpathway.of.demethylmenaquinol.8.biosynthesis.I"	"Termness"	"preterm"	"Termnesspreterm"	1.66136387521823	0	1.61319207942778	0.303075182936741	0.603130523500991	0.068198521346504	0.252465969926318	NA	"prevalence"	46	44
"PWY.6507..4.deoxy.L.threo.hex.4.enopyranuronate.degradation"	"Termness"	"preterm"	"Termnesspreterm"	1.0901926257615	0	1.08637436349297	0.315612595798327	0.603130523500991	0.22727353305923	0.441850153071777	NA	"prevalence"	46	42
"PWY.7094..fatty.acid.salvage"	"Termness"	"preterm"	"Termnesspreterm"	1.06085383804141	0	1.05322095164954	0.313816003567994	0.603130523500991	0.529151523040601	0.717976199759615	NA	"prevalence"	46	42
"PWY.7184..pyrimidine.deoxyribonucleotides.de.novo.biosynthesis.I"	"Termness"	"preterm"	"Termnesspreterm"	1.65791181259461	0	1.61616280292107	0.304970694449602	0.603130523500991	0.0508952129093148	0.21019722931547	NA	"prevalence"	46	44
"PWY.7242..D.fructuronate.degradation"	"Termness"	"preterm"	"Termnesspreterm"	1.06303048946835	0	1.06007454676411	0.315962952849782	0.603130523500991	0.223137458815547	0.441850153071777	NA	"prevalence"	46	42
"PWY.7723..bacterial.bioluminescence"	"Read_depth"	"Read_depth"	"Read_depth"	0.500268051949595	0	0.499359942435417	0.316431237827421	0.603130523500991	0.532733747381849	0.717976199759615	NA	"prevalence"	46	12
"PWY.7805...aminomethyl.phosphonate.degradation"	"Read_depth"	"Read_depth"	"Read_depth"	0.44416328048412	0	0.432813512824215	0.304786374713681	0.603130523500991	0.516678015216254	0.708930299947883	NA	"prevalence"	46	17
"PWY.8131..5..deoxyadenosine.degradation.II"	"Termness"	"preterm"	"Termnesspreterm"	1.0608540538115	0	1.0532222446881	0.313816499245985	0.603130523500991	0.0348307190032308	0.173314300582341	NA	"prevalence"	46	42
"PWY0.1337..oleate..beta..oxidation"	"Termness"	"preterm"	"Termnesspreterm"	1.06085383804141	0	1.05322095164954	0.313816003567994	0.603130523500991	0.529151523040601	0.717976199759615	NA	"prevalence"	46	42
"PWY0.1338..polymyxin.resistance"	"Termness"	"preterm"	"Termnesspreterm"	1.06640054752163	0	1.06573192139164	0.317006984633381	0.603130523500991	0.533520540960414	0.717976199759615	NA	"prevalence"	46	42
"PWY0.166..superpathway.of.pyrimidine.deoxyribonucleotides.de.novo.biosynthesis..E..coli."	"Termness"	"preterm"	"Termnesspreterm"	1.65791181259461	0	1.61616280292107	0.304970694449602	0.603130523500991	0.162290261473475	0.389685337142704	NA	"prevalence"	46	44
"PWY3O.4107..NAD.salvage.pathway.V..PNC.V.cycle."	"Termness"	"preterm"	"Termnesspreterm"	-1.70550536397694	0	1.67805723600458	0.309459372971988	0.603130523500991	0.523153642423759	0.71425604734219	NA	"prevalence"	46	44
"PYRIDNUCSAL.PWY..NAD.salvage.pathway.I..PNC.VI.cycle."	"Termness"	"preterm"	"Termnesspreterm"	-1.70550536397694	0	1.67805723600458	0.309459372971988	0.603130523500991	0.523153642423759	0.71425604734219	NA	"prevalence"	46	44
"PWY.5845..superpathway.of.menaquinol.9.biosynthesis"	"Termness"	"preterm"	"Termnesspreterm"	0.423838355230797	0.188618384031044	0.221430843236776	0.319305847431457	0.603390730559879	0.29132811797103	0.491201228665904	NA	"abundance"	46	43
"KETOGLUCONMET.PWY..ketogluconate.metabolism"	"Termness"	"preterm"	"Termnesspreterm"	0.867886698788322	0	0.877677077629157	0.322738922742736	0.608994315088467	0.54131743323233	0.725857467288807	NA	"prevalence"	46	40
"HEME.BIOSYNTHESIS.II..heme.b.biosynthesis.I..aerobic."	"Read_depth"	"Read_depth"	"Read_depth"	0.179909967047485	0.0523521959423448	0.121835423829426	0.323741469308661	0.609360143303473	0.323741469308661	0.515241721866964	NA	"abundance"	46	46
"DARABCATK12.PWY..D.arabinose.degradation.I"	"Termness"	"preterm"	"Termnesspreterm"	0.772024707142805	0	0.782938240556205	0.324103278640977	0.609360143303473	0.543163622056124	0.726397910532444	NA	"prevalence"	46	38
"GLYCOL.GLYOXDEG.PWY..superpathway.of.glycol.metabolism.and.degradation"	"Termness"	"preterm"	"Termnesspreterm"	0.860174951986236	0	0.872755813669656	0.324336850467977	0.609360143303473	0.543479308364468	0.726397910532444	NA	"prevalence"	46	40
"PWY.7323..superpathway.of.GDP.mannose.derived.O.antigen.building.blocks.biosynthesis"	"Read_depth"	"Read_depth"	"Read_depth"	0.32025955483767	0	0.325543718688183	0.325229503227558	0.610156791357752	0.358603378334238	0.543497964227671	NA	"prevalence"	46	35
"COBALSYN.PWY..superpathway.of.adenosylcobalamin.salvage.from.cobinamide.I"	"Termness"	"preterm"	"Termnesspreterm"	-0.38514406392111	0.188618384031044	0.57971189238739	0.331079910887899	0.613858202994533	0.552545914382259	0.734170426507483	NA	"abundance"	46	45
"GALACTITOLCAT.PWY..galactitol.degradation"	"Read_depth"	"Read_depth"	"Read_depth"	-0.99909681141946	0.0523521959423448	1.05098247968757	0.329657403368108	0.613858202994533	0.550640803140812	0.734170426507483	NA	"abundance"	46	22
"GLYCOLYSIS..glycolysis.I..from.glucose.6.phosphate."	"Read_depth"	"Read_depth"	"Read_depth"	-0.0103821279532716	0.0523521959423448	0.0509988362393968	0.33263037879567	0.613858202994533	0.33263037879567	0.523606459471184	NA	"abundance"	46	46
"HCAMHPDEG.PWY..3.phenylpropanoate.and.3..3.hydroxyphenyl.propanoate.degradation.to.2.hydroxypentadienoate"	"Read_depth"	"Read_depth"	"Read_depth"	0.578642559313501	0.0523521959423448	0.533928412564915	0.332860131577681	0.613858202994533	0.21334398361731	0.441850153071777	NA	"abundance"	46	34
"PWY.1501..mandelate.degradation.I"	"Termness"	"preterm"	"Termnesspreterm"	2.41738350824995	0.188618384031044	1.92605438452533	0.331073220353084	0.613858202994533	0.265439853112668	0.47348228789424	NA	"abundance"	46	6
"PWY.6690..cinnamate.and.3.hydroxycinnamate.degradation.to.2.hydroxypentadienoate"	"Read_depth"	"Read_depth"	"Read_depth"	0.578642559313501	0.0523521959423448	0.533928412564915	0.332787373806081	0.613858202994533	0.21334398361731	0.441850153071777	NA	"abundance"	46	34
"PWY.6803..phosphatidylcholine.acyl.editing"	"Read_depth"	"Read_depth"	"Read_depth"	0.262786512103288	0.0523521959423448	0.211433586150299	0.331710256532805	0.613858202994533	0.233228410095999	0.441850153071777	NA	"abundance"	46	43
"PWY.7111..pyruvate.fermentation.to.isobutanol..engineered."	"Read_depth"	"Read_depth"	"Read_depth"	-0.0391945588833205	0.0523521959423448	0.0854218364418594	0.332267839883247	0.613858202994533	0.332267839883247	0.523606459471184	NA	"abundance"	46	46
"PWY4FS.7..phosphatidylglycerol.biosynthesis.I..plastidic."	"Termness"	"preterm"	"Termnesspreterm"	0.361329154653359	0.188618384031044	0.15987759352142	0.331327270893159	0.613858202994533	0.331327270893159	0.523606459471184	NA	"abundance"	46	46
"PWY4FS.8..phosphatidylglycerol.biosynthesis.II..non.plastidic."	"Termness"	"preterm"	"Termnesspreterm"	0.361406946790574	0.188618384031044	0.159875291636547	0.332800715765583	0.613858202994533	0.332800715765583	0.523606459471184	NA	"abundance"	46	46
"TRPSYN.PWY..L.tryptophan.biosynthesis"	"Read_depth"	"Read_depth"	"Read_depth"	-0.0222203378753871	0.0523521959423448	0.0654428712545794	0.331895219739197	0.613858202994533	0.331895219739197	0.523606459471184	NA	"abundance"	46	46
"PWY.7204..pyridoxal.5..phosphate.salvage.II..plants."	"Termness"	"preterm"	"Termnesspreterm"	-0.626900590388158	0	0.645301813132998	0.331307159703458	0.613858202994533	0.552849885336143	0.734170426507483	NA	"prevalence"	46	32
"PWY.7282..4.amino.2.methyl.5.diphosphomethylpyrimidine.biosynthesis.II"	"Read_depth"	"Read_depth"	"Read_depth"	-0.0350481870837618	0.0523521959423448	0.0810789568032251	0.335035605523786	0.61683326675209	0.335035605523786	0.526120551640014	NA	"abundance"	46	46
"P562.PWY..myo.inositol.degradation.I"	"Read_depth"	"Read_depth"	"Read_depth"	0.347114911525205	0	0.360357158035138	0.335420854731551	0.61683326675209	0.558334559674258	0.739077478030348	NA	"prevalence"	46	25
"PWY.6353..purine.nucleotides.degradation.II..aerobic."	"Termness"	"preterm"	"Termnesspreterm"	0.601830377723728	0	0.628180196637814	0.33803566786897	0.619890759951266	0.287689095558439	0.491201228665904	NA	"prevalence"	46	30
"SALVADEHYPOX.PWY..adenosine.nucleotides.degradation.II"	"Termness"	"preterm"	"Termnesspreterm"	0.601830377723728	0	0.628180196637814	0.33803566786897	0.619890759951266	0.259115381790406	0.472728652751451	NA	"prevalence"	46	30
"GALACTUROCAT.PWY..D.galacturonate.degradation.I"	"Termness"	"preterm"	"Termnesspreterm"	-0.503480658012619	0.188618384031044	0.7135028922888	0.339610310896022	0.6216201273302	0.53209331812601	0.717976199759615	NA	"abundance"	46	42
"PWY.5897..superpathway.of.menaquinol.11.biosynthesis"	"Read_depth"	"Read_depth"	"Read_depth"	0.170781957184	0.0523521959423448	0.116936536818605	0.340608042591564	0.6216201273302	0.340608042591564	0.531837888810268	NA	"abundance"	46	46
"PWY.5899..superpathway.of.menaquinol.13.biosynthesis"	"Read_depth"	"Read_depth"	"Read_depth"	0.170781957184	0.0523521959423448	0.116936536818605	0.34033215939394	0.6216201273302	0.34033215939394	0.531837888810268	NA	"abundance"	46	46
"PWY.2942..L.lysine.biosynthesis.III"	"Read_depth"	"Read_depth"	"Read_depth"	0.337405490304528	0	0.354264495306309	0.340888456923013	0.6216201273302	0.534570657206009	0.717976199759615	NA	"prevalence"	46	31
"PWY.5898..superpathway.of.menaquinol.12.biosynthesis"	"Read_depth"	"Read_depth"	"Read_depth"	0.170781957184	0.0523521959423448	0.116936536818605	0.341807068885497	0.62242350166282	0.341807068885497	0.532703092263057	NA	"abundance"	46	46
"PWY.6353..purine.nucleotides.degradation.II..aerobic."	"Read_depth"	"Read_depth"	"Read_depth"	0.316812244645876	0	0.337152084319132	0.347386027693417	0.630818142338674	0.574095003150223	0.755099478665739	NA	"prevalence"	46	30
"SALVADEHYPOX.PWY..adenosine.nucleotides.degradation.II"	"Read_depth"	"Read_depth"	"Read_depth"	0.316812244645876	0	0.337152084319132	0.347386027693417	0.630818142338674	0.574095003150223	0.755099478665739	NA	"prevalence"	46	30
"HISTSYN.PWY..L.histidine.biosynthesis"	"Read_depth"	"Read_depth"	"Read_depth"	-0.0285132824031001	0.0523521959423448	0.0764946346574632	0.348883716636389	0.632655430446488	0.348883716636389	0.537645428995629	NA	"abundance"	46	46
"PWY.1622..formaldehyde.assimilation.I..serine.pathway."	"Read_depth"	"Read_depth"	"Read_depth"	-0.818961483500114	0.0523521959423448	0.897627236318935	0.349433976270602	0.632771957029657	0.293483546574267	0.492718311931594	NA	"abundance"	46	16
"PWY.7616..methanol.oxidation.to.carbon.dioxide"	"Read_depth"	"Read_depth"	"Read_depth"	0.330959481307103	0	0.355195205494782	0.351456500891844	0.635550505779418	0.275061583357005	0.487555510413919	NA	"prevalence"	46	25
"RUMP.PWY..formaldehyde.oxidation.I"	"Read_depth"	"Read_depth"	"Read_depth"	0.333328807204199	0	0.359584998159118	0.353935899635375	0.639146381865823	0.318328583510382	0.512552456100537	NA	"prevalence"	46	38
"PWY.7211..superpathway.of.pyrimidine.deoxyribonucleotides.de.novo.biosynthesis"	"Read_depth"	"Read_depth"	"Read_depth"	0.397620082520681	0.0523521959423448	0.370174031801458	0.358743419566939	0.646930654122099	0.207602294594309	0.441850153071777	NA	"abundance"	46	41
"PWY.7783..plasmalogen.degradation"	"Read_depth"	"Read_depth"	"Read_depth"	0.304103719941274	0	0.331840771203916	0.359449492675792	0.647307385150596	0.589695047566699	0.770709033686857	NA	"prevalence"	46	28
"ALLANTOINDEG.PWY..superpathway.of.allantoin.degradation.in.yeast"	"Read_depth"	"Read_depth"	"Read_depth"	1.08864200092851	0.0523521959423448	1.09878385583149	0.360666390589741	0.648601713463872	0.371397339959011	0.55675898875888	NA	"abundance"	46	18
"PWY.6992..1.5.anhydrofructose.degradation"	"Termness"	"preterm"	"Termnesspreterm"	0.618919581395998	0	0.679009789871227	0.362030311871235	0.650156504905308	0.137004551353675	0.356812745436065	NA	"prevalence"	46	15
"P621.PWY..nylon.6.oligomer.degradation"	"Termness"	"preterm"	"Termnesspreterm"	-0.901129403385456	0.188618384031044	1.17815666958267	0.365909867689159	0.651730024256204	0.0573052603628056	0.225559498593016	NA	"abundance"	46	24
"PWY.621..sucrose.degradation.III..sucrose.invertase."	"Read_depth"	"Read_depth"	"Read_depth"	0.20182249959701	0.0523521959423448	0.15906720910239	0.365831643586554	0.651730024256204	0.365831643586554	0.552425845708398	NA	"abundance"	46	46
"PWY.6435..4.hydroxybenzoate.biosynthesis.III..plants."	"Read_depth"	"Read_depth"	"Read_depth"	-1.24569955514715	0.0523521959423448	1.32148583889493	0.363932236013305	0.651730024256204	0.458150011842989	0.646892153474032	NA	"abundance"	46	9
"PWY.6895..superpathway.of.thiamine.diphosphate.biosynthesis.II"	"Read_depth"	"Read_depth"	"Read_depth"	0.245535092010245	0.0523521959423448	0.207955058854527	0.365751748332704	0.651730024256204	0.597729155256978	0.777690027337677	NA	"abundance"	46	45
"URSIN.PWY..ureide.biosynthesis"	"Read_depth"	"Read_depth"	"Read_depth"	1.04680685358208	0.0523521959423448	1.04378062153956	0.365646096176352	0.651730024256204	0.262270308339109	0.472728652751451	NA	"abundance"	46	12
"X1CMET2.PWY..folate.transformations.III..E..coli."	"Termness"	"preterm"	"Termnesspreterm"	0.323928604288234	0.188618384031044	0.127645139286884	0.364594993587895	0.651730024256204	0.364594993587895	0.551566785171431	NA	"abundance"	46	46
"CALVIN.PWY..Calvin.Benson.Bassham.cycle"	"Termness"	"preterm"	"Termnesspreterm"	0.0854423835232078	0.188618384031044	0.0853186537187655	0.367389412764765	0.652579830040552	0.367389412764765	0.553765793692876	NA	"abundance"	46	46
"DENOVOPURINE2.PWY..superpathway.of.purine.nucleotides.de.novo.biosynthesis.II"	"Read_depth"	"Read_depth"	"Read_depth"	0.149943375282451	0.0523521959423448	0.099691226908008	0.367022880385403	0.652579830040552	0.599339966044409	0.77838806910799	NA	"abundance"	46	45
"PWY.821..superpathway.of.sulfur.amino.acid.biosynthesis..Saccharomyces.cerevisiae."	"Termness"	"preterm"	"Termnesspreterm"	0.531494208067527	0.188618384031044	0.369827143660385	0.3679650162322	0.652711786286546	0.600531779293637	0.778711537985156	NA	"abundance"	46	43
"PWY.622..starch.biosynthesis"	"Termness"	"preterm"	"Termnesspreterm"	-0.38256109498766	0.188618384031044	0.62500485926569	0.369971075532369	0.655377333800197	0.0164235469971265	0.117963911475013	NA	"abundance"	46	34
"PWY.6902..chitin.degradation.II..Vibrio."	"Read_depth"	"Read_depth"	"Read_depth"	0.356520227831234	0.0523521959423448	0.334921083456061	0.371868200721159	0.657021873860667	0.121662410780664	0.343069484682642	NA	"abundance"	46	43
"PWY.7409..phospholipid.remodeling..phosphatidylethanolamine..yeast."	"Termness"	"preterm"	"Termnesspreterm"	-0.971128664850454	0.188618384031044	1.25682096260025	0.372173331946882	0.657021873860667	0.60583367488132	0.781904086643703	NA	"abundance"	46	17
"PWY.7783..plasmalogen.degradation"	"Read_depth"	"Read_depth"	"Read_depth"	-0.557903955339021	0.0523521959423448	0.6715879224268	0.372413320206738	0.657021873860667	0.589695047566699	0.770709033686857	NA	"abundance"	46	28
"HSERMETANA.PWY..L.methionine.biosynthesis.III"	"Termness"	"preterm"	"Termnesspreterm"	-0.295560269051493	0.188618384031044	0.54009969925065	0.379061861490983	0.660133201938034	0.614435828144957	0.784894262895129	NA	"abundance"	46	45
"P161.PWY..acetylene.degradation..anaerobic."	"Read_depth"	"Read_depth"	"Read_depth"	0.263938740025136	0.0523521959423448	0.235379709705561	0.378853906779151	0.660133201938034	0.378853906779151	0.559809171734488	NA	"abundance"	46	46
"PWY.5840..superpathway.of.menaquinol.7.biosynthesis"	"Read_depth"	"Read_depth"	"Read_depth"	0.170386220612252	0.0523521959423448	0.127354703910955	0.378324262341075	0.660133201938034	0.378324262341075	0.559809171734488	NA	"abundance"	46	46
"PWY.7242..D.fructuronate.degradation"	"Read_depth"	"Read_depth"	"Read_depth"	-0.44967579561291	0.0523521959423448	0.561448803609516	0.377335070668488	0.660133201938034	0.225084322371754	0.441850153071777	NA	"abundance"	46	42
"PWY.7400..L.arginine.biosynthesis.IV..archaebacteria."	"Read_depth"	"Read_depth"	"Read_depth"	0.118110256891499	0.0523521959423448	0.0623981014649893	0.375766532487007	0.660133201938034	0.375766532487007	0.55980179071393	NA	"abundance"	46	46
"PWY0.162..superpathway.of.pyrimidine.ribonucleotides.de.novo.biosynthesis"	"Read_depth"	"Read_depth"	"Read_depth"	-0.0250617008269452	0.0523521959423448	0.0776745515383852	0.375226154633324	0.660133201938034	0.375226154633324	0.55980179071393	NA	"abundance"	46	46
"RIBOSYN2.PWY..flavin.biosynthesis.I..bacteria.and.plants."	"Termness"	"preterm"	"Termnesspreterm"	0.0227134515120774	0.188618384031044	0.170680962883434	0.37681573321664	0.660133201938034	0.37681573321664	0.55980179071393	NA	"abundance"	46	46
"X3.HYDROXYPHENYLACETATE.DEGRADATION.PWY..4.hydroxyphenylacetate.degradation"	"Read_depth"	"Read_depth"	"Read_depth"	0.554724761281859	0.0523521959423448	0.562505041515077	0.379418285549715	0.660133201938034	0.229881804211074	0.441850153071777	NA	"abundance"	46	33
"PWY.6595..superpathway.of.guanosine.nucleotides.degradation..plants."	"Read_depth"	"Read_depth"	"Read_depth"	0.299313384013261	0	0.339557541154322	0.378057751503259	0.660133201938034	0.613187839534818	0.784894262895129	NA	"prevalence"	46	29
"PWY.6607..guanosine.nucleotides.degradation.I"	"Read_depth"	"Read_depth"	"Read_depth"	0.299313384013261	0	0.339557541154322	0.378057751503259	0.660133201938034	0.613187839534818	0.784894262895129	NA	"prevalence"	46	29
"PWY.7392..taxadiene.biosynthesis..engineered."	"Read_depth"	"Read_depth"	"Read_depth"	0.370460478185151	0	0.421768841873289	0.379754046276181	0.660133201938034	0.61529495688923	0.784894262895129	NA	"prevalence"	46	44
"P23.PWY..reductive.TCA.cycle.I"	"Read_depth"	"Read_depth"	"Read_depth"	-0.166153399776002	0.0523521959423448	0.242510122312807	0.380289115046657	0.660181903720996	0.615958419070344	0.784894262895129	NA	"abundance"	46	29
"PWY.1042..glycolysis.IV"	"Termness"	"preterm"	"Termnesspreterm"	0.0687208544224552	0.188618384031044	0.113516354149467	0.382228922047323	0.662064626556218	0.382228922047323	0.563787660019801	NA	"abundance"	46	46
"PWY0.1277..3.phenylpropanoate.and.3..3.hydroxyphenyl.propanoate.degradation"	"Read_depth"	"Read_depth"	"Read_depth"	0.481379329617421	0.0523521959423448	0.482992213659156	0.382390629163039	0.662064626556218	0.21334398361731	0.441850153071777	NA	"abundance"	46	34
"HEXITOLDEGSUPER.PWY..superpathway.of.hexitol.degradation..bacteria."	"Read_depth"	"Read_depth"	"Read_depth"	-0.728198225529456	0.0523521959423448	0.876620634731003	0.384497255886768	0.662073497599442	0.621156371989082	0.788165205606536	NA	"abundance"	46	22
"PWY.5028..L.histidine.degradation.II"	"Read_depth"	"Read_depth"	"Read_depth"	-0.791261851603386	0.0523521959423448	0.948533114701115	0.384517304773187	0.662073497599442	0.621181051876338	0.788165205606536	NA	"abundance"	46	23
"PWY.5860..superpathway.of.demethylmenaquinol.6.biosynthesis.I"	"Read_depth"	"Read_depth"	"Read_depth"	0.21670394550223	0.0523521959423448	0.183446125161081	0.384718702104972	0.662073497599442	0.233228410095999	0.441850153071777	NA	"abundance"	46	43
"PWY.5862..superpathway.of.demethylmenaquinol.9.biosynthesis"	"Read_depth"	"Read_depth"	"Read_depth"	0.21670394550223	0.0523521959423448	0.183446125161081	0.385091850128181	0.662073497599442	0.233228410095999	0.441850153071777	NA	"abundance"	46	43
"PWY0.1297..superpathway.of.purine.deoxyribonucleosides.degradation"	"Termness"	"preterm"	"Termnesspreterm"	0.409839265872932	0.188618384031044	0.241153950237903	0.384248626122232	0.662073497599442	0.384248626122232	0.565756444165711	NA	"abundance"	46	46
"PYRIDOXSYN.PWY..pyridoxal.5..phosphate.biosynthesis.I"	"Read_depth"	"Read_depth"	"Read_depth"	0.207403315588189	0.0523521959423448	0.173436551040363	0.385955287771103	0.662073497599442	0.233228410095999	0.441850153071777	NA	"abundance"	46	43
"PWY.5497..purine.nucleobases.degradation.II..anaerobic."	"Read_depth"	"Read_depth"	"Read_depth"	0.28401933275824	0	0.327538702811791	0.385869618335329	0.662073497599442	0.622843874316405	0.789062945069556	NA	"prevalence"	46	29
"PWY.7874..L.threonate.degradation"	"Termness"	"preterm"	"Termnesspreterm"	-0.566265207536617	0.188618384031044	0.841024519660602	0.386757625237936	0.662576879026044	0.623933789796185	0.789233247123505	NA	"abundance"	46	16
"SALVADEHYPOX.PWY..adenosine.nucleotides.degradation.II"	"Read_depth"	"Read_depth"	"Read_depth"	-0.812326036085718	0.0523521959423448	0.984826473767199	0.387761463425414	0.66342368643875	0.574095003150223	0.755099478665739	NA	"abundance"	46	30
"PWY0.1221..putrescine.degradation.II"	"Read_depth"	"Read_depth"	"Read_depth"	-1.88114231403888	0.0523521959423448	2.09414271580618	0.391405806000294	0.667908825954768	0.629613107029848	0.795199428756352	NA	"abundance"	46	9
"P164.PWY..purine.nucleobases.degradation.I..anaerobic."	"Termness"	"preterm"	"Termnesspreterm"	0.517399315755028	0	0.603687335301882	0.39140893564016	0.667908825954768	0.533939325836748	0.717976199759615	NA	"prevalence"	46	28
"PWY66.389..phytol.degradation"	"Read_depth"	"Read_depth"	"Read_depth"	0.24004567686441	0.0523521959423448	0.214918499139885	0.393589709773046	0.670751049901185	0.393589709773046	0.575407257119532	NA	"abundance"	46	46
"NONOXIPENT.PWY..pentose.phosphate.pathway..non.oxidative.branch..I"	"Read_depth"	"Read_depth"	"Read_depth"	-0.0126405449885625	0.0523521959423448	0.0655998532981281	0.397407333295285	0.676371696667269	0.397407333295285	0.579739697032461	NA	"abundance"	46	46
"PWY.6317..D.galactose.degradation.I..Leloir.pathway."	"Termness"	"preterm"	"Termnesspreterm"	0.0671471181814625	0.188618384031044	0.121288910791884	0.397956910674825	0.676422842948592	0.397956910674825	0.579739697032461	NA	"abundance"	46	46
"PWY.7111..pyruvate.fermentation.to.isobutanol..engineered."	"Termness"	"preterm"	"Termnesspreterm"	0.0322944970739519	0.188618384031044	0.169136412760106	0.402042770229173	0.681588133904145	0.402042770229173	0.583633265745689	NA	"abundance"	46	46
"SER.GLYSYN.PWY..superpathway.of.L.serine.and.glycine.biosynthesis.I"	"Read_depth"	"Read_depth"	"Read_depth"	0.126391738678677	0.0523521959423448	0.0786367071933093	0.401937213470624	0.681588133904145	0.401937213470624	0.583633265745689	NA	"abundance"	46	46
"PWY.622..starch.biosynthesis"	"Read_depth"	"Read_depth"	"Read_depth"	0.289563847130527	0	0.346303609719044	0.403067138013395	0.682436168652068	0.643671158280481	0.809242582556587	NA	"prevalence"	46	34
"HEMESYN2.PWY..heme.b.biosynthesis.II..oxygen.independent."	"Read_depth"	"Read_depth"	"Read_depth"	0.149050009360182	0.0523521959423448	0.108343512849923	0.404065261404934	0.683237623830162	0.404065261404934	0.585540185825396	NA	"abundance"	46	46
"PWY.7383..anaerobic.energy.metabolism..invertebrates..cytosol."	"Read_depth"	"Read_depth"	"Read_depth"	0.292150055717194	0	0.351357882459783	0.40569769471719	0.684220723473811	0.646804769935538	0.810714324683998	NA	"prevalence"	46	15
"PWY66.399..gluconeogenesis.III"	"Read_depth"	"Read_depth"	"Read_depth"	0.292150055717194	0	0.351357882459783	0.40569769471719	0.684220723473811	0.646804769935538	0.810714324683998	NA	"prevalence"	46	15
"PWY.5180..toluene.degradation.I..aerobic...via.o.cresol."	"Termness"	"preterm"	"Termnesspreterm"	0.807411754839552	0.188618384031044	0.737183901083547	0.409284302137682	0.689192891809737	0.107419183602865	0.316886591628452	NA	"abundance"	46	33
"PWY.6992..1.5.anhydrofructose.degradation"	"Read_depth"	"Read_depth"	"Read_depth"	0.367211170537906	0	0.445420992177804	0.409704530154175	0.689192891809737	0.651551258279497	0.815426271725552	NA	"prevalence"	46	15
"ARGDEG.PWY..superpathway.of.L.arginine..putrescine..and.4.aminobutanoate.degradation"	"Read_depth"	"Read_depth"	"Read_depth"	0.626378747790652	0.0523521959423448	0.68936429164762	0.413502036748099	0.693043442470315	0.13529878850584	0.35660290264587	NA	"abundance"	46	27
"ORNARGDEG.PWY..superpathway.of.L.arginine.and.L.ornithine.degradation"	"Read_depth"	"Read_depth"	"Read_depth"	0.626378747790652	0.0523521959423448	0.68936429164762	0.41359044147422	0.693043442470315	0.13529878850584	0.35660290264587	NA	"abundance"	46	27
"PWY.6920..6.gingerol.analog.biosynthesis..engineered."	"Read_depth"	"Read_depth"	"Read_depth"	0.722829733684598	0	0.882907756992663	0.412962022288115	0.693043442470315	0.655386412723941	0.818985139046861	NA	"prevalence"	46	5
"PWY.1622..formaldehyde.assimilation.I..serine.pathway."	"Termness"	"preterm"	"Termnesspreterm"	-0.561553300603871	0	0.687678818678472	0.414161396715948	0.693108147203296	0.0681812380405812	0.252465969926318	NA	"prevalence"	46	16
"FUCCAT.PWY..fucose.degradation"	"Termness"	"preterm"	"Termnesspreterm"	0.689316465887051	0.188618384031044	0.608029568743108	0.417364492966015	0.697571976690309	0.291390559378079	0.491201228665904	NA	"abundance"	46	43
"PWY.7391..isoprene.biosynthesis.II..engineered."	"Termness"	"preterm"	"Termnesspreterm"	-0.520731058185186	0	0.648073513786139	0.421682239796205	0.703884969505973	0.665548568232866	0.829175139306707	NA	"prevalence"	46	31
"COLANSYN.PWY..colanic.acid.building.blocks.biosynthesis"	"Read_depth"	"Read_depth"	"Read_depth"	0.348677716588774	0.0523521959423448	0.363410588259759	0.422768768601949	0.704462904830557	0.357243095880643	0.543497964227671	NA	"abundance"	46	34
"FASYN.INITIAL.PWY..superpathway.of.fatty.acid.biosynthesis.initiation..E..coli."	"Read_depth"	"Read_depth"	"Read_depth"	-0.329188792423433	0.0523521959423448	0.464752019539863	0.424498729857026	0.704462904830557	0.668798288063823	0.831668010476221	NA	"abundance"	46	19
"PWY0.1415..superpathway.of.heme.b.biosynthesis.from.uroporphyrinogen.III"	"Read_depth"	"Read_depth"	"Read_depth"	0.292209881550079	0.0523521959423448	0.295703595722944	0.424858247326938	0.704462904830557	0.424858247326938	0.61138138029974	NA	"abundance"	46	46
"DHGLUCONATE.PYR.CAT.PWY..glucose.degradation..oxidative."	"Termness"	"preterm"	"Termnesspreterm"	0.752316294909029	0	0.939605879836347	0.423321447987688	0.704462904830557	0.0357365765863051	0.173637719178165	NA	"prevalence"	46	6
"PWY.6708..ubiquinol.8.biosynthesis..early.decarboxylation."	"Termness"	"preterm"	"Termnesspreterm"	-0.564258891638609	0	0.707709117393793	0.425274841164991	0.704462904830557	0.0939049551199239	0.293808685337338	NA	"prevalence"	46	10
"UBISYN.PWY..superpathway.of.ubiquinol.8.biosynthesis..early.decarboxylation."	"Termness"	"preterm"	"Termnesspreterm"	-0.564258891638609	0	0.707709117393793	0.425274841164991	0.704462904830557	0.0958293507596292	0.296083947579106	NA	"prevalence"	46	10
"PWY.6168..flavin.biosynthesis.III..fungi."	"Read_depth"	"Read_depth"	"Read_depth"	-0.396800250086743	0.0523521959423448	0.548683952076802	0.426436503200517	0.705489615205938	0.67102491513915	0.832232101959366	NA	"abundance"	46	18
"ILEUSYN.PWY..L.isoleucine.biosynthesis.I..from.threonine."	"Termness"	"preterm"	"Termnesspreterm"	0.045780818884576	0.188618384031044	0.162875417158917	0.427817739224088	0.705980603890701	0.427817739224088	0.613502521873432	NA	"abundance"	46	46
"PWY.5030..L.histidine.degradation.III"	"Read_depth"	"Read_depth"	"Read_depth"	-0.855295342844645	0.0523521959423448	1.10483083711865	0.427393369039966	0.705980603890701	0.6721216461806	0.832342548343591	NA	"abundance"	46	15
"PWY.821..superpathway.of.sulfur.amino.acid.biosynthesis..Saccharomyces.cerevisiae."	"Read_depth"	"Read_depth"	"Read_depth"	0.297924786394109	0	0.377122691626738	0.429531082298451	0.707910720446308	0.293217531707241	0.492718311931594	NA	"prevalence"	46	43
"PWY0.1221..putrescine.degradation.II"	"Read_depth"	"Read_depth"	"Read_depth"	0.532326585743472	0	0.67519279594805	0.430458799665103	0.708542802988576	0.629613107029848	0.795199428756352	NA	"prevalence"	46	9
"PWY0.845..superpathway.of.pyridoxal.5..phosphate.biosynthesis.and.salvage"	"Read_depth"	"Read_depth"	"Read_depth"	0.177038690585426	0.0523521959423448	0.153288727604466	0.434012728748701	0.713490622261122	0.233228410095999	0.441850153071777	NA	"abundance"	46	43
"KETOGLUCONMET.PWY..ketogluconate.metabolism"	"Termness"	"preterm"	"Termnesspreterm"	-0.52393806870055	0.188618384031044	0.901655043470284	0.43533717270673	0.714765446234758	0.54131743323233	0.725857467288807	NA	"abundance"	46	40
"FASYN.INITIAL.PWY..superpathway.of.fatty.acid.biosynthesis.initiation..E..coli."	"Read_depth"	"Read_depth"	"Read_depth"	0.281653223667599	0	0.36181652552111	0.436308415202397	0.715457879840706	0.668798288063823	0.831668010476221	NA	"prevalence"	46	19
"THRESYN.PWY..superpathway.of.L.threonine.biosynthesis"	"Read_depth"	"Read_depth"	"Read_depth"	-0.0186056574510797	0.0523521959423448	0.0821282366392248	0.436876924408492	0.715489000729379	0.436876924408492	0.625407867524114	NA	"abundance"	46	46
"PWY.6353..purine.nucleotides.degradation.II..aerobic."	"Read_depth"	"Read_depth"	"Read_depth"	-0.59296188980029	0.0523521959423448	0.818686151184329	0.437482873806213	0.715581283537298	0.574095003150223	0.755099478665739	NA	"abundance"	46	30
"PWY.6606..guanosine.nucleotides.degradation.II"	"Termness"	"preterm"	"Termnesspreterm"	0.696589970071852	0.188618384031044	0.64865562207075	0.440179768417661	0.719089157440144	0.686601308311096	0.84200005723685	NA	"abundance"	46	45
"PWY.5705..allantoin.degradation.to.glyoxylate.III"	"Read_depth"	"Read_depth"	"Read_depth"	-0.595487638684381	0.0523521959423448	0.824118937234249	0.440732096134338	0.71908920948234	0.687219411705708	0.84200005723685	NA	"abundance"	46	24
"PWY.6549..L.glutamine.biosynthesis.III"	"Read_depth"	"Read_depth"	"Read_depth"	-0.38284193392863	0	0.497468067819686	0.441548525905857	0.719519625443587	0.460097676240867	0.648533584598901	NA	"prevalence"	46	37
"PWY.6922..L.N.delta..acetylornithine.biosynthesis"	"Termness"	"preterm"	"Termnesspreterm"	-0.528443945691077	0	0.688398842965475	0.442699832847246	0.720493977958893	0.689416523691513	0.84205875212243	NA	"prevalence"	46	35
"GOLPDLCAT.PWY..superpathway.of.glycerol.degradation.to.1.3.propanediol"	"Read_depth"	"Read_depth"	"Read_depth"	0.709484515648681	0.0523521959423448	0.84779151528901	0.443301941602679	0.720573193466527	0.129925300062475	0.35660290264587	NA	"abundance"	46	40
"PWY0.162..superpathway.of.pyrimidine.ribonucleotides.de.novo.biosynthesis"	"Termness"	"preterm"	"Termnesspreterm"	0.319670753198497	0.188618384031044	0.153796681939685	0.444655931644727	0.721872846635206	0.444655931644727	0.632161444988889	NA	"abundance"	46	46
"P185.PWY..formaldehyde.assimilation.III..dihydroxyacetone.cycle."	"Read_depth"	"Read_depth"	"Read_depth"	0.658486557647561	0.0523521959423448	0.788463295666217	0.446999207957639	0.723871851692594	0.152978499370656	0.382909819636855	NA	"abundance"	46	40
"PWY.6293..superpathway.of.L.cysteine.biosynthesis..fungi."	"Termness"	"preterm"	"Termnesspreterm"	-0.221232569508854	0.188618384031044	0.5293682226578	0.446483285364693	0.723871851692594	0.693619246619336	0.845028757680783	NA	"abundance"	46	41
"PWY.5659..GDP.mannose.biosynthesis"	"Read_depth"	"Read_depth"	"Read_depth"	-0.0627485989518557	0.0523521959423448	0.146965901381634	0.451539996568633	0.730316864015354	0.451539996568633	0.639746204400842	NA	"abundance"	46	46
"ARG.POLYAMINE.SYN..superpathway.of.arginine.and.polyamine.biosynthesis"	"Termness"	"preterm"	"Termnesspreterm"	0.48195879818657	0.188618384031044	0.382372712202568	0.45445319384945	0.734116697756804	0.702378682298934	0.853183517027823	NA	"abundance"	46	45
"PWY.6892..thiazole.component.of.thiamine.diphosphate.biosynthesis.I"	"Termness"	"preterm"	"Termnesspreterm"	-0.236909404035418	0.188618384031044	0.562280139436903	0.456709787054403	0.735026134418829	0.704835744517528	0.853657367993369	NA	"abundance"	46	45
"PWY.8187..L.arginine.degradation.XIII..reductive.Stickland.reaction."	"Termness"	"preterm"	"Termnesspreterm"	-0.0816872789920423	0.188618384031044	0.35286037752544	0.456625023537266	0.735026134418829	0.456625023537266	0.645842927126338	NA	"abundance"	46	46
"P562.PWY..myo.inositol.degradation.I"	"Termness"	"preterm"	"Termnesspreterm"	0.456081210297483	0	0.611407062008056	0.455695532428089	0.735026134418829	0.703732646581259	0.853572931095624	NA	"prevalence"	46	25
"PWY.6731..starch.degradation.III"	"Read_depth"	"Read_depth"	"Read_depth"	0.376109460325326	0.0523521959423448	0.431324156018906	0.45899270211835	0.737788269330977	0.259864227093604	0.472728652751451	NA	"abundance"	46	39
"PWY.7392..taxadiene.biosynthesis..engineered."	"Termness"	"preterm"	"Termnesspreterm"	-0.381123976053951	0.188618384031044	0.761848054934831	0.460180170562008	0.738784934737034	0.708594551745537	0.85695329391188	NA	"abundance"	46	44
"PWY.7616..methanol.oxidation.to.carbon.dioxide"	"Termness"	"preterm"	"Termnesspreterm"	0.448712139012203	0	0.609565501374185	0.461658888091833	0.74024614814725	0.423063327771617	0.609860922756293	NA	"prevalence"	46	25
"PWY.7184..pyrimidine.deoxyribonucleotides.de.novo.biosynthesis.I"	"Read_depth"	"Read_depth"	"Read_depth"	0.172284317574961	0.0523521959423448	0.157590688544143	0.462754763828147	0.741090654986774	0.189702960115029	0.428127445505502	NA	"abundance"	46	44
"PWY.5676..acetyl.CoA.fermentation.to.butanoate.II"	"Read_depth"	"Read_depth"	"Read_depth"	-0.462941771123309	0.0523521959423448	0.694351752978708	0.466243149456484	0.74575992701762	0.195996838329137	0.43759178171521	NA	"abundance"	46	25
"PWY0.1061..superpathway.of.L.alanine.biosynthesis"	"Termness"	"preterm"	"Termnesspreterm"	0.354317463796061	0.188618384031044	0.214398603474616	0.467261908209879	0.746472398146334	0.467261908209879	0.657509942387325	NA	"abundance"	46	46
"P164.PWY..purine.nucleobases.degradation.I..anaerobic."	"Read_depth"	"Read_depth"	"Read_depth"	-0.362657159550226	0.0523521959423448	0.563827031360813	0.46892210669046	0.747783672030144	0.717956271237901	0.863219621604812	NA	"abundance"	46	28
"CARNMET.PWY..L.carnitine.degradation.I"	"Termness"	"preterm"	"Termnesspreterm"	-0.238028540365238	0.188618384031044	0.601014359924788	0.487253165591104	0.750231643028214	0.737090683803656	0.871300719644995	NA	"abundance"	46	25
"GLYOXYLATE.BYPASS..glyoxylate.cycle"	"Termness"	"preterm"	"Termnesspreterm"	0.521491568212858	0.188618384031044	0.466339861412338	0.483342080392275	0.750231643028214	0.29132811797103	0.491201228665904	NA	"abundance"	46	43
"P122.PWY..heterolactic.fermentation"	"Termness"	"preterm"	"Termnesspreterm"	0.593830316051077	0.188618384031044	0.570371169042082	0.484143161548925	0.750231643028214	0.484143161548925	0.673236113534364	NA	"abundance"	46	46
"PWY.1501..mandelate.degradation.I"	"Read_depth"	"Read_depth"	"Read_depth"	1.91685838542285	0.0523521959423448	2.36456361268	0.487848706402585	0.750231643028214	0.737701052466495	0.871300719644995	NA	"abundance"	46	6
"PWY.5981..CDP.diacylglycerol.biosynthesis.III"	"Termness"	"preterm"	"Termnesspreterm"	0.389906281540179	0.188618384031044	0.267891812607317	0.472283437009116	0.750231643028214	0.472283437009116	0.662319387045041	NA	"abundance"	46	46
"PWY.6607..guanosine.nucleotides.degradation.I"	"Read_depth"	"Read_depth"	"Read_depth"	-0.440578385674183	0.0523521959423448	0.682576853024455	0.477051647173489	0.750231643028214	0.613187839534818	0.784894262895129	NA	"abundance"	46	29
"PWY.7209..superpathway.of.pyrimidine.ribonucleosides.degradation"	"Termness"	"preterm"	"Termnesspreterm"	0.739511941103563	0.188618384031044	0.774009305781558	0.482620514260217	0.750231643028214	0.286599805625621	0.491201228665904	NA	"abundance"	46	37
"PWY.7356..thiamine.diphosphate.salvage.IV..yeast."	"Read_depth"	"Read_depth"	"Read_depth"	0.219756619135793	0.0523521959423448	0.22799028571666	0.471725823951715	0.750231643028214	0.471725823951715	0.662319387045041	NA	"abundance"	46	46
"PWY.7434..terminal.O.glycans.residues.modification..via.type.2.precursor.disaccharide."	"Read_depth"	"Read_depth"	"Read_depth"	-0.912135701243506	0.0523521959423448	1.22970361292702	0.476648676749216	0.750231643028214	0.72222225598945	0.867086603847799	NA	"abundance"	46	7
"PWY.7807..glyphosate.degradation.III"	"Termness"	"preterm"	"Termnesspreterm"	1.0397243343335	0.188618384031044	1.21012568238196	0.492067610587422	0.750231643028214	0.742004687785629	0.871300719644995	NA	"abundance"	46	19
"PWY0.1533..methylphosphonate.degradation.I"	"Read_depth"	"Read_depth"	"Read_depth"	-0.661582022127463	0.0523521959423448	1.00714441241362	0.488634846956223	0.750231643028214	0.738505680252514	0.871300719644995	NA	"abundance"	46	19
"PWY0.461..L.lysine.degradation.I"	"Read_depth"	"Read_depth"	"Read_depth"	0.654459692861905	0.0523521959423448	0.832836096891301	0.479764533908902	0.750231643028214	0.729355059820978	0.870653421542405	NA	"abundance"	46	20
"PWY66.430..myristate.biosynthesis..mitochondria."	"Termness"	"preterm"	"Termnesspreterm"	0.980978749694313	0.188618384031044	1.10341588841968	0.478417172738333	0.750231643028214	0.192765397527353	0.432674506406504	NA	"abundance"	46	34
"ARG.POLYAMINE.SYN..superpathway.of.arginine.and.polyamine.biosynthesis"	"Termness"	"preterm"	"Termnesspreterm"	1.14252482117037	0	1.66529762522678	0.492663636550786	0.750231643028214	0.702378682298934	0.853183517027823	NA	"prevalence"	46	45
"COBALSYN.PWY..superpathway.of.adenosylcobalamin.salvage.from.cobinamide.I"	"Termness"	"preterm"	"Termnesspreterm"	1.14252482117037	0	1.66529762522678	0.492663636550786	0.750231643028214	0.552545914382259	0.734170426507483	NA	"prevalence"	46	45
"CRNFORCAT.PWY..creatinine.degradation.I"	"Termness"	"preterm"	"Termnesspreterm"	0.567255607864191	0	0.810578637876644	0.484042446431752	0.750231643028214	0.733787802915869	0.871300719644995	NA	"prevalence"	46	11
"GALACTARDEG.PWY..D.galactarate.degradation.I"	"Termness"	"preterm"	"Termnesspreterm"	1.14252482117037	0	1.66529762522678	0.492663636550786	0.750231643028214	0.136424355007379	0.35660290264587	NA	"prevalence"	46	45
"GLUCARGALACTSUPER.PWY..superpathway.of.D.glucarate.and.D.galactarate.degradation"	"Termness"	"preterm"	"Termnesspreterm"	1.14252482117037	0	1.66529762522678	0.492663636550786	0.750231643028214	0.136242263351885	0.35660290264587	NA	"prevalence"	46	45
"GLYCOLYSIS.E.D..superpathway.of.glycolysis.and.the.Entner.Doudoroff.pathway"	"Termness"	"preterm"	"Termnesspreterm"	1.14252482117037	0	1.66529762522678	0.492663636550786	0.750231643028214	0.742609814322127	0.871300719644995	NA	"prevalence"	46	45
"METHGLYUT.PWY..superpathway.of.methylglyoxal.degradation"	"Termness"	"preterm"	"Termnesspreterm"	1.14252482117037	0	1.66529762522678	0.492663636550786	0.750231643028214	0.742609814322127	0.871300719644995	NA	"prevalence"	46	45
"P4.PWY..superpathway.of.L.lysine..L.threonine.and.L.methionine.biosynthesis.I"	"Termness"	"preterm"	"Termnesspreterm"	1.14252482117037	0	1.66529762522678	0.492663636550786	0.750231643028214	0.0261771950529122	0.150512062039997	NA	"prevalence"	46	45
"POLYAMSYN.PWY..superpathway.of.polyamine.biosynthesis.I"	"Termness"	"preterm"	"Termnesspreterm"	1.14252482117037	0	1.66529762522678	0.492663636550786	0.750231643028214	0.425743553794301	0.611589870320161	NA	"prevalence"	46	45
"PWY.5005..biotin.biosynthesis.II"	"Read_depth"	"Read_depth"	"Read_depth"	0.260318113155022	0	0.369262956972647	0.480830917558089	0.750231643028214	0.730463463836424	0.870653421542405	NA	"prevalence"	46	38
"PWY.5030..L.histidine.degradation.III"	"Read_depth"	"Read_depth"	"Read_depth"	0.26850578229759	0	0.374878749275081	0.473838841926854	0.750231643028214	0.6721216461806	0.832342548343591	NA	"prevalence"	46	15
"PWY.5920..superpathway.of.heme.b.biosynthesis.from.glycine"	"Termness"	"preterm"	"Termnesspreterm"	1.14252482117037	0	1.66529762522678	0.492663636550786	0.750231643028214	0.742609814322127	0.871300719644995	NA	"prevalence"	46	45
"PWY.6293..superpathway.of.L.cysteine.biosynthesis..fungi."	"Read_depth"	"Read_depth"	"Read_depth"	0.249448616375348	0	0.350681834625878	0.476883109729264	0.750231643028214	0.726348719113475	0.870653421542405	NA	"prevalence"	46	41
"PWY.6305..superpathway.of.putrescine.biosynthesis"	"Termness"	"preterm"	"Termnesspreterm"	1.14252482117037	0	1.66529762522678	0.492663636550786	0.750231643028214	0.249104705150675	0.461164490359118	NA	"prevalence"	46	45
"PWY.6892..thiazole.component.of.thiamine.diphosphate.biosynthesis.I"	"Termness"	"preterm"	"Termnesspreterm"	1.14252482117037	0	1.66529762522678	0.492663636550786	0.750231643028214	0.704835744517528	0.853657367993369	NA	"prevalence"	46	45
"PWY.6895..superpathway.of.thiamine.diphosphate.biosynthesis.II"	"Termness"	"preterm"	"Termnesspreterm"	1.14252482117037	0	1.66529762522678	0.492663636550786	0.750231643028214	0.742609814322127	0.871300719644995	NA	"prevalence"	46	45
"PWY.6902..chitin.degradation.II..Vibrio."	"Termness"	"preterm"	"Termnesspreterm"	-0.96393542390132	0	1.39486674951426	0.489528373092589	0.750231643028214	0.0401350610535527	0.189437488172769	NA	"prevalence"	46	43
"PWY.7396..butanol.and.isobutanol.biosynthesis..engineered."	"Read_depth"	"Read_depth"	"Read_depth"	0.220983642387778	0	0.312831579912045	0.479940584794667	0.750231643028214	0.729538204656287	0.870653421542405	NA	"prevalence"	46	27
"PWY.7434..terminal.O.glycans.residues.modification..via.type.2.precursor.disaccharide."	"Read_depth"	"Read_depth"	"Read_depth"	0.33432014889134	0	0.465833654888634	0.472953755339676	0.750231643028214	0.72222225598945	0.867086603847799	NA	"prevalence"	46	7
"PWY.7446..sulfoquinovose.degradation.I"	"Read_depth"	"Read_depth"	"Read_depth"	0.246944290780525	0	0.350845516379972	0.481523220224429	0.750231643028214	0.00415214716049432	0.0544392627709256	NA	"prevalence"	46	23
"PWY.8004..Entner.Doudoroff.pathway.I"	"Termness"	"preterm"	"Termnesspreterm"	1.14252482117037	0	1.66529762522678	0.492663636550786	0.750231643028214	0.742609814322127	0.871300719644995	NA	"prevalence"	46	45
"PWY1ZNC.1..assimilatory.sulfate.reduction.IV"	"Termness"	"preterm"	"Termnesspreterm"	1.14252482117037	0	1.66529762522678	0.492663636550786	0.750231643028214	0.000211001923416102	0.0217859485927126	NA	"prevalence"	46	45
"PWY4LZ.257..superpathway.of.fermentation..Chlamydomonas.reinhardtii."	"Termness"	"preterm"	"Termnesspreterm"	1.14252482117037	0	1.66529762522678	0.492663636550786	0.750231643028214	0.742609814322127	0.871300719644995	NA	"prevalence"	46	45
"PYRIDNUCSYN.PWY..NAD.de.novo.biosynthesis.I..from.aspartate."	"Termness"	"preterm"	"Termnesspreterm"	1.14252482117037	0	1.66529762522678	0.492663636550786	0.750231643028214	0.136195267404701	0.35660290264587	NA	"prevalence"	46	45
"THISYN.PWY..superpathway.of.thiamine.diphosphate.biosynthesis.I"	"Termness"	"preterm"	"Termnesspreterm"	1.14252482117037	0	1.66529762522678	0.492663636550786	0.750231643028214	0.410105861341136	0.59325296229033	NA	"prevalence"	46	45
"DENOVOPURINE2.PWY..superpathway.of.purine.nucleotides.de.novo.biosynthesis.II"	"Termness"	"preterm"	"Termnesspreterm"	-1.31038375198922	0	1.9160704219485	0.494043854205999	0.75057771082405	0.0864855357140729	0.280145303920879	NA	"prevalence"	46	45
"PWY.7187..pyrimidine.deoxyribonucleotides.de.novo.biosynthesis.II"	"Termness"	"preterm"	"Termnesspreterm"	-1.31038375198922	0	1.9160704219485	0.494043854205999	0.75057771082405	0.0101965458016461	0.0905628691630072	NA	"prevalence"	46	45
"FUC.RHAMCAT.PWY..superpathway.of.fucose.and.rhamnose.degradation"	"Termness"	"preterm"	"Termnesspreterm"	0.56069591764371	0.188618384031044	0.536932188619236	0.495271876600467	0.751058394644811	0.291390559378079	0.491201228665904	NA	"abundance"	46	43
"PWY.5028..L.histidine.degradation.II"	"Termness"	"preterm"	"Termnesspreterm"	1.03929175840035	0.188618384031044	1.22607469556789	0.496090798306096	0.751058394644811	0.746075516448213	0.871923840928936	NA	"abundance"	46	23
"PWY.7807..glyphosate.degradation.III"	"Read_depth"	"Read_depth"	"Read_depth"	-0.60832220897692	0.0523521959423448	0.947917564859066	0.495818559576952	0.751058394644811	0.745801075132941	0.871923840928936	NA	"abundance"	46	19
"PWY.7409..phospholipid.remodeling..phosphatidylethanolamine..yeast."	"Termness"	"preterm"	"Termnesspreterm"	0.415131899275247	0	0.612478170943973	0.497904521310851	0.752928788323725	0.60583367488132	0.781904086643703	NA	"prevalence"	46	17
"PWY.801..homocysteine.and.cysteine.interconversion"	"Termness"	"preterm"	"Termnesspreterm"	-0.233473472440621	0.188618384031044	0.617636181619717	0.500344450814966	0.753119624232469	0.750344332168602	0.871923840928936	NA	"abundance"	46	43
"PWY.8011..L.serine.biosynthesis.II"	"Read_depth"	"Read_depth"	"Read_depth"	-0.216039748986144	0.0523521959423448	0.390407849037273	0.499656243225908	0.753119624232469	0.749656125057188	0.871923840928936	NA	"abundance"	46	28
"UBISYN.PWY..superpathway.of.ubiquinol.8.biosynthesis..early.decarboxylation."	"Read_depth"	"Read_depth"	"Read_depth"	-0.428054224466985	0.0523521959423448	0.675258903920814	0.500201031618845	0.753119624232469	0.750200991205133	0.871923840928936	NA	"abundance"	46	10
"PWY.5028..L.histidine.degradation.II"	"Termness"	"preterm"	"Termnesspreterm"	0.403038439532699	0	0.596900438809012	0.499536719861852	0.753119624232469	0.746075516448213	0.871923840928936	NA	"prevalence"	46	23
"CRNFORCAT.PWY..creatinine.degradation.I"	"Termness"	"preterm"	"Termnesspreterm"	1.5300934130027	0.188618384031044	1.91672433030239	0.50387887115489	0.755339923629972	0.733787802915869	0.871300719644995	NA	"abundance"	46	11
"P562.PWY..myo.inositol.degradation.I"	"Read_depth"	"Read_depth"	"Read_depth"	0.569032370548542	0.0523521959423448	0.781581306627596	0.515491351992573	0.755339923629972	0.558334559674258	0.739077478030348	NA	"abundance"	46	25
"POLYISOPRENSYN.PWY..polyisoprenoid.biosynthesis..E..coli."	"Termness"	"preterm"	"Termnesspreterm"	0.413603877750277	0.188618384031044	0.336540034780476	0.516269358148391	0.755339923629972	0.516269358148391	0.708930299947883	NA	"abundance"	46	46
"PWY.2221..Entner.Doudoroff.pathway.III..semi.phosphorylative."	"Termness"	"preterm"	"Termnesspreterm"	-0.794416746227492	0.188618384031044	1.38316111407039	0.516659964791947	0.755339923629972	0.766382410365078	0.879210931891048	NA	"abundance"	46	7
"PWY.6708..ubiquinol.8.biosynthesis..early.decarboxylation."	"Read_depth"	"Read_depth"	"Read_depth"	-0.422486518510194	0.0523521959423448	0.682028064994875	0.509058067915419	0.755339923629972	0.758976019321058	0.873108425079404	NA	"abundance"	46	10
"PWY.6749..CMP.legionaminate.biosynthesis.I"	"Termness"	"preterm"	"Termnesspreterm"	-1.55638060474869	0.188618384031044	2.39400517778251	0.506480234065972	0.755339923629972	0.350112155886817	0.538533781680653	NA	"abundance"	46	7
"PWY.7385..1.3.propanediol.biosynthesis..engineered."	"Termness"	"preterm"	"Termnesspreterm"	1.14497214755062	0.188618384031044	1.4244165485646	0.510081798312147	0.755339923629972	0.320297763648926	0.512739855061597	NA	"abundance"	46	22
"PWY.7446..sulfoquinovose.degradation.I"	"Termness"	"preterm"	"Termnesspreterm"	0.796858881313098	0.188618384031044	0.896061032280292	0.505626696083281	0.755339923629972	0.371201924279586	0.55675898875888	NA	"abundance"	46	23
"PWY0.1586..peptidoglycan.maturation..meso.diaminopimelate.containing."	"Read_depth"	"Read_depth"	"Read_depth"	-0.0266214464901678	0.0523521959423448	0.114179171314557	0.513844465134893	0.755339923629972	0.513844465134893	0.707392547002369	NA	"abundance"	46	46
"PWY1G.0..mycothiol.biosynthesis"	"Termness"	"preterm"	"Termnesspreterm"	-0.377481890844724	0.188618384031044	0.798297122036551	0.518366463852236	0.755339923629972	0.378195191641537	0.559809171734488	NA	"abundance"	46	7
"PWY5F9.12..biphenyl.degradation"	"Read_depth"	"Read_depth"	"Read_depth"	1.53412428507619	0.0523521959423448	2.19153487506289	0.517951674463383	0.755339923629972	0.50075551399919	0.694000091549213	NA	"abundance"	46	11
"PWY66.367..ketogenesis"	"Termness"	"preterm"	"Termnesspreterm"	-1.07339637083314	0.188618384031044	1.5737483822755	0.506911441075914	0.755339923629972	0.756863673058168	0.871923840928936	NA	"abundance"	46	5
"DENITRIFICATION.PWY..nitrate.reduction.I..denitrification."	"Read_depth"	"Read_depth"	"Read_depth"	0.210222866671897	0	0.316896926398793	0.507087648863845	0.755339923629972	0.0131548554593633	0.103484862946991	NA	"prevalence"	46	17
"HSERMETANA.PWY..L.methionine.biosynthesis.III"	"Termness"	"preterm"	"Termnesspreterm"	-1.09947929219168	0	1.70326957527937	0.518596074919064	0.755339923629972	0.614435828144957	0.784894262895129	NA	"prevalence"	46	45
"LIPA.CORESYN.PWY..lipid.A.core.biosynthesis..E..coli.K.12."	"Read_depth"	"Read_depth"	"Read_depth"	0.523908319580723	0	0.788345537860862	0.506327570930879	0.755339923629972	0.756287532776994	0.871923840928936	NA	"prevalence"	46	7
"LPSSYN.PWY..superpathway.of.lipopolysaccharide.biosynthesis"	"Read_depth"	"Read_depth"	"Read_depth"	0.523908319580723	0	0.788345537860862	0.506327570930879	0.755339923629972	0.756287532776994	0.871923840928936	NA	"prevalence"	46	7
"P124.PWY..Bifidobacterium.shunt"	"Termness"	"preterm"	"Termnesspreterm"	0.424221303497498	0	0.651937697873661	0.515234772214163	0.755339923629972	0.34575596689823	0.535631799347867	NA	"prevalence"	46	18
"PWY.1861..formaldehyde.assimilation.II..assimilatory.RuMP.Cycle."	"Termness"	"preterm"	"Termnesspreterm"	-1.1737289277648	0	1.78197754370204	0.510109943780019	0.755339923629972	0.0357192808693204	0.173637719178165	NA	"prevalence"	46	45
"PWY.5345..superpathway.of.L.methionine.biosynthesis..by.sulfhydrylation."	"Termness"	"preterm"	"Termnesspreterm"	-1.09947929219168	0	1.70326957527937	0.518596074919064	0.755339923629972	0.31159866742167	0.507118315935554	NA	"prevalence"	46	45
"PWY.5497..purine.nucleobases.degradation.II..anaerobic."	"Termness"	"preterm"	"Termnesspreterm"	0.405341645875434	0	0.615394813274158	0.510108177222662	0.755339923629972	0.760006001975898	0.873108425079404	NA	"prevalence"	46	29
"PWY.5676..acetyl.CoA.fermentation.to.butanoate.II"	"Termness"	"preterm"	"Termnesspreterm"	-0.421351681125761	0	0.650129700905732	0.516917665704171	0.755339923629972	0.046423781077894	0.201821279843897	NA	"prevalence"	46	25
"PWY.6292..superpathway.of.L.cysteine.biosynthesis..mammalian."	"Termness"	"preterm"	"Termnesspreterm"	-1.08374304086239	0	1.68664272299396	0.520519691772941	0.755339923629972	0.770098634022485	0.882248920530614	NA	"prevalence"	46	45
"PWY.6606..guanosine.nucleotides.degradation.II"	"Termness"	"preterm"	"Termnesspreterm"	-1.08374304086239	0	1.68664272299396	0.520519691772941	0.755339923629972	0.686601308311096	0.84200005723685	NA	"prevalence"	46	45
"PWY.6608..guanosine.nucleotides.degradation.III"	"Termness"	"preterm"	"Termnesspreterm"	-1.08374304086239	0	1.68664272299396	0.520519691772941	0.755339923629972	0.0582914441577043	0.228193046797458	NA	"prevalence"	46	45
"PWY.7883..anhydromuropeptides.recycling.II"	"Termness"	"preterm"	"Termnesspreterm"	-1.08374304086239	0	1.68664272299396	0.520519691772941	0.755339923629972	0.320927972235891	0.512739855061597	NA	"prevalence"	46	45
"PWY.8011..L.serine.biosynthesis.II"	"Read_depth"	"Read_depth"	"Read_depth"	-0.270139246712887	0	0.408061024612146	0.507966748118145	0.755339923629972	0.749656125057188	0.871923840928936	NA	"prevalence"	46	28
"THISYNARA.PWY..superpathway.of.thiamine.diphosphate.biosynthesis.III..eukaryotes."	"Termness"	"preterm"	"Termnesspreterm"	-1.09947929219168	0	1.70326957527937	0.518596074919064	0.755339923629972	0.413836233035521	0.597602672180665	NA	"prevalence"	46	45
"UDPNACETYLGALSYN.PWY..UDP.N.acetyl.D.glucosamine.biosynthesis.II"	"Read_depth"	"Read_depth"	"Read_depth"	0.267273224022671	0	0.416404244596451	0.520964094792407	0.755339923629972	0.520964094792407	0.7136257749561	NA	"prevalence"	46	7
"PWY0.1533..methylphosphonate.degradation.I"	"Termness"	"preterm"	"Termnesspreterm"	1.03089969080797	0.188618384031044	1.28573555814466	0.521956259351517	0.755936651474611	0.771474182026806	0.882600657000196	NA	"abundance"	46	19
"P105.PWY..TCA.cycle.IV..2.oxoglutarate.decarboxylase."	"Read_depth"	"Read_depth"	"Read_depth"	0.330973517230151	0.0523521959423448	0.434877879476014	0.526367621296347	0.760606342494358	0.26383524082133	0.472728652751451	NA	"abundance"	46	42
"PWY.3801..sucrose.degradation.II..sucrose.synthase."	"Termness"	"preterm"	"Termnesspreterm"	-0.441080997773718	0.188618384031044	0.979479771538026	0.526933118993787	0.760606342494358	0.776207726095054	0.88661387513812	NA	"abundance"	46	28
"PYRIDNUCSAL.PWY..NAD.salvage.pathway.I..PNC.VI.cycle."	"Termness"	"preterm"	"Termnesspreterm"	0.477164868791743	0.188618384031044	0.44669100222378	0.526021148389268	0.760606342494358	0.523153642423759	0.71425604734219	NA	"abundance"	46	44
"PWY.8004..Entner.Doudoroff.pathway.I"	"Termness"	"preterm"	"Termnesspreterm"	0.00362363330330842	0.188618384031044	0.281464193362207	0.529785562208881	0.763031860615003	0.742609814322127	0.871300719644995	NA	"abundance"	46	45
"CENTFERM.PWY..pyruvate.fermentation.to.butanoate"	"Read_depth"	"Read_depth"	"Read_depth"	0.224327099421424	0	0.360102586725186	0.533315202251209	0.766419860188823	0.78220529955017	0.889584994076711	NA	"prevalence"	46	15
"PWY.6590..superpathway.of.Clostridium.acetobutylicum.acidogenic.fermentation"	"Read_depth"	"Read_depth"	"Read_depth"	0.224327099421424	0	0.360102586725186	0.533315202251209	0.766419860188823	0.78220529955017	0.889584994076711	NA	"prevalence"	46	15
"KDO.NAGLIPASYN.PWY..superpathway.of..Kdo.2.lipid.A.biosynthesis"	"Read_depth"	"Read_depth"	"Read_depth"	0.191024469149255	0	0.308365070135475	0.535603449334586	0.768375265344495	0.784335843730065	0.889584994076711	NA	"prevalence"	46	28
"PWY.3801..sucrose.degradation.II..sucrose.synthase."	"Read_depth"	"Read_depth"	"Read_depth"	0.190652131597444	0	0.30830971007498	0.536325790870024	0.768375265344495	0.785006227787691	0.889584994076711	NA	"prevalence"	46	28
"PWY.7013...S..propane.1.2.diol.degradation"	"Termness"	"preterm"	"Termnesspreterm"	0.665109788627123	0	1.07588868473955	0.536446325805028	0.768375265344495	0.785117991140342	0.889584994076711	NA	"prevalence"	46	43
"P621.PWY..nylon.6.oligomer.degradation"	"Read_depth"	"Read_depth"	"Read_depth"	-0.479926058574761	0.0523521959423448	0.854520343510716	0.540117490840448	0.769401502269435	0.353141215561997	0.540175266767054	NA	"abundance"	46	24
"PWY.2221..Entner.Doudoroff.pathway.III..semi.phosphorylative."	"Read_depth"	"Read_depth"	"Read_depth"	1.51910250371244	0.0523521959423448	2.19063198758775	0.539759430883535	0.769401502269435	0.788178618539352	0.889989543416932	NA	"abundance"	46	7
"PWY.7391..isoprene.biosynthesis.II..engineered."	"Termness"	"preterm"	"Termnesspreterm"	-0.273123009219864	0.188618384031044	0.740709277769472	0.539384802341024	0.769401502269435	0.665548568232866	0.829175139306707	NA	"abundance"	46	31
"AEROBACTINSYN.PWY..aerobactin.biosynthesis"	"Read_depth"	"Read_depth"	"Read_depth"	-0.234177866111018	0	0.382171363760948	0.540037567284622	0.769401502269435	0.788434560490551	0.889989543416932	NA	"prevalence"	46	5
"PWY.821..superpathway.of.sulfur.amino.acid.biosynthesis..Saccharomyces.cerevisiae."	"Termness"	"preterm"	"Termnesspreterm"	0.663102024823146	0	1.08081050286714	0.539530626882932	0.769401502269435	0.600531779293637	0.778711537985156	NA	"prevalence"	46	43
"PWY.4984..urea.cycle"	"Read_depth"	"Read_depth"	"Read_depth"	0.210296281421765	0	0.34545091414759	0.542684330877295	0.772213113445069	0.790862378774853	0.889989543416932	NA	"prevalence"	46	36
"PWY.5392..reductive.TCA.cycle.II"	"Termness"	"preterm"	"Termnesspreterm"	0.384845933040046	0	0.634143394114707	0.543933702027726	0.773145938908405	0.474385307630511	0.664139430682715	NA	"prevalence"	46	20
"PWY.7873..D.erythronate.degradation.II"	"Termness"	"preterm"	"Termnesspreterm"	-0.39749015676649	0.188618384031044	0.940794226818769	0.546485431080965	0.775925879244729	0.794324535778182	0.8926694783031	NA	"abundance"	46	14
"PWY.5497..purine.nucleobases.degradation.II..anaerobic."	"Termness"	"preterm"	"Termnesspreterm"	-0.560894873263568	0.188618384031044	1.2343716963418	0.549275274136123	0.77649989894162	0.760006001975898	0.873108425079404	NA	"abundance"	46	29
"THREOCAT.PWY..superpathway.of.L.threonine.metabolism"	"Termness"	"preterm"	"Termnesspreterm"	0.689909590589938	0.188618384031044	0.824029655470063	0.54879888482759	0.77649989894162	0.231670935438942	0.441850153071777	NA	"abundance"	46	31
"GALACT.GLUCUROCAT.PWY..superpathway.of.hexuronide.and.hexuronate.degradation"	"Termness"	"preterm"	"Termnesspreterm"	0.355155124154673	0	0.591781670166272	0.548409251304783	0.77649989894162	0.796065795692894	0.893410797883601	NA	"prevalence"	46	25
"PWY.6731..starch.degradation.III"	"Termness"	"preterm"	"Termnesspreterm"	0.487454601049034	0	0.812887287016743	0.548733990746788	0.77649989894162	0.447489768741901	0.635097163197269	NA	"prevalence"	46	39
"PWY.6595..superpathway.of.guanosine.nucleotides.degradation..plants."	"Read_depth"	"Read_depth"	"Read_depth"	-0.318021187025521	0.0523521959423448	0.613636849153034	0.55178856536578	0.779206846102218	0.613187839534818	0.784894262895129	NA	"abundance"	46	29
"GLUCOSE1PMETAB.PWY..glucose.and.glucose.1.phosphate.degradation"	"Termness"	"preterm"	"Termnesspreterm"	0.36142681413043	0.188618384031044	0.280958835547581	0.552397791169457	0.779222019612821	0.552397791169457	0.734170426507483	NA	"abundance"	46	46
"P441.PWY..superpathway.of.N.acetylneuraminate.degradation"	"Read_depth"	"Read_depth"	"Read_depth"	0.146739357966244	0.0523521959423448	0.154939045892992	0.556525142500775	0.784069870139744	0.556525142500775	0.737864795675185	NA	"abundance"	46	46
"PWY.561..superpathway.of.glyoxylate.cycle.and.fatty.acid.degradation"	"Termness"	"preterm"	"Termnesspreterm"	0.470545713096665	0.188618384031044	0.471168784360265	0.557038886235993	0.784069870139744	0.29132811797103	0.491201228665904	NA	"abundance"	46	43
"PWY.7204..pyridoxal.5..phosphate.salvage.II..plants."	"Read_depth"	"Read_depth"	"Read_depth"	-0.356131180400982	0.0523521959423448	0.689330904489711	0.558200942663432	0.784857048971694	0.80481359293652	0.899302015676315	NA	"abundance"	46	32
"PWY0.41..allantoin.degradation.IV..anaerobic."	"Read_depth"	"Read_depth"	"Read_depth"	-0.567298822780685	0.0523521959423448	1.03705948597677	0.559158495087252	0.785355297307014	0.805658767546264	0.899302015676315	NA	"abundance"	46	18
"PWY.6293..superpathway.of.L.cysteine.biosynthesis..fungi."	"Termness"	"preterm"	"Termnesspreterm"	0.514673030429762	0	0.888039316481901	0.56221064164434	0.788791223513934	0.693619246619336	0.845028757680783	NA	"prevalence"	46	41
"PWY.5028..L.histidine.degradation.II"	"Read_depth"	"Read_depth"	"Read_depth"	0.186421045146799	0	0.323625642573012	0.564588708980157	0.791275025933438	0.621181051876338	0.788165205606536	NA	"prevalence"	46	23
"PWY66.399..gluconeogenesis.III"	"Read_depth"	"Read_depth"	"Read_depth"	-0.294757867731362	0.0523521959423448	0.587119946833152	0.565675768368885	0.791946075716438	0.646804769935538	0.810714324683998	NA	"abundance"	46	15
"GALACTITOLCAT.PWY..galactitol.degradation"	"Read_depth"	"Read_depth"	"Read_depth"	0.173962220900429	0	0.306009103962137	0.56970427855281	0.793320824252148	0.550640803140812	0.734170426507483	NA	"prevalence"	46	22
"HEXITOLDEGSUPER.PWY..superpathway.of.hexitol.degradation..bacteria."	"Read_depth"	"Read_depth"	"Read_depth"	0.173962220900429	0	0.306009103962137	0.56970427855281	0.793320824252148	0.621156371989082	0.788165205606536	NA	"prevalence"	46	22
"PWY.1501..mandelate.degradation.I"	"Read_depth"	"Read_depth"	"Read_depth"	0.44927243032739	0	0.787343784395419	0.568258704908871	0.793320824252148	0.737701052466495	0.871300719644995	NA	"prevalence"	46	6
"PWY.5692..allantoin.degradation.to.glyoxylate.II"	"Read_depth"	"Read_depth"	"Read_depth"	0.225273667649552	0	0.395021815896356	0.568486728145518	0.793320824252148	0.81379629621344	0.902276161976243	NA	"prevalence"	46	14
"URDEGR.PWY..superpathway.of.allantoin.degradation.in.plants"	"Read_depth"	"Read_depth"	"Read_depth"	0.225273667649552	0	0.395021815896356	0.568486728145518	0.793320824252148	0.81379629621344	0.902276161976243	NA	"prevalence"	46	14
"GLYCOGENSYNTH.PWY..glycogen.biosynthesis.I..from.ADP.D.Glucose."	"Termness"	"preterm"	"Termnesspreterm"	0.0720675424373024	0.188618384031044	0.191669985991596	0.571942131034111	0.793889823674214	0.571942131034111	0.754671246380472	NA	"abundance"	46	46
"PWY.724..superpathway.of.L.lysine..L.threonine.and.L.methionine.biosynthesis.II"	"Termness"	"preterm"	"Termnesspreterm"	0.103528780744145	0.188618384031044	0.129973922495019	0.570895490531992	0.793889823674214	0.570895490531992	0.75449548028708	NA	"abundance"	46	46
"PWY.6588..pyruvate.fermentation.to.acetone"	"Read_depth"	"Read_depth"	"Read_depth"	0.18764598996342	0	0.331979750756285	0.57191513075969	0.793889823674214	0.258322318732153	0.472728652751451	NA	"prevalence"	46	37
"PWY.801..homocysteine.and.cysteine.interconversion"	"Termness"	"preterm"	"Termnesspreterm"	0.614438230313621	0	1.09017131968295	0.573015350724772	0.794532467139141	0.750344332168602	0.871923840928936	NA	"prevalence"	46	43
"PWY.6630..superpathway.of.L.tyrosine.biosynthesis"	"Read_depth"	"Read_depth"	"Read_depth"	-0.018162868648754	0.0523521959423448	0.119275957348813	0.57550786527648	0.796292497970219	0.57550786527648	0.755754366801864	NA	"abundance"	46	46
"PWY.6749..CMP.legionaminate.biosynthesis.I"	"Read_depth"	"Read_depth"	"Read_depth"	-0.182591963371322	0	0.325681998571347	0.575039611480881	0.796292497970219	0.353886271285167	0.540314343958499	NA	"prevalence"	46	7
"CARNMET.PWY..L.carnitine.degradation.I"	"Read_depth"	"Read_depth"	"Read_depth"	-0.220685119001419	0.0523521959423448	0.48272857428495	0.578041413305622	0.796314940519667	0.821950951114883	0.90695349102518	NA	"abundance"	46	25
"PWY.7118..chitin.deacetylation"	"Read_depth"	"Read_depth"	"Read_depth"	0.173058854306744	0.0523521959423448	0.212235130831071	0.578286928756937	0.796314940519667	0.233228410095999	0.441850153071777	NA	"abundance"	46	43
"PWY.5692..allantoin.degradation.to.glyoxylate.II"	"Termness"	"preterm"	"Termnesspreterm"	0.36677088016596	0	0.660304750587188	0.578582130362216	0.796314940519667	0.822406979149951	0.90695349102518	NA	"prevalence"	46	14
"PWY.6396..superpathway.of.2.3.butanediol.biosynthesis"	"Termness"	"preterm"	"Termnesspreterm"	0.398153048304098	0	0.714307196822868	0.57725587074643	0.796314940519667	0.821287401181641	0.90695349102518	NA	"prevalence"	46	10
"URDEGR.PWY..superpathway.of.allantoin.degradation.in.plants"	"Termness"	"preterm"	"Termnesspreterm"	0.36677088016596	0	0.660304750587188	0.578582130362216	0.796314940519667	0.822406979149951	0.90695349102518	NA	"prevalence"	46	14
"CALVIN.PWY..Calvin.Benson.Bassham.cycle"	"Read_depth"	"Read_depth"	"Read_depth"	0.0844766705781453	0.0523521959423448	0.0430899293917332	0.582541131863735	0.799229245191342	0.582541131863735	0.762565728873923	NA	"abundance"	46	46
"PWY.622..starch.biosynthesis"	"Read_depth"	"Read_depth"	"Read_depth"	-0.214771218516308	0.0523521959423448	0.479851255980625	0.582314121354027	0.799229245191342	0.643671158280481	0.809242582556587	NA	"abundance"	46	34
"PWY.6628..superpathway.of.L.phenylalanine.biosynthesis"	"Read_depth"	"Read_depth"	"Read_depth"	0.109938800378397	0.0523521959423448	0.0964089300186173	0.581816049514197	0.799229245191342	0.581816049514197	0.762565728873923	NA	"abundance"	46	46
"PWY.7328..superpathway.of.UDP.glucose.derived.O.antigen.building.blocks.biosynthesis"	"Termness"	"preterm"	"Termnesspreterm"	0.963848265250822	0	1.76266633947653	0.584507446297637	0.801082836925814	0.346951922740107	0.535667828380054	NA	"prevalence"	46	45
"THISYN.PWY..superpathway.of.thiamine.diphosphate.biosynthesis.I"	"Read_depth"	"Read_depth"	"Read_depth"	-0.0552312886976565	0.0523521959423448	0.193458995683579	0.586817382743233	0.803402978266761	0.829280124796848	0.910884817928453	NA	"abundance"	46	45
"PWY.7209..superpathway.of.pyrimidine.ribonucleosides.degradation"	"Read_depth"	"Read_depth"	"Read_depth"	-0.24108551002209	0.0523521959423448	0.537841229872511	0.589393342096175	0.805363940704334	0.213964110064967	0.441850153071777	NA	"abundance"	46	37
"PWY.5705..allantoin.degradation.to.glyoxylate.III"	"Read_depth"	"Read_depth"	"Read_depth"	0.165723225506359	0	0.30713383001663	0.589486816813541	0.805363940704334	0.687219411705708	0.84200005723685	NA	"prevalence"	46	24
"P562.PWY..myo.inositol.degradation.I"	"Termness"	"preterm"	"Termnesspreterm"	0.791628296766422	0.188618384031044	1.10473412280551	0.591014210162656	0.80660429940438	0.703732646581259	0.853572931095624	NA	"abundance"	46	25
"PWY66.367..ketogenesis"	"Read_depth"	"Read_depth"	"Read_depth"	0.623757042250144	0.0523521959423448	0.908078436750725	0.59344528811738	0.80907409961134	0.83471326624604	0.914420633845132	NA	"abundance"	46	5
"GLYCOL.GLYOXDEG.PWY..superpathway.of.glycol.metabolism.and.degradation"	"Termness"	"preterm"	"Termnesspreterm"	-0.20321641564066	0.188618384031044	0.735544504621115	0.59864089833412	0.809377413947066	0.543479308364468	0.726397910532444	NA	"abundance"	46	40
"PWY.5103..L.isoleucine.biosynthesis.III"	"Termness"	"preterm"	"Termnesspreterm"	0.0847173231446197	0.188618384031044	0.181853827648167	0.59711479868197	0.809377413947066	0.59711479868197	0.777690027337677	NA	"abundance"	46	46
"PWY.6396..superpathway.of.2.3.butanediol.biosynthesis"	"Termness"	"preterm"	"Termnesspreterm"	-0.862105901015025	0.188618384031044	1.90263998623908	0.597924525867344	0.809377413947066	0.821287401181641	0.90695349102518	NA	"abundance"	46	10
"PWY.7234..inosine.5..phosphate.biosynthesis.III"	"Read_depth"	"Read_depth"	"Read_depth"	0.00955840381620062	0.0523521959423448	0.0710173915063372	0.597860977432718	0.809377413947066	0.597860977432718	0.777690027337677	NA	"abundance"	46	46
"LIPASYN.PWY..phospholipases"	"Termness"	"preterm"	"Termnesspreterm"	-0.372480047472547	0	0.707017717612204	0.598309778217518	0.809377413947066	0.0727936128289102	0.260292312539739	NA	"prevalence"	46	36
"PWY.2221..Entner.Doudoroff.pathway.III..semi.phosphorylative."	"Read_depth"	"Read_depth"	"Read_depth"	0.289927268931372	0	0.547091198782294	0.596151302244597	0.809377413947066	0.788178618539352	0.889989543416932	NA	"prevalence"	46	7
"PWY.6922..L.N.delta..acetylornithine.biosynthesis"	"Read_depth"	"Read_depth"	"Read_depth"	0.174445637156203	0	0.330582923009686	0.597713812623375	0.809377413947066	0.838165823445979	0.916986715452157	NA	"prevalence"	46	35
"PWY.7204..pyridoxal.5..phosphate.salvage.II..plants."	"Read_depth"	"Read_depth"	"Read_depth"	0.167426475702285	0	0.316821330692593	0.597182128120668	0.809377413947066	0.80481359293652	0.899302015676315	NA	"prevalence"	46	32
"LIPASYN.PWY..phospholipases"	"Read_depth"	"Read_depth"	"Read_depth"	-0.0416690630072243	0.0523521959423448	0.174060700768411	0.599804769800142	0.810109761701022	0.839843777725283	0.917607090477623	NA	"abundance"	46	36
"PWY0.1337..oleate..beta..oxidation"	"Termness"	"preterm"	"Termnesspreterm"	0.384918947387137	0.188618384031044	0.366878115079617	0.60164531217304	0.810913246841924	0.529151523040601	0.717976199759615	NA	"abundance"	46	42
"PWY.5505..L.glutamate.and.L.glutamine.biosynthesis"	"Termness"	"preterm"	"Termnesspreterm"	0.336855448870885	0	0.644189983550473	0.601034654924248	0.810913246841924	0.0619665747603841	0.240302304000363	NA	"prevalence"	46	33
"PWY.6936..seleno.amino.acid.biosynthesis..plants."	"Termness"	"preterm"	"Termnesspreterm"	0.104979756255959	0.188618384031044	0.142126553855616	0.602942775380925	0.811821606562528	0.602942775380925	0.780479251034811	NA	"abundance"	46	46
"PWY.5189..tetrapyrrole.biosynthesis.II..from.glycine."	"Termness"	"preterm"	"Termnesspreterm"	0.480630733085287	0.188618384031044	0.555241529896658	0.60378479589739	0.812115500266944	0.60378479589739	0.780479251034811	NA	"abundance"	46	46
"PWY.5130..2.oxobutanoate.degradation.I"	"Termness"	"preterm"	"Termnesspreterm"	-0.300215182700677	0.188618384031044	0.936358097681375	0.606712765447602	0.814501824807325	0.00558298340058338	0.0623181660659713	NA	"abundance"	46	28
"PWY.7210..pyrimidine.deoxyribonucleotides.biosynthesis.from.CTP"	"Read_depth"	"Read_depth"	"Read_depth"	-0.251228636405733	0.0523521959423448	0.585362030479842	0.607742702341608	0.814501824807325	0.279666638088151	0.489416616654264	NA	"abundance"	46	39
"RHAMCAT.PWY..L.rhamnose.degradation.I"	"Read_depth"	"Read_depth"	"Read_depth"	-0.0463102170093544	0.0523521959423448	0.187868783821963	0.608061270132657	0.814501824807325	0.608061270132657	0.783554772433034	NA	"abundance"	46	46
"PWY66.367..ketogenesis"	"Read_depth"	"Read_depth"	"Read_depth"	0.292006975083722	0	0.567852314820217	0.607090851817019	0.814501824807325	0.83471326624604	0.914420633845132	NA	"prevalence"	46	5
"ILEUSYN.PWY..L.isoleucine.biosynthesis.I..from.threonine."	"Read_depth"	"Read_depth"	"Read_depth"	0.00576592244921033	0.0523521959423448	0.0822597394487859	0.609741235001759	0.815912731728972	0.609741235001759	0.78449573226083	NA	"abundance"	46	46
"URSIN.PWY..ureide.biosynthesis"	"Termness"	"preterm"	"Termnesspreterm"	-0.62301639390741	0.188618384031044	1.53871786700948	0.610698205569815	0.816354274796611	0.221350219620304	0.441850153071777	NA	"abundance"	46	12
"PWY.181..photorespiration"	"Read_depth"	"Read_depth"	"Read_depth"	0.199049239686	0	0.391717458123861	0.611351709102474	0.816389666924535	0.848952505982432	0.924402732133247	NA	"prevalence"	46	11
"PWY.8178..pentose.phosphate.pathway..non.oxidative.branch..II"	"Termness"	"preterm"	"Termnesspreterm"	0.123190465033614	0.188618384031044	0.10486135250113	0.613011227600401	0.817767026983322	0.613011227600401	0.784894262895129	NA	"abundance"	46	46
"PWY.4361..S.methyl.5.thio..alpha..D.ribose.1.phosphate.degradation.I"	"Read_depth"	"Read_depth"	"Read_depth"	-0.229743046029298	0.0523521959423448	0.476435706408526	0.614323563949806	0.818678894844061	0.851253686675621	0.925178348939556	NA	"abundance"	46	5
"P41.PWY..pyruvate.fermentation.to.acetate.and..S..lactate.I"	"Termness"	"preterm"	"Termnesspreterm"	0.0453415519497259	0.188618384031044	0.275536854580443	0.616702635131887	0.821009029592758	0.616702635131887	0.784894262895129	NA	"abundance"	46	46
"PWY.6328..L.lysine.degradation.X"	"Read_depth"	"Read_depth"	"Read_depth"	0.302852441881958	0	0.606527842689214	0.617552853419204	0.821301139072322	0.853734180072207	0.925438888109768	NA	"prevalence"	46	8
"PWY.7391..isoprene.biosynthesis.II..engineered."	"Read_depth"	"Read_depth"	"Read_depth"	-0.185340767540561	0	0.379441651173383	0.625226480578224	0.830658038482498	0.132435077505002	0.35660290264587	NA	"prevalence"	46	31
"PWY.5656..mannosylglycerate.biosynthesis.I"	"Read_depth"	"Read_depth"	"Read_depth"	0.572595374605643	0.0523521959423448	1.05555580708095	0.627399544090707	0.831001227269685	0.861168900256187	0.929837270080536	NA	"abundance"	46	23
"PWY.6895..superpathway.of.thiamine.diphosphate.biosynthesis.II"	"Termness"	"preterm"	"Termnesspreterm"	-0.0182633245687452	0.188618384031044	0.416211476223143	0.626813774308325	0.831001227269685	0.742609814322127	0.871300719644995	NA	"abundance"	46	45
"DHGLUCONATE.PYR.CAT.PWY..glucose.degradation..oxidative."	"Read_depth"	"Read_depth"	"Read_depth"	0.306182340814694	0	0.62900478134625	0.626419435658336	0.831001227269685	0.860437561946163	0.929837270080536	NA	"prevalence"	46	6
"PWY.7013...S..propane.1.2.diol.degradation"	"Read_depth"	"Read_depth"	"Read_depth"	0.193438545164973	0	0.400586359542022	0.629174909640109	0.832505825560388	0.862488752359578	0.93004661807965	NA	"prevalence"	46	43
"THRESYN.PWY..superpathway.of.L.threonine.biosynthesis"	"Termness"	"preterm"	"Termnesspreterm"	0.102433243413626	0.188618384031044	0.162615039784659	0.631362828845941	0.834552693560828	0.631362828845941	0.796191903246942	NA	"abundance"	46	46
"PWY.7013...S..propane.1.2.diol.degradation"	"Termness"	"preterm"	"Termnesspreterm"	-0.32987067918497	0.188618384031044	1.07862540395217	0.633680826459022	0.83591938809488	0.785117991140342	0.889584994076711	NA	"abundance"	46	43
"PWY0.881..superpathway.of.fatty.acid.biosynthesis.I..E..coli."	"Read_depth"	"Read_depth"	"Read_depth"	0.181762408937967	0	0.380999499120184	0.63331418666564	0.83591938809488	0.308642909173751	0.506837063573595	NA	"prevalence"	46	13
"BRANCHED.CHAIN.AA.SYN.PWY..superpathway.of.branched.chain.amino.acid.biosynthesis"	"Read_depth"	"Read_depth"	"Read_depth"	0.0109620623100361	0.0523521959423448	0.0778540908140229	0.635161786830621	0.837024945803106	0.635161786830621	0.799761640125142	NA	"abundance"	46	46
"PWY.5415..catechol.degradation.I..meta.cleavage.pathway."	"Termness"	"preterm"	"Termnesspreterm"	-0.299949169864776	0.188618384031044	1.06630826734931	0.650405464627758	0.853751735411757	0.107419183602865	0.316886591628452	NA	"abundance"	46	33
"PWY0.1338..polymyxin.resistance"	"Termness"	"preterm"	"Termnesspreterm"	0.394166320647161	0.188618384031044	0.446319493989172	0.651022846837552	0.853751735411757	0.533520540960414	0.717976199759615	NA	"abundance"	46	42
"PWY.6168..flavin.biosynthesis.III..fungi."	"Read_depth"	"Read_depth"	"Read_depth"	0.151837244779365	0	0.335783119734155	0.65113323599376	0.853751735411757	0.67102491513915	0.832232101959366	NA	"prevalence"	46	18
"PWY0.41..allantoin.degradation.IV..anaerobic."	"Read_depth"	"Read_depth"	"Read_depth"	0.151837244779365	0	0.335783119734155	0.65113323599376	0.853751735411757	0.805658767546264	0.899302015676315	NA	"prevalence"	46	18
"PWY.5838..superpathway.of.menaquinol.8.biosynthesis.I"	"Read_depth"	"Read_depth"	"Read_depth"	-0.00925909015055131	0.0523521959423448	0.133495300374848	0.658535828721133	0.856237347798614	0.18900084589217	0.428127445505502	NA	"abundance"	46	44
"PWY3O.4107..NAD.salvage.pathway.V..PNC.V.cycle."	"Termness"	"preterm"	"Termnesspreterm"	0.425072096598773	0.188618384031044	0.527707775962189	0.658947636324279	0.856237347798614	0.523153642423759	0.71425604734219	NA	"abundance"	46	44
"PWY.6168..flavin.biosynthesis.III..fungi."	"Termness"	"preterm"	"Termnesspreterm"	0.270221330637097	0	0.610512530304261	0.658045030660104	0.856237347798614	0.376591071017969	0.55980179071393	NA	"prevalence"	46	18
"PWY.7807..glyphosate.degradation.III"	"Read_depth"	"Read_depth"	"Read_depth"	0.143071772799804	0	0.322799199641203	0.657605019805591	0.856237347798614	0.745801075132941	0.871923840928936	NA	"prevalence"	46	19
"PWY.7874..L.threonate.degradation"	"Termness"	"preterm"	"Termnesspreterm"	0.278748543834143	0	0.622593243339698	0.654354014060276	0.856237347798614	0.623933789796185	0.789233247123505	NA	"prevalence"	46	16
"PWY.822..fructan.biosynthesis"	"Read_depth"	"Read_depth"	"Read_depth"	-0.168626125332998	0	0.378207038885341	0.655700793947733	0.856237347798614	0.371165540581972	0.55675898875888	NA	"prevalence"	46	22
"PWY0.1533..methylphosphonate.degradation.I"	"Read_depth"	"Read_depth"	"Read_depth"	0.143071772799804	0	0.322799199641203	0.657605019805591	0.856237347798614	0.738505680252514	0.871300719644995	NA	"prevalence"	46	19
"PWY0.41..allantoin.degradation.IV..anaerobic."	"Termness"	"preterm"	"Termnesspreterm"	0.270221330637097	0	0.610512530304261	0.658045030660104	0.856237347798614	0.883066798943751	0.943613422933426	NA	"prevalence"	46	18
"FOLSYN.PWY..superpathway.of.tetrahydrofolate.biosynthesis.and.salvage"	"Termness"	"preterm"	"Termnesspreterm"	-0.476377231541208	0	1.09114718011603	0.662413180599229	0.859025857709358	0.229200240788659	0.441850153071777	NA	"prevalence"	46	43
"PWY.6612..superpathway.of.tetrahydrofolate.biosynthesis"	"Termness"	"preterm"	"Termnesspreterm"	-0.476377231541208	0	1.09114718011603	0.662413180599229	0.859025857709358	0.30291617919373	0.504391462871371	NA	"prevalence"	46	43
"PANTOSYN.PWY..superpathway.of.coenzyme.A.biosynthesis.I..bacteria."	"Read_depth"	"Read_depth"	"Read_depth"	0.0893083315531994	0.0523521959423448	0.0758611839237214	0.664737471676883	0.8594718849288	0.664737471676883	0.829175139306707	NA	"abundance"	46	46
"PWY.6992..1.5.anhydrofructose.degradation"	"Read_depth"	"Read_depth"	"Read_depth"	0.57936395445818	0.0523521959423448	1.18524566217746	0.664421790879116	0.8594718849288	0.651551258279497	0.815426271725552	NA	"abundance"	46	15
"PWY.7237..myo...chiro..and.scyllo.inositol.degradation"	"Termness"	"preterm"	"Termnesspreterm"	0.348000323478897	0	0.802454786438146	0.664528315351083	0.8594718849288	0.887458748798818	0.945859260010095	NA	"prevalence"	46	39
"PWY.7383..anaerobic.energy.metabolism..invertebrates..cytosol."	"Read_depth"	"Read_depth"	"Read_depth"	-0.214715429480856	0.0523521959423448	0.60299268127626	0.665840421857186	0.860043878232198	0.646804769935538	0.810714324683998	NA	"abundance"	46	15
"PWY.7013...S..propane.1.2.diol.degradation"	"Read_depth"	"Read_depth"	"Read_depth"	0.282132018558582	0.0523521959423448	0.531104296756259	0.66791510904934	0.861868654095383	0.862488752359578	0.93004661807965	NA	"abundance"	46	43
"PWY.6147..6.hydroxymethyl.dihydropterin.diphosphate.biosynthesis.I"	"Read_depth"	"Read_depth"	"Read_depth"	0.12708188383599	0.0523521959423448	0.170070800093553	0.669563228773229	0.863139924616578	0.669563228773229	0.831668010476221	NA	"abundance"	46	46
"AEROBACTINSYN.PWY..aerobactin.biosynthesis"	"Termness"	"preterm"	"Termnesspreterm"	-6.76693780498375	0.188618384031044	14.119871395912	0.671015907540189	0.864156984784694	0.891769466908394	0.948661612260659	NA	"abundance"	46	5
"PWY.7400..L.arginine.biosynthesis.IV..archaebacteria."	"Termness"	"preterm"	"Termnesspreterm"	0.12780954797938	0.188618384031044	0.123549100375671	0.673150185953325	0.866048954655365	0.673150185953325	0.832368343708753	NA	"abundance"	46	46
"GLUTORN.PWY..L.ornithine.biosynthesis.I"	"Termness"	"preterm"	"Termnesspreterm"	0.123981733571855	0.188618384031044	0.135943109569257	0.676875798723166	0.868944149727094	0.676875798723166	0.835126310486391	NA	"abundance"	46	46
"PWY.702..L.methionine.biosynthesis.II"	"Termness"	"preterm"	"Termnesspreterm"	0.122772236449889	0.188618384031044	0.139433436556248	0.677402697367896	0.868944149727094	0.677402697367896	0.835126310486391	NA	"abundance"	46	46
"TCA.GLYOX.BYPASS..superpathway.of.glyoxylate.bypass.and.TCA"	"Termness"	"preterm"	"Termnesspreterm"	0.392353707390174	0.188618384031044	0.479916623189011	0.676168278207533	0.868944149727094	0.29132811797103	0.491201228665904	NA	"abundance"	46	43
"PWY.8131..5..deoxyadenosine.degradation.II"	"Read_depth"	"Read_depth"	"Read_depth"	0.284960061187443	0.0523521959423448	0.559680468431487	0.680139061894029	0.871148193976663	0.24416632253329	0.4563017592201	NA	"abundance"	46	42
"PWY.2221..Entner.Doudoroff.pathway.III..semi.phosphorylative."	"Termness"	"preterm"	"Termnesspreterm"	0.349399615761262	0	0.848393457627418	0.680459073175319	0.871148193976663	0.766382410365078	0.879210931891048	NA	"prevalence"	46	7
"PWY.7328..superpathway.of.UDP.glucose.derived.O.antigen.building.blocks.biosynthesis"	"Read_depth"	"Read_depth"	"Read_depth"	-0.390506038907009	0	0.95241220335113	0.68179282654893	0.871998290929968	0.898744194764281	0.952968812420149	NA	"prevalence"	46	45
"METHGLYUT.PWY..superpathway.of.methylglyoxal.degradation"	"Termness"	"preterm"	"Termnesspreterm"	0.383862159652639	0.188618384031044	0.477839546085008	0.687416967356891	0.873867216065283	0.742609814322127	0.871300719644995	NA	"abundance"	46	45
"PWY.4041...gamma..glutamyl.cycle"	"Termness"	"preterm"	"Termnesspreterm"	0.110131216399079	0.188618384031044	0.17833324234413	0.685243404537717	0.873867216065283	0.685243404537717	0.84200005723685	NA	"abundance"	46	46
"PWY.7237..myo...chiro..and.scyllo.inositol.degradation"	"Termness"	"preterm"	"Termnesspreterm"	0.0303335825140775	0.188618384031044	0.390196682073201	0.691773554988552	0.873867216065283	0.887458748798818	0.945859260010095	NA	"abundance"	46	39
"PWY.7560..methylerythritol.phosphate.pathway.II"	"Termness"	"preterm"	"Termnesspreterm"	0.254582833138054	0.188618384031044	0.147618544295759	0.690161955432064	0.873867216065283	0.690161955432064	0.84205875212243	NA	"abundance"	46	46
"PWY4FS.7..phosphatidylglycerol.biosynthesis.I..plastidic."	"Read_depth"	"Read_depth"	"Read_depth"	0.0884094295676773	0.0523521959423448	0.0807456976391903	0.687673815901007	0.873867216065283	0.687673815901007	0.84200005723685	NA	"abundance"	46	46
"PWY4FS.8..phosphatidylglycerol.biosynthesis.II..non.plastidic."	"Read_depth"	"Read_depth"	"Read_depth"	0.0883568372489499	0.0523521959423448	0.08074453507916	0.688075107306142	0.873867216065283	0.688075107306142	0.84200005723685	NA	"abundance"	46	46
"PWY4LZ.257..superpathway.of.fermentation..Chlamydomonas.reinhardtii."	"Termness"	"preterm"	"Termnesspreterm"	-0.0497811584167164	0.188618384031044	0.595656091900521	0.692595512386591	0.873867216065283	0.742609814322127	0.871300719644995	NA	"abundance"	46	45
"CARNMET.PWY..L.carnitine.degradation.I"	"Read_depth"	"Read_depth"	"Read_depth"	0.120569692685688	0	0.301362788647785	0.68909645023244	0.873867216065283	0.821950951114883	0.90695349102518	NA	"prevalence"	46	25
"DTDPRHAMSYN.PWY..dTDP..beta..L.rhamnose.biosynthesis"	"Read_depth"	"Read_depth"	"Read_depth"	0.27235525671098	0	0.694539798691815	0.694956454529471	0.873867216065283	0.141166371506724	0.363250538518861	NA	"prevalence"	46	45
"HSERMETANA.PWY..L.methionine.biosynthesis.III"	"Read_depth"	"Read_depth"	"Read_depth"	0.27235525671098	0	0.694539798691815	0.694956454529471	0.873867216065283	0.906948435366769	0.960435137965322	NA	"prevalence"	46	45
"LACTOSECAT.PWY..lactose.and.galactose.degradation.I"	"Read_depth"	"Read_depth"	"Read_depth"	0.27235525671098	0	0.694539798691815	0.694956454529471	0.873867216065283	0.0478163974348637	0.203965395509295	NA	"prevalence"	46	45
"OANTIGEN.PWY..O.antigen.building.blocks.biosynthesis..E..coli."	"Read_depth"	"Read_depth"	"Read_depth"	0.27235525671098	0	0.694539798691815	0.694956454529471	0.873867216065283	0.279549069584866	0.489416616654264	NA	"prevalence"	46	45
"PWY.5345..superpathway.of.L.methionine.biosynthesis..by.sulfhydrylation."	"Read_depth"	"Read_depth"	"Read_depth"	0.27235525671098	0	0.694539798691815	0.694956454529471	0.873867216065283	0.533713863304734	0.717976199759615	NA	"prevalence"	46	45
"PWY.5971..palmitate.biosynthesis..type.II.fatty.acid.synthase."	"Termness"	"preterm"	"Termnesspreterm"	-0.396629242740863	0	0.994441212198769	0.690006426099535	0.873867216065283	0.496600694668336	0.689398611421925	NA	"prevalence"	46	41
"PWY.7340..9.cis..11.trans.octadecadienoyl.CoA.degradation..isomerase.dependent..yeast."	"Read_depth"	"Read_depth"	"Read_depth"	0.126369391872616	0	0.32035538408747	0.693236828813249	0.873867216065283	0.211950405791585	0.441850153071777	NA	"prevalence"	46	25
"PWY.7783..plasmalogen.degradation"	"Termness"	"preterm"	"Termnesspreterm"	0.238815117832725	0	0.60980536967842	0.695335204180978	0.873867216065283	0.265975522497491	0.47348228789424	NA	"prevalence"	46	28
"PWY66.391..fatty.acid..beta..oxidation.VI..mammalian.peroxisome."	"Read_depth"	"Read_depth"	"Read_depth"	0.126369391872616	0	0.32035538408747	0.693236828813249	0.873867216065283	0.202412897645261	0.441850153071777	NA	"prevalence"	46	25
"THISYNARA.PWY..superpathway.of.thiamine.diphosphate.biosynthesis.III..eukaryotes."	"Read_depth"	"Read_depth"	"Read_depth"	0.27235525671098	0	0.694539798691815	0.694956454529471	0.873867216065283	0.35236836369612	0.539993076833016	NA	"prevalence"	46	45
"PWY.7761..NAD.salvage.pathway.II..PNC.IV.cycle."	"Read_depth"	"Read_depth"	"Read_depth"	-0.0426008163639589	0.0523521959423448	0.240953059752383	0.697967985441318	0.876330103225261	0.697967985441318	0.849074456516242	NA	"abundance"	46	46
"PWY.7254..TCA.cycle.VII..acetate.producers."	"Read_depth"	"Read_depth"	"Read_depth"	-0.0634529099969496	0.0523521959423448	0.296541296024427	0.701132923686062	0.879455748207373	0.910678470695559	0.963150341606315	NA	"abundance"	46	27
"PWY.7805...aminomethyl.phosphonate.degradation"	"Termness"	"preterm"	"Termnesspreterm"	0.250254703968297	0	0.653800376494924	0.701890835769327	0.879559064650302	0.44349397135286	0.632161444988889	NA	"prevalence"	46	17
"PWY.5861..superpathway.of.demethylmenaquinol.8.biosynthesis.I"	"Read_depth"	"Read_depth"	"Read_depth"	0.102032816313084	0.0523521959423448	0.126405480199763	0.707998940351874	0.886360211863597	0.18900084589217	0.428127445505502	NA	"abundance"	46	44
"PWY.7094..fatty.acid.salvage"	"Termness"	"preterm"	"Termnesspreterm"	0.334557655462174	0.188618384031044	0.383398316686623	0.709570717991346	0.886622912499744	0.529151523040601	0.717976199759615	NA	"abundance"	46	42
"PWY.7392..taxadiene.biosynthesis..engineered."	"Read_depth"	"Read_depth"	"Read_depth"	0.197143320607595	0.0523521959423448	0.384111970477437	0.709141043984639	0.886622912499744	0.61529495688923	0.784894262895129	NA	"abundance"	46	44
"PWY.5103..L.isoleucine.biosynthesis.III"	"Read_depth"	"Read_depth"	"Read_depth"	0.0155906878975413	0.0523521959423448	0.0918447285725564	0.711858367711284	0.887011678714091	0.711858367711284	0.858468017441603	NA	"abundance"	46	46
"PWY.724..superpathway.of.L.lysine..L.threonine.and.L.methionine.biosynthesis.II"	"Read_depth"	"Read_depth"	"Read_depth"	0.0805719439500758	0.0523521959423448	0.0656429385482107	0.711925656110772	0.887011678714091	0.711925656110772	0.858468017441603	NA	"abundance"	46	46
"COLANSYN.PWY..colanic.acid.building.blocks.biosynthesis"	"Termness"	"preterm"	"Termnesspreterm"	-0.28388808460512	0	0.765934225765559	0.710903522867246	0.887011678714091	0.121081193822939	0.343069484682642	NA	"prevalence"	46	34
"PWY.3001..superpathway.of.L.isoleucine.biosynthesis.I"	"Termness"	"preterm"	"Termnesspreterm"	0.12241911347086	0.188618384031044	0.164607481348014	0.714162438859745	0.888947892347407	0.714162438859745	0.859909875361734	NA	"abundance"	46	46
"PWY.7396..butanol.and.isobutanol.biosynthesis..engineered."	"Read_depth"	"Read_depth"	"Read_depth"	-0.0788965909081165	0.0523521959423448	0.353927060334192	0.715177845710136	0.889361561714037	0.729538204656287	0.870653421542405	NA	"abundance"	46	27
"GALACT.GLUCUROCAT.PWY..superpathway.of.hexuronide.and.hexuronate.degradation"	"Termness"	"preterm"	"Termnesspreterm"	0.678482639671093	0.188618384031044	1.32903578429343	0.716013321413511	0.889550901221747	0.796065795692894	0.893410797883601	NA	"abundance"	46	25
"PWY.6285..superpathway.of.fatty.acids.biosynthesis..E..coli."	"Termness"	"preterm"	"Termnesspreterm"	0.353612653949745	0.188618384031044	0.450746727381104	0.718987859014633	0.891950688964511	0.921032176618821	0.971612487723047	NA	"abundance"	46	40
"PWY.6922..L.N.delta..acetylornithine.biosynthesis"	"Read_depth"	"Read_depth"	"Read_depth"	-0.0934403767499896	0.0523521959423448	0.401375070515088	0.719315071745574	0.891950688964511	0.838165823445979	0.916986715452157	NA	"abundance"	46	35
"P108.PWY..pyruvate.fermentation.to.propanoate.I"	"Read_depth"	"Read_depth"	"Read_depth"	0.211093673802271	0.0523521959423448	0.442592847450331	0.722415971940477	0.892396200632354	0.92294710736625	0.971989968807812	NA	"abundance"	46	42
"PWY.4984..urea.cycle"	"Termness"	"preterm"	"Termnesspreterm"	-0.169419264952225	0.188618384031044	0.997502167018258	0.722121306508419	0.892396200632354	0.444343473349532	0.632161444988889	NA	"abundance"	46	36
"PWY.6922..L.N.delta..acetylornithine.biosynthesis"	"Termness"	"preterm"	"Termnesspreterm"	-0.121340384091742	0.188618384031044	0.857846673444904	0.720858495634639	0.892396200632354	0.689416523691513	0.84205875212243	NA	"abundance"	46	35
"PWY.181..photorespiration"	"Termness"	"preterm"	"Termnesspreterm"	-0.247796184021977	0	0.696651132527671	0.722068065913274	0.892396200632354	0.482759201101733	0.673236113534364	NA	"prevalence"	46	11
"PWY.7165..L.ascorbate.biosynthesis.VIII..engineered.pathway."	"Termness"	"preterm"	"Termnesspreterm"	-0.35999342254061	0.188618384031044	1.52901858613643	0.723333882897232	0.892683142684546	0.0826720057447764	0.277825611433912	NA	"abundance"	46	24
"FUC.RHAMCAT.PWY..superpathway.of.fucose.and.rhamnose.degradation"	"Read_depth"	"Read_depth"	"Read_depth"	0.189343335878819	0.0523521959423448	0.391566241837936	0.728853869936654	0.894129954497754	0.227853329928075	0.441850153071777	NA	"abundance"	46	43
"NAD.BIOSYNTHESIS.II..NAD.salvage.pathway.III..to.nicotinamide.riboside."	"Read_depth"	"Read_depth"	"Read_depth"	0.202758638978474	0.0523521959423448	0.425278073389595	0.725888694552204	0.894129954497754	0.165421883759225	0.39377082416461	NA	"abundance"	46	45
"PWY.5920..superpathway.of.heme.b.biosynthesis.from.glycine"	"Termness"	"preterm"	"Termnesspreterm"	0.362116583960797	0.188618384031044	0.495618730852311	0.730000108779656	0.894129954497754	0.742609814322127	0.871300719644995	NA	"abundance"	46	45
"PWY0.1415..superpathway.of.heme.b.biosynthesis.from.uroporphyrinogen.III"	"Termness"	"preterm"	"Termnesspreterm"	-0.0171305224398105	0.188618384031044	0.585497192569545	0.729051273283262	0.894129954497754	0.729051273283262	0.870653421542405	NA	"abundance"	46	46
"CENTFERM.PWY..pyruvate.fermentation.to.butanoate"	"Termness"	"preterm"	"Termnesspreterm"	-0.221934891061847	0	0.638498107480629	0.728148900987686	0.894129954497754	0.926096979965797	0.971989968807812	NA	"prevalence"	46	15
"PWY.6590..superpathway.of.Clostridium.acetobutylicum.acidogenic.fermentation"	"Termness"	"preterm"	"Termnesspreterm"	-0.221934891061847	0	0.638498107480629	0.728148900987686	0.894129954497754	0.926096979965797	0.971989968807812	NA	"prevalence"	46	15
"PWY.6961..L.ascorbate.degradation.II..bacterial..aerobic."	"Termness"	"preterm"	"Termnesspreterm"	0.236947762965143	0	0.675893240201091	0.725911110941173	0.894129954497754	0.924875280894498	0.971989968807812	NA	"prevalence"	46	34
"PWY66.367..ketogenesis"	"Termness"	"preterm"	"Termnesspreterm"	-0.327384021768949	0	0.947003328330972	0.729564238823327	0.894129954497754	0.756863673058168	0.871923840928936	NA	"prevalence"	46	5
"GLUCARDEG.PWY..D.glucarate.degradation.I"	"Termness"	"preterm"	"Termnesspreterm"	0.354391908050203	0.188618384031044	0.47861854653431	0.732996071783387	0.896113507476028	0.29132811797103	0.491201228665904	NA	"abundance"	46	43
"PWY0.42..2.methylcitrate.cycle.I"	"Read_depth"	"Read_depth"	"Read_depth"	-0.280818197853361	0.0523521959423448	0.964924034097177	0.732844722893344	0.896113507476028	0.928628057914066	0.972175888259846	NA	"abundance"	46	27
"PWY.7237..myo...chiro..and.scyllo.inositol.degradation"	"Read_depth"	"Read_depth"	"Read_depth"	0.116663059412089	0.0523521959423448	0.185201107774246	0.735525309625497	0.898362057347464	0.930053138151311	0.97243530647213	NA	"abundance"	46	39
"PWY.6545..pyrimidine.deoxyribonucleotides.de.novo.biosynthesis.III"	"Termness"	"preterm"	"Termnesspreterm"	0.436959669443255	0.188618384031044	0.74067272664789	0.739947630017867	0.901932895554969	0.29132811797103	0.491201228665904	NA	"abundance"	46	43
"KDO.NAGLIPASYN.PWY..superpathway.of..Kdo.2.lipid.A.biosynthesis"	"Termness"	"preterm"	"Termnesspreterm"	0.199069554147079	0	0.602446275313013	0.741071024289992	0.901932895554969	0.140478053648761	0.363250538518861	NA	"prevalence"	46	28
"PWY.3801..sucrose.degradation.II..sucrose.synthase."	"Termness"	"preterm"	"Termnesspreterm"	0.198945059483966	0	0.602428560447581	0.741219814319368	0.901932895554969	0.776207726095054	0.88661387513812	NA	"prevalence"	46	28
"X12DICHLORETHDEG.PWY..1.2.dichloroethane.degradation"	"Termness"	"preterm"	"Termnesspreterm"	0.296359808773654	0	0.896684542488386	0.741017501903252	0.901932895554969	0.932928065679568	0.973862461808728	NA	"prevalence"	46	5
"PWY.8004..Entner.Doudoroff.pathway.I"	"Read_depth"	"Read_depth"	"Read_depth"	0.100430460175999	0.0523521959423448	0.140630199405408	0.742659978825351	0.901999339953925	0.933776113501831	0.973862461808728	NA	"abundance"	46	45
"PWY.241..C4.photosynthetic.carbon.assimilation.cycle..NADP.ME.type"	"Read_depth"	"Read_depth"	"Read_depth"	0.237145597985916	0	0.721718921546122	0.742469820822328	0.901999339953925	0.439244415556662	0.627709147491008	NA	"prevalence"	46	45
"PWY.7094..fatty.acid.salvage"	"Read_depth"	"Read_depth"	"Read_depth"	0.142970573985313	0.0523521959423448	0.275271093751257	0.745533107800794	0.904645019903666	0.244171159292112	0.4563017592201	NA	"abundance"	46	42
"ARGININE.SYN4.PWY..L.ornithine.biosynthesis.II"	"Read_depth"	"Read_depth"	"Read_depth"	-0.0260276199100854	0.0523521959423448	0.246942756106389	0.754403276288649	0.906449976956994	0.754403276288649	0.871923840928936	NA	"abundance"	46	46
"ARGSYN.PWY..L.arginine.biosynthesis.I..via.L.ornithine."	"Read_depth"	"Read_depth"	"Read_depth"	0.0757514885806208	0.0523521959423448	0.0634553306433437	0.753625870623239	0.906449976956994	0.753625870623239	0.871923840928936	NA	"abundance"	46	46
"PWY.5941..glycogen.degradation.II"	"Termness"	"preterm"	"Termnesspreterm"	0.12483463082017	0.188618384031044	0.183732899173649	0.74798720828306	0.906449976956994	0.74798720828306	0.871923840928936	NA	"abundance"	46	46
"PWY.7185..UTP.and.CTP.dephosphorylation.I"	"Read_depth"	"Read_depth"	"Read_depth"	-0.166289918242965	0.0523521959423448	0.686628222157154	0.752042789575176	0.906449976956994	0.279666638088151	0.489416616654264	NA	"abundance"	46	39
"PWY.7228..superpathway.of.guanosine.nucleotides.de.novo.biosynthesis.I"	"Termness"	"preterm"	"Termnesspreterm"	0.118783555585029	0.188618384031044	0.20700940764155	0.751008322763379	0.906449976956994	0.751008322763379	0.871923840928936	NA	"abundance"	46	46
"PWY.7282..4.amino.2.methyl.5.diphosphomethylpyrimidine.biosynthesis.II"	"Termness"	"preterm"	"Termnesspreterm"	0.244682251273153	0.188618384031044	0.16053745125654	0.751693627388526	0.906449976956994	0.751693627388526	0.871923840928936	NA	"abundance"	46	46
"REDCITCYC..TCA.cycle.VI..Helicobacter."	"Termness"	"preterm"	"Termnesspreterm"	0.341374376466254	0.188618384031044	0.470468448298872	0.749223312767116	0.906449976956994	0.9371110531405	0.973934880281775	NA	"abundance"	46	42
"GALACT.GLUCUROCAT.PWY..superpathway.of.hexuronide.and.hexuronate.degradation"	"Read_depth"	"Read_depth"	"Read_depth"	0.096307325864794	0	0.301952882334649	0.749765799346408	0.906449976956994	0.937382844823258	0.973934880281775	NA	"prevalence"	46	25
"HISDEG.PWY..L.histidine.degradation.I"	"Read_depth"	"Read_depth"	"Read_depth"	0.120064557197412	0	0.383201451759903	0.754037797958539	0.906449976956994	0.504247000129627	0.697668378738814	NA	"prevalence"	46	43
"PWY.5030..L.histidine.degradation.III"	"Termness"	"preterm"	"Termnesspreterm"	-0.20114143051841	0	0.643701967510562	0.754678782658511	0.906449976956994	0.0789667988034753	0.271777399215294	NA	"prevalence"	46	15
"PWY.7874..L.threonate.degradation"	"Read_depth"	"Read_depth"	"Read_depth"	0.107687946590482	0	0.337873917212285	0.749937115081543	0.906449976956994	0.509288483896014	0.703465364043658	NA	"prevalence"	46	16
"P108.PWY..pyruvate.fermentation.to.propanoate.I"	"Read_depth"	"Read_depth"	"Read_depth"	0.117726264546078	0	0.37981214854194	0.756591993366637	0.907910392039965	0.92294710736625	0.971989968807812	NA	"prevalence"	46	42
"PWY0.1338..polymyxin.resistance"	"Read_depth"	"Read_depth"	"Read_depth"	-0.0485406718000541	0.0523521959423448	0.323231481465724	0.757498645356579	0.908161359350152	0.217015291889327	0.441850153071777	NA	"abundance"	46	42
"FAO.PWY..fatty.acid..beta..oxidation.I..generic."	"Read_depth"	"Read_depth"	"Read_depth"	-0.00231143540105073	0.0523521959423448	0.171698793378852	0.758439498552471	0.908452830832859	0.233228410095999	0.441850153071777	NA	"abundance"	46	43
"PWY.7385..1.3.propanediol.biosynthesis..engineered."	"Read_depth"	"Read_depth"	"Read_depth"	0.0905328890531058	0	0.299199408534973	0.762207074369359	0.912126480541273	0.94345452452002	0.9777834846343	NA	"prevalence"	46	22
"PWY0.1337..oleate..beta..oxidation"	"Read_depth"	"Read_depth"	"Read_depth"	0.132911096000604	0.0523521959423448	0.263409972386269	0.763126927247559	0.912388667838679	0.244171159292112	0.4563017592201	NA	"abundance"	46	42
"P164.PWY..purine.nucleobases.degradation.I..anaerobic."	"Read_depth"	"Read_depth"	"Read_depth"	0.089470101496375	0	0.299974939615999	0.76550580970839	0.914393178202131	0.717956271237901	0.863219621604812	NA	"prevalence"	46	28
"AEROBACTINSYN.PWY..aerobactin.biosynthesis"	"Termness"	"preterm"	"Termnesspreterm"	0.262464663660267	0	0.889297291623382	0.767889115277573	0.916399292476078	0.891769466908394	0.948661612260659	NA	"prevalence"	46	5
"PWY5F9.12..biphenyl.degradation"	"Termness"	"preterm"	"Termnesspreterm"	-1.02690165528117	0.188618384031044	4.01772248254428	0.769869956603937	0.917921871335463	0.0298580270956137	0.161075694072049	NA	"abundance"	46	11
"PRPP.PWY..superpathway.of.histidine..purine..and.pyrimidine.biosynthesis"	"Termness"	"preterm"	"Termnesspreterm"	-0.437733227423139	0	1.50406135435397	0.771025196592899	0.918458193928595	0.018477943141152	0.127960069257183	NA	"prevalence"	46	44
"NAD.BIOSYNTHESIS.II..NAD.salvage.pathway.III..to.nicotinamide.riboside."	"Termness"	"preterm"	"Termnesspreterm"	0.561430623463208	0	1.9470745527892	0.77308210926322	0.91922639841161	0.483623964249588	0.673236113534364	NA	"prevalence"	46	45
"PWY0.301..L.ascorbate.degradation.I..bacterial..anaerobic."	"Termness"	"preterm"	"Termnesspreterm"	0.561430623463208	0	1.9470745527892	0.77308210926322	0.91922639841161	0.0745359704369887	0.263185780980802	NA	"prevalence"	46	45
"PWY3O.4107..NAD.salvage.pathway.V..PNC.V.cycle."	"Read_depth"	"Read_depth"	"Read_depth"	0.128521409318513	0.0523521959423448	0.262292766879824	0.774673415616167	0.920278090449132	0.949227930369915	0.981304468692803	NA	"abundance"	46	44
"PWY.7197..pyrimidine.deoxyribonucleotide.phosphorylation"	"Termness"	"preterm"	"Termnesspreterm"	0.26395814136123	0.188618384031044	0.255160297987715	0.777128868765132	0.921513467333517	0.777128868765132	0.88661387513812	NA	"abundance"	46	46
"PWY0.166..superpathway.of.pyrimidine.deoxyribonucleotides.de.novo.biosynthesis..E..coli."	"Read_depth"	"Read_depth"	"Read_depth"	0.108121082899253	0.0523521959423448	0.192037643708543	0.776503388723126	0.921513467333517	0.189702960115029	0.428127445505502	NA	"abundance"	46	44
"PWY4LZ.257..superpathway.of.fermentation..Chlamydomonas.reinhardtii."	"Read_depth"	"Read_depth"	"Read_depth"	0.136969218965784	0.0523521959423448	0.297612403128021	0.778759268576194	0.922606522007465	0.951052538759059	0.981961746268729	NA	"abundance"	46	45
"PWY.6545..pyrimidine.deoxyribonucleotides.de.novo.biosynthesis.III"	"Read_depth"	"Read_depth"	"Read_depth"	0.202913826858922	0.0523521959423448	0.536864644964839	0.780810823938474	0.923676682184518	0.233228410095999	0.441850153071777	NA	"abundance"	46	43
"DENOVOPURINE2.PWY..superpathway.of.purine.nucleotides.de.novo.biosynthesis.II"	"Read_depth"	"Read_depth"	"Read_depth"	-0.36419800743807	0	1.31486074893629	0.781790863108555	0.923676682184518	0.599339966044409	0.77838806910799	NA	"prevalence"	46	45
"PWY.7187..pyrimidine.deoxyribonucleotides.de.novo.biosynthesis.II"	"Read_depth"	"Read_depth"	"Read_depth"	-0.36419800743807	0	1.31486074893629	0.781790863108555	0.923676682184518	0.102973176098245	0.30817334585924	NA	"prevalence"	46	45
"FUCCAT.PWY..fucose.degradation"	"Read_depth"	"Read_depth"	"Read_depth"	0.174513437435457	0.0523521959423448	0.443415124303372	0.784768741397335	0.925515309147943	0.227853329928075	0.441850153071777	NA	"abundance"	46	43
"PWY.5005..biotin.biosynthesis.II"	"Read_depth"	"Read_depth"	"Read_depth"	-0.0500282734627872	0.0523521959423448	0.370426168036281	0.784501104298291	0.925515309147943	0.730463463836424	0.870653421542405	NA	"abundance"	46	38
"PWY.5692..allantoin.degradation.to.glyoxylate.II"	"Termness"	"preterm"	"Termnesspreterm"	-0.160459407745725	0.188618384031044	1.2643823961144	0.787623727440109	0.925618264567605	0.822406979149951	0.90695349102518	NA	"abundance"	46	14
"PWY0.1221..putrescine.degradation.II"	"Termness"	"preterm"	"Termnesspreterm"	-0.687828347703487	0.188618384031044	3.0918221328032	0.786283889969813	0.925618264567605	0.188415706639609	0.428127445505502	NA	"abundance"	46	9
"URDEGR.PWY..superpathway.of.allantoin.degradation.in.plants"	"Termness"	"preterm"	"Termnesspreterm"	-0.160459407745725	0.188618384031044	1.2643823961144	0.78769972130638	0.925618264567605	0.822406979149951	0.90695349102518	NA	"abundance"	46	14
"PWY.7237..myo...chiro..and.scyllo.inositol.degradation"	"Read_depth"	"Read_depth"	"Read_depth"	-0.114261385000744	0	0.422145887837545	0.786646387330988	0.925618264567605	0.930053138151311	0.97243530647213	NA	"prevalence"	46	39
"PWY.6328..L.lysine.degradation.X"	"Termness"	"preterm"	"Termnesspreterm"	0.371521577308816	0.188618384031044	0.644450369979113	0.788762148064628	0.926030943895533	0.320476716480704	0.512739855061597	NA	"abundance"	46	8
"PWY.7220..adenosine.deoxyribonucleotides.de.novo.biosynthesis.II"	"Termness"	"preterm"	"Termnesspreterm"	0.258685342436231	0.188618384031044	0.252663913610815	0.790456650267122	0.92634973775679	0.790456650267122	0.889989543416932	NA	"abundance"	46	46
"PWY.7222..guanosine.deoxyribonucleotides.de.novo.biosynthesis.II"	"Termness"	"preterm"	"Termnesspreterm"	0.258685342436231	0.188618384031044	0.252663913610815	0.789843840075829	0.92634973775679	0.789843840075829	0.889989543416932	NA	"abundance"	46	46
"GOLPDLCAT.PWY..superpathway.of.glycerol.degradation.to.1.3.propanediol"	"Termness"	"preterm"	"Termnesspreterm"	0.243850322602397	0	0.948541948578143	0.797117701360632	0.929065886241916	0.312325199288546	0.507118315935554	NA	"prevalence"	46	40
"PWY.5265..peptidoglycan.biosynthesis.II..staphylococci."	"Read_depth"	"Read_depth"	"Read_depth"	0.189805606811058	0	0.734538281883959	0.796097255561958	0.929065886241916	0.0506353749049414	0.210174973223526	NA	"prevalence"	46	44
"PWY.6292..superpathway.of.L.cysteine.biosynthesis..mammalian."	"Read_depth"	"Read_depth"	"Read_depth"	0.194354397310551	0	0.758500355866995	0.797769324745363	0.929065886241916	0.325072263828654	0.516364788312439	NA	"prevalence"	46	45
"PWY.6606..guanosine.nucleotides.degradation.II"	"Read_depth"	"Read_depth"	"Read_depth"	0.194354397310551	0	0.758500355866995	0.797769324745363	0.929065886241916	0.277552512271523	0.489416616654264	NA	"prevalence"	46	45
"PWY.7883..anhydromuropeptides.recycling.II"	"Read_depth"	"Read_depth"	"Read_depth"	0.194354397310551	0	0.758500355866995	0.797769324745363	0.929065886241916	0.249564802894099	0.461164490359118	NA	"prevalence"	46	45
"PWY0.461..L.lysine.degradation.I"	"Termness"	"preterm"	"Termnesspreterm"	-0.154080748258577	0	0.591090645908311	0.794345502992733	0.929065886241916	0.15382012035733	0.383429755134516	NA	"prevalence"	46	20
"PWY.7328..superpathway.of.UDP.glucose.derived.O.antigen.building.blocks.biosynthesis"	"Read_depth"	"Read_depth"	"Read_depth"	-0.0337269422267373	0.0523521959423448	0.337834546093678	0.800810794610351	0.931774490243679	0.898744194764281	0.952968812420149	NA	"abundance"	46	45
"GALACT.GLUCUROCAT.PWY..superpathway.of.hexuronide.and.hexuronate.degradation"	"Read_depth"	"Read_depth"	"Read_depth"	0.281401682597562	0.0523521959423448	0.905820922734195	0.80266968415776	0.933103507833396	0.937382844823258	0.973934880281775	NA	"abundance"	46	25
"PANTOSYN.PWY..superpathway.of.coenzyme.A.biosynthesis.I..bacteria."	"Termness"	"preterm"	"Termnesspreterm"	0.147393210457947	0.188618384031044	0.150206189085223	0.805975565499327	0.933612265373776	0.805975565499327	0.899302015676315	NA	"abundance"	46	46
"PWY.6961..L.ascorbate.degradation.II..bacterial..aerobic."	"Termness"	"preterm"	"Termnesspreterm"	0.419588579392072	0.188618384031044	0.929939665303595	0.805822320348694	0.933612265373776	0.924875280894498	0.971989968807812	NA	"abundance"	46	34
"PWY.7356..thiamine.diphosphate.salvage.IV..yeast."	"Termness"	"preterm"	"Termnesspreterm"	0.0757032850608242	0.188618384031044	0.451423906070125	0.805358372162069	0.933612265373776	0.805358372162069	0.899302015676315	NA	"abundance"	46	46
"X12DICHLORETHDEG.PWY..1.2.dichloroethane.degradation"	"Termness"	"preterm"	"Termnesspreterm"	0.684797614906977	0.188618384031044	1.76133807623961	0.80464181044743	0.933612265373776	0.932928065679568	0.973862461808728	NA	"abundance"	46	5
"PWY.7294..D.xylose.degradation.IV"	"Read_depth"	"Read_depth"	"Read_depth"	0.204899733557675	0	0.83766067092013	0.806758830043764	0.933667425886629	0.806758830043764	0.899302015676315	NA	"prevalence"	46	9
"PWY0.881..superpathway.of.fatty.acid.biosynthesis.I..E..coli."	"Termness"	"preterm"	"Termnesspreterm"	0.161614081826427	0	0.663147845905817	0.807457389822077	0.933667425886629	0.000141086551024321	0.0217859485927126	NA	"prevalence"	46	13
"PWY0.1477..ethanolamine.utilization"	"Read_depth"	"Read_depth"	"Read_depth"	0.00541222935017292	0.0523521959423448	0.190303643519617	0.810457600075157	0.935474995831431	0.810457600075157	0.900993240460403	NA	"abundance"	46	46
"PWY66.409..superpathway.of.purine.nucleotide.salvage"	"Termness"	"preterm"	"Termnesspreterm"	0.236728166319966	0.188618384031044	0.185708222087533	0.809896796606712	0.935474995831431	0.809896796606712	0.900993240460403	NA	"abundance"	46	46
"P185.PWY..formaldehyde.assimilation.III..dihydroxyacetone.cycle."	"Termness"	"preterm"	"Termnesspreterm"	0.223426933188041	0	0.938770566435845	0.811881475591792	0.936288468751562	0.220200397570361	0.441850153071777	NA	"prevalence"	46	40
"P221.PWY..octane.oxidation"	"Read_depth"	"Read_depth"	"Read_depth"	0.11686264840846	0.0523521959423448	0.275468825538757	0.817215809504824	0.937458135661041	0.966589939705023	0.993038918154663	NA	"abundance"	46	44
"PWY.5654..2.amino.3.carboxymuconate.semialdehyde.degradation.to.2.hydroxypentadienoate"	"Termness"	"preterm"	"Termnesspreterm"	0.773623621436406	0.188618384031044	2.44691124518957	0.816322170390507	0.937458135661041	0.171088473774202	0.399206438806471	NA	"abundance"	46	12
"PWY.6210..2.aminophenol.degradation"	"Termness"	"preterm"	"Termnesspreterm"	0.773623621436406	0.188618384031044	2.44691124518957	0.81635086167837	0.937458135661041	0.171088473774202	0.399206438806471	NA	"abundance"	46	12
"TCA.GLYOX.BYPASS..superpathway.of.glyoxylate.bypass.and.TCA"	"Read_depth"	"Read_depth"	"Read_depth"	0.134295064217226	0.0523521959423448	0.347859801301389	0.815676055634097	0.937458135661041	0.233228410095999	0.441850153071777	NA	"abundance"	46	43
"FASYN.INITIAL.PWY..superpathway.of.fatty.acid.biosynthesis.initiation..E..coli."	"Termness"	"preterm"	"Termnesspreterm"	0.142563329430178	0	0.614964802656076	0.81667505774635	0.937458135661041	0.00719347839971353	0.0715881103393178	NA	"prevalence"	46	19
"REDCITCYC..TCA.cycle.VI..Helicobacter."	"Read_depth"	"Read_depth"	"Read_depth"	-0.13060973818977	0	0.554955873730192	0.813935869073419	0.937458135661041	0.0879167918154921	0.280944865986899	NA	"prevalence"	46	42
"PWY.4984..urea.cycle"	"Read_depth"	"Read_depth"	"Read_depth"	-0.0573839434642881	0.0523521959423448	0.472537507953609	0.818113595710106	0.937661885224082	0.790862378774853	0.889989543416932	NA	"abundance"	46	36
"COBALSYN.PWY..superpathway.of.adenosylcobalamin.salvage.from.cobinamide.I"	"Read_depth"	"Read_depth"	"Read_depth"	-0.0127726519719401	0.0523521959423448	0.289646075581675	0.824964381906537	0.944060543451793	0.969362532398639	0.993360259197846	NA	"abundance"	46	45
"PWY.5138..fatty.acid..beta..oxidation.IV..unsaturated..even.number."	"Read_depth"	"Read_depth"	"Read_depth"	0.00638919577974079	0.0523521959423448	0.202602591606018	0.825146619391813	0.944060543451793	0.233228410095999	0.441850153071777	NA	"abundance"	46	43
"METHGLYUT.PWY..superpathway.of.methylglyoxal.degradation"	"Read_depth"	"Read_depth"	"Read_depth"	0.105601942383691	0.0523521959423448	0.238746782839438	0.826099470549091	0.944076295333938	0.969758605856693	0.993360259197846	NA	"abundance"	46	45
"PWY.5130..2.oxobutanoate.degradation.I"	"Read_depth"	"Read_depth"	"Read_depth"	0.133903449779803	0.0523521959423448	0.371845886669202	0.828785872171037	0.944076295333938	0.511944560979453	0.705953601617744	NA	"abundance"	46	28
"PWY.6527..stachyose.degradation"	"Termness"	"preterm"	"Termnesspreterm"	0.230829793653972	0.188618384031044	0.180001789724359	0.828229144879106	0.944076295333938	0.828229144879106	0.910884817928453	NA	"abundance"	46	46
"PWY.6823..molybdopterin.biosynthesis"	"Termness"	"preterm"	"Termnesspreterm"	0.237062965115091	0.188618384031044	0.210121175900847	0.828230321693682	0.944076295333938	0.828230321693682	0.910884817928453	NA	"abundance"	46	46
"PWY.7210..pyrimidine.deoxyribonucleotides.biosynthesis.from.CTP"	"Termness"	"preterm"	"Termnesspreterm"	0.0189177660402891	0.188618384031044	0.769018399755967	0.827274295073066	0.944076295333938	0.0846053824361937	0.277825611433912	NA	"abundance"	46	39
"PWY.6549..L.glutamine.biosynthesis.III"	"Termness"	"preterm"	"Termnesspreterm"	0.16734354796753	0	0.778571927553213	0.829816804092583	0.944424369692782	0.0273127549402406	0.154522846442731	NA	"prevalence"	46	37
"SER.GLYSYN.PWY..superpathway.of.L.serine.and.glycine.biosynthesis.I"	"Termness"	"preterm"	"Termnesspreterm"	0.152004139147966	0.188618384031044	0.155701763389222	0.83236270760584	0.946494537382362	0.83236270760584	0.913056569033764	NA	"abundance"	46	46
"PWY.5505..L.glutamate.and.L.glutamine.biosynthesis"	"Read_depth"	"Read_depth"	"Read_depth"	0.0639694470865282	0	0.309870070709936	0.836447556664793	0.949370766109459	0.973250598279084	0.993773096332898	NA	"prevalence"	46	33
"PWY.5747..2.methylcitrate.cycle.II"	"Read_depth"	"Read_depth"	"Read_depth"	0.0613584022432204	0	0.299752138893395	0.837808763640375	0.949370766109459	0.973694002848136	0.993773096332898	NA	"prevalence"	46	27
"PWY.7200..superpathway.of.pyrimidine.deoxyribonucleoside.salvage"	"Read_depth"	"Read_depth"	"Read_depth"	0.0679232668068698	0	0.330275656664497	0.837059402790067	0.949370766109459	0.0896700165560087	0.284874744904858	NA	"prevalence"	46	34
"PWY0.42..2.methylcitrate.cycle.I"	"Read_depth"	"Read_depth"	"Read_depth"	0.0613584022432204	0	0.299752138893395	0.837808763640375	0.949370766109459	0.928628057914066	0.972175888259846	NA	"prevalence"	46	27
"PWY.5705..allantoin.degradation.to.glyoxylate.III"	"Termness"	"preterm"	"Termnesspreterm"	-0.118948479727559	0	0.590784455941892	0.840432810324397	0.9515161035151	0.97453831197903	0.993773096332898	NA	"prevalence"	46	24
"ASPASN.PWY..superpathway.of.L.aspartate.and.L.asparagine.biosynthesis"	"Read_depth"	"Read_depth"	"Read_depth"	0.033453181829848	0.0523521959423448	0.0894473751249208	0.845616976361756	0.954490373048881	0.845616976361756	0.922694349372272	NA	"abundance"	46	46
"P42.PWY..incomplete.reductive.TCA.cycle"	"Read_depth"	"Read_depth"	"Read_depth"	0.00140432246014473	0.0523521959423448	0.257817538223113	0.845798966379601	0.954490373048881	0.976222041230401	0.993773096332898	NA	"abundance"	46	45
"P221.PWY..octane.oxidation"	"Read_depth"	"Read_depth"	"Read_depth"	-0.214278525921739	0	1.09453599858343	0.844789324412763	0.954490373048881	0.966589939705023	0.993038918154663	NA	"prevalence"	46	44
"PWY.7723..bacterial.bioluminescence"	"Termness"	"preterm"	"Termnesspreterm"	0.141726499000723	0	0.729666802859994	0.845992235405844	0.954490373048881	0.0487141210181138	0.205295224290623	NA	"prevalence"	46	12
"PWY.6284..superpathway.of.unsaturated.fatty.acids.biosynthesis..E..coli."	"Termness"	"preterm"	"Termnesspreterm"	0.293950906878474	0.188618384031044	0.542354473551426	0.848110186420043	0.956051482873503	0.976929484530646	0.993773096332898	NA	"abundance"	46	40
"PWY.6628..superpathway.of.L.phenylalanine.biosynthesis"	"Termness"	"preterm"	"Termnesspreterm"	0.14972825049223	0.188618384031044	0.190891009378938	0.849420912456579	0.956116940058833	0.849420912456579	0.924402732133247	NA	"abundance"	46	46
"PWY.7196..superpathway.of.pyrimidine.ribonucleosides.salvage"	"Termness"	"preterm"	"Termnesspreterm"	-0.210855953054397	0.188618384031044	2.01929537979011	0.849636942894062	0.956116940058833	0.169626863396251	0.399178886510835	NA	"abundance"	46	9
"DHGLUCONATE.PYR.CAT.PWY..glucose.degradation..oxidative."	"Read_depth"	"Read_depth"	"Read_depth"	-0.126224883004347	0.0523521959423448	1.28167931159061	0.897976988036975	0.956381367341048	0.860437561946163	0.929837270080536	NA	"abundance"	46	6
"GALACTUROCAT.PWY..D.galacturonate.degradation.I"	"Read_depth"	"Read_depth"	"Read_depth"	-0.0315749344770429	0.0523521959423448	0.515359639569752	0.871876659376682	0.956381367341048	0.225084322371754	0.441850153071777	NA	"abundance"	46	42
"GLUCARDEG.PWY..D.glucarate.degradation.I"	"Read_depth"	"Read_depth"	"Read_depth"	0.109259630645651	0.0523521959423448	0.346918911435608	0.870999764636995	0.956381367341048	0.233228410095999	0.441850153071777	NA	"abundance"	46	43
"GLYCOLYSIS.E.D..superpathway.of.glycolysis.and.the.Entner.Doudoroff.pathway"	"Termness"	"preterm"	"Termnesspreterm"	0.145188667333974	0.188618384031044	0.283810435488253	0.882085061304624	0.956381367341048	0.742609814322127	0.871300719644995	NA	"abundance"	46	45
"GLYOXYLATE.BYPASS..glyoxylate.cycle"	"Read_depth"	"Read_depth"	"Read_depth"	0.11235498173906	0.0523521959423448	0.338018905142037	0.860613003256995	0.956381367341048	0.233228410095999	0.441850153071777	NA	"abundance"	46	43
"HCAMHPDEG.PWY..3.phenylpropanoate.and.3..3.hydroxyphenyl.propanoate.degradation.to.2.hydroxypentadienoate"	"Termness"	"preterm"	"Termnesspreterm"	0.0933901413216695	0.188618384031044	0.761411208940515	0.901545306115674	0.956381367341048	0.010797815352976	0.0919484070263733	NA	"abundance"	46	34
"HSERMETANA.PWY..L.methionine.biosynthesis.III"	"Read_depth"	"Read_depth"	"Read_depth"	0.103933199000567	0.0523521959423448	0.271013221567029	0.851091894307351	0.956381367341048	0.906948435366769	0.960435137965322	NA	"abundance"	46	45
"KDO.NAGLIPASYN.PWY..superpathway.of..Kdo.2.lipid.A.biosynthesis"	"Read_depth"	"Read_depth"	"Read_depth"	-0.0523482156747105	0.0523521959423448	0.777886640046464	0.894044302027054	0.956381367341048	0.784335843730065	0.889584994076711	NA	"abundance"	46	28
"P105.PWY..TCA.cycle.IV..2.oxoglutarate.decarboxylase."	"Termness"	"preterm"	"Termnesspreterm"	0.279947789899277	0.188618384031044	0.604549344632735	0.881198515992025	0.956381367341048	0.526596578909149	0.717770254420722	NA	"abundance"	46	42
"P122.PWY..heterolactic.fermentation"	"Read_depth"	"Read_depth"	"Read_depth"	0.0938675224367784	0.0523521959423448	0.288064243044871	0.886693010122243	0.956381367341048	0.886693010122243	0.945859260010095	NA	"abundance"	46	46
"PWY.3801..sucrose.degradation.II..sucrose.synthase."	"Read_depth"	"Read_depth"	"Read_depth"	0.119149544407813	0.0523521959423448	0.416647390378862	0.87428673485343	0.956381367341048	0.785006227787691	0.889584994076711	NA	"abundance"	46	28
"PWY.5121..superpathway.of.geranylgeranyl.diphosphate.biosynthesis.II..via.MEP."	"Read_depth"	"Read_depth"	"Read_depth"	0.0887992640181843	0.0523521959423448	0.214868784975656	0.867947876604582	0.956381367341048	0.867947876604582	0.934713097881857	NA	"abundance"	46	46
"PWY.5367..petroselinate.biosynthesis"	"Termness"	"preterm"	"Termnesspreterm"	0.0738267640464466	0.188618384031044	0.74209379926011	0.878106555501869	0.956381367341048	0.984491166917546	0.996627439562818	NA	"abundance"	46	40
"PWY.5497..purine.nucleobases.degradation.II..anaerobic."	"Read_depth"	"Read_depth"	"Read_depth"	-0.0893715054363039	0.0523521959423448	0.876834472130699	0.872854380582156	0.956381367341048	0.622843874316405	0.789062945069556	NA	"abundance"	46	29
"PWY.5505..L.glutamate.and.L.glutamine.biosynthesis"	"Read_depth"	"Read_depth"	"Read_depth"	-0.00785612569656332	0.0523521959423448	0.415857059861543	0.886402275419295	0.956381367341048	0.973250598279084	0.993773096332898	NA	"abundance"	46	33
"PWY.561..superpathway.of.glyoxylate.cycle.and.fatty.acid.degradation"	"Read_depth"	"Read_depth"	"Read_depth"	0.104119339063167	0.0523521959423448	0.341519071829333	0.880679315722299	0.956381367341048	0.233228410095999	0.441850153071777	NA	"abundance"	46	43
"PWY.5675..nitrate.reduction.V..assimilatory."	"Read_depth"	"Read_depth"	"Read_depth"	0.0115820151931757	0.0523521959423448	0.21444532760074	0.852410080072834	0.956381367341048	0.852410080072834	0.925217774165784	NA	"abundance"	46	46
"PWY.5692..allantoin.degradation.to.glyoxylate.II"	"Read_depth"	"Read_depth"	"Read_depth"	0.249661813812148	0.0523521959423448	1.2228605020642	0.874711666970935	0.956381367341048	0.81379629621344	0.902276161976243	NA	"abundance"	46	14
"PWY.5705..allantoin.degradation.to.glyoxylate.III"	"Termness"	"preterm"	"Termnesspreterm"	0.00637304676254032	0.188618384031044	1.06969144358126	0.866678235458888	0.956381367341048	0.97453831197903	0.993773096332898	NA	"abundance"	46	24
"PWY.5747..2.methylcitrate.cycle.II"	"Read_depth"	"Read_depth"	"Read_depth"	-0.0948159044068872	0.0523521959423448	0.920141979939004	0.874258459128663	0.956381367341048	0.973694002848136	0.993773096332898	NA	"abundance"	46	27
"PWY.5845..superpathway.of.menaquinol.9.biosynthesis"	"Read_depth"	"Read_depth"	"Read_depth"	0.0781964800337937	0.0523521959423448	0.160500564907516	0.875856999801628	0.956381367341048	0.233228410095999	0.441850153071777	NA	"abundance"	46	43
"PWY.5850..superpathway.of.menaquinol.6.biosynthesis"	"Read_depth"	"Read_depth"	"Read_depth"	0.0781964800337937	0.0523521959423448	0.160500564907516	0.875873378420216	0.956381367341048	0.233228410095999	0.441850153071777	NA	"abundance"	46	43
"PWY.5896..superpathway.of.menaquinol.10.biosynthesis"	"Read_depth"	"Read_depth"	"Read_depth"	0.0781964800337937	0.0523521959423448	0.160500564907516	0.875905175428348	0.956381367341048	0.233228410095999	0.441850153071777	NA	"abundance"	46	43
"PWY.6125..superpathway.of.guanosine.nucleotides.de.novo.biosynthesis.II"	"Termness"	"preterm"	"Termnesspreterm"	0.146975566078959	0.188618384031044	0.218926067021359	0.856813160494991	0.956381367341048	0.856813160494991	0.927559201269806	NA	"abundance"	46	46
"PWY.6270..isoprene.biosynthesis.I"	"Termness"	"preterm"	"Termnesspreterm"	0.16019453248506	0.188618384031044	0.157472590371688	0.869966336272281	0.956381367341048	0.869966336272281	0.93566691895951	NA	"abundance"	46	46
"PWY.6293..superpathway.of.L.cysteine.biosynthesis..fungi."	"Read_depth"	"Read_depth"	"Read_depth"	0.0874021462606391	0.0523521959423448	0.259390927753129	0.89397971805365	0.956381367341048	0.726348719113475	0.870653421542405	NA	"abundance"	46	41
"PWY.6328..L.lysine.degradation.X"	"Read_depth"	"Read_depth"	"Read_depth"	0.11343366833226	0.0523521959423448	0.436232594812878	0.894300313902747	0.956381367341048	0.853734180072207	0.925438888109768	NA	"abundance"	46	8
"PWY.6690..cinnamate.and.3.hydroxycinnamate.degradation.to.2.hydroxypentadienoate"	"Termness"	"preterm"	"Termnesspreterm"	0.0933901413216695	0.188618384031044	0.761411208940515	0.901537089169565	0.956381367341048	0.010797815352976	0.0919484070263733	NA	"abundance"	46	34
"PWY.6703..preQ0.biosynthesis"	"Termness"	"preterm"	"Termnesspreterm"	0.22495095044442	0.188618384031044	0.23031053251469	0.880454263604318	0.956381367341048	0.880454263604318	0.942040442664723	NA	"abundance"	46	46
"PWY.6859..all.trans.farnesol.biosynthesis"	"Read_depth"	"Read_depth"	"Read_depth"	0.094016820959253	0.0523521959423448	0.258172266633613	0.873627238579451	0.956381367341048	0.873627238579451	0.937163765021592	NA	"abundance"	46	46
"PWY.6892..thiazole.component.of.thiamine.diphosphate.biosynthesis.I"	"Read_depth"	"Read_depth"	"Read_depth"	0.00383921185805709	0.0523521959423448	0.280936509849248	0.865043647148917	0.956381367341048	0.981786782825134	0.996627439562818	NA	"abundance"	46	45
"PWY.6920..6.gingerol.analog.biosynthesis..engineered."	"Read_depth"	"Read_depth"	"Read_depth"	1.18955503790065	0.0523521959423448	5.77380384953357	0.86204081802964	0.956381367341048	0.655386412723941	0.818985139046861	NA	"abundance"	46	5
"PWY.702..L.methionine.biosynthesis.II"	"Read_depth"	"Read_depth"	"Read_depth"	0.0416849276714756	0.0523521959423448	0.070420437667243	0.894176689525995	0.956381367341048	0.894176689525995	0.949344403018602	NA	"abundance"	46	46
"PWY.7204..pyridoxal.5..phosphate.salvage.II..plants."	"Termness"	"preterm"	"Termnesspreterm"	0.0317949329295964	0.188618384031044	0.952696282699937	0.870790593351972	0.956381367341048	0.552849885336143	0.734170426507483	NA	"abundance"	46	32
"PWY.7396..butanol.and.isobutanol.biosynthesis..engineered."	"Termness"	"preterm"	"Termnesspreterm"	0.0806200390847938	0.188618384031044	0.842231004568704	0.899200451492172	0.956381367341048	0.989839451020618	0.997082178711013	NA	"abundance"	46	27
"PWY.7560..methylerythritol.phosphate.pathway.II"	"Read_depth"	"Read_depth"	"Read_depth"	0.0391944421804833	0.0523521959423448	0.0745543017073607	0.875579187665722	0.956381367341048	0.875579187665722	0.93803944100115	NA	"abundance"	46	46
"PWY.I9..L.cysteine.biosynthesis.VI..from.L.methionine."	"Read_depth"	"Read_depth"	"Read_depth"	0.0392315301180665	0.0523521959423448	0.0717678742392443	0.871984552148381	0.956381367341048	0.871984552148381	0.93661799749618	NA	"abundance"	46	46
"PWY0.1298..superpathway.of.pyrimidine.deoxyribonucleosides.degradation"	"Termness"	"preterm"	"Termnesspreterm"	0.162966896827803	0.188618384031044	0.174305379134966	0.892385075940112	0.956381367341048	0.892385075940112	0.948661612260659	NA	"abundance"	46	46
"PWY0.301..L.ascorbate.degradation.I..bacterial..anaerobic."	"Read_depth"	"Read_depth"	"Read_depth"	-0.0204399404380261	0.0523521959423448	0.417747659046931	0.863121263054931	0.956381367341048	0.165421883759225	0.39377082416461	NA	"abundance"	46	45
"PWY0.41..allantoin.degradation.IV..anaerobic."	"Termness"	"preterm"	"Termnesspreterm"	0.40339470829603	0.188618384031044	1.37442671696598	0.877945169393992	0.956381367341048	0.883066798943751	0.943613422933426	NA	"abundance"	46	18
"PYRIDNUCSAL.PWY..NAD.salvage.pathway.I..PNC.VI.cycle."	"Read_depth"	"Read_depth"	"Read_depth"	0.0885395908160363	0.0523521959423448	0.222024052421756	0.872813771191044	0.956381367341048	0.983823663201356	0.996627439562818	NA	"abundance"	46	44
"URDEGR.PWY..superpathway.of.allantoin.degradation.in.plants"	"Read_depth"	"Read_depth"	"Read_depth"	0.249661813812148	0.0523521959423448	1.2228605020642	0.87470016732562	0.956381367341048	0.81379629621344	0.902276161976243	NA	"abundance"	46	14
"ARG.POLYAMINE.SYN..superpathway.of.arginine.and.polyamine.biosynthesis"	"Read_depth"	"Read_depth"	"Read_depth"	-0.0805899867020815	0	0.691088635742258	0.907166657961746	0.956381367341048	0.121694139239726	0.343069484682642	NA	"prevalence"	46	45
"COBALSYN.PWY..superpathway.of.adenosylcobalamin.salvage.from.cobinamide.I"	"Read_depth"	"Read_depth"	"Read_depth"	-0.0805899867020815	0	0.691088635742258	0.907166657961746	0.956381367341048	0.969362532398639	0.993360259197846	NA	"prevalence"	46	45
"GALACTARDEG.PWY..D.galactarate.degradation.I"	"Read_depth"	"Read_depth"	"Read_depth"	-0.0805899867020815	0	0.691088635742258	0.907166657961746	0.956381367341048	0.0456985776622085	0.200497998104322	NA	"prevalence"	46	45
"GLUCARGALACTSUPER.PWY..superpathway.of.D.glucarate.and.D.galactarate.degradation"	"Read_depth"	"Read_depth"	"Read_depth"	-0.0805899867020815	0	0.691088635742258	0.907166657961746	0.956381367341048	0.0458612136277646	0.200497998104322	NA	"prevalence"	46	45
"GLYCOCAT.PWY..glycogen.degradation.I"	"Read_depth"	"Read_depth"	"Read_depth"	-0.0749245315328821	0	0.542267639163137	0.890106921390223	0.956381367341048	0.0779237052229751	0.271246004869216	NA	"prevalence"	46	44
"GLYCOLYSIS.E.D..superpathway.of.glycolysis.and.the.Entner.Doudoroff.pathway"	"Read_depth"	"Read_depth"	"Read_depth"	-0.0805899867020815	0	0.691088635742258	0.907166657961746	0.956381367341048	0.220304723954855	0.441850153071777	NA	"prevalence"	46	45
"METHGLYUT.PWY..superpathway.of.methylglyoxal.degradation"	"Read_depth"	"Read_depth"	"Read_depth"	-0.0805899867020815	0	0.691088635742258	0.907166657961746	0.956381367341048	0.969758605856693	0.993360259197846	NA	"prevalence"	46	45
"P4.PWY..superpathway.of.L.lysine..L.threonine.and.L.methionine.biosynthesis.I"	"Read_depth"	"Read_depth"	"Read_depth"	-0.0805899867020815	0	0.691088635742258	0.907166657961746	0.956381367341048	0.00390504560992321	0.0544392627709256	NA	"prevalence"	46	45
"P42.PWY..incomplete.reductive.TCA.cycle"	"Read_depth"	"Read_depth"	"Read_depth"	-0.141793622263766	0	1.12154203945603	0.899393629470293	0.956381367341048	0.976222041230401	0.993773096332898	NA	"prevalence"	46	45
"POLYAMSYN.PWY..superpathway.of.polyamine.biosynthesis.I"	"Read_depth"	"Read_depth"	"Read_depth"	-0.0805899867020815	0	0.691088635742258	0.907166657961746	0.956381367341048	0.0962220247202525	0.296083947579106	NA	"prevalence"	46	45
"PWY.1861..formaldehyde.assimilation.II..assimilatory.RuMP.Cycle."	"Read_depth"	"Read_depth"	"Read_depth"	-0.141793622263766	0	1.12154203945603	0.899393629470293	0.956381367341048	0.336230985250351	0.526995813694099	NA	"prevalence"	46	45
"PWY.5136..fatty.acid..beta..oxidation.II..plant.peroxisome."	"Read_depth"	"Read_depth"	"Read_depth"	-0.0749245315328821	0	0.542267639163137	0.890106921390223	0.956381367341048	0.000371171481526126	0.030658764374058	NA	"prevalence"	46	44
"PWY.5367..petroselinate.biosynthesis"	"Termness"	"preterm"	"Termnesspreterm"	0.131908948127791	0	0.841685549131656	0.875465534559891	0.956381367341048	0.984491166917546	0.996627439562818	NA	"prevalence"	46	40
"PWY.5920..superpathway.of.heme.b.biosynthesis.from.glycine"	"Read_depth"	"Read_depth"	"Read_depth"	-0.0805899867020815	0	0.691088635742258	0.907166657961746	0.956381367341048	0.991381970606009	0.997419619635278	NA	"prevalence"	46	45
"PWY.6284..superpathway.of.unsaturated.fatty.acids.biosynthesis..E..coli."	"Termness"	"preterm"	"Termnesspreterm"	0.131908948127791	0	0.841685549131656	0.875465534559891	0.956381367341048	0.976929484530646	0.993773096332898	NA	"prevalence"	46	40
"PWY.6285..superpathway.of.fatty.acids.biosynthesis..E..coli."	"Termness"	"preterm"	"Termnesspreterm"	0.131908948127791	0	0.841685549131656	0.875465534559891	0.956381367341048	0.921032176618821	0.971612487723047	NA	"prevalence"	46	40
"PWY.6305..superpathway.of.putrescine.biosynthesis"	"Read_depth"	"Read_depth"	"Read_depth"	-0.0805899867020815	0	0.691088635742258	0.907166657961746	0.956381367341048	0.234108514347968	0.44250259233735	NA	"prevalence"	46	45
"PWY.6318..L.phenylalanine.degradation.IV..mammalian..via.side.chain."	"Read_depth"	"Read_depth"	"Read_depth"	0.0536470591465229	0	0.339836853904997	0.87456615959656	0.956381367341048	0.0357013640644557	0.173637719178165	NA	"prevalence"	46	14
"PWY.6396..superpathway.of.2.3.butanediol.biosynthesis"	"Read_depth"	"Read_depth"	"Read_depth"	0.0664147465253615	0	0.393087267646106	0.865830662099674	0.956381367341048	0.232647475599462	0.441850153071777	NA	"prevalence"	46	10
"PWY.6588..pyruvate.fermentation.to.acetone"	"Termness"	"preterm"	"Termnesspreterm"	-0.108682909387883	0	0.718771830901424	0.879812892638403	0.956381367341048	0.14294913811288	0.364459946630427	NA	"prevalence"	46	37
"PWY.6708..ubiquinol.8.biosynthesis..early.decarboxylation."	"Read_depth"	"Read_depth"	"Read_depth"	0.0419514172591875	0	0.342914593730859	0.902631496113501	0.956381367341048	0.758976019321058	0.873108425079404	NA	"prevalence"	46	10
"PWY.6892..thiazole.component.of.thiamine.diphosphate.biosynthesis.I"	"Read_depth"	"Read_depth"	"Read_depth"	-0.0805899867020815	0	0.691088635742258	0.907166657961746	0.956381367341048	0.981786782825134	0.996627439562818	NA	"prevalence"	46	45
"PWY.6895..superpathway.of.thiamine.diphosphate.biosynthesis.II"	"Read_depth"	"Read_depth"	"Read_depth"	-0.0805899867020815	0	0.691088635742258	0.907166657961746	0.956381367341048	0.597729155256978	0.777690027337677	NA	"prevalence"	46	45
"PWY.7245..superpathway.of.NAD.NADP...NADH.NADPH.interconversion..yeast."	"Read_depth"	"Read_depth"	"Read_depth"	0.0489672348037335	0	0.355085141386957	0.890317238435156	0.956381367341048	0.98796969181551	0.996949555359786	NA	"prevalence"	46	17
"PWY.7268..cytosolic.NADPH.production..yeast."	"Read_depth"	"Read_depth"	"Read_depth"	0.0489672348037335	0	0.355085141386957	0.890317238435156	0.956381367341048	0.98796969181551	0.996949555359786	NA	"prevalence"	46	17
"PWY.7807..glyphosate.degradation.III"	"Termness"	"preterm"	"Termnesspreterm"	0.0820678718011476	0	0.601448733035111	0.891465296397052	0.956381367341048	0.742004687785629	0.871300719644995	NA	"prevalence"	46	19
"PWY.7873..D.erythronate.degradation.II"	"Termness"	"preterm"	"Termnesspreterm"	-0.109209271704203	0	0.633389925215574	0.863107125514135	0.956381367341048	0.794324535778182	0.8926694783031	NA	"prevalence"	46	14
"PWY.8004..Entner.Doudoroff.pathway.I"	"Read_depth"	"Read_depth"	"Read_depth"	-0.0805899867020815	0	0.691088635742258	0.907166657961746	0.956381367341048	0.933776113501831	0.973862461808728	NA	"prevalence"	46	45
"PWY0.1533..methylphosphonate.degradation.I"	"Termness"	"preterm"	"Termnesspreterm"	0.0820678718011476	0	0.601448733035111	0.891465296397052	0.956381367341048	0.771474182026806	0.882600657000196	NA	"prevalence"	46	19
"PWY1ZNC.1..assimilatory.sulfate.reduction.IV"	"Read_depth"	"Read_depth"	"Read_depth"	-0.0805899867020815	0	0.691088635742258	0.907166657961746	0.956381367341048	0.0121075062684515	0.100054333586207	NA	"prevalence"	46	45
"PWY4LZ.257..superpathway.of.fermentation..Chlamydomonas.reinhardtii."	"Read_depth"	"Read_depth"	"Read_depth"	-0.0805899867020815	0	0.691088635742258	0.907166657961746	0.956381367341048	0.951052538759059	0.981961746268729	NA	"prevalence"	46	45
"PYRIDNUCSYN.PWY..NAD.de.novo.biosynthesis.I..from.aspartate."	"Read_depth"	"Read_depth"	"Read_depth"	-0.0805899867020815	0	0.691088635742258	0.907166657961746	0.956381367341048	0.0841339236106039	0.277825611433912	NA	"prevalence"	46	45
"TCA..TCA.cycle.I..prokaryotic."	"Read_depth"	"Read_depth"	"Read_depth"	-0.0749245315328821	0	0.542267639163137	0.890106921390223	0.956381367341048	0.0226674244149884	0.138691056050225	NA	"prevalence"	46	44
"THISYN.PWY..superpathway.of.thiamine.diphosphate.biosynthesis.I"	"Read_depth"	"Read_depth"	"Read_depth"	-0.0805899867020815	0	0.691088635742258	0.907166657961746	0.956381367341048	0.829280124796848	0.910884817928453	NA	"prevalence"	46	45
"UBISYN.PWY..superpathway.of.ubiquinol.8.biosynthesis..early.decarboxylation."	"Read_depth"	"Read_depth"	"Read_depth"	0.0419514172591875	0	0.342914593730859	0.902631496113501	0.956381367341048	0.750200991205133	0.871923840928936	NA	"prevalence"	46	10
"PWY.7185..UTP.and.CTP.dephosphorylation.I"	"Termness"	"preterm"	"Termnesspreterm"	0.0838416794837212	0.188618384031044	0.902056691647277	0.908263073086607	0.956762557571814	0.0846053824361937	0.277825611433912	NA	"abundance"	46	39
"AEROBACTINSYN.PWY..aerobactin.biosynthesis"	"Read_depth"	"Read_depth"	"Read_depth"	-1.50035576665878	0.0523521959423448	12.2113087095038	0.910444454093565	0.958285108512386	0.788434560490551	0.889989543416932	NA	"abundance"	46	5
"GLUCOSE1PMETAB.PWY..glucose.and.glucose.1.phosphate.degradation"	"Read_depth"	"Read_depth"	"Read_depth"	0.0362215440594321	0.0523521959423448	0.141897414668957	0.912976160718685	0.960173635909312	0.912976160718685	0.964345663367819	NA	"abundance"	46	46
"PWY3O.4107..NAD.salvage.pathway.V..PNC.V.cycle."	"Read_depth"	"Read_depth"	"Read_depth"	-0.108239710844406	0	1.00897746107999	0.91456951696135	0.960297992809418	0.949227930369915	0.981304468692803	NA	"prevalence"	46	44
"PYRIDNUCSAL.PWY..NAD.salvage.pathway.I..PNC.VI.cycle."	"Read_depth"	"Read_depth"	"Read_depth"	-0.108239710844406	0	1.00897746107999	0.91456951696135	0.960297992809418	0.983823663201356	0.996627439562818	NA	"prevalence"	46	44
"PWY.5910..superpathway.of.geranylgeranyldiphosphate.biosynthesis.I..via.mevalonate."	"Read_depth"	"Read_depth"	"Read_depth"	0.0500270128563985	0	0.524038914109032	0.923946037994729	0.967801883724165	0.0764578168938636	0.268741092571623	NA	"prevalence"	46	39
"PWY.5972..stearate.biosynthesis.I..animals."	"Read_depth"	"Read_depth"	"Read_depth"	-0.0344566037487876	0	0.354653280689676	0.922602711988637	0.967801883724165	0.994009659808486	0.997639563172312	NA	"prevalence"	46	15
"PWY.922..mevalonate.pathway.I..eukaryotes.and.bacteria."	"Read_depth"	"Read_depth"	"Read_depth"	0.0500270128563985	0	0.524038914109032	0.923946037994729	0.967801883724165	0.0498074094336146	0.208837158335866	NA	"prevalence"	46	39
"CENTFERM.PWY..pyruvate.fermentation.to.butanoate"	"Read_depth"	"Read_depth"	"Read_depth"	-0.0355038124978452	0.0523521959423448	0.93661484258674	0.926880621616363	0.969479568580865	0.78220529955017	0.889584994076711	NA	"abundance"	46	15
"PWY.5918..superpathway.of.heme.b.biosynthesis.from.glutamate"	"Read_depth"	"Read_depth"	"Read_depth"	0.0401105183850367	0.0523521959423448	0.130828383714431	0.928514716583455	0.969479568580865	0.928514716583455	0.972175888259846	NA	"abundance"	46	46
"PWY.6590..superpathway.of.Clostridium.acetobutylicum.acidogenic.fermentation"	"Read_depth"	"Read_depth"	"Read_depth"	-0.0332770480881139	0.0523521959423448	0.925198367502851	0.927857268625859	0.969479568580865	0.78220529955017	0.889584994076711	NA	"abundance"	46	15
"PWY.7409..phospholipid.remodeling..phosphatidylethanolamine..yeast."	"Read_depth"	"Read_depth"	"Read_depth"	0.0286482183895708	0	0.319380437261734	0.928526130583977	0.969479568580865	0.533025968941681	0.717976199759615	NA	"prevalence"	46	17
"PWY.181..photorespiration"	"Read_depth"	"Read_depth"	"Read_depth"	0.000553155269457055	0.0523521959423448	0.58216339040135	0.931411667581318	0.971713133967048	0.848952505982432	0.924402732133247	NA	"abundance"	46	11
"GLYCOL.GLYOXDEG.PWY..superpathway.of.glycol.metabolism.and.degradation"	"Read_depth"	"Read_depth"	"Read_depth"	0.00984936358289901	0.0523521959423448	0.516886213532083	0.935106128112392	0.973778190087806	0.297708126545224	0.496952326060881	NA	"abundance"	46	40
"NONOXIPENT.PWY..pentose.phosphate.pathway..non.oxidative.branch..I"	"Termness"	"preterm"	"Termnesspreterm"	0.176502436739607	0.188618384031044	0.129888613106397	0.935634804761786	0.973778190087806	0.935634804761786	0.973934880281775	NA	"abundance"	46	46
"PWY.7873..D.erythronate.degradation.II"	"Read_depth"	"Read_depth"	"Read_depth"	0.0261432345645468	0	0.32111568604974	0.935112908599313	0.973778190087806	0.376536670402463	0.55980179071393	NA	"prevalence"	46	14
"PWY.7723..bacterial.bioluminescence"	"Read_depth"	"Read_depth"	"Read_depth"	0.110669403713811	0.0523521959423448	0.739099147755467	0.938831884485271	0.976325170606887	0.532733747381849	0.717976199759615	NA	"abundance"	46	12
"ANAEROFRUCAT.PWY..homolactic.fermentation"	"Termness"	"preterm"	"Termnesspreterm"	0.174970701327146	0.188618384031044	0.16584268276727	0.940229176201424	0.976997914935558	0.940229176201424	0.975664949173839	NA	"abundance"	46	46
"P23.PWY..reductive.TCA.cycle.I"	"Read_depth"	"Read_depth"	"Read_depth"	0.022422869325989	0	0.321618673152012	0.944417474549615	0.979360182084533	0.615958419070344	0.784894262895129	NA	"prevalence"	46	29
"PWY.7396..butanol.and.isobutanol.biosynthesis..engineered."	"Termness"	"preterm"	"Termnesspreterm"	0.0424307429521028	0	0.59922183392936	0.943549178971177	0.979360182084533	0.989839451020618	0.997082178711013	NA	"prevalence"	46	27
"PWY0.781..aspartate.superpathway"	"Termness"	"preterm"	"Termnesspreterm"	0.083074277402174	0	1.19894354231591	0.944759131104588	0.979360182084533	0.265917622623207	0.47348228789424	NA	"prevalence"	46	44
"LPSSYN.PWY..superpathway.of.lipopolysaccharide.biosynthesis"	"Read_depth"	"Read_depth"	"Read_depth"	0.0845221045923425	0.0523521959423448	0.445123309365048	0.945949249031779	0.979598591120748	0.756287532776994	0.871923840928936	NA	"abundance"	46	7
"PWY.5100..pyruvate.fermentation.to.acetate.and.lactate.II"	"Termness"	"preterm"	"Termnesspreterm"	0.172777584916646	0.188618384031044	0.234871262747211	0.94875326052074	0.979598591120748	0.94875326052074	0.981304468692803	NA	"abundance"	46	46
"X12DICHLORETHDEG.PWY..1.2.dichloroethane.degradation"	"Read_depth"	"Read_depth"	"Read_depth"	0.261592630625593	0.0523521959423448	2.9006908672979	0.949050236474694	0.979598591120748	0.997404121596715	0.99861309628956	NA	"abundance"	46	5
"PWY.7323..superpathway.of.GDP.mannose.derived.O.antigen.building.blocks.biosynthesis"	"Termness"	"preterm"	"Termnesspreterm"	-0.0430552640624193	0	0.679851280445493	0.949503396309051	0.979598591120748	0.12803916141856	0.353713536226523	NA	"prevalence"	46	35
"PWY.801..homocysteine.and.cysteine.interconversion"	"Read_depth"	"Read_depth"	"Read_depth"	-0.0330931134022287	0	0.505245183675715	0.947776609355246	0.979598591120748	0.391525593757184	0.574422984801836	NA	"prevalence"	46	43
"PWY0.461..L.lysine.degradation.I"	"Read_depth"	"Read_depth"	"Read_depth"	-0.0195606981720766	0	0.297041833557328	0.947495925806951	0.979598591120748	0.729355059820978	0.870653421542405	NA	"prevalence"	46	20
"GLYCOLYSIS..glycolysis.I..from.glucose.6.phosphate."	"Termness"	"preterm"	"Termnesspreterm"	0.181374873137385	0.188618384031044	0.100978398214871	0.954050657662885	0.981629107433745	0.954050657662885	0.983827519637382	NA	"abundance"	46	46
"PWY.6270..isoprene.biosynthesis.I"	"Read_depth"	"Read_depth"	"Read_depth"	0.0475965994249187	0.0523521959423448	0.0795310580335248	0.957059876653823	0.981629107433745	0.957059876653823	0.985700072463913	NA	"abundance"	46	46
"PWY.6292..superpathway.of.L.cysteine.biosynthesis..mammalian."	"Termness"	"preterm"	"Termnesspreterm"	0.232283887047568	0.188618384031044	0.778098702937798	0.955620959148121	0.981629107433745	0.770098634022485	0.882248920530614	NA	"abundance"	46	45
"PWY.6531..mannitol.cycle"	"Termness"	"preterm"	"Termnesspreterm"	0.141429063997086	0.188618384031044	0.826959781429036	0.95486253409274	0.981629107433745	0.283721101037433	0.491201228665904	NA	"abundance"	46	41
"PWY.6590..superpathway.of.Clostridium.acetobutylicum.acidogenic.fermentation"	"Termness"	"preterm"	"Termnesspreterm"	0.253090597814904	0.188618384031044	1.18444456366795	0.957503046421549	0.981629107433745	0.926096979965797	0.971989968807812	NA	"abundance"	46	15
"FOLSYN.PWY..superpathway.of.tetrahydrofolate.biosynthesis.and.salvage"	"Read_depth"	"Read_depth"	"Read_depth"	0.0328910944687969	0	0.567654306450647	0.953794731813993	0.981629107433745	0.222497299266891	0.441850153071777	NA	"prevalence"	46	43
"PWY.5656..mannosylglycerate.biosynthesis.I"	"Read_depth"	"Read_depth"	"Read_depth"	-0.0163101643238138	0	0.296333504690188	0.956106682106125	0.981629107433745	0.861168900256187	0.929837270080536	NA	"prevalence"	46	23
"PWY.6612..superpathway.of.tetrahydrofolate.biosynthesis"	"Read_depth"	"Read_depth"	"Read_depth"	0.0328910944687969	0	0.567654306450647	0.953794731813993	0.981629107433745	0.255534835700707	0.469048387308409	NA	"prevalence"	46	43
"PWY.5415..catechol.degradation.I..meta.cleavage.pathway."	"Read_depth"	"Read_depth"	"Read_depth"	0.0145286803767455	0.0523521959423448	0.741079607363416	0.959703948806713	0.98308426191791	0.358337754266331	0.543497964227671	NA	"abundance"	46	33
"PWY.7392..taxadiene.biosynthesis..engineered."	"Termness"	"preterm"	"Termnesspreterm"	0.0604043442662376	0	1.21756473736233	0.96043255081381	0.98308426191791	0.708594551745537	0.85695329391188	NA	"prevalence"	46	44
"P441.PWY..superpathway.of.N.acetylneuraminate.degradation"	"Termness"	"preterm"	"Termnesspreterm"	0.202741064296765	0.188618384031044	0.306781445007338	0.964337691918685	0.986152874636027	0.964337691918685	0.991958821326069	NA	"abundance"	46	46
"PWY.7805...aminomethyl.phosphonate.degradation"	"Read_depth"	"Read_depth"	"Read_depth"	-0.00581440955090326	0.0523521959423448	1.32828381995901	0.965702699816386	0.986152874636027	0.516678015216254	0.708930299947883	NA	"abundance"	46	17
"CARNMET.PWY..L.carnitine.degradation.I"	"Termness"	"preterm"	"Termnesspreterm"	0.0257341715125057	0	0.589934582143429	0.965205653889002	0.986152874636027	0.737090683803656	0.871300719644995	NA	"prevalence"	46	25
"CENTFERM.PWY..pyruvate.fermentation.to.butanoate"	"Termness"	"preterm"	"Termnesspreterm"	0.236202346609894	0.188618384031044	1.19906000433919	0.969012353751851	0.988508019384352	0.926096979965797	0.971989968807812	NA	"abundance"	46	15
"LIPA.CORESYN.PWY..lipid.A.core.biosynthesis..E..coli.K.12."	"Read_depth"	"Read_depth"	"Read_depth"	0.0803219628140278	0.0523521959423448	0.71363551168587	0.970619599111865	0.988508019384352	0.756287532776994	0.871923840928936	NA	"abundance"	46	7
"PWY.5484..glycolysis.II..from.fructose.6.phosphate."	"Termness"	"preterm"	"Termnesspreterm"	0.193292415348206	0.188618384031044	0.101874510994099	0.970510568005643	0.988508019384352	0.970510568005643	0.993360259197846	NA	"abundance"	46	46
"PWY.5972..stearate.biosynthesis.I..animals."	"Read_depth"	"Read_depth"	"Read_depth"	0.0819538844878471	0.0523521959423448	0.814672400115927	0.971613932237148	0.988508019384352	0.994009659808486	0.997639563172312	NA	"abundance"	46	15
"X12DICHLORETHDEG.PWY..1.2.dichloroethane.degradation"	"Read_depth"	"Read_depth"	"Read_depth"	-0.0163844815653742	0	0.463566542516202	0.971805118903203	0.988508019384352	0.997404121596715	0.99861309628956	NA	"prevalence"	46	5
"PWY.7245..superpathway.of.NAD.NADP...NADH.NADPH.interconversion..yeast."	"Termness"	"preterm"	"Termnesspreterm"	0.124799460466333	0.188618384031044	1.92738366346702	0.974047659250793	0.99001565366474	0.132419292850318	0.35660290264587	NA	"abundance"	46	17
"PWY.5920..superpathway.of.heme.b.biosynthesis.from.glycine"	"Read_depth"	"Read_depth"	"Read_depth"	0.0449044181909721	0.0523521959423448	0.247629938701021	0.976349553781507	0.991581216086991	0.991381970606009	0.997419619635278	NA	"abundance"	46	45
"PWY.6531..mannitol.cycle"	"Read_depth"	"Read_depth"	"Read_depth"	0.0660743201277734	0.0523521959423448	0.594129423937601	0.981707654486385	0.994694022784905	0.226970330955363	0.441850153071777	NA	"abundance"	46	41
"PWY.7268..cytosolic.NADPH.production..yeast."	"Termness"	"preterm"	"Termnesspreterm"	0.240084421071565	0.188618384031044	2.21703186119098	0.981797504909619	0.994694022784905	0.132419292850318	0.35660290264587	NA	"abundance"	46	17
"PWY0.1277..3.phenylpropanoate.and.3..3.hydroxyphenyl.propanoate.degradation"	"Termness"	"preterm"	"Termnesspreterm"	0.173314392161669	0.188618384031044	0.688773394816036	0.982470440323646	0.994694022784905	0.010797815352976	0.0919484070263733	NA	"abundance"	46	34
"REDCITCYC..TCA.cycle.VI..Helicobacter."	"Termness"	"preterm"	"Termnesspreterm"	0.0236603921236909	0	0.983138592623004	0.980799818503813	0.994694022784905	0.9371110531405	0.973934880281775	NA	"prevalence"	46	42
"PWY.7245..superpathway.of.NAD.NADP...NADH.NADPH.interconversion..yeast."	"Read_depth"	"Read_depth"	"Read_depth"	0.0154958608655504	0.0523521959423448	1.95721674129459	0.985243595406601	0.995180109557327	0.98796969181551	0.996949555359786	NA	"abundance"	46	17
"RIBOSYN2.PWY..flavin.biosynthesis.I..bacteria.and.plants."	"Read_depth"	"Read_depth"	"Read_depth"	0.0541803900518942	0.0523521959423448	0.0862019068350884	0.984561732062057	0.995180109557327	0.984561732062057	0.996627439562818	NA	"abundance"	46	46
"PWY.7254..TCA.cycle.VII..acetate.producers."	"Read_depth"	"Read_depth"	"Read_depth"	-0.00617247655606428	0	0.306674289469736	0.983941949425183	0.995180109557327	0.910678470695559	0.963150341606315	NA	"prevalence"	46	27
"DARABCATK12.PWY..D.arabinose.degradation.I"	"Termness"	"preterm"	"Termnesspreterm"	0.178011362168549	0.188618384031044	0.614523188047918	0.986395019587174	0.99557078721124	0.543163622056124	0.726397910532444	NA	"abundance"	46	38
"PWY.3001..superpathway.of.L.isoleucine.biosynthesis.I"	"Read_depth"	"Read_depth"	"Read_depth"	0.0510305664572165	0.0523521959423448	0.0831345132568228	0.988500830314364	0.996480739223524	0.988500830314364	0.996949555359786	NA	"abundance"	46	46
"PWY.7385..1.3.propanediol.biosynthesis..engineered."	"Read_depth"	"Read_depth"	"Read_depth"	0.0655915333024047	0.0523521959423448	0.93304291865044	0.988827277324725	0.996480739223524	0.94345452452002	0.9777834846343	NA	"abundance"	46	22
"LIPASYN.PWY..phospholipases"	"Read_depth"	"Read_depth"	"Read_depth"	0.00321245954431359	0	0.369038871958358	0.993054554149625	0.998422416604488	0.839843777725283	0.917607090477623	NA	"prevalence"	46	36
"PWY.5656..mannosylglycerate.biosynthesis.I"	"Termness"	"preterm"	"Termnesspreterm"	-0.00549243437619346	0	0.586481254787328	0.992527869396005	0.998422416604488	0.143596136298545	0.364955103331071	NA	"prevalence"	46	23
"PWY.6435..4.hydroxybenzoate.biosynthesis.III..plants."	"Termness"	"preterm"	"Termnesspreterm"	0.00862570710311274	0	0.829602605255911	0.991704227447165	0.998422416604488	0.321945230017423	0.513372123541296	NA	"prevalence"	46	9
"GLUCONEO.PWY..gluconeogenesis.I"	"Read_depth"	"Read_depth"	"Read_depth"	0.0518258491500863	0.0523521959423448	0.0582942638997385	0.994016174928344	0.998618101664124	0.994016174928344	0.997639563172312	NA	"abundance"	46	46
"DARABCATK12.PWY..D.arabinose.degradation.I"	"Read_depth"	"Read_depth"	"Read_depth"	0.0507353825655663	0.0523521959423448	0.423536999768837	0.996982607273535	0.999065832358684	0.303605407702189	0.504391462871371	NA	"abundance"	46	38
"PWY.7208..superpathway.of.pyrimidine.nucleobases.salvage"	"Termness"	"preterm"	"Termnesspreterm"	0.189428971889324	0.188618384031044	0.234737052982796	0.997368155960724	0.999065832358684	0.997368155960724	0.99861309628956	NA	"abundance"	46	46
"PWY.7268..cytosolic.NADPH.production..yeast."	"Read_depth"	"Read_depth"	"Read_depth"	0.0594460773540653	0.0523521959423448	2.25134826913549	0.997531169021727	0.999065832358684	0.98796969181551	0.996949555359786	NA	"abundance"	46	17
"PWY.4361..S.methyl.5.thio..alpha..D.ribose.1.phosphate.degradation.I"	"Read_depth"	"Read_depth"	"Read_depth"	-0.00182153608566671	0	0.566946135197906	0.997436488355736	0.999065832358684	0.851253686675621	0.925178348939556	NA	"prevalence"	46	5
"PWY.5188..tetrapyrrole.biosynthesis.I..from.glutamate."	"Termness"	"preterm"	"Termnesspreterm"	0.188618384031044	0.188618384031044	0.15223809487316	1	1	1	1	NA	"abundance"	46	46
"PWY.5723..Rubisco.shunt"	"Read_depth"	"Read_depth"	"Read_depth"	0.0523521959423448	0.0523521959423448	0.144700545777388	1	1	0.233228410095999	0.441850153071777	NA	"abundance"	46	43
"PWY.5005..biotin.biosynthesis.II"	"Termness"	"preterm"	"Termnesspreterm"	-1.03081842074643	0	0.818953699453383	0.208138094062053	0.485655552811457	0.0038004934210869	0.0544392627709256	"Prevalence association possibly induced by stronger abundance association"	"prevalence"	46	38
"RUMP.PWY..formaldehyde.oxidation.I"	"Termness"	"preterm"	"Termnesspreterm"	-1.03877675739658	0	0.826404943356275	0.208759882395923	0.485732352557228	0.00119502289642892	0.0451104449780325	"Prevalence association possibly induced by stronger abundance association"	"prevalence"	46	38
"P23.PWY..reductive.TCA.cycle.I"	"Termness"	"preterm"	"Termnesspreterm"	-0.766171476020965	0	0.621612628201981	0.217742001035983	0.493902587715767	0.00263967143829158	0.0544392627709256	"Prevalence association possibly induced by stronger abundance association"	"prevalence"	46	29
"PWY.4361..S.methyl.5.thio..alpha..D.ribose.1.phosphate.degradation.I"	"Termness"	"preterm"	"Termnesspreterm"	1.16297618733719	0	1.01427030922976	0.251541330035717	0.536896412633613	0.00627619309806116	0.0669066099104663	"Prevalence association possibly induced by stronger abundance association"	"prevalence"	46	5
"PWY.7039..phosphatidate.metabolism..as.a.signaling.molecule"	"Termness"	"preterm"	"Termnesspreterm"	0.635786760508888	0	0.878485866174311	0.469231382525828	0.747783672030144	0.00474488701859022	0.0576364217258164	"Prevalence association possibly induced by stronger abundance association"	"prevalence"	46	9
"DTDPRHAMSYN.PWY..dTDP..beta..L.rhamnose.biosynthesis"	"Termness"	"preterm"	"Termnesspreterm"	-1.09947929219168	0	1.70326957527937	0.518596074919064	0.755339923629972	0.00119079659249399	0.0451104449780325	"Prevalence association possibly induced by stronger abundance association"	"prevalence"	46	45
"LACTOSECAT.PWY..lactose.and.galactose.degradation.I"	"Termness"	"preterm"	"Termnesspreterm"	-1.09947929219168	0	1.70326957527937	0.518596074919064	0.755339923629972	0.000858695466628978	0.0405596622209534	"Prevalence association possibly induced by stronger abundance association"	"prevalence"	46	45
"OANTIGEN.PWY..O.antigen.building.blocks.biosynthesis..E..coli."	"Termness"	"preterm"	"Termnesspreterm"	-1.09947929219168	0	1.70326957527937	0.518596074919064	0.755339923629972	0.00413222201667551	0.0544392627709256	"Prevalence association possibly induced by stronger abundance association"	"prevalence"	46	45
"P42.PWY..incomplete.reductive.TCA.cycle"	"Termness"	"preterm"	"Termnesspreterm"	-1.1737289277648	0	1.78197754370204	0.510109943780019	0.755339923629972	0.00653993792016061	0.068379604076616	"Prevalence association possibly induced by stronger abundance association"	"prevalence"	46	45
"PWY.241..C4.photosynthetic.carbon.assimilation.cycle..NADP.ME.type"	"Termness"	"preterm"	"Termnesspreterm"	-1.09003876281564	0	1.6935865118701	0.51981704766336	0.755339923629972	0.00109694687153772	0.0451104449780325	"Prevalence association possibly induced by stronger abundance association"	"prevalence"	46	45
"PWY.7254..TCA.cycle.VII..acetate.producers."	"Termness"	"preterm"	"Termnesspreterm"	-0.377166510209896	0	0.598839887105675	0.528806706895961	0.762465484361618	0.00435193706181036	0.0553030771239286	"Prevalence association possibly induced by stronger abundance association"	"prevalence"	46	27
"PWY.6318..L.phenylalanine.degradation.IV..mammalian..via.side.chain."	"Termness"	"preterm"	"Termnesspreterm"	0.290680011168086	0	0.640009752354993	0.649698847445897	0.853751735411757	0.00371329564156664	0.0544392627709256	"Prevalence association possibly induced by stronger abundance association"	"prevalence"	46	14
"PWY.7200..superpathway.of.pyrimidine.deoxyribonucleoside.salvage"	"Termness"	"preterm"	"Termnesspreterm"	-0.293655725100247	0	0.662331197153741	0.657500378407478	0.856237347798614	7.57008943735871e-05	0.0217859485927126	"Prevalence association possibly induced by stronger abundance association"	"prevalence"	46	34
"PWY.6608..guanosine.nucleotides.degradation.III"	"Read_depth"	"Read_depth"	"Read_depth"	0.194354397310551	0	0.758500355866995	0.797769324745363	0.929065886241916	0.0030831915838625	0.0544392627709256	"Prevalence association possibly induced by stronger abundance association"	"prevalence"	46	45
"PWY0.781..aspartate.superpathway"	"Read_depth"	"Read_depth"	"Read_depth"	0.0760726395643524	0	0.550200652493564	0.890032211906864	0.956381367341048	0.0128225999230229	0.101841034004009	"Prevalence association possibly induced by stronger abundance association"	"prevalence"	46	44
"PWY.7294..D.xylose.degradation.IV"	"Read_depth"	"Read_depth"	"Read_depth"	NA	NA	NA	NA	NA	0.806758830043764	0.899302015676315	"No data points have the baseline factor level"	"abundance"	46	9
"PWY.7294..D.xylose.degradation.IV"	"Termness"	"preterm"	"Termnesspreterm"	NA	NA	NA	NA	NA	0.030565967880843	0.161075694072049	"No data points have the baseline factor level"	"abundance"	46	9
"UDPNACETYLGALSYN.PWY..UDP.N.acetyl.D.glucosamine.biosynthesis.II"	"Read_depth"	"Read_depth"	"Read_depth"	NA	NA	NA	NA	NA	0.520964094792407	0.7136257749561	"contrasts can be applied only to factors with 2 or more levels"	"abundance"	46	7
"UDPNACETYLGALSYN.PWY..UDP.N.acetyl.D.glucosamine.biosynthesis.II"	"Termness"	"preterm"	"Termnesspreterm"	NA	NA	NA	NA	NA	0.0422236764793339	0.192689263933314	"contrasts can be applied only to factors with 2 or more levels"	"abundance"	46	7
"ANAEROFRUCAT.PWY..homolactic.fermentation"	"Read_depth"	"Read_depth"	"Read_depth"	NA	0	NA	NA	NA	0.318072878542518	0.512552456100537	"All logistic values are the same"	"prevalence"	46	46
"ANAEROFRUCAT.PWY..homolactic.fermentation"	"Termness"	"preterm"	"Termnesspreterm"	NA	0	NA	NA	NA	0.940229176201424	0.975664949173839	"All logistic values are the same"	"prevalence"	46	46
"ANAGLYCOLYSIS.PWY..glycolysis.III..from.glucose."	"Read_depth"	"Read_depth"	"Read_depth"	NA	0	NA	NA	NA	0.00310587476639634	0.0544392627709256	"All logistic values are the same"	"prevalence"	46	46
"ANAGLYCOLYSIS.PWY..glycolysis.III..from.glucose."	"Termness"	"preterm"	"Termnesspreterm"	NA	0	NA	NA	NA	0.0230089483870235	0.139119308763362	"All logistic values are the same"	"prevalence"	46	46
"ARGININE.SYN4.PWY..L.ornithine.biosynthesis.II"	"Read_depth"	"Read_depth"	"Read_depth"	NA	0	NA	NA	NA	0.754403276288649	0.871923840928936	"All logistic values are the same"	"prevalence"	46	46
"ARGININE.SYN4.PWY..L.ornithine.biosynthesis.II"	"Termness"	"preterm"	"Termnesspreterm"	NA	0	NA	NA	NA	0.20757077531153	0.441850153071777	"All logistic values are the same"	"prevalence"	46	46
"ARGSYN.PWY..L.arginine.biosynthesis.I..via.L.ornithine."	"Read_depth"	"Read_depth"	"Read_depth"	NA	0	NA	NA	NA	0.753625870623239	0.871923840928936	"All logistic values are the same"	"prevalence"	46	46
"ARGSYN.PWY..L.arginine.biosynthesis.I..via.L.ornithine."	"Termness"	"preterm"	"Termnesspreterm"	NA	0	NA	NA	NA	0.0412008879001662	0.190122532991828	"All logistic values are the same"	"prevalence"	46	46
"ARGSYNBSUB.PWY..L.arginine.biosynthesis.II..acetyl.cycle."	"Read_depth"	"Read_depth"	"Read_depth"	NA	0	NA	NA	NA	0.0334053033482753	0.168512516768003	"All logistic values are the same"	"prevalence"	46	46
"ARGSYNBSUB.PWY..L.arginine.biosynthesis.II..acetyl.cycle."	"Termness"	"preterm"	"Termnesspreterm"	NA	0	NA	NA	NA	0.00449908679339728	0.0554663536021814	"All logistic values are the same"	"prevalence"	46	46
"ARO.PWY..chorismate.biosynthesis.I"	"Read_depth"	"Read_depth"	"Read_depth"	NA	0	NA	NA	NA	0.0354890499912898	0.173637719178165	"All logistic values are the same"	"prevalence"	46	46
"ARO.PWY..chorismate.biosynthesis.I"	"Termness"	"preterm"	"Termnesspreterm"	NA	0	NA	NA	NA	0.00297805586205757	0.0544392627709256	"All logistic values are the same"	"prevalence"	46	46
"ASPASN.PWY..superpathway.of.L.aspartate.and.L.asparagine.biosynthesis"	"Read_depth"	"Read_depth"	"Read_depth"	NA	0	NA	NA	NA	0.845616976361756	0.922694349372272	"All logistic values are the same"	"prevalence"	46	46
"ASPASN.PWY..superpathway.of.L.aspartate.and.L.asparagine.biosynthesis"	"Termness"	"preterm"	"Termnesspreterm"	NA	0	NA	NA	NA	0.295265342683013	0.494704204982086	"All logistic values are the same"	"prevalence"	46	46
"BIOTIN.BIOSYNTHESIS.PWY..biotin.biosynthesis.I"	"Read_depth"	"Read_depth"	"Read_depth"	NA	0	NA	NA	NA	0.0847444859603648	0.277825611433912	"All logistic values are the same"	"prevalence"	46	46
"BIOTIN.BIOSYNTHESIS.PWY..biotin.biosynthesis.I"	"Termness"	"preterm"	"Termnesspreterm"	NA	0	NA	NA	NA	0.00923272120616458	0.0856879518684488	"All logistic values are the same"	"prevalence"	46	46
"BRANCHED.CHAIN.AA.SYN.PWY..superpathway.of.branched.chain.amino.acid.biosynthesis"	"Read_depth"	"Read_depth"	"Read_depth"	NA	0	NA	NA	NA	0.635161786830621	0.799761640125142	"All logistic values are the same"	"prevalence"	46	46
"BRANCHED.CHAIN.AA.SYN.PWY..superpathway.of.branched.chain.amino.acid.biosynthesis"	"Termness"	"preterm"	"Termnesspreterm"	NA	0	NA	NA	NA	0.297810413317356	0.496952326060881	"All logistic values are the same"	"prevalence"	46	46
"CALVIN.PWY..Calvin.Benson.Bassham.cycle"	"Read_depth"	"Read_depth"	"Read_depth"	NA	0	NA	NA	NA	0.582541131863735	0.762565728873923	"All logistic values are the same"	"prevalence"	46	46
"CALVIN.PWY..Calvin.Benson.Bassham.cycle"	"Termness"	"preterm"	"Termnesspreterm"	NA	0	NA	NA	NA	0.367389412764765	0.553765793692876	"All logistic values are the same"	"prevalence"	46	46
"CITRULBIO.PWY..L.citrulline.biosynthesis"	"Read_depth"	"Read_depth"	"Read_depth"	NA	0	NA	NA	NA	0.308332998068351	0.506837063573595	"All logistic values are the same"	"prevalence"	46	46
"CITRULBIO.PWY..L.citrulline.biosynthesis"	"Termness"	"preterm"	"Termnesspreterm"	NA	0	NA	NA	NA	0.263114608753759	0.472728652751451	"All logistic values are the same"	"prevalence"	46	46
"COA.PWY..coenzyme.A.biosynthesis.I..prokaryotic."	"Read_depth"	"Read_depth"	"Read_depth"	NA	0	NA	NA	NA	0.00175177861321019	0.0509904522070622	"All logistic values are the same"	"prevalence"	46	46
"COA.PWY..coenzyme.A.biosynthesis.I..prokaryotic."	"Termness"	"preterm"	"Termnesspreterm"	NA	0	NA	NA	NA	0.00412688599385647	0.0544392627709256	"All logistic values are the same"	"prevalence"	46	46
"COA.PWY.1..superpathway.of.coenzyme.A.biosynthesis.III..mammals."	"Read_depth"	"Read_depth"	"Read_depth"	NA	0	NA	NA	NA	0.00258655285268317	0.0544392627709256	"All logistic values are the same"	"prevalence"	46	46
"COA.PWY.1..superpathway.of.coenzyme.A.biosynthesis.III..mammals."	"Termness"	"preterm"	"Termnesspreterm"	NA	0	NA	NA	NA	0.00339085702728026	0.0544392627709256	"All logistic values are the same"	"prevalence"	46	46
"COMPLETE.ARO.PWY..superpathway.of.aromatic.amino.acid.biosynthesis"	"Read_depth"	"Read_depth"	"Read_depth"	NA	0	NA	NA	NA	0.0258334218548357	0.150512062039997	"All logistic values are the same"	"prevalence"	46	46
"COMPLETE.ARO.PWY..superpathway.of.aromatic.amino.acid.biosynthesis"	"Termness"	"preterm"	"Termnesspreterm"	NA	0	NA	NA	NA	0.00309314089972956	0.0544392627709256	"All logistic values are the same"	"prevalence"	46	46
"DAPLYSINESYN.PWY..L.lysine.biosynthesis.I"	"Read_depth"	"Read_depth"	"Read_depth"	NA	0	NA	NA	NA	0.0480149532651135	0.203965395509295	"All logistic values are the same"	"prevalence"	46	46
"DAPLYSINESYN.PWY..L.lysine.biosynthesis.I"	"Termness"	"preterm"	"Termnesspreterm"	NA	0	NA	NA	NA	0.214442931433024	0.441850153071777	"All logistic values are the same"	"prevalence"	46	46
"FASYN.ELONG.PWY..fatty.acid.elongation....saturated"	"Read_depth"	"Read_depth"	"Read_depth"	NA	0	NA	NA	NA	0.124973355039316	0.348743213724578	"All logistic values are the same"	"prevalence"	46	46
"FASYN.ELONG.PWY..fatty.acid.elongation....saturated"	"Termness"	"preterm"	"Termnesspreterm"	NA	0	NA	NA	NA	0.0334576909805719	0.168512516768003	"All logistic values are the same"	"prevalence"	46	46
"FERMENTATION.PWY..mixed.acid.fermentation"	"Read_depth"	"Read_depth"	"Read_depth"	NA	0	NA	NA	NA	0.0502830250081094	0.209766558872214	"All logistic values are the same"	"prevalence"	46	46
"FERMENTATION.PWY..mixed.acid.fermentation"	"Termness"	"preterm"	"Termnesspreterm"	NA	0	NA	NA	NA	0.0681277570618568	0.252465969926318	"All logistic values are the same"	"prevalence"	46	46
"GLCMANNANAUT.PWY..superpathway.of.N.acetylglucosamine..N.acetylmannosamine.and.N.acetylneuraminate.degradation"	"Read_depth"	"Read_depth"	"Read_depth"	NA	0	NA	NA	NA	0.148866069493944	0.376099716508652	"All logistic values are the same"	"prevalence"	46	46
"GLCMANNANAUT.PWY..superpathway.of.N.acetylglucosamine..N.acetylmannosamine.and.N.acetylneuraminate.degradation"	"Termness"	"preterm"	"Termnesspreterm"	NA	0	NA	NA	NA	0.22865143516743	0.441850153071777	"All logistic values are the same"	"prevalence"	46	46
"GLUCONEO.PWY..gluconeogenesis.I"	"Read_depth"	"Read_depth"	"Read_depth"	NA	0	NA	NA	NA	0.994016174928344	0.997639563172312	"All logistic values are the same"	"prevalence"	46	46
"GLUCONEO.PWY..gluconeogenesis.I"	"Termness"	"preterm"	"Termnesspreterm"	NA	0	NA	NA	NA	0.131813343790177	0.35660290264587	"All logistic values are the same"	"prevalence"	46	46
"GLUCOSE1PMETAB.PWY..glucose.and.glucose.1.phosphate.degradation"	"Read_depth"	"Read_depth"	"Read_depth"	NA	0	NA	NA	NA	0.912976160718685	0.964345663367819	"All logistic values are the same"	"prevalence"	46	46
"GLUCOSE1PMETAB.PWY..glucose.and.glucose.1.phosphate.degradation"	"Termness"	"preterm"	"Termnesspreterm"	NA	0	NA	NA	NA	0.552397791169457	0.734170426507483	"All logistic values are the same"	"prevalence"	46	46
"GLUTORN.PWY..L.ornithine.biosynthesis.I"	"Read_depth"	"Read_depth"	"Read_depth"	NA	0	NA	NA	NA	0.00422072078559665	0.0544736776391068	"All logistic values are the same"	"prevalence"	46	46
"GLUTORN.PWY..L.ornithine.biosynthesis.I"	"Termness"	"preterm"	"Termnesspreterm"	NA	0	NA	NA	NA	0.676875798723166	0.835126310486391	"All logistic values are the same"	"prevalence"	46	46
"GLYCOGENSYNTH.PWY..glycogen.biosynthesis.I..from.ADP.D.Glucose."	"Read_depth"	"Read_depth"	"Read_depth"	NA	0	NA	NA	NA	0.173352856821023	0.401090923625113	"All logistic values are the same"	"prevalence"	46	46
"GLYCOGENSYNTH.PWY..glycogen.biosynthesis.I..from.ADP.D.Glucose."	"Termness"	"preterm"	"Termnesspreterm"	NA	0	NA	NA	NA	0.571942131034111	0.754671246380472	"All logistic values are the same"	"prevalence"	46	46
"GLYCOLYSIS..glycolysis.I..from.glucose.6.phosphate."	"Read_depth"	"Read_depth"	"Read_depth"	NA	0	NA	NA	NA	0.33263037879567	0.523606459471184	"All logistic values are the same"	"prevalence"	46	46
"GLYCOLYSIS..glycolysis.I..from.glucose.6.phosphate."	"Termness"	"preterm"	"Termnesspreterm"	NA	0	NA	NA	NA	0.954050657662885	0.983827519637382	"All logistic values are the same"	"prevalence"	46	46
"HEME.BIOSYNTHESIS.II..heme.b.biosynthesis.I..aerobic."	"Read_depth"	"Read_depth"	"Read_depth"	NA	0	NA	NA	NA	0.323741469308661	0.515241721866964	"All logistic values are the same"	"prevalence"	46	46
"HEME.BIOSYNTHESIS.II..heme.b.biosynthesis.I..aerobic."	"Termness"	"preterm"	"Termnesspreterm"	NA	0	NA	NA	NA	0.0126762229875172	0.101655924152323	"All logistic values are the same"	"prevalence"	46	46
"HEME.BIOSYNTHESIS.II.1..heme.b.biosynthesis.V..aerobic."	"Read_depth"	"Read_depth"	"Read_depth"	NA	0	NA	NA	NA	0.1210949556013	0.343069484682642	"All logistic values are the same"	"prevalence"	46	46
"HEME.BIOSYNTHESIS.II.1..heme.b.biosynthesis.V..aerobic."	"Termness"	"preterm"	"Termnesspreterm"	NA	0	NA	NA	NA	0.00446172959402558	0.0554663536021814	"All logistic values are the same"	"prevalence"	46	46
"HEMESYN2.PWY..heme.b.biosynthesis.II..oxygen.independent."	"Read_depth"	"Read_depth"	"Read_depth"	NA	0	NA	NA	NA	0.404065261404934	0.585540185825396	"All logistic values are the same"	"prevalence"	46	46
"HEMESYN2.PWY..heme.b.biosynthesis.II..oxygen.independent."	"Termness"	"preterm"	"Termnesspreterm"	NA	0	NA	NA	NA	0.0234111185449242	0.139119308763362	"All logistic values are the same"	"prevalence"	46	46
"HISTSYN.PWY..L.histidine.biosynthesis"	"Read_depth"	"Read_depth"	"Read_depth"	NA	0	NA	NA	NA	0.348883716636389	0.537645428995629	"All logistic values are the same"	"prevalence"	46	46
"HISTSYN.PWY..L.histidine.biosynthesis"	"Termness"	"preterm"	"Termnesspreterm"	NA	0	NA	NA	NA	0.00684705103057681	0.0698230142130426	"All logistic values are the same"	"prevalence"	46	46
"HOMOSER.METSYN.PWY..L.methionine.biosynthesis.I"	"Read_depth"	"Read_depth"	"Read_depth"	NA	0	NA	NA	NA	0.000838055384109415	0.0405596622209534	"All logistic values are the same"	"prevalence"	46	46
"HOMOSER.METSYN.PWY..L.methionine.biosynthesis.I"	"Termness"	"preterm"	"Termnesspreterm"	NA	0	NA	NA	NA	0.00144141547255261	0.0451104449780325	"All logistic values are the same"	"prevalence"	46	46
"ILEUSYN.PWY..L.isoleucine.biosynthesis.I..from.threonine."	"Read_depth"	"Read_depth"	"Read_depth"	NA	0	NA	NA	NA	0.609741235001759	0.78449573226083	"All logistic values are the same"	"prevalence"	46	46
"ILEUSYN.PWY..L.isoleucine.biosynthesis.I..from.threonine."	"Termness"	"preterm"	"Termnesspreterm"	NA	0	NA	NA	NA	0.427817739224088	0.613502521873432	"All logistic values are the same"	"prevalence"	46	46
"MET.SAM.PWY..superpathway.of.S.adenosyl.L.methionine.biosynthesis"	"Read_depth"	"Read_depth"	"Read_depth"	NA	0	NA	NA	NA	0.000551930678430068	0.0374902879894506	"All logistic values are the same"	"prevalence"	46	46
"MET.SAM.PWY..superpathway.of.S.adenosyl.L.methionine.biosynthesis"	"Termness"	"preterm"	"Termnesspreterm"	NA	0	NA	NA	NA	0.00268614746943641	0.0544392627709256	"All logistic values are the same"	"prevalence"	46	46
"METSYN.PWY..superpathway.of.L.homoserine.and.L.methionine.biosynthesis"	"Read_depth"	"Read_depth"	"Read_depth"	NA	0	NA	NA	NA	0.00059004085213421	0.0374902879894506	"All logistic values are the same"	"prevalence"	46	46
"METSYN.PWY..superpathway.of.L.homoserine.and.L.methionine.biosynthesis"	"Termness"	"preterm"	"Termnesspreterm"	NA	0	NA	NA	NA	0.00232605201203318	0.0544392627709256	"All logistic values are the same"	"prevalence"	46	46
"NAGLIPASYN.PWY..lipid.IVA.biosynthesis..E..coli."	"Read_depth"	"Read_depth"	"Read_depth"	NA	0	NA	NA	NA	0.0205994476075562	0.130786291459084	"All logistic values are the same"	"prevalence"	46	46
"NAGLIPASYN.PWY..lipid.IVA.biosynthesis..E..coli."	"Termness"	"preterm"	"Termnesspreterm"	NA	0	NA	NA	NA	0.00902963933548473	0.0847554783080726	"All logistic values are the same"	"prevalence"	46	46
"NONMEVIPP.PWY..methylerythritol.phosphate.pathway.I"	"Read_depth"	"Read_depth"	"Read_depth"	NA	0	NA	NA	NA	0.022631873098149	0.138691056050225	"All logistic values are the same"	"prevalence"	46	46
"NONMEVIPP.PWY..methylerythritol.phosphate.pathway.I"	"Termness"	"preterm"	"Termnesspreterm"	NA	0	NA	NA	NA	0.00194987028402638	0.0509904522070622	"All logistic values are the same"	"prevalence"	46	46
"NONOXIPENT.PWY..pentose.phosphate.pathway..non.oxidative.branch..I"	"Read_depth"	"Read_depth"	"Read_depth"	NA	0	NA	NA	NA	0.397407333295285	0.579739697032461	"All logistic values are the same"	"prevalence"	46	46
"NONOXIPENT.PWY..pentose.phosphate.pathway..non.oxidative.branch..I"	"Termness"	"preterm"	"Termnesspreterm"	NA	0	NA	NA	NA	0.935634804761786	0.973934880281775	"All logistic values are the same"	"prevalence"	46	46
"P122.PWY..heterolactic.fermentation"	"Read_depth"	"Read_depth"	"Read_depth"	NA	0	NA	NA	NA	0.886693010122243	0.945859260010095	"All logistic values are the same"	"prevalence"	46	46
"P122.PWY..heterolactic.fermentation"	"Termness"	"preterm"	"Termnesspreterm"	NA	0	NA	NA	NA	0.484143161548925	0.673236113534364	"All logistic values are the same"	"prevalence"	46	46
"P161.PWY..acetylene.degradation..anaerobic."	"Read_depth"	"Read_depth"	"Read_depth"	NA	0	NA	NA	NA	0.378853906779151	0.559809171734488	"All logistic values are the same"	"prevalence"	46	46
"P161.PWY..acetylene.degradation..anaerobic."	"Termness"	"preterm"	"Termnesspreterm"	NA	0	NA	NA	NA	0.00361920333258015	0.0544392627709256	"All logistic values are the same"	"prevalence"	46	46
"P41.PWY..pyruvate.fermentation.to.acetate.and..S..lactate.I"	"Read_depth"	"Read_depth"	"Read_depth"	NA	0	NA	NA	NA	0.260953684326191	0.472728652751451	"All logistic values are the same"	"prevalence"	46	46
"P41.PWY..pyruvate.fermentation.to.acetate.and..S..lactate.I"	"Termness"	"preterm"	"Termnesspreterm"	NA	0	NA	NA	NA	0.616702635131887	0.784894262895129	"All logistic values are the same"	"prevalence"	46	46
"P441.PWY..superpathway.of.N.acetylneuraminate.degradation"	"Read_depth"	"Read_depth"	"Read_depth"	NA	0	NA	NA	NA	0.556525142500775	0.737864795675185	"All logistic values are the same"	"prevalence"	46	46
"P441.PWY..superpathway.of.N.acetylneuraminate.degradation"	"Termness"	"preterm"	"Termnesspreterm"	NA	0	NA	NA	NA	0.964337691918685	0.991958821326069	"All logistic values are the same"	"prevalence"	46	46
"P461.PWY..hexitol.fermentation.to.lactate..formate..ethanol.and.acetate"	"Read_depth"	"Read_depth"	"Read_depth"	NA	0	NA	NA	NA	0.310882929907462	0.507118315935554	"All logistic values are the same"	"prevalence"	46	46
"P461.PWY..hexitol.fermentation.to.lactate..formate..ethanol.and.acetate"	"Termness"	"preterm"	"Termnesspreterm"	NA	0	NA	NA	NA	0.023813645927438	0.140500510971884	"All logistic values are the same"	"prevalence"	46	46
"PANTO.PWY..phosphopantothenate.biosynthesis.I"	"Read_depth"	"Read_depth"	"Read_depth"	NA	0	NA	NA	NA	0.12121030473578	0.343069484682642	"All logistic values are the same"	"prevalence"	46	46
"PANTO.PWY..phosphopantothenate.biosynthesis.I"	"Termness"	"preterm"	"Termnesspreterm"	NA	0	NA	NA	NA	0.171787398806711	0.399708144829136	"All logistic values are the same"	"prevalence"	46	46
"PANTOSYN.PWY..superpathway.of.coenzyme.A.biosynthesis.I..bacteria."	"Read_depth"	"Read_depth"	"Read_depth"	NA	0	NA	NA	NA	0.664737471676883	0.829175139306707	"All logistic values are the same"	"prevalence"	46	46
"PANTOSYN.PWY..superpathway.of.coenzyme.A.biosynthesis.I..bacteria."	"Termness"	"preterm"	"Termnesspreterm"	NA	0	NA	NA	NA	0.805975565499327	0.899302015676315	"All logistic values are the same"	"prevalence"	46	46
"PENTOSE.P.PWY..pentose.phosphate.pathway"	"Read_depth"	"Read_depth"	"Read_depth"	NA	0	NA	NA	NA	0.0947957737665108	0.295476638230709	"All logistic values are the same"	"prevalence"	46	46
"PENTOSE.P.PWY..pentose.phosphate.pathway"	"Termness"	"preterm"	"Termnesspreterm"	NA	0	NA	NA	NA	0.230529061969084	0.441850153071777	"All logistic values are the same"	"prevalence"	46	46
"PEPTIDOGLYCANSYN.PWY..peptidoglycan.biosynthesis.I..meso.diaminopimelate.containing."	"Read_depth"	"Read_depth"	"Read_depth"	NA	0	NA	NA	NA	0.0191360674443359	0.129320539656736	"All logistic values are the same"	"prevalence"	46	46
"PEPTIDOGLYCANSYN.PWY..peptidoglycan.biosynthesis.I..meso.diaminopimelate.containing."	"Termness"	"preterm"	"Termnesspreterm"	NA	0	NA	NA	NA	0.00246611465653201	0.0544392627709256	"All logistic values are the same"	"prevalence"	46	46
"PHOSLIPSYN.PWY..superpathway.of.phospholipid.biosynthesis.I..bacteria."	"Read_depth"	"Read_depth"	"Read_depth"	NA	0	NA	NA	NA	0.216356755735999	0.441850153071777	"All logistic values are the same"	"prevalence"	46	46
"PHOSLIPSYN.PWY..superpathway.of.phospholipid.biosynthesis.I..bacteria."	"Termness"	"preterm"	"Termnesspreterm"	NA	0	NA	NA	NA	0.30532170875991	0.504391462871371	"All logistic values are the same"	"prevalence"	46	46
"POLYISOPRENSYN.PWY..polyisoprenoid.biosynthesis..E..coli."	"Read_depth"	"Read_depth"	"Read_depth"	NA	0	NA	NA	NA	0.227542710086179	0.441850153071777	"All logistic values are the same"	"prevalence"	46	46
"POLYISOPRENSYN.PWY..polyisoprenoid.biosynthesis..E..coli."	"Termness"	"preterm"	"Termnesspreterm"	NA	0	NA	NA	NA	0.516269358148391	0.708930299947883	"All logistic values are the same"	"prevalence"	46	46
"PPGPPMET.PWY..ppGpp.metabolism"	"Read_depth"	"Read_depth"	"Read_depth"	NA	0	NA	NA	NA	0.261488817627641	0.472728652751451	"All logistic values are the same"	"prevalence"	46	46
"PPGPPMET.PWY..ppGpp.metabolism"	"Termness"	"preterm"	"Termnesspreterm"	NA	0	NA	NA	NA	0.00404201717316943	0.0544392627709256	"All logistic values are the same"	"prevalence"	46	46
"PWY.1042..glycolysis.IV"	"Read_depth"	"Read_depth"	"Read_depth"	NA	0	NA	NA	NA	0.0343425213131914	0.171920743058764	"All logistic values are the same"	"prevalence"	46	46
"PWY.1042..glycolysis.IV"	"Termness"	"preterm"	"Termnesspreterm"	NA	0	NA	NA	NA	0.382228922047323	0.563787660019801	"All logistic values are the same"	"prevalence"	46	46
"PWY.1269..CMP.3.deoxy.D.manno.octulosonate.biosynthesis"	"Read_depth"	"Read_depth"	"Read_depth"	NA	0	NA	NA	NA	0.0727741230508213	0.260292312539739	"All logistic values are the same"	"prevalence"	46	46
"PWY.1269..CMP.3.deoxy.D.manno.octulosonate.biosynthesis"	"Termness"	"preterm"	"Termnesspreterm"	NA	0	NA	NA	NA	0.0107076081754434	0.0919484070263733	"All logistic values are the same"	"prevalence"	46	46
"PWY.2941..L.lysine.biosynthesis.II"	"Read_depth"	"Read_depth"	"Read_depth"	NA	0	NA	NA	NA	0.201465583005589	0.441850153071777	"All logistic values are the same"	"prevalence"	46	46
"PWY.2941..L.lysine.biosynthesis.II"	"Termness"	"preterm"	"Termnesspreterm"	NA	0	NA	NA	NA	0.00940254234688997	0.0862944442059013	"All logistic values are the same"	"prevalence"	46	46
"PWY.3001..superpathway.of.L.isoleucine.biosynthesis.I"	"Read_depth"	"Read_depth"	"Read_depth"	NA	0	NA	NA	NA	0.988500830314364	0.996949555359786	"All logistic values are the same"	"prevalence"	46	46
"PWY.3001..superpathway.of.L.isoleucine.biosynthesis.I"	"Termness"	"preterm"	"Termnesspreterm"	NA	0	NA	NA	NA	0.714162438859745	0.859909875361734	"All logistic values are the same"	"prevalence"	46	46
"PWY.3841..folate.transformations.II..plants."	"Read_depth"	"Read_depth"	"Read_depth"	NA	0	NA	NA	NA	0.0195168554034724	0.129320539656736	"All logistic values are the same"	"prevalence"	46	46
"PWY.3841..folate.transformations.II..plants."	"Termness"	"preterm"	"Termnesspreterm"	NA	0	NA	NA	NA	0.000370714571695352	0.030658764374058	"All logistic values are the same"	"prevalence"	46	46
"PWY.4041...gamma..glutamyl.cycle"	"Read_depth"	"Read_depth"	"Read_depth"	NA	0	NA	NA	NA	0.313111793132122	0.507118315935554	"All logistic values are the same"	"prevalence"	46	46
"PWY.4041...gamma..glutamyl.cycle"	"Termness"	"preterm"	"Termnesspreterm"	NA	0	NA	NA	NA	0.685243404537717	0.84200005723685	"All logistic values are the same"	"prevalence"	46	46
"PWY.5097..L.lysine.biosynthesis.VI"	"Read_depth"	"Read_depth"	"Read_depth"	NA	0	NA	NA	NA	0.0309698943295751	0.161905903267272	"All logistic values are the same"	"prevalence"	46	46
"PWY.5097..L.lysine.biosynthesis.VI"	"Termness"	"preterm"	"Termnesspreterm"	NA	0	NA	NA	NA	0.00384553544911714	0.0544392627709256	"All logistic values are the same"	"prevalence"	46	46
"PWY.5100..pyruvate.fermentation.to.acetate.and.lactate.II"	"Read_depth"	"Read_depth"	"Read_depth"	NA	0	NA	NA	NA	0.23883182577862	0.450399744504887	"All logistic values are the same"	"prevalence"	46	46
"PWY.5100..pyruvate.fermentation.to.acetate.and.lactate.II"	"Termness"	"preterm"	"Termnesspreterm"	NA	0	NA	NA	NA	0.94875326052074	0.981304468692803	"All logistic values are the same"	"prevalence"	46	46
"PWY.5103..L.isoleucine.biosynthesis.III"	"Read_depth"	"Read_depth"	"Read_depth"	NA	0	NA	NA	NA	0.711858367711284	0.858468017441603	"All logistic values are the same"	"prevalence"	46	46
"PWY.5103..L.isoleucine.biosynthesis.III"	"Termness"	"preterm"	"Termnesspreterm"	NA	0	NA	NA	NA	0.59711479868197	0.777690027337677	"All logistic values are the same"	"prevalence"	46	46
"PWY.5121..superpathway.of.geranylgeranyl.diphosphate.biosynthesis.II..via.MEP."	"Read_depth"	"Read_depth"	"Read_depth"	NA	0	NA	NA	NA	0.867947876604582	0.934713097881857	"All logistic values are the same"	"prevalence"	46	46
"PWY.5121..superpathway.of.geranylgeranyl.diphosphate.biosynthesis.II..via.MEP."	"Termness"	"preterm"	"Termnesspreterm"	NA	0	NA	NA	NA	0.0520191807620276	0.212712095591261	"All logistic values are the same"	"prevalence"	46	46
"PWY.5154..L.arginine.biosynthesis.III..via.N.acetyl.L.citrulline."	"Read_depth"	"Read_depth"	"Read_depth"	NA	0	NA	NA	NA	0.0145740733818867	0.107829836498089	"All logistic values are the same"	"prevalence"	46	46
"PWY.5154..L.arginine.biosynthesis.III..via.N.acetyl.L.citrulline."	"Termness"	"preterm"	"Termnesspreterm"	NA	0	NA	NA	NA	0.022472962007444	0.138691056050225	"All logistic values are the same"	"prevalence"	46	46
"PWY.5188..tetrapyrrole.biosynthesis.I..from.glutamate."	"Read_depth"	"Read_depth"	"Read_depth"	NA	0	NA	NA	NA	0.0135292827113452	0.104307060229092	"All logistic values are the same"	"prevalence"	46	46
"PWY.5188..tetrapyrrole.biosynthesis.I..from.glutamate."	"Termness"	"preterm"	"Termnesspreterm"	NA	0	NA	NA	NA	1	1	"All logistic values are the same"	"prevalence"	46	46
"PWY.5189..tetrapyrrole.biosynthesis.II..from.glycine."	"Read_depth"	"Read_depth"	"Read_depth"	NA	0	NA	NA	NA	0.277846888491573	0.489416616654264	"All logistic values are the same"	"prevalence"	46	46
"PWY.5189..tetrapyrrole.biosynthesis.II..from.glycine."	"Termness"	"preterm"	"Termnesspreterm"	NA	0	NA	NA	NA	0.60378479589739	0.780479251034811	"All logistic values are the same"	"prevalence"	46	46
"PWY.5347..superpathway.of.L.methionine.biosynthesis..transsulfuration."	"Read_depth"	"Read_depth"	"Read_depth"	NA	0	NA	NA	NA	0.000644459656616192	0.0380231197403553	"All logistic values are the same"	"prevalence"	46	46
"PWY.5347..superpathway.of.L.methionine.biosynthesis..transsulfuration."	"Termness"	"preterm"	"Termnesspreterm"	NA	0	NA	NA	NA	0.00331786755983154	0.0544392627709256	"All logistic values are the same"	"prevalence"	46	46
"PWY.5384..sucrose.degradation.IV..sucrose.phosphorylase."	"Read_depth"	"Read_depth"	"Read_depth"	NA	0	NA	NA	NA	0.262223472787654	0.472728652751451	"All logistic values are the same"	"prevalence"	46	46
"PWY.5384..sucrose.degradation.IV..sucrose.phosphorylase."	"Termness"	"preterm"	"Termnesspreterm"	NA	0	NA	NA	NA	0.117213790770597	0.338526542575221	"All logistic values are the same"	"prevalence"	46	46
"PWY.5484..glycolysis.II..from.fructose.6.phosphate."	"Read_depth"	"Read_depth"	"Read_depth"	NA	0	NA	NA	NA	0.251211493064558	0.463171190337779	"All logistic values are the same"	"prevalence"	46	46
"PWY.5484..glycolysis.II..from.fructose.6.phosphate."	"Termness"	"preterm"	"Termnesspreterm"	NA	0	NA	NA	NA	0.970510568005643	0.993360259197846	"All logistic values are the same"	"prevalence"	46	46
"PWY.5659..GDP.mannose.biosynthesis"	"Read_depth"	"Read_depth"	"Read_depth"	NA	0	NA	NA	NA	0.451539996568633	0.639746204400842	"All logistic values are the same"	"prevalence"	46	46
"PWY.5659..GDP.mannose.biosynthesis"	"Termness"	"preterm"	"Termnesspreterm"	NA	0	NA	NA	NA	0.230993463079054	0.441850153071777	"All logistic values are the same"	"prevalence"	46	46
"PWY.5667..CDP.diacylglycerol.biosynthesis.I"	"Read_depth"	"Read_depth"	"Read_depth"	NA	0	NA	NA	NA	0.0279783051412121	0.155416939115301	"All logistic values are the same"	"prevalence"	46	46
"PWY.5667..CDP.diacylglycerol.biosynthesis.I"	"Termness"	"preterm"	"Termnesspreterm"	NA	0	NA	NA	NA	0.0643287037438558	0.243740868313876	"All logistic values are the same"	"prevalence"	46	46
"PWY.5675..nitrate.reduction.V..assimilatory."	"Read_depth"	"Read_depth"	"Read_depth"	NA	0	NA	NA	NA	0.852410080072834	0.925217774165784	"All logistic values are the same"	"prevalence"	46	46
"PWY.5675..nitrate.reduction.V..assimilatory."	"Termness"	"preterm"	"Termnesspreterm"	NA	0	NA	NA	NA	0.0258924074694378	0.150512062039997	"All logistic values are the same"	"prevalence"	46	46
"PWY.5686..UMP.biosynthesis.I"	"Read_depth"	"Read_depth"	"Read_depth"	NA	0	NA	NA	NA	0.0839621840459998	0.277825611433912	"All logistic values are the same"	"prevalence"	46	46
"PWY.5686..UMP.biosynthesis.I"	"Termness"	"preterm"	"Termnesspreterm"	NA	0	NA	NA	NA	0.00350821983283633	0.0544392627709256	"All logistic values are the same"	"prevalence"	46	46
"PWY.5695..inosine.5..phosphate.degradation"	"Read_depth"	"Read_depth"	"Read_depth"	NA	0	NA	NA	NA	0.00618459729203691	0.0669066099104663	"All logistic values are the same"	"prevalence"	46	46
"PWY.5695..inosine.5..phosphate.degradation"	"Termness"	"preterm"	"Termnesspreterm"	NA	0	NA	NA	NA	0.150517406115013	0.377894764288757	"All logistic values are the same"	"prevalence"	46	46
"PWY.5837..2.carboxy.1.4.naphthoquinol.biosynthesis"	"Read_depth"	"Read_depth"	"Read_depth"	NA	0	NA	NA	NA	0.253683536291648	0.46668730729822	"All logistic values are the same"	"prevalence"	46	46
"PWY.5837..2.carboxy.1.4.naphthoquinol.biosynthesis"	"Termness"	"preterm"	"Termnesspreterm"	NA	0	NA	NA	NA	0.0306160822873023	0.161075694072049	"All logistic values are the same"	"prevalence"	46	46
"PWY.5840..superpathway.of.menaquinol.7.biosynthesis"	"Read_depth"	"Read_depth"	"Read_depth"	NA	0	NA	NA	NA	0.378324262341075	0.559809171734488	"All logistic values are the same"	"prevalence"	46	46
"PWY.5840..superpathway.of.menaquinol.7.biosynthesis"	"Termness"	"preterm"	"Termnesspreterm"	NA	0	NA	NA	NA	0.0697208839060791	0.25482057569213	"All logistic values are the same"	"prevalence"	46	46
"PWY.5897..superpathway.of.menaquinol.11.biosynthesis"	"Read_depth"	"Read_depth"	"Read_depth"	NA	0	NA	NA	NA	0.340608042591564	0.531837888810268	"All logistic values are the same"	"prevalence"	46	46
"PWY.5897..superpathway.of.menaquinol.11.biosynthesis"	"Termness"	"preterm"	"Termnesspreterm"	NA	0	NA	NA	NA	0.0301281511184029	0.161075694072049	"All logistic values are the same"	"prevalence"	46	46
"PWY.5898..superpathway.of.menaquinol.12.biosynthesis"	"Read_depth"	"Read_depth"	"Read_depth"	NA	0	NA	NA	NA	0.341807068885497	0.532703092263057	"All logistic values are the same"	"prevalence"	46	46
"PWY.5898..superpathway.of.menaquinol.12.biosynthesis"	"Termness"	"preterm"	"Termnesspreterm"	NA	0	NA	NA	NA	0.0298096587328613	0.161075694072049	"All logistic values are the same"	"prevalence"	46	46
"PWY.5899..superpathway.of.menaquinol.13.biosynthesis"	"Read_depth"	"Read_depth"	"Read_depth"	NA	0	NA	NA	NA	0.34033215939394	0.531837888810268	"All logistic values are the same"	"prevalence"	46	46
"PWY.5899..superpathway.of.menaquinol.13.biosynthesis"	"Termness"	"preterm"	"Termnesspreterm"	NA	0	NA	NA	NA	0.0303514916951824	0.161075694072049	"All logistic values are the same"	"prevalence"	46	46
"PWY.5913..partial.TCA.cycle..obligate.autotrophs."	"Read_depth"	"Read_depth"	"Read_depth"	NA	0	NA	NA	NA	0.22182160885547	0.441850153071777	"All logistic values are the same"	"prevalence"	46	46
"PWY.5913..partial.TCA.cycle..obligate.autotrophs."	"Termness"	"preterm"	"Termnesspreterm"	NA	0	NA	NA	NA	0.031463238690661	0.16279524510687	"All logistic values are the same"	"prevalence"	46	46
"PWY.5918..superpathway.of.heme.b.biosynthesis.from.glutamate"	"Read_depth"	"Read_depth"	"Read_depth"	NA	0	NA	NA	NA	0.928514716583455	0.972175888259846	"All logistic values are the same"	"prevalence"	46	46
"PWY.5918..superpathway.of.heme.b.biosynthesis.from.glutamate"	"Termness"	"preterm"	"Termnesspreterm"	NA	0	NA	NA	NA	0.0422159903256463	0.192689263933314	"All logistic values are the same"	"prevalence"	46	46
"PWY.5941..glycogen.degradation.II"	"Read_depth"	"Read_depth"	"Read_depth"	NA	0	NA	NA	NA	0.247488706322318	0.459383531285921	"All logistic values are the same"	"prevalence"	46	46
"PWY.5941..glycogen.degradation.II"	"Termness"	"preterm"	"Termnesspreterm"	NA	0	NA	NA	NA	0.74798720828306	0.871923840928936	"All logistic values are the same"	"prevalence"	46	46
"PWY.5973..cis.vaccenate.biosynthesis"	"Read_depth"	"Read_depth"	"Read_depth"	NA	0	NA	NA	NA	0.154872635745235	0.383649276110934	"All logistic values are the same"	"prevalence"	46	46
"PWY.5973..cis.vaccenate.biosynthesis"	"Termness"	"preterm"	"Termnesspreterm"	NA	0	NA	NA	NA	0.199423243557632	0.441850153071777	"All logistic values are the same"	"prevalence"	46	46
"PWY.5981..CDP.diacylglycerol.biosynthesis.III"	"Read_depth"	"Read_depth"	"Read_depth"	NA	0	NA	NA	NA	0.0544496366022449	0.219392194309533	"All logistic values are the same"	"prevalence"	46	46
"PWY.5981..CDP.diacylglycerol.biosynthesis.III"	"Termness"	"preterm"	"Termnesspreterm"	NA	0	NA	NA	NA	0.472283437009116	0.662319387045041	"All logistic values are the same"	"prevalence"	46	46
"PWY.5989..stearate.biosynthesis.II..bacteria.and.plants."	"Read_depth"	"Read_depth"	"Read_depth"	NA	0	NA	NA	NA	0.126750033827681	0.351327274972027	"All logistic values are the same"	"prevalence"	46	46
"PWY.5989..stearate.biosynthesis.II..bacteria.and.plants."	"Termness"	"preterm"	"Termnesspreterm"	NA	0	NA	NA	NA	0.0552066515645913	0.220302549299784	"All logistic values are the same"	"prevalence"	46	46
"PWY.6121..5.aminoimidazole.ribonucleotide.biosynthesis.I"	"Read_depth"	"Read_depth"	"Read_depth"	NA	0	NA	NA	NA	0.00144441442380239	0.0451104449780325	"All logistic values are the same"	"prevalence"	46	46
"PWY.6121..5.aminoimidazole.ribonucleotide.biosynthesis.I"	"Termness"	"preterm"	"Termnesspreterm"	NA	0	NA	NA	NA	8.22045997460608e-05	0.0217859485927126	"All logistic values are the same"	"prevalence"	46	46
"PWY.6122..5.aminoimidazole.ribonucleotide.biosynthesis.II"	"Read_depth"	"Read_depth"	"Read_depth"	NA	0	NA	NA	NA	0.00186307786334305	0.0509904522070622	"All logistic values are the same"	"prevalence"	46	46
"PWY.6122..5.aminoimidazole.ribonucleotide.biosynthesis.II"	"Termness"	"preterm"	"Termnesspreterm"	NA	0	NA	NA	NA	0.000195745050411533	0.0217859485927126	"All logistic values are the same"	"prevalence"	46	46
"PWY.6123..inosine.5..phosphate.biosynthesis.I"	"Read_depth"	"Read_depth"	"Read_depth"	NA	0	NA	NA	NA	0.00529437756386208	0.0609619708922942	"All logistic values are the same"	"prevalence"	46	46
"PWY.6123..inosine.5..phosphate.biosynthesis.I"	"Termness"	"preterm"	"Termnesspreterm"	NA	0	NA	NA	NA	0.000468975941880334	0.0352158298175596	"All logistic values are the same"	"prevalence"	46	46
"PWY.6124..inosine.5..phosphate.biosynthesis.II"	"Read_depth"	"Read_depth"	"Read_depth"	NA	0	NA	NA	NA	0.00410113676492385	0.0544392627709256	"All logistic values are the same"	"prevalence"	46	46
"PWY.6124..inosine.5..phosphate.biosynthesis.II"	"Termness"	"preterm"	"Termnesspreterm"	NA	0	NA	NA	NA	0.000171820126365074	0.0217859485927126	"All logistic values are the same"	"prevalence"	46	46
"PWY.6125..superpathway.of.guanosine.nucleotides.de.novo.biosynthesis.II"	"Read_depth"	"Read_depth"	"Read_depth"	NA	0	NA	NA	NA	0.121045362943259	0.343069484682642	"All logistic values are the same"	"prevalence"	46	46
"PWY.6125..superpathway.of.guanosine.nucleotides.de.novo.biosynthesis.II"	"Termness"	"preterm"	"Termnesspreterm"	NA	0	NA	NA	NA	0.856813160494991	0.927559201269806	"All logistic values are the same"	"prevalence"	46	46
"PWY.6126..superpathway.of.adenosine.nucleotides.de.novo.biosynthesis.II"	"Read_depth"	"Read_depth"	"Read_depth"	NA	0	NA	NA	NA	0.0684653477766286	0.252465969926318	"All logistic values are the same"	"prevalence"	46	46
"PWY.6126..superpathway.of.adenosine.nucleotides.de.novo.biosynthesis.II"	"Termness"	"preterm"	"Termnesspreterm"	NA	0	NA	NA	NA	0.278445027769984	0.489416616654264	"All logistic values are the same"	"prevalence"	46	46
"PWY.6147..6.hydroxymethyl.dihydropterin.diphosphate.biosynthesis.I"	"Read_depth"	"Read_depth"	"Read_depth"	NA	0	NA	NA	NA	0.669563228773229	0.831668010476221	"All logistic values are the same"	"prevalence"	46	46
"PWY.6147..6.hydroxymethyl.dihydropterin.diphosphate.biosynthesis.I"	"Termness"	"preterm"	"Termnesspreterm"	NA	0	NA	NA	NA	0.208917140884829	0.441850153071777	"All logistic values are the same"	"prevalence"	46	46
"PWY.6151..S.adenosyl.L.methionine.salvage.I"	"Read_depth"	"Read_depth"	"Read_depth"	NA	0	NA	NA	NA	0.00898231408957118	0.0847554783080726	"All logistic values are the same"	"prevalence"	46	46
"PWY.6151..S.adenosyl.L.methionine.salvage.I"	"Termness"	"preterm"	"Termnesspreterm"	NA	0	NA	NA	NA	0.00015995033437477	0.0217859485927126	"All logistic values are the same"	"prevalence"	46	46
"PWY.6163..chorismate.biosynthesis.from.3.dehydroquinate"	"Read_depth"	"Read_depth"	"Read_depth"	NA	0	NA	NA	NA	0.0438033305535823	0.197439972505277	"All logistic values are the same"	"prevalence"	46	46
"PWY.6163..chorismate.biosynthesis.from.3.dehydroquinate"	"Termness"	"preterm"	"Termnesspreterm"	NA	0	NA	NA	NA	0.00147455449686063	0.0451104449780325	"All logistic values are the same"	"prevalence"	46	46
"PWY.621..sucrose.degradation.III..sucrose.invertase."	"Read_depth"	"Read_depth"	"Read_depth"	NA	0	NA	NA	NA	0.365831643586554	0.552425845708398	"All logistic values are the same"	"prevalence"	46	46
"PWY.621..sucrose.degradation.III..sucrose.invertase."	"Termness"	"preterm"	"Termnesspreterm"	NA	0	NA	NA	NA	0.0475656872614919	0.203965395509295	"All logistic values are the same"	"prevalence"	46	46
"PWY.6270..isoprene.biosynthesis.I"	"Read_depth"	"Read_depth"	"Read_depth"	NA	0	NA	NA	NA	0.957059876653823	0.985700072463913	"All logistic values are the same"	"prevalence"	46	46
"PWY.6270..isoprene.biosynthesis.I"	"Termness"	"preterm"	"Termnesspreterm"	NA	0	NA	NA	NA	0.869966336272281	0.93566691895951	"All logistic values are the same"	"prevalence"	46	46
"PWY.6277..superpathway.of.5.aminoimidazole.ribonucleotide.biosynthesis"	"Read_depth"	"Read_depth"	"Read_depth"	NA	0	NA	NA	NA	0.00192342037349946	0.0509904522070622	"All logistic values are the same"	"prevalence"	46	46
"PWY.6277..superpathway.of.5.aminoimidazole.ribonucleotide.biosynthesis"	"Termness"	"preterm"	"Termnesspreterm"	NA	0	NA	NA	NA	0.000203679784357202	0.0217859485927126	"All logistic values are the same"	"prevalence"	46	46
"PWY.6282..palmitoleate.biosynthesis.I..from..5Z..dodec.5.enoate."	"Read_depth"	"Read_depth"	"Read_depth"	NA	0	NA	NA	NA	0.123330146695672	0.346498983573554	"All logistic values are the same"	"prevalence"	46	46
"PWY.6282..palmitoleate.biosynthesis.I..from..5Z..dodec.5.enoate."	"Termness"	"preterm"	"Termnesspreterm"	NA	0	NA	NA	NA	0.0568509233899452	0.225559498593016	"All logistic values are the same"	"prevalence"	46	46
"PWY.6317..D.galactose.degradation.I..Leloir.pathway."	"Read_depth"	"Read_depth"	"Read_depth"	NA	0	NA	NA	NA	0.012158005058567	0.100054333586207	"All logistic values are the same"	"prevalence"	46	46
"PWY.6317..D.galactose.degradation.I..Leloir.pathway."	"Termness"	"preterm"	"Termnesspreterm"	NA	0	NA	NA	NA	0.397956910674825	0.579739697032461	"All logistic values are the same"	"prevalence"	46	46
"PWY.6385..peptidoglycan.biosynthesis.III..mycobacteria."	"Read_depth"	"Read_depth"	"Read_depth"	NA	0	NA	NA	NA	0.0182367182163883	0.127657027514718	"All logistic values are the same"	"prevalence"	46	46
"PWY.6385..peptidoglycan.biosynthesis.III..mycobacteria."	"Termness"	"preterm"	"Termnesspreterm"	NA	0	NA	NA	NA	0.00381104100230989	0.0544392627709256	"All logistic values are the same"	"prevalence"	46	46
"PWY.6386..UDP.N.acetylmuramoyl.pentapeptide.biosynthesis.II..lysine.containing."	"Read_depth"	"Read_depth"	"Read_depth"	NA	0	NA	NA	NA	0.0207421358125182	0.130786291459084	"All logistic values are the same"	"prevalence"	46	46
"PWY.6386..UDP.N.acetylmuramoyl.pentapeptide.biosynthesis.II..lysine.containing."	"Termness"	"preterm"	"Termnesspreterm"	NA	0	NA	NA	NA	0.00355011658184834	0.0544392627709256	"All logistic values are the same"	"prevalence"	46	46
"PWY.6387..UDP.N.acetylmuramoyl.pentapeptide.biosynthesis.I..meso.diaminopimelate.containing."	"Read_depth"	"Read_depth"	"Read_depth"	NA	0	NA	NA	NA	0.0179170595062712	0.127411473752231	"All logistic values are the same"	"prevalence"	46	46
"PWY.6387..UDP.N.acetylmuramoyl.pentapeptide.biosynthesis.I..meso.diaminopimelate.containing."	"Termness"	"preterm"	"Termnesspreterm"	NA	0	NA	NA	NA	0.00291105272519998	0.0544392627709256	"All logistic values are the same"	"prevalence"	46	46
"PWY.6519..8.amino.7.oxononanoate.biosynthesis.I"	"Read_depth"	"Read_depth"	"Read_depth"	NA	0	NA	NA	NA	0.0481516369543735	0.203965395509295	"All logistic values are the same"	"prevalence"	46	46
"PWY.6519..8.amino.7.oxononanoate.biosynthesis.I"	"Termness"	"preterm"	"Termnesspreterm"	NA	0	NA	NA	NA	0.00718496732889218	0.0715881103393178	"All logistic values are the same"	"prevalence"	46	46
"PWY.6527..stachyose.degradation"	"Read_depth"	"Read_depth"	"Read_depth"	NA	0	NA	NA	NA	0.136083290025278	0.35660290264587	"All logistic values are the same"	"prevalence"	46	46
"PWY.6527..stachyose.degradation"	"Termness"	"preterm"	"Termnesspreterm"	NA	0	NA	NA	NA	0.828229144879106	0.910884817928453	"All logistic values are the same"	"prevalence"	46	46
"PWY.6609..adenine.and.adenosine.salvage.III"	"Read_depth"	"Read_depth"	"Read_depth"	NA	0	NA	NA	NA	0.0066239710443512	0.0683925010329261	"All logistic values are the same"	"prevalence"	46	46
"PWY.6609..adenine.and.adenosine.salvage.III"	"Termness"	"preterm"	"Termnesspreterm"	NA	0	NA	NA	NA	0.0280352589929538	0.155416939115301	"All logistic values are the same"	"prevalence"	46	46
"PWY.6628..superpathway.of.L.phenylalanine.biosynthesis"	"Read_depth"	"Read_depth"	"Read_depth"	NA	0	NA	NA	NA	0.581816049514197	0.762565728873923	"All logistic values are the same"	"prevalence"	46	46
"PWY.6628..superpathway.of.L.phenylalanine.biosynthesis"	"Termness"	"preterm"	"Termnesspreterm"	NA	0	NA	NA	NA	0.849420912456579	0.924402732133247	"All logistic values are the same"	"prevalence"	46	46
"PWY.6629..superpathway.of.L.tryptophan.biosynthesis"	"Read_depth"	"Read_depth"	"Read_depth"	NA	0	NA	NA	NA	0.0789365775259065	0.271777399215294	"All logistic values are the same"	"prevalence"	46	46
"PWY.6629..superpathway.of.L.tryptophan.biosynthesis"	"Termness"	"preterm"	"Termnesspreterm"	NA	0	NA	NA	NA	0.00133403938178911	0.0451104449780325	"All logistic values are the same"	"prevalence"	46	46
"PWY.6630..superpathway.of.L.tyrosine.biosynthesis"	"Read_depth"	"Read_depth"	"Read_depth"	NA	0	NA	NA	NA	0.57550786527648	0.755754366801864	"All logistic values are the same"	"prevalence"	46	46
"PWY.6630..superpathway.of.L.tyrosine.biosynthesis"	"Termness"	"preterm"	"Termnesspreterm"	NA	0	NA	NA	NA	0.242388475571109	0.45606578774883	"All logistic values are the same"	"prevalence"	46	46
"PWY.6700..queuosine.biosynthesis.I..de.novo."	"Read_depth"	"Read_depth"	"Read_depth"	NA	0	NA	NA	NA	0.00538768023624392	0.0609619708922942	"All logistic values are the same"	"prevalence"	46	46
"PWY.6700..queuosine.biosynthesis.I..de.novo."	"Termness"	"preterm"	"Termnesspreterm"	NA	0	NA	NA	NA	0.13607252336932	0.35660290264587	"All logistic values are the same"	"prevalence"	46	46
"PWY.6703..preQ0.biosynthesis"	"Read_depth"	"Read_depth"	"Read_depth"	NA	0	NA	NA	NA	0.0796068537597532	0.272244384819587	"All logistic values are the same"	"prevalence"	46	46
"PWY.6703..preQ0.biosynthesis"	"Termness"	"preterm"	"Termnesspreterm"	NA	0	NA	NA	NA	0.880454263604318	0.942040442664723	"All logistic values are the same"	"prevalence"	46	46
"PWY.6823..molybdopterin.biosynthesis"	"Read_depth"	"Read_depth"	"Read_depth"	NA	0	NA	NA	NA	0.104270097960375	0.310928162148988	"All logistic values are the same"	"prevalence"	46	46
"PWY.6823..molybdopterin.biosynthesis"	"Termness"	"preterm"	"Termnesspreterm"	NA	0	NA	NA	NA	0.828230321693682	0.910884817928453	"All logistic values are the same"	"prevalence"	46	46
"PWY.6859..all.trans.farnesol.biosynthesis"	"Read_depth"	"Read_depth"	"Read_depth"	NA	0	NA	NA	NA	0.873627238579451	0.937163765021592	"All logistic values are the same"	"prevalence"	46	46
"PWY.6859..all.trans.farnesol.biosynthesis"	"Termness"	"preterm"	"Termnesspreterm"	NA	0	NA	NA	NA	0.0693380569841804	0.25454771141748	"All logistic values are the same"	"prevalence"	46	46
"PWY.6897..thiamine.diphosphate.salvage.II"	"Read_depth"	"Read_depth"	"Read_depth"	NA	0	NA	NA	NA	0.0315341879141637	0.16279524510687	"All logistic values are the same"	"prevalence"	46	46
"PWY.6897..thiamine.diphosphate.salvage.II"	"Termness"	"preterm"	"Termnesspreterm"	NA	0	NA	NA	NA	0.0933053225906901	0.293808685337338	"All logistic values are the same"	"prevalence"	46	46
"PWY.6901..superpathway.of.glucose.and.xylose.degradation"	"Read_depth"	"Read_depth"	"Read_depth"	NA	0	NA	NA	NA	0.13157807961005	0.35660290264587	"All logistic values are the same"	"prevalence"	46	46
"PWY.6901..superpathway.of.glucose.and.xylose.degradation"	"Termness"	"preterm"	"Termnesspreterm"	NA	0	NA	NA	NA	0.246611899543166	0.459383531285921	"All logistic values are the same"	"prevalence"	46	46
"PWY.6936..seleno.amino.acid.biosynthesis..plants."	"Read_depth"	"Read_depth"	"Read_depth"	NA	0	NA	NA	NA	0.00818450005204552	0.0804809171784476	"All logistic values are the same"	"prevalence"	46	46
"PWY.6936..seleno.amino.acid.biosynthesis..plants."	"Termness"	"preterm"	"Termnesspreterm"	NA	0	NA	NA	NA	0.602942775380925	0.780479251034811	"All logistic values are the same"	"prevalence"	46	46
"PWY.6969..TCA.cycle.V..2.oxoglutarate.synthase."	"Read_depth"	"Read_depth"	"Read_depth"	NA	0	NA	NA	NA	0.307592706875655	0.506837063573595	"All logistic values are the same"	"prevalence"	46	46
"PWY.6969..TCA.cycle.V..2.oxoglutarate.synthase."	"Termness"	"preterm"	"Termnesspreterm"	NA	0	NA	NA	NA	0.045074501582778	0.200169560792337	"All logistic values are the same"	"prevalence"	46	46
"PWY.702..L.methionine.biosynthesis.II"	"Read_depth"	"Read_depth"	"Read_depth"	NA	0	NA	NA	NA	0.894176689525995	0.949344403018602	"All logistic values are the same"	"prevalence"	46	46
"PWY.702..L.methionine.biosynthesis.II"	"Termness"	"preterm"	"Termnesspreterm"	NA	0	NA	NA	NA	0.677402697367896	0.835126310486391	"All logistic values are the same"	"prevalence"	46	46
"PWY.7111..pyruvate.fermentation.to.isobutanol..engineered."	"Read_depth"	"Read_depth"	"Read_depth"	NA	0	NA	NA	NA	0.332267839883247	0.523606459471184	"All logistic values are the same"	"prevalence"	46	46
"PWY.7111..pyruvate.fermentation.to.isobutanol..engineered."	"Termness"	"preterm"	"Termnesspreterm"	NA	0	NA	NA	NA	0.402042770229173	0.583633265745689	"All logistic values are the same"	"prevalence"	46	46
"PWY.7115..C4.photosynthetic.carbon.assimilation.cycle..NAD.ME.type"	"Read_depth"	"Read_depth"	"Read_depth"	NA	0	NA	NA	NA	0.0875056308408009	0.280944865986899	"All logistic values are the same"	"prevalence"	46	46
"PWY.7115..C4.photosynthetic.carbon.assimilation.cycle..NAD.ME.type"	"Termness"	"preterm"	"Termnesspreterm"	NA	0	NA	NA	NA	0.00615033244844554	0.0669066099104663	"All logistic values are the same"	"prevalence"	46	46
"PWY.7117..C4.photosynthetic.carbon.assimilation.cycle..PEPCK.type"	"Read_depth"	"Read_depth"	"Read_depth"	NA	0	NA	NA	NA	0.166789182829937	0.394750329563119	"All logistic values are the same"	"prevalence"	46	46
"PWY.7117..C4.photosynthetic.carbon.assimilation.cycle..PEPCK.type"	"Termness"	"preterm"	"Termnesspreterm"	NA	0	NA	NA	NA	0.0409902545910232	0.190122532991828	"All logistic values are the same"	"prevalence"	46	46
"PWY.7197..pyrimidine.deoxyribonucleotide.phosphorylation"	"Read_depth"	"Read_depth"	"Read_depth"	NA	0	NA	NA	NA	0.213218830836383	0.441850153071777	"All logistic values are the same"	"prevalence"	46	46
"PWY.7197..pyrimidine.deoxyribonucleotide.phosphorylation"	"Termness"	"preterm"	"Termnesspreterm"	NA	0	NA	NA	NA	0.777128868765132	0.88661387513812	"All logistic values are the same"	"prevalence"	46	46
"PWY.7199..pyrimidine.deoxyribonucleosides.salvage"	"Read_depth"	"Read_depth"	"Read_depth"	NA	0	NA	NA	NA	0.0137644909987543	0.104307060229092	"All logistic values are the same"	"prevalence"	46	46
"PWY.7199..pyrimidine.deoxyribonucleosides.salvage"	"Termness"	"preterm"	"Termnesspreterm"	NA	0	NA	NA	NA	0.0458766605831924	0.200497998104322	"All logistic values are the same"	"prevalence"	46	46
"PWY.7208..superpathway.of.pyrimidine.nucleobases.salvage"	"Read_depth"	"Read_depth"	"Read_depth"	NA	0	NA	NA	NA	0.154114623129128	0.383429755134516	"All logistic values are the same"	"prevalence"	46	46
"PWY.7208..superpathway.of.pyrimidine.nucleobases.salvage"	"Termness"	"preterm"	"Termnesspreterm"	NA	0	NA	NA	NA	0.997368155960724	0.99861309628956	"All logistic values are the same"	"prevalence"	46	46
"PWY.7220..adenosine.deoxyribonucleotides.de.novo.biosynthesis.II"	"Read_depth"	"Read_depth"	"Read_depth"	NA	0	NA	NA	NA	0.222725663226455	0.441850153071777	"All logistic values are the same"	"prevalence"	46	46
"PWY.7220..adenosine.deoxyribonucleotides.de.novo.biosynthesis.II"	"Termness"	"preterm"	"Termnesspreterm"	NA	0	NA	NA	NA	0.790456650267122	0.889989543416932	"All logistic values are the same"	"prevalence"	46	46
"PWY.7221..guanosine.ribonucleotides.de.novo.biosynthesis"	"Read_depth"	"Read_depth"	"Read_depth"	NA	0	NA	NA	NA	0.0470793709825885	0.203599792835697	"All logistic values are the same"	"prevalence"	46	46
"PWY.7221..guanosine.ribonucleotides.de.novo.biosynthesis"	"Termness"	"preterm"	"Termnesspreterm"	NA	0	NA	NA	NA	0.00249700678755627	0.0544392627709256	"All logistic values are the same"	"prevalence"	46	46
"PWY.7222..guanosine.deoxyribonucleotides.de.novo.biosynthesis.II"	"Read_depth"	"Read_depth"	"Read_depth"	NA	0	NA	NA	NA	0.222602436294392	0.441850153071777	"All logistic values are the same"	"prevalence"	46	46
"PWY.7222..guanosine.deoxyribonucleotides.de.novo.biosynthesis.II"	"Termness"	"preterm"	"Termnesspreterm"	NA	0	NA	NA	NA	0.789843840075829	0.889989543416932	"All logistic values are the same"	"prevalence"	46	46
"PWY.7228..superpathway.of.guanosine.nucleotides.de.novo.biosynthesis.I"	"Read_depth"	"Read_depth"	"Read_depth"	NA	0	NA	NA	NA	0.110720364240579	0.324308584619568	"All logistic values are the same"	"prevalence"	46	46
"PWY.7228..superpathway.of.guanosine.nucleotides.de.novo.biosynthesis.I"	"Termness"	"preterm"	"Termnesspreterm"	NA	0	NA	NA	NA	0.751008322763379	0.871923840928936	"All logistic values are the same"	"prevalence"	46	46
"PWY.7229..superpathway.of.adenosine.nucleotides.de.novo.biosynthesis.I"	"Read_depth"	"Read_depth"	"Read_depth"	NA	0	NA	NA	NA	0.0387226727998899	0.183821423751202	"All logistic values are the same"	"prevalence"	46	46
"PWY.7229..superpathway.of.adenosine.nucleotides.de.novo.biosynthesis.I"	"Termness"	"preterm"	"Termnesspreterm"	NA	0	NA	NA	NA	0.0862785522159006	0.280145303920879	"All logistic values are the same"	"prevalence"	46	46
"PWY.7234..inosine.5..phosphate.biosynthesis.III"	"Read_depth"	"Read_depth"	"Read_depth"	NA	0	NA	NA	NA	0.597860977432718	0.777690027337677	"All logistic values are the same"	"prevalence"	46	46
"PWY.7234..inosine.5..phosphate.biosynthesis.III"	"Termness"	"preterm"	"Termnesspreterm"	NA	0	NA	NA	NA	0.247447568402645	0.459383531285921	"All logistic values are the same"	"prevalence"	46	46
"PWY.7238..sucrose.biosynthesis.II"	"Read_depth"	"Read_depth"	"Read_depth"	NA	0	NA	NA	NA	0.0963557303950076	0.296083947579106	"All logistic values are the same"	"prevalence"	46	46
"PWY.7238..sucrose.biosynthesis.II"	"Termness"	"preterm"	"Termnesspreterm"	NA	0	NA	NA	NA	0.0642978819803819	0.243740868313876	"All logistic values are the same"	"prevalence"	46	46
"PWY.724..superpathway.of.L.lysine..L.threonine.and.L.methionine.biosynthesis.II"	"Read_depth"	"Read_depth"	"Read_depth"	NA	0	NA	NA	NA	0.711925656110772	0.858468017441603	"All logistic values are the same"	"prevalence"	46	46
"PWY.724..superpathway.of.L.lysine..L.threonine.and.L.methionine.biosynthesis.II"	"Termness"	"preterm"	"Termnesspreterm"	NA	0	NA	NA	NA	0.570895490531992	0.75449548028708	"All logistic values are the same"	"prevalence"	46	46
"PWY.7282..4.amino.2.methyl.5.diphosphomethylpyrimidine.biosynthesis.II"	"Read_depth"	"Read_depth"	"Read_depth"	NA	0	NA	NA	NA	0.335035605523786	0.526120551640014	"All logistic values are the same"	"prevalence"	46	46
"PWY.7282..4.amino.2.methyl.5.diphosphomethylpyrimidine.biosynthesis.II"	"Termness"	"preterm"	"Termnesspreterm"	NA	0	NA	NA	NA	0.751693627388526	0.871923840928936	"All logistic values are the same"	"prevalence"	46	46
"PWY.7345..superpathway.of.anaerobic.sucrose.degradation"	"Read_depth"	"Read_depth"	"Read_depth"	NA	0	NA	NA	NA	0.0263180877088739	0.150512062039997	"All logistic values are the same"	"prevalence"	46	46
"PWY.7345..superpathway.of.anaerobic.sucrose.degradation"	"Termness"	"preterm"	"Termnesspreterm"	NA	0	NA	NA	NA	0.0411268484263099	0.190122532991828	"All logistic values are the same"	"prevalence"	46	46
"PWY.7356..thiamine.diphosphate.salvage.IV..yeast."	"Read_depth"	"Read_depth"	"Read_depth"	NA	0	NA	NA	NA	0.471725823951715	0.662319387045041	"All logistic values are the same"	"prevalence"	46	46
"PWY.7356..thiamine.diphosphate.salvage.IV..yeast."	"Termness"	"preterm"	"Termnesspreterm"	NA	0	NA	NA	NA	0.805358372162069	0.899302015676315	"All logistic values are the same"	"prevalence"	46	46
"PWY.7357..thiamine.phosphate.formation.from.pyrithiamine.and.oxythiamine..yeast."	"Read_depth"	"Read_depth"	"Read_depth"	NA	0	NA	NA	NA	0.0638496115904084	0.243740868313876	"All logistic values are the same"	"prevalence"	46	46
"PWY.7357..thiamine.phosphate.formation.from.pyrithiamine.and.oxythiamine..yeast."	"Termness"	"preterm"	"Termnesspreterm"	NA	0	NA	NA	NA	0.0921337418643391	0.291580347815878	"All logistic values are the same"	"prevalence"	46	46
"PWY.7400..L.arginine.biosynthesis.IV..archaebacteria."	"Read_depth"	"Read_depth"	"Read_depth"	NA	0	NA	NA	NA	0.375766532487007	0.55980179071393	"All logistic values are the same"	"prevalence"	46	46
"PWY.7400..L.arginine.biosynthesis.IV..archaebacteria."	"Termness"	"preterm"	"Termnesspreterm"	NA	0	NA	NA	NA	0.673150185953325	0.832368343708753	"All logistic values are the same"	"prevalence"	46	46
"PWY.7560..methylerythritol.phosphate.pathway.II"	"Read_depth"	"Read_depth"	"Read_depth"	NA	0	NA	NA	NA	0.875579187665722	0.93803944100115	"All logistic values are the same"	"prevalence"	46	46
"PWY.7560..methylerythritol.phosphate.pathway.II"	"Termness"	"preterm"	"Termnesspreterm"	NA	0	NA	NA	NA	0.690161955432064	0.84205875212243	"All logistic values are the same"	"prevalence"	46	46
"PWY.7663..gondoate.biosynthesis..anaerobic."	"Read_depth"	"Read_depth"	"Read_depth"	NA	0	NA	NA	NA	0.142960075917988	0.364459946630427	"All logistic values are the same"	"prevalence"	46	46
"PWY.7663..gondoate.biosynthesis..anaerobic."	"Termness"	"preterm"	"Termnesspreterm"	NA	0	NA	NA	NA	0.030397022499045	0.161075694072049	"All logistic values are the same"	"prevalence"	46	46
"PWY.7664..oleate.biosynthesis.IV..anaerobic."	"Read_depth"	"Read_depth"	"Read_depth"	NA	0	NA	NA	NA	0.134199598074047	0.35660290264587	"All logistic values are the same"	"prevalence"	46	46
"PWY.7664..oleate.biosynthesis.IV..anaerobic."	"Termness"	"preterm"	"Termnesspreterm"	NA	0	NA	NA	NA	0.0552089923790016	0.220302549299784	"All logistic values are the same"	"prevalence"	46	46
"PWY.7761..NAD.salvage.pathway.II..PNC.IV.cycle."	"Read_depth"	"Read_depth"	"Read_depth"	NA	0	NA	NA	NA	0.697967985441318	0.849074456516242	"All logistic values are the same"	"prevalence"	46	46
"PWY.7761..NAD.salvage.pathway.II..PNC.IV.cycle."	"Termness"	"preterm"	"Termnesspreterm"	NA	0	NA	NA	NA	0.0781556285216385	0.271246004869216	"All logistic values are the same"	"prevalence"	46	46
"PWY.7790..UMP.biosynthesis.II"	"Read_depth"	"Read_depth"	"Read_depth"	NA	0	NA	NA	NA	0.0816480579641015	0.277193225555542	"All logistic values are the same"	"prevalence"	46	46
"PWY.7790..UMP.biosynthesis.II"	"Termness"	"preterm"	"Termnesspreterm"	NA	0	NA	NA	NA	0.0119035592740084	0.100054333586207	"All logistic values are the same"	"prevalence"	46	46
"PWY.7791..UMP.biosynthesis.III"	"Read_depth"	"Read_depth"	"Read_depth"	NA	0	NA	NA	NA	0.100515702175773	0.30524253675437	"All logistic values are the same"	"prevalence"	46	46
"PWY.7791..UMP.biosynthesis.III"	"Termness"	"preterm"	"Termnesspreterm"	NA	0	NA	NA	NA	0.0156773398011043	0.114597191820462	"All logistic values are the same"	"prevalence"	46	46
"PWY.7851..coenzyme.A.biosynthesis.II..eukaryotic."	"Read_depth"	"Read_depth"	"Read_depth"	NA	0	NA	NA	NA	0.00303907787684687	0.0544392627709256	"All logistic values are the same"	"prevalence"	46	46
"PWY.7851..coenzyme.A.biosynthesis.II..eukaryotic."	"Termness"	"preterm"	"Termnesspreterm"	NA	0	NA	NA	NA	0.00403835722756396	0.0544392627709256	"All logistic values are the same"	"prevalence"	46	46
"PWY.7858...5Z..dodecenoate.biosynthesis.II"	"Read_depth"	"Read_depth"	"Read_depth"	NA	0	NA	NA	NA	0.0206137144259075	0.130786291459084	"All logistic values are the same"	"prevalence"	46	46
"PWY.7858...5Z..dodecenoate.biosynthesis.II"	"Termness"	"preterm"	"Termnesspreterm"	NA	0	NA	NA	NA	0.00631805759445081	0.0669066099104663	"All logistic values are the same"	"prevalence"	46	46
"PWY.7953..UDP.N.acetylmuramoyl.pentapeptide.biosynthesis.III..meso.diaminopimelate.containing."	"Read_depth"	"Read_depth"	"Read_depth"	NA	0	NA	NA	NA	0.0132884840383138	0.103549885053276	"All logistic values are the same"	"prevalence"	46	46
"PWY.7953..UDP.N.acetylmuramoyl.pentapeptide.biosynthesis.III..meso.diaminopimelate.containing."	"Termness"	"preterm"	"Termnesspreterm"	NA	0	NA	NA	NA	0.0146209947794019	0.107829836498089	"All logistic values are the same"	"prevalence"	46	46
"PWY.7977..L.methionine.biosynthesis.IV"	"Read_depth"	"Read_depth"	"Read_depth"	NA	0	NA	NA	NA	0.0192752264051317	0.129320539656736	"All logistic values are the same"	"prevalence"	46	46
"PWY.7977..L.methionine.biosynthesis.IV"	"Termness"	"preterm"	"Termnesspreterm"	NA	0	NA	NA	NA	0.000862678171351439	0.0405596622209534	"All logistic values are the same"	"prevalence"	46	46
"PWY.8073..lipid.IVA.biosynthesis..P..putida."	"Read_depth"	"Read_depth"	"Read_depth"	NA	0	NA	NA	NA	0.0204109386502185	0.130786291459084	"All logistic values are the same"	"prevalence"	46	46
"PWY.8073..lipid.IVA.biosynthesis..P..putida."	"Termness"	"preterm"	"Termnesspreterm"	NA	0	NA	NA	NA	0.00901403597753103	0.0847554783080726	"All logistic values are the same"	"prevalence"	46	46
"PWY.8178..pentose.phosphate.pathway..non.oxidative.branch..II"	"Read_depth"	"Read_depth"	"Read_depth"	NA	0	NA	NA	NA	0.0704074527031222	0.256196281642198	"All logistic values are the same"	"prevalence"	46	46
"PWY.8178..pentose.phosphate.pathway..non.oxidative.branch..II"	"Termness"	"preterm"	"Termnesspreterm"	NA	0	NA	NA	NA	0.613011227600401	0.784894262895129	"All logistic values are the same"	"prevalence"	46	46
"PWY.8187..L.arginine.degradation.XIII..reductive.Stickland.reaction."	"Read_depth"	"Read_depth"	"Read_depth"	NA	0	NA	NA	NA	0.000883866731207217	0.0405596622209534	"All logistic values are the same"	"prevalence"	46	46
"PWY.8187..L.arginine.degradation.XIII..reductive.Stickland.reaction."	"Termness"	"preterm"	"Termnesspreterm"	NA	0	NA	NA	NA	0.456625023537266	0.645842927126338	"All logistic values are the same"	"prevalence"	46	46
"PWY.841..superpathway.of.purine.nucleotides.de.novo.biosynthesis.I"	"Read_depth"	"Read_depth"	"Read_depth"	NA	0	NA	NA	NA	0.0122342466007348	0.100054333586207	"All logistic values are the same"	"prevalence"	46	46
"PWY.841..superpathway.of.purine.nucleotides.de.novo.biosynthesis.I"	"Termness"	"preterm"	"Termnesspreterm"	NA	0	NA	NA	NA	0.260976647972733	0.472728652751451	"All logistic values are the same"	"prevalence"	46	46
"PWY.I9..L.cysteine.biosynthesis.VI..from.L.methionine."	"Read_depth"	"Read_depth"	"Read_depth"	NA	0	NA	NA	NA	0.871984552148381	0.93661799749618	"All logistic values are the same"	"prevalence"	46	46
"PWY.I9..L.cysteine.biosynthesis.VI..from.L.methionine."	"Termness"	"preterm"	"Termnesspreterm"	NA	0	NA	NA	NA	0.0718936922821689	0.25931960622302	"All logistic values are the same"	"prevalence"	46	46
"PWY0.1061..superpathway.of.L.alanine.biosynthesis"	"Read_depth"	"Read_depth"	"Read_depth"	NA	0	NA	NA	NA	0.18238765485397	0.419644019246183	"All logistic values are the same"	"prevalence"	46	46
"PWY0.1061..superpathway.of.L.alanine.biosynthesis"	"Termness"	"preterm"	"Termnesspreterm"	NA	0	NA	NA	NA	0.467261908209879	0.657509942387325	"All logistic values are the same"	"prevalence"	46	46
"PWY0.1241..ADP.L.glycero..beta..D.manno.heptose.biosynthesis"	"Read_depth"	"Read_depth"	"Read_depth"	NA	0	NA	NA	NA	0.043981785642822	0.197439972505277	"All logistic values are the same"	"prevalence"	46	46
"PWY0.1241..ADP.L.glycero..beta..D.manno.heptose.biosynthesis"	"Termness"	"preterm"	"Termnesspreterm"	NA	0	NA	NA	NA	0.0123592191938751	0.100085441707263	"All logistic values are the same"	"prevalence"	46	46
"PWY0.1261..anhydromuropeptides.recycling.I"	"Read_depth"	"Read_depth"	"Read_depth"	NA	0	NA	NA	NA	0.013744083493859	0.104307060229092	"All logistic values are the same"	"prevalence"	46	46
"PWY0.1261..anhydromuropeptides.recycling.I"	"Termness"	"preterm"	"Termnesspreterm"	NA	0	NA	NA	NA	0.00126570893460975	0.0451104449780325	"All logistic values are the same"	"prevalence"	46	46
"PWY0.1296..purine.ribonucleosides.degradation"	"Read_depth"	"Read_depth"	"Read_depth"	NA	0	NA	NA	NA	0.00209888059932217	0.0509904522070622	"All logistic values are the same"	"prevalence"	46	46
"PWY0.1296..purine.ribonucleosides.degradation"	"Termness"	"preterm"	"Termnesspreterm"	NA	0	NA	NA	NA	0.0537153104485224	0.217494345247449	"All logistic values are the same"	"prevalence"	46	46
"PWY0.1297..superpathway.of.purine.deoxyribonucleosides.degradation"	"Read_depth"	"Read_depth"	"Read_depth"	NA	0	NA	NA	NA	0.0860134537682368	0.280145303920879	"All logistic values are the same"	"prevalence"	46	46
"PWY0.1297..superpathway.of.purine.deoxyribonucleosides.degradation"	"Termness"	"preterm"	"Termnesspreterm"	NA	0	NA	NA	NA	0.384248626122232	0.565756444165711	"All logistic values are the same"	"prevalence"	46	46
"PWY0.1298..superpathway.of.pyrimidine.deoxyribonucleosides.degradation"	"Read_depth"	"Read_depth"	"Read_depth"	NA	0	NA	NA	NA	0.159623393809688	0.389685337142704	"All logistic values are the same"	"prevalence"	46	46
"PWY0.1298..superpathway.of.pyrimidine.deoxyribonucleosides.degradation"	"Termness"	"preterm"	"Termnesspreterm"	NA	0	NA	NA	NA	0.892385075940112	0.948661612260659	"All logistic values are the same"	"prevalence"	46	46
"PWY0.1319..CDP.diacylglycerol.biosynthesis.II"	"Read_depth"	"Read_depth"	"Read_depth"	NA	0	NA	NA	NA	0.0284559947381693	0.156697677691519	"All logistic values are the same"	"prevalence"	46	46
"PWY0.1319..CDP.diacylglycerol.biosynthesis.II"	"Termness"	"preterm"	"Termnesspreterm"	NA	0	NA	NA	NA	0.0642198400718677	0.243740868313876	"All logistic values are the same"	"prevalence"	46	46
"PWY0.1415..superpathway.of.heme.b.biosynthesis.from.uroporphyrinogen.III"	"Read_depth"	"Read_depth"	"Read_depth"	NA	0	NA	NA	NA	0.424858247326938	0.61138138029974	"All logistic values are the same"	"prevalence"	46	46
"PWY0.1415..superpathway.of.heme.b.biosynthesis.from.uroporphyrinogen.III"	"Termness"	"preterm"	"Termnesspreterm"	NA	0	NA	NA	NA	0.729051273283262	0.870653421542405	"All logistic values are the same"	"prevalence"	46	46
"PWY0.1477..ethanolamine.utilization"	"Read_depth"	"Read_depth"	"Read_depth"	NA	0	NA	NA	NA	0.810457600075157	0.900993240460403	"All logistic values are the same"	"prevalence"	46	46
"PWY0.1477..ethanolamine.utilization"	"Termness"	"preterm"	"Termnesspreterm"	NA	0	NA	NA	NA	0.214360975175606	0.441850153071777	"All logistic values are the same"	"prevalence"	46	46
"PWY0.1479..tRNA.processing"	"Read_depth"	"Read_depth"	"Read_depth"	NA	0	NA	NA	NA	0.0818827445950995	0.277193225555542	"All logistic values are the same"	"prevalence"	46	46
"PWY0.1479..tRNA.processing"	"Termness"	"preterm"	"Termnesspreterm"	NA	0	NA	NA	NA	0.0847603560306851	0.277825611433912	"All logistic values are the same"	"prevalence"	46	46
"PWY0.1586..peptidoglycan.maturation..meso.diaminopimelate.containing."	"Read_depth"	"Read_depth"	"Read_depth"	NA	0	NA	NA	NA	0.513844465134893	0.707392547002369	"All logistic values are the same"	"prevalence"	46	46
"PWY0.1586..peptidoglycan.maturation..meso.diaminopimelate.containing."	"Termness"	"preterm"	"Termnesspreterm"	NA	0	NA	NA	NA	0.170996979221165	0.399206438806471	"All logistic values are the same"	"prevalence"	46	46
"PWY0.162..superpathway.of.pyrimidine.ribonucleotides.de.novo.biosynthesis"	"Read_depth"	"Read_depth"	"Read_depth"	NA	0	NA	NA	NA	0.375226154633324	0.55980179071393	"All logistic values are the same"	"prevalence"	46	46
"PWY0.162..superpathway.of.pyrimidine.ribonucleotides.de.novo.biosynthesis"	"Termness"	"preterm"	"Termnesspreterm"	NA	0	NA	NA	NA	0.444655931644727	0.632161444988889	"All logistic values are the same"	"prevalence"	46	46
"PWY0.862...5Z..dodecenoate.biosynthesis.I"	"Read_depth"	"Read_depth"	"Read_depth"	NA	0	NA	NA	NA	0.123941959927816	0.347037487797884	"All logistic values are the same"	"prevalence"	46	46
"PWY0.862...5Z..dodecenoate.biosynthesis.I"	"Termness"	"preterm"	"Termnesspreterm"	NA	0	NA	NA	NA	0.0573456352355125	0.225559498593016	"All logistic values are the same"	"prevalence"	46	46
"PWY4FS.7..phosphatidylglycerol.biosynthesis.I..plastidic."	"Read_depth"	"Read_depth"	"Read_depth"	NA	0	NA	NA	NA	0.687673815901007	0.84200005723685	"All logistic values are the same"	"prevalence"	46	46
"PWY4FS.7..phosphatidylglycerol.biosynthesis.I..plastidic."	"Termness"	"preterm"	"Termnesspreterm"	NA	0	NA	NA	NA	0.331327270893159	0.523606459471184	"All logistic values are the same"	"prevalence"	46	46
"PWY4FS.8..phosphatidylglycerol.biosynthesis.II..non.plastidic."	"Read_depth"	"Read_depth"	"Read_depth"	NA	0	NA	NA	NA	0.688075107306142	0.84200005723685	"All logistic values are the same"	"prevalence"	46	46
"PWY4FS.8..phosphatidylglycerol.biosynthesis.II..non.plastidic."	"Termness"	"preterm"	"Termnesspreterm"	NA	0	NA	NA	NA	0.332800715765583	0.523606459471184	"All logistic values are the same"	"prevalence"	46	46
"PWY66.389..phytol.degradation"	"Read_depth"	"Read_depth"	"Read_depth"	NA	0	NA	NA	NA	0.393589709773046	0.575407257119532	"All logistic values are the same"	"prevalence"	46	46
"PWY66.389..phytol.degradation"	"Termness"	"preterm"	"Termnesspreterm"	NA	0	NA	NA	NA	0.134635175150948	0.35660290264587	"All logistic values are the same"	"prevalence"	46	46
"PWY66.409..superpathway.of.purine.nucleotide.salvage"	"Read_depth"	"Read_depth"	"Read_depth"	NA	0	NA	NA	NA	0.0277023087916485	0.155416939115301	"All logistic values are the same"	"prevalence"	46	46
"PWY66.409..superpathway.of.purine.nucleotide.salvage"	"Termness"	"preterm"	"Termnesspreterm"	NA	0	NA	NA	NA	0.809896796606712	0.900993240460403	"All logistic values are the same"	"prevalence"	46	46
"PWY66.429..fatty.acid.biosynthesis.initiation..mitochondria."	"Read_depth"	"Read_depth"	"Read_depth"	NA	0	NA	NA	NA	0.0846670709226145	0.277825611433912	"All logistic values are the same"	"prevalence"	46	46
"PWY66.429..fatty.acid.biosynthesis.initiation..mitochondria."	"Termness"	"preterm"	"Termnesspreterm"	NA	0	NA	NA	NA	0.3047193849398	0.504391462871371	"All logistic values are the same"	"prevalence"	46	46
"RHAMCAT.PWY..L.rhamnose.degradation.I"	"Read_depth"	"Read_depth"	"Read_depth"	NA	0	NA	NA	NA	0.608061270132657	0.783554772433034	"All logistic values are the same"	"prevalence"	46	46
"RHAMCAT.PWY..L.rhamnose.degradation.I"	"Termness"	"preterm"	"Termnesspreterm"	NA	0	NA	NA	NA	0.199633940651436	0.441850153071777	"All logistic values are the same"	"prevalence"	46	46
"RIBOSYN2.PWY..flavin.biosynthesis.I..bacteria.and.plants."	"Read_depth"	"Read_depth"	"Read_depth"	NA	0	NA	NA	NA	0.984561732062057	0.996627439562818	"All logistic values are the same"	"prevalence"	46	46
"RIBOSYN2.PWY..flavin.biosynthesis.I..bacteria.and.plants."	"Termness"	"preterm"	"Termnesspreterm"	NA	0	NA	NA	NA	0.37681573321664	0.55980179071393	"All logistic values are the same"	"prevalence"	46	46
"SER.GLYSYN.PWY..superpathway.of.L.serine.and.glycine.biosynthesis.I"	"Read_depth"	"Read_depth"	"Read_depth"	NA	0	NA	NA	NA	0.401937213470624	0.583633265745689	"All logistic values are the same"	"prevalence"	46	46
"SER.GLYSYN.PWY..superpathway.of.L.serine.and.glycine.biosynthesis.I"	"Termness"	"preterm"	"Termnesspreterm"	NA	0	NA	NA	NA	0.83236270760584	0.913056569033764	"All logistic values are the same"	"prevalence"	46	46
"SO4ASSIM.PWY..assimilatory.sulfate.reduction.I"	"Read_depth"	"Read_depth"	"Read_depth"	NA	0	NA	NA	NA	0.0710697303567919	0.257471917871535	"All logistic values are the same"	"prevalence"	46	46
"SO4ASSIM.PWY..assimilatory.sulfate.reduction.I"	"Termness"	"preterm"	"Termnesspreterm"	NA	0	NA	NA	NA	0.00209412252752994	0.0509904522070622	"All logistic values are the same"	"prevalence"	46	46
"SULFATE.CYS.PWY..superpathway.of.sulfate.assimilation.and.cysteine.biosynthesis"	"Read_depth"	"Read_depth"	"Read_depth"	NA	0	NA	NA	NA	0.161863583219243	0.389685337142704	"All logistic values are the same"	"prevalence"	46	46
"SULFATE.CYS.PWY..superpathway.of.sulfate.assimilation.and.cysteine.biosynthesis"	"Termness"	"preterm"	"Termnesspreterm"	NA	0	NA	NA	NA	0.0264216089537525	0.150512062039997	"All logistic values are the same"	"prevalence"	46	46
"THRESYN.PWY..superpathway.of.L.threonine.biosynthesis"	"Read_depth"	"Read_depth"	"Read_depth"	NA	0	NA	NA	NA	0.436876924408492	0.625407867524114	"All logistic values are the same"	"prevalence"	46	46
"THRESYN.PWY..superpathway.of.L.threonine.biosynthesis"	"Termness"	"preterm"	"Termnesspreterm"	NA	0	NA	NA	NA	0.631362828845941	0.796191903246942	"All logistic values are the same"	"prevalence"	46	46
"TRNA.CHARGING.PWY..tRNA.charging"	"Read_depth"	"Read_depth"	"Read_depth"	NA	0	NA	NA	NA	0.00318352512735931	0.0544392627709256	"All logistic values are the same"	"prevalence"	46	46
"TRNA.CHARGING.PWY..tRNA.charging"	"Termness"	"preterm"	"Termnesspreterm"	NA	0	NA	NA	NA	0.00953086264775638	0.086510907110404	"All logistic values are the same"	"prevalence"	46	46
"TRPSYN.PWY..L.tryptophan.biosynthesis"	"Read_depth"	"Read_depth"	"Read_depth"	NA	0	NA	NA	NA	0.331895219739197	0.523606459471184	"All logistic values are the same"	"prevalence"	46	46
"TRPSYN.PWY..L.tryptophan.biosynthesis"	"Termness"	"preterm"	"Termnesspreterm"	NA	0	NA	NA	NA	0.00529257952763529	0.0609619708922942	"All logistic values are the same"	"prevalence"	46	46
"UDPNAGSYN.PWY..UDP.N.acetyl.D.glucosamine.biosynthesis.I"	"Read_depth"	"Read_depth"	"Read_depth"	NA	0	NA	NA	NA	0.0198834243782149	0.129320539656736	"All logistic values are the same"	"prevalence"	46	46
"UDPNAGSYN.PWY..UDP.N.acetyl.D.glucosamine.biosynthesis.I"	"Termness"	"preterm"	"Termnesspreterm"	NA	0	NA	NA	NA	0.104744964899139	0.311220651103198	"All logistic values are the same"	"prevalence"	46	46
"VALSYN.PWY..L.valine.biosynthesis"	"Read_depth"	"Read_depth"	"Read_depth"	NA	0	NA	NA	NA	0.310187823118665	0.507118315935554	"All logistic values are the same"	"prevalence"	46	46
"VALSYN.PWY..L.valine.biosynthesis"	"Termness"	"preterm"	"Termnesspreterm"	NA	0	NA	NA	NA	0.0329317388461146	0.167911211647473	"All logistic values are the same"	"prevalence"	46	46
"X1CMET2.PWY..folate.transformations.III..E..coli."	"Read_depth"	"Read_depth"	"Read_depth"	NA	0	NA	NA	NA	0.172911184238732	0.401090923625113	"All logistic values are the same"	"prevalence"	46	46
"X1CMET2.PWY..folate.transformations.III..E..coli."	"Termness"	"preterm"	"Termnesspreterm"	NA	0	NA	NA	NA	0.364594993587895	0.551566785171431	"All logistic values are the same"	"prevalence"	46	46
