2026-04-20 11:41:21.164938 INFO::Writing function arguments to log file
2026-04-20 11:41:21.167473 DEBUG::Function arguments
2026-04-20 11:41:21.168704 DEBUG::Output folder: ALL_VAR_PATHWAY_MAASLIN_SCFA
2026-04-20 11:41:21.169896 DEBUG::Formula: ~ Termness + Sex + Delivery_mode + Feeding_method + Antibiotics + Probiotics + Ethnicity + Read_depth
2026-04-20 11:41:21.171104 DEBUG::Fixed effects:
2026-04-20 11:41:21.172271 DEBUG::Reference:
2026-04-20 11:41:21.173442 DEBUG::Random effects:
2026-04-20 11:41:21.17461 DEBUG::Group effects:
2026-04-20 11:41:21.17584 DEBUG::Ordered effects:
2026-04-20 11:41:21.17752 DEBUG::Strata effects:
2026-04-20 11:41:21.178738 DEBUG::Min Abundance: 0.000000
2026-04-20 11:41:21.180021 DEBUG::Min Prevalence: 0.000000
2026-04-20 11:41:21.181507 DEBUG::Max Prevalence: 1.010000
2026-04-20 11:41:21.182691 DEBUG::Zero Threshold: 0.000000
2026-04-20 11:41:21.183845 DEBUG::Min variance: 0.000000
2026-04-20 11:41:21.184988 DEBUG::Max significance: 0.100000
2026-04-20 11:41:21.186132 DEBUG::Normalization: NONE
2026-04-20 11:41:21.187271 DEBUG::Transform: LOG
2026-04-20 11:41:21.188384 DEBUG::Correction method: BH
2026-04-20 11:41:21.18959 DEBUG::Standardize: TRUE
2026-04-20 11:41:21.190781 DEBUG::Abundance median comparison: TRUE
2026-04-20 11:41:21.192018 DEBUG::Prevalence median comparison: FALSE
2026-04-20 11:41:21.193304 DEBUG::Abundance median comparison threshold: 0
2026-04-20 11:41:21.194656 DEBUG::Prevalence median comparison threshold: 0
2026-04-20 11:41:21.1958 DEBUG::Subtract median: FALSE
2026-04-20 11:41:21.196942 DEBUG::Warn prevalence: TRUE
2026-04-20 11:41:21.198104 DEBUG::Small random effects: FALSE
2026-04-20 11:41:21.19925 DEBUG::Augment: TRUE
2026-04-20 11:41:21.200461 DEBUG::Evaluate only:
2026-04-20 11:41:21.201653 DEBUG::Cores: 1
2026-04-20 11:41:21.202814 DEBUG::Balanced Summary plot: FALSE
2026-04-20 11:41:21.203992 INFO::Verifying options selected are valid
2026-04-20 11:41:21.206279 INFO::Determining format of input files
2026-04-20 11:41:21.208546 INFO::Input format is data samples as rows and metadata samples as rows
2026-04-20 11:41:21.210836 DEBUG::A total of 46 samples were found in both the data and metadata
2026-04-20 11:41:21.212304 DEBUG::Reordering data/metadata to use same sample ordering
2026-04-20 11:41:21.217503 INFO::Running selected normalization method: NONE
2026-04-20 11:41:21.225795 INFO::Writing normalized data to file ALL_VAR_PATHWAY_MAASLIN_SCFA/features/data_norm.tsv
2026-04-20 11:41:21.26774 INFO::Filter data based on min abundance, min prevalence, and max prevalence
2026-04-20 11:41:21.269807 INFO::Total samples in data: 46
2026-04-20 11:41:21.271817 INFO::Min samples required with min abundance for a feature not to be filtered: 0.000000
2026-04-20 11:41:21.274811 INFO::Max samples allowed with min abundance for a feature not to be filtered: 46.460000
2026-04-20 11:41:21.350155 INFO::Total filtered features: 118
2026-04-20 11:41:21.352774 INFO::Filtered feature names from abundance, min prevalence, and max prevalence filtering: X4.HYDROXYMANDELATE.DEGRADATION.PWY..4.hydroxymandelate.degradation, ERGOSTEROL.SYN.PWY..superpathway.of.ergosterol.biosynthesis.I, MANNOSYL.CHITO.DOLICHOL.BIOSYNTHESIS..protein.N.glycosylation.initial.phase..eukaryotic., METH.ACETATE.PWY..methanogenesis.from.acetate, METHANOGENESIS.PWY..methanogenesis.from.H2.and.CO2, NADSYN.PWY..NAD.de.novo.biosynthesis.II..from.tryptophan., P163.PWY..L.lysine.fermentation.to.acetate.and.butanoate, P261.PWY..coenzyme.M.biosynthesis.I, PROPFERM.PWY..superpathway.of.L.alanine.fermentation..Stickland.reaction., PWY.2201..folate.transformations.I, PWY.3502..superpathway.of.NAD.biosynthesis.in.eukaryotes, PWY.3941...beta..alanine.biosynthesis.II, PWY.4221..superpathway.of.coenzyme.A.biosynthesis.II..plants., PWY.5067..glycogen.biosynthesis.II..from.UDP.D.Glucose., PWY.5079..L.phenylalanine.degradation.III, PWY.5080..very.long.chain.fatty.acid.biosynthesis.I, PWY.5129..sphingolipid.biosynthesis..plants., PWY.5198..factor.420.biosynthesis.II..mycobacteria., PWY.5209..methyl.coenzyme.M.oxidation.to.CO2, PWY.5494..pyruvate.fermentation.to.propanoate.II..acrylate.pathway., PWY.5647..2.nitrobenzoate.degradation.I, PWY.5651..L.tryptophan.degradation.to.2.amino.3.carboxymuconate.semialdehyde, PWY.5652..2.amino.3.carboxymuconate.semialdehyde.degradation.to.glutaryl.CoA, PWY.5655..L.tryptophan.degradation.IX, PWY.5677..succinate.fermentation.to.butanoate, PWY.5742..L.arginine.degradation.IX..arginine.pyruvate.transaminase.pathway., PWY.5870..ubiquinol.8.biosynthesis..late.decarboxylation., PWY.6075..ergosterol.biosynthesis.I, PWY.6143..CMP.pseudaminate.biosynthesis, PWY.6160..3.dehydroquinate.biosynthesis.II..archaea., PWY.6165..chorismate.biosynthesis.II..archaea., PWY.6167..flavin.biosynthesis.II..archaea., PWY.6269..superpathway.of.adenosylcobalamin.salvage.from.cobinamide.II, PWY.6281..L.selenocysteine.biosynthesis.II..archaea.and.eukaryotes., PWY.6309..L.tryptophan.degradation.XI..mammalian..via.kynurenine., PWY.6349..CDP.archaeol.biosynthesis, PWY.6350..archaetidylinositol.biosynthesis, PWY.6351..D.myo.inositol..1.4.5..trisphosphate.biosynthesis, PWY.6352..3.phosphoinositide.biosynthesis, PWY.6471..peptidoglycan.biosynthesis.IV..Enterococcus.faecium., PWY.6478..GDP.D.glycero..alpha..D.manno.heptose.biosynthesis, PWY.6518..bile.acids.epimerization, PWY.6565..superpathway.of.polyamine.biosynthesis.III, PWY.6596..adenosine.nucleotides.degradation.I, PWY.6598..sciadonate.biosynthesis, PWY.6662..superpathway.of.quinolone.and.alkylquinolone.biosynthesis, PWY.6748..nitrate.reduction.VII..denitrification., PWY.6763..salicortin.biosynthesis, PWY.6797..6.hydroxymethyl.dihydropterin.diphosphate.biosynthesis.II..Methanocaldococcus., PWY.6807..xyloglucan.degradation.II..exoglucanase., PWY.6829..tRNA.methylation..yeast., PWY.6837..fatty.acid..beta..oxidation.V..unsaturated..odd.number..di.isomerase.dependent., PWY.6842..glutathione.mediated.detoxification.II, PWY.6891..thiazole.component.of.thiamine.diphosphate.biosynthesis.II, PWY.6953..dTDP.3.acetamido..alpha..D.fucose.biosynthesis, PWY.6981..chitin.biosynthesis, PWY.7031..protein.N.glycosylation..bacterial., PWY.7035...9Z..tricosene.biosynthesis, PWY.7036..very.long.chain.fatty.acid.biosynthesis.II, PWY.7049..icosapentaenoate.biosynthesis.II..6.desaturase..mammals., PWY.7053..docosahexaenoate.biosynthesis.I..lower.eukaryotes., PWY.7156..superpathway.of.ergosterol.biosynthesis.II, PWY.7159..3.8.divinyl.chlorophyllide.a.biosynthesis.III..aerobic..light.independent., PWY.7230..ubiquinol.6.biosynthesis.from.4.aminobenzoate..yeast., PWY.7235..superpathway.of.ubiquinol.6.biosynthesis..late.decarboxylation., PWY.7270..L.methionine.salvage.cycle.II..plants., PWY.7283..wybutosine.biosynthesis, PWY.7286..7..3.amino.3.carboxypropyl..wyosine.biosynthesis, PWY.7316..dTDP.N.acetylviosamine.biosynthesis, PWY.7317..superpathway.of.dTDP.glucose.derived.O.antigen.building.blocks.biosynthesis, PWY.7337..10.cis.heptadecenoyl.CoA.degradation..yeast., PWY.7338..10.trans.heptadecenoyl.CoA.degradation..reductase.dependent..yeast., PWY.7371..1.4.dihydroxy.6.naphthoate.biosynthesis.II, PWY.7374..1.4.dihydroxy.6.naphthoate.biosynthesis.I, PWY.7376..cob.II.yrinate.a.c.diamide.biosynthesis.II..late.cobalt.incorporation., PWY.7377..cob.II.yrinate.a.c.diamide.biosynthesis.I..early.cobalt.insertion., PWY.7411..phosphatidate.biosynthesis..yeast., PWY.7420..monoacylglycerol.metabolism..yeast., PWY.7511..protein.ubiquitination, PWY.7546..diphthamide.biosynthesis.II..eukaryotes., PWY.7574..propanoyl.CoA.degradation.II, PWY.7592..arachidonate.biosynthesis.III..6.desaturase..mammals., PWY.7606..docosahexaenoate.biosynthesis.III..6.desaturase..mammals., PWY.7619..juniperonate.biosynthesis, PWY.7626..bacilysin.biosynthesis, PWY.7717..3.hydroxy.4.methyl.anthranilate.biosynthesis.I, PWY.7724..icosapentaenoate.biosynthesis.III..8.desaturase..mammals., PWY.7725..arachidonate.biosynthesis.V..8.detaturase..mammals., PWY.7726...4Z.7Z.10Z.13Z.16Z..docosapentaenoate.biosynthesis..6.desaturase., PWY.7754..bile.acid.7.alpha..dehydroxylation, PWY.7800..Ac.N.end.rule.pathway, PWY.7815..poly.ribitol.phosphate..wall.teichoic.acid.biosynthesis.I..B..subtilis., PWY.7816..poly.ribitol.phosphate..wall.teichoic.acid.biosynthesis.II..S..aureus., PWY.7819..poly.3.O..beta..D.glucopyranosyl.N.acetylgalactosamine.1.phosphate..wall.teichoic.acid.biosynthesis, PWY.7820..teichuronic.acid.biosynthesis..B..subtilis.168., PWY.7854..crotonyl.CoA.ethylmalonyl.CoA.hydroxybutyryl.CoA.cycle..engineered., PWY.7919..protein.N.glycosylation.processing.phase..plants.and.animals., PWY.7992..superpathway.of.menaquinol.8.biosynthesis.III, PWY.8041..ultra.long.chain.fatty.acid.biosynthesis, PWY.8055..palmitoyl.ethanolamide.biosynthesis, PWY.8112..factor.420.biosynthesis.I..archaea., PWY.8113..3PG.factor.420.biosynthesis, PWY.8134..bile.acid.7.beta..dehydroxylation, PWY.8173..anteiso.branched.chain.fatty.acid.biosynthesis, PWY.8174..odd.iso.branched.chain.fatty.acid.biosynthesis, PWY.8175..even.iso.branched.chain.fatty.acid.biosynthesis, PWY.8188..L.alanine.degradation.VI..reductive.Stickland.reaction., PWY.8189..L.alanine.degradation.V..oxidative.Stickland.reaction., PWY3DJ.12..ceramide.de.novo.biosynthesis, PWY3O.19..ubiquinol.6.biosynthesis..late.decarboxylation., PWY3O.4108..L.tyrosine.degradation.III, PWY490.3..nitrate.reduction.VI..assimilatory., PWY66.201..nicotine.degradation.IV, PWY66.398..TCA.cycle.III..animals., SPHINGOLIPID.SYN.PWY..sphingolipid.biosynthesis..yeast., TEICHOICACID.PWY..poly.glycerol.phosphate..wall.teichoic.acid.biosynthesis, TRIGLSYN.PWY..diacylglycerol.and.triacylglycerol.biosynthesis, VALDEG.PWY..L.valine.degradation.I
2026-04-20 11:41:21.364304 INFO::Total features filtered by non-zero variance filtering: 17
2026-04-20 11:41:21.366784 INFO::Filtered feature names from variance filtering: PWY.3781..aerobic.respiration.I..cytochrome.c., PWY.4702..phytate.degradation.I, PWY.5088..L.glutamate.degradation.VIII..to.propanoate., PWY.5178..toluene.degradation.IV..aerobic...via.catechol., PWY.5419..catechol.degradation.to.2.hydroxypentadienoate.II, PWY.5420..catechol.degradation.II..meta.cleavage.pathway., PWY.5873..ubiquinol.7.biosynthesis..late.decarboxylation., PWY.6957..mandelate.degradation.to.acetyl.CoA, PWY.7009..2.2..dihydroxybiphenyl.degradation, PWY.7052..cyanophycin.metabolism, PWY.7090..UDP.2.3.diacetamido.2.3.dideoxy..alpha..D.mannuronate.biosynthesis, PWY.7279..aerobic.respiration.II..cytochrome.c...yeast., PWY.7290..Escherichia.coli.serotype.O86.O.antigen.biosynthesis, PWY.7389..superpathway.of.anaerobic.energy.metabolism..invertebrates., PWY.7399..methylphosphonate.degradation.II, PWY.7527..L.methionine.salvage.cycle.III, PWY66.388..ceramide.degradation.by..alpha..oxidation
2026-04-20 11:41:21.369506 INFO::Writing filtered data to file ALL_VAR_PATHWAY_MAASLIN_SCFA/features/filtered_data.tsv
2026-04-20 11:41:21.424558 INFO::Running selected transform method: LOG
2026-04-20 11:41:21.436756 INFO::Writing normalized, filtered, transformed data to file ALL_VAR_PATHWAY_MAASLIN_SCFA/features/data_transformed.tsv
2026-04-20 11:41:21.487963 INFO::Factor detected for categorial metadata 'Termness'. Using as-is.
2026-04-20 11:41:21.489963 INFO::Factor detected for categorial metadata 'Sex'. Using as-is.
2026-04-20 11:41:21.491888 INFO::Factor detected for categorial metadata 'Delivery_mode'. Using as-is.
2026-04-20 11:41:21.49515 INFO::Factor detected for categorial metadata 'Feeding_method'. Using as-is.
2026-04-20 11:41:21.497144 INFO::Factor detected for categorial metadata 'Antibiotics'. Using as-is.
2026-04-20 11:41:21.499714 INFO::Factor detected for categorial metadata 'Probiotics'. Using as-is.
2026-04-20 11:41:21.501909 INFO::Factor detected for categorial metadata 'Ethnicity'. Using as-is.
2026-04-20 11:41:21.503999 INFO::Applying z-score to standardize continuous metadata
2026-04-20 11:41:21.517894 INFO::Running the linear model component
2026-04-20 11:41:21.524105 DEBUG::Object: augment, Size: 56
2026-04-20 11:41:21.525259 DEBUG::Object: cluster, Size: 0
2026-04-20 11:41:21.526252 DEBUG::Object: cores, Size: 56
2026-04-20 11:41:21.528572 DEBUG::Object: correction, Size: 112
2026-04-20 11:41:21.530145 DEBUG::Object: extract_out, Size: 3096
2026-04-20 11:41:21.531216 DEBUG::Object: feature_specific_covariate, Size: 0
2026-04-20 11:41:21.532194 DEBUG::Object: feature_specific_covariate_name, Size: 0
2026-04-20 11:41:21.533172 DEBUG::Object: feature_specific_covariate_record, Size: 0
2026-04-20 11:41:21.534195 DEBUG::Object: features, Size: 248232
2026-04-20 11:41:21.53519 DEBUG::Object: formula, Size: 2688
2026-04-20 11:41:21.53621 DEBUG::Object: fun_list, Size: 58768
2026-04-20 11:41:21.537329 DEBUG::Object: func_to_run, Size: 435336
2026-04-20 11:41:21.538344 DEBUG::Object: groups, Size: 48
2026-04-20 11:41:21.539433 DEBUG::Object: median_comparison, Size: 56
2026-04-20 11:41:21.540682 DEBUG::Object: median_comparison_threshold, Size: 56
2026-04-20 11:41:21.541991 DEBUG::Object: metadata, Size: 25888
2026-04-20 11:41:21.543289 DEBUG::Object: model, Size: 112
2026-04-20 11:41:21.544852 DEBUG::Object: model_function, Size: 8864
2026-04-20 11:41:21.545996 DEBUG::Object: ordereds, Size: 48
2026-04-20 11:41:21.547107 DEBUG::Object: random_effects_formula, Size: 0
2026-04-20 11:41:21.548305 DEBUG::Object: ranef_function, Size: 0
2026-04-20 11:41:21.54948 DEBUG::Object: save_models, Size: 56
2026-04-20 11:41:21.550657 DEBUG::Object: small_random_effects, Size: 56
2026-04-20 11:41:21.551893 DEBUG::Object: strata, Size: 48
2026-04-20 11:41:21.553118 DEBUG::Object: subtract_median, Size: 56
2026-04-20 11:41:21.554657 DEBUG::Object: summary_function, Size: 49424
2026-04-20 11:41:21.556518 DEBUG::Object: func_to_run, Size: 435336
2026-04-20 11:41:21.558257 INFO::Fitting model to feature number 1, X12DICHLORETHDEG.PWY..1.2.dichloroethane.degradation
2026-04-20 11:41:21.565068 WARNING::Fitting problem for feature 1 returning NA
2026-04-20 11:41:21.569233 INFO::Fitting model to feature number 2, X1CMET2.PWY..folate.transformations.III..E..coli.
2026-04-20 11:41:21.579586 INFO::Fitting model to feature number 3, X3.HYDROXYPHENYLACETATE.DEGRADATION.PWY..4.hydroxyphenylacetate.degradation
2026-04-20 11:41:21.588892 INFO::Fitting model to feature number 4, AEROBACTINSYN.PWY..aerobactin.biosynthesis
2026-04-20 11:41:21.599653 INFO::Fitting model to feature number 5, ALLANTOINDEG.PWY..superpathway.of.allantoin.degradation.in.yeast
2026-04-20 11:41:21.609096 INFO::Fitting model to feature number 6, ANAEROFRUCAT.PWY..homolactic.fermentation
2026-04-20 11:41:21.618641 INFO::Fitting model to feature number 7, ANAGLYCOLYSIS.PWY..glycolysis.III..from.glucose.
2026-04-20 11:41:21.629309 INFO::Fitting model to feature number 8, ARG.POLYAMINE.SYN..superpathway.of.arginine.and.polyamine.biosynthesis
2026-04-20 11:41:21.638899 INFO::Fitting model to feature number 9, ARGDEG.PWY..superpathway.of.L.arginine..putrescine..and.4.aminobutanoate.degradation
2026-04-20 11:41:21.64863 INFO::Fitting model to feature number 10, ARGININE.SYN4.PWY..L.ornithine.biosynthesis.II
2026-04-20 11:41:21.658866 INFO::Fitting model to feature number 11, ARGSYN.PWY..L.arginine.biosynthesis.I..via.L.ornithine.
2026-04-20 11:41:21.668446 INFO::Fitting model to feature number 12, ARGSYNBSUB.PWY..L.arginine.biosynthesis.II..acetyl.cycle.
2026-04-20 11:41:21.678657 INFO::Fitting model to feature number 13, ARO.PWY..chorismate.biosynthesis.I
2026-04-20 11:41:21.688631 INFO::Fitting model to feature number 14, ASPASN.PWY..superpathway.of.L.aspartate.and.L.asparagine.biosynthesis
2026-04-20 11:41:21.700183 INFO::Fitting model to feature number 15, AST.PWY..L.arginine.degradation.II..AST.pathway.
2026-04-20 11:41:21.711327 INFO::Fitting model to feature number 16, BIOTIN.BIOSYNTHESIS.PWY..biotin.biosynthesis.I
2026-04-20 11:41:21.740258 INFO::Fitting model to feature number 17, BRANCHED.CHAIN.AA.SYN.PWY..superpathway.of.branched.chain.amino.acid.biosynthesis
2026-04-20 11:41:21.753518 INFO::Fitting model to feature number 18, CALVIN.PWY..Calvin.Benson.Bassham.cycle
2026-04-20 11:41:21.765178 INFO::Fitting model to feature number 19, CARNMET.PWY..L.carnitine.degradation.I
2026-04-20 11:41:21.774872 INFO::Fitting model to feature number 20, CATECHOL.ORTHO.CLEAVAGE.PWY..catechol.degradation.to..beta..ketoadipate
2026-04-20 11:41:21.784847 INFO::Fitting model to feature number 21, CENTFERM.PWY..pyruvate.fermentation.to.butanoate
2026-04-20 11:41:21.794378 INFO::Fitting model to feature number 22, CITRULBIO.PWY..L.citrulline.biosynthesis
2026-04-20 11:41:21.804343 INFO::Fitting model to feature number 23, COA.PWY.1..superpathway.of.coenzyme.A.biosynthesis.III..mammals.
2026-04-20 11:41:21.81407 INFO::Fitting model to feature number 24, COA.PWY..coenzyme.A.biosynthesis.I..prokaryotic.
2026-04-20 11:41:21.823385 INFO::Fitting model to feature number 25, COBALSYN.PWY..superpathway.of.adenosylcobalamin.salvage.from.cobinamide.I
2026-04-20 11:41:21.833342 INFO::Fitting model to feature number 26, COLANSYN.PWY..colanic.acid.building.blocks.biosynthesis
2026-04-20 11:41:21.844984 INFO::Fitting model to feature number 27, COMPLETE.ARO.PWY..superpathway.of.aromatic.amino.acid.biosynthesis
2026-04-20 11:41:21.854726 INFO::Fitting model to feature number 28, CRNFORCAT.PWY..creatinine.degradation.I
2026-04-20 11:41:21.861831 INFO::Fitting model to feature number 29, DAPLYSINESYN.PWY..L.lysine.biosynthesis.I
2026-04-20 11:41:21.870568 INFO::Fitting model to feature number 30, DARABCATK12.PWY..D.arabinose.degradation.I
2026-04-20 11:41:21.883209 INFO::Fitting model to feature number 31, DENITRIFICATION.PWY..nitrate.reduction.I..denitrification.
2026-04-20 11:41:21.893168 INFO::Fitting model to feature number 32, DENOVOPURINE2.PWY..superpathway.of.purine.nucleotides.de.novo.biosynthesis.II
2026-04-20 11:41:21.902243 INFO::Fitting model to feature number 33, DHGLUCONATE.PYR.CAT.PWY..glucose.degradation..oxidative.
2026-04-20 11:41:21.908052 WARNING::Fitting problem for feature 33 returning NA
2026-04-20 11:41:21.913358 INFO::Fitting model to feature number 34, DTDPRHAMSYN.PWY..dTDP..beta..L.rhamnose.biosynthesis
2026-04-20 11:41:21.922146 INFO::Fitting model to feature number 35, ECASYN.PWY..enterobacterial.common.antigen.biosynthesis
2026-04-20 11:41:21.932036 INFO::Fitting model to feature number 36, FAO.PWY..fatty.acid..beta..oxidation.I..generic.
2026-04-20 11:41:21.941616 INFO::Fitting model to feature number 37, FASYN.ELONG.PWY..fatty.acid.elongation....saturated
2026-04-20 11:41:21.95137 INFO::Fitting model to feature number 38, FASYN.INITIAL.PWY..superpathway.of.fatty.acid.biosynthesis.initiation..E..coli.
2026-04-20 11:41:21.961183 INFO::Fitting model to feature number 39, FERMENTATION.PWY..mixed.acid.fermentation
2026-04-20 11:41:21.97031 INFO::Fitting model to feature number 40, FOLSYN.PWY..superpathway.of.tetrahydrofolate.biosynthesis.and.salvage
2026-04-20 11:41:21.980929 INFO::Fitting model to feature number 41, FUC.RHAMCAT.PWY..superpathway.of.fucose.and.rhamnose.degradation
2026-04-20 11:41:21.98976 INFO::Fitting model to feature number 42, FUCCAT.PWY..fucose.degradation
2026-04-20 11:41:21.999924 INFO::Fitting model to feature number 43, GALACT.GLUCUROCAT.PWY..superpathway.of.hexuronide.and.hexuronate.degradation
2026-04-20 11:41:22.011392 INFO::Fitting model to feature number 44, GALACTARDEG.PWY..D.galactarate.degradation.I
2026-04-20 11:41:22.020493 INFO::Fitting model to feature number 45, GALACTITOLCAT.PWY..galactitol.degradation
2026-04-20 11:41:22.055241 INFO::Fitting model to feature number 46, GALACTUROCAT.PWY..D.galacturonate.degradation.I
2026-04-20 11:41:22.064593 INFO::Fitting model to feature number 47, GLCMANNANAUT.PWY..superpathway.of.N.acetylglucosamine..N.acetylmannosamine.and.N.acetylneuraminate.degradation
2026-04-20 11:41:22.074013 INFO::Fitting model to feature number 48, GLUCARDEG.PWY..D.glucarate.degradation.I
2026-04-20 11:41:22.085856 INFO::Fitting model to feature number 49, GLUCARGALACTSUPER.PWY..superpathway.of.D.glucarate.and.D.galactarate.degradation
2026-04-20 11:41:22.10169 INFO::Fitting model to feature number 50, GLUCONEO.PWY..gluconeogenesis.I
2026-04-20 11:41:22.112546 INFO::Fitting model to feature number 51, GLUCOSE1PMETAB.PWY..glucose.and.glucose.1.phosphate.degradation
2026-04-20 11:41:22.121679 INFO::Fitting model to feature number 52, GLUCUROCAT.PWY..superpathway.of..beta..D.glucuronosides.degradation
2026-04-20 11:41:22.133707 INFO::Fitting model to feature number 53, GLUDEG.I.PWY..GABA.shunt
2026-04-20 11:41:22.143253 INFO::Fitting model to feature number 54, GLUTORN.PWY..L.ornithine.biosynthesis.I
2026-04-20 11:41:22.15355 INFO::Fitting model to feature number 55, GLYCOCAT.PWY..glycogen.degradation.I
2026-04-20 11:41:22.163402 INFO::Fitting model to feature number 56, GLYCOGENSYNTH.PWY..glycogen.biosynthesis.I..from.ADP.D.Glucose.
2026-04-20 11:41:22.173514 INFO::Fitting model to feature number 57, GLYCOL.GLYOXDEG.PWY..superpathway.of.glycol.metabolism.and.degradation
2026-04-20 11:41:22.184828 INFO::Fitting model to feature number 58, GLYCOLYSIS.E.D..superpathway.of.glycolysis.and.the.Entner.Doudoroff.pathway
2026-04-20 11:41:22.194948 INFO::Fitting model to feature number 59, GLYCOLYSIS.TCA.GLYOX.BYPASS..superpathway.of.glycolysis..pyruvate.dehydrogenase..TCA..and.glyoxylate.bypass
2026-04-20 11:41:22.204509 INFO::Fitting model to feature number 60, GLYCOLYSIS..glycolysis.I..from.glucose.6.phosphate.
2026-04-20 11:41:22.216063 INFO::Fitting model to feature number 61, GLYOXYLATE.BYPASS..glyoxylate.cycle
2026-04-20 11:41:22.225262 INFO::Fitting model to feature number 62, GOLPDLCAT.PWY..superpathway.of.glycerol.degradation.to.1.3.propanediol
2026-04-20 11:41:22.235157 INFO::Fitting model to feature number 63, HCAMHPDEG.PWY..3.phenylpropanoate.and.3..3.hydroxyphenyl.propanoate.degradation.to.2.hydroxypentadienoate
2026-04-20 11:41:22.247653 INFO::Fitting model to feature number 64, HEME.BIOSYNTHESIS.II.1..heme.b.biosynthesis.V..aerobic.
2026-04-20 11:41:22.256604 INFO::Fitting model to feature number 65, HEME.BIOSYNTHESIS.II..heme.b.biosynthesis.I..aerobic.
2026-04-20 11:41:22.267349 INFO::Fitting model to feature number 66, HEMESYN2.PWY..heme.b.biosynthesis.II..oxygen.independent.
2026-04-20 11:41:22.279785 INFO::Fitting model to feature number 67, HEXITOLDEGSUPER.PWY..superpathway.of.hexitol.degradation..bacteria.
2026-04-20 11:41:22.288978 INFO::Fitting model to feature number 68, HISDEG.PWY..L.histidine.degradation.I
2026-04-20 11:41:22.299493 INFO::Fitting model to feature number 69, HISTSYN.PWY..L.histidine.biosynthesis
2026-04-20 11:41:22.312319 INFO::Fitting model to feature number 70, HOMOSER.METSYN.PWY..L.methionine.biosynthesis.I
2026-04-20 11:41:22.322533 INFO::Fitting model to feature number 71, HSERMETANA.PWY..L.methionine.biosynthesis.III
2026-04-20 11:41:22.33265 INFO::Fitting model to feature number 72, ILEUSYN.PWY..L.isoleucine.biosynthesis.I..from.threonine.
2026-04-20 11:41:22.345613 INFO::Fitting model to feature number 73, KDO.NAGLIPASYN.PWY..superpathway.of..Kdo.2.lipid.A.biosynthesis
2026-04-20 11:41:22.366885 INFO::Fitting model to feature number 74, KETOGLUCONMET.PWY..ketogluconate.metabolism
2026-04-20 11:41:22.378793 INFO::Fitting model to feature number 75, LACTOSECAT.PWY..lactose.and.galactose.degradation.I
2026-04-20 11:41:22.395313 INFO::Fitting model to feature number 76, LIPA.CORESYN.PWY..lipid.A.core.biosynthesis..E..coli.K.12.
2026-04-20 11:41:22.428351 INFO::Fitting model to feature number 77, LIPASYN.PWY..phospholipases
2026-04-20 11:41:22.436716 INFO::Fitting model to feature number 78, LPSSYN.PWY..superpathway.of.lipopolysaccharide.biosynthesis
2026-04-20 11:41:22.44691 INFO::Fitting model to feature number 79, MET.SAM.PWY..superpathway.of.S.adenosyl.L.methionine.biosynthesis
2026-04-20 11:41:22.457342 INFO::Fitting model to feature number 80, METHGLYUT.PWY..superpathway.of.methylglyoxal.degradation
2026-04-20 11:41:22.468368 INFO::Fitting model to feature number 81, METSYN.PWY..superpathway.of.L.homoserine.and.L.methionine.biosynthesis
2026-04-20 11:41:22.478209 INFO::Fitting model to feature number 82, NAD.BIOSYNTHESIS.II..NAD.salvage.pathway.III..to.nicotinamide.riboside.
2026-04-20 11:41:22.486672 INFO::Fitting model to feature number 83, NAGLIPASYN.PWY..lipid.IVA.biosynthesis..E..coli.
2026-04-20 11:41:22.497911 INFO::Fitting model to feature number 84, NONMEVIPP.PWY..methylerythritol.phosphate.pathway.I
2026-04-20 11:41:22.507214 INFO::Fitting model to feature number 85, NONOXIPENT.PWY..pentose.phosphate.pathway..non.oxidative.branch..I
2026-04-20 11:41:22.516931 INFO::Fitting model to feature number 86, OANTIGEN.PWY..O.antigen.building.blocks.biosynthesis..E..coli.
2026-04-20 11:41:22.527149 INFO::Fitting model to feature number 87, ORNARGDEG.PWY..superpathway.of.L.arginine.and.L.ornithine.degradation
2026-04-20 11:41:22.536996 INFO::Fitting model to feature number 88, ORNDEG.PWY..superpathway.of.ornithine.degradation
2026-04-20 11:41:22.547077 INFO::Fitting model to feature number 89, P105.PWY..TCA.cycle.IV..2.oxoglutarate.decarboxylase.
2026-04-20 11:41:22.557252 INFO::Fitting model to feature number 90, P108.PWY..pyruvate.fermentation.to.propanoate.I
2026-04-20 11:41:22.567676 INFO::Fitting model to feature number 91, P122.PWY..heterolactic.fermentation
2026-04-20 11:41:22.576891 INFO::Fitting model to feature number 92, P124.PWY..Bifidobacterium.shunt
2026-04-20 11:41:22.58577 INFO::Fitting model to feature number 93, P125.PWY..superpathway.of..R.R..butanediol.biosynthesis
2026-04-20 11:41:22.595939 INFO::Fitting model to feature number 94, P161.PWY..acetylene.degradation..anaerobic.
2026-04-20 11:41:22.605015 INFO::Fitting model to feature number 95, P164.PWY..purine.nucleobases.degradation.I..anaerobic.
2026-04-20 11:41:22.616094 INFO::Fitting model to feature number 96, P185.PWY..formaldehyde.assimilation.III..dihydroxyacetone.cycle.
2026-04-20 11:41:22.626462 INFO::Fitting model to feature number 97, P221.PWY..octane.oxidation
2026-04-20 11:41:22.636118 INFO::Fitting model to feature number 98, P23.PWY..reductive.TCA.cycle.I
2026-04-20 11:41:22.645535 INFO::Fitting model to feature number 99, P4.PWY..superpathway.of.L.lysine..L.threonine.and.L.methionine.biosynthesis.I
2026-04-20 11:41:22.675964 INFO::Fitting model to feature number 100, P41.PWY..pyruvate.fermentation.to.acetate.and..S..lactate.I
2026-04-20 11:41:22.687682 INFO::Fitting model to feature number 101, P42.PWY..incomplete.reductive.TCA.cycle
2026-04-20 11:41:22.697724 INFO::Fitting model to feature number 102, P441.PWY..superpathway.of.N.acetylneuraminate.degradation
2026-04-20 11:41:22.709111 INFO::Fitting model to feature number 103, P461.PWY..hexitol.fermentation.to.lactate..formate..ethanol.and.acetate
2026-04-20 11:41:22.721562 INFO::Fitting model to feature number 104, P562.PWY..myo.inositol.degradation.I
2026-04-20 11:41:22.730778 INFO::Fitting model to feature number 105, P621.PWY..nylon.6.oligomer.degradation
2026-04-20 11:41:22.740402 INFO::Fitting model to feature number 106, PANTO.PWY..phosphopantothenate.biosynthesis.I
2026-04-20 11:41:22.750411 INFO::Fitting model to feature number 107, PANTOSYN.PWY..superpathway.of.coenzyme.A.biosynthesis.I..bacteria.
2026-04-20 11:41:22.759756 INFO::Fitting model to feature number 108, PENTOSE.P.PWY..pentose.phosphate.pathway
2026-04-20 11:41:22.768891 INFO::Fitting model to feature number 109, PEPTIDOGLYCANSYN.PWY..peptidoglycan.biosynthesis.I..meso.diaminopimelate.containing.
2026-04-20 11:41:22.778036 INFO::Fitting model to feature number 110, PHOSLIPSYN.PWY..superpathway.of.phospholipid.biosynthesis.I..bacteria.
2026-04-20 11:41:22.787851 INFO::Fitting model to feature number 111, POLYAMINSYN3.PWY..superpathway.of.polyamine.biosynthesis.II
2026-04-20 11:41:22.796505 INFO::Fitting model to feature number 112, POLYAMSYN.PWY..superpathway.of.polyamine.biosynthesis.I
2026-04-20 11:41:22.806699 INFO::Fitting model to feature number 113, POLYISOPRENSYN.PWY..polyisoprenoid.biosynthesis..E..coli.
2026-04-20 11:41:22.816203 INFO::Fitting model to feature number 114, PPGPPMET.PWY..ppGpp.metabolism
2026-04-20 11:41:22.825909 INFO::Fitting model to feature number 115, PROTOCATECHUATE.ORTHO.CLEAVAGE.PWY..protocatechuate.degradation.II..ortho.cleavage.pathway.
2026-04-20 11:41:22.835594 INFO::Fitting model to feature number 116, PRPP.PWY..superpathway.of.histidine..purine..and.pyrimidine.biosynthesis
2026-04-20 11:41:22.845276 INFO::Fitting model to feature number 117, PWY.1042..glycolysis.IV
2026-04-20 11:41:22.854082 INFO::Fitting model to feature number 118, PWY.1269..CMP.3.deoxy.D.manno.octulosonate.biosynthesis
2026-04-20 11:41:22.864539 INFO::Fitting model to feature number 119, PWY.1501..mandelate.degradation.I
2026-04-20 11:41:22.87058 INFO::Fitting model to feature number 120, PWY.1622..formaldehyde.assimilation.I..serine.pathway.
2026-04-20 11:41:22.880375 INFO::Fitting model to feature number 121, PWY.181..photorespiration
2026-04-20 11:41:22.890068 INFO::Fitting model to feature number 122, PWY.1861..formaldehyde.assimilation.II..assimilatory.RuMP.Cycle.
2026-04-20 11:41:22.900733 INFO::Fitting model to feature number 123, PWY.2221..Entner.Doudoroff.pathway.III..semi.phosphorylative.
2026-04-20 11:41:22.910787 INFO::Fitting model to feature number 124, PWY.241..C4.photosynthetic.carbon.assimilation.cycle..NADP.ME.type
2026-04-20 11:41:22.919949 INFO::Fitting model to feature number 125, PWY.2941..L.lysine.biosynthesis.II
2026-04-20 11:41:22.931861 INFO::Fitting model to feature number 126, PWY.2942..L.lysine.biosynthesis.III
2026-04-20 11:41:22.943483 INFO::Fitting model to feature number 127, PWY.3001..superpathway.of.L.isoleucine.biosynthesis.I
2026-04-20 11:41:22.952478 INFO::Fitting model to feature number 128, PWY.3801..sucrose.degradation.II..sucrose.synthase.
2026-04-20 11:41:22.964354 INFO::Fitting model to feature number 129, PWY.3841..folate.transformations.II..plants.
2026-04-20 11:41:22.988698 INFO::Fitting model to feature number 130, PWY.4041...gamma..glutamyl.cycle
2026-04-20 11:41:22.99992 INFO::Fitting model to feature number 131, PWY.4361..S.methyl.5.thio..alpha..D.ribose.1.phosphate.degradation.I
2026-04-20 11:41:23.005652 WARNING::Fitting problem for feature 131 returning NA
2026-04-20 11:41:23.011463 INFO::Fitting model to feature number 132, PWY.4984..urea.cycle
2026-04-20 11:41:23.020938 INFO::Fitting model to feature number 133, PWY.5004..superpathway.of.L.citrulline.metabolism
2026-04-20 11:41:23.027318 INFO::Fitting model to feature number 134, PWY.5005..biotin.biosynthesis.II
2026-04-20 11:41:23.036773 INFO::Fitting model to feature number 135, PWY.5022..4.aminobutanoate.degradation.V
2026-04-20 11:41:23.042425 WARNING::Fitting problem for feature 135 returning NA
2026-04-20 11:41:23.047829 INFO::Fitting model to feature number 136, PWY.5028..L.histidine.degradation.II
2026-04-20 11:41:23.056839 INFO::Fitting model to feature number 137, PWY.5030..L.histidine.degradation.III
2026-04-20 11:41:23.066508 INFO::Fitting model to feature number 138, PWY.5097..L.lysine.biosynthesis.VI
2026-04-20 11:41:23.076122 INFO::Fitting model to feature number 139, PWY.5100..pyruvate.fermentation.to.acetate.and.lactate.II
2026-04-20 11:41:23.085853 INFO::Fitting model to feature number 140, PWY.5103..L.isoleucine.biosynthesis.III
2026-04-20 11:41:23.096765 INFO::Fitting model to feature number 141, PWY.5104..L.isoleucine.biosynthesis.IV
2026-04-20 11:41:23.10148 WARNING::Fitting problem for feature 141 returning NA
2026-04-20 11:41:23.106106 INFO::Fitting model to feature number 142, PWY.5121..superpathway.of.geranylgeranyl.diphosphate.biosynthesis.II..via.MEP.
2026-04-20 11:41:23.115466 INFO::Fitting model to feature number 143, PWY.5130..2.oxobutanoate.degradation.I
2026-04-20 11:41:23.124776 INFO::Fitting model to feature number 144, PWY.5136..fatty.acid..beta..oxidation.II..plant.peroxisome.
2026-04-20 11:41:23.133804 INFO::Fitting model to feature number 145, PWY.5138..fatty.acid..beta..oxidation.IV..unsaturated..even.number.
2026-04-20 11:41:23.145391 INFO::Fitting model to feature number 146, PWY.5154..L.arginine.biosynthesis.III..via.N.acetyl.L.citrulline.
2026-04-20 11:41:23.154176 INFO::Fitting model to feature number 147, PWY.5156..superpathway.of.fatty.acid.biosynthesis.II..plant.
2026-04-20 11:41:23.160596 INFO::Fitting model to feature number 148, PWY.5180..toluene.degradation.I..aerobic...via.o.cresol.
2026-04-20 11:41:23.169453 INFO::Fitting model to feature number 149, PWY.5188..tetrapyrrole.biosynthesis.I..from.glutamate.
2026-04-20 11:41:23.179708 INFO::Fitting model to feature number 150, PWY.5189..tetrapyrrole.biosynthesis.II..from.glycine.
2026-04-20 11:41:23.189323 INFO::Fitting model to feature number 151, PWY.5265..peptidoglycan.biosynthesis.II..staphylococci.
2026-04-20 11:41:23.199074 INFO::Fitting model to feature number 152, PWY.5345..superpathway.of.L.methionine.biosynthesis..by.sulfhydrylation.
2026-04-20 11:41:23.209118 INFO::Fitting model to feature number 153, PWY.5347..superpathway.of.L.methionine.biosynthesis..transsulfuration.
2026-04-20 11:41:23.219261 INFO::Fitting model to feature number 154, PWY.5367..petroselinate.biosynthesis
2026-04-20 11:41:23.229322 INFO::Fitting model to feature number 155, PWY.5384..sucrose.degradation.IV..sucrose.phosphorylase.
2026-04-20 11:41:23.239318 INFO::Fitting model to feature number 156, PWY.5392..reductive.TCA.cycle.II
2026-04-20 11:41:23.250997 INFO::Fitting model to feature number 157, PWY.5415..catechol.degradation.I..meta.cleavage.pathway.
2026-04-20 11:41:23.260383 INFO::Fitting model to feature number 158, PWY.5417..catechol.degradation.III..ortho.cleavage.pathway.
2026-04-20 11:41:23.269453 INFO::Fitting model to feature number 159, PWY.5431..aromatic.compounds.degradation.via..beta..ketoadipate
2026-04-20 11:41:23.301485 INFO::Fitting model to feature number 160, PWY.5464..superpathway.of.cytosolic.glycolysis..plants...pyruvate.dehydrogenase.and.TCA.cycle
2026-04-20 11:41:23.308945 INFO::Fitting model to feature number 161, PWY.5484..glycolysis.II..from.fructose.6.phosphate.
2026-04-20 11:41:23.323222 INFO::Fitting model to feature number 162, PWY.5497..purine.nucleobases.degradation.II..anaerobic.
2026-04-20 11:41:23.333283 INFO::Fitting model to feature number 163, PWY.5505..L.glutamate.and.L.glutamine.biosynthesis
2026-04-20 11:41:23.342405 INFO::Fitting model to feature number 164, PWY.5514..UDP.N.acetyl.D.galactosamine.biosynthesis.II
2026-04-20 11:41:23.350617 INFO::Fitting model to feature number 165, PWY.561..superpathway.of.glyoxylate.cycle.and.fatty.acid.degradation
2026-04-20 11:41:23.36253 INFO::Fitting model to feature number 166, PWY.5654..2.amino.3.carboxymuconate.semialdehyde.degradation.to.2.hydroxypentadienoate
2026-04-20 11:41:23.370938 INFO::Fitting model to feature number 167, PWY.5656..mannosylglycerate.biosynthesis.I
2026-04-20 11:41:23.38101 INFO::Fitting model to feature number 168, PWY.5659..GDP.mannose.biosynthesis
2026-04-20 11:41:23.390436 INFO::Fitting model to feature number 169, PWY.5667..CDP.diacylglycerol.biosynthesis.I
2026-04-20 11:41:23.39971 INFO::Fitting model to feature number 170, PWY.5675..nitrate.reduction.V..assimilatory.
2026-04-20 11:41:23.408971 INFO::Fitting model to feature number 171, PWY.5676..acetyl.CoA.fermentation.to.butanoate.II
2026-04-20 11:41:23.419725 INFO::Fitting model to feature number 172, PWY.5686..UMP.biosynthesis.I
2026-04-20 11:41:23.431057 INFO::Fitting model to feature number 173, PWY.5690..TCA.cycle.II..plants.and.fungi.
2026-04-20 11:41:23.436778 INFO::Fitting model to feature number 174, PWY.5692..allantoin.degradation.to.glyoxylate.II
2026-04-20 11:41:23.446489 INFO::Fitting model to feature number 175, PWY.5695..inosine.5..phosphate.degradation
2026-04-20 11:41:23.455931 INFO::Fitting model to feature number 176, PWY.5705..allantoin.degradation.to.glyoxylate.III
2026-04-20 11:41:23.465559 INFO::Fitting model to feature number 177, PWY.5723..Rubisco.shunt
2026-04-20 11:41:23.475154 INFO::Fitting model to feature number 178, PWY.5747..2.methylcitrate.cycle.II
2026-04-20 11:41:23.484491 INFO::Fitting model to feature number 179, PWY.5837..2.carboxy.1.4.naphthoquinol.biosynthesis
2026-04-20 11:41:23.49559 INFO::Fitting model to feature number 180, PWY.5838..superpathway.of.menaquinol.8.biosynthesis.I
2026-04-20 11:41:23.505082 INFO::Fitting model to feature number 181, PWY.5840..superpathway.of.menaquinol.7.biosynthesis
2026-04-20 11:41:23.514873 INFO::Fitting model to feature number 182, PWY.5845..superpathway.of.menaquinol.9.biosynthesis
2026-04-20 11:41:23.524907 INFO::Fitting model to feature number 183, PWY.5850..superpathway.of.menaquinol.6.biosynthesis
2026-04-20 11:41:23.534267 INFO::Fitting model to feature number 184, PWY.5855..ubiquinol.7.biosynthesis..early.decarboxylation.
2026-04-20 11:41:23.54385 INFO::Fitting model to feature number 185, PWY.5860..superpathway.of.demethylmenaquinol.6.biosynthesis.I
2026-04-20 11:41:23.575752 INFO::Fitting model to feature number 186, PWY.5861..superpathway.of.demethylmenaquinol.8.biosynthesis.I
2026-04-20 11:41:23.585958 INFO::Fitting model to feature number 187, PWY.5862..superpathway.of.demethylmenaquinol.9.biosynthesis
2026-04-20 11:41:23.596789 INFO::Fitting model to feature number 188, PWY.5896..superpathway.of.menaquinol.10.biosynthesis
2026-04-20 11:41:23.606876 INFO::Fitting model to feature number 189, PWY.5897..superpathway.of.menaquinol.11.biosynthesis
2026-04-20 11:41:23.617675 INFO::Fitting model to feature number 190, PWY.5898..superpathway.of.menaquinol.12.biosynthesis
2026-04-20 11:41:23.627562 INFO::Fitting model to feature number 191, PWY.5899..superpathway.of.menaquinol.13.biosynthesis
2026-04-20 11:41:23.636821 INFO::Fitting model to feature number 192, PWY.5910..superpathway.of.geranylgeranyldiphosphate.biosynthesis.I..via.mevalonate.
2026-04-20 11:41:23.6466 INFO::Fitting model to feature number 193, PWY.5913..partial.TCA.cycle..obligate.autotrophs.
2026-04-20 11:41:23.656018 INFO::Fitting model to feature number 194, PWY.5918..superpathway.of.heme.b.biosynthesis.from.glutamate
2026-04-20 11:41:23.665148 INFO::Fitting model to feature number 195, PWY.5920..superpathway.of.heme.b.biosynthesis.from.glycine
2026-04-20 11:41:23.675954 INFO::Fitting model to feature number 196, PWY.5941..glycogen.degradation.II
2026-04-20 11:41:23.685514 INFO::Fitting model to feature number 197, PWY.5971..palmitate.biosynthesis..type.II.fatty.acid.synthase.
2026-04-20 11:41:23.69543 INFO::Fitting model to feature number 198, PWY.5972..stearate.biosynthesis.I..animals.
2026-04-20 11:41:23.705012 INFO::Fitting model to feature number 199, PWY.5973..cis.vaccenate.biosynthesis
2026-04-20 11:41:23.71518 INFO::Fitting model to feature number 200, PWY.5981..CDP.diacylglycerol.biosynthesis.III
2026-04-20 11:41:23.724039 INFO::Fitting model to feature number 201, PWY.5989..stearate.biosynthesis.II..bacteria.and.plants.
2026-04-20 11:41:23.733767 INFO::Fitting model to feature number 202, PWY.5994..palmitate.biosynthesis..type.I.fatty.acid.synthase.
2026-04-20 11:41:23.742043 INFO::Fitting model to feature number 203, PWY.6113..superpathway.of.mycolate.biosynthesis
2026-04-20 11:41:23.752849 INFO::Fitting model to feature number 204, PWY.6121..5.aminoimidazole.ribonucleotide.biosynthesis.I
2026-04-20 11:41:23.762819 INFO::Fitting model to feature number 205, PWY.6122..5.aminoimidazole.ribonucleotide.biosynthesis.II
2026-04-20 11:41:23.772303 INFO::Fitting model to feature number 206, PWY.6123..inosine.5..phosphate.biosynthesis.I
2026-04-20 11:41:23.781814 INFO::Fitting model to feature number 207, PWY.6124..inosine.5..phosphate.biosynthesis.II
2026-04-20 11:41:23.790654 INFO::Fitting model to feature number 208, PWY.6125..superpathway.of.guanosine.nucleotides.de.novo.biosynthesis.II
2026-04-20 11:41:23.800527 INFO::Fitting model to feature number 209, PWY.6126..superpathway.of.adenosine.nucleotides.de.novo.biosynthesis.II
2026-04-20 11:41:23.81311 INFO::Fitting model to feature number 210, PWY.6147..6.hydroxymethyl.dihydropterin.diphosphate.biosynthesis.I
2026-04-20 11:41:23.822567 INFO::Fitting model to feature number 211, PWY.6151..S.adenosyl.L.methionine.salvage.I
2026-04-20 11:41:23.832211 INFO::Fitting model to feature number 212, PWY.6163..chorismate.biosynthesis.from.3.dehydroquinate
2026-04-20 11:41:23.842414 INFO::Fitting model to feature number 213, PWY.6168..flavin.biosynthesis.III..fungi.
2026-04-20 11:41:23.851952 INFO::Fitting model to feature number 214, PWY.6182..superpathway.of.salicylate.degradation
2026-04-20 11:41:23.890431 INFO::Fitting model to feature number 215, PWY.6185..4.methylcatechol.degradation..ortho.cleavage.
2026-04-20 11:41:23.900546 INFO::Fitting model to feature number 216, PWY.6210..2.aminophenol.degradation
2026-04-20 11:41:23.911235 INFO::Fitting model to feature number 217, PWY.6215..4.chlorobenzoate.degradation
2026-04-20 11:41:23.925946 INFO::Fitting model to feature number 218, PWY.621..sucrose.degradation.III..sucrose.invertase.
2026-04-20 11:41:23.936109 INFO::Fitting model to feature number 219, PWY.622..starch.biosynthesis
2026-04-20 11:41:23.945737 INFO::Fitting model to feature number 220, PWY.6270..isoprene.biosynthesis.I
2026-04-20 11:41:23.954418 INFO::Fitting model to feature number 221, PWY.6277..superpathway.of.5.aminoimidazole.ribonucleotide.biosynthesis
2026-04-20 11:41:23.963507 INFO::Fitting model to feature number 222, PWY.6282..palmitoleate.biosynthesis.I..from..5Z..dodec.5.enoate.
2026-04-20 11:41:23.972404 INFO::Fitting model to feature number 223, PWY.6284..superpathway.of.unsaturated.fatty.acids.biosynthesis..E..coli.
2026-04-20 11:41:23.982342 INFO::Fitting model to feature number 224, PWY.6285..superpathway.of.fatty.acids.biosynthesis..E..coli.
2026-04-20 11:41:23.992384 INFO::Fitting model to feature number 225, PWY.6292..superpathway.of.L.cysteine.biosynthesis..mammalian.
2026-04-20 11:41:24.003926 INFO::Fitting model to feature number 226, PWY.6293..superpathway.of.L.cysteine.biosynthesis..fungi.
2026-04-20 11:41:24.016853 INFO::Fitting model to feature number 227, PWY.6305..superpathway.of.putrescine.biosynthesis
2026-04-20 11:41:24.027332 INFO::Fitting model to feature number 228, PWY.6307..L.tryptophan.degradation.X..mammalian..via.tryptamine.
2026-04-20 11:41:24.036566 INFO::Fitting model to feature number 229, PWY.6313..serotonin.degradation
2026-04-20 11:41:24.047638 INFO::Fitting model to feature number 230, PWY.6317..D.galactose.degradation.I..Leloir.pathway.
2026-04-20 11:41:24.057494 INFO::Fitting model to feature number 231, PWY.6318..L.phenylalanine.degradation.IV..mammalian..via.side.chain.
2026-04-20 11:41:24.067127 INFO::Fitting model to feature number 232, PWY.6328..L.lysine.degradation.X
2026-04-20 11:41:24.077932 INFO::Fitting model to feature number 233, PWY.6353..purine.nucleotides.degradation.II..aerobic.
2026-04-20 11:41:24.086597 INFO::Fitting model to feature number 234, PWY.6385..peptidoglycan.biosynthesis.III..mycobacteria.
2026-04-20 11:41:24.09638 INFO::Fitting model to feature number 235, PWY.6386..UDP.N.acetylmuramoyl.pentapeptide.biosynthesis.II..lysine.containing.
2026-04-20 11:41:24.106306 INFO::Fitting model to feature number 236, PWY.6387..UDP.N.acetylmuramoyl.pentapeptide.biosynthesis.I..meso.diaminopimelate.containing.
2026-04-20 11:41:24.116493 INFO::Fitting model to feature number 237, PWY.6396..superpathway.of.2.3.butanediol.biosynthesis
2026-04-20 11:41:24.125786 INFO::Fitting model to feature number 238, PWY.6435..4.hydroxybenzoate.biosynthesis.III..plants.
2026-04-20 11:41:24.135362 INFO::Fitting model to feature number 239, PWY.6470..peptidoglycan.biosynthesis.V...beta..lactam.resistance.
2026-04-20 11:41:24.144355 INFO::Fitting model to feature number 240, PWY.6507..4.deoxy.L.threo.hex.4.enopyranuronate.degradation
2026-04-20 11:41:24.153558 INFO::Fitting model to feature number 241, PWY.6519..8.amino.7.oxononanoate.biosynthesis.I
2026-04-20 11:41:24.162856 INFO::Fitting model to feature number 242, PWY.6527..stachyose.degradation
2026-04-20 11:41:24.171751 INFO::Fitting model to feature number 243, PWY.6531..mannitol.cycle
2026-04-20 11:41:24.181817 INFO::Fitting model to feature number 244, PWY.6545..pyrimidine.deoxyribonucleotides.de.novo.biosynthesis.III
2026-04-20 11:41:24.191589 INFO::Fitting model to feature number 245, PWY.6549..L.glutamine.biosynthesis.III
2026-04-20 11:41:24.202385 INFO::Fitting model to feature number 246, PWY.6562..norspermidine.biosynthesis
2026-04-20 11:41:24.218415 INFO::Fitting model to feature number 247, PWY.6572..chondroitin.sulfate.degradation.I..bacterial.
2026-04-20 11:41:24.227146 INFO::Fitting model to feature number 248, PWY.6588..pyruvate.fermentation.to.acetone
2026-04-20 11:41:24.236355 INFO::Fitting model to feature number 249, PWY.6590..superpathway.of.Clostridium.acetobutylicum.acidogenic.fermentation
2026-04-20 11:41:24.245809 INFO::Fitting model to feature number 250, PWY.6595..superpathway.of.guanosine.nucleotides.degradation..plants.
2026-04-20 11:41:24.25789 INFO::Fitting model to feature number 251, PWY.6606..guanosine.nucleotides.degradation.II
2026-04-20 11:41:24.267339 INFO::Fitting model to feature number 252, PWY.6607..guanosine.nucleotides.degradation.I
2026-04-20 11:41:24.276502 INFO::Fitting model to feature number 253, PWY.6608..guanosine.nucleotides.degradation.III
2026-04-20 11:41:24.285311 INFO::Fitting model to feature number 254, PWY.6609..adenine.and.adenosine.salvage.III
2026-04-20 11:41:24.303138 INFO::Fitting model to feature number 255, PWY.6612..superpathway.of.tetrahydrofolate.biosynthesis
2026-04-20 11:41:24.314909 INFO::Fitting model to feature number 256, PWY.6628..superpathway.of.L.phenylalanine.biosynthesis
2026-04-20 11:41:24.326545 INFO::Fitting model to feature number 257, PWY.6629..superpathway.of.L.tryptophan.biosynthesis
2026-04-20 11:41:24.336491 INFO::Fitting model to feature number 258, PWY.6630..superpathway.of.L.tyrosine.biosynthesis
2026-04-20 11:41:24.346652 INFO::Fitting model to feature number 259, PWY.6690..cinnamate.and.3.hydroxycinnamate.degradation.to.2.hydroxypentadienoate
2026-04-20 11:41:24.355122 INFO::Fitting model to feature number 260, PWY.6700..queuosine.biosynthesis.I..de.novo.
2026-04-20 11:41:24.364911 INFO::Fitting model to feature number 261, PWY.6703..preQ0.biosynthesis
2026-04-20 11:41:24.375031 INFO::Fitting model to feature number 262, PWY.6708..ubiquinol.8.biosynthesis..early.decarboxylation.
2026-04-20 11:41:24.385792 INFO::Fitting model to feature number 263, PWY.6731..starch.degradation.III
2026-04-20 11:41:24.395586 INFO::Fitting model to feature number 264, PWY.6749..CMP.legionaminate.biosynthesis.I
2026-04-20 11:41:24.400776 WARNING::Fitting problem for feature 264 returning NA
2026-04-20 11:41:24.405296 INFO::Fitting model to feature number 265, PWY.6803..phosphatidylcholine.acyl.editing
2026-04-20 11:41:24.417666 INFO::Fitting model to feature number 266, PWY.6823..molybdopterin.biosynthesis
2026-04-20 11:41:24.42658 INFO::Fitting model to feature number 267, PWY.6859..all.trans.farnesol.biosynthesis
2026-04-20 11:41:24.435823 INFO::Fitting model to feature number 268, PWY.6876..isopropanol.biosynthesis..engineered.
2026-04-20 11:41:24.447926 INFO::Fitting model to feature number 269, PWY.6892..thiazole.component.of.thiamine.diphosphate.biosynthesis.I
2026-04-20 11:41:24.457511 INFO::Fitting model to feature number 270, PWY.6895..superpathway.of.thiamine.diphosphate.biosynthesis.II
2026-04-20 11:41:24.468111 INFO::Fitting model to feature number 271, PWY.6897..thiamine.diphosphate.salvage.II
2026-04-20 11:41:24.479242 INFO::Fitting model to feature number 272, PWY.6901..superpathway.of.glucose.and.xylose.degradation
2026-04-20 11:41:24.487763 INFO::Fitting model to feature number 273, PWY.6902..chitin.degradation.II..Vibrio.
2026-04-20 11:41:24.497857 INFO::Fitting model to feature number 274, PWY.6906..chitin.derivatives.degradation
2026-04-20 11:41:24.503793 INFO::Fitting model to feature number 275, PWY.6920..6.gingerol.analog.biosynthesis..engineered.
2026-04-20 11:41:24.512364 INFO::Fitting model to feature number 276, PWY.6922..L.N.delta..acetylornithine.biosynthesis
2026-04-20 11:41:24.520821 INFO::Fitting model to feature number 277, PWY.6936..seleno.amino.acid.biosynthesis..plants.
2026-04-20 11:41:24.532314 INFO::Fitting model to feature number 278, PWY.6961..L.ascorbate.degradation.II..bacterial..aerobic.
2026-04-20 11:41:24.550791 INFO::Fitting model to feature number 279, PWY.6969..TCA.cycle.V..2.oxoglutarate.synthase.
2026-04-20 11:41:24.563074 INFO::Fitting model to feature number 280, PWY.6992..1.5.anhydrofructose.degradation
2026-04-20 11:41:24.573102 INFO::Fitting model to feature number 281, PWY.7013...S..propane.1.2.diol.degradation
2026-04-20 11:41:24.584066 INFO::Fitting model to feature number 282, PWY.702..L.methionine.biosynthesis.II
2026-04-20 11:41:24.597523 INFO::Fitting model to feature number 283, PWY.7039..phosphatidate.metabolism..as.a.signaling.molecule
2026-04-20 11:41:24.606159 INFO::Fitting model to feature number 284, PWY.7094..fatty.acid.salvage
2026-04-20 11:41:24.617106 INFO::Fitting model to feature number 285, PWY.7111..pyruvate.fermentation.to.isobutanol..engineered.
2026-04-20 11:41:24.628177 INFO::Fitting model to feature number 286, PWY.7115..C4.photosynthetic.carbon.assimilation.cycle..NAD.ME.type
2026-04-20 11:41:24.637341 INFO::Fitting model to feature number 287, PWY.7117..C4.photosynthetic.carbon.assimilation.cycle..PEPCK.type
2026-04-20 11:41:24.646867 INFO::Fitting model to feature number 288, PWY.7118..chitin.deacetylation
2026-04-20 11:41:24.656072 INFO::Fitting model to feature number 289, PWY.7165..L.ascorbate.biosynthesis.VIII..engineered.pathway.
2026-04-20 11:41:24.667305 INFO::Fitting model to feature number 290, PWY.7184..pyrimidine.deoxyribonucleotides.de.novo.biosynthesis.I
2026-04-20 11:41:24.675977 INFO::Fitting model to feature number 291, PWY.7185..UTP.and.CTP.dephosphorylation.I
2026-04-20 11:41:24.686127 INFO::Fitting model to feature number 292, PWY.7187..pyrimidine.deoxyribonucleotides.de.novo.biosynthesis.II
2026-04-20 11:41:24.69555 INFO::Fitting model to feature number 293, PWY.7196..superpathway.of.pyrimidine.ribonucleosides.salvage
2026-04-20 11:41:24.704352 INFO::Fitting model to feature number 294, PWY.7197..pyrimidine.deoxyribonucleotide.phosphorylation
2026-04-20 11:41:24.715368 INFO::Fitting model to feature number 295, PWY.7198..pyrimidine.deoxyribonucleotides.de.novo.biosynthesis.IV
2026-04-20 11:41:24.72453 INFO::Fitting model to feature number 296, PWY.7199..pyrimidine.deoxyribonucleosides.salvage
2026-04-20 11:41:24.733276 INFO::Fitting model to feature number 297, PWY.7200..superpathway.of.pyrimidine.deoxyribonucleoside.salvage
2026-04-20 11:41:24.744923 INFO::Fitting model to feature number 298, PWY.7204..pyridoxal.5..phosphate.salvage.II..plants.
2026-04-20 11:41:24.753563 INFO::Fitting model to feature number 299, PWY.7208..superpathway.of.pyrimidine.nucleobases.salvage
2026-04-20 11:41:24.765279 INFO::Fitting model to feature number 300, PWY.7209..superpathway.of.pyrimidine.ribonucleosides.degradation
2026-04-20 11:41:24.775315 INFO::Fitting model to feature number 301, PWY.7210..pyrimidine.deoxyribonucleotides.biosynthesis.from.CTP
2026-04-20 11:41:24.785112 INFO::Fitting model to feature number 302, PWY.7211..superpathway.of.pyrimidine.deoxyribonucleotides.de.novo.biosynthesis
2026-04-20 11:41:24.794488 INFO::Fitting model to feature number 303, PWY.7220..adenosine.deoxyribonucleotides.de.novo.biosynthesis.II
2026-04-20 11:41:24.803211 INFO::Fitting model to feature number 304, PWY.7221..guanosine.ribonucleotides.de.novo.biosynthesis
2026-04-20 11:41:24.81366 INFO::Fitting model to feature number 305, PWY.7222..guanosine.deoxyribonucleotides.de.novo.biosynthesis.II
2026-04-20 11:41:24.822717 INFO::Fitting model to feature number 306, PWY.7228..superpathway.of.guanosine.nucleotides.de.novo.biosynthesis.I
2026-04-20 11:41:24.832032 INFO::Fitting model to feature number 307, PWY.7229..superpathway.of.adenosine.nucleotides.de.novo.biosynthesis.I
2026-04-20 11:41:24.842529 INFO::Fitting model to feature number 308, PWY.722..nicotinate.degradation.I
2026-04-20 11:41:24.868349 INFO::Fitting model to feature number 309, PWY.7234..inosine.5..phosphate.biosynthesis.III
2026-04-20 11:41:24.880002 INFO::Fitting model to feature number 310, PWY.7237..myo...chiro..and.scyllo.inositol.degradation
2026-04-20 11:41:24.890764 INFO::Fitting model to feature number 311, PWY.7238..sucrose.biosynthesis.II
2026-04-20 11:41:24.900012 INFO::Fitting model to feature number 312, PWY.7242..D.fructuronate.degradation
2026-04-20 11:41:24.908819 INFO::Fitting model to feature number 313, PWY.7245..superpathway.of.NAD.NADP...NADH.NADPH.interconversion..yeast.
2026-04-20 11:41:24.91807 INFO::Fitting model to feature number 314, PWY.724..superpathway.of.L.lysine..L.threonine.and.L.methionine.biosynthesis.II
2026-04-20 11:41:24.929266 INFO::Fitting model to feature number 315, PWY.7254..TCA.cycle.VII..acetate.producers.
2026-04-20 11:41:24.93876 INFO::Fitting model to feature number 316, PWY.7268..cytosolic.NADPH.production..yeast.
2026-04-20 11:41:24.948284 INFO::Fitting model to feature number 317, PWY.7269..mitochondrial.NADPH.production..yeast.
2026-04-20 11:41:24.959088 INFO::Fitting model to feature number 318, PWY.7282..4.amino.2.methyl.5.diphosphomethylpyrimidine.biosynthesis.II
2026-04-20 11:41:24.969685 INFO::Fitting model to feature number 319, PWY.7294..D.xylose.degradation.IV
2026-04-20 11:41:24.976009 INFO::Fitting model to feature number 320, PWY.7312..dTDP..beta..D.fucofuranose.biosynthesis
2026-04-20 11:41:24.981814 WARNING::Fitting problem for feature 320 returning NA
2026-04-20 11:41:24.986069 INFO::Fitting model to feature number 321, PWY.7315..dTDP.N.acetylthomosamine.biosynthesis
2026-04-20 11:41:24.997235 INFO::Fitting model to feature number 322, PWY.7323..superpathway.of.GDP.mannose.derived.O.antigen.building.blocks.biosynthesis
2026-04-20 11:41:25.006989 INFO::Fitting model to feature number 323, PWY.7328..superpathway.of.UDP.glucose.derived.O.antigen.building.blocks.biosynthesis
2026-04-20 11:41:25.017374 INFO::Fitting model to feature number 324, PWY.7340..9.cis..11.trans.octadecadienoyl.CoA.degradation..isomerase.dependent..yeast.
2026-04-20 11:41:25.028174 INFO::Fitting model to feature number 325, PWY.7345..superpathway.of.anaerobic.sucrose.degradation
2026-04-20 11:41:25.037144 INFO::Fitting model to feature number 326, PWY.7356..thiamine.diphosphate.salvage.IV..yeast.
2026-04-20 11:41:25.0469 INFO::Fitting model to feature number 327, PWY.7357..thiamine.phosphate.formation.from.pyrithiamine.and.oxythiamine..yeast.
2026-04-20 11:41:25.056354 INFO::Fitting model to feature number 328, PWY.7383..anaerobic.energy.metabolism..invertebrates..cytosol.
2026-04-20 11:41:25.06758 INFO::Fitting model to feature number 329, PWY.7384..anaerobic.energy.metabolism..invertebrates..mitochondrial.
2026-04-20 11:41:25.076353 INFO::Fitting model to feature number 330, PWY.7385..1.3.propanediol.biosynthesis..engineered.
2026-04-20 11:41:25.088814 INFO::Fitting model to feature number 331, PWY.7388..octanoyl..acyl.carrier.protein..biosynthesis..mitochondria..yeast.
2026-04-20 11:41:25.099452 INFO::Fitting model to feature number 332, PWY.7391..isoprene.biosynthesis.II..engineered.
2026-04-20 11:41:25.108182 INFO::Fitting model to feature number 333, PWY.7392..taxadiene.biosynthesis..engineered.
2026-04-20 11:41:25.117202 INFO::Fitting model to feature number 334, PWY.7396..butanol.and.isobutanol.biosynthesis..engineered.
2026-04-20 11:41:25.129442 INFO::Fitting model to feature number 335, PWY.7400..L.arginine.biosynthesis.IV..archaebacteria.
2026-04-20 11:41:25.153867 INFO::Fitting model to feature number 336, PWY.7409..phospholipid.remodeling..phosphatidylethanolamine..yeast.
2026-04-20 11:41:25.165011 INFO::Fitting model to feature number 337, PWY.7431..aromatic.biogenic.amine.degradation..bacteria.
2026-04-20 11:41:25.174823 INFO::Fitting model to feature number 338, PWY.7434..terminal.O.glycans.residues.modification..via.type.2.precursor.disaccharide.
2026-04-20 11:41:25.181492 WARNING::Fitting problem for feature 338 returning NA
2026-04-20 11:41:25.185452 INFO::Fitting model to feature number 339, PWY.7446..sulfoquinovose.degradation.I
2026-04-20 11:41:25.19482 INFO::Fitting model to feature number 340, PWY.7456...beta...1.4..mannan.degradation
2026-04-20 11:41:25.203978 INFO::Fitting model to feature number 341, PWY.7528..L.methionine.salvage.cycle.I..bacteria.and.plants.
2026-04-20 11:41:25.214759 INFO::Fitting model to feature number 342, PWY.7560..methylerythritol.phosphate.pathway.II
2026-04-20 11:41:25.224365 INFO::Fitting model to feature number 343, PWY.7616..methanol.oxidation.to.carbon.dioxide
2026-04-20 11:41:25.234282 INFO::Fitting model to feature number 344, PWY.7663..gondoate.biosynthesis..anaerobic.
2026-04-20 11:41:25.244487 INFO::Fitting model to feature number 345, PWY.7664..oleate.biosynthesis.IV..anaerobic.
2026-04-20 11:41:25.253608 INFO::Fitting model to feature number 346, PWY.7688..dTDP..alpha..D.ravidosamine.and.dTDP.4.acetyl..alpha..D.ravidosamine.biosynthesis
2026-04-20 11:41:25.259489 INFO::Fitting model to feature number 347, PWY.7723..bacterial.bioluminescence
2026-04-20 11:41:25.268417 INFO::Fitting model to feature number 348, PWY.7761..NAD.salvage.pathway.II..PNC.IV.cycle.
2026-04-20 11:41:25.279558 INFO::Fitting model to feature number 349, PWY.7783..plasmalogen.degradation
2026-04-20 11:41:25.288534 INFO::Fitting model to feature number 350, PWY.7790..UMP.biosynthesis.II
2026-04-20 11:41:25.320779 INFO::Fitting model to feature number 351, PWY.7791..UMP.biosynthesis.III
2026-04-20 11:41:25.330254 INFO::Fitting model to feature number 352, PWY.7805...aminomethyl.phosphonate.degradation
2026-04-20 11:41:25.339441 INFO::Fitting model to feature number 353, PWY.7807..glyphosate.degradation.III
2026-04-20 11:41:25.350748 INFO::Fitting model to feature number 354, PWY.7822..chitin.degradation.III..Serratia.
2026-04-20 11:41:25.359921 INFO::Fitting model to feature number 355, PWY.7851..coenzyme.A.biosynthesis.II..eukaryotic.
2026-04-20 11:41:25.369134 INFO::Fitting model to feature number 356, PWY.7858...5Z..dodecenoate.biosynthesis.II
2026-04-20 11:41:25.380136 INFO::Fitting model to feature number 357, PWY.7873..D.erythronate.degradation.II
2026-04-20 11:41:25.391909 INFO::Fitting model to feature number 358, PWY.7874..L.threonate.degradation
2026-04-20 11:41:25.401379 INFO::Fitting model to feature number 359, PWY.7883..anhydromuropeptides.recycling.II
2026-04-20 11:41:25.412819 INFO::Fitting model to feature number 360, PWY.7942..5.oxo.L.proline.metabolism
2026-04-20 11:41:25.421607 INFO::Fitting model to feature number 361, PWY.7953..UDP.N.acetylmuramoyl.pentapeptide.biosynthesis.III..meso.diaminopimelate.containing.
2026-04-20 11:41:25.433097 INFO::Fitting model to feature number 362, PWY.7977..L.methionine.biosynthesis.IV
2026-04-20 11:41:25.444252 INFO::Fitting model to feature number 363, PWY.8004..Entner.Doudoroff.pathway.I
2026-04-20 11:41:25.468596 INFO::Fitting model to feature number 364, PWY.8011..L.serine.biosynthesis.II
2026-04-20 11:41:25.478308 INFO::Fitting model to feature number 365, PWY.801..homocysteine.and.cysteine.interconversion
2026-04-20 11:41:25.48816 INFO::Fitting model to feature number 366, PWY.8073..lipid.IVA.biosynthesis..P..putida.
2026-04-20 11:41:25.501015 INFO::Fitting model to feature number 367, PWY.8085..picolinate.degradation
2026-04-20 11:41:25.511603 INFO::Fitting model to feature number 368, PWY.8086...S..lactate.fermentation.to.propanoate..acetate.and.hydrogen
2026-04-20 11:41:25.52043 INFO::Fitting model to feature number 369, PWY.8131..5..deoxyadenosine.degradation.II
2026-04-20 11:41:25.530193 INFO::Fitting model to feature number 370, PWY.8178..pentose.phosphate.pathway..non.oxidative.branch..II
2026-04-20 11:41:25.539875 INFO::Fitting model to feature number 371, PWY.8187..L.arginine.degradation.XIII..reductive.Stickland.reaction.
2026-04-20 11:41:25.549224 INFO::Fitting model to feature number 372, PWY.8190..L.glutamate.degradation.XI..reductive.Stickland.reaction.
2026-04-20 11:41:25.555478 INFO::Fitting model to feature number 373, PWY.821..superpathway.of.sulfur.amino.acid.biosynthesis..Saccharomyces.cerevisiae.
2026-04-20 11:41:25.565196 INFO::Fitting model to feature number 374, PWY.822..fructan.biosynthesis
2026-04-20 11:41:25.570031 WARNING::Fitting problem for feature 374 returning NA
2026-04-20 11:41:25.574705 INFO::Fitting model to feature number 375, PWY.841..superpathway.of.purine.nucleotides.de.novo.biosynthesis.I
2026-04-20 11:41:25.58416 INFO::Fitting model to feature number 376, PWY.922..mevalonate.pathway.I..eukaryotes.and.bacteria.
2026-04-20 11:41:25.594232 INFO::Fitting model to feature number 377, PWY.I9..L.cysteine.biosynthesis.VI..from.L.methionine.
2026-04-20 11:41:25.60297 INFO::Fitting model to feature number 378, PWY0.1061..superpathway.of.L.alanine.biosynthesis
2026-04-20 11:41:25.613744 INFO::Fitting model to feature number 379, PWY0.1221..putrescine.degradation.II
2026-04-20 11:41:25.623021 INFO::Fitting model to feature number 380, PWY0.1241..ADP.L.glycero..beta..D.manno.heptose.biosynthesis
2026-04-20 11:41:25.63247 INFO::Fitting model to feature number 381, PWY0.1261..anhydromuropeptides.recycling.I
2026-04-20 11:41:25.64413 INFO::Fitting model to feature number 382, PWY0.1277..3.phenylpropanoate.and.3..3.hydroxyphenyl.propanoate.degradation
2026-04-20 11:41:25.652909 INFO::Fitting model to feature number 383, PWY0.1296..purine.ribonucleosides.degradation
2026-04-20 11:41:25.66308 INFO::Fitting model to feature number 384, PWY0.1297..superpathway.of.purine.deoxyribonucleosides.degradation
2026-04-20 11:41:25.67271 INFO::Fitting model to feature number 385, PWY0.1298..superpathway.of.pyrimidine.deoxyribonucleosides.degradation
2026-04-20 11:41:25.68278 INFO::Fitting model to feature number 386, PWY0.1319..CDP.diacylglycerol.biosynthesis.II
2026-04-20 11:41:25.694605 INFO::Fitting model to feature number 387, PWY0.1337..oleate..beta..oxidation
2026-04-20 11:41:25.703308 INFO::Fitting model to feature number 388, PWY0.1338..polymyxin.resistance
2026-04-20 11:41:25.714579 INFO::Fitting model to feature number 389, PWY0.1415..superpathway.of.heme.b.biosynthesis.from.uroporphyrinogen.III
2026-04-20 11:41:25.722932 INFO::Fitting model to feature number 390, PWY0.1477..ethanolamine.utilization
2026-04-20 11:41:25.732472 INFO::Fitting model to feature number 391, PWY0.1479..tRNA.processing
2026-04-20 11:41:25.756546 INFO::Fitting model to feature number 392, PWY0.1533..methylphosphonate.degradation.I
2026-04-20 11:41:25.769641 INFO::Fitting model to feature number 393, PWY0.1586..peptidoglycan.maturation..meso.diaminopimelate.containing.
2026-04-20 11:41:25.781851 INFO::Fitting model to feature number 394, PWY0.162..superpathway.of.pyrimidine.ribonucleotides.de.novo.biosynthesis
2026-04-20 11:41:25.790863 INFO::Fitting model to feature number 395, PWY0.166..superpathway.of.pyrimidine.deoxyribonucleotides.de.novo.biosynthesis..E..coli.
2026-04-20 11:41:25.800731 INFO::Fitting model to feature number 396, PWY0.301..L.ascorbate.degradation.I..bacterial..anaerobic.
2026-04-20 11:41:25.810957 INFO::Fitting model to feature number 397, PWY0.41..allantoin.degradation.IV..anaerobic.
2026-04-20 11:41:25.824239 INFO::Fitting model to feature number 398, PWY0.42..2.methylcitrate.cycle.I
2026-04-20 11:41:25.834136 INFO::Fitting model to feature number 399, PWY0.461..L.lysine.degradation.I
2026-04-20 11:41:25.843565 INFO::Fitting model to feature number 400, PWY0.781..aspartate.superpathway
2026-04-20 11:41:25.852712 INFO::Fitting model to feature number 401, PWY0.845..superpathway.of.pyridoxal.5..phosphate.biosynthesis.and.salvage
2026-04-20 11:41:25.863847 INFO::Fitting model to feature number 402, PWY0.862...5Z..dodecenoate.biosynthesis.I
2026-04-20 11:41:25.872806 INFO::Fitting model to feature number 403, PWY0.881..superpathway.of.fatty.acid.biosynthesis.I..E..coli.
2026-04-20 11:41:25.882418 INFO::Fitting model to feature number 404, PWY1G.0..mycothiol.biosynthesis
2026-04-20 11:41:25.889065 WARNING::Fitting problem for feature 404 returning NA
2026-04-20 11:41:25.894121 INFO::Fitting model to feature number 405, PWY1ZNC.1..assimilatory.sulfate.reduction.IV
2026-04-20 11:41:25.903582 INFO::Fitting model to feature number 406, PWY3O.4107..NAD.salvage.pathway.V..PNC.V.cycle.
2026-04-20 11:41:25.913125 INFO::Fitting model to feature number 407, PWY4FS.7..phosphatidylglycerol.biosynthesis.I..plastidic.
2026-04-20 11:41:25.921867 INFO::Fitting model to feature number 408, PWY4FS.8..phosphatidylglycerol.biosynthesis.II..non.plastidic.
2026-04-20 11:41:25.932961 INFO::Fitting model to feature number 409, PWY4LZ.257..superpathway.of.fermentation..Chlamydomonas.reinhardtii.
2026-04-20 11:41:25.941989 INFO::Fitting model to feature number 410, PWY5F9.12..biphenyl.degradation
2026-04-20 11:41:25.95147 INFO::Fitting model to feature number 411, PWY66.367..ketogenesis
2026-04-20 11:41:25.95981 INFO::Fitting model to feature number 412, PWY66.389..phytol.degradation
2026-04-20 11:41:25.970349 INFO::Fitting model to feature number 413, PWY66.391..fatty.acid..beta..oxidation.VI..mammalian.peroxisome.
2026-04-20 11:41:25.982011 INFO::Fitting model to feature number 414, PWY66.399..gluconeogenesis.III
2026-04-20 11:41:25.991842 INFO::Fitting model to feature number 415, PWY66.409..superpathway.of.purine.nucleotide.salvage
2026-04-20 11:41:26.002601 INFO::Fitting model to feature number 416, PWY66.429..fatty.acid.biosynthesis.initiation..mitochondria.
2026-04-20 11:41:26.014104 INFO::Fitting model to feature number 417, PWY66.430..myristate.biosynthesis..mitochondria.
2026-04-20 11:41:26.023855 INFO::Fitting model to feature number 418, PYRIDNUCSAL.PWY..NAD.salvage.pathway.I..PNC.VI.cycle.
2026-04-20 11:41:26.034448 INFO::Fitting model to feature number 419, PYRIDNUCSYN.PWY..NAD.de.novo.biosynthesis.I..from.aspartate.
2026-04-20 11:41:26.044445 INFO::Fitting model to feature number 420, PYRIDOXSYN.PWY..pyridoxal.5..phosphate.biosynthesis.I
2026-04-20 11:41:26.05349 INFO::Fitting model to feature number 421, REDCITCYC..TCA.cycle.VI..Helicobacter.
2026-04-20 11:41:26.064245 INFO::Fitting model to feature number 422, RHAMCAT.PWY..L.rhamnose.degradation.I
2026-04-20 11:41:26.072922 INFO::Fitting model to feature number 423, RIBOSYN2.PWY..flavin.biosynthesis.I..bacteria.and.plants.
2026-04-20 11:41:26.082655 INFO::Fitting model to feature number 424, RUMP.PWY..formaldehyde.oxidation.I
2026-04-20 11:41:26.114532 INFO::Fitting model to feature number 425, SALVADEHYPOX.PWY..adenosine.nucleotides.degradation.II
2026-04-20 11:41:26.123735 INFO::Fitting model to feature number 426, SER.GLYSYN.PWY..superpathway.of.L.serine.and.glycine.biosynthesis.I
2026-04-20 11:41:26.136314 INFO::Fitting model to feature number 427, SO4ASSIM.PWY..assimilatory.sulfate.reduction.I
2026-04-20 11:41:26.146875 INFO::Fitting model to feature number 428, SULFATE.CYS.PWY..superpathway.of.sulfate.assimilation.and.cysteine.biosynthesis
2026-04-20 11:41:26.156536 INFO::Fitting model to feature number 429, TCA.GLYOX.BYPASS..superpathway.of.glyoxylate.bypass.and.TCA
2026-04-20 11:41:26.165987 INFO::Fitting model to feature number 430, TCA..TCA.cycle.I..prokaryotic.
2026-04-20 11:41:26.175403 INFO::Fitting model to feature number 431, THISYN.PWY..superpathway.of.thiamine.diphosphate.biosynthesis.I
2026-04-20 11:41:26.185549 INFO::Fitting model to feature number 432, THISYNARA.PWY..superpathway.of.thiamine.diphosphate.biosynthesis.III..eukaryotes.
2026-04-20 11:41:26.195822 INFO::Fitting model to feature number 433, THREOCAT.PWY..superpathway.of.L.threonine.metabolism
2026-04-20 11:41:26.204688 INFO::Fitting model to feature number 434, THRESYN.PWY..superpathway.of.L.threonine.biosynthesis
2026-04-20 11:41:26.21463 INFO::Fitting model to feature number 435, TRNA.CHARGING.PWY..tRNA.charging
2026-04-20 11:41:26.22463 INFO::Fitting model to feature number 436, TRPSYN.PWY..L.tryptophan.biosynthesis
2026-04-20 11:41:26.233849 INFO::Fitting model to feature number 437, TYRFUMCAT.PWY..L.tyrosine.degradation.I
2026-04-20 11:41:26.240129 INFO::Fitting model to feature number 438, UBISYN.PWY..superpathway.of.ubiquinol.8.biosynthesis..early.decarboxylation.
2026-04-20 11:41:26.250025 INFO::Fitting model to feature number 439, UDPNACETYLGALSYN.PWY..UDP.N.acetyl.D.glucosamine.biosynthesis.II
2026-04-20 11:41:26.25708 INFO::Fitting model to feature number 440, UDPNAGSYN.PWY..UDP.N.acetyl.D.glucosamine.biosynthesis.I
2026-04-20 11:41:26.268302 INFO::Fitting model to feature number 441, URDEGR.PWY..superpathway.of.allantoin.degradation.in.plants
2026-04-20 11:41:26.278006 INFO::Fitting model to feature number 442, URSIN.PWY..ureide.biosynthesis
2026-04-20 11:41:26.287052 INFO::Fitting model to feature number 443, VALSYN.PWY..L.valine.biosynthesis
2026-04-20 11:41:26.335705 INFO::Performing tests against medians
2026-04-20 11:41:41.238444 INFO::Counting total values for each feature
2026-04-20 11:41:41.316983 INFO::Running the logistic model component
2026-04-20 11:41:41.323372 DEBUG::Object: augment, Size: 56
2026-04-20 11:41:41.325962 DEBUG::Object: cluster, Size: 0
2026-04-20 11:41:41.327458 DEBUG::Object: cores, Size: 56
2026-04-20 11:41:41.329146 DEBUG::Object: correction, Size: 112
2026-04-20 11:41:41.330823 DEBUG::Object: extract_out, Size: 3096
2026-04-20 11:41:41.332213 DEBUG::Object: feature_specific_covariate, Size: 0
2026-04-20 11:41:41.333581 DEBUG::Object: feature_specific_covariate_name, Size: 0
2026-04-20 11:41:41.334905 DEBUG::Object: feature_specific_covariate_record, Size: 0
2026-04-20 11:41:41.336195 DEBUG::Object: features, Size: 223312
2026-04-20 11:41:41.337437 DEBUG::Object: formula, Size: 2688
2026-04-20 11:41:41.338761 DEBUG::Object: fun_list, Size: 70920
2026-04-20 11:41:41.340084 DEBUG::Object: func_to_run, Size: 435336
2026-04-20 11:41:41.342491 DEBUG::Object: groups, Size: 48
2026-04-20 11:41:41.344339 DEBUG::Object: median_comparison, Size: 56
2026-04-20 11:41:41.346064 DEBUG::Object: median_comparison_threshold, Size: 56
2026-04-20 11:41:41.347421 DEBUG::Object: metadata, Size: 25888
2026-04-20 11:41:41.348727 DEBUG::Object: model, Size: 120
2026-04-20 11:41:41.349993 DEBUG::Object: model_function, Size: 21016
2026-04-20 11:41:41.351227 DEBUG::Object: ordereds, Size: 48
2026-04-20 11:41:41.352477 DEBUG::Object: random_effects_formula, Size: 0
2026-04-20 11:41:41.3538 DEBUG::Object: ranef_function, Size: 0
2026-04-20 11:41:41.355072 DEBUG::Object: save_models, Size: 56
2026-04-20 11:41:41.356433 DEBUG::Object: small_random_effects, Size: 56
2026-04-20 11:41:41.357831 DEBUG::Object: strata, Size: 48
2026-04-20 11:41:41.359781 DEBUG::Object: subtract_median, Size: 56
2026-04-20 11:41:41.361205 DEBUG::Object: summary_function, Size: 49424
2026-04-20 11:41:41.362561 DEBUG::Object: func_to_run, Size: 435336
2026-04-20 11:41:41.364222 INFO::Fitting model to feature number 1, X12DICHLORETHDEG.PWY..1.2.dichloroethane.degradation
2026-04-20 11:41:41.378824 INFO::Fitting model to feature number 2, X1CMET2.PWY..folate.transformations.III..E..coli.
2026-04-20 11:41:41.383192 INFO::Fitting model to feature number 3, X3.HYDROXYPHENYLACETATE.DEGRADATION.PWY..4.hydroxyphenylacetate.degradation
2026-04-20 11:41:41.397367 INFO::Fitting model to feature number 4, AEROBACTINSYN.PWY..aerobactin.biosynthesis
2026-04-20 11:41:41.41163 INFO::Fitting model to feature number 5, ALLANTOINDEG.PWY..superpathway.of.allantoin.degradation.in.yeast
2026-04-20 11:41:41.427957 INFO::Fitting model to feature number 6, ANAEROFRUCAT.PWY..homolactic.fermentation
2026-04-20 11:41:41.432358 INFO::Fitting model to feature number 7, ANAGLYCOLYSIS.PWY..glycolysis.III..from.glucose.
2026-04-20 11:41:41.43663 INFO::Fitting model to feature number 8, ARG.POLYAMINE.SYN..superpathway.of.arginine.and.polyamine.biosynthesis
2026-04-20 11:41:41.450719 INFO::Fitting model to feature number 9, ARGDEG.PWY..superpathway.of.L.arginine..putrescine..and.4.aminobutanoate.degradation
2026-04-20 11:41:41.469053 INFO::Fitting model to feature number 10, ARGININE.SYN4.PWY..L.ornithine.biosynthesis.II
2026-04-20 11:41:41.474003 INFO::Fitting model to feature number 11, ARGSYN.PWY..L.arginine.biosynthesis.I..via.L.ornithine.
2026-04-20 11:41:41.479552 INFO::Fitting model to feature number 12, ARGSYNBSUB.PWY..L.arginine.biosynthesis.II..acetyl.cycle.
2026-04-20 11:41:41.484021 INFO::Fitting model to feature number 13, ARO.PWY..chorismate.biosynthesis.I
2026-04-20 11:41:41.488574 INFO::Fitting model to feature number 14, ASPASN.PWY..superpathway.of.L.aspartate.and.L.asparagine.biosynthesis
2026-04-20 11:41:41.493972 INFO::Fitting model to feature number 15, AST.PWY..L.arginine.degradation.II..AST.pathway.
2026-04-20 11:41:41.508142 INFO::Fitting model to feature number 16, BIOTIN.BIOSYNTHESIS.PWY..biotin.biosynthesis.I
2026-04-20 11:41:41.513084 INFO::Fitting model to feature number 17, BRANCHED.CHAIN.AA.SYN.PWY..superpathway.of.branched.chain.amino.acid.biosynthesis
2026-04-20 11:41:41.516892 INFO::Fitting model to feature number 18, CALVIN.PWY..Calvin.Benson.Bassham.cycle
2026-04-20 11:41:41.520562 INFO::Fitting model to feature number 19, CARNMET.PWY..L.carnitine.degradation.I
2026-04-20 11:41:41.535709 INFO::Fitting model to feature number 20, CATECHOL.ORTHO.CLEAVAGE.PWY..catechol.degradation.to..beta..ketoadipate
2026-04-20 11:41:41.549548 INFO::Fitting model to feature number 21, CENTFERM.PWY..pyruvate.fermentation.to.butanoate
2026-04-20 11:41:41.585061 INFO::Fitting model to feature number 22, CITRULBIO.PWY..L.citrulline.biosynthesis
2026-04-20 11:41:41.589163 INFO::Fitting model to feature number 23, COA.PWY.1..superpathway.of.coenzyme.A.biosynthesis.III..mammals.
2026-04-20 11:41:41.595061 INFO::Fitting model to feature number 24, COA.PWY..coenzyme.A.biosynthesis.I..prokaryotic.
2026-04-20 11:41:41.604221 INFO::Fitting model to feature number 25, COBALSYN.PWY..superpathway.of.adenosylcobalamin.salvage.from.cobinamide.I
2026-04-20 11:41:41.619152 INFO::Fitting model to feature number 26, COLANSYN.PWY..colanic.acid.building.blocks.biosynthesis
2026-04-20 11:41:41.633492 INFO::Fitting model to feature number 27, COMPLETE.ARO.PWY..superpathway.of.aromatic.amino.acid.biosynthesis
2026-04-20 11:41:41.637349 INFO::Fitting model to feature number 28, CRNFORCAT.PWY..creatinine.degradation.I
2026-04-20 11:41:41.65201 INFO::Fitting model to feature number 29, DAPLYSINESYN.PWY..L.lysine.biosynthesis.I
2026-04-20 11:41:41.656277 INFO::Fitting model to feature number 30, DARABCATK12.PWY..D.arabinose.degradation.I
2026-04-20 11:41:41.671488 INFO::Fitting model to feature number 31, DENITRIFICATION.PWY..nitrate.reduction.I..denitrification.
2026-04-20 11:41:41.684986 INFO::Fitting model to feature number 32, DENOVOPURINE2.PWY..superpathway.of.purine.nucleotides.de.novo.biosynthesis.II
2026-04-20 11:41:41.705527 INFO::Fitting model to feature number 33, DHGLUCONATE.PYR.CAT.PWY..glucose.degradation..oxidative.
2026-04-20 11:41:41.718725 INFO::Fitting model to feature number 34, DTDPRHAMSYN.PWY..dTDP..beta..L.rhamnose.biosynthesis
2026-04-20 11:41:41.736465 INFO::Fitting model to feature number 35, ECASYN.PWY..enterobacterial.common.antigen.biosynthesis
2026-04-20 11:41:41.760267 INFO::Fitting model to feature number 36, FAO.PWY..fatty.acid..beta..oxidation.I..generic.
2026-04-20 11:41:41.777295 INFO::Fitting model to feature number 37, FASYN.ELONG.PWY..fatty.acid.elongation....saturated
2026-04-20 11:41:41.781422 INFO::Fitting model to feature number 38, FASYN.INITIAL.PWY..superpathway.of.fatty.acid.biosynthesis.initiation..E..coli.
2026-04-20 11:41:41.794534 INFO::Fitting model to feature number 39, FERMENTATION.PWY..mixed.acid.fermentation
2026-04-20 11:41:41.798311 INFO::Fitting model to feature number 40, FOLSYN.PWY..superpathway.of.tetrahydrofolate.biosynthesis.and.salvage
2026-04-20 11:41:41.813425 INFO::Fitting model to feature number 41, FUC.RHAMCAT.PWY..superpathway.of.fucose.and.rhamnose.degradation
2026-04-20 11:41:41.826601 INFO::Fitting model to feature number 42, FUCCAT.PWY..fucose.degradation
2026-04-20 11:41:41.840416 INFO::Fitting model to feature number 43, GALACT.GLUCUROCAT.PWY..superpathway.of.hexuronide.and.hexuronate.degradation
2026-04-20 11:41:41.85393 INFO::Fitting model to feature number 44, GALACTARDEG.PWY..D.galactarate.degradation.I
2026-04-20 11:41:41.867595 INFO::Fitting model to feature number 45, GALACTITOLCAT.PWY..galactitol.degradation
2026-04-20 11:41:41.882732 INFO::Fitting model to feature number 46, GALACTUROCAT.PWY..D.galacturonate.degradation.I
2026-04-20 11:41:41.896389 INFO::Fitting model to feature number 47, GLCMANNANAUT.PWY..superpathway.of.N.acetylglucosamine..N.acetylmannosamine.and.N.acetylneuraminate.degradation
2026-04-20 11:41:41.909153 INFO::Fitting model to feature number 48, GLUCARDEG.PWY..D.glucarate.degradation.I
2026-04-20 11:41:41.933558 INFO::Fitting model to feature number 49, GLUCARGALACTSUPER.PWY..superpathway.of.D.glucarate.and.D.galactarate.degradation
2026-04-20 11:41:41.94725 INFO::Fitting model to feature number 50, GLUCONEO.PWY..gluconeogenesis.I
2026-04-20 11:41:41.951285 INFO::Fitting model to feature number 51, GLUCOSE1PMETAB.PWY..glucose.and.glucose.1.phosphate.degradation
2026-04-20 11:41:41.955366 INFO::Fitting model to feature number 52, GLUCUROCAT.PWY..superpathway.of..beta..D.glucuronosides.degradation
2026-04-20 11:41:41.971031 INFO::Fitting model to feature number 53, GLUDEG.I.PWY..GABA.shunt
2026-04-20 11:41:41.985554 INFO::Fitting model to feature number 54, GLUTORN.PWY..L.ornithine.biosynthesis.I
2026-04-20 11:41:41.989577 INFO::Fitting model to feature number 55, GLYCOCAT.PWY..glycogen.degradation.I
2026-04-20 11:41:42.004943 INFO::Fitting model to feature number 56, GLYCOGENSYNTH.PWY..glycogen.biosynthesis.I..from.ADP.D.Glucose.
2026-04-20 11:41:42.010018 INFO::Fitting model to feature number 57, GLYCOL.GLYOXDEG.PWY..superpathway.of.glycol.metabolism.and.degradation
2026-04-20 11:41:42.024693 INFO::Fitting model to feature number 58, GLYCOLYSIS.E.D..superpathway.of.glycolysis.and.the.Entner.Doudoroff.pathway
2026-04-20 11:41:42.06962 INFO::Fitting model to feature number 59, GLYCOLYSIS.TCA.GLYOX.BYPASS..superpathway.of.glycolysis..pyruvate.dehydrogenase..TCA..and.glyoxylate.bypass
2026-04-20 11:41:42.087066 INFO::Fitting model to feature number 60, GLYCOLYSIS..glycolysis.I..from.glucose.6.phosphate.
2026-04-20 11:41:42.091193 INFO::Fitting model to feature number 61, GLYOXYLATE.BYPASS..glyoxylate.cycle
2026-04-20 11:41:42.105352 INFO::Fitting model to feature number 62, GOLPDLCAT.PWY..superpathway.of.glycerol.degradation.to.1.3.propanediol
2026-04-20 11:41:42.119069 INFO::Fitting model to feature number 63, HCAMHPDEG.PWY..3.phenylpropanoate.and.3..3.hydroxyphenyl.propanoate.degradation.to.2.hydroxypentadienoate
2026-04-20 11:41:42.132789 INFO::Fitting model to feature number 64, HEME.BIOSYNTHESIS.II.1..heme.b.biosynthesis.V..aerobic.
2026-04-20 11:41:42.137049 INFO::Fitting model to feature number 65, HEME.BIOSYNTHESIS.II..heme.b.biosynthesis.I..aerobic.
2026-04-20 11:41:42.141223 INFO::Fitting model to feature number 66, HEMESYN2.PWY..heme.b.biosynthesis.II..oxygen.independent.
2026-04-20 11:41:42.14521 INFO::Fitting model to feature number 67, HEXITOLDEGSUPER.PWY..superpathway.of.hexitol.degradation..bacteria.
2026-04-20 11:41:42.159272 INFO::Fitting model to feature number 68, HISDEG.PWY..L.histidine.degradation.I
2026-04-20 11:41:42.173309 INFO::Fitting model to feature number 69, HISTSYN.PWY..L.histidine.biosynthesis
2026-04-20 11:41:42.177651 INFO::Fitting model to feature number 70, HOMOSER.METSYN.PWY..L.methionine.biosynthesis.I
2026-04-20 11:41:42.181672 INFO::Fitting model to feature number 71, HSERMETANA.PWY..L.methionine.biosynthesis.III
2026-04-20 11:41:42.195847 INFO::Fitting model to feature number 72, ILEUSYN.PWY..L.isoleucine.biosynthesis.I..from.threonine.
2026-04-20 11:41:42.200045 INFO::Fitting model to feature number 73, KDO.NAGLIPASYN.PWY..superpathway.of..Kdo.2.lipid.A.biosynthesis
2026-04-20 11:41:42.213785 INFO::Fitting model to feature number 74, KETOGLUCONMET.PWY..ketogluconate.metabolism
2026-04-20 11:41:42.228162 INFO::Fitting model to feature number 75, LACTOSECAT.PWY..lactose.and.galactose.degradation.I
2026-04-20 11:41:42.263947 INFO::Fitting model to feature number 76, LIPA.CORESYN.PWY..lipid.A.core.biosynthesis..E..coli.K.12.
2026-04-20 11:41:42.278925 INFO::Fitting model to feature number 77, LIPASYN.PWY..phospholipases
2026-04-20 11:41:42.293345 INFO::Fitting model to feature number 78, LPSSYN.PWY..superpathway.of.lipopolysaccharide.biosynthesis
2026-04-20 11:41:42.310421 INFO::Fitting model to feature number 79, MET.SAM.PWY..superpathway.of.S.adenosyl.L.methionine.biosynthesis
2026-04-20 11:41:42.314168 INFO::Fitting model to feature number 80, METHGLYUT.PWY..superpathway.of.methylglyoxal.degradation
2026-04-20 11:41:42.33117 INFO::Fitting model to feature number 81, METSYN.PWY..superpathway.of.L.homoserine.and.L.methionine.biosynthesis
2026-04-20 11:41:42.336097 INFO::Fitting model to feature number 82, NAD.BIOSYNTHESIS.II..NAD.salvage.pathway.III..to.nicotinamide.riboside.
2026-04-20 11:41:42.349446 INFO::Fitting model to feature number 83, NAGLIPASYN.PWY..lipid.IVA.biosynthesis..E..coli.
2026-04-20 11:41:42.353501 INFO::Fitting model to feature number 84, NONMEVIPP.PWY..methylerythritol.phosphate.pathway.I
2026-04-20 11:41:42.357497 INFO::Fitting model to feature number 85, NONOXIPENT.PWY..pentose.phosphate.pathway..non.oxidative.branch..I
2026-04-20 11:41:42.361954 INFO::Fitting model to feature number 86, OANTIGEN.PWY..O.antigen.building.blocks.biosynthesis..E..coli.
2026-04-20 11:41:42.375923 INFO::Fitting model to feature number 87, ORNARGDEG.PWY..superpathway.of.L.arginine.and.L.ornithine.degradation
2026-04-20 11:41:42.390438 INFO::Fitting model to feature number 88, ORNDEG.PWY..superpathway.of.ornithine.degradation
2026-04-20 11:41:42.405443 INFO::Fitting model to feature number 89, P105.PWY..TCA.cycle.IV..2.oxoglutarate.decarboxylase.
2026-04-20 11:41:42.420678 INFO::Fitting model to feature number 90, P108.PWY..pyruvate.fermentation.to.propanoate.I
2026-04-20 11:41:42.435214 INFO::Fitting model to feature number 91, P122.PWY..heterolactic.fermentation
2026-04-20 11:41:42.439894 INFO::Fitting model to feature number 92, P124.PWY..Bifidobacterium.shunt
2026-04-20 11:41:42.452952 INFO::Fitting model to feature number 93, P125.PWY..superpathway.of..R.R..butanediol.biosynthesis
2026-04-20 11:41:42.466915 INFO::Fitting model to feature number 94, P161.PWY..acetylene.degradation..anaerobic.
2026-04-20 11:41:42.471463 INFO::Fitting model to feature number 95, P164.PWY..purine.nucleobases.degradation.I..anaerobic.
2026-04-20 11:41:42.484863 INFO::Fitting model to feature number 96, P185.PWY..formaldehyde.assimilation.III..dihydroxyacetone.cycle.
2026-04-20 11:41:42.498238 INFO::Fitting model to feature number 97, P221.PWY..octane.oxidation
2026-04-20 11:41:42.513149 INFO::Fitting model to feature number 98, P23.PWY..reductive.TCA.cycle.I
2026-04-20 11:41:42.527543 INFO::Fitting model to feature number 99, P4.PWY..superpathway.of.L.lysine..L.threonine.and.L.methionine.biosynthesis.I
2026-04-20 11:41:42.564424 INFO::Fitting model to feature number 100, P41.PWY..pyruvate.fermentation.to.acetate.and..S..lactate.I
2026-04-20 11:41:42.568444 INFO::Fitting model to feature number 101, P42.PWY..incomplete.reductive.TCA.cycle
2026-04-20 11:41:42.5816 INFO::Fitting model to feature number 102, P441.PWY..superpathway.of.N.acetylneuraminate.degradation
2026-04-20 11:41:42.585503 INFO::Fitting model to feature number 103, P461.PWY..hexitol.fermentation.to.lactate..formate..ethanol.and.acetate
2026-04-20 11:41:42.590304 INFO::Fitting model to feature number 104, P562.PWY..myo.inositol.degradation.I
2026-04-20 11:41:42.604244 INFO::Fitting model to feature number 105, P621.PWY..nylon.6.oligomer.degradation
2026-04-20 11:41:42.61926 INFO::Fitting model to feature number 106, PANTO.PWY..phosphopantothenate.biosynthesis.I
2026-04-20 11:41:42.62375 INFO::Fitting model to feature number 107, PANTOSYN.PWY..superpathway.of.coenzyme.A.biosynthesis.I..bacteria.
2026-04-20 11:41:42.628289 INFO::Fitting model to feature number 108, PENTOSE.P.PWY..pentose.phosphate.pathway
2026-04-20 11:41:42.634102 INFO::Fitting model to feature number 109, PEPTIDOGLYCANSYN.PWY..peptidoglycan.biosynthesis.I..meso.diaminopimelate.containing.
2026-04-20 11:41:42.637901 INFO::Fitting model to feature number 110, PHOSLIPSYN.PWY..superpathway.of.phospholipid.biosynthesis.I..bacteria.
2026-04-20 11:41:42.643052 INFO::Fitting model to feature number 111, POLYAMINSYN3.PWY..superpathway.of.polyamine.biosynthesis.II
2026-04-20 11:41:42.659423 INFO::Fitting model to feature number 112, POLYAMSYN.PWY..superpathway.of.polyamine.biosynthesis.I
2026-04-20 11:41:42.673037 INFO::Fitting model to feature number 113, POLYISOPRENSYN.PWY..polyisoprenoid.biosynthesis..E..coli.
2026-04-20 11:41:42.677926 INFO::Fitting model to feature number 114, PPGPPMET.PWY..ppGpp.metabolism
2026-04-20 11:41:42.683867 INFO::Fitting model to feature number 115, PROTOCATECHUATE.ORTHO.CLEAVAGE.PWY..protocatechuate.degradation.II..ortho.cleavage.pathway.
2026-04-20 11:41:42.698266 INFO::Fitting model to feature number 116, PRPP.PWY..superpathway.of.histidine..purine..and.pyrimidine.biosynthesis
2026-04-20 11:41:42.711767 INFO::Fitting model to feature number 117, PWY.1042..glycolysis.IV
2026-04-20 11:41:42.715533 INFO::Fitting model to feature number 118, PWY.1269..CMP.3.deoxy.D.manno.octulosonate.biosynthesis
2026-04-20 11:41:42.720192 INFO::Fitting model to feature number 119, PWY.1501..mandelate.degradation.I
2026-04-20 11:41:42.733672 INFO::Fitting model to feature number 120, PWY.1622..formaldehyde.assimilation.I..serine.pathway.
2026-04-20 11:41:42.747622 INFO::Fitting model to feature number 121, PWY.181..photorespiration
2026-04-20 11:41:42.762029 INFO::Fitting model to feature number 122, PWY.1861..formaldehyde.assimilation.II..assimilatory.RuMP.Cycle.
2026-04-20 11:41:42.774914 INFO::Fitting model to feature number 123, PWY.2221..Entner.Doudoroff.pathway.III..semi.phosphorylative.
2026-04-20 11:41:42.788733 INFO::Fitting model to feature number 124, PWY.241..C4.photosynthetic.carbon.assimilation.cycle..NADP.ME.type
2026-04-20 11:41:42.801898 INFO::Fitting model to feature number 125, PWY.2941..L.lysine.biosynthesis.II
2026-04-20 11:41:42.805913 INFO::Fitting model to feature number 126, PWY.2942..L.lysine.biosynthesis.III
2026-04-20 11:41:42.842794 INFO::Fitting model to feature number 127, PWY.3001..superpathway.of.L.isoleucine.biosynthesis.I
2026-04-20 11:41:42.846624 INFO::Fitting model to feature number 128, PWY.3801..sucrose.degradation.II..sucrose.synthase.
2026-04-20 11:41:42.865715 INFO::Fitting model to feature number 129, PWY.3841..folate.transformations.II..plants.
2026-04-20 11:41:42.869886 INFO::Fitting model to feature number 130, PWY.4041...gamma..glutamyl.cycle
2026-04-20 11:41:42.873893 INFO::Fitting model to feature number 131, PWY.4361..S.methyl.5.thio..alpha..D.ribose.1.phosphate.degradation.I
2026-04-20 11:41:42.888274 INFO::Fitting model to feature number 132, PWY.4984..urea.cycle
2026-04-20 11:41:42.902091 INFO::Fitting model to feature number 133, PWY.5004..superpathway.of.L.citrulline.metabolism
2026-04-20 11:41:42.916971 INFO::Fitting model to feature number 134, PWY.5005..biotin.biosynthesis.II
2026-04-20 11:41:42.93093 INFO::Fitting model to feature number 135, PWY.5022..4.aminobutanoate.degradation.V
2026-04-20 11:41:42.94626 INFO::Fitting model to feature number 136, PWY.5028..L.histidine.degradation.II
2026-04-20 11:41:42.959165 INFO::Fitting model to feature number 137, PWY.5030..L.histidine.degradation.III
2026-04-20 11:41:42.973795 INFO::Fitting model to feature number 138, PWY.5097..L.lysine.biosynthesis.VI
2026-04-20 11:41:42.97852 INFO::Fitting model to feature number 139, PWY.5100..pyruvate.fermentation.to.acetate.and.lactate.II
2026-04-20 11:41:42.982261 INFO::Fitting model to feature number 140, PWY.5103..L.isoleucine.biosynthesis.III
2026-04-20 11:41:42.988307 INFO::Fitting model to feature number 141, PWY.5104..L.isoleucine.biosynthesis.IV
2026-04-20 11:41:43.002886 INFO::Fitting model to feature number 142, PWY.5121..superpathway.of.geranylgeranyl.diphosphate.biosynthesis.II..via.MEP.
2026-04-20 11:41:43.006755 INFO::Fitting model to feature number 143, PWY.5130..2.oxobutanoate.degradation.I
2026-04-20 11:41:43.020841 INFO::Fitting model to feature number 144, PWY.5136..fatty.acid..beta..oxidation.II..plant.peroxisome.
2026-04-20 11:41:43.034451 INFO::Fitting model to feature number 145, PWY.5138..fatty.acid..beta..oxidation.IV..unsaturated..even.number.
2026-04-20 11:41:43.049365 INFO::Fitting model to feature number 146, PWY.5154..L.arginine.biosynthesis.III..via.N.acetyl.L.citrulline.
2026-04-20 11:41:43.053631 INFO::Fitting model to feature number 147, PWY.5156..superpathway.of.fatty.acid.biosynthesis.II..plant.
2026-04-20 11:41:43.067769 INFO::Fitting model to feature number 148, PWY.5180..toluene.degradation.I..aerobic...via.o.cresol.
2026-04-20 11:41:43.081825 INFO::Fitting model to feature number 149, PWY.5188..tetrapyrrole.biosynthesis.I..from.glutamate.
2026-04-20 11:41:43.085711 INFO::Fitting model to feature number 150, PWY.5189..tetrapyrrole.biosynthesis.II..from.glycine.
2026-04-20 11:41:43.090187 INFO::Fitting model to feature number 151, PWY.5265..peptidoglycan.biosynthesis.II..staphylococci.
2026-04-20 11:41:43.104309 INFO::Fitting model to feature number 152, PWY.5345..superpathway.of.L.methionine.biosynthesis..by.sulfhydrylation.
2026-04-20 11:41:43.134741 INFO::Fitting model to feature number 153, PWY.5347..superpathway.of.L.methionine.biosynthesis..transsulfuration.
2026-04-20 11:41:43.139472 INFO::Fitting model to feature number 154, PWY.5367..petroselinate.biosynthesis
2026-04-20 11:41:43.156703 INFO::Fitting model to feature number 155, PWY.5384..sucrose.degradation.IV..sucrose.phosphorylase.
2026-04-20 11:41:43.161083 INFO::Fitting model to feature number 156, PWY.5392..reductive.TCA.cycle.II
2026-04-20 11:41:43.175117 INFO::Fitting model to feature number 157, PWY.5415..catechol.degradation.I..meta.cleavage.pathway.
2026-04-20 11:41:43.187912 INFO::Fitting model to feature number 158, PWY.5417..catechol.degradation.III..ortho.cleavage.pathway.
2026-04-20 11:41:43.202177 INFO::Fitting model to feature number 159, PWY.5431..aromatic.compounds.degradation.via..beta..ketoadipate
2026-04-20 11:41:43.215623 INFO::Fitting model to feature number 160, PWY.5464..superpathway.of.cytosolic.glycolysis..plants...pyruvate.dehydrogenase.and.TCA.cycle
2026-04-20 11:41:43.230873 INFO::Fitting model to feature number 161, PWY.5484..glycolysis.II..from.fructose.6.phosphate.
2026-04-20 11:41:43.234932 INFO::Fitting model to feature number 162, PWY.5497..purine.nucleobases.degradation.II..anaerobic.
2026-04-20 11:41:43.249253 INFO::Fitting model to feature number 163, PWY.5505..L.glutamate.and.L.glutamine.biosynthesis
2026-04-20 11:41:43.263497 INFO::Fitting model to feature number 164, PWY.5514..UDP.N.acetyl.D.galactosamine.biosynthesis.II
2026-04-20 11:41:43.278105 INFO::Fitting model to feature number 165, PWY.561..superpathway.of.glyoxylate.cycle.and.fatty.acid.degradation
2026-04-20 11:41:43.295292 INFO::Fitting model to feature number 166, PWY.5654..2.amino.3.carboxymuconate.semialdehyde.degradation.to.2.hydroxypentadienoate
2026-04-20 11:41:43.308651 INFO::Fitting model to feature number 167, PWY.5656..mannosylglycerate.biosynthesis.I
2026-04-20 11:41:43.322699 INFO::Fitting model to feature number 168, PWY.5659..GDP.mannose.biosynthesis
2026-04-20 11:41:43.327499 INFO::Fitting model to feature number 169, PWY.5667..CDP.diacylglycerol.biosynthesis.I
2026-04-20 11:41:43.331173 INFO::Fitting model to feature number 170, PWY.5675..nitrate.reduction.V..assimilatory.
2026-04-20 11:41:43.335239 INFO::Fitting model to feature number 171, PWY.5676..acetyl.CoA.fermentation.to.butanoate.II
2026-04-20 11:41:43.349004 INFO::Fitting model to feature number 172, PWY.5686..UMP.biosynthesis.I
2026-04-20 11:41:43.353886 INFO::Fitting model to feature number 173, PWY.5690..TCA.cycle.II..plants.and.fungi.
2026-04-20 11:41:43.368483 INFO::Fitting model to feature number 174, PWY.5692..allantoin.degradation.to.glyoxylate.II
2026-04-20 11:41:43.382938 INFO::Fitting model to feature number 175, PWY.5695..inosine.5..phosphate.degradation
2026-04-20 11:41:43.387406 INFO::Fitting model to feature number 176, PWY.5705..allantoin.degradation.to.glyoxylate.III
2026-04-20 11:41:43.401814 INFO::Fitting model to feature number 177, PWY.5723..Rubisco.shunt
2026-04-20 11:41:43.415863 INFO::Fitting model to feature number 178, PWY.5747..2.methylcitrate.cycle.II
2026-04-20 11:41:43.454165 INFO::Fitting model to feature number 179, PWY.5837..2.carboxy.1.4.naphthoquinol.biosynthesis
2026-04-20 11:41:43.460056 INFO::Fitting model to feature number 180, PWY.5838..superpathway.of.menaquinol.8.biosynthesis.I
2026-04-20 11:41:43.475849 INFO::Fitting model to feature number 181, PWY.5840..superpathway.of.menaquinol.7.biosynthesis
2026-04-20 11:41:43.479718 INFO::Fitting model to feature number 182, PWY.5845..superpathway.of.menaquinol.9.biosynthesis
2026-04-20 11:41:43.496221 INFO::Fitting model to feature number 183, PWY.5850..superpathway.of.menaquinol.6.biosynthesis
2026-04-20 11:41:43.512379 INFO::Fitting model to feature number 184, PWY.5855..ubiquinol.7.biosynthesis..early.decarboxylation.
2026-04-20 11:41:43.550313 INFO::Fitting model to feature number 185, PWY.5860..superpathway.of.demethylmenaquinol.6.biosynthesis.I
2026-04-20 11:41:43.564095 INFO::Fitting model to feature number 186, PWY.5861..superpathway.of.demethylmenaquinol.8.biosynthesis.I
2026-04-20 11:41:43.578901 INFO::Fitting model to feature number 187, PWY.5862..superpathway.of.demethylmenaquinol.9.biosynthesis
2026-04-20 11:41:43.591639 INFO::Fitting model to feature number 188, PWY.5896..superpathway.of.menaquinol.10.biosynthesis
2026-04-20 11:41:43.606957 INFO::Fitting model to feature number 189, PWY.5897..superpathway.of.menaquinol.11.biosynthesis
2026-04-20 11:41:43.61153 INFO::Fitting model to feature number 190, PWY.5898..superpathway.of.menaquinol.12.biosynthesis
2026-04-20 11:41:43.615651 INFO::Fitting model to feature number 191, PWY.5899..superpathway.of.menaquinol.13.biosynthesis
2026-04-20 11:41:43.619335 INFO::Fitting model to feature number 192, PWY.5910..superpathway.of.geranylgeranyldiphosphate.biosynthesis.I..via.mevalonate.
2026-04-20 11:41:43.63359 INFO::Fitting model to feature number 193, PWY.5913..partial.TCA.cycle..obligate.autotrophs.
2026-04-20 11:41:43.638621 INFO::Fitting model to feature number 194, PWY.5918..superpathway.of.heme.b.biosynthesis.from.glutamate
2026-04-20 11:41:43.643293 INFO::Fitting model to feature number 195, PWY.5920..superpathway.of.heme.b.biosynthesis.from.glycine
2026-04-20 11:41:43.656478 INFO::Fitting model to feature number 196, PWY.5941..glycogen.degradation.II
2026-04-20 11:41:43.66066 INFO::Fitting model to feature number 197, PWY.5971..palmitate.biosynthesis..type.II.fatty.acid.synthase.
2026-04-20 11:41:43.674857 INFO::Fitting model to feature number 198, PWY.5972..stearate.biosynthesis.I..animals.
2026-04-20 11:41:43.68839 INFO::Fitting model to feature number 199, PWY.5973..cis.vaccenate.biosynthesis
2026-04-20 11:41:43.69308 INFO::Fitting model to feature number 200, PWY.5981..CDP.diacylglycerol.biosynthesis.III
2026-04-20 11:41:43.697114 INFO::Fitting model to feature number 201, PWY.5989..stearate.biosynthesis.II..bacteria.and.plants.
2026-04-20 11:41:43.701156 INFO::Fitting model to feature number 202, PWY.5994..palmitate.biosynthesis..type.I.fatty.acid.synthase.
2026-04-20 11:41:43.715036 INFO::Fitting model to feature number 203, PWY.6113..superpathway.of.mycolate.biosynthesis
2026-04-20 11:41:43.729186 INFO::Fitting model to feature number 204, PWY.6121..5.aminoimidazole.ribonucleotide.biosynthesis.I
2026-04-20 11:41:43.732873 INFO::Fitting model to feature number 205, PWY.6122..5.aminoimidazole.ribonucleotide.biosynthesis.II
2026-04-20 11:41:43.73796 INFO::Fitting model to feature number 206, PWY.6123..inosine.5..phosphate.biosynthesis.I
2026-04-20 11:41:43.745725 INFO::Fitting model to feature number 207, PWY.6124..inosine.5..phosphate.biosynthesis.II
2026-04-20 11:41:43.759443 INFO::Fitting model to feature number 208, PWY.6125..superpathway.of.guanosine.nucleotides.de.novo.biosynthesis.II
2026-04-20 11:41:43.763561 INFO::Fitting model to feature number 209, PWY.6126..superpathway.of.adenosine.nucleotides.de.novo.biosynthesis.II
2026-04-20 11:41:43.767508 INFO::Fitting model to feature number 210, PWY.6147..6.hydroxymethyl.dihydropterin.diphosphate.biosynthesis.I
2026-04-20 11:41:43.772454 INFO::Fitting model to feature number 211, PWY.6151..S.adenosyl.L.methionine.salvage.I
2026-04-20 11:41:43.781401 INFO::Fitting model to feature number 212, PWY.6163..chorismate.biosynthesis.from.3.dehydroquinate
2026-04-20 11:41:43.785586 INFO::Fitting model to feature number 213, PWY.6168..flavin.biosynthesis.III..fungi.
2026-04-20 11:41:43.800183 INFO::Fitting model to feature number 214, PWY.6182..superpathway.of.salicylate.degradation
2026-04-20 11:41:43.814258 INFO::Fitting model to feature number 215, PWY.6185..4.methylcatechol.degradation..ortho.cleavage.
2026-04-20 11:41:43.829455 INFO::Fitting model to feature number 216, PWY.6210..2.aminophenol.degradation
2026-04-20 11:41:43.843592 INFO::Fitting model to feature number 217, PWY.6215..4.chlorobenzoate.degradation
2026-04-20 11:41:43.858515 INFO::Fitting model to feature number 218, PWY.621..sucrose.degradation.III..sucrose.invertase.
2026-04-20 11:41:43.864351 INFO::Fitting model to feature number 219, PWY.622..starch.biosynthesis
2026-04-20 11:41:43.877534 INFO::Fitting model to feature number 220, PWY.6270..isoprene.biosynthesis.I
2026-04-20 11:41:43.881552 INFO::Fitting model to feature number 221, PWY.6277..superpathway.of.5.aminoimidazole.ribonucleotide.biosynthesis
2026-04-20 11:41:43.885956 INFO::Fitting model to feature number 222, PWY.6282..palmitoleate.biosynthesis.I..from..5Z..dodec.5.enoate.
2026-04-20 11:41:43.89061 INFO::Fitting model to feature number 223, PWY.6284..superpathway.of.unsaturated.fatty.acids.biosynthesis..E..coli.
2026-04-20 11:41:43.905313 INFO::Fitting model to feature number 224, PWY.6285..superpathway.of.fatty.acids.biosynthesis..E..coli.
2026-04-20 11:41:43.920147 INFO::Fitting model to feature number 225, PWY.6292..superpathway.of.L.cysteine.biosynthesis..mammalian.
2026-04-20 11:41:43.9344 INFO::Fitting model to feature number 226, PWY.6293..superpathway.of.L.cysteine.biosynthesis..fungi.
2026-04-20 11:41:43.94806 INFO::Fitting model to feature number 227, PWY.6305..superpathway.of.putrescine.biosynthesis
2026-04-20 11:41:43.962441 INFO::Fitting model to feature number 228, PWY.6307..L.tryptophan.degradation.X..mammalian..via.tryptamine.
2026-04-20 11:41:43.977108 INFO::Fitting model to feature number 229, PWY.6313..serotonin.degradation
2026-04-20 11:41:43.990262 INFO::Fitting model to feature number 230, PWY.6317..D.galactose.degradation.I..Leloir.pathway.
2026-04-20 11:41:43.99525 INFO::Fitting model to feature number 231, PWY.6318..L.phenylalanine.degradation.IV..mammalian..via.side.chain.
2026-04-20 11:41:44.008782 INFO::Fitting model to feature number 232, PWY.6328..L.lysine.degradation.X
2026-04-20 11:41:44.025657 INFO::Fitting model to feature number 233, PWY.6353..purine.nucleotides.degradation.II..aerobic.
2026-04-20 11:41:44.054179 INFO::Fitting model to feature number 234, PWY.6385..peptidoglycan.biosynthesis.III..mycobacteria.
2026-04-20 11:41:44.063177 INFO::Fitting model to feature number 235, PWY.6386..UDP.N.acetylmuramoyl.pentapeptide.biosynthesis.II..lysine.containing.
2026-04-20 11:41:44.067774 INFO::Fitting model to feature number 236, PWY.6387..UDP.N.acetylmuramoyl.pentapeptide.biosynthesis.I..meso.diaminopimelate.containing.
2026-04-20 11:41:44.07188 INFO::Fitting model to feature number 237, PWY.6396..superpathway.of.2.3.butanediol.biosynthesis
2026-04-20 11:41:44.08501 INFO::Fitting model to feature number 238, PWY.6435..4.hydroxybenzoate.biosynthesis.III..plants.
2026-04-20 11:41:44.0982 INFO::Fitting model to feature number 239, PWY.6470..peptidoglycan.biosynthesis.V...beta..lactam.resistance.
2026-04-20 11:41:44.112122 INFO::Fitting model to feature number 240, PWY.6507..4.deoxy.L.threo.hex.4.enopyranuronate.degradation
2026-04-20 11:41:44.125837 INFO::Fitting model to feature number 241, PWY.6519..8.amino.7.oxononanoate.biosynthesis.I
2026-04-20 11:41:44.129677 INFO::Fitting model to feature number 242, PWY.6527..stachyose.degradation
2026-04-20 11:41:44.133578 INFO::Fitting model to feature number 243, PWY.6531..mannitol.cycle
2026-04-20 11:41:44.148114 INFO::Fitting model to feature number 244, PWY.6545..pyrimidine.deoxyribonucleotides.de.novo.biosynthesis.III
2026-04-20 11:41:44.162273 INFO::Fitting model to feature number 245, PWY.6549..L.glutamine.biosynthesis.III
2026-04-20 11:41:44.179947 INFO::Fitting model to feature number 246, PWY.6562..norspermidine.biosynthesis
2026-04-20 11:41:44.19377 INFO::Fitting model to feature number 247, PWY.6572..chondroitin.sulfate.degradation.I..bacterial.
2026-04-20 11:41:44.208479 INFO::Fitting model to feature number 248, PWY.6588..pyruvate.fermentation.to.acetone
2026-04-20 11:41:44.223179 INFO::Fitting model to feature number 249, PWY.6590..superpathway.of.Clostridium.acetobutylicum.acidogenic.fermentation
2026-04-20 11:41:44.238071 INFO::Fitting model to feature number 250, PWY.6595..superpathway.of.guanosine.nucleotides.degradation..plants.
2026-04-20 11:41:44.252933 INFO::Fitting model to feature number 251, PWY.6606..guanosine.nucleotides.degradation.II
2026-04-20 11:41:44.265988 INFO::Fitting model to feature number 252, PWY.6607..guanosine.nucleotides.degradation.I
2026-04-20 11:41:44.281015 INFO::Fitting model to feature number 253, PWY.6608..guanosine.nucleotides.degradation.III
2026-04-20 11:41:44.295248 INFO::Fitting model to feature number 254, PWY.6609..adenine.and.adenosine.salvage.III
2026-04-20 11:41:44.299036 INFO::Fitting model to feature number 255, PWY.6612..superpathway.of.tetrahydrofolate.biosynthesis
2026-04-20 11:41:44.314039 INFO::Fitting model to feature number 256, PWY.6628..superpathway.of.L.phenylalanine.biosynthesis
2026-04-20 11:41:44.317996 INFO::Fitting model to feature number 257, PWY.6629..superpathway.of.L.tryptophan.biosynthesis
2026-04-20 11:41:44.321965 INFO::Fitting model to feature number 258, PWY.6630..superpathway.of.L.tyrosine.biosynthesis
2026-04-20 11:41:44.326281 INFO::Fitting model to feature number 259, PWY.6690..cinnamate.and.3.hydroxycinnamate.degradation.to.2.hydroxypentadienoate
2026-04-20 11:41:44.339885 INFO::Fitting model to feature number 260, PWY.6700..queuosine.biosynthesis.I..de.novo.
2026-04-20 11:41:44.344817 INFO::Fitting model to feature number 261, PWY.6703..preQ0.biosynthesis
2026-04-20 11:41:44.348723 INFO::Fitting model to feature number 262, PWY.6708..ubiquinol.8.biosynthesis..early.decarboxylation.
2026-04-20 11:41:44.361737 INFO::Fitting model to feature number 263, PWY.6731..starch.degradation.III
2026-04-20 11:41:44.397643 INFO::Fitting model to feature number 264, PWY.6749..CMP.legionaminate.biosynthesis.I
2026-04-20 11:41:44.415992 INFO::Fitting model to feature number 265, PWY.6803..phosphatidylcholine.acyl.editing
2026-04-20 11:41:44.430049 INFO::Fitting model to feature number 266, PWY.6823..molybdopterin.biosynthesis
2026-04-20 11:41:44.4339 INFO::Fitting model to feature number 267, PWY.6859..all.trans.farnesol.biosynthesis
2026-04-20 11:41:44.437761 INFO::Fitting model to feature number 268, PWY.6876..isopropanol.biosynthesis..engineered.
2026-04-20 11:41:44.452246 INFO::Fitting model to feature number 269, PWY.6892..thiazole.component.of.thiamine.diphosphate.biosynthesis.I
2026-04-20 11:41:44.465868 INFO::Fitting model to feature number 270, PWY.6895..superpathway.of.thiamine.diphosphate.biosynthesis.II
2026-04-20 11:41:44.481872 INFO::Fitting model to feature number 271, PWY.6897..thiamine.diphosphate.salvage.II
2026-04-20 11:41:44.485989 INFO::Fitting model to feature number 272, PWY.6901..superpathway.of.glucose.and.xylose.degradation
2026-04-20 11:41:44.490225 INFO::Fitting model to feature number 273, PWY.6902..chitin.degradation.II..Vibrio.
2026-04-20 11:41:44.504215 INFO::Fitting model to feature number 274, PWY.6906..chitin.derivatives.degradation
2026-04-20 11:41:44.517619 INFO::Fitting model to feature number 275, PWY.6920..6.gingerol.analog.biosynthesis..engineered.
2026-04-20 11:41:44.531608 INFO::Fitting model to feature number 276, PWY.6922..L.N.delta..acetylornithine.biosynthesis
2026-04-20 11:41:44.545784 INFO::Fitting model to feature number 277, PWY.6936..seleno.amino.acid.biosynthesis..plants.
2026-04-20 11:41:44.549591 INFO::Fitting model to feature number 278, PWY.6961..L.ascorbate.degradation.II..bacterial..aerobic.
2026-04-20 11:41:44.563474 INFO::Fitting model to feature number 279, PWY.6969..TCA.cycle.V..2.oxoglutarate.synthase.
2026-04-20 11:41:44.567643 INFO::Fitting model to feature number 280, PWY.6992..1.5.anhydrofructose.degradation
2026-04-20 11:41:44.585834 INFO::Fitting model to feature number 281, PWY.7013...S..propane.1.2.diol.degradation
2026-04-20 11:41:44.599615 INFO::Fitting model to feature number 282, PWY.702..L.methionine.biosynthesis.II
2026-04-20 11:41:44.603819 INFO::Fitting model to feature number 283, PWY.7039..phosphatidate.metabolism..as.a.signaling.molecule
2026-04-20 11:41:44.617594 INFO::Fitting model to feature number 284, PWY.7094..fatty.acid.salvage
2026-04-20 11:41:44.631888 INFO::Fitting model to feature number 285, PWY.7111..pyruvate.fermentation.to.isobutanol..engineered.
2026-04-20 11:41:44.636236 INFO::Fitting model to feature number 286, PWY.7115..C4.photosynthetic.carbon.assimilation.cycle..NAD.ME.type
2026-04-20 11:41:44.640041 INFO::Fitting model to feature number 287, PWY.7117..C4.photosynthetic.carbon.assimilation.cycle..PEPCK.type
2026-04-20 11:41:44.644246 INFO::Fitting model to feature number 288, PWY.7118..chitin.deacetylation
2026-04-20 11:41:44.65806 INFO::Fitting model to feature number 289, PWY.7165..L.ascorbate.biosynthesis.VIII..engineered.pathway.
2026-04-20 11:41:44.671654 INFO::Fitting model to feature number 290, PWY.7184..pyrimidine.deoxyribonucleotides.de.novo.biosynthesis.I
2026-04-20 11:41:44.68572 INFO::Fitting model to feature number 291, PWY.7185..UTP.and.CTP.dephosphorylation.I
2026-04-20 11:41:44.726707 INFO::Fitting model to feature number 292, PWY.7187..pyrimidine.deoxyribonucleotides.de.novo.biosynthesis.II
2026-04-20 11:41:44.74406 INFO::Fitting model to feature number 293, PWY.7196..superpathway.of.pyrimidine.ribonucleosides.salvage
2026-04-20 11:41:44.756456 INFO::Fitting model to feature number 294, PWY.7197..pyrimidine.deoxyribonucleotide.phosphorylation
2026-04-20 11:41:44.76069 INFO::Fitting model to feature number 295, PWY.7198..pyrimidine.deoxyribonucleotides.de.novo.biosynthesis.IV
2026-04-20 11:41:44.775576 INFO::Fitting model to feature number 296, PWY.7199..pyrimidine.deoxyribonucleosides.salvage
2026-04-20 11:41:44.780627 INFO::Fitting model to feature number 297, PWY.7200..superpathway.of.pyrimidine.deoxyribonucleoside.salvage
2026-04-20 11:41:44.79423 INFO::Fitting model to feature number 298, PWY.7204..pyridoxal.5..phosphate.salvage.II..plants.
2026-04-20 11:41:44.808892 INFO::Fitting model to feature number 299, PWY.7208..superpathway.of.pyrimidine.nucleobases.salvage
2026-04-20 11:41:44.813253 INFO::Fitting model to feature number 300, PWY.7209..superpathway.of.pyrimidine.ribonucleosides.degradation
2026-04-20 11:41:44.826509 INFO::Fitting model to feature number 301, PWY.7210..pyrimidine.deoxyribonucleotides.biosynthesis.from.CTP
2026-04-20 11:41:44.840452 INFO::Fitting model to feature number 302, PWY.7211..superpathway.of.pyrimidine.deoxyribonucleotides.de.novo.biosynthesis
2026-04-20 11:41:44.853872 INFO::Fitting model to feature number 303, PWY.7220..adenosine.deoxyribonucleotides.de.novo.biosynthesis.II
2026-04-20 11:41:44.858566 INFO::Fitting model to feature number 304, PWY.7221..guanosine.ribonucleotides.de.novo.biosynthesis
2026-04-20 11:41:44.862402 INFO::Fitting model to feature number 305, PWY.7222..guanosine.deoxyribonucleotides.de.novo.biosynthesis.II
2026-04-20 11:41:44.866402 INFO::Fitting model to feature number 306, PWY.7228..superpathway.of.guanosine.nucleotides.de.novo.biosynthesis.I
2026-04-20 11:41:44.870945 INFO::Fitting model to feature number 307, PWY.7229..superpathway.of.adenosine.nucleotides.de.novo.biosynthesis.I
2026-04-20 11:41:44.875734 INFO::Fitting model to feature number 308, PWY.722..nicotinate.degradation.I
2026-04-20 11:41:44.889883 INFO::Fitting model to feature number 309, PWY.7234..inosine.5..phosphate.biosynthesis.III
2026-04-20 11:41:44.893907 INFO::Fitting model to feature number 310, PWY.7237..myo...chiro..and.scyllo.inositol.degradation
2026-04-20 11:41:44.908423 INFO::Fitting model to feature number 311, PWY.7238..sucrose.biosynthesis.II
2026-04-20 11:41:44.91253 INFO::Fitting model to feature number 312, PWY.7242..D.fructuronate.degradation
2026-04-20 11:41:44.92617 INFO::Fitting model to feature number 313, PWY.7245..superpathway.of.NAD.NADP...NADH.NADPH.interconversion..yeast.
2026-04-20 11:41:44.939377 INFO::Fitting model to feature number 314, PWY.724..superpathway.of.L.lysine..L.threonine.and.L.methionine.biosynthesis.II
2026-04-20 11:41:44.944249 INFO::Fitting model to feature number 315, PWY.7254..TCA.cycle.VII..acetate.producers.
2026-04-20 11:41:44.981733 INFO::Fitting model to feature number 316, PWY.7268..cytosolic.NADPH.production..yeast.
2026-04-20 11:41:44.994849 INFO::Fitting model to feature number 317, PWY.7269..mitochondrial.NADPH.production..yeast.
2026-04-20 11:41:45.01179 INFO::Fitting model to feature number 318, PWY.7282..4.amino.2.methyl.5.diphosphomethylpyrimidine.biosynthesis.II
2026-04-20 11:41:45.025037 INFO::Fitting model to feature number 319, PWY.7294..D.xylose.degradation.IV
2026-04-20 11:41:45.039527 INFO::Fitting model to feature number 320, PWY.7312..dTDP..beta..D.fucofuranose.biosynthesis
2026-04-20 11:41:45.055226 INFO::Fitting model to feature number 321, PWY.7315..dTDP.N.acetylthomosamine.biosynthesis
2026-04-20 11:41:45.072693 INFO::Fitting model to feature number 322, PWY.7323..superpathway.of.GDP.mannose.derived.O.antigen.building.blocks.biosynthesis
2026-04-20 11:41:45.087418 INFO::Fitting model to feature number 323, PWY.7328..superpathway.of.UDP.glucose.derived.O.antigen.building.blocks.biosynthesis
2026-04-20 11:41:45.101883 INFO::Fitting model to feature number 324, PWY.7340..9.cis..11.trans.octadecadienoyl.CoA.degradation..isomerase.dependent..yeast.
2026-04-20 11:41:45.115332 INFO::Fitting model to feature number 325, PWY.7345..superpathway.of.anaerobic.sucrose.degradation
2026-04-20 11:41:45.119886 INFO::Fitting model to feature number 326, PWY.7356..thiamine.diphosphate.salvage.IV..yeast.
2026-04-20 11:41:45.124225 INFO::Fitting model to feature number 327, PWY.7357..thiamine.phosphate.formation.from.pyrithiamine.and.oxythiamine..yeast.
2026-04-20 11:41:45.129017 INFO::Fitting model to feature number 328, PWY.7383..anaerobic.energy.metabolism..invertebrates..cytosol.
2026-04-20 11:41:45.14265 INFO::Fitting model to feature number 329, PWY.7384..anaerobic.energy.metabolism..invertebrates..mitochondrial.
2026-04-20 11:41:45.156039 INFO::Fitting model to feature number 330, PWY.7385..1.3.propanediol.biosynthesis..engineered.
2026-04-20 11:41:45.169685 INFO::Fitting model to feature number 331, PWY.7388..octanoyl..acyl.carrier.protein..biosynthesis..mitochondria..yeast.
2026-04-20 11:41:45.183024 INFO::Fitting model to feature number 332, PWY.7391..isoprene.biosynthesis.II..engineered.
2026-04-20 11:41:45.196794 INFO::Fitting model to feature number 333, PWY.7392..taxadiene.biosynthesis..engineered.
2026-04-20 11:41:45.210229 INFO::Fitting model to feature number 334, PWY.7396..butanol.and.isobutanol.biosynthesis..engineered.
2026-04-20 11:41:45.223354 INFO::Fitting model to feature number 335, PWY.7400..L.arginine.biosynthesis.IV..archaebacteria.
2026-04-20 11:41:45.228161 INFO::Fitting model to feature number 336, PWY.7409..phospholipid.remodeling..phosphatidylethanolamine..yeast.
2026-04-20 11:41:45.240841 INFO::Fitting model to feature number 337, PWY.7431..aromatic.biogenic.amine.degradation..bacteria.
2026-04-20 11:41:45.254824 INFO::Fitting model to feature number 338, PWY.7434..terminal.O.glycans.residues.modification..via.type.2.precursor.disaccharide.
2026-04-20 11:41:45.267918 INFO::Fitting model to feature number 339, PWY.7446..sulfoquinovose.degradation.I
2026-04-20 11:41:45.281932 INFO::Fitting model to feature number 340, PWY.7456...beta...1.4..mannan.degradation
2026-04-20 11:41:45.297269 INFO::Fitting model to feature number 341, PWY.7528..L.methionine.salvage.cycle.I..bacteria.and.plants.
2026-04-20 11:41:45.310618 INFO::Fitting model to feature number 342, PWY.7560..methylerythritol.phosphate.pathway.II
2026-04-20 11:41:45.314376 INFO::Fitting model to feature number 343, PWY.7616..methanol.oxidation.to.carbon.dioxide
2026-04-20 11:41:45.35163 INFO::Fitting model to feature number 344, PWY.7663..gondoate.biosynthesis..anaerobic.
2026-04-20 11:41:45.356478 INFO::Fitting model to feature number 345, PWY.7664..oleate.biosynthesis.IV..anaerobic.
2026-04-20 11:41:45.361733 INFO::Fitting model to feature number 346, PWY.7688..dTDP..alpha..D.ravidosamine.and.dTDP.4.acetyl..alpha..D.ravidosamine.biosynthesis
2026-04-20 11:41:45.377985 INFO::Fitting model to feature number 347, PWY.7723..bacterial.bioluminescence
2026-04-20 11:41:45.390326 INFO::Fitting model to feature number 348, PWY.7761..NAD.salvage.pathway.II..PNC.IV.cycle.
2026-04-20 11:41:45.396318 INFO::Fitting model to feature number 349, PWY.7783..plasmalogen.degradation
2026-04-20 11:41:45.410482 INFO::Fitting model to feature number 350, PWY.7790..UMP.biosynthesis.II
2026-04-20 11:41:45.414659 INFO::Fitting model to feature number 351, PWY.7791..UMP.biosynthesis.III
2026-04-20 11:41:45.418368 INFO::Fitting model to feature number 352, PWY.7805...aminomethyl.phosphonate.degradation
2026-04-20 11:41:45.431493 INFO::Fitting model to feature number 353, PWY.7807..glyphosate.degradation.III
2026-04-20 11:41:45.446124 INFO::Fitting model to feature number 354, PWY.7822..chitin.degradation.III..Serratia.
2026-04-20 11:41:45.460058 INFO::Fitting model to feature number 355, PWY.7851..coenzyme.A.biosynthesis.II..eukaryotic.
2026-04-20 11:41:45.464083 INFO::Fitting model to feature number 356, PWY.7858...5Z..dodecenoate.biosynthesis.II
2026-04-20 11:41:45.467867 INFO::Fitting model to feature number 357, PWY.7873..D.erythronate.degradation.II
2026-04-20 11:41:45.486011 INFO::Fitting model to feature number 358, PWY.7874..L.threonate.degradation
2026-04-20 11:41:45.500127 INFO::Fitting model to feature number 359, PWY.7883..anhydromuropeptides.recycling.II
2026-04-20 11:41:45.515008 INFO::Fitting model to feature number 360, PWY.7942..5.oxo.L.proline.metabolism
2026-04-20 11:41:45.529032 INFO::Fitting model to feature number 361, PWY.7953..UDP.N.acetylmuramoyl.pentapeptide.biosynthesis.III..meso.diaminopimelate.containing.
2026-04-20 11:41:45.532761 INFO::Fitting model to feature number 362, PWY.7977..L.methionine.biosynthesis.IV
2026-04-20 11:41:45.537274 INFO::Fitting model to feature number 363, PWY.8004..Entner.Doudoroff.pathway.I
2026-04-20 11:41:45.551179 INFO::Fitting model to feature number 364, PWY.8011..L.serine.biosynthesis.II
2026-04-20 11:41:45.564657 INFO::Fitting model to feature number 365, PWY.801..homocysteine.and.cysteine.interconversion
2026-04-20 11:41:45.579826 INFO::Fitting model to feature number 366, PWY.8073..lipid.IVA.biosynthesis..P..putida.
2026-04-20 11:41:45.583593 INFO::Fitting model to feature number 367, PWY.8085..picolinate.degradation
2026-04-20 11:41:45.596875 INFO::Fitting model to feature number 368, PWY.8086...S..lactate.fermentation.to.propanoate..acetate.and.hydrogen
2026-04-20 11:41:45.614978 INFO::Fitting model to feature number 369, PWY.8131..5..deoxyadenosine.degradation.II
2026-04-20 11:41:45.630025 INFO::Fitting model to feature number 370, PWY.8178..pentose.phosphate.pathway..non.oxidative.branch..II
2026-04-20 11:41:45.634327 INFO::Fitting model to feature number 371, PWY.8187..L.arginine.degradation.XIII..reductive.Stickland.reaction.
2026-04-20 11:41:45.638262 INFO::Fitting model to feature number 372, PWY.8190..L.glutamate.degradation.XI..reductive.Stickland.reaction.
2026-04-20 11:41:45.6728 INFO::Fitting model to feature number 373, PWY.821..superpathway.of.sulfur.amino.acid.biosynthesis..Saccharomyces.cerevisiae.
2026-04-20 11:41:45.689341 INFO::Fitting model to feature number 374, PWY.822..fructan.biosynthesis
2026-04-20 11:41:45.703513 INFO::Fitting model to feature number 375, PWY.841..superpathway.of.purine.nucleotides.de.novo.biosynthesis.I
2026-04-20 11:41:45.707541 INFO::Fitting model to feature number 376, PWY.922..mevalonate.pathway.I..eukaryotes.and.bacteria.
2026-04-20 11:41:45.722924 INFO::Fitting model to feature number 377, PWY.I9..L.cysteine.biosynthesis.VI..from.L.methionine.
2026-04-20 11:41:45.72823 INFO::Fitting model to feature number 378, PWY0.1061..superpathway.of.L.alanine.biosynthesis
2026-04-20 11:41:45.73208 INFO::Fitting model to feature number 379, PWY0.1221..putrescine.degradation.II
2026-04-20 11:41:45.745435 INFO::Fitting model to feature number 380, PWY0.1241..ADP.L.glycero..beta..D.manno.heptose.biosynthesis
2026-04-20 11:41:45.749401 INFO::Fitting model to feature number 381, PWY0.1261..anhydromuropeptides.recycling.I
2026-04-20 11:41:45.753307 INFO::Fitting model to feature number 382, PWY0.1277..3.phenylpropanoate.and.3..3.hydroxyphenyl.propanoate.degradation
2026-04-20 11:41:45.767755 INFO::Fitting model to feature number 383, PWY0.1296..purine.ribonucleosides.degradation
2026-04-20 11:41:45.771398 INFO::Fitting model to feature number 384, PWY0.1297..superpathway.of.purine.deoxyribonucleosides.degradation
2026-04-20 11:41:45.776274 INFO::Fitting model to feature number 385, PWY0.1298..superpathway.of.pyrimidine.deoxyribonucleosides.degradation
2026-04-20 11:41:45.78029 INFO::Fitting model to feature number 386, PWY0.1319..CDP.diacylglycerol.biosynthesis.II
2026-04-20 11:41:45.783926 INFO::Fitting model to feature number 387, PWY0.1337..oleate..beta..oxidation
2026-04-20 11:41:45.797453 INFO::Fitting model to feature number 388, PWY0.1338..polymyxin.resistance
2026-04-20 11:41:45.812509 INFO::Fitting model to feature number 389, PWY0.1415..superpathway.of.heme.b.biosynthesis.from.uroporphyrinogen.III
2026-04-20 11:41:45.816605 INFO::Fitting model to feature number 390, PWY0.1477..ethanolamine.utilization
2026-04-20 11:41:45.820673 INFO::Fitting model to feature number 391, PWY0.1479..tRNA.processing
2026-04-20 11:41:45.825101 INFO::Fitting model to feature number 392, PWY0.1533..methylphosphonate.degradation.I
2026-04-20 11:41:45.838623 INFO::Fitting model to feature number 393, PWY0.1586..peptidoglycan.maturation..meso.diaminopimelate.containing.
2026-04-20 11:41:45.843556 INFO::Fitting model to feature number 394, PWY0.162..superpathway.of.pyrimidine.ribonucleotides.de.novo.biosynthesis
2026-04-20 11:41:45.847232 INFO::Fitting model to feature number 395, PWY0.166..superpathway.of.pyrimidine.deoxyribonucleotides.de.novo.biosynthesis..E..coli.
2026-04-20 11:41:45.861073 INFO::Fitting model to feature number 396, PWY0.301..L.ascorbate.degradation.I..bacterial..anaerobic.
2026-04-20 11:41:45.877223 INFO::Fitting model to feature number 397, PWY0.41..allantoin.degradation.IV..anaerobic.
2026-04-20 11:41:45.889923 INFO::Fitting model to feature number 398, PWY0.42..2.methylcitrate.cycle.I
2026-04-20 11:41:45.902871 INFO::Fitting model to feature number 399, PWY0.461..L.lysine.degradation.I
2026-04-20 11:41:45.916929 INFO::Fitting model to feature number 400, PWY0.781..aspartate.superpathway
2026-04-20 11:41:45.931103 INFO::Fitting model to feature number 401, PWY0.845..superpathway.of.pyridoxal.5..phosphate.biosynthesis.and.salvage
2026-04-20 11:41:45.94646 INFO::Fitting model to feature number 402, PWY0.862...5Z..dodecenoate.biosynthesis.I
2026-04-20 11:41:45.95046 INFO::Fitting model to feature number 403, PWY0.881..superpathway.of.fatty.acid.biosynthesis.I..E..coli.
2026-04-20 11:41:45.96406 INFO::Fitting model to feature number 404, PWY1G.0..mycothiol.biosynthesis
2026-04-20 11:41:46.001628 INFO::Fitting model to feature number 405, PWY1ZNC.1..assimilatory.sulfate.reduction.IV
2026-04-20 11:41:46.021063 INFO::Fitting model to feature number 406, PWY3O.4107..NAD.salvage.pathway.V..PNC.V.cycle.
2026-04-20 11:41:46.034547 INFO::Fitting model to feature number 407, PWY4FS.7..phosphatidylglycerol.biosynthesis.I..plastidic.
2026-04-20 11:41:46.038381 INFO::Fitting model to feature number 408, PWY4FS.8..phosphatidylglycerol.biosynthesis.II..non.plastidic.
2026-04-20 11:41:46.043044 INFO::Fitting model to feature number 409, PWY4LZ.257..superpathway.of.fermentation..Chlamydomonas.reinhardtii.
2026-04-20 11:41:46.057305 INFO::Fitting model to feature number 410, PWY5F9.12..biphenyl.degradation
2026-04-20 11:41:46.071904 INFO::Fitting model to feature number 411, PWY66.367..ketogenesis
2026-04-20 11:41:46.086283 INFO::Fitting model to feature number 412, PWY66.389..phytol.degradation
2026-04-20 11:41:46.090157 INFO::Fitting model to feature number 413, PWY66.391..fatty.acid..beta..oxidation.VI..mammalian.peroxisome.
2026-04-20 11:41:46.104447 INFO::Fitting model to feature number 414, PWY66.399..gluconeogenesis.III
2026-04-20 11:41:46.118053 INFO::Fitting model to feature number 415, PWY66.409..superpathway.of.purine.nucleotide.salvage
2026-04-20 11:41:46.122955 INFO::Fitting model to feature number 416, PWY66.429..fatty.acid.biosynthesis.initiation..mitochondria.
2026-04-20 11:41:46.1277 INFO::Fitting model to feature number 417, PWY66.430..myristate.biosynthesis..mitochondria.
2026-04-20 11:41:46.14107 INFO::Fitting model to feature number 418, PYRIDNUCSAL.PWY..NAD.salvage.pathway.I..PNC.VI.cycle.
2026-04-20 11:41:46.155002 INFO::Fitting model to feature number 419, PYRIDNUCSYN.PWY..NAD.de.novo.biosynthesis.I..from.aspartate.
2026-04-20 11:41:46.168174 INFO::Fitting model to feature number 420, PYRIDOXSYN.PWY..pyridoxal.5..phosphate.biosynthesis.I
2026-04-20 11:41:46.182497 INFO::Fitting model to feature number 421, REDCITCYC..TCA.cycle.VI..Helicobacter.
2026-04-20 11:41:46.197325 INFO::Fitting model to feature number 422, RHAMCAT.PWY..L.rhamnose.degradation.I
2026-04-20 11:41:46.201366 INFO::Fitting model to feature number 423, RIBOSYN2.PWY..flavin.biosynthesis.I..bacteria.and.plants.
2026-04-20 11:41:46.205084 INFO::Fitting model to feature number 424, RUMP.PWY..formaldehyde.oxidation.I
2026-04-20 11:41:46.218627 INFO::Fitting model to feature number 425, SALVADEHYPOX.PWY..adenosine.nucleotides.degradation.II
2026-04-20 11:41:46.23419 INFO::Fitting model to feature number 426, SER.GLYSYN.PWY..superpathway.of.L.serine.and.glycine.biosynthesis.I
2026-04-20 11:41:46.238477 INFO::Fitting model to feature number 427, SO4ASSIM.PWY..assimilatory.sulfate.reduction.I
2026-04-20 11:41:46.242871 INFO::Fitting model to feature number 428, SULFATE.CYS.PWY..superpathway.of.sulfate.assimilation.and.cysteine.biosynthesis
2026-04-20 11:41:46.24678 INFO::Fitting model to feature number 429, TCA.GLYOX.BYPASS..superpathway.of.glyoxylate.bypass.and.TCA
2026-04-20 11:41:46.262012 INFO::Fitting model to feature number 430, TCA..TCA.cycle.I..prokaryotic.
2026-04-20 11:41:46.275903 INFO::Fitting model to feature number 431, THISYN.PWY..superpathway.of.thiamine.diphosphate.biosynthesis.I
2026-04-20 11:41:46.289495 INFO::Fitting model to feature number 432, THISYNARA.PWY..superpathway.of.thiamine.diphosphate.biosynthesis.III..eukaryotes.
2026-04-20 11:41:46.3037 INFO::Fitting model to feature number 433, THREOCAT.PWY..superpathway.of.L.threonine.metabolism
2026-04-20 11:41:46.317941 INFO::Fitting model to feature number 434, THRESYN.PWY..superpathway.of.L.threonine.biosynthesis
2026-04-20 11:41:46.345481 INFO::Fitting model to feature number 435, TRNA.CHARGING.PWY..tRNA.charging
2026-04-20 11:41:46.349414 INFO::Fitting model to feature number 436, TRPSYN.PWY..L.tryptophan.biosynthesis
2026-04-20 11:41:46.353281 INFO::Fitting model to feature number 437, TYRFUMCAT.PWY..L.tyrosine.degradation.I
2026-04-20 11:41:46.37056 INFO::Fitting model to feature number 438, UBISYN.PWY..superpathway.of.ubiquinol.8.biosynthesis..early.decarboxylation.
2026-04-20 11:41:46.459963 INFO::Fitting model to feature number 439, UDPNACETYLGALSYN.PWY..UDP.N.acetyl.D.glucosamine.biosynthesis.II
2026-04-20 11:41:46.471962 INFO::Fitting model to feature number 440, UDPNAGSYN.PWY..UDP.N.acetyl.D.glucosamine.biosynthesis.I
2026-04-20 11:41:46.477265 INFO::Fitting model to feature number 441, URDEGR.PWY..superpathway.of.allantoin.degradation.in.plants
2026-04-20 11:41:46.489977 INFO::Fitting model to feature number 442, URSIN.PWY..ureide.biosynthesis
2026-04-20 11:41:46.503668 INFO::Fitting model to feature number 443, VALSYN.PWY..L.valine.biosynthesis
2026-04-20 11:41:46.760948 INFO::Counting total values for each feature
2026-04-20 11:41:46.828993 INFO::Re-running abundances for warn_prevalence
2026-04-20 11:41:46.830908 INFO::Running selected normalization method: TSS
2026-04-20 11:41:46.848145 INFO::Running selected transform method: LOG
2026-04-20 11:41:46.860664 DEBUG::Object: augment, Size: 56
2026-04-20 11:41:46.861977 DEBUG::Object: cluster, Size: 0
2026-04-20 11:41:46.863133 DEBUG::Object: cores, Size: 56
2026-04-20 11:41:46.864261 DEBUG::Object: correction, Size: 112
2026-04-20 11:41:46.865416 DEBUG::Object: extract_out, Size: 3096
2026-04-20 11:41:46.866582 DEBUG::Object: feature_specific_covariate, Size: 0
2026-04-20 11:41:46.867936 DEBUG::Object: feature_specific_covariate_name, Size: 0
2026-04-20 11:41:46.869249 DEBUG::Object: feature_specific_covariate_record, Size: 0
2026-04-20 11:41:46.870606 DEBUG::Object: features, Size: 248232
2026-04-20 11:41:46.871787 DEBUG::Object: formula, Size: 2688
2026-04-20 11:41:46.873139 DEBUG::Object: fun_list, Size: 58768
2026-04-20 11:41:46.876202 DEBUG::Object: func_to_run, Size: 435336
2026-04-20 11:41:46.877498 DEBUG::Object: groups, Size: 48
2026-04-20 11:41:46.878791 DEBUG::Object: median_comparison, Size: 56
2026-04-20 11:41:46.880012 DEBUG::Object: median_comparison_threshold, Size: 56
2026-04-20 11:41:46.881358 DEBUG::Object: metadata, Size: 25888
2026-04-20 11:41:46.882616 DEBUG::Object: model, Size: 112
2026-04-20 11:41:46.884008 DEBUG::Object: model_function, Size: 8864
2026-04-20 11:41:46.885307 DEBUG::Object: ordereds, Size: 48
2026-04-20 11:41:46.887123 DEBUG::Object: random_effects_formula, Size: 0
2026-04-20 11:41:46.888896 DEBUG::Object: ranef_function, Size: 0
2026-04-20 11:41:46.890512 DEBUG::Object: save_models, Size: 56
2026-04-20 11:41:46.892594 DEBUG::Object: small_random_effects, Size: 56
2026-04-20 11:41:46.894355 DEBUG::Object: strata, Size: 48
2026-04-20 11:41:46.896256 DEBUG::Object: subtract_median, Size: 56
2026-04-20 11:41:46.898229 DEBUG::Object: summary_function, Size: 49424
2026-04-20 11:41:46.899654 DEBUG::Object: func_to_run, Size: 435336
2026-04-20 11:41:46.901696 INFO::Fitting model to feature number 1, X12DICHLORETHDEG.PWY..1.2.dichloroethane.degradation
2026-04-20 11:41:46.908532 WARNING::Fitting problem for feature 1 returning NA
2026-04-20 11:41:46.913789 INFO::Fitting model to feature number 2, X1CMET2.PWY..folate.transformations.III..E..coli.
2026-04-20 11:41:46.925489 INFO::Fitting model to feature number 3, X3.HYDROXYPHENYLACETATE.DEGRADATION.PWY..4.hydroxyphenylacetate.degradation
2026-04-20 11:41:46.939144 INFO::Fitting model to feature number 4, AEROBACTINSYN.PWY..aerobactin.biosynthesis
2026-04-20 11:41:46.953385 INFO::Fitting model to feature number 5, ALLANTOINDEG.PWY..superpathway.of.allantoin.degradation.in.yeast
2026-04-20 11:41:46.993722 INFO::Fitting model to feature number 6, ANAEROFRUCAT.PWY..homolactic.fermentation
2026-04-20 11:41:47.006068 INFO::Fitting model to feature number 7, ANAGLYCOLYSIS.PWY..glycolysis.III..from.glucose.
2026-04-20 11:41:47.016312 INFO::Fitting model to feature number 8, ARG.POLYAMINE.SYN..superpathway.of.arginine.and.polyamine.biosynthesis
2026-04-20 11:41:47.027771 INFO::Fitting model to feature number 9, ARGDEG.PWY..superpathway.of.L.arginine..putrescine..and.4.aminobutanoate.degradation
2026-04-20 11:41:47.037604 INFO::Fitting model to feature number 10, ARGININE.SYN4.PWY..L.ornithine.biosynthesis.II
2026-04-20 11:41:47.048792 INFO::Fitting model to feature number 11, ARGSYN.PWY..L.arginine.biosynthesis.I..via.L.ornithine.
2026-04-20 11:41:47.059329 INFO::Fitting model to feature number 12, ARGSYNBSUB.PWY..L.arginine.biosynthesis.II..acetyl.cycle.
2026-04-20 11:41:47.069405 INFO::Fitting model to feature number 13, ARO.PWY..chorismate.biosynthesis.I
2026-04-20 11:41:47.079647 INFO::Fitting model to feature number 14, ASPASN.PWY..superpathway.of.L.aspartate.and.L.asparagine.biosynthesis
2026-04-20 11:41:47.089082 INFO::Fitting model to feature number 15, AST.PWY..L.arginine.degradation.II..AST.pathway.
2026-04-20 11:41:47.099647 INFO::Fitting model to feature number 16, BIOTIN.BIOSYNTHESIS.PWY..biotin.biosynthesis.I
2026-04-20 11:41:47.110383 INFO::Fitting model to feature number 17, BRANCHED.CHAIN.AA.SYN.PWY..superpathway.of.branched.chain.amino.acid.biosynthesis
2026-04-20 11:41:47.120598 INFO::Fitting model to feature number 18, CALVIN.PWY..Calvin.Benson.Bassham.cycle
2026-04-20 11:41:47.130538 INFO::Fitting model to feature number 19, CARNMET.PWY..L.carnitine.degradation.I
2026-04-20 11:41:47.141452 INFO::Fitting model to feature number 20, CATECHOL.ORTHO.CLEAVAGE.PWY..catechol.degradation.to..beta..ketoadipate
2026-04-20 11:41:47.151892 INFO::Fitting model to feature number 21, CENTFERM.PWY..pyruvate.fermentation.to.butanoate
2026-04-20 11:41:47.161977 INFO::Fitting model to feature number 22, CITRULBIO.PWY..L.citrulline.biosynthesis
2026-04-20 11:41:47.173056 INFO::Fitting model to feature number 23, COA.PWY.1..superpathway.of.coenzyme.A.biosynthesis.III..mammals.
2026-04-20 11:41:47.182739 INFO::Fitting model to feature number 24, COA.PWY..coenzyme.A.biosynthesis.I..prokaryotic.
2026-04-20 11:41:47.192401 INFO::Fitting model to feature number 25, COBALSYN.PWY..superpathway.of.adenosylcobalamin.salvage.from.cobinamide.I
2026-04-20 11:41:47.202472 INFO::Fitting model to feature number 26, COLANSYN.PWY..colanic.acid.building.blocks.biosynthesis
2026-04-20 11:41:47.21214 INFO::Fitting model to feature number 27, COMPLETE.ARO.PWY..superpathway.of.aromatic.amino.acid.biosynthesis
2026-04-20 11:41:47.22128 INFO::Fitting model to feature number 28, CRNFORCAT.PWY..creatinine.degradation.I
2026-04-20 11:41:47.227912 INFO::Fitting model to feature number 29, DAPLYSINESYN.PWY..L.lysine.biosynthesis.I
2026-04-20 11:41:47.238361 INFO::Fitting model to feature number 30, DARABCATK12.PWY..D.arabinose.degradation.I
2026-04-20 11:41:47.248288 INFO::Fitting model to feature number 31, DENITRIFICATION.PWY..nitrate.reduction.I..denitrification.
2026-04-20 11:41:47.257677 INFO::Fitting model to feature number 32, DENOVOPURINE2.PWY..superpathway.of.purine.nucleotides.de.novo.biosynthesis.II
2026-04-20 11:41:47.267943 INFO::Fitting model to feature number 33, DHGLUCONATE.PYR.CAT.PWY..glucose.degradation..oxidative.
2026-04-20 11:41:47.294675 WARNING::Fitting problem for feature 33 returning NA
2026-04-20 11:41:47.299435 INFO::Fitting model to feature number 34, DTDPRHAMSYN.PWY..dTDP..beta..L.rhamnose.biosynthesis
2026-04-20 11:41:47.312651 INFO::Fitting model to feature number 35, ECASYN.PWY..enterobacterial.common.antigen.biosynthesis
2026-04-20 11:41:47.323779 INFO::Fitting model to feature number 36, FAO.PWY..fatty.acid..beta..oxidation.I..generic.
2026-04-20 11:41:47.333476 INFO::Fitting model to feature number 37, FASYN.ELONG.PWY..fatty.acid.elongation....saturated
2026-04-20 11:41:47.346494 INFO::Fitting model to feature number 38, FASYN.INITIAL.PWY..superpathway.of.fatty.acid.biosynthesis.initiation..E..coli.
2026-04-20 11:41:47.358662 INFO::Fitting model to feature number 39, FERMENTATION.PWY..mixed.acid.fermentation
2026-04-20 11:41:47.367899 INFO::Fitting model to feature number 40, FOLSYN.PWY..superpathway.of.tetrahydrofolate.biosynthesis.and.salvage
2026-04-20 11:41:47.37781 INFO::Fitting model to feature number 41, FUC.RHAMCAT.PWY..superpathway.of.fucose.and.rhamnose.degradation
2026-04-20 11:41:47.387821 INFO::Fitting model to feature number 42, FUCCAT.PWY..fucose.degradation
2026-04-20 11:41:47.397437 INFO::Fitting model to feature number 43, GALACT.GLUCUROCAT.PWY..superpathway.of.hexuronide.and.hexuronate.degradation
2026-04-20 11:41:47.407027 INFO::Fitting model to feature number 44, GALACTARDEG.PWY..D.galactarate.degradation.I
2026-04-20 11:41:47.418385 INFO::Fitting model to feature number 45, GALACTITOLCAT.PWY..galactitol.degradation
2026-04-20 11:41:47.428544 INFO::Fitting model to feature number 46, GALACTUROCAT.PWY..D.galacturonate.degradation.I
2026-04-20 11:41:47.438315 INFO::Fitting model to feature number 47, GLCMANNANAUT.PWY..superpathway.of.N.acetylglucosamine..N.acetylmannosamine.and.N.acetylneuraminate.degradation
2026-04-20 11:41:47.449877 INFO::Fitting model to feature number 48, GLUCARDEG.PWY..D.glucarate.degradation.I
2026-04-20 11:41:47.461301 INFO::Fitting model to feature number 49, GLUCARGALACTSUPER.PWY..superpathway.of.D.glucarate.and.D.galactarate.degradation
2026-04-20 11:41:47.470313 INFO::Fitting model to feature number 50, GLUCONEO.PWY..gluconeogenesis.I
2026-04-20 11:41:47.48175 INFO::Fitting model to feature number 51, GLUCOSE1PMETAB.PWY..glucose.and.glucose.1.phosphate.degradation
2026-04-20 11:41:47.492888 INFO::Fitting model to feature number 52, GLUCUROCAT.PWY..superpathway.of..beta..D.glucuronosides.degradation
2026-04-20 11:41:47.502841 INFO::Fitting model to feature number 53, GLUDEG.I.PWY..GABA.shunt
2026-04-20 11:41:47.51332 INFO::Fitting model to feature number 54, GLUTORN.PWY..L.ornithine.biosynthesis.I
2026-04-20 11:41:47.52334 INFO::Fitting model to feature number 55, GLYCOCAT.PWY..glycogen.degradation.I
2026-04-20 11:41:47.534191 INFO::Fitting model to feature number 56, GLYCOGENSYNTH.PWY..glycogen.biosynthesis.I..from.ADP.D.Glucose.
2026-04-20 11:41:47.543798 INFO::Fitting model to feature number 57, GLYCOL.GLYOXDEG.PWY..superpathway.of.glycol.metabolism.and.degradation
2026-04-20 11:41:47.554072 INFO::Fitting model to feature number 58, GLYCOLYSIS.E.D..superpathway.of.glycolysis.and.the.Entner.Doudoroff.pathway
2026-04-20 11:41:47.563994 INFO::Fitting model to feature number 59, GLYCOLYSIS.TCA.GLYOX.BYPASS..superpathway.of.glycolysis..pyruvate.dehydrogenase..TCA..and.glyoxylate.bypass
2026-04-20 11:41:47.606505 INFO::Fitting model to feature number 60, GLYCOLYSIS..glycolysis.I..from.glucose.6.phosphate.
2026-04-20 11:41:47.619838 INFO::Fitting model to feature number 61, GLYOXYLATE.BYPASS..glyoxylate.cycle
2026-04-20 11:41:47.63374 INFO::Fitting model to feature number 62, GOLPDLCAT.PWY..superpathway.of.glycerol.degradation.to.1.3.propanediol
2026-04-20 11:41:47.645292 INFO::Fitting model to feature number 63, HCAMHPDEG.PWY..3.phenylpropanoate.and.3..3.hydroxyphenyl.propanoate.degradation.to.2.hydroxypentadienoate
2026-04-20 11:41:47.655039 INFO::Fitting model to feature number 64, HEME.BIOSYNTHESIS.II.1..heme.b.biosynthesis.V..aerobic.
2026-04-20 11:41:47.66446 INFO::Fitting model to feature number 65, HEME.BIOSYNTHESIS.II..heme.b.biosynthesis.I..aerobic.
2026-04-20 11:41:47.675036 INFO::Fitting model to feature number 66, HEMESYN2.PWY..heme.b.biosynthesis.II..oxygen.independent.
2026-04-20 11:41:47.684116 INFO::Fitting model to feature number 67, HEXITOLDEGSUPER.PWY..superpathway.of.hexitol.degradation..bacteria.
2026-04-20 11:41:47.693345 INFO::Fitting model to feature number 68, HISDEG.PWY..L.histidine.degradation.I
2026-04-20 11:41:47.706477 INFO::Fitting model to feature number 69, HISTSYN.PWY..L.histidine.biosynthesis
2026-04-20 11:41:47.716781 INFO::Fitting model to feature number 70, HOMOSER.METSYN.PWY..L.methionine.biosynthesis.I
2026-04-20 11:41:47.726211 INFO::Fitting model to feature number 71, HSERMETANA.PWY..L.methionine.biosynthesis.III
2026-04-20 11:41:47.736431 INFO::Fitting model to feature number 72, ILEUSYN.PWY..L.isoleucine.biosynthesis.I..from.threonine.
2026-04-20 11:41:47.745788 INFO::Fitting model to feature number 73, KDO.NAGLIPASYN.PWY..superpathway.of..Kdo.2.lipid.A.biosynthesis
2026-04-20 11:41:47.755357 INFO::Fitting model to feature number 74, KETOGLUCONMET.PWY..ketogluconate.metabolism
2026-04-20 11:41:47.764689 INFO::Fitting model to feature number 75, LACTOSECAT.PWY..lactose.and.galactose.degradation.I
2026-04-20 11:41:47.774942 INFO::Fitting model to feature number 76, LIPA.CORESYN.PWY..lipid.A.core.biosynthesis..E..coli.K.12.
2026-04-20 11:41:47.783854 INFO::Fitting model to feature number 77, LIPASYN.PWY..phospholipases
2026-04-20 11:41:47.79329 INFO::Fitting model to feature number 78, LPSSYN.PWY..superpathway.of.lipopolysaccharide.biosynthesis
2026-04-20 11:41:47.803404 INFO::Fitting model to feature number 79, MET.SAM.PWY..superpathway.of.S.adenosyl.L.methionine.biosynthesis
2026-04-20 11:41:47.812575 INFO::Fitting model to feature number 80, METHGLYUT.PWY..superpathway.of.methylglyoxal.degradation
2026-04-20 11:41:47.821909 INFO::Fitting model to feature number 81, METSYN.PWY..superpathway.of.L.homoserine.and.L.methionine.biosynthesis
2026-04-20 11:41:47.830772 INFO::Fitting model to feature number 82, NAD.BIOSYNTHESIS.II..NAD.salvage.pathway.III..to.nicotinamide.riboside.
2026-04-20 11:41:47.840587 INFO::Fitting model to feature number 83, NAGLIPASYN.PWY..lipid.IVA.biosynthesis..E..coli.
2026-04-20 11:41:47.850084 INFO::Fitting model to feature number 84, NONMEVIPP.PWY..methylerythritol.phosphate.pathway.I
2026-04-20 11:41:47.859419 INFO::Fitting model to feature number 85, NONOXIPENT.PWY..pentose.phosphate.pathway..non.oxidative.branch..I
2026-04-20 11:41:47.869207 INFO::Fitting model to feature number 86, OANTIGEN.PWY..O.antigen.building.blocks.biosynthesis..E..coli.
2026-04-20 11:41:47.878344 INFO::Fitting model to feature number 87, ORNARGDEG.PWY..superpathway.of.L.arginine.and.L.ornithine.degradation
2026-04-20 11:41:47.887672 INFO::Fitting model to feature number 88, ORNDEG.PWY..superpathway.of.ornithine.degradation
2026-04-20 11:41:47.897761 INFO::Fitting model to feature number 89, P105.PWY..TCA.cycle.IV..2.oxoglutarate.decarboxylase.
2026-04-20 11:41:47.908238 INFO::Fitting model to feature number 90, P108.PWY..pyruvate.fermentation.to.propanoate.I
2026-04-20 11:41:47.917304 INFO::Fitting model to feature number 91, P122.PWY..heterolactic.fermentation
2026-04-20 11:41:47.926979 INFO::Fitting model to feature number 92, P124.PWY..Bifidobacterium.shunt
2026-04-20 11:41:47.959196 INFO::Fitting model to feature number 93, P125.PWY..superpathway.of..R.R..butanediol.biosynthesis
2026-04-20 11:41:47.970028 INFO::Fitting model to feature number 94, P161.PWY..acetylene.degradation..anaerobic.
2026-04-20 11:41:47.985918 INFO::Fitting model to feature number 95, P164.PWY..purine.nucleobases.degradation.I..anaerobic.
2026-04-20 11:41:47.995783 INFO::Fitting model to feature number 96, P185.PWY..formaldehyde.assimilation.III..dihydroxyacetone.cycle.
2026-04-20 11:41:48.010174 INFO::Fitting model to feature number 97, P221.PWY..octane.oxidation
2026-04-20 11:41:48.019898 INFO::Fitting model to feature number 98, P23.PWY..reductive.TCA.cycle.I
2026-04-20 11:41:48.029025 INFO::Fitting model to feature number 99, P4.PWY..superpathway.of.L.lysine..L.threonine.and.L.methionine.biosynthesis.I
2026-04-20 11:41:48.03859 INFO::Fitting model to feature number 100, P41.PWY..pyruvate.fermentation.to.acetate.and..S..lactate.I
2026-04-20 11:41:48.048461 INFO::Fitting model to feature number 101, P42.PWY..incomplete.reductive.TCA.cycle
2026-04-20 11:41:48.057284 INFO::Fitting model to feature number 102, P441.PWY..superpathway.of.N.acetylneuraminate.degradation
2026-04-20 11:41:48.066733 INFO::Fitting model to feature number 103, P461.PWY..hexitol.fermentation.to.lactate..formate..ethanol.and.acetate
2026-04-20 11:41:48.076874 INFO::Fitting model to feature number 104, P562.PWY..myo.inositol.degradation.I
2026-04-20 11:41:48.086548 INFO::Fitting model to feature number 105, P621.PWY..nylon.6.oligomer.degradation
2026-04-20 11:41:48.096024 INFO::Fitting model to feature number 106, PANTO.PWY..phosphopantothenate.biosynthesis.I
2026-04-20 11:41:48.105499 INFO::Fitting model to feature number 107, PANTOSYN.PWY..superpathway.of.coenzyme.A.biosynthesis.I..bacteria.
2026-04-20 11:41:48.114749 INFO::Fitting model to feature number 108, PENTOSE.P.PWY..pentose.phosphate.pathway
2026-04-20 11:41:48.123813 INFO::Fitting model to feature number 109, PEPTIDOGLYCANSYN.PWY..peptidoglycan.biosynthesis.I..meso.diaminopimelate.containing.
2026-04-20 11:41:48.133141 INFO::Fitting model to feature number 110, PHOSLIPSYN.PWY..superpathway.of.phospholipid.biosynthesis.I..bacteria.
2026-04-20 11:41:48.143334 INFO::Fitting model to feature number 111, POLYAMINSYN3.PWY..superpathway.of.polyamine.biosynthesis.II
2026-04-20 11:41:48.150721 INFO::Fitting model to feature number 112, POLYAMSYN.PWY..superpathway.of.polyamine.biosynthesis.I
2026-04-20 11:41:48.160066 INFO::Fitting model to feature number 113, POLYISOPRENSYN.PWY..polyisoprenoid.biosynthesis..E..coli.
2026-04-20 11:41:48.170359 INFO::Fitting model to feature number 114, PPGPPMET.PWY..ppGpp.metabolism
2026-04-20 11:41:48.179755 INFO::Fitting model to feature number 115, PROTOCATECHUATE.ORTHO.CLEAVAGE.PWY..protocatechuate.degradation.II..ortho.cleavage.pathway.
2026-04-20 11:41:48.1899 INFO::Fitting model to feature number 116, PRPP.PWY..superpathway.of.histidine..purine..and.pyrimidine.biosynthesis
2026-04-20 11:41:48.198972 INFO::Fitting model to feature number 117, PWY.1042..glycolysis.IV
2026-04-20 11:41:48.212667 INFO::Fitting model to feature number 118, PWY.1269..CMP.3.deoxy.D.manno.octulosonate.biosynthesis
2026-04-20 11:41:48.229569 INFO::Fitting model to feature number 119, PWY.1501..mandelate.degradation.I
2026-04-20 11:41:48.261407 INFO::Fitting model to feature number 120, PWY.1622..formaldehyde.assimilation.I..serine.pathway.
2026-04-20 11:41:48.278483 INFO::Fitting model to feature number 121, PWY.181..photorespiration
2026-04-20 11:41:48.287717 INFO::Fitting model to feature number 122, PWY.1861..formaldehyde.assimilation.II..assimilatory.RuMP.Cycle.
2026-04-20 11:41:48.297129 INFO::Fitting model to feature number 123, PWY.2221..Entner.Doudoroff.pathway.III..semi.phosphorylative.
2026-04-20 11:41:48.311112 INFO::Fitting model to feature number 124, PWY.241..C4.photosynthetic.carbon.assimilation.cycle..NADP.ME.type
2026-04-20 11:41:48.321816 INFO::Fitting model to feature number 125, PWY.2941..L.lysine.biosynthesis.II
2026-04-20 11:41:48.339893 INFO::Fitting model to feature number 126, PWY.2942..L.lysine.biosynthesis.III
2026-04-20 11:41:48.349032 INFO::Fitting model to feature number 127, PWY.3001..superpathway.of.L.isoleucine.biosynthesis.I
2026-04-20 11:41:48.358962 INFO::Fitting model to feature number 128, PWY.3801..sucrose.degradation.II..sucrose.synthase.
2026-04-20 11:41:48.36945 INFO::Fitting model to feature number 129, PWY.3841..folate.transformations.II..plants.
2026-04-20 11:41:48.379329 INFO::Fitting model to feature number 130, PWY.4041...gamma..glutamyl.cycle
2026-04-20 11:41:48.38851 INFO::Fitting model to feature number 131, PWY.4361..S.methyl.5.thio..alpha..D.ribose.1.phosphate.degradation.I
2026-04-20 11:41:48.394196 WARNING::Fitting problem for feature 131 returning NA
2026-04-20 11:41:48.398642 INFO::Fitting model to feature number 132, PWY.4984..urea.cycle
2026-04-20 11:41:48.408493 INFO::Fitting model to feature number 133, PWY.5004..superpathway.of.L.citrulline.metabolism
2026-04-20 11:41:48.415154 INFO::Fitting model to feature number 134, PWY.5005..biotin.biosynthesis.II
2026-04-20 11:41:48.425593 INFO::Fitting model to feature number 135, PWY.5022..4.aminobutanoate.degradation.V
2026-04-20 11:41:48.430374 WARNING::Fitting problem for feature 135 returning NA
2026-04-20 11:41:48.435392 INFO::Fitting model to feature number 136, PWY.5028..L.histidine.degradation.II
2026-04-20 11:41:48.445039 INFO::Fitting model to feature number 137, PWY.5030..L.histidine.degradation.III
2026-04-20 11:41:48.453899 INFO::Fitting model to feature number 138, PWY.5097..L.lysine.biosynthesis.VI
2026-04-20 11:41:48.463392 INFO::Fitting model to feature number 139, PWY.5100..pyruvate.fermentation.to.acetate.and.lactate.II
2026-04-20 11:41:48.473609 INFO::Fitting model to feature number 140, PWY.5103..L.isoleucine.biosynthesis.III
2026-04-20 11:41:48.483364 INFO::Fitting model to feature number 141, PWY.5104..L.isoleucine.biosynthesis.IV
2026-04-20 11:41:48.489054 WARNING::Fitting problem for feature 141 returning NA
2026-04-20 11:41:48.493537 INFO::Fitting model to feature number 142, PWY.5121..superpathway.of.geranylgeranyl.diphosphate.biosynthesis.II..via.MEP.
2026-04-20 11:41:48.503434 INFO::Fitting model to feature number 143, PWY.5130..2.oxobutanoate.degradation.I
2026-04-20 11:41:48.512908 INFO::Fitting model to feature number 144, PWY.5136..fatty.acid..beta..oxidation.II..plant.peroxisome.
2026-04-20 11:41:48.522033 INFO::Fitting model to feature number 145, PWY.5138..fatty.acid..beta..oxidation.IV..unsaturated..even.number.
2026-04-20 11:41:48.53198 INFO::Fitting model to feature number 146, PWY.5154..L.arginine.biosynthesis.III..via.N.acetyl.L.citrulline.
2026-04-20 11:41:48.563192 INFO::Fitting model to feature number 147, PWY.5156..superpathway.of.fatty.acid.biosynthesis.II..plant.
2026-04-20 11:41:48.57095 INFO::Fitting model to feature number 148, PWY.5180..toluene.degradation.I..aerobic...via.o.cresol.
2026-04-20 11:41:48.586358 INFO::Fitting model to feature number 149, PWY.5188..tetrapyrrole.biosynthesis.I..from.glutamate.
2026-04-20 11:41:48.596242 INFO::Fitting model to feature number 150, PWY.5189..tetrapyrrole.biosynthesis.II..from.glycine.
2026-04-20 11:41:48.607273 INFO::Fitting model to feature number 151, PWY.5265..peptidoglycan.biosynthesis.II..staphylococci.
2026-04-20 11:41:48.6202 INFO::Fitting model to feature number 152, PWY.5345..superpathway.of.L.methionine.biosynthesis..by.sulfhydrylation.
2026-04-20 11:41:48.629824 INFO::Fitting model to feature number 153, PWY.5347..superpathway.of.L.methionine.biosynthesis..transsulfuration.
2026-04-20 11:41:48.639761 INFO::Fitting model to feature number 154, PWY.5367..petroselinate.biosynthesis
2026-04-20 11:41:48.648839 INFO::Fitting model to feature number 155, PWY.5384..sucrose.degradation.IV..sucrose.phosphorylase.
2026-04-20 11:41:48.65983 INFO::Fitting model to feature number 156, PWY.5392..reductive.TCA.cycle.II
2026-04-20 11:41:48.670822 INFO::Fitting model to feature number 157, PWY.5415..catechol.degradation.I..meta.cleavage.pathway.
2026-04-20 11:41:48.681471 INFO::Fitting model to feature number 158, PWY.5417..catechol.degradation.III..ortho.cleavage.pathway.
2026-04-20 11:41:48.691061 INFO::Fitting model to feature number 159, PWY.5431..aromatic.compounds.degradation.via..beta..ketoadipate
2026-04-20 11:41:48.701038 INFO::Fitting model to feature number 160, PWY.5464..superpathway.of.cytosolic.glycolysis..plants...pyruvate.dehydrogenase.and.TCA.cycle
2026-04-20 11:41:48.708161 INFO::Fitting model to feature number 161, PWY.5484..glycolysis.II..from.fructose.6.phosphate.
2026-04-20 11:41:48.717124 INFO::Fitting model to feature number 162, PWY.5497..purine.nucleobases.degradation.II..anaerobic.
2026-04-20 11:41:48.726572 INFO::Fitting model to feature number 163, PWY.5505..L.glutamate.and.L.glutamine.biosynthesis
2026-04-20 11:41:48.736923 INFO::Fitting model to feature number 164, PWY.5514..UDP.N.acetyl.D.galactosamine.biosynthesis.II
2026-04-20 11:41:48.743272 INFO::Fitting model to feature number 165, PWY.561..superpathway.of.glyoxylate.cycle.and.fatty.acid.degradation
2026-04-20 11:41:48.754701 INFO::Fitting model to feature number 166, PWY.5654..2.amino.3.carboxymuconate.semialdehyde.degradation.to.2.hydroxypentadienoate
2026-04-20 11:41:48.764836 INFO::Fitting model to feature number 167, PWY.5656..mannosylglycerate.biosynthesis.I
2026-04-20 11:41:48.774252 INFO::Fitting model to feature number 168, PWY.5659..GDP.mannose.biosynthesis
2026-04-20 11:41:48.783984 INFO::Fitting model to feature number 169, PWY.5667..CDP.diacylglycerol.biosynthesis.I
2026-04-20 11:41:48.793223 INFO::Fitting model to feature number 170, PWY.5675..nitrate.reduction.V..assimilatory.
2026-04-20 11:41:48.803449 INFO::Fitting model to feature number 171, PWY.5676..acetyl.CoA.fermentation.to.butanoate.II
2026-04-20 11:41:48.813024 INFO::Fitting model to feature number 172, PWY.5686..UMP.biosynthesis.I
2026-04-20 11:41:48.822153 INFO::Fitting model to feature number 173, PWY.5690..TCA.cycle.II..plants.and.fungi.
2026-04-20 11:41:48.828847 INFO::Fitting model to feature number 174, PWY.5692..allantoin.degradation.to.glyoxylate.II
2026-04-20 11:41:48.853009 INFO::Fitting model to feature number 175, PWY.5695..inosine.5..phosphate.degradation
2026-04-20 11:41:48.864821 INFO::Fitting model to feature number 176, PWY.5705..allantoin.degradation.to.glyoxylate.III
2026-04-20 11:41:48.881428 INFO::Fitting model to feature number 177, PWY.5723..Rubisco.shunt
2026-04-20 11:41:48.891673 INFO::Fitting model to feature number 178, PWY.5747..2.methylcitrate.cycle.II
2026-04-20 11:41:48.902048 INFO::Fitting model to feature number 179, PWY.5837..2.carboxy.1.4.naphthoquinol.biosynthesis
2026-04-20 11:41:48.912426 INFO::Fitting model to feature number 180, PWY.5838..superpathway.of.menaquinol.8.biosynthesis.I
2026-04-20 11:41:48.921673 INFO::Fitting model to feature number 181, PWY.5840..superpathway.of.menaquinol.7.biosynthesis
2026-04-20 11:41:48.933552 INFO::Fitting model to feature number 182, PWY.5845..superpathway.of.menaquinol.9.biosynthesis
2026-04-20 11:41:48.94381 INFO::Fitting model to feature number 183, PWY.5850..superpathway.of.menaquinol.6.biosynthesis
2026-04-20 11:41:48.953619 INFO::Fitting model to feature number 184, PWY.5855..ubiquinol.7.biosynthesis..early.decarboxylation.
2026-04-20 11:41:48.963377 INFO::Fitting model to feature number 185, PWY.5860..superpathway.of.demethylmenaquinol.6.biosynthesis.I
2026-04-20 11:41:48.973473 INFO::Fitting model to feature number 186, PWY.5861..superpathway.of.demethylmenaquinol.8.biosynthesis.I
2026-04-20 11:41:48.982713 INFO::Fitting model to feature number 187, PWY.5862..superpathway.of.demethylmenaquinol.9.biosynthesis
2026-04-20 11:41:48.993412 INFO::Fitting model to feature number 188, PWY.5896..superpathway.of.menaquinol.10.biosynthesis
2026-04-20 11:41:49.003892 INFO::Fitting model to feature number 189, PWY.5897..superpathway.of.menaquinol.11.biosynthesis
2026-04-20 11:41:49.013171 INFO::Fitting model to feature number 190, PWY.5898..superpathway.of.menaquinol.12.biosynthesis
2026-04-20 11:41:49.022362 INFO::Fitting model to feature number 191, PWY.5899..superpathway.of.menaquinol.13.biosynthesis
2026-04-20 11:41:49.031915 INFO::Fitting model to feature number 192, PWY.5910..superpathway.of.geranylgeranyldiphosphate.biosynthesis.I..via.mevalonate.
2026-04-20 11:41:49.042561 INFO::Fitting model to feature number 193, PWY.5913..partial.TCA.cycle..obligate.autotrophs.
2026-04-20 11:41:49.07235 INFO::Fitting model to feature number 194, PWY.5918..superpathway.of.heme.b.biosynthesis.from.glutamate
2026-04-20 11:41:49.081577 INFO::Fitting model to feature number 195, PWY.5920..superpathway.of.heme.b.biosynthesis.from.glycine
2026-04-20 11:41:49.091097 INFO::Fitting model to feature number 196, PWY.5941..glycogen.degradation.II
2026-04-20 11:41:49.10103 INFO::Fitting model to feature number 197, PWY.5971..palmitate.biosynthesis..type.II.fatty.acid.synthase.
2026-04-20 11:41:49.110402 INFO::Fitting model to feature number 198, PWY.5972..stearate.biosynthesis.I..animals.
2026-04-20 11:41:49.119494 INFO::Fitting model to feature number 199, PWY.5973..cis.vaccenate.biosynthesis
2026-04-20 11:41:49.128987 INFO::Fitting model to feature number 200, PWY.5981..CDP.diacylglycerol.biosynthesis.III
2026-04-20 11:41:49.152225 INFO::Fitting model to feature number 201, PWY.5989..stearate.biosynthesis.II..bacteria.and.plants.
2026-04-20 11:41:49.161349 INFO::Fitting model to feature number 202, PWY.5994..palmitate.biosynthesis..type.I.fatty.acid.synthase.
2026-04-20 11:41:49.169775 INFO::Fitting model to feature number 203, PWY.6113..superpathway.of.mycolate.biosynthesis
2026-04-20 11:41:49.18473 INFO::Fitting model to feature number 204, PWY.6121..5.aminoimidazole.ribonucleotide.biosynthesis.I
2026-04-20 11:41:49.193904 INFO::Fitting model to feature number 205, PWY.6122..5.aminoimidazole.ribonucleotide.biosynthesis.II
2026-04-20 11:41:49.20412 INFO::Fitting model to feature number 206, PWY.6123..inosine.5..phosphate.biosynthesis.I
2026-04-20 11:41:49.215342 INFO::Fitting model to feature number 207, PWY.6124..inosine.5..phosphate.biosynthesis.II
2026-04-20 11:41:49.225446 INFO::Fitting model to feature number 208, PWY.6125..superpathway.of.guanosine.nucleotides.de.novo.biosynthesis.II
2026-04-20 11:41:49.23803 INFO::Fitting model to feature number 209, PWY.6126..superpathway.of.adenosine.nucleotides.de.novo.biosynthesis.II
2026-04-20 11:41:49.247987 INFO::Fitting model to feature number 210, PWY.6147..6.hydroxymethyl.dihydropterin.diphosphate.biosynthesis.I
2026-04-20 11:41:49.258135 INFO::Fitting model to feature number 211, PWY.6151..S.adenosyl.L.methionine.salvage.I
2026-04-20 11:41:49.268729 INFO::Fitting model to feature number 212, PWY.6163..chorismate.biosynthesis.from.3.dehydroquinate
2026-04-20 11:41:49.278548 INFO::Fitting model to feature number 213, PWY.6168..flavin.biosynthesis.III..fungi.
2026-04-20 11:41:49.287681 INFO::Fitting model to feature number 214, PWY.6182..superpathway.of.salicylate.degradation
2026-04-20 11:41:49.297102 INFO::Fitting model to feature number 215, PWY.6185..4.methylcatechol.degradation..ortho.cleavage.
2026-04-20 11:41:49.307904 INFO::Fitting model to feature number 216, PWY.6210..2.aminophenol.degradation
2026-04-20 11:41:49.317855 INFO::Fitting model to feature number 217, PWY.6215..4.chlorobenzoate.degradation
2026-04-20 11:41:49.327576 INFO::Fitting model to feature number 218, PWY.621..sucrose.degradation.III..sucrose.invertase.
2026-04-20 11:41:49.337641 INFO::Fitting model to feature number 219, PWY.622..starch.biosynthesis
2026-04-20 11:41:49.346943 INFO::Fitting model to feature number 220, PWY.6270..isoprene.biosynthesis.I
2026-04-20 11:41:49.356154 INFO::Fitting model to feature number 221, PWY.6277..superpathway.of.5.aminoimidazole.ribonucleotide.biosynthesis
2026-04-20 11:41:49.3655 INFO::Fitting model to feature number 222, PWY.6282..palmitoleate.biosynthesis.I..from..5Z..dodec.5.enoate.
2026-04-20 11:41:49.375866 INFO::Fitting model to feature number 223, PWY.6284..superpathway.of.unsaturated.fatty.acids.biosynthesis..E..coli.
2026-04-20 11:41:49.385306 INFO::Fitting model to feature number 224, PWY.6285..superpathway.of.fatty.acids.biosynthesis..E..coli.
2026-04-20 11:41:49.394721 INFO::Fitting model to feature number 225, PWY.6292..superpathway.of.L.cysteine.biosynthesis..mammalian.
2026-04-20 11:41:49.405181 INFO::Fitting model to feature number 226, PWY.6293..superpathway.of.L.cysteine.biosynthesis..fungi.
2026-04-20 11:41:49.414282 INFO::Fitting model to feature number 227, PWY.6305..superpathway.of.putrescine.biosynthesis
2026-04-20 11:41:49.423863 INFO::Fitting model to feature number 228, PWY.6307..L.tryptophan.degradation.X..mammalian..via.tryptamine.
2026-04-20 11:41:49.434553 INFO::Fitting model to feature number 229, PWY.6313..serotonin.degradation
2026-04-20 11:41:49.459202 INFO::Fitting model to feature number 230, PWY.6317..D.galactose.degradation.I..Leloir.pathway.
2026-04-20 11:41:49.468608 INFO::Fitting model to feature number 231, PWY.6318..L.phenylalanine.degradation.IV..mammalian..via.side.chain.
2026-04-20 11:41:49.481297 INFO::Fitting model to feature number 232, PWY.6328..L.lysine.degradation.X
2026-04-20 11:41:49.492529 INFO::Fitting model to feature number 233, PWY.6353..purine.nucleotides.degradation.II..aerobic.
2026-04-20 11:41:49.502332 INFO::Fitting model to feature number 234, PWY.6385..peptidoglycan.biosynthesis.III..mycobacteria.
2026-04-20 11:41:49.513447 INFO::Fitting model to feature number 235, PWY.6386..UDP.N.acetylmuramoyl.pentapeptide.biosynthesis.II..lysine.containing.
2026-04-20 11:41:49.522427 INFO::Fitting model to feature number 236, PWY.6387..UDP.N.acetylmuramoyl.pentapeptide.biosynthesis.I..meso.diaminopimelate.containing.
2026-04-20 11:41:49.531724 INFO::Fitting model to feature number 237, PWY.6396..superpathway.of.2.3.butanediol.biosynthesis
2026-04-20 11:41:49.541186 INFO::Fitting model to feature number 238, PWY.6435..4.hydroxybenzoate.biosynthesis.III..plants.
2026-04-20 11:41:49.554385 INFO::Fitting model to feature number 239, PWY.6470..peptidoglycan.biosynthesis.V...beta..lactam.resistance.
2026-04-20 11:41:49.561527 INFO::Fitting model to feature number 240, PWY.6507..4.deoxy.L.threo.hex.4.enopyranuronate.degradation
2026-04-20 11:41:49.570929 INFO::Fitting model to feature number 241, PWY.6519..8.amino.7.oxononanoate.biosynthesis.I
2026-04-20 11:41:49.580196 INFO::Fitting model to feature number 242, PWY.6527..stachyose.degradation
2026-04-20 11:41:49.592736 INFO::Fitting model to feature number 243, PWY.6531..mannitol.cycle
2026-04-20 11:41:49.602443 INFO::Fitting model to feature number 244, PWY.6545..pyrimidine.deoxyribonucleotides.de.novo.biosynthesis.III
2026-04-20 11:41:49.612704 INFO::Fitting model to feature number 245, PWY.6549..L.glutamine.biosynthesis.III
2026-04-20 11:41:49.621918 INFO::Fitting model to feature number 246, PWY.6562..norspermidine.biosynthesis
2026-04-20 11:41:49.630667 INFO::Fitting model to feature number 247, PWY.6572..chondroitin.sulfate.degradation.I..bacterial.
2026-04-20 11:41:49.638037 INFO::Fitting model to feature number 248, PWY.6588..pyruvate.fermentation.to.acetone
2026-04-20 11:41:49.648413 INFO::Fitting model to feature number 249, PWY.6590..superpathway.of.Clostridium.acetobutylicum.acidogenic.fermentation
2026-04-20 11:41:49.659688 INFO::Fitting model to feature number 250, PWY.6595..superpathway.of.guanosine.nucleotides.degradation..plants.
2026-04-20 11:41:49.669351 INFO::Fitting model to feature number 251, PWY.6606..guanosine.nucleotides.degradation.II
2026-04-20 11:41:49.678761 INFO::Fitting model to feature number 252, PWY.6607..guanosine.nucleotides.degradation.I
2026-04-20 11:41:49.688471 INFO::Fitting model to feature number 253, PWY.6608..guanosine.nucleotides.degradation.III
2026-04-20 11:41:49.697883 INFO::Fitting model to feature number 254, PWY.6609..adenine.and.adenosine.salvage.III
2026-04-20 11:41:49.707146 INFO::Fitting model to feature number 255, PWY.6612..superpathway.of.tetrahydrofolate.biosynthesis
2026-04-20 11:41:49.716967 INFO::Fitting model to feature number 256, PWY.6628..superpathway.of.L.phenylalanine.biosynthesis
2026-04-20 11:41:49.727061 INFO::Fitting model to feature number 257, PWY.6629..superpathway.of.L.tryptophan.biosynthesis
2026-04-20 11:41:49.736742 INFO::Fitting model to feature number 258, PWY.6630..superpathway.of.L.tyrosine.biosynthesis
2026-04-20 11:41:49.746349 INFO::Fitting model to feature number 259, PWY.6690..cinnamate.and.3.hydroxycinnamate.degradation.to.2.hydroxypentadienoate
2026-04-20 11:41:49.778489 INFO::Fitting model to feature number 260, PWY.6700..queuosine.biosynthesis.I..de.novo.
2026-04-20 11:41:49.788808 INFO::Fitting model to feature number 261, PWY.6703..preQ0.biosynthesis
2026-04-20 11:41:49.803064 INFO::Fitting model to feature number 262, PWY.6708..ubiquinol.8.biosynthesis..early.decarboxylation.
2026-04-20 11:41:49.813379 INFO::Fitting model to feature number 263, PWY.6731..starch.degradation.III
2026-04-20 11:41:49.822922 INFO::Fitting model to feature number 264, PWY.6749..CMP.legionaminate.biosynthesis.I
2026-04-20 11:41:49.828172 WARNING::Fitting problem for feature 264 returning NA
2026-04-20 11:41:49.832501 INFO::Fitting model to feature number 265, PWY.6803..phosphatidylcholine.acyl.editing
2026-04-20 11:41:49.843786 INFO::Fitting model to feature number 266, PWY.6823..molybdopterin.biosynthesis
2026-04-20 11:41:49.852761 INFO::Fitting model to feature number 267, PWY.6859..all.trans.farnesol.biosynthesis
2026-04-20 11:41:49.862079 INFO::Fitting model to feature number 268, PWY.6876..isopropanol.biosynthesis..engineered.
2026-04-20 11:41:49.870809 INFO::Fitting model to feature number 269, PWY.6892..thiazole.component.of.thiamine.diphosphate.biosynthesis.I
2026-04-20 11:41:49.882842 INFO::Fitting model to feature number 270, PWY.6895..superpathway.of.thiamine.diphosphate.biosynthesis.II
2026-04-20 11:41:49.892657 INFO::Fitting model to feature number 271, PWY.6897..thiamine.diphosphate.salvage.II
2026-04-20 11:41:49.902449 INFO::Fitting model to feature number 272, PWY.6901..superpathway.of.glucose.and.xylose.degradation
2026-04-20 11:41:49.9124 INFO::Fitting model to feature number 273, PWY.6902..chitin.degradation.II..Vibrio.
2026-04-20 11:41:49.921928 INFO::Fitting model to feature number 274, PWY.6906..chitin.derivatives.degradation
2026-04-20 11:41:49.928465 INFO::Fitting model to feature number 275, PWY.6920..6.gingerol.analog.biosynthesis..engineered.
2026-04-20 11:41:49.935312 INFO::Fitting model to feature number 276, PWY.6922..L.N.delta..acetylornithine.biosynthesis
2026-04-20 11:41:49.94541 INFO::Fitting model to feature number 277, PWY.6936..seleno.amino.acid.biosynthesis..plants.
2026-04-20 11:41:49.953837 INFO::Fitting model to feature number 278, PWY.6961..L.ascorbate.degradation.II..bacterial..aerobic.
2026-04-20 11:41:49.963923 INFO::Fitting model to feature number 279, PWY.6969..TCA.cycle.V..2.oxoglutarate.synthase.
2026-04-20 11:41:49.975794 INFO::Fitting model to feature number 280, PWY.6992..1.5.anhydrofructose.degradation
2026-04-20 11:41:49.985881 INFO::Fitting model to feature number 281, PWY.7013...S..propane.1.2.diol.degradation
2026-04-20 11:41:49.995414 INFO::Fitting model to feature number 282, PWY.702..L.methionine.biosynthesis.II
2026-04-20 11:41:50.00526 INFO::Fitting model to feature number 283, PWY.7039..phosphatidate.metabolism..as.a.signaling.molecule
2026-04-20 11:41:50.014866 INFO::Fitting model to feature number 284, PWY.7094..fatty.acid.salvage
2026-04-20 11:41:50.023625 INFO::Fitting model to feature number 285, PWY.7111..pyruvate.fermentation.to.isobutanol..engineered.
2026-04-20 11:41:50.033625 INFO::Fitting model to feature number 286, PWY.7115..C4.photosynthetic.carbon.assimilation.cycle..NAD.ME.type
2026-04-20 11:41:50.043177 INFO::Fitting model to feature number 287, PWY.7117..C4.photosynthetic.carbon.assimilation.cycle..PEPCK.type
2026-04-20 11:41:50.052199 INFO::Fitting model to feature number 288, PWY.7118..chitin.deacetylation
2026-04-20 11:41:50.061693 INFO::Fitting model to feature number 289, PWY.7165..L.ascorbate.biosynthesis.VIII..engineered.pathway.
2026-04-20 11:41:50.071494 INFO::Fitting model to feature number 290, PWY.7184..pyrimidine.deoxyribonucleotides.de.novo.biosynthesis.I
2026-04-20 11:41:50.081009 INFO::Fitting model to feature number 291, PWY.7185..UTP.and.CTP.dephosphorylation.I
2026-04-20 11:41:50.090203 INFO::Fitting model to feature number 292, PWY.7187..pyrimidine.deoxyribonucleotides.de.novo.biosynthesis.II
2026-04-20 11:41:50.099718 INFO::Fitting model to feature number 293, PWY.7196..superpathway.of.pyrimidine.ribonucleosides.salvage
2026-04-20 11:41:50.115421 INFO::Fitting model to feature number 294, PWY.7197..pyrimidine.deoxyribonucleotide.phosphorylation
2026-04-20 11:41:50.12964 INFO::Fitting model to feature number 295, PWY.7198..pyrimidine.deoxyribonucleotides.de.novo.biosynthesis.IV
2026-04-20 11:41:50.141913 INFO::Fitting model to feature number 296, PWY.7199..pyrimidine.deoxyribonucleosides.salvage
2026-04-20 11:41:50.15523 INFO::Fitting model to feature number 297, PWY.7200..superpathway.of.pyrimidine.deoxyribonucleoside.salvage
2026-04-20 11:41:50.16503 INFO::Fitting model to feature number 298, PWY.7204..pyridoxal.5..phosphate.salvage.II..plants.
2026-04-20 11:41:50.175019 INFO::Fitting model to feature number 299, PWY.7208..superpathway.of.pyrimidine.nucleobases.salvage
2026-04-20 11:41:50.186115 INFO::Fitting model to feature number 300, PWY.7209..superpathway.of.pyrimidine.ribonucleosides.degradation
2026-04-20 11:41:50.195817 INFO::Fitting model to feature number 301, PWY.7210..pyrimidine.deoxyribonucleotides.biosynthesis.from.CTP
2026-04-20 11:41:50.205966 INFO::Fitting model to feature number 302, PWY.7211..superpathway.of.pyrimidine.deoxyribonucleotides.de.novo.biosynthesis
2026-04-20 11:41:50.216137 INFO::Fitting model to feature number 303, PWY.7220..adenosine.deoxyribonucleotides.de.novo.biosynthesis.II
2026-04-20 11:41:50.225347 INFO::Fitting model to feature number 304, PWY.7221..guanosine.ribonucleotides.de.novo.biosynthesis
2026-04-20 11:41:50.23495 INFO::Fitting model to feature number 305, PWY.7222..guanosine.deoxyribonucleotides.de.novo.biosynthesis.II
2026-04-20 11:41:50.244932 INFO::Fitting model to feature number 306, PWY.7228..superpathway.of.guanosine.nucleotides.de.novo.biosynthesis.I
2026-04-20 11:41:50.25358 INFO::Fitting model to feature number 307, PWY.7229..superpathway.of.adenosine.nucleotides.de.novo.biosynthesis.I
2026-04-20 11:41:50.26338 INFO::Fitting model to feature number 308, PWY.722..nicotinate.degradation.I
2026-04-20 11:41:50.275479 INFO::Fitting model to feature number 309, PWY.7234..inosine.5..phosphate.biosynthesis.III
2026-04-20 11:41:50.284662 INFO::Fitting model to feature number 310, PWY.7237..myo...chiro..and.scyllo.inositol.degradation
2026-04-20 11:41:50.29575 INFO::Fitting model to feature number 311, PWY.7238..sucrose.biosynthesis.II
2026-04-20 11:41:50.306729 INFO::Fitting model to feature number 312, PWY.7242..D.fructuronate.degradation
2026-04-20 11:41:50.316665 INFO::Fitting model to feature number 313, PWY.7245..superpathway.of.NAD.NADP...NADH.NADPH.interconversion..yeast.
2026-04-20 11:41:50.326218 INFO::Fitting model to feature number 314, PWY.724..superpathway.of.L.lysine..L.threonine.and.L.methionine.biosynthesis.II
2026-04-20 11:41:50.33535 INFO::Fitting model to feature number 315, PWY.7254..TCA.cycle.VII..acetate.producers.
2026-04-20 11:41:50.345144 INFO::Fitting model to feature number 316, PWY.7268..cytosolic.NADPH.production..yeast.
2026-04-20 11:41:50.354049 INFO::Fitting model to feature number 317, PWY.7269..mitochondrial.NADPH.production..yeast.
2026-04-20 11:41:50.363753 INFO::Fitting model to feature number 318, PWY.7282..4.amino.2.methyl.5.diphosphomethylpyrimidine.biosynthesis.II
2026-04-20 11:41:50.374225 INFO::Fitting model to feature number 319, PWY.7294..D.xylose.degradation.IV
2026-04-20 11:41:50.380972 INFO::Fitting model to feature number 320, PWY.7312..dTDP..beta..D.fucofuranose.biosynthesis
2026-04-20 11:41:50.386138 WARNING::Fitting problem for feature 320 returning NA
2026-04-20 11:41:50.390833 INFO::Fitting model to feature number 321, PWY.7315..dTDP.N.acetylthomosamine.biosynthesis
2026-04-20 11:41:50.400364 INFO::Fitting model to feature number 322, PWY.7323..superpathway.of.GDP.mannose.derived.O.antigen.building.blocks.biosynthesis
2026-04-20 11:41:50.429365 INFO::Fitting model to feature number 323, PWY.7328..superpathway.of.UDP.glucose.derived.O.antigen.building.blocks.biosynthesis
2026-04-20 11:41:50.443008 INFO::Fitting model to feature number 324, PWY.7340..9.cis..11.trans.octadecadienoyl.CoA.degradation..isomerase.dependent..yeast.
2026-04-20 11:41:50.453278 INFO::Fitting model to feature number 325, PWY.7345..superpathway.of.anaerobic.sucrose.degradation
2026-04-20 11:41:50.463219 INFO::Fitting model to feature number 326, PWY.7356..thiamine.diphosphate.salvage.IV..yeast.
2026-04-20 11:41:50.495228 INFO::Fitting model to feature number 327, PWY.7357..thiamine.phosphate.formation.from.pyrithiamine.and.oxythiamine..yeast.
2026-04-20 11:41:50.505624 INFO::Fitting model to feature number 328, PWY.7383..anaerobic.energy.metabolism..invertebrates..cytosol.
2026-04-20 11:41:50.515673 INFO::Fitting model to feature number 329, PWY.7384..anaerobic.energy.metabolism..invertebrates..mitochondrial.
2026-04-20 11:41:50.524376 INFO::Fitting model to feature number 330, PWY.7385..1.3.propanediol.biosynthesis..engineered.
2026-04-20 11:41:50.534178 INFO::Fitting model to feature number 331, PWY.7388..octanoyl..acyl.carrier.protein..biosynthesis..mitochondria..yeast.
2026-04-20 11:41:50.544167 INFO::Fitting model to feature number 332, PWY.7391..isoprene.biosynthesis.II..engineered.
2026-04-20 11:41:50.553447 INFO::Fitting model to feature number 333, PWY.7392..taxadiene.biosynthesis..engineered.
2026-04-20 11:41:50.56281 INFO::Fitting model to feature number 334, PWY.7396..butanol.and.isobutanol.biosynthesis..engineered.
2026-04-20 11:41:50.572922 INFO::Fitting model to feature number 335, PWY.7400..L.arginine.biosynthesis.IV..archaebacteria.
2026-04-20 11:41:50.582992 INFO::Fitting model to feature number 336, PWY.7409..phospholipid.remodeling..phosphatidylethanolamine..yeast.
2026-04-20 11:41:50.592083 INFO::Fitting model to feature number 337, PWY.7431..aromatic.biogenic.amine.degradation..bacteria.
2026-04-20 11:41:50.601625 INFO::Fitting model to feature number 338, PWY.7434..terminal.O.glycans.residues.modification..via.type.2.precursor.disaccharide.
2026-04-20 11:41:50.606962 WARNING::Fitting problem for feature 338 returning NA
2026-04-20 11:41:50.612555 INFO::Fitting model to feature number 339, PWY.7446..sulfoquinovose.degradation.I
2026-04-20 11:41:50.622027 INFO::Fitting model to feature number 340, PWY.7456...beta...1.4..mannan.degradation
2026-04-20 11:41:50.632701 INFO::Fitting model to feature number 341, PWY.7528..L.methionine.salvage.cycle.I..bacteria.and.plants.
2026-04-20 11:41:50.643724 INFO::Fitting model to feature number 342, PWY.7560..methylerythritol.phosphate.pathway.II
2026-04-20 11:41:50.653543 INFO::Fitting model to feature number 343, PWY.7616..methanol.oxidation.to.carbon.dioxide
2026-04-20 11:41:50.663387 INFO::Fitting model to feature number 344, PWY.7663..gondoate.biosynthesis..anaerobic.
2026-04-20 11:41:50.673051 INFO::Fitting model to feature number 345, PWY.7664..oleate.biosynthesis.IV..anaerobic.
2026-04-20 11:41:50.683326 INFO::Fitting model to feature number 346, PWY.7688..dTDP..alpha..D.ravidosamine.and.dTDP.4.acetyl..alpha..D.ravidosamine.biosynthesis
2026-04-20 11:41:50.689455 INFO::Fitting model to feature number 347, PWY.7723..bacterial.bioluminescence
2026-04-20 11:41:50.720455 INFO::Fitting model to feature number 348, PWY.7761..NAD.salvage.pathway.II..PNC.IV.cycle.
2026-04-20 11:41:50.730689 INFO::Fitting model to feature number 349, PWY.7783..plasmalogen.degradation
2026-04-20 11:41:50.742622 INFO::Fitting model to feature number 350, PWY.7790..UMP.biosynthesis.II
2026-04-20 11:41:50.755503 INFO::Fitting model to feature number 351, PWY.7791..UMP.biosynthesis.III
2026-04-20 11:41:50.766153 INFO::Fitting model to feature number 352, PWY.7805...aminomethyl.phosphonate.degradation
2026-04-20 11:41:50.777029 INFO::Fitting model to feature number 353, PWY.7807..glyphosate.degradation.III
2026-04-20 11:41:50.785717 INFO::Fitting model to feature number 354, PWY.7822..chitin.degradation.III..Serratia.
2026-04-20 11:41:50.795129 INFO::Fitting model to feature number 355, PWY.7851..coenzyme.A.biosynthesis.II..eukaryotic.
2026-04-20 11:41:50.806785 INFO::Fitting model to feature number 356, PWY.7858...5Z..dodecenoate.biosynthesis.II
2026-04-20 11:41:50.816425 INFO::Fitting model to feature number 357, PWY.7873..D.erythronate.degradation.II
2026-04-20 11:41:50.825624 INFO::Fitting model to feature number 358, PWY.7874..L.threonate.degradation
2026-04-20 11:41:50.835114 INFO::Fitting model to feature number 359, PWY.7883..anhydromuropeptides.recycling.II
2026-04-20 11:41:50.844544 INFO::Fitting model to feature number 360, PWY.7942..5.oxo.L.proline.metabolism
2026-04-20 11:41:50.854104 INFO::Fitting model to feature number 361, PWY.7953..UDP.N.acetylmuramoyl.pentapeptide.biosynthesis.III..meso.diaminopimelate.containing.
2026-04-20 11:41:50.864075 INFO::Fitting model to feature number 362, PWY.7977..L.methionine.biosynthesis.IV
2026-04-20 11:41:50.873314 INFO::Fitting model to feature number 363, PWY.8004..Entner.Doudoroff.pathway.I
2026-04-20 11:41:50.883591 INFO::Fitting model to feature number 364, PWY.8011..L.serine.biosynthesis.II
2026-04-20 11:41:50.89338 INFO::Fitting model to feature number 365, PWY.801..homocysteine.and.cysteine.interconversion
2026-04-20 11:41:50.903913 INFO::Fitting model to feature number 366, PWY.8073..lipid.IVA.biosynthesis..P..putida.
2026-04-20 11:41:50.913443 INFO::Fitting model to feature number 367, PWY.8085..picolinate.degradation
2026-04-20 11:41:50.924032 INFO::Fitting model to feature number 368, PWY.8086...S..lactate.fermentation.to.propanoate..acetate.and.hydrogen
2026-04-20 11:41:50.933936 INFO::Fitting model to feature number 369, PWY.8131..5..deoxyadenosine.degradation.II
2026-04-20 11:41:50.943846 INFO::Fitting model to feature number 370, PWY.8178..pentose.phosphate.pathway..non.oxidative.branch..II
2026-04-20 11:41:50.953488 INFO::Fitting model to feature number 371, PWY.8187..L.arginine.degradation.XIII..reductive.Stickland.reaction.
2026-04-20 11:41:50.962984 INFO::Fitting model to feature number 372, PWY.8190..L.glutamate.degradation.XI..reductive.Stickland.reaction.
2026-04-20 11:41:50.970419 INFO::Fitting model to feature number 373, PWY.821..superpathway.of.sulfur.amino.acid.biosynthesis..Saccharomyces.cerevisiae.
2026-04-20 11:41:50.980516 INFO::Fitting model to feature number 374, PWY.822..fructan.biosynthesis
2026-04-20 11:41:50.985391 WARNING::Fitting problem for feature 374 returning NA
2026-04-20 11:41:50.989772 INFO::Fitting model to feature number 375, PWY.841..superpathway.of.purine.nucleotides.de.novo.biosynthesis.I
2026-04-20 11:41:51.000002 INFO::Fitting model to feature number 376, PWY.922..mevalonate.pathway.I..eukaryotes.and.bacteria.
2026-04-20 11:41:51.027771 INFO::Fitting model to feature number 377, PWY.I9..L.cysteine.biosynthesis.VI..from.L.methionine.
2026-04-20 11:41:51.038111 INFO::Fitting model to feature number 378, PWY0.1061..superpathway.of.L.alanine.biosynthesis
2026-04-20 11:41:51.052602 INFO::Fitting model to feature number 379, PWY0.1221..putrescine.degradation.II
2026-04-20 11:41:51.062577 INFO::Fitting model to feature number 380, PWY0.1241..ADP.L.glycero..beta..D.manno.heptose.biosynthesis
2026-04-20 11:41:51.07564 INFO::Fitting model to feature number 381, PWY0.1261..anhydromuropeptides.recycling.I
2026-04-20 11:41:51.085099 INFO::Fitting model to feature number 382, PWY0.1277..3.phenylpropanoate.and.3..3.hydroxyphenyl.propanoate.degradation
2026-04-20 11:41:51.094276 INFO::Fitting model to feature number 383, PWY0.1296..purine.ribonucleosides.degradation
2026-04-20 11:41:51.104733 INFO::Fitting model to feature number 384, PWY0.1297..superpathway.of.purine.deoxyribonucleosides.degradation
2026-04-20 11:41:51.114534 INFO::Fitting model to feature number 385, PWY0.1298..superpathway.of.pyrimidine.deoxyribonucleosides.degradation
2026-04-20 11:41:51.126922 INFO::Fitting model to feature number 386, PWY0.1319..CDP.diacylglycerol.biosynthesis.II
2026-04-20 11:41:51.136947 INFO::Fitting model to feature number 387, PWY0.1337..oleate..beta..oxidation
2026-04-20 11:41:51.146235 INFO::Fitting model to feature number 388, PWY0.1338..polymyxin.resistance
2026-04-20 11:41:51.155474 INFO::Fitting model to feature number 389, PWY0.1415..superpathway.of.heme.b.biosynthesis.from.uroporphyrinogen.III
2026-04-20 11:41:51.165618 INFO::Fitting model to feature number 390, PWY0.1477..ethanolamine.utilization
2026-04-20 11:41:51.175882 INFO::Fitting model to feature number 391, PWY0.1479..tRNA.processing
2026-04-20 11:41:51.184942 INFO::Fitting model to feature number 392, PWY0.1533..methylphosphonate.degradation.I
2026-04-20 11:41:51.194422 INFO::Fitting model to feature number 393, PWY0.1586..peptidoglycan.maturation..meso.diaminopimelate.containing.
2026-04-20 11:41:51.204111 INFO::Fitting model to feature number 394, PWY0.162..superpathway.of.pyrimidine.ribonucleotides.de.novo.biosynthesis
2026-04-20 11:41:51.213988 INFO::Fitting model to feature number 395, PWY0.166..superpathway.of.pyrimidine.deoxyribonucleotides.de.novo.biosynthesis..E..coli.
2026-04-20 11:41:51.222922 INFO::Fitting model to feature number 396, PWY0.301..L.ascorbate.degradation.I..bacterial..anaerobic.
2026-04-20 11:41:51.233129 INFO::Fitting model to feature number 397, PWY0.41..allantoin.degradation.IV..anaerobic.
2026-04-20 11:41:51.242902 INFO::Fitting model to feature number 398, PWY0.42..2.methylcitrate.cycle.I
2026-04-20 11:41:51.252525 INFO::Fitting model to feature number 399, PWY0.461..L.lysine.degradation.I
2026-04-20 11:41:51.263516 INFO::Fitting model to feature number 400, PWY0.781..aspartate.superpathway
2026-04-20 11:41:51.272821 INFO::Fitting model to feature number 401, PWY0.845..superpathway.of.pyridoxal.5..phosphate.biosynthesis.and.salvage
2026-04-20 11:41:51.282556 INFO::Fitting model to feature number 402, PWY0.862...5Z..dodecenoate.biosynthesis.I
2026-04-20 11:41:51.31272 INFO::Fitting model to feature number 403, PWY0.881..superpathway.of.fatty.acid.biosynthesis.I..E..coli.
2026-04-20 11:41:51.328608 INFO::Fitting model to feature number 404, PWY1G.0..mycothiol.biosynthesis
2026-04-20 11:41:51.333903 WARNING::Fitting problem for feature 404 returning NA
2026-04-20 11:41:51.338106 INFO::Fitting model to feature number 405, PWY1ZNC.1..assimilatory.sulfate.reduction.IV
2026-04-20 11:41:51.34822 INFO::Fitting model to feature number 406, PWY3O.4107..NAD.salvage.pathway.V..PNC.V.cycle.
2026-04-20 11:41:51.359323 INFO::Fitting model to feature number 407, PWY4FS.7..phosphatidylglycerol.biosynthesis.I..plastidic.
2026-04-20 11:41:51.368038 INFO::Fitting model to feature number 408, PWY4FS.8..phosphatidylglycerol.biosynthesis.II..non.plastidic.
2026-04-20 11:41:51.379195 INFO::Fitting model to feature number 409, PWY4LZ.257..superpathway.of.fermentation..Chlamydomonas.reinhardtii.
2026-04-20 11:41:51.389858 INFO::Fitting model to feature number 410, PWY5F9.12..biphenyl.degradation
2026-04-20 11:41:51.39989 INFO::Fitting model to feature number 411, PWY66.367..ketogenesis
2026-04-20 11:41:51.405997 INFO::Fitting model to feature number 412, PWY66.389..phytol.degradation
2026-04-20 11:41:51.415572 INFO::Fitting model to feature number 413, PWY66.391..fatty.acid..beta..oxidation.VI..mammalian.peroxisome.
2026-04-20 11:41:51.424909 INFO::Fitting model to feature number 414, PWY66.399..gluconeogenesis.III
2026-04-20 11:41:51.436293 INFO::Fitting model to feature number 415, PWY66.409..superpathway.of.purine.nucleotide.salvage
2026-04-20 11:41:51.445767 INFO::Fitting model to feature number 416, PWY66.429..fatty.acid.biosynthesis.initiation..mitochondria.
2026-04-20 11:41:51.455705 INFO::Fitting model to feature number 417, PWY66.430..myristate.biosynthesis..mitochondria.
2026-04-20 11:41:51.465243 INFO::Fitting model to feature number 418, PYRIDNUCSAL.PWY..NAD.salvage.pathway.I..PNC.VI.cycle.
2026-04-20 11:41:51.474268 INFO::Fitting model to feature number 419, PYRIDNUCSYN.PWY..NAD.de.novo.biosynthesis.I..from.aspartate.
2026-04-20 11:41:51.486298 INFO::Fitting model to feature number 420, PYRIDOXSYN.PWY..pyridoxal.5..phosphate.biosynthesis.I
2026-04-20 11:41:51.496314 INFO::Fitting model to feature number 421, REDCITCYC..TCA.cycle.VI..Helicobacter.
2026-04-20 11:41:51.505012 INFO::Fitting model to feature number 422, RHAMCAT.PWY..L.rhamnose.degradation.I
2026-04-20 11:41:51.515478 INFO::Fitting model to feature number 423, RIBOSYN2.PWY..flavin.biosynthesis.I..bacteria.and.plants.
2026-04-20 11:41:51.524784 INFO::Fitting model to feature number 424, RUMP.PWY..formaldehyde.oxidation.I
2026-04-20 11:41:51.534517 INFO::Fitting model to feature number 425, SALVADEHYPOX.PWY..adenosine.nucleotides.degradation.II
2026-04-20 11:41:51.544027 INFO::Fitting model to feature number 426, SER.GLYSYN.PWY..superpathway.of.L.serine.and.glycine.biosynthesis.I
2026-04-20 11:41:51.554233 INFO::Fitting model to feature number 427, SO4ASSIM.PWY..assimilatory.sulfate.reduction.I
2026-04-20 11:41:51.563303 INFO::Fitting model to feature number 428, SULFATE.CYS.PWY..superpathway.of.sulfate.assimilation.and.cysteine.biosynthesis
2026-04-20 11:41:51.575299 INFO::Fitting model to feature number 429, TCA.GLYOX.BYPASS..superpathway.of.glyoxylate.bypass.and.TCA
2026-04-20 11:41:51.586319 INFO::Fitting model to feature number 430, TCA..TCA.cycle.I..prokaryotic.
2026-04-20 11:41:51.610635 INFO::Fitting model to feature number 431, THISYN.PWY..superpathway.of.thiamine.diphosphate.biosynthesis.I
2026-04-20 11:41:51.621512 INFO::Fitting model to feature number 432, THISYNARA.PWY..superpathway.of.thiamine.diphosphate.biosynthesis.III..eukaryotes.
2026-04-20 11:41:51.633344 INFO::Fitting model to feature number 433, THREOCAT.PWY..superpathway.of.L.threonine.metabolism
2026-04-20 11:41:51.643719 INFO::Fitting model to feature number 434, THRESYN.PWY..superpathway.of.L.threonine.biosynthesis
2026-04-20 11:41:51.654409 INFO::Fitting model to feature number 435, TRNA.CHARGING.PWY..tRNA.charging
2026-04-20 11:41:51.664716 INFO::Fitting model to feature number 436, TRPSYN.PWY..L.tryptophan.biosynthesis
2026-04-20 11:41:51.673747 INFO::Fitting model to feature number 437, TYRFUMCAT.PWY..L.tyrosine.degradation.I
2026-04-20 11:41:51.67998 INFO::Fitting model to feature number 438, UBISYN.PWY..superpathway.of.ubiquinol.8.biosynthesis..early.decarboxylation.
2026-04-20 11:41:51.691751 INFO::Fitting model to feature number 439, UDPNACETYLGALSYN.PWY..UDP.N.acetyl.D.glucosamine.biosynthesis.II
2026-04-20 11:41:51.697942 INFO::Fitting model to feature number 440, UDPNAGSYN.PWY..UDP.N.acetyl.D.glucosamine.biosynthesis.I
2026-04-20 11:41:51.70781 INFO::Fitting model to feature number 441, URDEGR.PWY..superpathway.of.allantoin.degradation.in.plants
2026-04-20 11:41:51.717253 INFO::Fitting model to feature number 442, URSIN.PWY..ureide.biosynthesis
2026-04-20 11:41:51.727039 INFO::Fitting model to feature number 443, VALSYN.PWY..L.valine.biosynthesis
2026-04-20 11:41:52.185409 WARNING::Deleting existing model objects file: ALL_VAR_PATHWAY_MAASLIN_SCFA/fits/models_linear.rds
2026-04-20 11:41:52.189221 INFO::Writing model objects to file ALL_VAR_PATHWAY_MAASLIN_SCFA/fits/models_linear.rds
2026-04-20 11:41:53.536854 WARNING::Deleting existing residuals file: ALL_VAR_PATHWAY_MAASLIN_SCFA/fits/residuals_linear.rds
2026-04-20 11:41:53.540035 INFO::Writing residuals to file ALL_VAR_PATHWAY_MAASLIN_SCFA/fits/residuals_linear.rds
2026-04-20 11:41:53.551365 WARNING::Deleting existing fitted file: ALL_VAR_PATHWAY_MAASLIN_SCFA/fits/fitted_linear.rds
2026-04-20 11:41:53.554848 INFO::Writing fitted values to file ALL_VAR_PATHWAY_MAASLIN_SCFA/fits/fitted_linear.rds
2026-04-20 11:41:53.566847 WARNING::Deleting existing model objects file: ALL_VAR_PATHWAY_MAASLIN_SCFA/fits/models_logistic.rds
2026-04-20 11:41:53.57658 INFO::Writing model objects to file ALL_VAR_PATHWAY_MAASLIN_SCFA/fits/models_logistic.rds
2026-04-20 11:42:00.293368 WARNING::Deleting existing residuals file: ALL_VAR_PATHWAY_MAASLIN_SCFA/fits/residuals_logistic.rds
2026-04-20 11:42:00.296663 INFO::Writing residuals to file ALL_VAR_PATHWAY_MAASLIN_SCFA/fits/residuals_logistic.rds
2026-04-20 11:42:00.318341 WARNING::Deleting existing fitted file: ALL_VAR_PATHWAY_MAASLIN_SCFA/fits/fitted_logistic.rds
2026-04-20 11:42:00.322115 INFO::Writing fitted values to file ALL_VAR_PATHWAY_MAASLIN_SCFA/fits/fitted_logistic.rds
2026-04-20 11:42:00.355161 INFO::Writing all the results to file (ordered 
            by increasing individual q-values): ALL_VAR_PATHWAY_MAASLIN_SCFA/all_results.tsv
2026-04-20 11:42:00.52363 INFO::Writing the significant results without errors (those which have joint q-values less than or equal to the threshold of 0.100000 ) to file (ordered by increasing individual q-values): ALL_VAR_PATHWAY_MAASLIN_SCFA/significant_results.tsv
2026-04-20 11:42:00.534012 INFO::Writing summary plot of significant
                        results to file: ALL_VAR_PATHWAY_MAASLIN_SCFA/figures/summary_plot.pdf
2026-04-20 11:42:03.453356 INFO::Writing association plots (one for each significant association) to output folder: ALL_VAR_PATHWAY_MAASLIN_SCFA/figures
2026-04-20 11:42:03.459569 INFO::All associations had errors 
                                or were insignificant.
