"feature","metadata","value","name","coef","null_hypothesis","stderr","pval_individual","qval_individual","pval_joint","qval_joint","error","model","N","N_not_zero"
"PWY.6396..superpathway.of.2.3.butanediol.biosynthesis","Antibiotics","Yes","AntibioticsYes",3.47691854503119,0,1.45408870510667,0.0167964967349736,0.727229716193885,0.0167964967349736,0.54407475698385,NA,"prevalence",46,10
"PWY.7340..9.cis..11.trans.octadecadienoyl.CoA.degradation..isomerase.dependent..yeast.","isobutyrate","isobutyrate","isobutyrate",1.2099071152292,0,0.521455773141209,0.0203274238136903,0.77629910328488,0.0402416434684792,0.855955300557009,NA,"prevalence",46,25
"PWY66.391..fatty.acid..beta..oxidation.VI..mammalian.peroxisome.","isobutyrate","isobutyrate","isobutyrate",1.2099071152292,0,0.521455773141209,0.0203274238136903,0.77629910328488,0.0402416434684792,0.855955300557009,NA,"prevalence",46,25
"PWY.5505..L.glutamate.and.L.glutamine.biosynthesis","Sex","Female","SexFemale",-2.25488949448863,0,0.999896819809178,0.0241256608968945,0.840893836664198,0.0476692742800771,0.908275441529882,NA,"prevalence",46,33
"PWY.7323..superpathway.of.GDP.mannose.derived.O.antigen.building.blocks.biosynthesis","Sex","Female","SexFemale",-2.11043308747512,0,0.940761459126551,0.0248759063501435,0.853690666311145,0.0491330019835459,0.923852851949552,NA,"prevalence",46,35
"KDO.NAGLIPASYN.PWY..superpathway.of..Kdo.2.lipid.A.biosynthesis","Delivery_mode","C-section","Delivery_modeC-section",-2.88131614651533,0,1.3060273674921,0.0273722195804388,0.880029012828777,0.0539952007561178,0.932926192497949,NA,"prevalence",46,28
"PWY.622..starch.biosynthesis","Ethnicity","European","EthnicityEuropean",-2.03813216828631,0,0.925504945412778,0.0276523148921625,0.880029012828777,0.0545399792654296,0.932926192497949,NA,"prevalence",46,34
"PWY.5656..mannosylglycerate.biosynthesis.I","butyrate","butyrate","butyrate",-1.10005901020996,0,0.502177947777054,0.0284824822636863,0.880412780593755,0.0561537127314713,0.932926192497949,NA,"prevalence",46,23
"PWY.8011..L.serine.biosynthesis.II","Sex","Female","SexFemale",-1.85626887476705,0,0.849426137619325,0.0288653102220692,0.880412780593755,0.0568974143099221,0.932926192497949,NA,"prevalence",46,28
"PWY.2942..L.lysine.biosynthesis.III","propionate","propionate","propionate",0.866331202081336,0,0.404171249593895,0.0320749302131523,0.906022441680232,0.063121059278126,0.932926192497949,NA,"prevalence",46,31
"PWY.6396..superpathway.of.2.3.butanediol.biosynthesis","isobutyrate","isobutyrate","isobutyrate",-1.23673521008321,0,0.575627897439787,0.03167423940895,0.906022441680232,0.03167423940895,0.780846185463847,NA,"prevalence",46,10
"PWY.5130..2.oxobutanoate.degradation.I","propionate","propionate","propionate",0.791250346694166,0,0.376374984003176,0.0355276517163087,0.950309785734768,0.0697930893961421,0.950259755624396,NA,"prevalence",46,28
"PWY.5972..stearate.biosynthesis.I..animals.","isobutyrate","isobutyrate","isobutyrate",1.24336543850561,0,0.592170767032758,0.0357575467692215,0.950309785734768,0.0702364913874899,0.951071178460109,NA,"prevalence",46,15
"AEROBACTINSYN.PWY..aerobactin.biosynthesis","acetate","acetate","acetate",-0.0928077046964845,0,0.399393728182357,0.816249512032577,1,0.816249512032577,1,NA,"prevalence",46,5
"AEROBACTINSYN.PWY..aerobactin.biosynthesis","Antibiotics","Yes","AntibioticsYes",-0.97065656026289,0,1.22546939652121,0.428320329927826,1,0.428320329927826,1,NA,"prevalence",46,5
"AEROBACTINSYN.PWY..aerobactin.biosynthesis","butyrate","butyrate","butyrate",-0.757781400836776,0,0.540975004441265,0.161282948765927,1,0.161282948765927,1,NA,"prevalence",46,5
"AEROBACTINSYN.PWY..aerobactin.biosynthesis","Delivery_mode","C-section","Delivery_modeC-section",0.288267173830522,0,1.11207124897865,0.795468230823954,1,0.795468230823954,1,NA,"prevalence",46,5
"AEROBACTINSYN.PWY..aerobactin.biosynthesis","Ethnicity","European","EthnicityEuropean",0.622207600315159,0,0.915949222109542,0.496945518442226,1,0.496945518442226,1,NA,"prevalence",46,5
"AEROBACTINSYN.PWY..aerobactin.biosynthesis","Feeding_method","Breastfed","Feeding_methodBreastfed",-0.0729972712350356,0,0.885377387033828,0.934290758072601,1,0.934290758072601,1,NA,"prevalence",46,5
"AEROBACTINSYN.PWY..aerobactin.biosynthesis","isobutyrate","isobutyrate","isobutyrate",0.435146095834636,0,0.619383978276554,0.4823383633787,1,0.4823383633787,1,NA,"prevalence",46,5
"AEROBACTINSYN.PWY..aerobactin.biosynthesis","Probiotics","Yes","ProbioticsYes",1.73201271983916,0,1.85188939231923,0.349650249054183,1,0.349650249054183,1,NA,"prevalence",46,5
"AEROBACTINSYN.PWY..aerobactin.biosynthesis","propionate","propionate","propionate",0.228760517123481,0,0.635868171022948,0.719025931624824,1,0.719025931624824,1,NA,"prevalence",46,5
"AEROBACTINSYN.PWY..aerobactin.biosynthesis","Read_depth","Read_depth","Read_depth",-0.318943734436383,0,0.40904892467613,0.435555550142333,1,0.435555550142333,1,NA,"prevalence",46,5
"AEROBACTINSYN.PWY..aerobactin.biosynthesis","Sex","Female","SexFemale",-0.571767285508128,0,0.925703014181753,0.536801221150322,1,0.536801221150322,1,NA,"prevalence",46,5
"AEROBACTINSYN.PWY..aerobactin.biosynthesis","Termness","preterm","Termnesspreterm",-1.14189103987182,0,1.70045470224904,0.501888686903293,1,0.501888686903293,1,NA,"prevalence",46,5
"ALLANTOINDEG.PWY..superpathway.of.allantoin.degradation.in.yeast","acetate","acetate","acetate",-0.185166380823294,0,0.324690302612555,0.568483636828792,1,0.813793628315494,1,NA,"prevalence",46,18
"ALLANTOINDEG.PWY..superpathway.of.allantoin.degradation.in.yeast","Antibiotics","Yes","AntibioticsYes",0.34668804164637,0,1.03069397210593,0.736596616901529,1,0.452215515537236,1,NA,"prevalence",46,18
"ALLANTOINDEG.PWY..superpathway.of.allantoin.degradation.in.yeast","butyrate","butyrate","butyrate",-0.551475431141572,0,0.454158200005294,0.224640642031833,1,0.398817866011191,1,NA,"prevalence",46,18
"ALLANTOINDEG.PWY..superpathway.of.allantoin.degradation.in.yeast","Delivery_mode","C-section","Delivery_modeC-section",2.26346517973871,0,1.18322682964499,0.0557532184564218,1,0.0994581150633512,1,NA,"prevalence",46,18
"ALLANTOINDEG.PWY..superpathway.of.allantoin.degradation.in.yeast","Ethnicity","European","EthnicityEuropean",1.49430742619314,0,0.845349755711222,0.0771145004517945,1,0.0538399220434157,0.932926192497949,NA,"prevalence",46,18
"ALLANTOINDEG.PWY..superpathway.of.allantoin.degradation.in.yeast","Feeding_method","Breastfed","Feeding_methodBreastfed",-0.26227857279512,0,0.751688184855627,0.727149837936453,1,0.0928707013621805,1,NA,"prevalence",46,18
"ALLANTOINDEG.PWY..superpathway.of.allantoin.degradation.in.yeast","isobutyrate","isobutyrate","isobutyrate",-0.0593442541731137,0,0.512723439573558,0.907856063702099,1,0.166780613585087,1,NA,"prevalence",46,18
"ALLANTOINDEG.PWY..superpathway.of.allantoin.degradation.in.yeast","Probiotics","Yes","ProbioticsYes",0.33429363608875,0,1.39196393490905,0.810206456976115,1,0.915090872932746,1,NA,"prevalence",46,18
"ALLANTOINDEG.PWY..superpathway.of.allantoin.degradation.in.yeast","propionate","propionate","propionate",1.35779135954912,0,0.755460747215687,0.0722876368726398,1,0.139349771300649,1,NA,"prevalence",46,18
"ALLANTOINDEG.PWY..superpathway.of.allantoin.degradation.in.yeast","Read_depth","Read_depth","Read_depth",0.594982275096956,0,0.54940768372251,0.278829627943043,1,0.47991329446723,1,NA,"prevalence",46,18
"ALLANTOINDEG.PWY..superpathway.of.allantoin.degradation.in.yeast","Sex","Female","SexFemale",-0.297602038135819,0,0.751230644878645,0.691992392705679,1,0.905131313848827,1,NA,"prevalence",46,18
"ALLANTOINDEG.PWY..superpathway.of.allantoin.degradation.in.yeast","Termness","preterm","Termnesspreterm",-0.288363383949854,0,1.21639373369656,0.812606999972636,1,0.250161800954368,1,NA,"prevalence",46,18
"ARG.POLYAMINE.SYN..superpathway.of.arginine.and.polyamine.biosynthesis","acetate","acetate","acetate",0.145434653952213,0,0.484920209038157,0.76424229210518,1,0.614961235847703,1,NA,"prevalence",46,45
"ARG.POLYAMINE.SYN..superpathway.of.arginine.and.polyamine.biosynthesis","Antibiotics","Yes","AntibioticsYes",-0.413851423951417,0,1.51350535926797,0.7845157607012,1,0.953566542613818,1,NA,"prevalence",46,45
"ARG.POLYAMINE.SYN..superpathway.of.arginine.and.polyamine.biosynthesis","butyrate","butyrate","butyrate",0.0445955819939927,0,0.587176401156654,0.939459508413196,1,0.429777083092934,1,NA,"prevalence",46,45
"ARG.POLYAMINE.SYN..superpathway.of.arginine.and.polyamine.biosynthesis","Delivery_mode","C-section","Delivery_modeC-section",-0.781747592982319,0,1.20134783582452,0.515223741244063,1,0.4762145246589,1,NA,"prevalence",46,45
"ARG.POLYAMINE.SYN..superpathway.of.arginine.and.polyamine.biosynthesis","Ethnicity","European","EthnicityEuropean",-0.280493056454241,0,0.998195060778484,0.778710212057398,1,0.297983928540458,1,NA,"prevalence",46,45
"ARG.POLYAMINE.SYN..superpathway.of.arginine.and.polyamine.biosynthesis","Feeding_method","Breastfed","Feeding_methodBreastfed",-0.248160320907305,0,1.02095146641971,0.807952955522345,1,0.195349706048565,1,NA,"prevalence",46,45
"ARG.POLYAMINE.SYN..superpathway.of.arginine.and.polyamine.biosynthesis","isobutyrate","isobutyrate","isobutyrate",0.469331877968858,0,0.616310978018195,0.446347756405678,1,0.628289069486224,1,NA,"prevalence",46,45
"ARG.POLYAMINE.SYN..superpathway.of.arginine.and.polyamine.biosynthesis","Probiotics","Yes","ProbioticsYes",0.305294062178806,0,2.18039169302631,0.888645776477586,1,0.98760023690372,1,NA,"prevalence",46,45
"ARG.POLYAMINE.SYN..superpathway.of.arginine.and.polyamine.biosynthesis","propionate","propionate","propionate",0.110286458120709,0,0.461606777998542,0.811168680665844,1,0.81173503581722,1,NA,"prevalence",46,45
"ARG.POLYAMINE.SYN..superpathway.of.arginine.and.polyamine.biosynthesis","Read_depth","Read_depth","Read_depth",-0.250255346919662,0,0.473015619736055,0.596761330716913,1,0.0525514970018022,0.932926192497949,NA,"prevalence",46,45
"ARG.POLYAMINE.SYN..superpathway.of.arginine.and.polyamine.biosynthesis","Sex","Female","SexFemale",-0.715223850707022,0,1.0633467433764,0.501191729152848,1,0.591301476168748,1,NA,"prevalence",46,45
"ARG.POLYAMINE.SYN..superpathway.of.arginine.and.polyamine.biosynthesis","Termness","preterm","Termnesspreterm",0.413568822592623,0,1.8271358672782,0.820930652019156,1,0.967934168613715,1,NA,"prevalence",46,45
"ARGDEG.PWY..superpathway.of.L.arginine..putrescine..and.4.aminobutanoate.degradation","acetate","acetate","acetate",0.389676507657155,0,0.350029859967804,0.265594001141878,1,0.460647828841205,1,NA,"prevalence",46,27
"ARGDEG.PWY..superpathway.of.L.arginine..putrescine..and.4.aminobutanoate.degradation","Antibiotics","Yes","AntibioticsYes",-0.417960540892482,0,1.06429071964137,0.694531648711462,1,0.753943262791761,1,NA,"prevalence",46,27
"ARGDEG.PWY..superpathway.of.L.arginine..putrescine..and.4.aminobutanoate.degradation","butyrate","butyrate","butyrate",0.0602404390662828,0,0.415376558619528,0.884690271015821,1,0.986703666401595,1,NA,"prevalence",46,27
"ARGDEG.PWY..superpathway.of.L.arginine..putrescine..and.4.aminobutanoate.degradation","Delivery_mode","C-section","Delivery_modeC-section",-0.115453172611986,0,0.977838437864806,0.906012365262165,1,0.857650948829838,1,NA,"prevalence",46,27
"ARGDEG.PWY..superpathway.of.L.arginine..putrescine..and.4.aminobutanoate.degradation","Ethnicity","European","EthnicityEuropean",0.53837939429006,0,0.756643162604304,0.476751704421839,1,0.726211221174549,1,NA,"prevalence",46,27
"ARGDEG.PWY..superpathway.of.L.arginine..putrescine..and.4.aminobutanoate.degradation","Feeding_method","Breastfed","Feeding_methodBreastfed",-0.730412490731858,0,0.741797156997071,0.324794748730234,1,0.544097868657732,1,NA,"prevalence",46,27
"ARGDEG.PWY..superpathway.of.L.arginine..putrescine..and.4.aminobutanoate.degradation","isobutyrate","isobutyrate","isobutyrate",-0.474505238214257,0,0.515812761999531,0.357615820695122,1,0.587342566178798,1,NA,"prevalence",46,27
"ARGDEG.PWY..superpathway.of.L.arginine..putrescine..and.4.aminobutanoate.degradation","Probiotics","Yes","ProbioticsYes",-0.735939326442309,0,1.50994321785926,0.625978177264501,1,0.27909507716718,1,NA,"prevalence",46,27
"ARGDEG.PWY..superpathway.of.L.arginine..putrescine..and.4.aminobutanoate.degradation","propionate","propionate","propionate",0.784705681178821,0,0.568105432715639,0.167196667412813,1,0.306438609231676,1,NA,"prevalence",46,27
"ARGDEG.PWY..superpathway.of.L.arginine..putrescine..and.4.aminobutanoate.degradation","Read_depth","Read_depth","Read_depth",0.636095423692,0,0.521661433612214,0.222705884537121,1,0.39581385806678,1,NA,"prevalence",46,27
"ARGDEG.PWY..superpathway.of.L.arginine..putrescine..and.4.aminobutanoate.degradation","Sex","Female","SexFemale",-0.0438823389431326,0,0.748824396133833,0.953269403061016,1,0.707736730842867,1,NA,"prevalence",46,27
"ARGDEG.PWY..superpathway.of.L.arginine..putrescine..and.4.aminobutanoate.degradation","Termness","preterm","Termnesspreterm",1.50317384878751,0,1.33236794545373,0.259236626104659,1,0.451269623895191,1,NA,"prevalence",46,27
"AST.PWY..L.arginine.degradation.II..AST.pathway.","acetate","acetate","acetate",0.246008376502902,0,0.501864182358569,0.624000058470953,1,0.831805406671888,1,NA,"prevalence",46,43
"AST.PWY..L.arginine.degradation.II..AST.pathway.","Antibiotics","Yes","AntibioticsYes",0.00852581401009888,0,1.48952501992243,0.995433055416258,1,0.940678310359741,1,NA,"prevalence",46,43
"AST.PWY..L.arginine.degradation.II..AST.pathway.","butyrate","butyrate","butyrate",-0.368510272622525,0,0.551971853160666,0.504372921177977,1,0.538207148207409,1,NA,"prevalence",46,43
"AST.PWY..L.arginine.degradation.II..AST.pathway.","Delivery_mode","C-section","Delivery_modeC-section",-0.779392995892658,0,1.24245470890673,0.530461993135358,1,0.0897012979517369,1,NA,"prevalence",46,43
"AST.PWY..L.arginine.degradation.II..AST.pathway.","Ethnicity","European","EthnicityEuropean",-0.0826254761290448,0,0.986606008326678,0.933257440499518,1,0.25447271164141,1,NA,"prevalence",46,43
"AST.PWY..L.arginine.degradation.II..AST.pathway.","Feeding_method","Breastfed","Feeding_methodBreastfed",0.278282158161017,0,0.981273047207261,0.776722309276944,1,0.950147072825379,1,NA,"prevalence",46,43
"AST.PWY..L.arginine.degradation.II..AST.pathway.","isobutyrate","isobutyrate","isobutyrate",0.797339640295658,0,0.60065917135769,0.184362828590823,1,0.334736004615637,1,NA,"prevalence",46,43
"AST.PWY..L.arginine.degradation.II..AST.pathway.","Probiotics","Yes","ProbioticsYes",0.506936089844432,0,2.26998984204185,0.823285791155802,1,0.968772088392569,1,NA,"prevalence",46,43
"AST.PWY..L.arginine.degradation.II..AST.pathway.","propionate","propionate","propionate",0.297058246972492,0,0.442223289992756,0.501750420900758,1,0.751747356927428,1,NA,"prevalence",46,43
"AST.PWY..L.arginine.degradation.II..AST.pathway.","Read_depth","Read_depth","Read_depth",0.329863498300486,0,0.437184095647223,0.450537926974476,1,0.0893032903260987,1,NA,"prevalence",46,43
"AST.PWY..L.arginine.degradation.II..AST.pathway.","Sex","Female","SexFemale",-0.159436857745943,0,1.01131865203746,0.874730675471685,1,0.858484044007331,1,NA,"prevalence",46,43
"AST.PWY..L.arginine.degradation.II..AST.pathway.","Termness","preterm","Termnesspreterm",0.89398366421733,0,1.88334847159068,0.635016660655806,1,0.559715593526299,1,NA,"prevalence",46,43
"CARNMET.PWY..L.carnitine.degradation.I","acetate","acetate","acetate",0.0204374678459789,0,0.306004245372642,0.946750330204321,1,0.997164472666651,1,NA,"prevalence",46,25
"CARNMET.PWY..L.carnitine.degradation.I","Antibiotics","Yes","AntibioticsYes",0.680131154988009,0,0.992015340366016,0.492961924047065,1,0.711216619626528,1,NA,"prevalence",46,25
"CARNMET.PWY..L.carnitine.degradation.I","butyrate","butyrate","butyrate",0.183226502476334,0,0.392362640075759,0.640512369588108,1,0.307970621380408,1,NA,"prevalence",46,25
"CARNMET.PWY..L.carnitine.degradation.I","Delivery_mode","C-section","Delivery_modeC-section",-1.60333998556316,0,0.917881123024075,0.0806748270013992,1,0.154841226291093,1,NA,"prevalence",46,25
"CARNMET.PWY..L.carnitine.degradation.I","Ethnicity","European","EthnicityEuropean",0.19686742800921,0,0.687572368831672,0.774631139546142,1,0.141040311444749,1,NA,"prevalence",46,25
"CARNMET.PWY..L.carnitine.degradation.I","Feeding_method","Breastfed","Feeding_methodBreastfed",-0.334276460726265,0,0.690677450414089,0.628397609040526,1,0.159323753248456,1,NA,"prevalence",46,25
"CARNMET.PWY..L.carnitine.degradation.I","isobutyrate","isobutyrate","isobutyrate",0.304796831762312,0,0.440590721735025,0.489068395834465,1,0.738948895864833,1,NA,"prevalence",46,25
"CARNMET.PWY..L.carnitine.degradation.I","Probiotics","Yes","ProbioticsYes",-0.0341777767857262,0,1.2989966846532,0.979009357960971,1,0.801149263215733,1,NA,"prevalence",46,25
"CARNMET.PWY..L.carnitine.degradation.I","propionate","propionate","propionate",0.0201533595873472,0,0.337835064579732,0.952430863405196,1,0.622338681011931,1,NA,"prevalence",46,25
"CARNMET.PWY..L.carnitine.degradation.I","Read_depth","Read_depth","Read_depth",-0.195136018484577,0,0.322273594965332,0.544848150530898,1,0.457692270645756,1,NA,"prevalence",46,25
"CARNMET.PWY..L.carnitine.degradation.I","Sex","Female","SexFemale",-0.93771192160486,0,0.749942090275904,0.211161092825717,1,0.377733178528083,1,NA,"prevalence",46,25
"CARNMET.PWY..L.carnitine.degradation.I","Termness","preterm","Termnesspreterm",0.252665569565207,0,1.13084741793888,0.823200630017458,1,0.844831424133294,1,NA,"prevalence",46,25
"CATECHOL.ORTHO.CLEAVAGE.PWY..catechol.degradation.to..beta..ketoadipate","acetate","acetate","acetate",-0.171580129084086,0,0.398811285366709,0.667029162323011,1,0.889130421256684,1,NA,"prevalence",46,33
"CATECHOL.ORTHO.CLEAVAGE.PWY..catechol.degradation.to..beta..ketoadipate","Antibiotics","Yes","AntibioticsYes",-0.594824828389525,0,1.10803319675037,0.591385441499399,1,0.680373797056924,1,NA,"prevalence",46,33
"CATECHOL.ORTHO.CLEAVAGE.PWY..catechol.degradation.to..beta..ketoadipate","butyrate","butyrate","butyrate",-0.354333710914462,0,0.432928413884167,0.413095731891579,1,0.655543380076119,1,NA,"prevalence",46,33
"CATECHOL.ORTHO.CLEAVAGE.PWY..catechol.degradation.to..beta..ketoadipate","Delivery_mode","C-section","Delivery_modeC-section",0.511802726116547,0,0.899347625741002,0.569300356926763,1,0.062691096620824,0.932926192497949,NA,"prevalence",46,33
"CATECHOL.ORTHO.CLEAVAGE.PWY..catechol.degradation.to..beta..ketoadipate","Ethnicity","European","EthnicityEuropean",0.567799072222199,0,0.757643355459517,0.453599337419787,1,0.27840706722871,1,NA,"prevalence",46,33
"CATECHOL.ORTHO.CLEAVAGE.PWY..catechol.degradation.to..beta..ketoadipate","Feeding_method","Breastfed","Feeding_methodBreastfed",0.113223515055782,0,0.736427833602173,0.877809283658955,1,0.874695199815212,1,NA,"prevalence",46,33
"CATECHOL.ORTHO.CLEAVAGE.PWY..catechol.degradation.to..beta..ketoadipate","isobutyrate","isobutyrate","isobutyrate",0.194659637312562,0,0.483519853667542,0.68725081173346,1,0.902187945238621,1,NA,"prevalence",46,33
"CATECHOL.ORTHO.CLEAVAGE.PWY..catechol.degradation.to..beta..ketoadipate","Probiotics","Yes","ProbioticsYes",-0.00433266672694748,0,1.83600726825697,0.998117129087788,1,0.583432267804268,1,NA,"prevalence",46,33
"CATECHOL.ORTHO.CLEAVAGE.PWY..catechol.degradation.to..beta..ketoadipate","propionate","propionate","propionate",0.0413781845039968,0,0.327469848694808,0.899449152581486,1,0.0851195737981234,1,NA,"prevalence",46,33
"CATECHOL.ORTHO.CLEAVAGE.PWY..catechol.degradation.to..beta..ketoadipate","Read_depth","Read_depth","Read_depth",0.929756128196123,0,0.548219550161337,0.0898942501370139,1,0.0220275439204084,0.63103183624014,NA,"prevalence",46,33
"CATECHOL.ORTHO.CLEAVAGE.PWY..catechol.degradation.to..beta..ketoadipate","Sex","Female","SexFemale",0.177066814508567,0,0.766079953217104,0.817211015728056,1,0.195782424483006,1,NA,"prevalence",46,33
"CATECHOL.ORTHO.CLEAVAGE.PWY..catechol.degradation.to..beta..ketoadipate","Termness","preterm","Termnesspreterm",1.62614535822021,0,1.63754806364131,0.320692060003462,1,0.145302253103145,1,NA,"prevalence",46,33
"CENTFERM.PWY..pyruvate.fermentation.to.butanoate","acetate","acetate","acetate",0.182830813910548,0,0.332219033200359,0.582091578646791,1,0.4686386434067,1,NA,"prevalence",46,15
"CENTFERM.PWY..pyruvate.fermentation.to.butanoate","Antibiotics","Yes","AntibioticsYes",-0.890761773230429,0,1.11573671307583,0.424660459000922,1,0.200923925799582,1,NA,"prevalence",46,15
"CENTFERM.PWY..pyruvate.fermentation.to.butanoate","butyrate","butyrate","butyrate",-0.282173682921857,0,0.438650709624196,0.520044717231479,1,0.250893759619468,1,NA,"prevalence",46,15
"CENTFERM.PWY..pyruvate.fermentation.to.butanoate","Delivery_mode","C-section","Delivery_modeC-section",-0.198183251416981,0,0.968592911813789,0.837877280887662,1,0.423944212882071,1,NA,"prevalence",46,15
"CENTFERM.PWY..pyruvate.fermentation.to.butanoate","Ethnicity","European","EthnicityEuropean",-0.930875077778319,0,0.804836495795099,0.247435219565692,1,0.433646251249862,1,NA,"prevalence",46,15
"CENTFERM.PWY..pyruvate.fermentation.to.butanoate","Feeding_method","Breastfed","Feeding_methodBreastfed",-1.27738013863066,0,0.756203683854428,0.0911808871235017,1,0.174047820070375,1,NA,"prevalence",46,15
"CENTFERM.PWY..pyruvate.fermentation.to.butanoate","isobutyrate","isobutyrate","isobutyrate",0.427368153535707,0,0.534361729115621,0.423842252776131,1,0.212738706314599,1,NA,"prevalence",46,15
"CENTFERM.PWY..pyruvate.fermentation.to.butanoate","Probiotics","Yes","ProbioticsYes",-0.725924830946436,0,1.39478624403105,0.602745806834359,1,0.0940260700248737,1,NA,"prevalence",46,15
"CENTFERM.PWY..pyruvate.fermentation.to.butanoate","propionate","propionate","propionate",-0.0784148505047366,0,0.370477056350067,0.832372977129969,1,0.288315069382414,1,NA,"prevalence",46,15
"CENTFERM.PWY..pyruvate.fermentation.to.butanoate","Read_depth","Read_depth","Read_depth",-0.17841541966985,0,0.402809994994571,0.657818542627259,1,0.522066214061727,1,NA,"prevalence",46,15
"CENTFERM.PWY..pyruvate.fermentation.to.butanoate","Sex","Female","SexFemale",-1.17707059786927,0,0.82689094059066,0.154594294598424,1,0.132662641871773,1,NA,"prevalence",46,15
"CENTFERM.PWY..pyruvate.fermentation.to.butanoate","Termness","preterm","Termnesspreterm",0.384338815476125,0,1.17897350167129,0.744428556000616,1,0.21903440647623,1,NA,"prevalence",46,15
"COBALSYN.PWY..superpathway.of.adenosylcobalamin.salvage.from.cobinamide.I","acetate","acetate","acetate",0.145434653952213,0,0.484920209038157,0.76424229210518,1,0.937842486351368,1,NA,"prevalence",46,45
"COBALSYN.PWY..superpathway.of.adenosylcobalamin.salvage.from.cobinamide.I","Antibiotics","Yes","AntibioticsYes",-0.413851423951417,0,1.51350535926797,0.7845157607012,1,0.867306305234853,1,NA,"prevalence",46,45
"COBALSYN.PWY..superpathway.of.adenosylcobalamin.salvage.from.cobinamide.I","butyrate","butyrate","butyrate",0.0445955819939927,0,0.587176401156654,0.939459508413196,1,0.98664044510443,1,NA,"prevalence",46,45
"COBALSYN.PWY..superpathway.of.adenosylcobalamin.salvage.from.cobinamide.I","Delivery_mode","C-section","Delivery_modeC-section",-0.781747592982319,0,1.20134783582452,0.515223741244063,1,0.764991978946597,1,NA,"prevalence",46,45
"COBALSYN.PWY..superpathway.of.adenosylcobalamin.salvage.from.cobinamide.I","Ethnicity","European","EthnicityEuropean",-0.280493056454241,0,0.998195060778484,0.778710212057398,1,0.869362619773796,1,NA,"prevalence",46,45
"COBALSYN.PWY..superpathway.of.adenosylcobalamin.salvage.from.cobinamide.I","Feeding_method","Breastfed","Feeding_methodBreastfed",-0.248160320907305,0,1.02095146641971,0.807952955522345,1,0.740827646857714,1,NA,"prevalence",46,45
"COBALSYN.PWY..superpathway.of.adenosylcobalamin.salvage.from.cobinamide.I","isobutyrate","isobutyrate","isobutyrate",0.469331877968858,0,0.616310978018195,0.446347756405678,1,0.693469193162973,1,NA,"prevalence",46,45
"COBALSYN.PWY..superpathway.of.adenosylcobalamin.salvage.from.cobinamide.I","Probiotics","Yes","ProbioticsYes",0.305294062178806,0,2.18039169302631,0.888645776477586,1,0.295154901249849,1,NA,"prevalence",46,45
"COBALSYN.PWY..superpathway.of.adenosylcobalamin.salvage.from.cobinamide.I","propionate","propionate","propionate",0.110286458120709,0,0.461606777998542,0.811168680665844,1,0.593094857852741,1,NA,"prevalence",46,45
"COBALSYN.PWY..superpathway.of.adenosylcobalamin.salvage.from.cobinamide.I","Read_depth","Read_depth","Read_depth",-0.250255346919662,0,0.473015619736055,0.596761330716913,1,0.837398575594805,1,NA,"prevalence",46,45
"COBALSYN.PWY..superpathway.of.adenosylcobalamin.salvage.from.cobinamide.I","Sex","Female","SexFemale",-0.715223850707022,0,1.0633467433764,0.501191729152848,1,0.328326779258558,1,NA,"prevalence",46,45
"COBALSYN.PWY..superpathway.of.adenosylcobalamin.salvage.from.cobinamide.I","Termness","preterm","Termnesspreterm",0.413568822592623,0,1.8271358672782,0.820930652019156,1,0.831282852467375,1,NA,"prevalence",46,45
"COLANSYN.PWY..colanic.acid.building.blocks.biosynthesis","acetate","acetate","acetate",-0.0138126836812479,0,0.337672575273668,0.967371189894526,1,0.849115403304805,1,NA,"prevalence",46,34
"COLANSYN.PWY..colanic.acid.building.blocks.biosynthesis","Antibiotics","Yes","AntibioticsYes",-0.82009432377832,0,1.12414634485754,0.465679785983793,1,0.0722384187674999,0.954686049622808,NA,"prevalence",46,34
"COLANSYN.PWY..colanic.acid.building.blocks.biosynthesis","butyrate","butyrate","butyrate",-0.117667709164359,0,0.445310412427819,0.791596918407971,1,0.517243325640132,1,NA,"prevalence",46,34
"COLANSYN.PWY..colanic.acid.building.blocks.biosynthesis","Delivery_mode","C-section","Delivery_modeC-section",-1.71311000460824,0,1.03041876572518,0.0964050186272545,1,0.130057418489323,1,NA,"prevalence",46,34
"COLANSYN.PWY..colanic.acid.building.blocks.biosynthesis","Ethnicity","European","EthnicityEuropean",0.140417483056381,0,0.756015455166459,0.852653666445553,1,0.0479965489964561,0.908275441529882,NA,"prevalence",46,34
"COLANSYN.PWY..colanic.acid.building.blocks.biosynthesis","Feeding_method","Breastfed","Feeding_methodBreastfed",0.304736679657988,0,0.779042218796335,0.695672781937576,1,0.907384944346386,1,NA,"prevalence",46,34
"COLANSYN.PWY..colanic.acid.building.blocks.biosynthesis","isobutyrate","isobutyrate","isobutyrate",0.629429435837867,0,0.489151761198657,0.198171883202028,1,0.357071671112217,1,NA,"prevalence",46,34
"COLANSYN.PWY..colanic.acid.building.blocks.biosynthesis","Probiotics","Yes","ProbioticsYes",2.07965864775854,0,1.4868786140017,0.161910726210153,1,0.297606369158406,1,NA,"prevalence",46,34
"COLANSYN.PWY..colanic.acid.building.blocks.biosynthesis","propionate","propionate","propionate",0.0537522610405006,0,0.360787175075335,0.881564629800817,1,0.97806906011195,1,NA,"prevalence",46,34
"COLANSYN.PWY..colanic.acid.building.blocks.biosynthesis","Read_depth","Read_depth","Read_depth",-0.819112344781569,0,0.528592608067874,0.121235172496113,1,0.227772377942063,1,NA,"prevalence",46,34
"COLANSYN.PWY..colanic.acid.building.blocks.biosynthesis","Sex","Female","SexFemale",-1.65944814367053,0,0.858353031967026,0.0532000798855812,1,0.10356991127133,1,NA,"prevalence",46,34
"COLANSYN.PWY..colanic.acid.building.blocks.biosynthesis","Termness","preterm","Termnesspreterm",-1.04571400686392,0,1.21183108145073,0.388181122305791,1,0.625677660896999,1,NA,"prevalence",46,34
"CRNFORCAT.PWY..creatinine.degradation.I","acetate","acetate","acetate",0.194632281304245,0,0.329370202261977,0.554572312986033,1,0.554572312986033,1,NA,"prevalence",46,11
"CRNFORCAT.PWY..creatinine.degradation.I","Antibiotics","Yes","AntibioticsYes",-0.58242052326196,0,1.18009390642238,0.621632893530745,1,0.621632893530745,1,NA,"prevalence",46,11
"CRNFORCAT.PWY..creatinine.degradation.I","butyrate","butyrate","butyrate",-0.640671580231298,0,0.495457957109722,0.195980037712174,1,0.195980037712174,1,NA,"prevalence",46,11
"CRNFORCAT.PWY..creatinine.degradation.I","Delivery_mode","C-section","Delivery_modeC-section",2.20878728228553,0,1.21629656075903,0.0693712892790854,1,0.0693712892790854,0.949660048076833,NA,"prevalence",46,11
"CRNFORCAT.PWY..creatinine.degradation.I","Ethnicity","European","EthnicityEuropean",-0.226370080563933,0,0.891738431042235,0.799609468656096,1,0.799609468656096,1,NA,"prevalence",46,11
"CRNFORCAT.PWY..creatinine.degradation.I","Feeding_method","Breastfed","Feeding_methodBreastfed",-0.152394054268106,0,0.870236334286202,0.860986907744524,1,0.860986907744524,1,NA,"prevalence",46,11
"CRNFORCAT.PWY..creatinine.degradation.I","isobutyrate","isobutyrate","isobutyrate",0.688467121494743,0,0.576409805639996,0.232319332585365,1,0.232319332585365,1,NA,"prevalence",46,11
"CRNFORCAT.PWY..creatinine.degradation.I","Probiotics","Yes","ProbioticsYes",0.0364850054022607,0,1.41776154534587,0.979469319212801,1,0.979469319212801,1,NA,"prevalence",46,11
"CRNFORCAT.PWY..creatinine.degradation.I","propionate","propionate","propionate",0.00375659975739651,0,0.492973609312195,0.99391995051538,1,0.99391995051538,1,NA,"prevalence",46,11
"CRNFORCAT.PWY..creatinine.degradation.I","Read_depth","Read_depth","Read_depth",0.733033750150783,0,0.578823541860343,0.205362729374495,1,0.205362729374495,1,NA,"prevalence",46,11
"CRNFORCAT.PWY..creatinine.degradation.I","Sex","Female","SexFemale",-0.634467266637706,0,0.849917478131496,0.45536268257369,1,0.45536268257369,1,NA,"prevalence",46,11
"CRNFORCAT.PWY..creatinine.degradation.I","Termness","preterm","Termnesspreterm",0.190489294377453,0,1.16991850128369,0.870658031244651,1,0.870658031244651,1,NA,"prevalence",46,11
"DARABCATK12.PWY..D.arabinose.degradation.I","acetate","acetate","acetate",-0.164796569561238,0,0.369356787507012,0.655473177170847,1,0.79681879753486,1,NA,"prevalence",46,38
"DARABCATK12.PWY..D.arabinose.degradation.I","Antibiotics","Yes","AntibioticsYes",-1.19224397980993,0,1.428314316255,0.403874804930646,1,0.240029596271998,1,NA,"prevalence",46,38
"DARABCATK12.PWY..D.arabinose.degradation.I","butyrate","butyrate","butyrate",0.0147272878629793,0,0.495170326980983,0.976272925094515,1,0.933616508057846,1,NA,"prevalence",46,38
"DARABCATK12.PWY..D.arabinose.degradation.I","Delivery_mode","C-section","Delivery_modeC-section",-1.7869699536354,0,1.23550990404953,0.148081281070237,1,0.274234496337071,1,NA,"prevalence",46,38
"DARABCATK12.PWY..D.arabinose.degradation.I","Ethnicity","European","EthnicityEuropean",0.293128518754559,0,0.87364480038657,0.737230084588982,1,0.645059772525441,1,NA,"prevalence",46,38
"DARABCATK12.PWY..D.arabinose.degradation.I","Feeding_method","Breastfed","Feeding_methodBreastfed",0.0475953948557243,0,0.892219567539258,0.957457078176981,1,0.802557530806224,1,NA,"prevalence",46,38
"DARABCATK12.PWY..D.arabinose.degradation.I","isobutyrate","isobutyrate","isobutyrate",0.523068017893095,0,0.53886961345725,0.331709446240716,1,0.553387735756109,1,NA,"prevalence",46,38
"DARABCATK12.PWY..D.arabinose.degradation.I","Probiotics","Yes","ProbioticsYes",3.38381545811512,0,1.76477698292474,0.0551848273320185,1,0.107324289496372,1,NA,"prevalence",46,38
"DARABCATK12.PWY..D.arabinose.degradation.I","propionate","propionate","propionate",0.352513833343215,0,0.387321849613281,0.36275314032724,1,0.593916439837206,1,NA,"prevalence",46,38
"DARABCATK12.PWY..D.arabinose.degradation.I","Read_depth","Read_depth","Read_depth",0.223886696908112,0,0.411416028106431,0.586313728601723,1,0.828863668856591,1,NA,"prevalence",46,38
"DARABCATK12.PWY..D.arabinose.degradation.I","Sex","Female","SexFemale",-1.07135660617482,0,0.969912302139514,0.269336760346543,1,0.466131230219115,1,NA,"prevalence",46,38
"DARABCATK12.PWY..D.arabinose.degradation.I","Termness","preterm","Termnesspreterm",-1.18697006133083,0,1.25166352279344,0.342969617914794,1,0.568311077016969,1,NA,"prevalence",46,38
"DENITRIFICATION.PWY..nitrate.reduction.I..denitrification.","acetate","acetate","acetate",-0.270661417857333,0,0.338335229472155,0.423722383236185,1,0.667904108417017,1,NA,"prevalence",46,17
"DENITRIFICATION.PWY..nitrate.reduction.I..denitrification.","Antibiotics","Yes","AntibioticsYes",0.136360956194264,0,1.14901186233587,0.905531482908474,1,0.974046553405879,1,NA,"prevalence",46,17
"DENITRIFICATION.PWY..nitrate.reduction.I..denitrification.","butyrate","butyrate","butyrate",0.369401340305666,0,0.432784386022629,0.393356642501203,1,0.631983836802587,1,NA,"prevalence",46,17
"DENITRIFICATION.PWY..nitrate.reduction.I..denitrification.","Delivery_mode","C-section","Delivery_modeC-section",-0.463196708974368,0,0.893029464751965,0.603983765462342,1,0.410350452389778,1,NA,"prevalence",46,17
"DENITRIFICATION.PWY..nitrate.reduction.I..denitrification.","Ethnicity","European","EthnicityEuropean",0.232072304226742,0,0.747415511752431,0.756180975322915,1,0.741597834246227,1,NA,"prevalence",46,17
"DENITRIFICATION.PWY..nitrate.reduction.I..denitrification.","Feeding_method","Breastfed","Feeding_methodBreastfed",0.532017194706118,0,0.755071029347635,0.481064023485677,1,0.730705452279126,1,NA,"prevalence",46,17
"DENITRIFICATION.PWY..nitrate.reduction.I..denitrification.","isobutyrate","isobutyrate","isobutyrate",-0.408145623568368,0,0.466338258210792,0.381457650596187,1,0.617405361994011,1,NA,"prevalence",46,17
"DENITRIFICATION.PWY..nitrate.reduction.I..denitrification.","Probiotics","Yes","ProbioticsYes",-0.616009649414914,0,1.50539451985505,0.682391816211602,1,0.899125041590635,1,NA,"prevalence",46,17
"DENITRIFICATION.PWY..nitrate.reduction.I..denitrification.","propionate","propionate","propionate",0.173753793874716,0,0.335133005318415,0.604135829723667,1,0.84329155869143,1,NA,"prevalence",46,17
"DENITRIFICATION.PWY..nitrate.reduction.I..denitrification.","Read_depth","Read_depth","Read_depth",0.352455411090961,0,0.336820774973598,0.295367963324331,1,0.503493692890298,1,NA,"prevalence",46,17
"DENITRIFICATION.PWY..nitrate.reduction.I..denitrification.","Sex","Female","SexFemale",1.2478474453208,0,0.784992799018614,0.111918419678948,1,0.211311106694463,1,NA,"prevalence",46,17
"DENITRIFICATION.PWY..nitrate.reduction.I..denitrification.","Termness","preterm","Termnesspreterm",-0.935317941800853,0,1.28420411069209,0.466414670317048,1,0.715286695947135,1,NA,"prevalence",46,17
"DENOVOPURINE2.PWY..superpathway.of.purine.nucleotides.de.novo.biosynthesis.II","acetate","acetate","acetate",-0.173196719787497,0,0.472018410897241,0.713672806692125,1,0.896705990970372,1,NA,"prevalence",46,45
"DENOVOPURINE2.PWY..superpathway.of.purine.nucleotides.de.novo.biosynthesis.II","Antibiotics","Yes","AntibioticsYes",-0.69228975502727,0,1.47151878424063,0.638026877724665,1,0.432534350236865,1,NA,"prevalence",46,45
"DENOVOPURINE2.PWY..superpathway.of.purine.nucleotides.de.novo.biosynthesis.II","butyrate","butyrate","butyrate",0.165070026806822,0,0.556162032697346,0.766617646643226,1,0.931795467872079,1,NA,"prevalence",46,45
"DENOVOPURINE2.PWY..superpathway.of.purine.nucleotides.de.novo.biosynthesis.II","Delivery_mode","C-section","Delivery_modeC-section",-0.540649247434636,0,1.22749354231548,0.65961138531436,1,0.871354285102045,1,NA,"prevalence",46,45
"DENOVOPURINE2.PWY..superpathway.of.purine.nucleotides.de.novo.biosynthesis.II","Ethnicity","European","EthnicityEuropean",-0.459400672798173,0,1.05221995588782,0.662400469947361,1,0.360515160919937,1,NA,"prevalence",46,45
"DENOVOPURINE2.PWY..superpathway.of.purine.nucleotides.de.novo.biosynthesis.II","Feeding_method","Breastfed","Feeding_methodBreastfed",-0.258123311097188,0,1.03488232825948,0.803033703321897,1,0.961204277972913,1,NA,"prevalence",46,45
"DENOVOPURINE2.PWY..superpathway.of.purine.nucleotides.de.novo.biosynthesis.II","isobutyrate","isobutyrate","isobutyrate",-0.0283553333351254,0,0.631431758251356,0.964181907670567,1,0.986265753168935,1,NA,"prevalence",46,45
"DENOVOPURINE2.PWY..superpathway.of.purine.nucleotides.de.novo.biosynthesis.II","Probiotics","Yes","ProbioticsYes",-0.184403906214378,0,2.06483128720307,0.928837924005764,1,0.888842273922348,1,NA,"prevalence",46,45
"DENOVOPURINE2.PWY..superpathway.of.purine.nucleotides.de.novo.biosynthesis.II","propionate","propionate","propionate",0.132699534918888,0,0.439393523721588,0.762647394686109,1,0.835541869014601,1,NA,"prevalence",46,45
"DENOVOPURINE2.PWY..superpathway.of.purine.nucleotides.de.novo.biosynthesis.II","Read_depth","Read_depth","Read_depth",-0.140981925590789,0,0.546917512223588,0.796580187321287,1,0.936266899837212,1,NA,"prevalence",46,45
"DENOVOPURINE2.PWY..superpathway.of.purine.nucleotides.de.novo.biosynthesis.II","Sex","Female","SexFemale",0.0610842441317289,0,1.12606303770518,0.95673929318922,1,0.883593941909066,1,NA,"prevalence",46,45
"DENOVOPURINE2.PWY..superpathway.of.purine.nucleotides.de.novo.biosynthesis.II","Termness","preterm","Termnesspreterm",0.109277413857477,0,1.76200962045279,0.950547999964216,1,0.384606139128406,1,NA,"prevalence",46,45
"DHGLUCONATE.PYR.CAT.PWY..glucose.degradation..oxidative.","acetate","acetate","acetate",-0.0113544645011081,0,0.350644637954775,0.974167667426336,1,0.974167667426336,1,NA,"prevalence",46,6
"DHGLUCONATE.PYR.CAT.PWY..glucose.degradation..oxidative.","Antibiotics","Yes","AntibioticsYes",-1.08265561332509,0,1.27255188107655,0.39489422642799,1,0.39489422642799,1,NA,"prevalence",46,6
"DHGLUCONATE.PYR.CAT.PWY..glucose.degradation..oxidative.","butyrate","butyrate","butyrate",0.261821042040883,0,0.498988205975121,0.599789067602946,1,0.599789067602946,1,NA,"prevalence",46,6
"DHGLUCONATE.PYR.CAT.PWY..glucose.degradation..oxidative.","Delivery_mode","C-section","Delivery_modeC-section",-0.213842268216355,0,1.17496335950149,0.855583436039724,1,0.855583436039724,1,NA,"prevalence",46,6
"DHGLUCONATE.PYR.CAT.PWY..glucose.degradation..oxidative.","Ethnicity","European","EthnicityEuropean",0.685154949937847,0,0.878213462452156,0.435291385752889,1,0.435291385752889,1,NA,"prevalence",46,6
"DHGLUCONATE.PYR.CAT.PWY..glucose.degradation..oxidative.","Feeding_method","Breastfed","Feeding_methodBreastfed",-0.550306714312349,0,0.845587520462455,0.515176855428022,1,0.515176855428022,1,NA,"prevalence",46,6
"DHGLUCONATE.PYR.CAT.PWY..glucose.degradation..oxidative.","isobutyrate","isobutyrate","isobutyrate",-0.286602614391681,0,0.567971490469022,0.613834614639088,1,0.613834614639088,1,NA,"prevalence",46,6
"DHGLUCONATE.PYR.CAT.PWY..glucose.degradation..oxidative.","Probiotics","Yes","ProbioticsYes",-1.42948879744525,0,1.44911732111309,0.32390996477703,1,0.32390996477703,1,NA,"prevalence",46,6
"DHGLUCONATE.PYR.CAT.PWY..glucose.degradation..oxidative.","propionate","propionate","propionate",0.567227904734837,0,0.674971863279431,0.400699469585513,1,0.400699469585513,1,NA,"prevalence",46,6
"DHGLUCONATE.PYR.CAT.PWY..glucose.degradation..oxidative.","Read_depth","Read_depth","Read_depth",-0.0331907721593758,0,0.414647415941736,0.936200852631947,1,0.936200852631947,1,NA,"prevalence",46,6
"DHGLUCONATE.PYR.CAT.PWY..glucose.degradation..oxidative.","Sex","Female","SexFemale",-0.202334684127006,0,0.861838409543335,0.814386460347762,1,0.814386460347762,1,NA,"prevalence",46,6
"DHGLUCONATE.PYR.CAT.PWY..glucose.degradation..oxidative.","Termness","preterm","Termnesspreterm",1.70407762672049,0,1.27401773392833,0.181039279580302,1,0.181039279580302,1,NA,"prevalence",46,6
"DTDPRHAMSYN.PWY..dTDP..beta..L.rhamnose.biosynthesis","acetate","acetate","acetate",0.138933630042791,0,0.481539814025954,0.772949100177494,1,0.801564710895983,1,NA,"prevalence",46,45
"DTDPRHAMSYN.PWY..dTDP..beta..L.rhamnose.biosynthesis","Antibiotics","Yes","AntibioticsYes",-1.00113487424127,0,1.46791642212486,0.495232112804671,1,0.745209380056364,1,NA,"prevalence",46,45
"DTDPRHAMSYN.PWY..dTDP..beta..L.rhamnose.biosynthesis","butyrate","butyrate","butyrate",-0.0479692598386033,0,0.611994017716743,0.937524263215732,1,0.979904960013261,1,NA,"prevalence",46,45
"DTDPRHAMSYN.PWY..dTDP..beta..L.rhamnose.biosynthesis","Delivery_mode","C-section","Delivery_modeC-section",-0.311723492337287,0,1.23666903204771,0.800989252066674,1,0.86943471009151,1,NA,"prevalence",46,45
"DTDPRHAMSYN.PWY..dTDP..beta..L.rhamnose.biosynthesis","Ethnicity","European","EthnicityEuropean",-0.849215010836824,0,1.05280504274668,0.419884677114795,1,0.64863655752229,1,NA,"prevalence",46,45
"DTDPRHAMSYN.PWY..dTDP..beta..L.rhamnose.biosynthesis","Feeding_method","Breastfed","Feeding_methodBreastfed",0.622893996770808,0,1.05319197147736,0.554229374735997,1,0.80128854965174,1,NA,"prevalence",46,45
"DTDPRHAMSYN.PWY..dTDP..beta..L.rhamnose.biosynthesis","isobutyrate","isobutyrate","isobutyrate",-0.0639457261637364,0,0.615200282390734,0.917214630292676,1,0.760181164868713,1,NA,"prevalence",46,45
"DTDPRHAMSYN.PWY..dTDP..beta..L.rhamnose.biosynthesis","Probiotics","Yes","ProbioticsYes",0.107853982734293,0,2.16517205043661,0.960271308631085,1,0.741263255939372,1,NA,"prevalence",46,45
"DTDPRHAMSYN.PWY..dTDP..beta..L.rhamnose.biosynthesis","propionate","propionate","propionate",0.0286116650609356,0,0.483594308305992,0.952821003281021,1,0.0186068168396317,0.576346151607591,NA,"prevalence",46,45
"DTDPRHAMSYN.PWY..dTDP..beta..L.rhamnose.biosynthesis","Read_depth","Read_depth","Read_depth",0.0152093545286477,0,0.476709375473332,0.974547908435241,1,0.120905841525129,1,NA,"prevalence",46,45
"DTDPRHAMSYN.PWY..dTDP..beta..L.rhamnose.biosynthesis","Sex","Female","SexFemale",-0.464176566834935,0,1.06555147251541,0.663111753097856,1,0.674089886856438,1,NA,"prevalence",46,45
"DTDPRHAMSYN.PWY..dTDP..beta..L.rhamnose.biosynthesis","Termness","preterm","Termnesspreterm",-0.0729096219874389,0,1.89717099820672,0.969344278738895,1,0.47487986747483,1,NA,"prevalence",46,45
"ECASYN.PWY..enterobacterial.common.antigen.biosynthesis","acetate","acetate","acetate",0.246008376502902,0,0.501864182358569,0.624000058470953,1,0.722608282590294,1,NA,"prevalence",46,43
"ECASYN.PWY..enterobacterial.common.antigen.biosynthesis","Antibiotics","Yes","AntibioticsYes",0.00852581401009888,0,1.48952501992243,0.995433055416258,1,0.94528093670472,1,NA,"prevalence",46,43
"ECASYN.PWY..enterobacterial.common.antigen.biosynthesis","butyrate","butyrate","butyrate",-0.368510272622525,0,0.551971853160666,0.504372921177977,1,0.754353798738349,1,NA,"prevalence",46,43
"ECASYN.PWY..enterobacterial.common.antigen.biosynthesis","Delivery_mode","C-section","Delivery_modeC-section",-0.779392995892658,0,1.24245470890673,0.530461993135358,1,0.284767551011429,1,NA,"prevalence",46,43
"ECASYN.PWY..enterobacterial.common.antigen.biosynthesis","Ethnicity","European","EthnicityEuropean",-0.0826254761290448,0,0.986606008326678,0.933257440499518,1,0.851601212934988,1,NA,"prevalence",46,43
"ECASYN.PWY..enterobacterial.common.antigen.biosynthesis","Feeding_method","Breastfed","Feeding_methodBreastfed",0.278282158161017,0,0.981273047207261,0.776722309276944,1,0.950147072825379,1,NA,"prevalence",46,43
"ECASYN.PWY..enterobacterial.common.antigen.biosynthesis","isobutyrate","isobutyrate","isobutyrate",0.797339640295658,0,0.60065917135769,0.184362828590823,1,0.334736004615637,1,NA,"prevalence",46,43
"ECASYN.PWY..enterobacterial.common.antigen.biosynthesis","Probiotics","Yes","ProbioticsYes",0.506936089844432,0,2.26998984204185,0.823285791155802,1,0.968772088392569,1,NA,"prevalence",46,43
"ECASYN.PWY..enterobacterial.common.antigen.biosynthesis","propionate","propionate","propionate",0.297058246972492,0,0.442223289992756,0.501750420900758,1,0.751747356927428,1,NA,"prevalence",46,43
"ECASYN.PWY..enterobacterial.common.antigen.biosynthesis","Read_depth","Read_depth","Read_depth",0.329863498300486,0,0.437184095647223,0.450537926974476,1,0.0931874557842932,1,NA,"prevalence",46,43
"ECASYN.PWY..enterobacterial.common.antigen.biosynthesis","Sex","Female","SexFemale",-0.159436857745943,0,1.01131865203746,0.874730675471685,1,0.878755476775401,1,NA,"prevalence",46,43
"ECASYN.PWY..enterobacterial.common.antigen.biosynthesis","Termness","preterm","Termnesspreterm",0.89398366421733,0,1.88334847159068,0.635016660655806,1,0.277104175315952,1,NA,"prevalence",46,43
"FAO.PWY..fatty.acid..beta..oxidation.I..generic.","acetate","acetate","acetate",0.246008376502902,0,0.501864182358569,0.624000058470953,1,0.843364268440276,1,NA,"prevalence",46,43
"FAO.PWY..fatty.acid..beta..oxidation.I..generic.","Antibiotics","Yes","AntibioticsYes",0.00852581401009888,0,1.48952501992243,0.995433055416258,1,0.977156207064458,1,NA,"prevalence",46,43
"FAO.PWY..fatty.acid..beta..oxidation.I..generic.","butyrate","butyrate","butyrate",-0.368510272622525,0,0.551971853160666,0.504372921177977,1,0.718967318057385,1,NA,"prevalence",46,43
"FAO.PWY..fatty.acid..beta..oxidation.I..generic.","Delivery_mode","C-section","Delivery_modeC-section",-0.779392995892658,0,1.24245470890673,0.530461993135358,1,0.409870603038924,1,NA,"prevalence",46,43
"FAO.PWY..fatty.acid..beta..oxidation.I..generic.","Ethnicity","European","EthnicityEuropean",-0.0826254761290448,0,0.986606008326678,0.933257440499518,1,0.764584887752094,1,NA,"prevalence",46,43
"FAO.PWY..fatty.acid..beta..oxidation.I..generic.","Feeding_method","Breastfed","Feeding_methodBreastfed",0.278282158161017,0,0.981273047207261,0.776722309276944,1,0.90224558015785,1,NA,"prevalence",46,43
"FAO.PWY..fatty.acid..beta..oxidation.I..generic.","isobutyrate","isobutyrate","isobutyrate",0.797339640295658,0,0.60065917135769,0.184362828590823,1,0.334736004615637,1,NA,"prevalence",46,43
"FAO.PWY..fatty.acid..beta..oxidation.I..generic.","Probiotics","Yes","ProbioticsYes",0.506936089844432,0,2.26998984204185,0.823285791155802,1,0.948931936876855,1,NA,"prevalence",46,43
"FAO.PWY..fatty.acid..beta..oxidation.I..generic.","propionate","propionate","propionate",0.297058246972492,0,0.442223289992756,0.501750420900758,1,0.751747356927428,1,NA,"prevalence",46,43
"FAO.PWY..fatty.acid..beta..oxidation.I..generic.","Read_depth","Read_depth","Read_depth",0.329863498300486,0,0.437184095647223,0.450537926974476,1,0.698091430306494,1,NA,"prevalence",46,43
"FAO.PWY..fatty.acid..beta..oxidation.I..generic.","Sex","Female","SexFemale",-0.159436857745943,0,1.01131865203746,0.874730675471685,1,0.95161458365163,1,NA,"prevalence",46,43
"FAO.PWY..fatty.acid..beta..oxidation.I..generic.","Termness","preterm","Termnesspreterm",0.89398366421733,0,1.88334847159068,0.635016660655806,1,0.866787162001161,1,NA,"prevalence",46,43
"FASYN.INITIAL.PWY..superpathway.of.fatty.acid.biosynthesis.initiation..E..coli.","acetate","acetate","acetate",0.294219616589105,0,0.373731909762655,0.43113683171331,1,0.581385499056605,1,NA,"prevalence",46,19
"FASYN.INITIAL.PWY..superpathway.of.fatty.acid.biosynthesis.initiation..E..coli.","Antibiotics","Yes","AntibioticsYes",-1.62214164169818,0,1.05323542400075,0.123523539074265,1,0.231789013443099,1,NA,"prevalence",46,19
"FASYN.INITIAL.PWY..superpathway.of.fatty.acid.biosynthesis.initiation..E..coli.","butyrate","butyrate","butyrate",-0.856848544755038,0,0.469365655428977,0.0679186922503231,1,0.131224435743652,1,NA,"prevalence",46,19
"FASYN.INITIAL.PWY..superpathway.of.fatty.acid.biosynthesis.initiation..E..coli.","Delivery_mode","C-section","Delivery_modeC-section",-0.606076460080271,0,0.854162844020611,0.477979448379063,1,0.573234112239047,1,NA,"prevalence",46,19
"FASYN.INITIAL.PWY..superpathway.of.fatty.acid.biosynthesis.initiation..E..coli.","Ethnicity","European","EthnicityEuropean",-0.352482238861448,0,0.734332167505245,0.631224683244386,1,0.864004765751797,1,NA,"prevalence",46,19
"FASYN.INITIAL.PWY..superpathway.of.fatty.acid.biosynthesis.initiation..E..coli.","Feeding_method","Breastfed","Feeding_methodBreastfed",-0.707627721552517,0,0.740091064678947,0.33900352116423,1,0.563083654966713,1,NA,"prevalence",46,19
"FASYN.INITIAL.PWY..superpathway.of.fatty.acid.biosynthesis.initiation..E..coli.","isobutyrate","isobutyrate","isobutyrate",0.449784143403363,0,0.470811387231356,0.339406652352767,1,0.563616429044222,1,NA,"prevalence",46,19
"FASYN.INITIAL.PWY..superpathway.of.fatty.acid.biosynthesis.initiation..E..coli.","Probiotics","Yes","ProbioticsYes",3.00470688312223,0,1.78380844241977,0.0920979011023672,1,0.0920979011023672,1,NA,"prevalence",46,19
"FASYN.INITIAL.PWY..superpathway.of.fatty.acid.biosynthesis.initiation..E..coli.","propionate","propionate","propionate",-0.376706015938901,0,0.376524388349934,0.317077120806372,1,0.515757113567753,1,NA,"prevalence",46,19
"FASYN.INITIAL.PWY..superpathway.of.fatty.acid.biosynthesis.initiation..E..coli.","Read_depth","Read_depth","Read_depth",0.173803297899907,0,0.427160716548481,0.684095875616693,1,0.84621227117648,1,NA,"prevalence",46,19
"FASYN.INITIAL.PWY..superpathway.of.fatty.acid.biosynthesis.initiation..E..coli.","Sex","Female","SexFemale",0.426916374457202,0,0.750828725558735,0.569631999458686,1,0.814783384110071,1,NA,"prevalence",46,19
"FASYN.INITIAL.PWY..superpathway.of.fatty.acid.biosynthesis.initiation..E..coli.","Termness","preterm","Termnesspreterm",-1.48112341472034,0,1.6660582706007,0.374003850068921,1,0.0443705589027337,0.888107045599975,NA,"prevalence",46,19
"FOLSYN.PWY..superpathway.of.tetrahydrofolate.biosynthesis.and.salvage","acetate","acetate","acetate",-0.00600819208126294,0,0.43247978505321,0.988915806776154,1,0.894540949859346,1,NA,"prevalence",46,43
"FOLSYN.PWY..superpathway.of.tetrahydrofolate.biosynthesis.and.salvage","Antibiotics","Yes","AntibioticsYes",-0.828326530827223,0,1.3560376482759,0.541303315416511,1,0.377083400705897,1,NA,"prevalence",46,43
"FOLSYN.PWY..superpathway.of.tetrahydrofolate.biosynthesis.and.salvage","butyrate","butyrate","butyrate",0.182415255982331,0,0.58789020510655,0.756341981597078,1,0.73979977404177,1,NA,"prevalence",46,43
"FOLSYN.PWY..superpathway.of.tetrahydrofolate.biosynthesis.and.salvage","Delivery_mode","C-section","Delivery_modeC-section",-1.14544139825898,0,1.19507035165548,0.337824834346061,1,0.561524049991178,1,NA,"prevalence",46,43
"FOLSYN.PWY..superpathway.of.tetrahydrofolate.biosynthesis.and.salvage","Ethnicity","European","EthnicityEuropean",-1.04319928502398,0,0.981646016427948,0.287916143119752,1,0.49293658077055,1,NA,"prevalence",46,43
"FOLSYN.PWY..superpathway.of.tetrahydrofolate.biosynthesis.and.salvage","Feeding_method","Breastfed","Feeding_methodBreastfed",0.038278816535225,0,0.994109245145535,0.969284531686242,1,0.891694553447851,1,NA,"prevalence",46,43
"FOLSYN.PWY..superpathway.of.tetrahydrofolate.biosynthesis.and.salvage","isobutyrate","isobutyrate","isobutyrate",0.239398138964593,0,0.555498262301604,0.66649665965703,1,0.888775521980081,1,NA,"prevalence",46,43
"FOLSYN.PWY..superpathway.of.tetrahydrofolate.biosynthesis.and.salvage","Probiotics","Yes","ProbioticsYes",-0.00605108522726237,0,2.06058761758541,0.997656949649417,1,0.666896529937849,1,NA,"prevalence",46,43
"FOLSYN.PWY..superpathway.of.tetrahydrofolate.biosynthesis.and.salvage","propionate","propionate","propionate",0.189117523367372,0,0.399014933189818,0.63552770667351,1,0.630245388445017,1,NA,"prevalence",46,43
"FOLSYN.PWY..superpathway.of.tetrahydrofolate.biosynthesis.and.salvage","Read_depth","Read_depth","Read_depth",-0.305882404929927,0,0.48194961631476,0.525639004793192,1,0.622532346917798,1,NA,"prevalence",46,43
"FOLSYN.PWY..superpathway.of.tetrahydrofolate.biosynthesis.and.salvage","Sex","Female","SexFemale",-1.338647035216,0,1.1032818268262,0.225002951309794,1,0.39937957452147,1,NA,"prevalence",46,43
"FOLSYN.PWY..superpathway.of.tetrahydrofolate.biosynthesis.and.salvage","Termness","preterm","Termnesspreterm",-0.0824685156077551,0,1.79514650392115,0.963358300990496,1,0.102299772132173,1,NA,"prevalence",46,43
"FUC.RHAMCAT.PWY..superpathway.of.fucose.and.rhamnose.degradation","acetate","acetate","acetate",0.0904115096266662,0,0.467846248064488,0.846762810423717,1,0.976518363730762,1,NA,"prevalence",46,43
"FUC.RHAMCAT.PWY..superpathway.of.fucose.and.rhamnose.degradation","Antibiotics","Yes","AntibioticsYes",-0.642615838998781,0,1.52983202453524,0.674444201858996,1,0.840521515173331,1,NA,"prevalence",46,43
"FUC.RHAMCAT.PWY..superpathway.of.fucose.and.rhamnose.degradation","butyrate","butyrate","butyrate",-0.0829619642670501,0,0.562002558078656,0.882643868710608,1,0.976596965271715,1,NA,"prevalence",46,43
"FUC.RHAMCAT.PWY..superpathway.of.fucose.and.rhamnose.degradation","Delivery_mode","C-section","Delivery_modeC-section",-0.889327992985429,0,1.21195373353494,0.463072479712448,1,0.71170883795786,1,NA,"prevalence",46,43
"FUC.RHAMCAT.PWY..superpathway.of.fucose.and.rhamnose.degradation","Ethnicity","European","EthnicityEuropean",-0.462711629089457,0,0.963636543479394,0.631104842010196,1,0.670408305279776,1,NA,"prevalence",46,43
"FUC.RHAMCAT.PWY..superpathway.of.fucose.and.rhamnose.degradation","Feeding_method","Breastfed","Feeding_methodBreastfed",-0.310042967997966,0,0.988908919625907,0.753885441214646,1,0.804232463207038,1,NA,"prevalence",46,43
"FUC.RHAMCAT.PWY..superpathway.of.fucose.and.rhamnose.degradation","isobutyrate","isobutyrate","isobutyrate",0.511586937227974,0,0.583692958965079,0.380776841256027,1,0.616562679675137,1,NA,"prevalence",46,43
"FUC.RHAMCAT.PWY..superpathway.of.fucose.and.rhamnose.degradation","Probiotics","Yes","ProbioticsYes",0.767747775743992,0,2.17052618041623,0.723552442827012,1,0.660755045226012,1,NA,"prevalence",46,43
"FUC.RHAMCAT.PWY..superpathway.of.fucose.and.rhamnose.degradation","propionate","propionate","propionate",0.120108173156023,0,0.440374737077082,0.785052443092269,1,0.777188405185575,1,NA,"prevalence",46,43
"FUC.RHAMCAT.PWY..superpathway.of.fucose.and.rhamnose.degradation","Read_depth","Read_depth","Read_depth",0.315478252439309,0,0.44049684456002,0.473875694552982,1,0.723193215217893,1,NA,"prevalence",46,43
"FUC.RHAMCAT.PWY..superpathway.of.fucose.and.rhamnose.degradation","Sex","Female","SexFemale",-0.79955987300176,0,1.05229694628431,0.447360136952439,1,0.638333165473087,1,NA,"prevalence",46,43
"FUC.RHAMCAT.PWY..superpathway.of.fucose.and.rhamnose.degradation","Termness","preterm","Termnesspreterm",0.708666775035486,0,1.79389618825734,0.692810889419682,1,0.532883758819599,1,NA,"prevalence",46,43
"FUCCAT.PWY..fucose.degradation","acetate","acetate","acetate",0.0904115096266662,0,0.467846248064488,0.846762810423717,1,0.976518363730762,1,NA,"prevalence",46,43
"FUCCAT.PWY..fucose.degradation","Antibiotics","Yes","AntibioticsYes",-0.642615838998781,0,1.52983202453524,0.674444201858996,1,0.741778250066132,1,NA,"prevalence",46,43
"FUCCAT.PWY..fucose.degradation","butyrate","butyrate","butyrate",-0.0829619642670501,0,0.562002558078656,0.882643868710608,1,0.907311738469029,1,NA,"prevalence",46,43
"FUCCAT.PWY..fucose.degradation","Delivery_mode","C-section","Delivery_modeC-section",-0.889327992985429,0,1.21195373353494,0.463072479712448,1,0.71170883795786,1,NA,"prevalence",46,43
"FUCCAT.PWY..fucose.degradation","Ethnicity","European","EthnicityEuropean",-0.462711629089457,0,0.963636543479394,0.631104842010196,1,0.747625483663573,1,NA,"prevalence",46,43
"FUCCAT.PWY..fucose.degradation","Feeding_method","Breastfed","Feeding_methodBreastfed",-0.310042967997966,0,0.988908919625907,0.753885441214646,1,0.86353727885393,1,NA,"prevalence",46,43
"FUCCAT.PWY..fucose.degradation","isobutyrate","isobutyrate","isobutyrate",0.511586937227974,0,0.583692958965079,0.380776841256027,1,0.616562679675137,1,NA,"prevalence",46,43
"FUCCAT.PWY..fucose.degradation","Probiotics","Yes","ProbioticsYes",0.767747775743992,0,2.17052618041623,0.723552442827012,1,0.658382266451943,1,NA,"prevalence",46,43
"FUCCAT.PWY..fucose.degradation","propionate","propionate","propionate",0.120108173156023,0,0.440374737077082,0.785052443092269,1,0.818307076639844,1,NA,"prevalence",46,43
"FUCCAT.PWY..fucose.degradation","Read_depth","Read_depth","Read_depth",0.315478252439309,0,0.44049684456002,0.473875694552982,1,0.723193215217893,1,NA,"prevalence",46,43
"FUCCAT.PWY..fucose.degradation","Sex","Female","SexFemale",-0.79955987300176,0,1.05229694628431,0.447360136952439,1,0.693335859352654,1,NA,"prevalence",46,43
"FUCCAT.PWY..fucose.degradation","Termness","preterm","Termnesspreterm",0.708666775035486,0,1.79389618825734,0.692810889419682,1,0.520807308009136,1,NA,"prevalence",46,43
"GALACT.GLUCUROCAT.PWY..superpathway.of.hexuronide.and.hexuronate.degradation","acetate","acetate","acetate",0.0313523619143237,0,0.310351042068476,0.919532794118754,1,0.769617512376926,1,NA,"prevalence",46,25
"GALACT.GLUCUROCAT.PWY..superpathway.of.hexuronide.and.hexuronate.degradation","Antibiotics","Yes","AntibioticsYes",0.288232139284879,0,0.989362649305557,0.770798080665144,1,0.947466480173218,1,NA,"prevalence",46,25
"GALACT.GLUCUROCAT.PWY..superpathway.of.hexuronide.and.hexuronate.degradation","butyrate","butyrate","butyrate",-0.498516907273907,0,0.402564489617424,0.215585233032697,1,0.384693473363632,1,NA,"prevalence",46,25
"GALACT.GLUCUROCAT.PWY..superpathway.of.hexuronide.and.hexuronate.degradation","Delivery_mode","C-section","Delivery_modeC-section",-1.0561876627254,0,0.891870697752749,0.236318645712857,1,0.416790789114155,1,NA,"prevalence",46,25
"GALACT.GLUCUROCAT.PWY..superpathway.of.hexuronide.and.hexuronate.degradation","Ethnicity","European","EthnicityEuropean",0.713588379534616,0,0.694116690882262,0.303925146070274,1,0.515479797726711,1,NA,"prevalence",46,25
"GALACT.GLUCUROCAT.PWY..superpathway.of.hexuronide.and.hexuronate.degradation","Feeding_method","Breastfed","Feeding_methodBreastfed",-0.15925985025023,0,0.696796311430271,0.81921082180792,1,0.945395734690051,1,NA,"prevalence",46,25
"GALACT.GLUCUROCAT.PWY..superpathway.of.hexuronide.and.hexuronate.degradation","isobutyrate","isobutyrate","isobutyrate",0.321117820732928,0,0.4291714757348,0.454323058174118,1,0.702236675159553,1,NA,"prevalence",46,25
"GALACT.GLUCUROCAT.PWY..superpathway.of.hexuronide.and.hexuronate.degradation","Probiotics","Yes","ProbioticsYes",0.455688928102643,0,1.30796988966758,0.727544269831786,1,0.637447182894405,1,NA,"prevalence",46,25
"GALACT.GLUCUROCAT.PWY..superpathway.of.hexuronide.and.hexuronate.degradation","propionate","propionate","propionate",-0.196529985240564,0,0.353889193637464,0.578659881419688,1,0.822472504474728,1,NA,"prevalence",46,25
"GALACT.GLUCUROCAT.PWY..superpathway.of.hexuronide.and.hexuronate.degradation","Read_depth","Read_depth","Read_depth",-0.156681585353282,0,0.320650523177326,0.625098987790353,1,0.859449231044182,1,NA,"prevalence",46,25
"GALACT.GLUCUROCAT.PWY..superpathway.of.hexuronide.and.hexuronate.degradation","Sex","Female","SexFemale",-0.681686980063883,0,0.71601903617616,0.341070876455416,1,0.565812410144767,1,NA,"prevalence",46,25
"GALACT.GLUCUROCAT.PWY..superpathway.of.hexuronide.and.hexuronate.degradation","Termness","preterm","Termnesspreterm",0.167318466499966,0,1.14328345608874,0.883645833361356,1,0.555736606621045,1,NA,"prevalence",46,25
"GALACTARDEG.PWY..D.galactarate.degradation.I","acetate","acetate","acetate",0.145434653952213,0,0.484920209038157,0.76424229210518,1,0.944418303168181,1,NA,"prevalence",46,45
"GALACTARDEG.PWY..D.galactarate.degradation.I","Antibiotics","Yes","AntibioticsYes",-0.413851423951417,0,1.51350535926797,0.7845157607012,1,0.910204947194143,1,NA,"prevalence",46,45
"GALACTARDEG.PWY..D.galactarate.degradation.I","butyrate","butyrate","butyrate",0.0445955819939927,0,0.587176401156654,0.939459508413196,1,0.269983524161742,1,NA,"prevalence",46,45
"GALACTARDEG.PWY..D.galactarate.degradation.I","Delivery_mode","C-section","Delivery_modeC-section",-0.781747592982319,0,1.20134783582452,0.515223741244063,1,0.705608319290647,1,NA,"prevalence",46,45
"GALACTARDEG.PWY..D.galactarate.degradation.I","Ethnicity","European","EthnicityEuropean",-0.280493056454241,0,0.998195060778484,0.778710212057398,1,0.951030829752318,1,NA,"prevalence",46,45
"GALACTARDEG.PWY..D.galactarate.degradation.I","Feeding_method","Breastfed","Feeding_methodBreastfed",-0.248160320907305,0,1.02095146641971,0.807952955522345,1,0.89352095601072,1,NA,"prevalence",46,45
"GALACTARDEG.PWY..D.galactarate.degradation.I","isobutyrate","isobutyrate","isobutyrate",0.469331877968858,0,0.616310978018195,0.446347756405678,1,0.21659887046342,1,NA,"prevalence",46,45
"GALACTARDEG.PWY..D.galactarate.degradation.I","Probiotics","Yes","ProbioticsYes",0.305294062178806,0,2.18039169302631,0.888645776477586,1,0.694423669235319,1,NA,"prevalence",46,45
"GALACTARDEG.PWY..D.galactarate.degradation.I","propionate","propionate","propionate",0.110286458120709,0,0.461606777998542,0.811168680665844,1,0.724697025470078,1,NA,"prevalence",46,45
"GALACTARDEG.PWY..D.galactarate.degradation.I","Read_depth","Read_depth","Read_depth",-0.250255346919662,0,0.473015619736055,0.596761330716913,1,0.292321138072513,1,NA,"prevalence",46,45
"GALACTARDEG.PWY..D.galactarate.degradation.I","Sex","Female","SexFemale",-0.715223850707022,0,1.0633467433764,0.501191729152848,1,0.751190308934475,1,NA,"prevalence",46,45
"GALACTARDEG.PWY..D.galactarate.degradation.I","Termness","preterm","Termnesspreterm",0.413568822592623,0,1.8271358672782,0.820930652019156,1,0.835331392064438,1,NA,"prevalence",46,45
"GALACTITOLCAT.PWY..galactitol.degradation","acetate","acetate","acetate",0.288461437322317,0,0.328205135933217,0.379452287933563,1,0.614920537049111,1,NA,"prevalence",46,22
"GALACTITOLCAT.PWY..galactitol.degradation","Antibiotics","Yes","AntibioticsYes",-1.65506244020301,0,1.02556019925884,0.106567981559115,1,0.201779228424645,1,NA,"prevalence",46,22
"GALACTITOLCAT.PWY..galactitol.degradation","butyrate","butyrate","butyrate",-0.446989135662708,0,0.419651133360249,0.286810502274385,1,0.491360740333885,1,NA,"prevalence",46,22
"GALACTITOLCAT.PWY..galactitol.degradation","Delivery_mode","C-section","Delivery_modeC-section",-0.735212902514892,0,0.863747848838591,0.394664221285843,1,0.421020782952674,1,NA,"prevalence",46,22
"GALACTITOLCAT.PWY..galactitol.degradation","Ethnicity","European","EthnicityEuropean",0.269322588794595,0,0.702971123923722,0.701630483322509,1,0.910975631517641,1,NA,"prevalence",46,22
"GALACTITOLCAT.PWY..galactitol.degradation","Feeding_method","Breastfed","Feeding_methodBreastfed",-0.0554202698264595,0,0.708189368787548,0.937624189449029,1,0.534758673836534,1,NA,"prevalence",46,22
"GALACTITOLCAT.PWY..galactitol.degradation","isobutyrate","isobutyrate","isobutyrate",0.579258129256962,0,0.455811057103068,0.203789318159278,1,0.366048550122732,1,NA,"prevalence",46,22
"GALACTITOLCAT.PWY..galactitol.degradation","Probiotics","Yes","ProbioticsYes",1.84948509803522,0,1.38853802175902,0.182871440963477,1,0.332300918006896,1,NA,"prevalence",46,22
"GALACTITOLCAT.PWY..galactitol.degradation","propionate","propionate","propionate",-0.320028351809457,0,0.439926453051936,0.466944970131966,1,0.71585233513239,1,NA,"prevalence",46,22
"GALACTITOLCAT.PWY..galactitol.degradation","Read_depth","Read_depth","Read_depth",-0.00408527994071564,0,0.32951283233394,0.990108129429605,1,0.760696614859307,1,NA,"prevalence",46,22
"GALACTITOLCAT.PWY..galactitol.degradation","Sex","Female","SexFemale",-0.664170056751698,0,0.724746611199025,0.359448264535457,1,0.589693474193362,1,NA,"prevalence",46,22
"GALACTITOLCAT.PWY..galactitol.degradation","Termness","preterm","Termnesspreterm",-1.00025998389536,0,1.2247837742937,0.414109657028407,1,0.492698238196101,1,NA,"prevalence",46,22
"GALACTUROCAT.PWY..D.galacturonate.degradation.I","acetate","acetate","acetate",0.399535331132989,0,0.440967809527817,0.364913652416445,1,0.59666533111298,1,NA,"prevalence",46,42
"GALACTUROCAT.PWY..D.galacturonate.degradation.I","Antibiotics","Yes","AntibioticsYes",-0.920754724349244,0,1.51851099314888,0.544279921841476,1,0.649463407464282,1,NA,"prevalence",46,42
"GALACTUROCAT.PWY..D.galacturonate.degradation.I","butyrate","butyrate","butyrate",-0.256955597395349,0,0.576683235176468,0.655904316576887,1,0.690669938910844,1,NA,"prevalence",46,42
"GALACTUROCAT.PWY..D.galacturonate.degradation.I","Delivery_mode","C-section","Delivery_modeC-section",-0.837223931817578,0,1.22880459497165,0.495661419151742,1,0.304828560755264,1,NA,"prevalence",46,42
"GALACTUROCAT.PWY..D.galacturonate.degradation.I","Ethnicity","European","EthnicityEuropean",-0.312924862972471,0,0.916204310219949,0.732693447602495,1,0.377538727767756,1,NA,"prevalence",46,42
"GALACTUROCAT.PWY..D.galacturonate.degradation.I","Feeding_method","Breastfed","Feeding_methodBreastfed",-0.0875211404675775,0,0.966571064209792,0.927851699689307,1,0.983585884739285,1,NA,"prevalence",46,42
"GALACTUROCAT.PWY..D.galacturonate.degradation.I","isobutyrate","isobutyrate","isobutyrate",0.730423995818022,0,0.593336673222196,0.218306128244191,1,0.388954690859413,1,NA,"prevalence",46,42
"GALACTUROCAT.PWY..D.galacturonate.degradation.I","Probiotics","Yes","ProbioticsYes",2.31803435515627,0,1.91245506341636,0.225484596345202,1,0.400125889501446,1,NA,"prevalence",46,42
"GALACTUROCAT.PWY..D.galacturonate.degradation.I","propionate","propionate","propionate",-0.181874113716289,0,0.60453332046037,0.763528545730572,1,0.609956543253372,1,NA,"prevalence",46,42
"GALACTUROCAT.PWY..D.galacturonate.degradation.I","Read_depth","Read_depth","Read_depth",0.273822531103434,0,0.439793313910691,0.533536629580027,1,0.782411924056439,1,NA,"prevalence",46,42
"GALACTUROCAT.PWY..D.galacturonate.degradation.I","Sex","Female","SexFemale",-1.31561450351168,0,1.03191800207391,0.202337008981345,1,0.363733752759173,1,NA,"prevalence",46,42
"GALACTUROCAT.PWY..D.galacturonate.degradation.I","Termness","preterm","Termnesspreterm",-0.399538104522016,0,1.55793816945173,0.797600974931311,1,0.779933344238014,1,NA,"prevalence",46,42
"GLUCARDEG.PWY..D.glucarate.degradation.I","acetate","acetate","acetate",0.246008376502902,0,0.501864182358569,0.624000058470953,1,0.577435309575905,1,NA,"prevalence",46,43
"GLUCARDEG.PWY..D.glucarate.degradation.I","Antibiotics","Yes","AntibioticsYes",0.00852581401009888,0,1.48952501992243,0.995433055416258,1,0.575711210946691,1,NA,"prevalence",46,43
"GLUCARDEG.PWY..D.glucarate.degradation.I","butyrate","butyrate","butyrate",-0.368510272622525,0,0.551971853160666,0.504372921177977,1,0.754353798738349,1,NA,"prevalence",46,43
"GLUCARDEG.PWY..D.glucarate.degradation.I","Delivery_mode","C-section","Delivery_modeC-section",-0.779392995892658,0,1.24245470890673,0.530461993135358,1,0.77953406010958,1,NA,"prevalence",46,43
"GLUCARDEG.PWY..D.glucarate.degradation.I","Ethnicity","European","EthnicityEuropean",-0.0826254761290448,0,0.986606008326678,0.933257440499518,1,0.96445528603282,1,NA,"prevalence",46,43
"GLUCARDEG.PWY..D.glucarate.degradation.I","Feeding_method","Breastfed","Feeding_methodBreastfed",0.278282158161017,0,0.981273047207261,0.776722309276944,1,0.753840894869447,1,NA,"prevalence",46,43
"GLUCARDEG.PWY..D.glucarate.degradation.I","isobutyrate","isobutyrate","isobutyrate",0.797339640295658,0,0.60065917135769,0.184362828590823,1,0.334736004615637,1,NA,"prevalence",46,43
"GLUCARDEG.PWY..D.glucarate.degradation.I","Probiotics","Yes","ProbioticsYes",0.506936089844432,0,2.26998984204185,0.823285791155802,1,0.968772088392569,1,NA,"prevalence",46,43
"GLUCARDEG.PWY..D.glucarate.degradation.I","propionate","propionate","propionate",0.297058246972492,0,0.442223289992756,0.501750420900758,1,0.751747356927428,1,NA,"prevalence",46,43
"GLUCARDEG.PWY..D.glucarate.degradation.I","Read_depth","Read_depth","Read_depth",0.329863498300486,0,0.437184095647223,0.450537926974476,1,0.698091430306494,1,NA,"prevalence",46,43
"GLUCARDEG.PWY..D.glucarate.degradation.I","Sex","Female","SexFemale",-0.159436857745943,0,1.01131865203746,0.874730675471685,1,0.98430759633222,1,NA,"prevalence",46,43
"GLUCARDEG.PWY..D.glucarate.degradation.I","Termness","preterm","Termnesspreterm",0.89398366421733,0,1.88334847159068,0.635016660655806,1,0.866787162001161,1,NA,"prevalence",46,43
"GLUCARGALACTSUPER.PWY..superpathway.of.D.glucarate.and.D.galactarate.degradation","acetate","acetate","acetate",0.145434653952213,0,0.484920209038157,0.76424229210518,1,0.944418303168181,1,NA,"prevalence",46,45
"GLUCARGALACTSUPER.PWY..superpathway.of.D.glucarate.and.D.galactarate.degradation","Antibiotics","Yes","AntibioticsYes",-0.413851423951417,0,1.51350535926797,0.7845157607012,1,0.910167528653642,1,NA,"prevalence",46,45
"GLUCARGALACTSUPER.PWY..superpathway.of.D.glucarate.and.D.galactarate.degradation","butyrate","butyrate","butyrate",0.0445955819939927,0,0.587176401156654,0.939459508413196,1,0.269942301400036,1,NA,"prevalence",46,45
"GLUCARGALACTSUPER.PWY..superpathway.of.D.glucarate.and.D.galactarate.degradation","Delivery_mode","C-section","Delivery_modeC-section",-0.781747592982319,0,1.20134783582452,0.515223741244063,1,0.705666921991739,1,NA,"prevalence",46,45
"GLUCARGALACTSUPER.PWY..superpathway.of.D.glucarate.and.D.galactarate.degradation","Ethnicity","European","EthnicityEuropean",-0.280493056454241,0,0.998195060778484,0.778710212057398,1,0.951030829752318,1,NA,"prevalence",46,45
"GLUCARGALACTSUPER.PWY..superpathway.of.D.glucarate.and.D.galactarate.degradation","Feeding_method","Breastfed","Feeding_methodBreastfed",-0.248160320907305,0,1.02095146641971,0.807952955522345,1,0.89346163162097,1,NA,"prevalence",46,45
"GLUCARGALACTSUPER.PWY..superpathway.of.D.glucarate.and.D.galactarate.degradation","isobutyrate","isobutyrate","isobutyrate",0.469331877968858,0,0.616310978018195,0.446347756405678,1,0.215993626154421,1,NA,"prevalence",46,45
"GLUCARGALACTSUPER.PWY..superpathway.of.D.glucarate.and.D.galactarate.degradation","Probiotics","Yes","ProbioticsYes",0.305294062178806,0,2.18039169302631,0.888645776477586,1,0.69459961536652,1,NA,"prevalence",46,45
"GLUCARGALACTSUPER.PWY..superpathway.of.D.glucarate.and.D.galactarate.degradation","propionate","propionate","propionate",0.110286458120709,0,0.461606777998542,0.811168680665844,1,0.724550271741472,1,NA,"prevalence",46,45
"GLUCARGALACTSUPER.PWY..superpathway.of.D.glucarate.and.D.galactarate.degradation","Read_depth","Read_depth","Read_depth",-0.250255346919662,0,0.473015619736055,0.596761330716913,1,0.292408510412394,1,NA,"prevalence",46,45
"GLUCARGALACTSUPER.PWY..superpathway.of.D.glucarate.and.D.galactarate.degradation","Sex","Female","SexFemale",-0.715223850707022,0,1.0633467433764,0.501191729152848,1,0.751190308934475,1,NA,"prevalence",46,45
"GLUCARGALACTSUPER.PWY..superpathway.of.D.glucarate.and.D.galactarate.degradation","Termness","preterm","Termnesspreterm",0.413568822592623,0,1.8271358672782,0.820930652019156,1,0.835332268091876,1,NA,"prevalence",46,45
"GLUCUROCAT.PWY..superpathway.of..beta..D.glucuronosides.degradation","acetate","acetate","acetate",0.401979591833292,0,0.40806701221983,0.324583645779184,1,0.109461444150813,1,NA,"prevalence",46,36
"GLUCUROCAT.PWY..superpathway.of..beta..D.glucuronosides.degradation","Antibiotics","Yes","AntibioticsYes",-1.61634531918181,0,1.34896283328471,0.230833956869194,1,0.0395550745319202,0.852325866870419,NA,"prevalence",46,36
"GLUCUROCAT.PWY..superpathway.of..beta..D.glucuronosides.degradation","butyrate","butyrate","butyrate",-0.223362444347236,0,0.481820899232162,0.642948817247527,1,0.531385329442831,1,NA,"prevalence",46,36
"GLUCUROCAT.PWY..superpathway.of..beta..D.glucuronosides.degradation","Delivery_mode","C-section","Delivery_modeC-section",-1.01633719630799,0,0.975867990270508,0.297657488282759,1,0.460657480140516,1,NA,"prevalence",46,36
"GLUCUROCAT.PWY..superpathway.of..beta..D.glucuronosides.degradation","Ethnicity","European","EthnicityEuropean",-0.370279214717366,0,0.816669902799924,0.650259783669993,1,0.87768178108144,1,NA,"prevalence",46,36
"GLUCUROCAT.PWY..superpathway.of..beta..D.glucuronosides.degradation","Feeding_method","Breastfed","Feeding_methodBreastfed",0.96345850627514,0,0.838059562178777,0.250296251396938,1,0.174713420539686,1,NA,"prevalence",46,36
"GLUCUROCAT.PWY..superpathway.of..beta..D.glucuronosides.degradation","isobutyrate","isobutyrate","isobutyrate",0.242866618029106,0,0.487145509941201,0.618096112661555,1,0.854149420835784,1,NA,"prevalence",46,36
"GLUCUROCAT.PWY..superpathway.of..beta..D.glucuronosides.degradation","Probiotics","Yes","ProbioticsYes",1.72788487773647,0,1.86589719816993,0.354428135241933,1,0.583236967432792,1,NA,"prevalence",46,36
"GLUCUROCAT.PWY..superpathway.of..beta..D.glucuronosides.degradation","propionate","propionate","propionate",0.0458023939581039,0,0.39850842775476,0.908496985401093,1,0.991546811528049,1,NA,"prevalence",46,36
"GLUCUROCAT.PWY..superpathway.of..beta..D.glucuronosides.degradation","Read_depth","Read_depth","Read_depth",0.246055442475706,0,0.375275528947566,0.512038985328694,1,0.136731650102952,1,NA,"prevalence",46,36
"GLUCUROCAT.PWY..superpathway.of..beta..D.glucuronosides.degradation","Sex","Female","SexFemale",-0.867452644626639,0,0.810097853933127,0.284259443190532,1,0.487715455338073,1,NA,"prevalence",46,36
"GLUCUROCAT.PWY..superpathway.of..beta..D.glucuronosides.degradation","Termness","preterm","Termnesspreterm",0.563638557067988,0,1.51395116825154,0.709672184902181,1,0.160600435048757,1,NA,"prevalence",46,36
"GLUDEG.I.PWY..GABA.shunt","acetate","acetate","acetate",0.132199166564483,0,0.350891025359838,0.706357341049825,1,0.765737915307481,1,NA,"prevalence",46,32
"GLUDEG.I.PWY..GABA.shunt","Antibiotics","Yes","AntibioticsYes",-0.901339218041399,0,1.16081001069846,0.437468950069567,1,0.575903214541658,1,NA,"prevalence",46,32
"GLUDEG.I.PWY..GABA.shunt","butyrate","butyrate","butyrate",-0.602678665674483,0,0.467159979000319,0.197019226938933,1,0.355221878094252,1,NA,"prevalence",46,32
"GLUDEG.I.PWY..GABA.shunt","Delivery_mode","C-section","Delivery_modeC-section",-0.704888271905885,0,1.04135597299019,0.498472807907816,1,0.74847047559213,1,NA,"prevalence",46,32
"GLUDEG.I.PWY..GABA.shunt","Ethnicity","European","EthnicityEuropean",0.727180906536899,0,0.799917808517184,0.363313424940093,1,0.594630205138486,1,NA,"prevalence",46,32
"GLUDEG.I.PWY..GABA.shunt","Feeding_method","Breastfed","Feeding_methodBreastfed",-0.811752428548591,0,0.831227670196043,0.328781825398212,1,0.549466162084243,1,NA,"prevalence",46,32
"GLUDEG.I.PWY..GABA.shunt","isobutyrate","isobutyrate","isobutyrate",0.0616819364809301,0,0.50439089542915,0.902669392413837,1,0.986232083603381,1,NA,"prevalence",46,32
"GLUDEG.I.PWY..GABA.shunt","Probiotics","Yes","ProbioticsYes",0.272825730763508,0,1.53298014450757,0.858745893470754,1,0.82720333454222,1,NA,"prevalence",46,32
"GLUDEG.I.PWY..GABA.shunt","propionate","propionate","propionate",0.746169410897549,0,0.48289595352693,0.122298603674632,1,0.229640258888499,1,NA,"prevalence",46,32
"GLUDEG.I.PWY..GABA.shunt","Read_depth","Read_depth","Read_depth",0.430514421721919,0,0.465420152052714,0.354965034495908,1,0.513697509352824,1,NA,"prevalence",46,32
"GLUDEG.I.PWY..GABA.shunt","Sex","Female","SexFemale",0.187348056864024,0,0.809708913748787,0.817021895750458,1,0.722287974459876,1,NA,"prevalence",46,32
"GLUDEG.I.PWY..GABA.shunt","Termness","preterm","Termnesspreterm",0.367924662838605,0,1.27168662491168,0.772336335071963,1,0.948169255671535,1,NA,"prevalence",46,32
"GLYCOCAT.PWY..glycogen.degradation.I","acetate","acetate","acetate",0.257681416426177,0,0.506436743298179,0.610883558538985,1,0.261516916139455,1,NA,"prevalence",46,44
"GLYCOCAT.PWY..glycogen.degradation.I","Antibiotics","Yes","AntibioticsYes",-0.0253509052725578,0,1.48678346585523,0.986396058122158,1,0.998258439148246,1,NA,"prevalence",46,44
"GLYCOCAT.PWY..glycogen.degradation.I","butyrate","butyrate","butyrate",-0.257264830795092,0,0.553683356750476,0.642187476567516,1,0.597527744628321,1,NA,"prevalence",46,44
"GLYCOCAT.PWY..glycogen.degradation.I","Delivery_mode","C-section","Delivery_modeC-section",-0.962953847274913,0,1.2247302829857,0.431716417674931,1,0.253224967720563,1,NA,"prevalence",46,44
"GLYCOCAT.PWY..glycogen.degradation.I","Ethnicity","European","EthnicityEuropean",0.00090086806250082,0,0.99506147326168,0.999277644005408,1,0.958662628277869,1,NA,"prevalence",46,44
"GLYCOCAT.PWY..glycogen.degradation.I","Feeding_method","Breastfed","Feeding_methodBreastfed",0.15415792963629,0,0.992325664166054,0.876545290340093,1,0.757365938696345,1,NA,"prevalence",46,44
"GLYCOCAT.PWY..glycogen.degradation.I","isobutyrate","isobutyrate","isobutyrate",0.665399846753968,0,0.600897044988073,0.268145148994271,1,0.464388477059382,1,NA,"prevalence",46,44
"GLYCOCAT.PWY..glycogen.degradation.I","Probiotics","Yes","ProbioticsYes",0.113707439468003,0,2.26361624656569,0.9599369945695,1,0.984436886402557,1,NA,"prevalence",46,44
"GLYCOCAT.PWY..glycogen.degradation.I","propionate","propionate","propionate",0.296140841678402,0,0.426885480849225,0.48785510870157,1,0.374743125008557,1,NA,"prevalence",46,44
"GLYCOCAT.PWY..glycogen.degradation.I","Read_depth","Read_depth","Read_depth",-0.222381197995248,0,0.418979194802665,0.595578815315932,1,0.0493989115751879,0.923852851949552,NA,"prevalence",46,44
"GLYCOCAT.PWY..glycogen.degradation.I","Sex","Female","SexFemale",-0.224445552456683,0,1.00978909894738,0.824103913097251,1,0.492968144483613,1,NA,"prevalence",46,44
"GLYCOCAT.PWY..glycogen.degradation.I","Termness","preterm","Termnesspreterm",0.843034856650611,0,1.88458788811646,0.654635983162626,1,0.880723695873954,1,NA,"prevalence",46,44
"GLYCOL.GLYOXDEG.PWY..superpathway.of.glycol.metabolism.and.degradation","acetate","acetate","acetate",-0.0493055234914682,0,0.390141897261383,0.899432369444805,1,0.985003057097741,1,NA,"prevalence",46,40
"GLYCOL.GLYOXDEG.PWY..superpathway.of.glycol.metabolism.and.degradation","Antibiotics","Yes","AntibioticsYes",-0.310852337521632,0,1.50415343626094,0.836273327396569,1,0.934895969228253,1,NA,"prevalence",46,40
"GLYCOL.GLYOXDEG.PWY..superpathway.of.glycol.metabolism.and.degradation","butyrate","butyrate","butyrate",-0.126827031936747,0,0.560413332022467,0.820960472852994,1,0.679312757955019,1,NA,"prevalence",46,40
"GLYCOL.GLYOXDEG.PWY..superpathway.of.glycol.metabolism.and.degradation","Delivery_mode","C-section","Delivery_modeC-section",-1.11738861105103,0,1.23305464947113,0.364832368790663,1,0.542244587483522,1,NA,"prevalence",46,40
"GLYCOL.GLYOXDEG.PWY..superpathway.of.glycol.metabolism.and.degradation","Ethnicity","European","EthnicityEuropean",0.800645750244441,0,0.931517787452043,0.390061042454147,1,0.627974468067878,1,NA,"prevalence",46,40
"GLYCOL.GLYOXDEG.PWY..superpathway.of.glycol.metabolism.and.degradation","Feeding_method","Breastfed","Feeding_methodBreastfed",0.475545050405359,0,0.951830053106493,0.617348799484838,1,0.505151988725126,1,NA,"prevalence",46,40
"GLYCOL.GLYOXDEG.PWY..superpathway.of.glycol.metabolism.and.degradation","isobutyrate","isobutyrate","isobutyrate",0.694063511205254,0,0.584569943326759,0.235106868045296,1,0.414938496688524,1,NA,"prevalence",46,40
"GLYCOL.GLYOXDEG.PWY..superpathway.of.glycol.metabolism.and.degradation","Probiotics","Yes","ProbioticsYes",3.63246797440372,0,1.83891038513424,0.0482299015481511,1,0.0941336796929578,1,NA,"prevalence",46,40
"GLYCOL.GLYOXDEG.PWY..superpathway.of.glycol.metabolism.and.degradation","propionate","propionate","propionate",0.262936990742206,0,0.446948919924063,0.556335538500296,1,0.758712832988907,1,NA,"prevalence",46,40
"GLYCOL.GLYOXDEG.PWY..superpathway.of.glycol.metabolism.and.degradation","Read_depth","Read_depth","Read_depth",0.344957205542185,0,0.418979029036897,0.410321441375968,1,0.652279197499084,1,NA,"prevalence",46,40
"GLYCOL.GLYOXDEG.PWY..superpathway.of.glycol.metabolism.and.degradation","Sex","Female","SexFemale",-0.986772537940972,0,0.981204620230364,0.314572138158485,1,0.530188646211369,1,NA,"prevalence",46,40
"GLYCOL.GLYOXDEG.PWY..superpathway.of.glycol.metabolism.and.degradation","Termness","preterm","Termnesspreterm",-1.52460777432308,0,1.36085012625256,0.262571111379484,1,0.45619863422791,1,NA,"prevalence",46,40
"GLYCOLYSIS.E.D..superpathway.of.glycolysis.and.the.Entner.Doudoroff.pathway","acetate","acetate","acetate",0.145434653952213,0,0.484920209038157,0.76424229210518,1,0.944418303168181,1,NA,"prevalence",46,45
"GLYCOLYSIS.E.D..superpathway.of.glycolysis.and.the.Entner.Doudoroff.pathway","Antibiotics","Yes","AntibioticsYes",-0.413851423951417,0,1.51350535926797,0.7845157607012,1,0.344927086716405,1,NA,"prevalence",46,45
"GLYCOLYSIS.E.D..superpathway.of.glycolysis.and.the.Entner.Doudoroff.pathway","butyrate","butyrate","butyrate",0.0445955819939927,0,0.587176401156654,0.939459508413196,1,0.666330632765842,1,NA,"prevalence",46,45
"GLYCOLYSIS.E.D..superpathway.of.glycolysis.and.the.Entner.Doudoroff.pathway","Delivery_mode","C-section","Delivery_modeC-section",-0.781747592982319,0,1.20134783582452,0.515223741244063,1,0.706398455773395,1,NA,"prevalence",46,45
"GLYCOLYSIS.E.D..superpathway.of.glycolysis.and.the.Entner.Doudoroff.pathway","Ethnicity","European","EthnicityEuropean",-0.280493056454241,0,0.998195060778484,0.778710212057398,1,0.423367094787233,1,NA,"prevalence",46,45
"GLYCOLYSIS.E.D..superpathway.of.glycolysis.and.the.Entner.Doudoroff.pathway","Feeding_method","Breastfed","Feeding_methodBreastfed",-0.248160320907305,0,1.02095146641971,0.807952955522345,1,0.735184028271962,1,NA,"prevalence",46,45
"GLYCOLYSIS.E.D..superpathway.of.glycolysis.and.the.Entner.Doudoroff.pathway","isobutyrate","isobutyrate","isobutyrate",0.469331877968858,0,0.616310978018195,0.446347756405678,1,0.612453287236983,1,NA,"prevalence",46,45
"GLYCOLYSIS.E.D..superpathway.of.glycolysis.and.the.Entner.Doudoroff.pathway","Probiotics","Yes","ProbioticsYes",0.305294062178806,0,2.18039169302631,0.888645776477586,1,0.798782613127355,1,NA,"prevalence",46,45
"GLYCOLYSIS.E.D..superpathway.of.glycolysis.and.the.Entner.Doudoroff.pathway","propionate","propionate","propionate",0.110286458120709,0,0.461606777998542,0.811168680665844,1,0.958743005271488,1,NA,"prevalence",46,45
"GLYCOLYSIS.E.D..superpathway.of.glycolysis.and.the.Entner.Doudoroff.pathway","Read_depth","Read_depth","Read_depth",-0.250255346919662,0,0.473015619736055,0.596761330716913,1,0.717119236930192,1,NA,"prevalence",46,45
"GLYCOLYSIS.E.D..superpathway.of.glycolysis.and.the.Entner.Doudoroff.pathway","Sex","Female","SexFemale",-0.715223850707022,0,1.0633467433764,0.501191729152848,1,0.751190308934475,1,NA,"prevalence",46,45
"GLYCOLYSIS.E.D..superpathway.of.glycolysis.and.the.Entner.Doudoroff.pathway","Termness","preterm","Termnesspreterm",0.413568822592623,0,1.8271358672782,0.820930652019156,1,0.966634480966364,1,NA,"prevalence",46,45
"GLYCOLYSIS.TCA.GLYOX.BYPASS..superpathway.of.glycolysis..pyruvate.dehydrogenase..TCA..and.glyoxylate.bypass","acetate","acetate","acetate",-0.121877255891977,0,0.461127261083528,0.791546553374142,1,0.956547160589801,1,NA,"prevalence",46,41
"GLYCOLYSIS.TCA.GLYOX.BYPASS..superpathway.of.glycolysis..pyruvate.dehydrogenase..TCA..and.glyoxylate.bypass","Antibiotics","Yes","AntibioticsYes",-0.789013477946337,0,1.42227940314363,0.579063757346456,1,0.693057897570923,1,NA,"prevalence",46,41
"GLYCOLYSIS.TCA.GLYOX.BYPASS..superpathway.of.glycolysis..pyruvate.dehydrogenase..TCA..and.glyoxylate.bypass","butyrate","butyrate","butyrate",-0.0338017524591455,0,0.499759406597599,0.946075356951498,1,0.185165498407443,1,NA,"prevalence",46,41
"GLYCOLYSIS.TCA.GLYOX.BYPASS..superpathway.of.glycolysis..pyruvate.dehydrogenase..TCA..and.glyoxylate.bypass","Delivery_mode","C-section","Delivery_modeC-section",-1.50736494457679,0,1.22443547191705,0.218296938754205,1,0.388940324038952,1,NA,"prevalence",46,41
"GLYCOLYSIS.TCA.GLYOX.BYPASS..superpathway.of.glycolysis..pyruvate.dehydrogenase..TCA..and.glyoxylate.bypass","Ethnicity","European","EthnicityEuropean",-0.152449466775377,0,0.935805147722361,0.870591442536891,1,0.812437435339362,1,NA,"prevalence",46,41
"GLYCOLYSIS.TCA.GLYOX.BYPASS..superpathway.of.glycolysis..pyruvate.dehydrogenase..TCA..and.glyoxylate.bypass","Feeding_method","Breastfed","Feeding_methodBreastfed",0.203493765349174,0,0.92643588864384,0.826141963486168,1,0.722996835441421,1,NA,"prevalence",46,41
"GLYCOLYSIS.TCA.GLYOX.BYPASS..superpathway.of.glycolysis..pyruvate.dehydrogenase..TCA..and.glyoxylate.bypass","isobutyrate","isobutyrate","isobutyrate",0.523322991231668,0,0.54862006241253,0.340139510504108,1,0.564584134402242,1,NA,"prevalence",46,41
"GLYCOLYSIS.TCA.GLYOX.BYPASS..superpathway.of.glycolysis..pyruvate.dehydrogenase..TCA..and.glyoxylate.bypass","Probiotics","Yes","ProbioticsYes",0.688293499296586,0,2.09702311540389,0.742742236303431,1,0.93381844301784,1,NA,"prevalence",46,41
"GLYCOLYSIS.TCA.GLYOX.BYPASS..superpathway.of.glycolysis..pyruvate.dehydrogenase..TCA..and.glyoxylate.bypass","propionate","propionate","propionate",0.369803163440649,0,0.397896112508952,0.352683759330326,1,0.454880122987,1,NA,"prevalence",46,41
"GLYCOLYSIS.TCA.GLYOX.BYPASS..superpathway.of.glycolysis..pyruvate.dehydrogenase..TCA..and.glyoxylate.bypass","Read_depth","Read_depth","Read_depth",0.22674860340207,0,0.39498641657126,0.565922572640436,1,0.0505119751668007,0.930622114969011,NA,"prevalence",46,41
"GLYCOLYSIS.TCA.GLYOX.BYPASS..superpathway.of.glycolysis..pyruvate.dehydrogenase..TCA..and.glyoxylate.bypass","Sex","Female","SexFemale",-0.3568757264391,0,0.981157703671369,0.716060221229069,1,0.0268512451785967,0.711629792006017,NA,"prevalence",46,41
"GLYCOLYSIS.TCA.GLYOX.BYPASS..superpathway.of.glycolysis..pyruvate.dehydrogenase..TCA..and.glyoxylate.bypass","Termness","preterm","Termnesspreterm",1.03384014018473,0,1.72421035672644,0.548771451368084,1,0.702432331073641,1,NA,"prevalence",46,41
"GLYOXYLATE.BYPASS..glyoxylate.cycle","acetate","acetate","acetate",0.246008376502902,0,0.501864182358569,0.624000058470953,1,0.597049781496092,1,NA,"prevalence",46,43
"GLYOXYLATE.BYPASS..glyoxylate.cycle","Antibiotics","Yes","AntibioticsYes",0.00852581401009888,0,1.48952501992243,0.995433055416258,1,0.456315731705349,1,NA,"prevalence",46,43
"GLYOXYLATE.BYPASS..glyoxylate.cycle","butyrate","butyrate","butyrate",-0.368510272622525,0,0.551971853160666,0.504372921177977,1,0.754353798738349,1,NA,"prevalence",46,43
"GLYOXYLATE.BYPASS..glyoxylate.cycle","Delivery_mode","C-section","Delivery_modeC-section",-0.779392995892658,0,1.24245470890673,0.530461993135358,1,0.77953406010958,1,NA,"prevalence",46,43
"GLYOXYLATE.BYPASS..glyoxylate.cycle","Ethnicity","European","EthnicityEuropean",-0.0826254761290448,0,0.986606008326678,0.933257440499518,1,0.924775977596626,1,NA,"prevalence",46,43
"GLYOXYLATE.BYPASS..glyoxylate.cycle","Feeding_method","Breastfed","Feeding_methodBreastfed",0.278282158161017,0,0.981273047207261,0.776722309276944,1,0.778815739204614,1,NA,"prevalence",46,43
"GLYOXYLATE.BYPASS..glyoxylate.cycle","isobutyrate","isobutyrate","isobutyrate",0.797339640295658,0,0.60065917135769,0.184362828590823,1,0.334736004615637,1,NA,"prevalence",46,43
"GLYOXYLATE.BYPASS..glyoxylate.cycle","Probiotics","Yes","ProbioticsYes",0.506936089844432,0,2.26998984204185,0.823285791155802,1,0.968772088392569,1,NA,"prevalence",46,43
"GLYOXYLATE.BYPASS..glyoxylate.cycle","propionate","propionate","propionate",0.297058246972492,0,0.442223289992756,0.501750420900758,1,0.751747356927428,1,NA,"prevalence",46,43
"GLYOXYLATE.BYPASS..glyoxylate.cycle","Read_depth","Read_depth","Read_depth",0.329863498300486,0,0.437184095647223,0.450537926974476,1,0.698091430306494,1,NA,"prevalence",46,43
"GLYOXYLATE.BYPASS..glyoxylate.cycle","Sex","Female","SexFemale",-0.159436857745943,0,1.01131865203746,0.874730675471685,1,0.98430759633222,1,NA,"prevalence",46,43
"GLYOXYLATE.BYPASS..glyoxylate.cycle","Termness","preterm","Termnesspreterm",0.89398366421733,0,1.88334847159068,0.635016660655806,1,0.847166044599738,1,NA,"prevalence",46,43
"GOLPDLCAT.PWY..superpathway.of.glycerol.degradation.to.1.3.propanediol","acetate","acetate","acetate",-0.230331460794536,0,0.443165093684061,0.603243490026574,1,0.604578858669617,1,NA,"prevalence",46,40
"GOLPDLCAT.PWY..superpathway.of.glycerol.degradation.to.1.3.propanediol","Antibiotics","Yes","AntibioticsYes",-1.20999994617461,0,1.33065637571066,0.363178265904326,1,0.51994513698988,1,NA,"prevalence",46,40
"GOLPDLCAT.PWY..superpathway.of.glycerol.degradation.to.1.3.propanediol","butyrate","butyrate","butyrate",0.359103790004646,0,0.507969811539899,0.479604240363093,1,0.674448987061185,1,NA,"prevalence",46,40
"GOLPDLCAT.PWY..superpathway.of.glycerol.degradation.to.1.3.propanediol","Delivery_mode","C-section","Delivery_modeC-section",-1.20860954536032,0,1.19908003595745,0.313479738316352,1,0.0111926162665415,0.460993579316516,NA,"prevalence",46,40
"GOLPDLCAT.PWY..superpathway.of.glycerol.degradation.to.1.3.propanediol","Ethnicity","European","EthnicityEuropean",0.160387452405088,0,0.903354162550806,0.859079071837457,1,0.297121190043261,1,NA,"prevalence",46,40
"GOLPDLCAT.PWY..superpathway.of.glycerol.degradation.to.1.3.propanediol","Feeding_method","Breastfed","Feeding_methodBreastfed",-1.53301624698477,0,0.977085935783112,0.116655471737285,1,0.219702444388321,1,NA,"prevalence",46,40
"GOLPDLCAT.PWY..superpathway.of.glycerol.degradation.to.1.3.propanediol","isobutyrate","isobutyrate","isobutyrate",0.0605596607365222,0,0.53647380434976,0.910122001483596,1,0.977619887361813,1,NA,"prevalence",46,40
"GOLPDLCAT.PWY..superpathway.of.glycerol.degradation.to.1.3.propanediol","Probiotics","Yes","ProbioticsYes",-0.350226958216825,0,1.9427151261853,0.856935069392635,1,0.546809990373293,1,NA,"prevalence",46,40
"GOLPDLCAT.PWY..superpathway.of.glycerol.degradation.to.1.3.propanediol","propionate","propionate","propionate",0.164291149698215,0,0.417997549250684,0.694287476884537,1,0.207572654058992,1,NA,"prevalence",46,40
"GOLPDLCAT.PWY..superpathway.of.glycerol.degradation.to.1.3.propanediol","Read_depth","Read_depth","Read_depth",0.511117635696588,0,0.469367032937898,0.276175554674973,1,0.173916366377614,1,NA,"prevalence",46,40
"GOLPDLCAT.PWY..superpathway.of.glycerol.degradation.to.1.3.propanediol","Sex","Female","SexFemale",-0.706215604310932,0,1.07881645492613,0.512711980407325,1,0.13244089686406,1,NA,"prevalence",46,40
"GOLPDLCAT.PWY..superpathway.of.glycerol.degradation.to.1.3.propanediol","Termness","preterm","Termnesspreterm",1.13369587962099,0,1.80963553918461,0.531001815343933,1,0.642034696930215,1,NA,"prevalence",46,40
"HCAMHPDEG.PWY..3.phenylpropanoate.and.3..3.hydroxyphenyl.propanoate.degradation.to.2.hydroxypentadienoate","acetate","acetate","acetate",-0.246122045441033,0,0.444649418803162,0.57990785255386,1,0.81835634237908,1,NA,"prevalence",46,34
"HCAMHPDEG.PWY..3.phenylpropanoate.and.3..3.hydroxyphenyl.propanoate.degradation.to.2.hydroxypentadienoate","Antibiotics","Yes","AntibioticsYes",-0.339973207404114,0,1.43379891445448,0.812568669965057,1,0.0889078533880027,1,NA,"prevalence",46,34
"HCAMHPDEG.PWY..3.phenylpropanoate.and.3..3.hydroxyphenyl.propanoate.degradation.to.2.hydroxypentadienoate","butyrate","butyrate","butyrate",0.0220298514097399,0,0.499277556498085,0.964805995623777,1,0.903142707439467,1,NA,"prevalence",46,34
"HCAMHPDEG.PWY..3.phenylpropanoate.and.3..3.hydroxyphenyl.propanoate.degradation.to.2.hydroxypentadienoate","Delivery_mode","C-section","Delivery_modeC-section",-0.384609934661514,0,1.05745533184451,0.716072558197971,1,0.906065864828213,1,NA,"prevalence",46,34
"HCAMHPDEG.PWY..3.phenylpropanoate.and.3..3.hydroxyphenyl.propanoate.degradation.to.2.hydroxypentadienoate","Ethnicity","European","EthnicityEuropean",-0.0946571551380508,0,0.854786817179704,0.911824322624648,1,0.567362145799163,1,NA,"prevalence",46,34
"HCAMHPDEG.PWY..3.phenylpropanoate.and.3..3.hydroxyphenyl.propanoate.degradation.to.2.hydroxypentadienoate","Feeding_method","Breastfed","Feeding_methodBreastfed",-0.208010823216056,0,0.863056514237574,0.809542361636401,1,0.831961316191951,1,NA,"prevalence",46,34
"HCAMHPDEG.PWY..3.phenylpropanoate.and.3..3.hydroxyphenyl.propanoate.degradation.to.2.hydroxypentadienoate","isobutyrate","isobutyrate","isobutyrate",-0.48546392877462,0,0.625443829392621,0.437636165117757,1,0.683746917216537,1,NA,"prevalence",46,34
"HCAMHPDEG.PWY..3.phenylpropanoate.and.3..3.hydroxyphenyl.propanoate.degradation.to.2.hydroxypentadienoate","Probiotics","Yes","ProbioticsYes",-0.967760732179493,0,2.12079277716361,0.648159690088901,1,0.555346217593478,1,NA,"prevalence",46,34
"HCAMHPDEG.PWY..3.phenylpropanoate.and.3..3.hydroxyphenyl.propanoate.degradation.to.2.hydroxypentadienoate","propionate","propionate","propionate",1.62109392584211,0,0.797898580619844,0.0421836068732045,1,0.082587757057576,1,NA,"prevalence",46,34
"HCAMHPDEG.PWY..3.phenylpropanoate.and.3..3.hydroxyphenyl.propanoate.degradation.to.2.hydroxypentadienoate","Read_depth","Read_depth","Read_depth",0.48283059354006,0,0.509621081462891,0.343419417979164,1,0.56890193931318,1,NA,"prevalence",46,34
"HCAMHPDEG.PWY..3.phenylpropanoate.and.3..3.hydroxyphenyl.propanoate.degradation.to.2.hydroxypentadienoate","Sex","Female","SexFemale",0.36126265196854,0,0.903350817653753,0.689219849670017,1,0.699104837616239,1,NA,"prevalence",46,34
"HCAMHPDEG.PWY..3.phenylpropanoate.and.3..3.hydroxyphenyl.propanoate.degradation.to.2.hydroxypentadienoate","Termness","preterm","Termnesspreterm",1.96951062410894,0,1.77417232181847,0.266955468615799,1,0.462645715007717,1,NA,"prevalence",46,34
"HEXITOLDEGSUPER.PWY..superpathway.of.hexitol.degradation..bacteria.","acetate","acetate","acetate",0.288461437322317,0,0.328205135933217,0.379452287933563,1,0.614920537049111,1,NA,"prevalence",46,22
"HEXITOLDEGSUPER.PWY..superpathway.of.hexitol.degradation..bacteria.","Antibiotics","Yes","AntibioticsYes",-1.65506244020301,0,1.02556019925884,0.106567981559115,1,0.201779228424645,1,NA,"prevalence",46,22
"HEXITOLDEGSUPER.PWY..superpathway.of.hexitol.degradation..bacteria.","butyrate","butyrate","butyrate",-0.446989135662708,0,0.419651133360249,0.286810502274385,1,0.491360740333885,1,NA,"prevalence",46,22
"HEXITOLDEGSUPER.PWY..superpathway.of.hexitol.degradation..bacteria.","Delivery_mode","C-section","Delivery_modeC-section",-0.735212902514892,0,0.863747848838591,0.394664221285843,1,0.370555585037173,1,NA,"prevalence",46,22
"HEXITOLDEGSUPER.PWY..superpathway.of.hexitol.degradation..bacteria.","Ethnicity","European","EthnicityEuropean",0.269322588794595,0,0.702971123923722,0.701630483322509,1,0.910975631517641,1,NA,"prevalence",46,22
"HEXITOLDEGSUPER.PWY..superpathway.of.hexitol.degradation..bacteria.","Feeding_method","Breastfed","Feeding_methodBreastfed",-0.0554202698264595,0,0.708189368787548,0.937624189449029,1,0.613911310293827,1,NA,"prevalence",46,22
"HEXITOLDEGSUPER.PWY..superpathway.of.hexitol.degradation..bacteria.","isobutyrate","isobutyrate","isobutyrate",0.579258129256962,0,0.455811057103068,0.203789318159278,1,0.366048550122732,1,NA,"prevalence",46,22
"HEXITOLDEGSUPER.PWY..superpathway.of.hexitol.degradation..bacteria.","Probiotics","Yes","ProbioticsYes",1.84948509803522,0,1.38853802175902,0.182871440963477,1,0.332300918006896,1,NA,"prevalence",46,22
"HEXITOLDEGSUPER.PWY..superpathway.of.hexitol.degradation..bacteria.","propionate","propionate","propionate",-0.320028351809457,0,0.439926453051936,0.466944970131966,1,0.71585233513239,1,NA,"prevalence",46,22
"HEXITOLDEGSUPER.PWY..superpathway.of.hexitol.degradation..bacteria.","Read_depth","Read_depth","Read_depth",-0.00408527994071564,0,0.32951283233394,0.990108129429605,1,0.779263574491621,1,NA,"prevalence",46,22
"HEXITOLDEGSUPER.PWY..superpathway.of.hexitol.degradation..bacteria.","Sex","Female","SexFemale",-0.664170056751698,0,0.724746611199025,0.359448264535457,1,0.589693474193362,1,NA,"prevalence",46,22
"HEXITOLDEGSUPER.PWY..superpathway.of.hexitol.degradation..bacteria.","Termness","preterm","Termnesspreterm",-1.00025998389536,0,1.2247837742937,0.414109657028407,1,0.596467074966116,1,NA,"prevalence",46,22
"HISDEG.PWY..L.histidine.degradation.I","acetate","acetate","acetate",0.0365825535902424,0,0.453726886578798,0.935738740608957,1,0.995870490541477,1,NA,"prevalence",46,43
"HISDEG.PWY..L.histidine.degradation.I","Antibiotics","Yes","AntibioticsYes",0.41907770949428,0,1.4791548642856,0.776929705994561,1,0.950239643932327,1,NA,"prevalence",46,43
"HISDEG.PWY..L.histidine.degradation.I","butyrate","butyrate","butyrate",-0.403367923113333,0,0.520185454220475,0.438085027404495,1,0.684251563572993,1,NA,"prevalence",46,43
"HISDEG.PWY..L.histidine.degradation.I","Delivery_mode","C-section","Delivery_modeC-section",0.255236529074061,0,1.11185824226326,0.818434844747256,1,0.129758295897827,1,NA,"prevalence",46,43
"HISDEG.PWY..L.histidine.degradation.I","Ethnicity","European","EthnicityEuropean",0.0777381125376827,0,0.957422545376805,0.935286718851278,1,0.240651759075931,1,NA,"prevalence",46,43
"HISDEG.PWY..L.histidine.degradation.I","Feeding_method","Breastfed","Feeding_methodBreastfed",-0.0366259698834064,0,0.925127320766665,0.968419845555617,1,0.221198300702116,1,NA,"prevalence",46,43
"HISDEG.PWY..L.histidine.degradation.I","isobutyrate","isobutyrate","isobutyrate",0.0308551689193843,0,0.565238588573021,0.956466805045173,1,0.972682056751275,1,NA,"prevalence",46,43
"HISDEG.PWY..L.histidine.degradation.I","Probiotics","Yes","ProbioticsYes",-0.346901590689419,0,2.01351378062896,0.863212160949019,1,0.921290048128248,1,NA,"prevalence",46,43
"HISDEG.PWY..L.histidine.degradation.I","propionate","propionate","propionate",0.0869794818183693,0,0.384515770138168,0.821041795807106,1,0.331443429702136,1,NA,"prevalence",46,43
"HISDEG.PWY..L.histidine.degradation.I","Read_depth","Read_depth","Read_depth",0.129407903705273,0,0.369586349597309,0.726231725768006,1,0.670401142322109,1,NA,"prevalence",46,43
"HISDEG.PWY..L.histidine.degradation.I","Sex","Female","SexFemale",0.731041120460725,0,0.955075271297951,0.444016871117502,1,0.4693327105371,1,NA,"prevalence",46,43
"HISDEG.PWY..L.histidine.degradation.I","Termness","preterm","Termnesspreterm",0.824301648916047,0,1.70487580864746,0.628743176644606,1,0.789172235830701,1,NA,"prevalence",46,43
"HSERMETANA.PWY..L.methionine.biosynthesis.III","acetate","acetate","acetate",0.138933630042791,0,0.481539814025954,0.772949100177494,1,0.923374922768888,1,NA,"prevalence",46,45
"HSERMETANA.PWY..L.methionine.biosynthesis.III","Antibiotics","Yes","AntibioticsYes",-1.00113487424127,0,1.46791642212486,0.495232112804671,1,0.551430862130059,1,NA,"prevalence",46,45
"HSERMETANA.PWY..L.methionine.biosynthesis.III","butyrate","butyrate","butyrate",-0.0479692598386033,0,0.611994017716743,0.937524263215732,1,0.890106476160033,1,NA,"prevalence",46,45
"HSERMETANA.PWY..L.methionine.biosynthesis.III","Delivery_mode","C-section","Delivery_modeC-section",-0.311723492337287,0,1.23666903204771,0.800989252066674,1,0.960394722207018,1,NA,"prevalence",46,45
"HSERMETANA.PWY..L.methionine.biosynthesis.III","Ethnicity","European","EthnicityEuropean",-0.849215010836824,0,1.05280504274668,0.419884677114795,1,0.505419709520386,1,NA,"prevalence",46,45
"HSERMETANA.PWY..L.methionine.biosynthesis.III","Feeding_method","Breastfed","Feeding_methodBreastfed",0.622893996770808,0,1.05319197147736,0.554229374735997,1,0.405292776801431,1,NA,"prevalence",46,45
"HSERMETANA.PWY..L.methionine.biosynthesis.III","isobutyrate","isobutyrate","isobutyrate",-0.0639457261637364,0,0.615200282390734,0.917214630292676,1,0.394216749298994,1,NA,"prevalence",46,45
"HSERMETANA.PWY..L.methionine.biosynthesis.III","Probiotics","Yes","ProbioticsYes",0.107853982734293,0,2.16517205043661,0.960271308631085,1,0.926636909138802,1,NA,"prevalence",46,45
"HSERMETANA.PWY..L.methionine.biosynthesis.III","propionate","propionate","propionate",0.0286116650609356,0,0.483594308305992,0.952821003281021,1,0.0846656955597495,1,NA,"prevalence",46,45
"HSERMETANA.PWY..L.methionine.biosynthesis.III","Read_depth","Read_depth","Read_depth",0.0152093545286477,0,0.476709375473332,0.974547908435241,1,0.883283101871898,1,NA,"prevalence",46,45
"HSERMETANA.PWY..L.methionine.biosynthesis.III","Sex","Female","SexFemale",-0.464176566834935,0,1.06555147251541,0.663111753097856,1,0.609737034848244,1,NA,"prevalence",46,45
"HSERMETANA.PWY..L.methionine.biosynthesis.III","Termness","preterm","Termnesspreterm",-0.0729096219874389,0,1.89717099820672,0.969344278738895,1,0.758078074073875,1,NA,"prevalence",46,45
"KDO.NAGLIPASYN.PWY..superpathway.of..Kdo.2.lipid.A.biosynthesis","acetate","acetate","acetate",-0.182980707113166,0,0.390865192289079,0.639682507536143,1,0.870171304624558,1,NA,"prevalence",46,28
"KDO.NAGLIPASYN.PWY..superpathway.of..Kdo.2.lipid.A.biosynthesis","Antibiotics","Yes","AntibioticsYes",0.00379217840131912,0,1.14630556905394,0.99736046377075,1,0.195613955540045,1,NA,"prevalence",46,28
"KDO.NAGLIPASYN.PWY..superpathway.of..Kdo.2.lipid.A.biosynthesis","butyrate","butyrate","butyrate",-0.17925949279905,0,0.459485289561472,0.696439620729855,1,0.899909725684828,1,NA,"prevalence",46,28
"KDO.NAGLIPASYN.PWY..superpathway.of..Kdo.2.lipid.A.biosynthesis","Ethnicity","European","EthnicityEuropean",-0.168149471770582,0,0.865915194798211,0.846029463577398,1,0.293375057139259,1,NA,"prevalence",46,28
"KDO.NAGLIPASYN.PWY..superpathway.of..Kdo.2.lipid.A.biosynthesis","Feeding_method","Breastfed","Feeding_methodBreastfed",0.953940959702446,0,0.853855211492106,0.263901853047528,1,0.458159518053137,1,NA,"prevalence",46,28
"KDO.NAGLIPASYN.PWY..superpathway.of..Kdo.2.lipid.A.biosynthesis","isobutyrate","isobutyrate","isobutyrate",0.286749886537144,0,0.477299620169525,0.547989568266078,1,0.795686569603713,1,NA,"prevalence",46,28
"KDO.NAGLIPASYN.PWY..superpathway.of..Kdo.2.lipid.A.biosynthesis","Probiotics","Yes","ProbioticsYes",3.73669365564826,0,1.86497902369885,0.045111679409547,1,0.045111679409547,0.888543684210042,NA,"prevalence",46,28
"KDO.NAGLIPASYN.PWY..superpathway.of..Kdo.2.lipid.A.biosynthesis","propionate","propionate","propionate",0.428934465802127,0,0.369894648369383,0.246206600722024,1,0.431795511204954,1,NA,"prevalence",46,28
"KDO.NAGLIPASYN.PWY..superpathway.of..Kdo.2.lipid.A.biosynthesis","Read_depth","Read_depth","Read_depth",-0.0824034438032607,0,0.346966266459491,0.81227125429887,1,0.96475791803748,1,NA,"prevalence",46,28
"KDO.NAGLIPASYN.PWY..superpathway.of..Kdo.2.lipid.A.biosynthesis","Sex","Female","SexFemale",-1.05209787941536,0,0.884713720476741,0.234362609612921,1,0.413799386441263,1,NA,"prevalence",46,28
"KDO.NAGLIPASYN.PWY..superpathway.of..Kdo.2.lipid.A.biosynthesis","Termness","preterm","Termnesspreterm",-2.67925574021592,0,1.66213554069618,0.106975916371986,1,0.123712792946742,1,NA,"prevalence",46,28
"KETOGLUCONMET.PWY..ketogluconate.metabolism","acetate","acetate","acetate",0.1528916716525,0,0.372074414555985,0.681133456722717,1,0.88216238213028,1,NA,"prevalence",46,40
"KETOGLUCONMET.PWY..ketogluconate.metabolism","Antibiotics","Yes","AntibioticsYes",0.167868699322803,0,1.35185758298898,0.901175671299602,1,0.129898121622202,1,NA,"prevalence",46,40
"KETOGLUCONMET.PWY..ketogluconate.metabolism","butyrate","butyrate","butyrate",-0.375767329706955,0,0.525906743304982,0.474909873708895,1,0.724280359271592,1,NA,"prevalence",46,40
"KETOGLUCONMET.PWY..ketogluconate.metabolism","Delivery_mode","C-section","Delivery_modeC-section",-1.18439419400865,0,1.2530839307146,0.344565226722293,1,0.5704052579784,1,NA,"prevalence",46,40
"KETOGLUCONMET.PWY..ketogluconate.metabolism","Ethnicity","European","EthnicityEuropean",-0.168430981270013,0,0.879767606961926,0.848173519459034,1,0.573494282623664,1,NA,"prevalence",46,40
"KETOGLUCONMET.PWY..ketogluconate.metabolism","Feeding_method","Breastfed","Feeding_methodBreastfed",0.171078420547712,0,0.898121615610378,0.8489293365298,1,0.977177654638673,1,NA,"prevalence",46,40
"KETOGLUCONMET.PWY..ketogluconate.metabolism","isobutyrate","isobutyrate","isobutyrate",0.542179851253407,0,0.523626928434068,0.30046740975479,1,0.510654155184827,1,NA,"prevalence",46,40
"KETOGLUCONMET.PWY..ketogluconate.metabolism","Probiotics","Yes","ProbioticsYes",1.39955250961821,0,1.65765819293795,0.398504584267124,1,0.638203264852335,1,NA,"prevalence",46,40
"KETOGLUCONMET.PWY..ketogluconate.metabolism","propionate","propionate","propionate",0.284660139442961,0,0.386610019948976,0.461549433955902,1,0.710070987926791,1,NA,"prevalence",46,40
"KETOGLUCONMET.PWY..ketogluconate.metabolism","Read_depth","Read_depth","Read_depth",0.215644604425315,0,0.412263296245542,0.600922094619158,1,0.276797079569399,1,NA,"prevalence",46,40
"KETOGLUCONMET.PWY..ketogluconate.metabolism","Sex","Female","SexFemale",-0.915818635460038,0,0.947484732328884,0.333754647439709,1,0.434646196621836,1,NA,"prevalence",46,40
"KETOGLUCONMET.PWY..ketogluconate.metabolism","Termness","preterm","Termnesspreterm",-0.513869179438865,0,1.34620571095797,0.702671523767359,1,0.883613964308939,1,NA,"prevalence",46,40
"LACTOSECAT.PWY..lactose.and.galactose.degradation.I","acetate","acetate","acetate",0.138933630042791,0,0.481539814025954,0.772949100177494,1,0.157454904200334,1,NA,"prevalence",46,45
"LACTOSECAT.PWY..lactose.and.galactose.degradation.I","Antibiotics","Yes","AntibioticsYes",-1.00113487424127,0,1.46791642212486,0.495232112804671,1,0.452006447128528,1,NA,"prevalence",46,45
"LACTOSECAT.PWY..lactose.and.galactose.degradation.I","butyrate","butyrate","butyrate",-0.0479692598386033,0,0.611994017716743,0.937524263215732,1,0.449385112938616,1,NA,"prevalence",46,45
"LACTOSECAT.PWY..lactose.and.galactose.degradation.I","Delivery_mode","C-section","Delivery_modeC-section",-0.311723492337287,0,1.23666903204771,0.800989252066674,1,0.251364523451258,1,NA,"prevalence",46,45
"LACTOSECAT.PWY..lactose.and.galactose.degradation.I","Ethnicity","European","EthnicityEuropean",-0.849215010836824,0,1.05280504274668,0.419884677114795,1,0.366446396532713,1,NA,"prevalence",46,45
"LACTOSECAT.PWY..lactose.and.galactose.degradation.I","Feeding_method","Breastfed","Feeding_methodBreastfed",0.622893996770808,0,1.05319197147736,0.554229374735997,1,0.119821672431831,1,NA,"prevalence",46,45
"LACTOSECAT.PWY..lactose.and.galactose.degradation.I","isobutyrate","isobutyrate","isobutyrate",-0.0639457261637364,0,0.615200282390734,0.917214630292676,1,0.643240633527785,1,NA,"prevalence",46,45
"LACTOSECAT.PWY..lactose.and.galactose.degradation.I","Probiotics","Yes","ProbioticsYes",0.107853982734293,0,2.16517205043661,0.960271308631085,1,0.346062291603775,1,NA,"prevalence",46,45
"LACTOSECAT.PWY..lactose.and.galactose.degradation.I","propionate","propionate","propionate",0.0286116650609356,0,0.483594308305992,0.952821003281021,1,0.377873440176063,1,NA,"prevalence",46,45
"LACTOSECAT.PWY..lactose.and.galactose.degradation.I","Read_depth","Read_depth","Read_depth",0.0152093545286477,0,0.476709375473332,0.974547908435241,1,0.0511523974689447,0.932926192497949,NA,"prevalence",46,45
"LACTOSECAT.PWY..lactose.and.galactose.degradation.I","Sex","Female","SexFemale",-0.464176566834935,0,1.06555147251541,0.663111753097856,1,0.473489269025717,1,NA,"prevalence",46,45
"LACTOSECAT.PWY..lactose.and.galactose.degradation.I","Termness","preterm","Termnesspreterm",-0.0729096219874389,0,1.89717099820672,0.969344278738895,1,0.298751799389702,1,NA,"prevalence",46,45
"LIPA.CORESYN.PWY..lipid.A.core.biosynthesis..E..coli.K.12.","acetate","acetate","acetate",-0.0575124225097617,0,0.432510218599408,0.894214292660093,1,0.894214292660093,1,NA,"prevalence",46,7
"LIPA.CORESYN.PWY..lipid.A.core.biosynthesis..E..coli.K.12.","Antibiotics","Yes","AntibioticsYes",0.941333689716984,0,1.12011236378267,0.400688523026755,1,0.400688523026755,1,NA,"prevalence",46,7
"LIPA.CORESYN.PWY..lipid.A.core.biosynthesis..E..coli.K.12.","butyrate","butyrate","butyrate",-0.369574976793164,0,0.48242676736231,0.443631811820345,1,0.443631811820345,1,NA,"prevalence",46,7
"LIPA.CORESYN.PWY..lipid.A.core.biosynthesis..E..coli.K.12.","Delivery_mode","C-section","Delivery_modeC-section",-0.492932302585163,0,1.08078973399856,0.648328645432945,1,0.648328645432945,1,NA,"prevalence",46,7
"LIPA.CORESYN.PWY..lipid.A.core.biosynthesis..E..coli.K.12.","Ethnicity","European","EthnicityEuropean",-0.436552197036073,0,0.849239191420158,0.607216382665423,1,0.607216382665423,1,NA,"prevalence",46,7
"LIPA.CORESYN.PWY..lipid.A.core.biosynthesis..E..coli.K.12.","Feeding_method","Breastfed","Feeding_methodBreastfed",-0.69507601217537,0,0.808343359819418,0.389856746584179,1,0.389856746584179,1,NA,"prevalence",46,7
"LIPA.CORESYN.PWY..lipid.A.core.biosynthesis..E..coli.K.12.","isobutyrate","isobutyrate","isobutyrate",0.0154351968411031,0,0.577430668251453,0.978674428914878,1,0.978674428914878,1,NA,"prevalence",46,7
"LIPA.CORESYN.PWY..lipid.A.core.biosynthesis..E..coli.K.12.","Probiotics","Yes","ProbioticsYes",0.677754963260365,0,1.87663520956243,0.717984068088737,1,0.717984068088737,1,NA,"prevalence",46,7
"LIPA.CORESYN.PWY..lipid.A.core.biosynthesis..E..coli.K.12.","propionate","propionate","propionate",0.118607558036455,0,0.552626600775793,0.830059596748496,1,0.830059596748496,1,NA,"prevalence",46,7
"LIPA.CORESYN.PWY..lipid.A.core.biosynthesis..E..coli.K.12.","Read_depth","Read_depth","Read_depth",0.0572604990422292,0,0.575388393946736,0.920728381089937,1,0.920728381089937,1,NA,"prevalence",46,7
"LIPA.CORESYN.PWY..lipid.A.core.biosynthesis..E..coli.K.12.","Sex","Female","SexFemale",-0.0351523026874986,0,0.883652199182424,0.968267963537115,1,0.968267963537115,1,NA,"prevalence",46,7
"LIPA.CORESYN.PWY..lipid.A.core.biosynthesis..E..coli.K.12.","Termness","preterm","Termnesspreterm",-0.284112542260456,0,1.77599567707394,0.872901817189595,1,0.872901817189595,1,NA,"prevalence",46,7
"LIPASYN.PWY..phospholipases","acetate","acetate","acetate",0.520781357528252,0,0.37064075215665,0.159996327841396,1,0.29439383076006,1,NA,"prevalence",46,36
"LIPASYN.PWY..phospholipases","Antibiotics","Yes","AntibioticsYes",-0.720598338431725,0,1.06682961133077,0.499384979898081,1,0.749384601648355,1,NA,"prevalence",46,36
"LIPASYN.PWY..phospholipases","butyrate","butyrate","butyrate",0.0699440903632098,0,0.434125722284995,0.872002963055067,1,0.896688754058436,1,NA,"prevalence",46,36
"LIPASYN.PWY..phospholipases","Delivery_mode","C-section","Delivery_modeC-section",-0.310747795457771,0,0.896986710988704,0.729015654408699,1,0.926567484444454,1,NA,"prevalence",46,36
"LIPASYN.PWY..phospholipases","Ethnicity","European","EthnicityEuropean",0.0538981046707347,0,0.754808627645252,0.943074381647084,1,0.947277469816453,1,NA,"prevalence",46,36
"LIPASYN.PWY..phospholipases","Feeding_method","Breastfed","Feeding_methodBreastfed",0.132160949557853,0,0.762380817590175,0.862374020204789,1,0.909966645007883,1,NA,"prevalence",46,36
"LIPASYN.PWY..phospholipases","isobutyrate","isobutyrate","isobutyrate",0.0129929420439584,0,0.473118020628426,0.978090953064634,1,0.961905730926816,1,NA,"prevalence",46,36
"LIPASYN.PWY..phospholipases","Probiotics","Yes","ProbioticsYes",-0.218220661859338,0,1.56370447803351,0.889012666899886,1,0.987681811891324,1,NA,"prevalence",46,36
"LIPASYN.PWY..phospholipases","propionate","propionate","propionate",0.361104538669544,0,0.334295051822572,0.280054428637464,1,0.481678374275472,1,NA,"prevalence",46,36
"LIPASYN.PWY..phospholipases","Read_depth","Read_depth","Read_depth",0.006587940146872,0,0.363579579518303,0.985543390201491,1,0.888547089807911,1,NA,"prevalence",46,36
"LIPASYN.PWY..phospholipases","Sex","Female","SexFemale",0.135223799209083,0,0.780655476227248,0.862479855121905,1,0.942598789058149,1,NA,"prevalence",46,36
"LIPASYN.PWY..phospholipases","Termness","preterm","Termnesspreterm",0.345510777798043,0,1.39206171001239,0.803979076458765,1,0.870624719775556,1,NA,"prevalence",46,36
"LPSSYN.PWY..superpathway.of.lipopolysaccharide.biosynthesis","acetate","acetate","acetate",-0.0575124225097617,0,0.432510218599408,0.894214292660093,1,0.894214292660093,1,NA,"prevalence",46,7
"LPSSYN.PWY..superpathway.of.lipopolysaccharide.biosynthesis","Antibiotics","Yes","AntibioticsYes",0.941333689716984,0,1.12011236378267,0.400688523026755,1,0.400688523026755,1,NA,"prevalence",46,7
"LPSSYN.PWY..superpathway.of.lipopolysaccharide.biosynthesis","butyrate","butyrate","butyrate",-0.369574976793164,0,0.48242676736231,0.443631811820345,1,0.443631811820345,1,NA,"prevalence",46,7
"LPSSYN.PWY..superpathway.of.lipopolysaccharide.biosynthesis","Delivery_mode","C-section","Delivery_modeC-section",-0.492932302585163,0,1.08078973399856,0.648328645432945,1,0.648328645432945,1,NA,"prevalence",46,7
"LPSSYN.PWY..superpathway.of.lipopolysaccharide.biosynthesis","Ethnicity","European","EthnicityEuropean",-0.436552197036073,0,0.849239191420158,0.607216382665423,1,0.607216382665423,1,NA,"prevalence",46,7
"LPSSYN.PWY..superpathway.of.lipopolysaccharide.biosynthesis","Feeding_method","Breastfed","Feeding_methodBreastfed",-0.69507601217537,0,0.808343359819418,0.389856746584179,1,0.389856746584179,1,NA,"prevalence",46,7
"LPSSYN.PWY..superpathway.of.lipopolysaccharide.biosynthesis","isobutyrate","isobutyrate","isobutyrate",0.0154351968411031,0,0.577430668251453,0.978674428914878,1,0.978674428914878,1,NA,"prevalence",46,7
"LPSSYN.PWY..superpathway.of.lipopolysaccharide.biosynthesis","Probiotics","Yes","ProbioticsYes",0.677754963260365,0,1.87663520956243,0.717984068088737,1,0.717984068088737,1,NA,"prevalence",46,7
"LPSSYN.PWY..superpathway.of.lipopolysaccharide.biosynthesis","propionate","propionate","propionate",0.118607558036455,0,0.552626600775793,0.830059596748496,1,0.830059596748496,1,NA,"prevalence",46,7
"LPSSYN.PWY..superpathway.of.lipopolysaccharide.biosynthesis","Read_depth","Read_depth","Read_depth",0.0572604990422292,0,0.575388393946736,0.920728381089937,1,0.920728381089937,1,NA,"prevalence",46,7
"LPSSYN.PWY..superpathway.of.lipopolysaccharide.biosynthesis","Sex","Female","SexFemale",-0.0351523026874986,0,0.883652199182424,0.968267963537115,1,0.968267963537115,1,NA,"prevalence",46,7
"LPSSYN.PWY..superpathway.of.lipopolysaccharide.biosynthesis","Termness","preterm","Termnesspreterm",-0.284112542260456,0,1.77599567707394,0.872901817189595,1,0.872901817189595,1,NA,"prevalence",46,7
"METHGLYUT.PWY..superpathway.of.methylglyoxal.degradation","acetate","acetate","acetate",0.145434653952213,0,0.484920209038157,0.76424229210518,1,0.944418303168181,1,NA,"prevalence",46,45
"METHGLYUT.PWY..superpathway.of.methylglyoxal.degradation","Antibiotics","Yes","AntibioticsYes",-0.413851423951417,0,1.51350535926797,0.7845157607012,1,0.901621599021415,1,NA,"prevalence",46,45
"METHGLYUT.PWY..superpathway.of.methylglyoxal.degradation","butyrate","butyrate","butyrate",0.0445955819939927,0,0.587176401156654,0.939459508413196,1,0.993088384678265,1,NA,"prevalence",46,45
"METHGLYUT.PWY..superpathway.of.methylglyoxal.degradation","Delivery_mode","C-section","Delivery_modeC-section",-0.781747592982319,0,1.20134783582452,0.515223741244063,1,0.764991978946597,1,NA,"prevalence",46,45
"METHGLYUT.PWY..superpathway.of.methylglyoxal.degradation","Ethnicity","European","EthnicityEuropean",-0.280493056454241,0,0.998195060778484,0.778710212057398,1,0.951030829752318,1,NA,"prevalence",46,45
"METHGLYUT.PWY..superpathway.of.methylglyoxal.degradation","Feeding_method","Breastfed","Feeding_methodBreastfed",-0.248160320907305,0,1.02095146641971,0.807952955522345,1,0.889573899724669,1,NA,"prevalence",46,45
"METHGLYUT.PWY..superpathway.of.methylglyoxal.degradation","isobutyrate","isobutyrate","isobutyrate",0.469331877968858,0,0.616310978018195,0.446347756405678,1,0.65441847102795,1,NA,"prevalence",46,45
"METHGLYUT.PWY..superpathway.of.methylglyoxal.degradation","Probiotics","Yes","ProbioticsYes",0.305294062178806,0,2.18039169302631,0.888645776477586,1,0.437669394349131,1,NA,"prevalence",46,45
"METHGLYUT.PWY..superpathway.of.methylglyoxal.degradation","propionate","propionate","propionate",0.110286458120709,0,0.461606777998542,0.811168680665844,1,0.586593754088274,1,NA,"prevalence",46,45
"METHGLYUT.PWY..superpathway.of.methylglyoxal.degradation","Read_depth","Read_depth","Read_depth",-0.250255346919662,0,0.473015619736055,0.596761330716913,1,0.837398575594805,1,NA,"prevalence",46,45
"METHGLYUT.PWY..superpathway.of.methylglyoxal.degradation","Sex","Female","SexFemale",-0.715223850707022,0,1.0633467433764,0.501191729152848,1,0.728387677964038,1,NA,"prevalence",46,45
"METHGLYUT.PWY..superpathway.of.methylglyoxal.degradation","Termness","preterm","Termnesspreterm",0.413568822592623,0,1.8271358672782,0.820930652019156,1,0.330022229135425,1,NA,"prevalence",46,45
"NAD.BIOSYNTHESIS.II..NAD.salvage.pathway.III..to.nicotinamide.riboside.","acetate","acetate","acetate",0.0252760123794933,0,0.473935088615383,0.957467205567479,1,0.455303895356578,1,NA,"prevalence",46,45
"NAD.BIOSYNTHESIS.II..NAD.salvage.pathway.III..to.nicotinamide.riboside.","Antibiotics","Yes","AntibioticsYes",-0.0105646414898819,0,1.50853280726806,0.994412255808277,1,0.489412501004847,1,NA,"prevalence",46,45
"NAD.BIOSYNTHESIS.II..NAD.salvage.pathway.III..to.nicotinamide.riboside.","butyrate","butyrate","butyrate",-0.135318535392723,0,0.595960800692498,0.820377509839824,1,0.967735761028657,1,NA,"prevalence",46,45
"NAD.BIOSYNTHESIS.II..NAD.salvage.pathway.III..to.nicotinamide.riboside.","Delivery_mode","C-section","Delivery_modeC-section",0.231043885100736,0,1.29876386617399,0.858805264012649,1,0.806952870471829,1,NA,"prevalence",46,45
"NAD.BIOSYNTHESIS.II..NAD.salvage.pathway.III..to.nicotinamide.riboside.","Ethnicity","European","EthnicityEuropean",-0.126408391675987,0,1.03090008318295,0.902408459120707,1,0.493724725913895,1,NA,"prevalence",46,45
"NAD.BIOSYNTHESIS.II..NAD.salvage.pathway.III..to.nicotinamide.riboside.","Feeding_method","Breastfed","Feeding_methodBreastfed",0.115202778845318,0,1.0252653606472,0.910534905182971,1,0.741669930931432,1,NA,"prevalence",46,45
"NAD.BIOSYNTHESIS.II..NAD.salvage.pathway.III..to.nicotinamide.riboside.","isobutyrate","isobutyrate","isobutyrate",0.175677701389336,0,0.637222013201416,0.782783808770408,1,0.83171558099431,1,NA,"prevalence",46,45
"NAD.BIOSYNTHESIS.II..NAD.salvage.pathway.III..to.nicotinamide.riboside.","Probiotics","Yes","ProbioticsYes",0.421633048482572,0,2.06293803442418,0.838052856227424,1,0.841539636017593,1,NA,"prevalence",46,45
"NAD.BIOSYNTHESIS.II..NAD.salvage.pathway.III..to.nicotinamide.riboside.","propionate","propionate","propionate",0.0157985006292418,0,0.514419004388763,0.975499741707368,1,0.525184539546375,1,NA,"prevalence",46,45
"NAD.BIOSYNTHESIS.II..NAD.salvage.pathway.III..to.nicotinamide.riboside.","Read_depth","Read_depth","Read_depth",0.585052413108364,0,0.436980529109805,0.180618740927373,1,0.328614352280556,1,NA,"prevalence",46,45
"NAD.BIOSYNTHESIS.II..NAD.salvage.pathway.III..to.nicotinamide.riboside.","Sex","Female","SexFemale",0.0260036524361964,0,1.07558770728409,0.98071204079195,1,0.973281280542283,1,NA,"prevalence",46,45
"NAD.BIOSYNTHESIS.II..NAD.salvage.pathway.III..to.nicotinamide.riboside.","Termness","preterm","Termnesspreterm",-0.0107234354138454,0,1.81287363271471,0.995280413644667,1,0.403136966739277,1,NA,"prevalence",46,45
"OANTIGEN.PWY..O.antigen.building.blocks.biosynthesis..E..coli.","acetate","acetate","acetate",0.138933630042791,0,0.481539814025954,0.772949100177494,1,0.900720199605942,1,NA,"prevalence",46,45
"OANTIGEN.PWY..O.antigen.building.blocks.biosynthesis..E..coli.","Antibiotics","Yes","AntibioticsYes",-1.00113487424127,0,1.46791642212486,0.495232112804671,1,0.520334433421595,1,NA,"prevalence",46,45
"OANTIGEN.PWY..O.antigen.building.blocks.biosynthesis..E..coli.","butyrate","butyrate","butyrate",-0.0479692598386033,0,0.611994017716743,0.937524263215732,1,0.959169518824622,1,NA,"prevalence",46,45
"OANTIGEN.PWY..O.antigen.building.blocks.biosynthesis..E..coli.","Delivery_mode","C-section","Delivery_modeC-section",-0.311723492337287,0,1.23666903204771,0.800989252066674,1,0.766276361300235,1,NA,"prevalence",46,45
"OANTIGEN.PWY..O.antigen.building.blocks.biosynthesis..E..coli.","Ethnicity","European","EthnicityEuropean",-0.849215010836824,0,1.05280504274668,0.419884677114795,1,0.663466212153794,1,NA,"prevalence",46,45
"OANTIGEN.PWY..O.antigen.building.blocks.biosynthesis..E..coli.","Feeding_method","Breastfed","Feeding_methodBreastfed",0.622893996770808,0,1.05319197147736,0.554229374735997,1,0.725675801653909,1,NA,"prevalence",46,45
"OANTIGEN.PWY..O.antigen.building.blocks.biosynthesis..E..coli.","isobutyrate","isobutyrate","isobutyrate",-0.0639457261637364,0,0.615200282390734,0.917214630292676,1,0.240703324061679,1,NA,"prevalence",46,45
"OANTIGEN.PWY..O.antigen.building.blocks.biosynthesis..E..coli.","Probiotics","Yes","ProbioticsYes",0.107853982734293,0,2.16517205043661,0.960271308631085,1,0.346824501718122,1,NA,"prevalence",46,45
"OANTIGEN.PWY..O.antigen.building.blocks.biosynthesis..E..coli.","propionate","propionate","propionate",0.0286116650609356,0,0.483594308305992,0.952821003281021,1,0.1083372238773,1,NA,"prevalence",46,45
"OANTIGEN.PWY..O.antigen.building.blocks.biosynthesis..E..coli.","Read_depth","Read_depth","Read_depth",0.0152093545286477,0,0.476709375473332,0.974547908435241,1,0.226328350991064,1,NA,"prevalence",46,45
"OANTIGEN.PWY..O.antigen.building.blocks.biosynthesis..E..coli.","Sex","Female","SexFemale",-0.464176566834935,0,1.06555147251541,0.663111753097856,1,0.245723349310159,1,NA,"prevalence",46,45
"OANTIGEN.PWY..O.antigen.building.blocks.biosynthesis..E..coli.","Termness","preterm","Termnesspreterm",-0.0729096219874389,0,1.89717099820672,0.969344278738895,1,0.315152518121485,1,NA,"prevalence",46,45
"ORNARGDEG.PWY..superpathway.of.L.arginine.and.L.ornithine.degradation","acetate","acetate","acetate",0.389676507657155,0,0.350029859967804,0.265594001141878,1,0.460647828841205,1,NA,"prevalence",46,27
"ORNARGDEG.PWY..superpathway.of.L.arginine.and.L.ornithine.degradation","Antibiotics","Yes","AntibioticsYes",-0.417960540892482,0,1.06429071964137,0.694531648711462,1,0.753998580652475,1,NA,"prevalence",46,27
"ORNARGDEG.PWY..superpathway.of.L.arginine.and.L.ornithine.degradation","butyrate","butyrate","butyrate",0.0602404390662828,0,0.415376558619528,0.884690271015821,1,0.986703666401595,1,NA,"prevalence",46,27
"ORNARGDEG.PWY..superpathway.of.L.arginine.and.L.ornithine.degradation","Delivery_mode","C-section","Delivery_modeC-section",-0.115453172611986,0,0.977838437864806,0.906012365262165,1,0.857631732138956,1,NA,"prevalence",46,27
"ORNARGDEG.PWY..superpathway.of.L.arginine.and.L.ornithine.degradation","Ethnicity","European","EthnicityEuropean",0.53837939429006,0,0.756643162604304,0.476751704421839,1,0.726211221174549,1,NA,"prevalence",46,27
"ORNARGDEG.PWY..superpathway.of.L.arginine.and.L.ornithine.degradation","Feeding_method","Breastfed","Feeding_methodBreastfed",-0.730412490731858,0,0.741797156997071,0.324794748730234,1,0.544097868657732,1,NA,"prevalence",46,27
"ORNARGDEG.PWY..superpathway.of.L.arginine.and.L.ornithine.degradation","isobutyrate","isobutyrate","isobutyrate",-0.474505238214257,0,0.515812761999531,0.357615820695122,1,0.587342566178798,1,NA,"prevalence",46,27
"ORNARGDEG.PWY..superpathway.of.L.arginine.and.L.ornithine.degradation","Probiotics","Yes","ProbioticsYes",-0.735939326442309,0,1.50994321785926,0.625978177264501,1,0.278875327002767,1,NA,"prevalence",46,27
"ORNARGDEG.PWY..superpathway.of.L.arginine.and.L.ornithine.degradation","propionate","propionate","propionate",0.784705681178821,0,0.568105432715639,0.167196667412813,1,0.306438609231676,1,NA,"prevalence",46,27
"ORNARGDEG.PWY..superpathway.of.L.arginine.and.L.ornithine.degradation","Read_depth","Read_depth","Read_depth",0.636095423692,0,0.521661433612214,0.222705884537121,1,0.39581385806678,1,NA,"prevalence",46,27
"ORNARGDEG.PWY..superpathway.of.L.arginine.and.L.ornithine.degradation","Sex","Female","SexFemale",-0.0438823389431326,0,0.748824396133833,0.953269403061016,1,0.707700719492939,1,NA,"prevalence",46,27
"ORNARGDEG.PWY..superpathway.of.L.arginine.and.L.ornithine.degradation","Termness","preterm","Termnesspreterm",1.50317384878751,0,1.33236794545373,0.259236626104659,1,0.451269623895191,1,NA,"prevalence",46,27
"ORNDEG.PWY..superpathway.of.ornithine.degradation","acetate","acetate","acetate",0.246008376502902,0,0.501864182358569,0.624000058470953,1,0.858624043970153,1,NA,"prevalence",46,43
"ORNDEG.PWY..superpathway.of.ornithine.degradation","Antibiotics","Yes","AntibioticsYes",0.00852581401009888,0,1.48952501992243,0.995433055416258,1,0.598659739496858,1,NA,"prevalence",46,43
"ORNDEG.PWY..superpathway.of.ornithine.degradation","butyrate","butyrate","butyrate",-0.368510272622525,0,0.551971853160666,0.504372921177977,1,0.497186269846722,1,NA,"prevalence",46,43
"ORNDEG.PWY..superpathway.of.ornithine.degradation","Delivery_mode","C-section","Delivery_modeC-section",-0.779392995892658,0,1.24245470890673,0.530461993135358,1,0.581588761094737,1,NA,"prevalence",46,43
"ORNDEG.PWY..superpathway.of.ornithine.degradation","Ethnicity","European","EthnicityEuropean",-0.0826254761290448,0,0.986606008326678,0.933257440499518,1,0.875208963058204,1,NA,"prevalence",46,43
"ORNDEG.PWY..superpathway.of.ornithine.degradation","Feeding_method","Breastfed","Feeding_methodBreastfed",0.278282158161017,0,0.981273047207261,0.776722309276944,1,0.587108727364699,1,NA,"prevalence",46,43
"ORNDEG.PWY..superpathway.of.ornithine.degradation","isobutyrate","isobutyrate","isobutyrate",0.797339640295658,0,0.60065917135769,0.184362828590823,1,0.334736004615637,1,NA,"prevalence",46,43
"ORNDEG.PWY..superpathway.of.ornithine.degradation","Probiotics","Yes","ProbioticsYes",0.506936089844432,0,2.26998984204185,0.823285791155802,1,0.800823721614235,1,NA,"prevalence",46,43
"ORNDEG.PWY..superpathway.of.ornithine.degradation","propionate","propionate","propionate",0.297058246972492,0,0.442223289992756,0.501750420900758,1,0.751747356927428,1,NA,"prevalence",46,43
"ORNDEG.PWY..superpathway.of.ornithine.degradation","Read_depth","Read_depth","Read_depth",0.329863498300486,0,0.437184095647223,0.450537926974476,1,0.168393314935334,1,NA,"prevalence",46,43
"ORNDEG.PWY..superpathway.of.ornithine.degradation","Sex","Female","SexFemale",-0.159436857745943,0,1.01131865203746,0.874730675471685,1,0.948147464365683,1,NA,"prevalence",46,43
"ORNDEG.PWY..superpathway.of.ornithine.degradation","Termness","preterm","Termnesspreterm",0.89398366421733,0,1.88334847159068,0.635016660655806,1,0.852922312702562,1,NA,"prevalence",46,43
"P105.PWY..TCA.cycle.IV..2.oxoglutarate.decarboxylase.","acetate","acetate","acetate",0.442841299915002,0,0.446256111105437,0.321027860769459,1,0.538996834148703,1,NA,"prevalence",46,42
"P105.PWY..TCA.cycle.IV..2.oxoglutarate.decarboxylase.","Antibiotics","Yes","AntibioticsYes",-0.169233131066875,0,1.47644347389378,0.908744619181861,1,0.797605559755393,1,NA,"prevalence",46,42
"P105.PWY..TCA.cycle.IV..2.oxoglutarate.decarboxylase.","butyrate","butyrate","butyrate",-0.521521991992867,0,0.574160963313373,0.363709081461339,1,0.595133866985227,1,NA,"prevalence",46,42
"P105.PWY..TCA.cycle.IV..2.oxoglutarate.decarboxylase.","Delivery_mode","C-section","Delivery_modeC-section",-0.603496604370242,0,1.22438508456077,0.622084865429439,1,0.857180151062515,1,NA,"prevalence",46,42
"P105.PWY..TCA.cycle.IV..2.oxoglutarate.decarboxylase.","Ethnicity","European","EthnicityEuropean",0.114473067356048,0,0.938372763815562,0.902906116010769,1,0.862548162143178,1,NA,"prevalence",46,42
"P105.PWY..TCA.cycle.IV..2.oxoglutarate.decarboxylase.","Feeding_method","Breastfed","Feeding_methodBreastfed",0.618415936151645,0,0.967066621631268,0.522513294033764,1,0.772006445625513,1,NA,"prevalence",46,42
"P105.PWY..TCA.cycle.IV..2.oxoglutarate.decarboxylase.","isobutyrate","isobutyrate","isobutyrate",0.778798354142547,0,0.588522912334286,0.185732251591378,1,0.336968033901552,1,NA,"prevalence",46,42
"P105.PWY..TCA.cycle.IV..2.oxoglutarate.decarboxylase.","Probiotics","Yes","ProbioticsYes",1.92452918603625,0,1.96113304375285,0.326427394812448,1,0.546299945540854,1,NA,"prevalence",46,42
"P105.PWY..TCA.cycle.IV..2.oxoglutarate.decarboxylase.","propionate","propionate","propionate",0.193425996458207,0,0.470269343037929,0.680845997179945,1,0.870536539971768,1,NA,"prevalence",46,42
"P105.PWY..TCA.cycle.IV..2.oxoglutarate.decarboxylase.","Read_depth","Read_depth","Read_depth",0.324823483293794,0,0.425037173552155,0.44473394277975,1,0.691679605699078,1,NA,"prevalence",46,42
"P105.PWY..TCA.cycle.IV..2.oxoglutarate.decarboxylase.","Sex","Female","SexFemale",-0.58999857277329,0,0.96605621847078,0.541378987154031,1,0.789666766576138,1,NA,"prevalence",46,42
"P105.PWY..TCA.cycle.IV..2.oxoglutarate.decarboxylase.","Termness","preterm","Termnesspreterm",-0.442967066194165,0,1.57358224306076,0.77832514204527,1,0.625188859266923,1,NA,"prevalence",46,42
"P108.PWY..pyruvate.fermentation.to.propanoate.I","acetate","acetate","acetate",-0.103713439774244,0,0.453485248565252,0.81909975783,1,0.433298139025873,1,NA,"prevalence",46,42
"P108.PWY..pyruvate.fermentation.to.propanoate.I","Antibiotics","Yes","AntibioticsYes",-0.593790390331396,0,1.422821544054,0.676434850538956,1,0.876270053930307,1,NA,"prevalence",46,42
"P108.PWY..pyruvate.fermentation.to.propanoate.I","butyrate","butyrate","butyrate",-0.236202804434776,0,0.516196041342604,0.647251681673679,1,0.586181402127359,1,NA,"prevalence",46,42
"P108.PWY..pyruvate.fermentation.to.propanoate.I","Delivery_mode","C-section","Delivery_modeC-section",-0.85325448006457,0,1.26082533799168,0.498569150499062,1,0.748567103168767,1,NA,"prevalence",46,42
"P108.PWY..pyruvate.fermentation.to.propanoate.I","Ethnicity","European","EthnicityEuropean",0.0409376231040551,0,0.990001777506811,0.967016027696254,1,0.929308791417906,1,NA,"prevalence",46,42
"P108.PWY..pyruvate.fermentation.to.propanoate.I","Feeding_method","Breastfed","Feeding_methodBreastfed",0.176672289251077,0,0.969966248365944,0.855470724963563,1,0.319558237036611,1,NA,"prevalence",46,42
"P108.PWY..pyruvate.fermentation.to.propanoate.I","isobutyrate","isobutyrate","isobutyrate",-0.377657852431741,0,0.554577455551844,0.495882209657647,1,0.745865253460343,1,NA,"prevalence",46,42
"P108.PWY..pyruvate.fermentation.to.propanoate.I","Probiotics","Yes","ProbioticsYes",-0.385374973691788,0,2.00173562349209,0.847334577862625,1,0.246335678054123,1,NA,"prevalence",46,42
"P108.PWY..pyruvate.fermentation.to.propanoate.I","propionate","propionate","propionate",0.162091987892522,0,0.396394029803616,0.682601072003072,1,0.761731523597682,1,NA,"prevalence",46,42
"P108.PWY..pyruvate.fermentation.to.propanoate.I","Read_depth","Read_depth","Read_depth",0.0258911951099629,0,0.39092537795052,0.947194290422854,1,0.995523968510381,1,NA,"prevalence",46,42
"P108.PWY..pyruvate.fermentation.to.propanoate.I","Sex","Female","SexFemale",0.351965179120408,0,0.972376314118005,0.717378964292066,1,0.920125350175375,1,NA,"prevalence",46,42
"P108.PWY..pyruvate.fermentation.to.propanoate.I","Termness","preterm","Termnesspreterm",0.90597232294251,0,1.6748435582303,0.58855616254291,1,0.199512802699879,1,NA,"prevalence",46,42
"P124.PWY..Bifidobacterium.shunt","acetate","acetate","acetate",0.369386785397911,0,0.335230390276188,0.270509794030899,1,0.467844039395158,1,NA,"prevalence",46,18
"P124.PWY..Bifidobacterium.shunt","Antibiotics","Yes","AntibioticsYes",-0.239185344301291,0,1.00191333489789,0.811316056416806,1,0.957343926297802,1,NA,"prevalence",46,18
"P124.PWY..Bifidobacterium.shunt","butyrate","butyrate","butyrate",-0.301152037378912,0,0.410340924265053,0.463005478925876,1,0.711636884336372,1,NA,"prevalence",46,18
"P124.PWY..Bifidobacterium.shunt","Delivery_mode","C-section","Delivery_modeC-section",-1.22200758834361,0,0.900394453072336,0.174720409660146,1,0.318913597768482,1,NA,"prevalence",46,18
"P124.PWY..Bifidobacterium.shunt","Ethnicity","European","EthnicityEuropean",-0.589827806448682,0,0.719627428843548,0.412427401308872,1,0.654758441267354,1,NA,"prevalence",46,18
"P124.PWY..Bifidobacterium.shunt","Feeding_method","Breastfed","Feeding_methodBreastfed",-0.819003966079939,0,0.693265484075214,0.237455242713207,1,0.418525493134426,1,NA,"prevalence",46,18
"P124.PWY..Bifidobacterium.shunt","isobutyrate","isobutyrate","isobutyrate",0.57202172828725,0,0.49377720537639,0.246675881270326,1,0.432502772140161,1,NA,"prevalence",46,18
"P124.PWY..Bifidobacterium.shunt","Probiotics","Yes","ProbioticsYes",0.816593759716356,0,1.38813863897377,0.556354248986163,1,0.803178447607369,1,NA,"prevalence",46,18
"P124.PWY..Bifidobacterium.shunt","propionate","propionate","propionate",-0.36427741618366,0,0.377238461087113,0.334223199838934,1,0.556741252367292,1,NA,"prevalence",46,18
"P124.PWY..Bifidobacterium.shunt","Read_depth","Read_depth","Read_depth",0.0866438127515368,0,0.44579562322872,0.845895807502822,1,0.569641097442115,1,NA,"prevalence",46,18
"P124.PWY..Bifidobacterium.shunt","Sex","Female","SexFemale",-0.717694776278814,0,0.751479652211093,0.3395563593917,1,0.563814197580055,1,NA,"prevalence",46,18
"P124.PWY..Bifidobacterium.shunt","Termness","preterm","Termnesspreterm",0.260430169360896,0,1.22375949427494,0.831473945222743,1,0.910580997617466,1,NA,"prevalence",46,18
"P125.PWY..superpathway.of..R.R..butanediol.biosynthesis","acetate","acetate","acetate",0.164036854348824,0,0.340099912492411,0.629578924639891,1,0.64905383879098,1,NA,"prevalence",46,37
"P125.PWY..superpathway.of..R.R..butanediol.biosynthesis","Antibiotics","Yes","AntibioticsYes",1.004015303913,0,1.10771335476747,0.364731853930015,1,0.596434382588804,1,NA,"prevalence",46,37
"P125.PWY..superpathway.of..R.R..butanediol.biosynthesis","butyrate","butyrate","butyrate",0.563215788669636,0,0.543515127277,0.300087037868173,1,0.510121845439851,1,NA,"prevalence",46,37
"P125.PWY..superpathway.of..R.R..butanediol.biosynthesis","Delivery_mode","C-section","Delivery_modeC-section",0.20128495519999,0,1.09050856240389,0.853559276273197,1,0.37618749001445,1,NA,"prevalence",46,37
"P125.PWY..superpathway.of..R.R..butanediol.biosynthesis","Ethnicity","European","EthnicityEuropean",-0.889762909863226,0,0.864929467459698,0.303615253457752,1,0.35643826245499,1,NA,"prevalence",46,37
"P125.PWY..superpathway.of..R.R..butanediol.biosynthesis","Feeding_method","Breastfed","Feeding_methodBreastfed",0.44564230336066,0,0.837562497846758,0.594677162903408,1,0.83571339772797,1,NA,"prevalence",46,37
"P125.PWY..superpathway.of..R.R..butanediol.biosynthesis","isobutyrate","isobutyrate","isobutyrate",-0.899557728135978,0,0.607214037270624,0.138486483291707,1,0.25779446052891,1,NA,"prevalence",46,37
"P125.PWY..superpathway.of..R.R..butanediol.biosynthesis","Probiotics","Yes","ProbioticsYes",-1.56412544433521,0,1.47620767320921,0.289346409594102,1,0.494971474443206,1,NA,"prevalence",46,37
"P125.PWY..superpathway.of..R.R..butanediol.biosynthesis","propionate","propionate","propionate",0.225436002257094,0,0.367573395296436,0.539672168090175,1,0.0190721224239892,0.580988750087239,NA,"prevalence",46,37
"P125.PWY..superpathway.of..R.R..butanediol.biosynthesis","Read_depth","Read_depth","Read_depth",0.454627217587748,0,0.424208044724877,0.283851140355036,1,0.124114546918017,1,NA,"prevalence",46,37
"P125.PWY..superpathway.of..R.R..butanediol.biosynthesis","Sex","Female","SexFemale",0.300055948627823,0,0.90367432912068,0.739859118335854,1,0.0637123239376265,0.936968182299338,NA,"prevalence",46,37
"P125.PWY..superpathway.of..R.R..butanediol.biosynthesis","Termness","preterm","Termnesspreterm",-1.0761129746733,0,1.36251635266014,0.429645625357216,1,0.0795780817779358,1,NA,"prevalence",46,37
"P164.PWY..purine.nucleobases.degradation.I..anaerobic.","acetate","acetate","acetate",0.147347143230265,0,0.332381593774339,0.657543571367349,1,0.545867126308379,1,NA,"prevalence",46,28
"P164.PWY..purine.nucleobases.degradation.I..anaerobic.","Antibiotics","Yes","AntibioticsYes",-1.05139494570198,0,1.03068985462623,0.30768645442824,1,0.520701954617859,1,NA,"prevalence",46,28
"P164.PWY..purine.nucleobases.degradation.I..anaerobic.","butyrate","butyrate","butyrate",-0.0431674333811843,0,0.385627160323526,0.910870303904328,1,0.296289718326532,1,NA,"prevalence",46,28
"P164.PWY..purine.nucleobases.degradation.I..anaerobic.","Delivery_mode","C-section","Delivery_modeC-section",-0.864602421212573,0,0.860840401332374,0.315200222145644,1,0.183836003730934,1,NA,"prevalence",46,28
"P164.PWY..purine.nucleobases.degradation.I..anaerobic.","Ethnicity","European","EthnicityEuropean",-0.800474740871122,0,0.697910209234754,0.251398361946896,1,0.181002411898224,1,NA,"prevalence",46,28
"P164.PWY..purine.nucleobases.degradation.I..anaerobic.","Feeding_method","Breastfed","Feeding_methodBreastfed",-0.213677357520411,0,0.685624988814276,0.755303948106173,1,0.628943213305612,1,NA,"prevalence",46,28
"P164.PWY..purine.nucleobases.degradation.I..anaerobic.","isobutyrate","isobutyrate","isobutyrate",0.700870502113666,0,0.462641979454654,0.129789974339127,1,0.242734511239303,1,NA,"prevalence",46,28
"P164.PWY..purine.nucleobases.degradation.I..anaerobic.","Probiotics","Yes","ProbioticsYes",0.348537924202679,0,1.45923367181249,0.811221918021536,1,0.808900100771869,1,NA,"prevalence",46,28
"P164.PWY..purine.nucleobases.degradation.I..anaerobic.","propionate","propionate","propionate",0.19314852687477,0,0.314517200108904,0.539141865120614,1,0.391647565047253,1,NA,"prevalence",46,28
"P164.PWY..purine.nucleobases.degradation.I..anaerobic.","Read_depth","Read_depth","Read_depth",-0.145632484925284,0,0.343704204762346,0.671773976179812,1,0.789742112953175,1,NA,"prevalence",46,28
"P164.PWY..purine.nucleobases.degradation.I..anaerobic.","Sex","Female","SexFemale",-0.203645918766446,0,0.753368248023283,0.786918762914735,1,0.954596386402213,1,NA,"prevalence",46,28
"P164.PWY..purine.nucleobases.degradation.I..anaerobic.","Termness","preterm","Termnesspreterm",0.988828700276783,0,1.26244373859325,0.433471183761085,1,0.676649748346453,1,NA,"prevalence",46,28
"P185.PWY..formaldehyde.assimilation.III..dihydroxyacetone.cycle.","acetate","acetate","acetate",-0.306909100086451,0,0.435246852363379,0.480724353140906,1,0.380964816553504,1,NA,"prevalence",46,40
"P185.PWY..formaldehyde.assimilation.III..dihydroxyacetone.cycle.","Antibiotics","Yes","AntibioticsYes",-0.898854979190035,0,1.261750564239,0.476225026026735,1,0.376591506026174,1,NA,"prevalence",46,40
"P185.PWY..formaldehyde.assimilation.III..dihydroxyacetone.cycle.","butyrate","butyrate","butyrate",0.0738388893274959,0,0.482184007577877,0.878292401957126,1,0.893947910229562,1,NA,"prevalence",46,40
"P185.PWY..formaldehyde.assimilation.III..dihydroxyacetone.cycle.","Delivery_mode","C-section","Delivery_modeC-section",-0.934997857774808,0,1.1847075792902,0.429981983364343,1,0.0166887088706898,0.54407475698385,NA,"prevalence",46,40
"P185.PWY..formaldehyde.assimilation.III..dihydroxyacetone.cycle.","Ethnicity","European","EthnicityEuropean",-0.0760084199807151,0,0.885647395531135,0.93160756818378,1,0.414944538591647,1,NA,"prevalence",46,40
"P185.PWY..formaldehyde.assimilation.III..dihydroxyacetone.cycle.","Feeding_method","Breastfed","Feeding_methodBreastfed",-0.67118649213076,0,0.889781383875768,0.450652643838351,1,0.698217482278207,1,NA,"prevalence",46,40
"P185.PWY..formaldehyde.assimilation.III..dihydroxyacetone.cycle.","isobutyrate","isobutyrate","isobutyrate",0.0409632764432887,0,0.516583643798322,0.936796787772576,1,0.98388555731045,1,NA,"prevalence",46,40
"P185.PWY..formaldehyde.assimilation.III..dihydroxyacetone.cycle.","Probiotics","Yes","ProbioticsYes",-0.258326962734986,0,1.91182394857692,0.892516455394061,1,0.504485194046461,1,NA,"prevalence",46,40
"P185.PWY..formaldehyde.assimilation.III..dihydroxyacetone.cycle.","propionate","propionate","propionate",0.189187154764383,0,0.38952803111805,0.627191916695146,1,0.195962177945235,1,NA,"prevalence",46,40
"P185.PWY..formaldehyde.assimilation.III..dihydroxyacetone.cycle.","Read_depth","Read_depth","Read_depth",0.5354309556959,0,0.461181570196224,0.245642646598258,1,0.245587812497253,1,NA,"prevalence",46,40
"P185.PWY..formaldehyde.assimilation.III..dihydroxyacetone.cycle.","Sex","Female","SexFemale",-0.407794333720324,0,0.995442655808842,0.682054421756894,1,0.281931392397857,1,NA,"prevalence",46,40
"P185.PWY..formaldehyde.assimilation.III..dihydroxyacetone.cycle.","Termness","preterm","Termnesspreterm",0.776996996343994,0,1.74165952261301,0.655507310949919,1,0.468131215891649,1,NA,"prevalence",46,40
"P221.PWY..octane.oxidation","acetate","acetate","acetate",0.160206462064254,0,0.414889736625122,0.699391310687484,1,0.415272548023088,1,NA,"prevalence",46,44
"P221.PWY..octane.oxidation","Antibiotics","Yes","AntibioticsYes",-0.531605021713456,0,1.42262054812463,0.708642315144777,1,0.915110699475805,1,NA,"prevalence",46,44
"P221.PWY..octane.oxidation","butyrate","butyrate","butyrate",-0.311956711850992,0,0.581418143899159,0.591582284214732,1,0.130039343322096,1,NA,"prevalence",46,44
"P221.PWY..octane.oxidation","Delivery_mode","C-section","Delivery_modeC-section",0.36543206825791,0,1.33148096651906,0.783734715854087,1,0.953229326873288,1,NA,"prevalence",46,44
"P221.PWY..octane.oxidation","Ethnicity","European","EthnicityEuropean",0.362752041944781,0,1.00147296168789,0.71718874994888,1,0.920017796844523,1,NA,"prevalence",46,44
"P221.PWY..octane.oxidation","Feeding_method","Breastfed","Feeding_methodBreastfed",0.630568594317608,0,1.03188313840288,0.541143125726189,1,0.789450368931668,1,NA,"prevalence",46,44
"P221.PWY..octane.oxidation","isobutyrate","isobutyrate","isobutyrate",-0.305827196570942,0,0.63547622407387,0.630334060512142,1,0.499350500190976,1,NA,"prevalence",46,44
"P221.PWY..octane.oxidation","Probiotics","Yes","ProbioticsYes",1.15840304596923,0,1.73797682125421,0.505076308312648,1,0.755050539406563,1,NA,"prevalence",46,44
"P221.PWY..octane.oxidation","propionate","propionate","propionate",0.0653056495706937,0,0.458610236772141,0.886764834199508,1,0.199275700976911,1,NA,"prevalence",46,44
"P221.PWY..octane.oxidation","Read_depth","Read_depth","Read_depth",0.152975163753209,0,0.50710883326737,0.76291019179002,1,0.937182573733948,1,NA,"prevalence",46,44
"P221.PWY..octane.oxidation","Sex","Female","SexFemale",0.0824053025330445,0,1.02007959663309,0.935614362258324,1,0.913840745597212,1,NA,"prevalence",46,44
"P221.PWY..octane.oxidation","Termness","preterm","Termnesspreterm",-1.51622600789249,0,1.51367512131102,0.316495643733728,1,0.53282179496503,1,NA,"prevalence",46,44
"P23.PWY..reductive.TCA.cycle.I","acetate","acetate","acetate",-0.322616740499245,0,0.3328871531199,0.332471618542614,1,0.554405859948882,1,NA,"prevalence",46,29
"P23.PWY..reductive.TCA.cycle.I","Antibiotics","Yes","AntibioticsYes",-0.737305247156554,0,1.09375889687565,0.500246359241892,1,0.750246298549016,1,NA,"prevalence",46,29
"P23.PWY..reductive.TCA.cycle.I","butyrate","butyrate","butyrate",0.543881832894231,0,0.45025186375837,0.227066415024785,1,0.402573673217362,1,NA,"prevalence",46,29
"P23.PWY..reductive.TCA.cycle.I","Delivery_mode","C-section","Delivery_modeC-section",1.61404212078684,0,1.03400345893869,0.118532257602006,1,0.157742008440979,1,NA,"prevalence",46,29
"P23.PWY..reductive.TCA.cycle.I","Ethnicity","European","EthnicityEuropean",0.265691061950219,0,0.730838019736124,0.716199281459217,1,0.119797794712139,1,NA,"prevalence",46,29
"P23.PWY..reductive.TCA.cycle.I","Feeding_method","Breastfed","Feeding_methodBreastfed",-0.217527055491905,0,0.720411826097927,0.762691549837228,1,0.135424188732348,1,NA,"prevalence",46,29
"P23.PWY..reductive.TCA.cycle.I","isobutyrate","isobutyrate","isobutyrate",-0.713089120815349,0,0.524091348724572,0.173633838077726,1,0.31711896642985,1,NA,"prevalence",46,29
"P23.PWY..reductive.TCA.cycle.I","Probiotics","Yes","ProbioticsYes",0.766910536023768,0,1.38486141729589,0.579728438620051,1,0.491162935849506,1,NA,"prevalence",46,29
"P23.PWY..reductive.TCA.cycle.I","propionate","propionate","propionate",-0.49732797003266,0,0.395484590551961,0.20856705978484,1,0.373633901142387,1,NA,"prevalence",46,29
"P23.PWY..reductive.TCA.cycle.I","Read_depth","Read_depth","Read_depth",0.26980341145752,0,0.385156999330289,0.483613592202303,1,0.73334507784179,1,NA,"prevalence",46,29
"P23.PWY..reductive.TCA.cycle.I","Sex","Female","SexFemale",-1.1246868431736,0,0.843718100448192,0.182527675001257,1,0.331738997861149,1,NA,"prevalence",46,29
"P23.PWY..reductive.TCA.cycle.I","Termness","preterm","Termnesspreterm",-1.69256274406065,0,1.25940000455934,0.178966582475622,1,0.32590412730824,1,NA,"prevalence",46,29
"P4.PWY..superpathway.of.L.lysine..L.threonine.and.L.methionine.biosynthesis.I","acetate","acetate","acetate",0.145434653952213,0,0.484920209038157,0.76424229210518,1,0.820871347363111,1,NA,"prevalence",46,45
"P4.PWY..superpathway.of.L.lysine..L.threonine.and.L.methionine.biosynthesis.I","Antibiotics","Yes","AntibioticsYes",-0.413851423951417,0,1.51350535926797,0.7845157607012,1,0.953566542613818,1,NA,"prevalence",46,45
"P4.PWY..superpathway.of.L.lysine..L.threonine.and.L.methionine.biosynthesis.I","butyrate","butyrate","butyrate",0.0445955819939927,0,0.587176401156654,0.939459508413196,1,0.0926845358363158,1,NA,"prevalence",46,45
"P4.PWY..superpathway.of.L.lysine..L.threonine.and.L.methionine.biosynthesis.I","Delivery_mode","C-section","Delivery_modeC-section",-0.781747592982319,0,1.20134783582452,0.515223741244063,1,0.764991978946597,1,NA,"prevalence",46,45
"P4.PWY..superpathway.of.L.lysine..L.threonine.and.L.methionine.biosynthesis.I","Ethnicity","European","EthnicityEuropean",-0.280493056454241,0,0.998195060778484,0.778710212057398,1,0.882023144765237,1,NA,"prevalence",46,45
"P4.PWY..superpathway.of.L.lysine..L.threonine.and.L.methionine.biosynthesis.I","Feeding_method","Breastfed","Feeding_methodBreastfed",-0.248160320907305,0,1.02095146641971,0.807952955522345,1,0.426774209111436,1,NA,"prevalence",46,45
"P4.PWY..superpathway.of.L.lysine..L.threonine.and.L.methionine.biosynthesis.I","isobutyrate","isobutyrate","isobutyrate",0.469331877968858,0,0.616310978018195,0.446347756405678,1,0.265048429919015,1,NA,"prevalence",46,45
"P4.PWY..superpathway.of.L.lysine..L.threonine.and.L.methionine.biosynthesis.I","Probiotics","Yes","ProbioticsYes",0.305294062178806,0,2.18039169302631,0.888645776477586,1,0.703511952439632,1,NA,"prevalence",46,45
"P4.PWY..superpathway.of.L.lysine..L.threonine.and.L.methionine.biosynthesis.I","propionate","propionate","propionate",0.110286458120709,0,0.461606777998542,0.811168680665844,1,0.964342732838522,1,NA,"prevalence",46,45
"P4.PWY..superpathway.of.L.lysine..L.threonine.and.L.methionine.biosynthesis.I","Read_depth","Read_depth","Read_depth",-0.250255346919662,0,0.473015619736055,0.596761330716913,1,0.016389556091349,0.537924768137255,NA,"prevalence",46,45
"P4.PWY..superpathway.of.L.lysine..L.threonine.and.L.methionine.biosynthesis.I","Sex","Female","SexFemale",-0.715223850707022,0,1.0633467433764,0.501191729152848,1,0.751190308934475,1,NA,"prevalence",46,45
"P4.PWY..superpathway.of.L.lysine..L.threonine.and.L.methionine.biosynthesis.I","Termness","preterm","Termnesspreterm",0.413568822592623,0,1.8271358672782,0.820930652019156,1,0.742626275982876,1,NA,"prevalence",46,45
"P42.PWY..incomplete.reductive.TCA.cycle","acetate","acetate","acetate",-0.300030513437764,0,0.461470968216044,0.515588107808263,1,0.765345118703221,1,NA,"prevalence",46,45
"P42.PWY..incomplete.reductive.TCA.cycle","Antibiotics","Yes","AntibioticsYes",0.492382042033704,0,1.42982046301777,0.730570798132743,1,0.24849336060712,1,NA,"prevalence",46,45
"P42.PWY..incomplete.reductive.TCA.cycle","butyrate","butyrate","butyrate",0.151118408467329,0,0.593196136844224,0.798913991544665,1,0.21483896622206,1,NA,"prevalence",46,45
"P42.PWY..incomplete.reductive.TCA.cycle","Delivery_mode","C-section","Delivery_modeC-section",-0.18215315770904,0,1.30342786867117,0.888858057370313,1,0.918503273578131,1,NA,"prevalence",46,45
"P42.PWY..incomplete.reductive.TCA.cycle","Ethnicity","European","EthnicityEuropean",-0.200776726333013,0,1.02799182704967,0.845150541120317,1,0.858889958440915,1,NA,"prevalence",46,45
"P42.PWY..incomplete.reductive.TCA.cycle","Feeding_method","Breastfed","Feeding_methodBreastfed",-0.190652157346098,0,1.01928710341078,0.851625657457435,1,0.977985054475061,1,NA,"prevalence",46,45
"P42.PWY..incomplete.reductive.TCA.cycle","isobutyrate","isobutyrate","isobutyrate",-0.123620633761899,0,0.63865948493271,0.846518332010138,1,0.512983861925778,1,NA,"prevalence",46,45
"P42.PWY..incomplete.reductive.TCA.cycle","Probiotics","Yes","ProbioticsYes",-0.677344786033655,0,1.96025164962895,0.729688662410629,1,0.463922319309081,1,NA,"prevalence",46,45
"P42.PWY..incomplete.reductive.TCA.cycle","propionate","propionate","propionate",0.078335727021467,0,0.426872678549882,0.854397281733097,1,0.573503287842868,1,NA,"prevalence",46,45
"P42.PWY..incomplete.reductive.TCA.cycle","Read_depth","Read_depth","Read_depth",-0.117359101654638,0,0.554216429529694,0.83229676710341,1,0.971875625676032,1,NA,"prevalence",46,45
"P42.PWY..incomplete.reductive.TCA.cycle","Sex","Female","SexFemale",-0.222429556849168,0,1.12278539823879,0.842962804551679,1,0.975339319245726,1,NA,"prevalence",46,45
"P42.PWY..incomplete.reductive.TCA.cycle","Termness","preterm","Termnesspreterm",-0.141463680222448,0,1.78136051055282,0.936703906438859,1,0.0720431782117832,0.954686049622808,NA,"prevalence",46,45
"P562.PWY..myo.inositol.degradation.I","acetate","acetate","acetate",0.00905393919598134,0,0.309253509732689,0.976643865883652,1,0.779317350228197,1,NA,"prevalence",46,25
"P562.PWY..myo.inositol.degradation.I","Antibiotics","Yes","AntibioticsYes",-1.60686316706624,0,1.07621860537392,0.135420456454624,1,0.25250221288287,1,NA,"prevalence",46,25
"P562.PWY..myo.inositol.degradation.I","butyrate","butyrate","butyrate",-0.354397232662463,0,0.40897345832248,0.38618690068211,1,0.623233479105766,1,NA,"prevalence",46,25
"P562.PWY..myo.inositol.degradation.I","Delivery_mode","C-section","Delivery_modeC-section",1.40134842681376,0,0.904418363110855,0.121274274340607,1,0.227841099064373,1,NA,"prevalence",46,25
"P562.PWY..myo.inositol.degradation.I","Ethnicity","European","EthnicityEuropean",0.153470241344698,0,0.711791287614953,0.829290750688578,1,0.401835190701169,1,NA,"prevalence",46,25
"P562.PWY..myo.inositol.degradation.I","Feeding_method","Breastfed","Feeding_methodBreastfed",-0.690883233628251,0,0.700068845045953,0.323701965926466,1,0.542620969108273,1,NA,"prevalence",46,25
"P562.PWY..myo.inositol.degradation.I","isobutyrate","isobutyrate","isobutyrate",0.279685458774998,0,0.456661575005364,0.540235612384211,1,0.788616707880279,1,NA,"prevalence",46,25
"P562.PWY..myo.inositol.degradation.I","Probiotics","Yes","ProbioticsYes",1.68272532004924,0,1.36445533671156,0.217479560443298,1,0.387661761675986,1,NA,"prevalence",46,25
"P562.PWY..myo.inositol.degradation.I","propionate","propionate","propionate",0.138869404887658,0,0.401528985529569,0.72945431370926,1,0.926805031629473,1,NA,"prevalence",46,25
"P562.PWY..myo.inositol.degradation.I","Read_depth","Read_depth","Read_depth",0.343033204278864,0,0.438679251089362,0.434233289300401,1,0.679908029064157,1,NA,"prevalence",46,25
"P562.PWY..myo.inositol.degradation.I","Sex","Female","SexFemale",-0.853179160928173,0,0.743395342841962,0.251101138363355,1,0.439150495039337,1,NA,"prevalence",46,25
"P562.PWY..myo.inositol.degradation.I","Termness","preterm","Termnesspreterm",-0.82026141716127,0,1.13826937395458,0.471142403958384,1,0.720309643109083,1,NA,"prevalence",46,25
"P621.PWY..nylon.6.oligomer.degradation","acetate","acetate","acetate",-0.0820296144827635,0,0.320867648205887,0.798221587350398,1,0.958661204457247,1,NA,"prevalence",46,24
"P621.PWY..nylon.6.oligomer.degradation","Antibiotics","Yes","AntibioticsYes",0.463607663470376,0,1.02908900584789,0.652347806173782,1,0.0887551004191974,1,NA,"prevalence",46,24
"P621.PWY..nylon.6.oligomer.degradation","butyrate","butyrate","butyrate",-0.147877946984862,0,0.403827079223642,0.714222363419108,1,0.454161305070032,1,NA,"prevalence",46,24
"P621.PWY..nylon.6.oligomer.degradation","Delivery_mode","C-section","Delivery_modeC-section",-0.116857115497552,0,0.876692924788885,0.893961586291484,1,0.708082747597981,1,NA,"prevalence",46,24
"P621.PWY..nylon.6.oligomer.degradation","Ethnicity","European","EthnicityEuropean",0.00965324764747913,0,0.693236967726283,0.988889905308869,1,0.996079219909031,1,NA,"prevalence",46,24
"P621.PWY..nylon.6.oligomer.degradation","Feeding_method","Breastfed","Feeding_methodBreastfed",-0.654235233300174,0,0.693183153011135,0.345265244166528,1,0.571322399503684,1,NA,"prevalence",46,24
"P621.PWY..nylon.6.oligomer.degradation","isobutyrate","isobutyrate","isobutyrate",-0.320345976591561,0,0.455214403124034,0.481603746220392,1,0.296591273110658,1,NA,"prevalence",46,24
"P621.PWY..nylon.6.oligomer.degradation","Probiotics","Yes","ProbioticsYes",-1.21685912654401,0,1.42563681142326,0.393351718485724,1,0.631977862535775,1,NA,"prevalence",46,24
"P621.PWY..nylon.6.oligomer.degradation","propionate","propionate","propionate",0.334662407542849,0,0.404585357218367,0.408138559154723,1,0.649700034840552,1,NA,"prevalence",46,24
"P621.PWY..nylon.6.oligomer.degradation","Read_depth","Read_depth","Read_depth",0.469958121983895,0,0.445733516168714,0.291723742756014,1,0.498344743424451,1,NA,"prevalence",46,24
"P621.PWY..nylon.6.oligomer.degradation","Sex","Female","SexFemale",1.18839399256559,0,0.780959603894697,0.128081775692801,1,0.239758610120981,1,NA,"prevalence",46,24
"P621.PWY..nylon.6.oligomer.degradation","Termness","preterm","Termnesspreterm",1.80535188259074,0,1.2600343150878,0.151920737571186,1,0.280761564638198,1,NA,"prevalence",46,24
"POLYAMSYN.PWY..superpathway.of.polyamine.biosynthesis.I","acetate","acetate","acetate",0.145434653952213,0,0.484920209038157,0.76424229210518,1,0.595518012800138,1,NA,"prevalence",46,45
"POLYAMSYN.PWY..superpathway.of.polyamine.biosynthesis.I","Antibiotics","Yes","AntibioticsYes",-0.413851423951417,0,1.51350535926797,0.7845157607012,1,0.953566542613818,1,NA,"prevalence",46,45
"POLYAMSYN.PWY..superpathway.of.polyamine.biosynthesis.I","butyrate","butyrate","butyrate",0.0445955819939927,0,0.587176401156654,0.939459508413196,1,0.410749097439642,1,NA,"prevalence",46,45
"POLYAMSYN.PWY..superpathway.of.polyamine.biosynthesis.I","Delivery_mode","C-section","Delivery_modeC-section",-0.781747592982319,0,1.20134783582452,0.515223741244063,1,0.403264183384228,1,NA,"prevalence",46,45
"POLYAMSYN.PWY..superpathway.of.polyamine.biosynthesis.I","Ethnicity","European","EthnicityEuropean",-0.280493056454241,0,0.998195060778484,0.778710212057398,1,0.214812869789181,1,NA,"prevalence",46,45
"POLYAMSYN.PWY..superpathway.of.polyamine.biosynthesis.I","Feeding_method","Breastfed","Feeding_methodBreastfed",-0.248160320907305,0,1.02095146641971,0.807952955522345,1,0.268736718680094,1,NA,"prevalence",46,45
"POLYAMSYN.PWY..superpathway.of.polyamine.biosynthesis.I","isobutyrate","isobutyrate","isobutyrate",0.469331877968858,0,0.616310978018195,0.446347756405678,1,0.693469193162973,1,NA,"prevalence",46,45
"POLYAMSYN.PWY..superpathway.of.polyamine.biosynthesis.I","Probiotics","Yes","ProbioticsYes",0.305294062178806,0,2.18039169302631,0.888645776477586,1,0.98760023690372,1,NA,"prevalence",46,45
"POLYAMSYN.PWY..superpathway.of.polyamine.biosynthesis.I","propionate","propionate","propionate",0.110286458120709,0,0.461606777998542,0.811168680665844,1,0.647318585130289,1,NA,"prevalence",46,45
"POLYAMSYN.PWY..superpathway.of.polyamine.biosynthesis.I","Read_depth","Read_depth","Read_depth",-0.250255346919662,0,0.473015619736055,0.596761330716913,1,0.0423481058234652,0.878147332473195,NA,"prevalence",46,45
"POLYAMSYN.PWY..superpathway.of.polyamine.biosynthesis.I","Sex","Female","SexFemale",-0.715223850707022,0,1.0633467433764,0.501191729152848,1,0.577432421487061,1,NA,"prevalence",46,45
"POLYAMSYN.PWY..superpathway.of.polyamine.biosynthesis.I","Termness","preterm","Termnesspreterm",0.413568822592623,0,1.8271358672782,0.820930652019156,1,0.967934168613715,1,NA,"prevalence",46,45
"PROTOCATECHUATE.ORTHO.CLEAVAGE.PWY..protocatechuate.degradation.II..ortho.cleavage.pathway.","acetate","acetate","acetate",-0.212465730475427,0,0.422084009612022,0.614701990413887,1,0.85154544380898,1,NA,"prevalence",46,32
"PROTOCATECHUATE.ORTHO.CLEAVAGE.PWY..protocatechuate.degradation.II..ortho.cleavage.pathway.","Antibiotics","Yes","AntibioticsYes",-0.843497365879143,0,1.18940702547634,0.478216073995946,1,0.166022178139458,1,NA,"prevalence",46,32
"PROTOCATECHUATE.ORTHO.CLEAVAGE.PWY..protocatechuate.degradation.II..ortho.cleavage.pathway.","butyrate","butyrate","butyrate",-0.459360828656749,0,0.472454968041912,0.330908836625821,1,0.552317015094588,1,NA,"prevalence",46,32
"PROTOCATECHUATE.ORTHO.CLEAVAGE.PWY..protocatechuate.degradation.II..ortho.cleavage.pathway.","Delivery_mode","C-section","Delivery_modeC-section",0.20271014090404,0,1.05604991830534,0.84778036315081,1,0.0382404936973015,0.846070923052795,NA,"prevalence",46,32
"PROTOCATECHUATE.ORTHO.CLEAVAGE.PWY..protocatechuate.degradation.II..ortho.cleavage.pathway.","Ethnicity","European","EthnicityEuropean",0.909449286498733,0,0.802906608066218,0.257341842192577,1,0.448458860642085,1,NA,"prevalence",46,32
"PROTOCATECHUATE.ORTHO.CLEAVAGE.PWY..protocatechuate.degradation.II..ortho.cleavage.pathway.","Feeding_method","Breastfed","Feeding_methodBreastfed",-0.721397000697956,0,0.81029289526735,0.373309302214473,1,0.530653292613886,1,NA,"prevalence",46,32
"PROTOCATECHUATE.ORTHO.CLEAVAGE.PWY..protocatechuate.degradation.II..ortho.cleavage.pathway.","isobutyrate","isobutyrate","isobutyrate",-0.147795198031527,0,0.547242310391575,0.787104338667794,1,0.923868425946292,1,NA,"prevalence",46,32
"PROTOCATECHUATE.ORTHO.CLEAVAGE.PWY..protocatechuate.degradation.II..ortho.cleavage.pathway.","Probiotics","Yes","ProbioticsYes",-0.860562263214003,0,1.93805787151958,0.657018496970826,1,0.408903555458197,1,NA,"prevalence",46,32
"PROTOCATECHUATE.ORTHO.CLEAVAGE.PWY..protocatechuate.degradation.II..ortho.cleavage.pathway.","propionate","propionate","propionate",1.16764421680351,0,0.692303217913366,0.0916787329176192,1,0.174952475765858,1,NA,"prevalence",46,32
"PROTOCATECHUATE.ORTHO.CLEAVAGE.PWY..protocatechuate.degradation.II..ortho.cleavage.pathway.","Read_depth","Read_depth","Read_depth",0.612136575063773,0,0.540535179658169,0.25743945523549,1,0.311476492153021,1,NA,"prevalence",46,32
"PROTOCATECHUATE.ORTHO.CLEAVAGE.PWY..protocatechuate.degradation.II..ortho.cleavage.pathway.","Sex","Female","SexFemale",-0.12151623043041,0,0.8276691431952,0.883276151476998,1,0.266162317413638,1,NA,"prevalence",46,32
"PROTOCATECHUATE.ORTHO.CLEAVAGE.PWY..protocatechuate.degradation.II..ortho.cleavage.pathway.","Termness","preterm","Termnesspreterm",1.36125217967748,0,1.7487978719392,0.436337311038758,1,0.503866356863262,1,NA,"prevalence",46,32
"PRPP.PWY..superpathway.of.histidine..purine..and.pyrimidine.biosynthesis","acetate","acetate","acetate",-0.169866591681308,0,0.465337755854882,0.71508203337535,1,0.918821752294475,1,NA,"prevalence",46,44
"PRPP.PWY..superpathway.of.histidine..purine..and.pyrimidine.biosynthesis","Antibiotics","Yes","AntibioticsYes",-0.669317669253835,0,1.45841349863075,0.646280513915258,1,0.625875334942428,1,NA,"prevalence",46,44
"PRPP.PWY..superpathway.of.histidine..purine..and.pyrimidine.biosynthesis","butyrate","butyrate","butyrate",0.0656535358943484,0,0.545542954181882,0.904209612781025,1,0.573736796965653,1,NA,"prevalence",46,44
"PRPP.PWY..superpathway.of.histidine..purine..and.pyrimidine.biosynthesis","Delivery_mode","C-section","Delivery_modeC-section",-0.311752662676734,0,1.24106701423802,0.801661584663488,1,0.399105332877844,1,NA,"prevalence",46,44
"PRPP.PWY..superpathway.of.histidine..purine..and.pyrimidine.biosynthesis","Ethnicity","European","EthnicityEuropean",-0.624259851749534,0,1.03370907050469,0.545908235172989,1,0.665666353268587,1,NA,"prevalence",46,44
"PRPP.PWY..superpathway.of.histidine..purine..and.pyrimidine.biosynthesis","Feeding_method","Breastfed","Feeding_methodBreastfed",-0.157670196367983,0,1.00589692451069,0.875445128724721,1,0.984486084041599,1,NA,"prevalence",46,44
"PRPP.PWY..superpathway.of.histidine..purine..and.pyrimidine.biosynthesis","isobutyrate","isobutyrate","isobutyrate",0.118706512304363,0,0.606980137607457,0.844947508348506,1,0.262189951794892,1,NA,"prevalence",46,44
"PRPP.PWY..superpathway.of.histidine..purine..and.pyrimidine.biosynthesis","Probiotics","Yes","ProbioticsYes",0.159486464609805,0,2.07070254659934,0.938607267838564,1,0.952049333193143,1,NA,"prevalence",46,44
"PRPP.PWY..superpathway.of.histidine..purine..and.pyrimidine.biosynthesis","propionate","propionate","propionate",0.171938111288111,0,0.445486605011948,0.699529449891495,1,0.544216092812667,1,NA,"prevalence",46,44
"PRPP.PWY..superpathway.of.histidine..purine..and.pyrimidine.biosynthesis","Read_depth","Read_depth","Read_depth",0.488603550627752,0,0.419378546986539,0.243992409045781,1,0.428452522419597,1,NA,"prevalence",46,44
"PRPP.PWY..superpathway.of.histidine..purine..and.pyrimidine.biosynthesis","Sex","Female","SexFemale",0.17561441797992,0,1.12064985330956,0.875475248609082,1,0.858410613901065,1,NA,"prevalence",46,44
"PRPP.PWY..superpathway.of.histidine..purine..and.pyrimidine.biosynthesis","Termness","preterm","Termnesspreterm",0.166597654084007,0,1.78558718786761,0.925664177897892,1,0.201871359254542,1,NA,"prevalence",46,44
"PWY.1501..mandelate.degradation.I","acetate","acetate","acetate",-0.200970389641833,0,0.355452930305171,0.571806884545748,1,0.571806884545748,1,NA,"prevalence",46,6
"PWY.1501..mandelate.degradation.I","Antibiotics","Yes","AntibioticsYes",0.115326251690194,0,1.20131046460725,0.923520276982708,1,0.923520276982708,1,NA,"prevalence",46,6
"PWY.1501..mandelate.degradation.I","butyrate","butyrate","butyrate",-0.279212756644538,0,0.472846673510619,0.554860027315499,1,0.554860027315499,1,NA,"prevalence",46,6
"PWY.1501..mandelate.degradation.I","Delivery_mode","C-section","Delivery_modeC-section",1.0029225263214,0,1.22025300212767,0.411135406433474,1,0.411135406433474,1,NA,"prevalence",46,6
"PWY.1501..mandelate.degradation.I","Ethnicity","European","EthnicityEuropean",0.0705989022371363,0,0.904698914484903,0.937799576682096,1,0.937799576682096,1,NA,"prevalence",46,6
"PWY.1501..mandelate.degradation.I","Feeding_method","Breastfed","Feeding_methodBreastfed",-0.046108296457951,0,0.877838334894194,0.958110522822865,1,0.958110522822865,1,NA,"prevalence",46,6
"PWY.1501..mandelate.degradation.I","isobutyrate","isobutyrate","isobutyrate",0.00453968670991087,0,0.590389231290348,0.993864877522272,1,0.993864877522272,1,NA,"prevalence",46,6
"PWY.1501..mandelate.degradation.I","Probiotics","Yes","ProbioticsYes",-1.08022926322787,0,1.46249757830023,0.460138066099161,1,0.460138066099161,1,NA,"prevalence",46,6
"PWY.1501..mandelate.degradation.I","propionate","propionate","propionate",0.306300837506139,0,0.714962858517947,0.668348980896657,1,0.668348980896657,1,NA,"prevalence",46,6
"PWY.1501..mandelate.degradation.I","Read_depth","Read_depth","Read_depth",0.0261349397387267,0,0.491537392547553,0.957596625967327,1,0.957596625967327,1,NA,"prevalence",46,6
"PWY.1501..mandelate.degradation.I","Sex","Female","SexFemale",-0.666355540117523,0,0.905584560354245,0.461834663587818,1,0.461834663587818,1,NA,"prevalence",46,6
"PWY.1501..mandelate.degradation.I","Termness","preterm","Termnesspreterm",0.996724091640335,0,1.22367341592809,0.415338873650493,1,0.415338873650493,1,NA,"prevalence",46,6
"PWY.1622..formaldehyde.assimilation.I..serine.pathway.","acetate","acetate","acetate",0.150588091759797,0,0.349140637265128,0.66624247312965,1,0.45571140516976,1,NA,"prevalence",46,16
"PWY.1622..formaldehyde.assimilation.I..serine.pathway.","Antibiotics","Yes","AntibioticsYes",0.113887571552274,0,1.09496952912405,0.917161564360526,1,0.0441859480637813,0.888107045599975,NA,"prevalence",46,16
"PWY.1622..formaldehyde.assimilation.I..serine.pathway.","butyrate","butyrate","butyrate",-0.13608107436583,0,0.41273113022737,0.741620024498753,1,0.15729453490738,1,NA,"prevalence",46,16
"PWY.1622..formaldehyde.assimilation.I..serine.pathway.","Delivery_mode","C-section","Delivery_modeC-section",-0.410424579246469,0,0.878164684985102,0.640237829433494,1,0.173397955503484,1,NA,"prevalence",46,16
"PWY.1622..formaldehyde.assimilation.I..serine.pathway.","Ethnicity","European","EthnicityEuropean",0.402535425814571,0,0.742738471077279,0.587845241835499,1,0.251294058330308,1,NA,"prevalence",46,16
"PWY.1622..formaldehyde.assimilation.I..serine.pathway.","Feeding_method","Breastfed","Feeding_methodBreastfed",0.327481152471015,0,0.735948944895783,0.656335591187622,1,0.220589011627428,1,NA,"prevalence",46,16
"PWY.1622..formaldehyde.assimilation.I..serine.pathway.","isobutyrate","isobutyrate","isobutyrate",0.0751143601331379,0,0.465786824433836,0.871885960071395,1,0.0874141796551732,1,NA,"prevalence",46,16
"PWY.1622..formaldehyde.assimilation.I..serine.pathway.","Probiotics","Yes","ProbioticsYes",0.571060231922045,0,1.49398048290255,0.702282792595475,1,0.0754056567295306,0.969359478621173,NA,"prevalence",46,16
"PWY.1622..formaldehyde.assimilation.I..serine.pathway.","propionate","propionate","propionate",-0.226428226214114,0,0.352792238070889,0.5209916967835,1,0.0564601930327178,0.932926192497949,NA,"prevalence",46,16
"PWY.1622..formaldehyde.assimilation.I..serine.pathway.","Read_depth","Read_depth","Read_depth",0.293924763932003,0,0.400723138401678,0.463262136533816,1,0.0773179720980109,0.982532999276262,NA,"prevalence",46,16
"PWY.1622..formaldehyde.assimilation.I..serine.pathway.","Sex","Female","SexFemale",-1.42877060662529,0,0.773990253579732,0.0648950947737448,1,0.0331486243726309,0.789829723032493,NA,"prevalence",46,16
"PWY.1622..formaldehyde.assimilation.I..serine.pathway.","Termness","preterm","Termnesspreterm",-1.09971308317359,0,1.27281971085789,0.387589248778665,1,0.624953071788521,1,NA,"prevalence",46,16
"PWY.181..photorespiration","acetate","acetate","acetate",0.606520905337803,0,0.435476717759839,0.163687965779403,1,0.163687965779403,1,NA,"prevalence",46,11
"PWY.181..photorespiration","Antibiotics","Yes","AntibioticsYes",-0.760336324191602,0,1.18642950545846,0.521613037565035,1,0.521613037565035,1,NA,"prevalence",46,11
"PWY.181..photorespiration","butyrate","butyrate","butyrate",0.112494825115908,0,0.408955868031179,0.783256195210357,1,0.783256195210357,1,NA,"prevalence",46,11
"PWY.181..photorespiration","Delivery_mode","C-section","Delivery_modeC-section",1.42477040498683,0,1.18420568267374,0.22892045624005,1,0.22892045624005,1,NA,"prevalence",46,11
"PWY.181..photorespiration","Ethnicity","European","EthnicityEuropean",0.129079317347098,0,0.914824025670557,0.887792975266364,1,0.887792975266364,1,NA,"prevalence",46,11
"PWY.181..photorespiration","Feeding_method","Breastfed","Feeding_methodBreastfed",-0.350715846609059,0,0.812470106025045,0.665984069448544,1,0.665984069448544,1,NA,"prevalence",46,11
"PWY.181..photorespiration","isobutyrate","isobutyrate","isobutyrate",-0.401426641184134,0,0.535668309287528,0.453619739015992,1,0.453619739015992,1,NA,"prevalence",46,11
"PWY.181..photorespiration","Probiotics","Yes","ProbioticsYes",0.145466286590258,0,1.66261475090893,0.930280063199463,1,0.930280063199463,1,NA,"prevalence",46,11
"PWY.181..photorespiration","propionate","propionate","propionate",0.341143333444981,0,0.623747886521673,0.584430236774063,1,0.584430236774063,1,NA,"prevalence",46,11
"PWY.181..photorespiration","Read_depth","Read_depth","Read_depth",0.13392511677065,0,0.408837501268171,0.7432327082806,1,0.7432327082806,1,NA,"prevalence",46,11
"PWY.181..photorespiration","Sex","Female","SexFemale",-1.59641805694461,0,0.896869756750466,0.0750778055422563,1,0.0750778055422563,0.969359478621173,NA,"prevalence",46,11
"PWY.181..photorespiration","Termness","preterm","Termnesspreterm",-0.944630888462904,0,1.44719319296609,0.513928364282674,1,0.513928364282674,1,NA,"prevalence",46,11
"PWY.1861..formaldehyde.assimilation.II..assimilatory.RuMP.Cycle.","acetate","acetate","acetate",-0.300030513437764,0,0.461470968216044,0.515588107808263,1,0.216591450657936,1,NA,"prevalence",46,45
"PWY.1861..formaldehyde.assimilation.II..assimilatory.RuMP.Cycle.","Antibiotics","Yes","AntibioticsYes",0.492382042033704,0,1.42982046301777,0.730570798132743,1,0.876377085566427,1,NA,"prevalence",46,45
"PWY.1861..formaldehyde.assimilation.II..assimilatory.RuMP.Cycle.","butyrate","butyrate","butyrate",0.151118408467329,0,0.593196136844224,0.798913991544665,1,0.756122866152393,1,NA,"prevalence",46,45
"PWY.1861..formaldehyde.assimilation.II..assimilatory.RuMP.Cycle.","Delivery_mode","C-section","Delivery_modeC-section",-0.18215315770904,0,1.30342786867117,0.888858057370313,1,0.987647468588499,1,NA,"prevalence",46,45
"PWY.1861..formaldehyde.assimilation.II..assimilatory.RuMP.Cycle.","Ethnicity","European","EthnicityEuropean",-0.200776726333013,0,1.02799182704967,0.845150541120317,1,0.976021645084669,1,NA,"prevalence",46,45
"PWY.1861..formaldehyde.assimilation.II..assimilatory.RuMP.Cycle.","Feeding_method","Breastfed","Feeding_methodBreastfed",-0.190652157346098,0,1.01928710341078,0.851625657457435,1,0.971448664768822,1,NA,"prevalence",46,45
"PWY.1861..formaldehyde.assimilation.II..assimilatory.RuMP.Cycle.","isobutyrate","isobutyrate","isobutyrate",-0.123620633761899,0,0.63865948493271,0.846518332010138,1,0.736182371677288,1,NA,"prevalence",46,45
"PWY.1861..formaldehyde.assimilation.II..assimilatory.RuMP.Cycle.","Probiotics","Yes","ProbioticsYes",-0.677344786033655,0,1.96025164962895,0.729688662410629,1,0.916230751794822,1,NA,"prevalence",46,45
"PWY.1861..formaldehyde.assimilation.II..assimilatory.RuMP.Cycle.","propionate","propionate","propionate",0.078335727021467,0,0.426872678549882,0.854397281733097,1,0.269911130046906,1,NA,"prevalence",46,45
"PWY.1861..formaldehyde.assimilation.II..assimilatory.RuMP.Cycle.","Read_depth","Read_depth","Read_depth",-0.117359101654638,0,0.554216429529694,0.83229676710341,1,0.315676949455858,1,NA,"prevalence",46,45
"PWY.1861..formaldehyde.assimilation.II..assimilatory.RuMP.Cycle.","Sex","Female","SexFemale",-0.222429556849168,0,1.12278539823879,0.842962804551679,1,0.561482958306555,1,NA,"prevalence",46,45
"PWY.1861..formaldehyde.assimilation.II..assimilatory.RuMP.Cycle.","Termness","preterm","Termnesspreterm",-0.141463680222448,0,1.78136051055282,0.936703906438859,1,0.656953600943972,1,NA,"prevalence",46,45
"PWY.2221..Entner.Doudoroff.pathway.III..semi.phosphorylative.","acetate","acetate","acetate",0.200036298533682,0,0.466934517302895,0.668357506254864,1,0.668357506254864,1,NA,"prevalence",46,7
"PWY.2221..Entner.Doudoroff.pathway.III..semi.phosphorylative.","Antibiotics","Yes","AntibioticsYes",1.81332322806292,0,1.30059149611088,0.163248266686194,1,0.163248266686194,1,NA,"prevalence",46,7
"PWY.2221..Entner.Doudoroff.pathway.III..semi.phosphorylative.","butyrate","butyrate","butyrate",-0.137835728274426,0,0.447410533868872,0.758025726283932,1,0.758025726283932,1,NA,"prevalence",46,7
"PWY.2221..Entner.Doudoroff.pathway.III..semi.phosphorylative.","Delivery_mode","C-section","Delivery_modeC-section",0.201678391880489,0,1.08177371448484,0.852105162897117,1,0.852105162897117,1,NA,"prevalence",46,7
"PWY.2221..Entner.Doudoroff.pathway.III..semi.phosphorylative.","Ethnicity","European","EthnicityEuropean",-0.0185709917205777,0,0.878009148874225,0.98312500179029,1,0.98312500179029,1,NA,"prevalence",46,7
"PWY.2221..Entner.Doudoroff.pathway.III..semi.phosphorylative.","Feeding_method","Breastfed","Feeding_methodBreastfed",-0.752242242254255,0,0.819140820290774,0.358445708750515,1,0.358445708750515,1,NA,"prevalence",46,7
"PWY.2221..Entner.Doudoroff.pathway.III..semi.phosphorylative.","isobutyrate","isobutyrate","isobutyrate",-0.39672149341952,0,0.558259701324555,0.477307549864548,1,0.477307549864548,1,NA,"prevalence",46,7
"PWY.2221..Entner.Doudoroff.pathway.III..semi.phosphorylative.","Probiotics","Yes","ProbioticsYes",-0.808510386399103,0,1.97575029411951,0.682380502119308,1,0.682380502119308,1,NA,"prevalence",46,7
"PWY.2221..Entner.Doudoroff.pathway.III..semi.phosphorylative.","propionate","propionate","propionate",0.571379588601689,0,0.71631778433948,0.425066570393694,1,0.425066570393694,1,NA,"prevalence",46,7
"PWY.2221..Entner.Doudoroff.pathway.III..semi.phosphorylative.","Read_depth","Read_depth","Read_depth",0.0624837876917261,0,0.452306246581275,0.89012592447542,1,0.89012592447542,1,NA,"prevalence",46,7
"PWY.2221..Entner.Doudoroff.pathway.III..semi.phosphorylative.","Sex","Female","SexFemale",-0.00987690132188134,0,0.843994288439903,0.990662914062967,1,0.990662914062967,1,NA,"prevalence",46,7
"PWY.2221..Entner.Doudoroff.pathway.III..semi.phosphorylative.","Termness","preterm","Termnesspreterm",-0.806311957967208,0,1.68346181748367,0.631966626290883,1,0.631966626290883,1,NA,"prevalence",46,7
"PWY.241..C4.photosynthetic.carbon.assimilation.cycle..NADP.ME.type","acetate","acetate","acetate",0.0735437804580285,0,0.467893365830588,0.875102482708419,1,0.424280910294367,1,NA,"prevalence",46,45
"PWY.241..C4.photosynthetic.carbon.assimilation.cycle..NADP.ME.type","Antibiotics","Yes","AntibioticsYes",-0.391419093104875,0,1.40251198312903,0.780180121547834,1,0.709717111218898,1,NA,"prevalence",46,45
"PWY.241..C4.photosynthetic.carbon.assimilation.cycle..NADP.ME.type","butyrate","butyrate","butyrate",0.25440675465645,0,0.581129812309792,0.661546088012634,1,0.601347402959495,1,NA,"prevalence",46,45
"PWY.241..C4.photosynthetic.carbon.assimilation.cycle..NADP.ME.type","Delivery_mode","C-section","Delivery_modeC-section",-0.247117309178967,0,1.25117834826873,0.843430286835507,1,0.975485924919589,1,NA,"prevalence",46,45
"PWY.241..C4.photosynthetic.carbon.assimilation.cycle..NADP.ME.type","Ethnicity","European","EthnicityEuropean",-0.0267800718275767,0,1.02730175467618,0.979202813654672,1,0.98553530534302,1,NA,"prevalence",46,45
"PWY.241..C4.photosynthetic.carbon.assimilation.cycle..NADP.ME.type","Feeding_method","Breastfed","Feeding_methodBreastfed",0.274053469314245,0,1.01380125468052,0.786912020680562,1,0.954593513069559,1,NA,"prevalence",46,45
"PWY.241..C4.photosynthetic.carbon.assimilation.cycle..NADP.ME.type","isobutyrate","isobutyrate","isobutyrate",-0.143566834673948,0,0.652100460615147,0.82574607325522,1,0.969635569014025,1,NA,"prevalence",46,45
"PWY.241..C4.photosynthetic.carbon.assimilation.cycle..NADP.ME.type","Probiotics","Yes","ProbioticsYes",-0.191059845941547,0,2.01562969443688,0.924482297036927,1,0.787430161583126,1,NA,"prevalence",46,45
"PWY.241..C4.photosynthetic.carbon.assimilation.cycle..NADP.ME.type","propionate","propionate","propionate",0.0517467976167911,0,0.538413860033478,0.923433442983554,1,0.718555620226384,1,NA,"prevalence",46,45
"PWY.241..C4.photosynthetic.carbon.assimilation.cycle..NADP.ME.type","Read_depth","Read_depth","Read_depth",0.116330125553072,0,0.491102014880223,0.81275323476654,1,0.136300637637776,1,NA,"prevalence",46,45
"PWY.241..C4.photosynthetic.carbon.assimilation.cycle..NADP.ME.type","Sex","Female","SexFemale",0.176951271310451,0,1.05152688517542,0.86636276248378,1,0.030671130681277,0.767186399074379,NA,"prevalence",46,45
"PWY.241..C4.photosynthetic.carbon.assimilation.cycle..NADP.ME.type","Termness","preterm","Termnesspreterm",0.229870877173282,0,1.793331511379,0.898005801705104,1,0.313350525126505,1,NA,"prevalence",46,45
"PWY.2942..L.lysine.biosynthesis.III","acetate","acetate","acetate",-0.38216009211149,0,0.363177451373289,0.292676505671763,1,0.499693474371292,1,NA,"prevalence",46,31
"PWY.2942..L.lysine.biosynthesis.III","Antibiotics","Yes","AntibioticsYes",-0.477497327260907,0,1.11225085299875,0.667699659560994,1,0.66452173926651,1,NA,"prevalence",46,31
"PWY.2942..L.lysine.biosynthesis.III","butyrate","butyrate","butyrate",0.571790027793899,0,0.464420437530058,0.218251626002034,1,0.388869479751537,1,NA,"prevalence",46,31
"PWY.2942..L.lysine.biosynthesis.III","Delivery_mode","C-section","Delivery_modeC-section",-1.26321401964617,0,1.1823327934031,0.285336431932861,1,0.489255984477545,1,NA,"prevalence",46,31
"PWY.2942..L.lysine.biosynthesis.III","Ethnicity","European","EthnicityEuropean",-0.168380253864071,0,0.859214588450574,0.844633673666455,1,0.746874916929738,1,NA,"prevalence",46,31
"PWY.2942..L.lysine.biosynthesis.III","Feeding_method","Breastfed","Feeding_methodBreastfed",0.0900221096745264,0,0.852053979271496,0.915857624994066,1,0.219544469983834,1,NA,"prevalence",46,31
"PWY.2942..L.lysine.biosynthesis.III","isobutyrate","isobutyrate","isobutyrate",-0.801461594992177,0,0.517656688809024,0.121562291102769,1,0.228347191587383,1,NA,"prevalence",46,31
"PWY.2942..L.lysine.biosynthesis.III","Probiotics","Yes","ProbioticsYes",-1.87127021865552,0,1.50442361337968,0.213556509837173,1,0.381506636780512,1,NA,"prevalence",46,31
"PWY.2942..L.lysine.biosynthesis.III","Read_depth","Read_depth","Read_depth",0.258715979646722,0,0.395207654626651,0.512704060485216,1,0.289538127538909,1,NA,"prevalence",46,31
"PWY.2942..L.lysine.biosynthesis.III","Sex","Female","SexFemale",0.893346065807106,0,0.953493995747027,0.348800535321998,1,0.193089212779186,1,NA,"prevalence",46,31
"PWY.2942..L.lysine.biosynthesis.III","Termness","preterm","Termnesspreterm",-0.512009694447122,0,1.34445116301708,0.70332809541038,1,0.849872667549125,1,NA,"prevalence",46,31
"PWY.3801..sucrose.degradation.II..sucrose.synthase.","acetate","acetate","acetate",0.265171060689252,0,0.332115333944369,0.424620624897406,1,0.448200578646038,1,NA,"prevalence",46,28
"PWY.3801..sucrose.degradation.II..sucrose.synthase.","Antibiotics","Yes","AntibioticsYes",0.0650283749116065,0,1.01663750863486,0.94899875618052,1,0.789137634418435,1,NA,"prevalence",46,28
"PWY.3801..sucrose.degradation.II..sucrose.synthase.","butyrate","butyrate","butyrate",0.583079386368772,0,0.428824569164221,0.173919991227624,1,0.317591819106631,1,NA,"prevalence",46,28
"PWY.3801..sucrose.degradation.II..sucrose.synthase.","Delivery_mode","C-section","Delivery_modeC-section",0.671125039244175,0,0.884012956785135,0.447744832366014,1,0.695014229821558,1,NA,"prevalence",46,28
"PWY.3801..sucrose.degradation.II..sucrose.synthase.","Ethnicity","European","EthnicityEuropean",1.15171339634366,0,0.754209203337372,0.126749161424846,1,0.23743297292779,1,NA,"prevalence",46,28
"PWY.3801..sucrose.degradation.II..sucrose.synthase.","Feeding_method","Breastfed","Feeding_methodBreastfed",-0.179212607383083,0,0.724347045615991,0.804588900866236,1,0.857111464020221,1,NA,"prevalence",46,28
"PWY.3801..sucrose.degradation.II..sucrose.synthase.","isobutyrate","isobutyrate","isobutyrate",-0.134274423913047,0,0.4588175691334,0.769787255194053,1,0.838144364624075,1,NA,"prevalence",46,28
"PWY.3801..sucrose.degradation.II..sucrose.synthase.","Probiotics","Yes","ProbioticsYes",0.659509653948803,0,1.40730904360964,0.639332902090978,1,0.515939836102343,1,NA,"prevalence",46,28
"PWY.3801..sucrose.degradation.II..sucrose.synthase.","propionate","propionate","propionate",-0.00956696187910553,0,0.344077739286427,0.977817955459851,1,0.612675277195023,1,NA,"prevalence",46,28
"PWY.3801..sucrose.degradation.II..sucrose.synthase.","Read_depth","Read_depth","Read_depth",0.347791602961952,0,0.338005453906188,0.303501932019683,1,0.514890441299686,1,NA,"prevalence",46,28
"PWY.3801..sucrose.degradation.II..sucrose.synthase.","Sex","Female","SexFemale",-0.537017454144459,0,0.733381691007864,0.464017063944969,1,0.712722292257829,1,NA,"prevalence",46,28
"PWY.3801..sucrose.degradation.II..sucrose.synthase.","Termness","preterm","Termnesspreterm",-0.042635574674607,0,1.26354073164731,0.973082140075158,1,0.464479183070748,1,NA,"prevalence",46,28
"PWY.4361..S.methyl.5.thio..alpha..D.ribose.1.phosphate.degradation.I","acetate","acetate","acetate",0.119354663150418,0,0.4722432353753,0.800469286388549,1,0.800469286388549,1,NA,"prevalence",46,5
"PWY.4361..S.methyl.5.thio..alpha..D.ribose.1.phosphate.degradation.I","Antibiotics","Yes","AntibioticsYes",1.10855469652981,0,1.31331850052972,0.398620951818858,1,0.398620951818858,1,NA,"prevalence",46,5
"PWY.4361..S.methyl.5.thio..alpha..D.ribose.1.phosphate.degradation.I","butyrate","butyrate","butyrate",-0.622637010093104,0,0.541654576477362,0.250346005971045,1,0.250346005971045,1,NA,"prevalence",46,5
"PWY.4361..S.methyl.5.thio..alpha..D.ribose.1.phosphate.degradation.I","Delivery_mode","C-section","Delivery_modeC-section",0.338647095774809,0,1.17152013756081,0.772530573838078,1,0.772530573838078,1,NA,"prevalence",46,5
"PWY.4361..S.methyl.5.thio..alpha..D.ribose.1.phosphate.degradation.I","Ethnicity","European","EthnicityEuropean",0.343247968777778,0,0.985179801445316,0.727531169944571,1,0.727531169944571,1,NA,"prevalence",46,5
"PWY.4361..S.methyl.5.thio..alpha..D.ribose.1.phosphate.degradation.I","Feeding_method","Breastfed","Feeding_methodBreastfed",-1.34560993312187,0,0.962585353308549,0.162139395868471,1,0.162139395868471,1,NA,"prevalence",46,5
"PWY.4361..S.methyl.5.thio..alpha..D.ribose.1.phosphate.degradation.I","isobutyrate","isobutyrate","isobutyrate",-0.0170987427616468,0,0.640729322620461,0.978709880706225,1,0.978709880706225,1,NA,"prevalence",46,5
"PWY.4361..S.methyl.5.thio..alpha..D.ribose.1.phosphate.degradation.I","Probiotics","Yes","ProbioticsYes",-0.20156129302129,0,2.01886547942502,0.92047223075747,1,0.92047223075747,1,NA,"prevalence",46,5
"PWY.4361..S.methyl.5.thio..alpha..D.ribose.1.phosphate.degradation.I","propionate","propionate","propionate",-0.135747525593069,0,0.60317414115251,0.821936269446052,1,0.821936269446052,1,NA,"prevalence",46,5
"PWY.4361..S.methyl.5.thio..alpha..D.ribose.1.phosphate.degradation.I","Read_depth","Read_depth","Read_depth",-0.226121877155592,0,0.473211827235071,0.632760572608991,1,0.632760572608991,1,NA,"prevalence",46,5
"PWY.4361..S.methyl.5.thio..alpha..D.ribose.1.phosphate.degradation.I","Sex","Female","SexFemale",-0.698498390780577,0,0.944569280670988,0.459610246615086,1,0.459610246615086,1,NA,"prevalence",46,5
"PWY.4361..S.methyl.5.thio..alpha..D.ribose.1.phosphate.degradation.I","Termness","preterm","Termnesspreterm",-0.31447103603316,0,1.76304000752469,0.85843348151934,1,0.85843348151934,1,NA,"prevalence",46,5
"PWY.4984..urea.cycle","acetate","acetate","acetate",-0.118905273130968,0,0.350149493288191,0.734169597538549,1,0.904569864564837,1,NA,"prevalence",46,36
"PWY.4984..urea.cycle","Antibiotics","Yes","AntibioticsYes",-0.239101425836024,0,1.11143235076677,0.829666677374561,1,0.852822197613293,1,NA,"prevalence",46,36
"PWY.4984..urea.cycle","butyrate","butyrate","butyrate",0.200365926909753,0,0.470094081249479,0.6699437827596,1,0.240167071576677,1,NA,"prevalence",46,36
"PWY.4984..urea.cycle","Delivery_mode","C-section","Delivery_modeC-section",0.805295004463655,0,1.08774482665386,0.45909706200607,1,0.228388224853462,1,NA,"prevalence",46,36
"PWY.4984..urea.cycle","Ethnicity","European","EthnicityEuropean",1.30758150642416,0,0.819687165853884,0.110663008118678,1,0.209079714871481,1,NA,"prevalence",46,36
"PWY.4984..urea.cycle","Feeding_method","Breastfed","Feeding_methodBreastfed",-0.840756275824116,0,0.822932222742626,0.306942228226004,1,0.519670924983664,1,NA,"prevalence",46,36
"PWY.4984..urea.cycle","isobutyrate","isobutyrate","isobutyrate",-0.817172147325338,0,0.549013276976239,0.136635458234019,1,0.254601668021218,1,NA,"prevalence",46,36
"PWY.4984..urea.cycle","Probiotics","Yes","ProbioticsYes",-0.371559949027568,0,1.38825702691904,0.788972646272641,1,0.0242779280427466,0.667830561436121,NA,"prevalence",46,36
"PWY.4984..urea.cycle","propionate","propionate","propionate",-0.0635423003672423,0,0.349970445154477,0.855924305465474,1,0.155005840941115,1,NA,"prevalence",46,36
"PWY.4984..urea.cycle","Read_depth","Read_depth","Read_depth",0.277006584780472,0,0.407100313472952,0.496227070917346,1,0.746212835923483,1,NA,"prevalence",46,36
"PWY.4984..urea.cycle","Sex","Female","SexFemale",-0.666024582759403,0,0.887589697045879,0.453029247153119,1,0.183576159451563,1,NA,"prevalence",46,36
"PWY.4984..urea.cycle","Termness","preterm","Termnesspreterm",-0.889087562674227,0,1.29976380370521,0.493951301806689,1,0.0286473378912155,0.735628013413803,NA,"prevalence",46,36
"PWY.5005..biotin.biosynthesis.II","acetate","acetate","acetate",-0.413675290497551,0,0.352133087043781,0.240086854718122,1,0.422532011627803,1,NA,"prevalence",46,38
"PWY.5005..biotin.biosynthesis.II","Antibiotics","Yes","AntibioticsYes",-0.22964170060149,0,1.13718297006334,0.839964337705142,1,0.449880929117923,1,NA,"prevalence",46,38
"PWY.5005..biotin.biosynthesis.II","butyrate","butyrate","butyrate",0.706113913092429,0,0.515107392393429,0.1704344661001,1,0.311821024965374,1,NA,"prevalence",46,38
"PWY.5005..biotin.biosynthesis.II","Delivery_mode","C-section","Delivery_modeC-section",0.622171210733135,0,1.04597124616697,0.551959582711645,1,0.799259784476077,1,NA,"prevalence",46,38
"PWY.5005..biotin.biosynthesis.II","Ethnicity","European","EthnicityEuropean",-0.548117975122957,0,0.826918947061418,0.507430692914749,1,0.757375477717555,1,NA,"prevalence",46,38
"PWY.5005..biotin.biosynthesis.II","Feeding_method","Breastfed","Feeding_methodBreastfed",-0.0212113082491319,0,0.827375073751755,0.979546976714678,1,0.972815236362291,1,NA,"prevalence",46,38
"PWY.5005..biotin.biosynthesis.II","isobutyrate","isobutyrate","isobutyrate",-0.660612749803019,0,0.58767598845825,0.260966151015404,1,0.0952132342591462,1,NA,"prevalence",46,38
"PWY.5005..biotin.biosynthesis.II","Probiotics","Yes","ProbioticsYes",0.100694434032428,0,1.45839794275015,0.944954155937706,1,0.967469244276301,1,NA,"prevalence",46,38
"PWY.5005..biotin.biosynthesis.II","propionate","propionate","propionate",0.00172082943670211,0,0.368916243853438,0.996278238534737,1,0.869364136853233,1,NA,"prevalence",46,38
"PWY.5005..biotin.biosynthesis.II","Read_depth","Read_depth","Read_depth",0.395317955460142,0,0.412199631421983,0.337536124898798,1,0.561141614185899,1,NA,"prevalence",46,38
"PWY.5005..biotin.biosynthesis.II","Sex","Female","SexFemale",-0.144326802885843,0,0.91073615398942,0.874084343538775,1,0.808313690648617,1,NA,"prevalence",46,38
"PWY.5005..biotin.biosynthesis.II","Termness","preterm","Termnesspreterm",-1.27376594043209,0,1.35209832987086,0.346158821929251,1,0.324256517670466,1,NA,"prevalence",46,38
"PWY.5028..L.histidine.degradation.II","acetate","acetate","acetate",-0.207250628863871,0,0.308404709579236,0.501578197162662,1,0.751575706456378,1,NA,"prevalence",46,23
"PWY.5028..L.histidine.degradation.II","Antibiotics","Yes","AntibioticsYes",-0.47365913976255,0,0.996755458654497,0.634643750833948,1,0.816714913355938,1,NA,"prevalence",46,23
"PWY.5028..L.histidine.degradation.II","butyrate","butyrate","butyrate",-0.563038806921491,0,0.406051225217907,0.165557623610953,1,0.3037059204862,1,NA,"prevalence",46,23
"PWY.5028..L.histidine.degradation.II","Delivery_mode","C-section","Delivery_modeC-section",0.849652600217225,0,0.875277325617685,0.331685797767426,1,0.257780650088763,1,NA,"prevalence",46,23
"PWY.5028..L.histidine.degradation.II","Ethnicity","European","EthnicityEuropean",0.505111000653998,0,0.689841874823712,0.464038737187672,1,0.603009069612884,1,NA,"prevalence",46,23
"PWY.5028..L.histidine.degradation.II","Feeding_method","Breastfed","Feeding_methodBreastfed",-0.351373420793369,0,0.682712168124759,0.606781645095092,1,0.845379325365878,1,NA,"prevalence",46,23
"PWY.5028..L.histidine.degradation.II","isobutyrate","isobutyrate","isobutyrate",0.286430192836278,0,0.447814986900325,0.522421461528363,1,0.771918739591295,1,NA,"prevalence",46,23
"PWY.5028..L.histidine.degradation.II","Probiotics","Yes","ProbioticsYes",0.954251058815358,0,1.31237207895235,0.467152880668898,1,0.530532549602569,1,NA,"prevalence",46,23
"PWY.5028..L.histidine.degradation.II","propionate","propionate","propionate",0.371396302827582,0,0.487583802683523,0.446234520388528,1,0.693343793590676,1,NA,"prevalence",46,23
"PWY.5028..L.histidine.degradation.II","Read_depth","Read_depth","Read_depth",0.0270603839207152,0,0.352979352403146,0.938891802266175,1,0.560824295068146,1,NA,"prevalence",46,23
"PWY.5028..L.histidine.degradation.II","Sex","Female","SexFemale",-0.902362512896629,0,0.703329035232117,0.199496379560342,1,0.359193953662999,1,NA,"prevalence",46,23
"PWY.5028..L.histidine.degradation.II","Termness","preterm","Termnesspreterm",-0.834432982621937,0,1.14632507890191,0.466662542797502,1,0.715551156744774,1,NA,"prevalence",46,23
"PWY.5030..L.histidine.degradation.III","acetate","acetate","acetate",0.165642708421549,0,0.32528095148369,0.610591255261054,1,0.848360829520838,1,NA,"prevalence",46,15
"PWY.5030..L.histidine.degradation.III","Antibiotics","Yes","AntibioticsYes",0.115922975675883,0,0.999396919580163,0.907658146015291,1,0.63009757824458,1,NA,"prevalence",46,15
"PWY.5030..L.histidine.degradation.III","butyrate","butyrate","butyrate",-0.0971288159010813,0,0.390736667951989,0.803686680533062,1,0.82137422892198,1,NA,"prevalence",46,15
"PWY.5030..L.histidine.degradation.III","Delivery_mode","C-section","Delivery_modeC-section",-0.188509152427603,0,0.848136663654308,0.82410938000144,1,0.557946198082545,1,NA,"prevalence",46,15
"PWY.5030..L.histidine.degradation.III","Ethnicity","European","EthnicityEuropean",-0.377808108222757,0,0.69565819615265,0.587064770941768,1,0.829484496602626,1,NA,"prevalence",46,15
"PWY.5030..L.histidine.degradation.III","Feeding_method","Breastfed","Feeding_methodBreastfed",0.384166514354274,0,0.679182489161899,0.571644806064841,1,0.816511827828772,1,NA,"prevalence",46,15
"PWY.5030..L.histidine.degradation.III","isobutyrate","isobutyrate","isobutyrate",-0.102664172088508,0,0.44657087563907,0.818173778224611,1,0.502122599705786,1,NA,"prevalence",46,15
"PWY.5030..L.histidine.degradation.III","Probiotics","Yes","ProbioticsYes",-0.0799860220814243,0,1.34439348897516,0.952557059038399,1,0.779218516308893,1,NA,"prevalence",46,15
"PWY.5030..L.histidine.degradation.III","propionate","propionate","propionate",0.557701563814562,0,0.453976417469623,0.219266324905082,1,0.390454928572784,1,NA,"prevalence",46,15
"PWY.5030..L.histidine.degradation.III","Read_depth","Read_depth","Read_depth",0.210930814105935,0,0.376370552344042,0.575183518454979,1,0.819530957007709,1,NA,"prevalence",46,15
"PWY.5030..L.histidine.degradation.III","Sex","Female","SexFemale",0.297253500718453,0,0.706385473301016,0.673894418462642,1,0.504520930424867,1,NA,"prevalence",46,15
"PWY.5030..L.histidine.degradation.III","Termness","preterm","Termnesspreterm",-0.509449108077823,0,1.18370540296795,0.666915569133047,1,0.889054761914038,1,NA,"prevalence",46,15
"PWY.5130..2.oxobutanoate.degradation.I","acetate","acetate","acetate",-0.024873740494155,0,0.332659774303565,0.940395871810132,1,0.652534468001418,1,NA,"prevalence",46,28
"PWY.5130..2.oxobutanoate.degradation.I","Antibiotics","Yes","AntibioticsYes",-1.48623568118999,0,1.14097549883757,0.192711059487574,1,0.348284566526324,1,NA,"prevalence",46,28
"PWY.5130..2.oxobutanoate.degradation.I","butyrate","butyrate","butyrate",0.54253358402182,0,0.478103460444324,0.256475100079357,1,0.44373305523903,1,NA,"prevalence",46,28
"PWY.5130..2.oxobutanoate.degradation.I","Delivery_mode","C-section","Delivery_modeC-section",-1.79965945016567,0,1.14839246862827,0.117088548984318,1,0.220467369665384,1,NA,"prevalence",46,28
"PWY.5130..2.oxobutanoate.degradation.I","Ethnicity","European","EthnicityEuropean",0.310654103660611,0,0.858745055990866,0.717536179099968,1,0.246637834523045,1,NA,"prevalence",46,28
"PWY.5130..2.oxobutanoate.degradation.I","Feeding_method","Breastfed","Feeding_methodBreastfed",-0.430888156428822,0,0.892042399093053,0.629070521976522,1,0.0658064996386033,0.939406669793546,NA,"prevalence",46,28
"PWY.5130..2.oxobutanoate.degradation.I","isobutyrate","isobutyrate","isobutyrate",-0.791746983717137,0,0.500409880791416,0.113604618002844,1,0.214303226774116,1,NA,"prevalence",46,28
"PWY.5130..2.oxobutanoate.degradation.I","Probiotics","Yes","ProbioticsYes",-0.765130167039888,0,1.37057833916941,0.576671286713234,1,0.820792800506971,1,NA,"prevalence",46,28
"PWY.5130..2.oxobutanoate.degradation.I","Read_depth","Read_depth","Read_depth",0.192212858010329,0,0.366273700800297,0.599736619858564,1,0.839789226517752,1,NA,"prevalence",46,28
"PWY.5130..2.oxobutanoate.degradation.I","Sex","Female","SexFemale",0.179016648393563,0,0.873766970669777,0.837666532917565,1,0.258570701554668,1,NA,"prevalence",46,28
"PWY.5130..2.oxobutanoate.degradation.I","Termness","preterm","Termnesspreterm",-1.02641142444655,0,1.20954665617381,0.396108448222414,1,0.635314993691659,1,NA,"prevalence",46,28
"PWY.5136..fatty.acid..beta..oxidation.II..plant.peroxisome.","acetate","acetate","acetate",0.257681416426177,0,0.506436743298179,0.610883558538985,1,0.848588394984716,1,NA,"prevalence",46,44
"PWY.5136..fatty.acid..beta..oxidation.II..plant.peroxisome.","Antibiotics","Yes","AntibioticsYes",-0.0253509052725578,0,1.48678346585523,0.986396058122158,1,0.991179109633992,1,NA,"prevalence",46,44
"PWY.5136..fatty.acid..beta..oxidation.II..plant.peroxisome.","butyrate","butyrate","butyrate",-0.257264830795092,0,0.553683356750476,0.642187476567516,1,0.174996376713711,1,NA,"prevalence",46,44
"PWY.5136..fatty.acid..beta..oxidation.II..plant.peroxisome.","Delivery_mode","C-section","Delivery_modeC-section",-0.962953847274913,0,1.2247302829857,0.431716417674931,1,0.48100214362029,1,NA,"prevalence",46,44
"PWY.5136..fatty.acid..beta..oxidation.II..plant.peroxisome.","Ethnicity","European","EthnicityEuropean",0.00090086806250082,0,0.99506147326168,0.999277644005408,1,0.98860456678685,1,NA,"prevalence",46,44
"PWY.5136..fatty.acid..beta..oxidation.II..plant.peroxisome.","Feeding_method","Breastfed","Feeding_methodBreastfed",0.15415792963629,0,0.992325664166054,0.876545290340093,1,0.984758934662788,1,NA,"prevalence",46,44
"PWY.5136..fatty.acid..beta..oxidation.II..plant.peroxisome.","isobutyrate","isobutyrate","isobutyrate",0.665399846753968,0,0.600897044988073,0.268145148994271,1,0.464388477059382,1,NA,"prevalence",46,44
"PWY.5136..fatty.acid..beta..oxidation.II..plant.peroxisome.","Probiotics","Yes","ProbioticsYes",0.113707439468003,0,2.26361624656569,0.9599369945695,1,0.523034702677696,1,NA,"prevalence",46,44
"PWY.5136..fatty.acid..beta..oxidation.II..plant.peroxisome.","propionate","propionate","propionate",0.296140841678402,0,0.426885480849225,0.48785510870157,1,0.737707610316919,1,NA,"prevalence",46,44
"PWY.5136..fatty.acid..beta..oxidation.II..plant.peroxisome.","Read_depth","Read_depth","Read_depth",-0.222381197995248,0,0.418979194802665,0.595578815315932,1,0.00402745123491314,0.246420349632463,NA,"prevalence",46,44
"PWY.5136..fatty.acid..beta..oxidation.II..plant.peroxisome.","Sex","Female","SexFemale",-0.224445552456683,0,1.00978909894738,0.824103913097251,1,0.964816808945814,1,NA,"prevalence",46,44
"PWY.5136..fatty.acid..beta..oxidation.II..plant.peroxisome.","Termness","preterm","Termnesspreterm",0.843034856650611,0,1.88458788811646,0.654635983162626,1,0.880723695873954,1,NA,"prevalence",46,44
"PWY.5138..fatty.acid..beta..oxidation.IV..unsaturated..even.number.","acetate","acetate","acetate",0.246008376502902,0,0.501864182358569,0.624000058470953,1,0.634018572041492,1,NA,"prevalence",46,43
"PWY.5138..fatty.acid..beta..oxidation.IV..unsaturated..even.number.","Antibiotics","Yes","AntibioticsYes",0.00852581401009888,0,1.48952501992243,0.995433055416258,1,0.993830456832188,1,NA,"prevalence",46,43
"PWY.5138..fatty.acid..beta..oxidation.IV..unsaturated..even.number.","butyrate","butyrate","butyrate",-0.368510272622525,0,0.551971853160666,0.504372921177977,1,0.754353798738349,1,NA,"prevalence",46,43
"PWY.5138..fatty.acid..beta..oxidation.IV..unsaturated..even.number.","Delivery_mode","C-section","Delivery_modeC-section",-0.779392995892658,0,1.24245470890673,0.530461993135358,1,0.184578809102787,1,NA,"prevalence",46,43
"PWY.5138..fatty.acid..beta..oxidation.IV..unsaturated..even.number.","Ethnicity","European","EthnicityEuropean",-0.0826254761290448,0,0.986606008326678,0.933257440499518,1,0.707229335482184,1,NA,"prevalence",46,43
"PWY.5138..fatty.acid..beta..oxidation.IV..unsaturated..even.number.","Feeding_method","Breastfed","Feeding_methodBreastfed",0.278282158161017,0,0.981273047207261,0.776722309276944,1,0.950147072825379,1,NA,"prevalence",46,43
"PWY.5138..fatty.acid..beta..oxidation.IV..unsaturated..even.number.","isobutyrate","isobutyrate","isobutyrate",0.797339640295658,0,0.60065917135769,0.184362828590823,1,0.334736004615637,1,NA,"prevalence",46,43
"PWY.5138..fatty.acid..beta..oxidation.IV..unsaturated..even.number.","Probiotics","Yes","ProbioticsYes",0.506936089844432,0,2.26998984204185,0.823285791155802,1,0.968772088392569,1,NA,"prevalence",46,43
"PWY.5138..fatty.acid..beta..oxidation.IV..unsaturated..even.number.","propionate","propionate","propionate",0.297058246972492,0,0.442223289992756,0.501750420900758,1,0.735375196607846,1,NA,"prevalence",46,43
"PWY.5138..fatty.acid..beta..oxidation.IV..unsaturated..even.number.","Read_depth","Read_depth","Read_depth",0.329863498300486,0,0.437184095647223,0.450537926974476,1,0.698091430306494,1,NA,"prevalence",46,43
"PWY.5138..fatty.acid..beta..oxidation.IV..unsaturated..even.number.","Sex","Female","SexFemale",-0.159436857745943,0,1.01131865203746,0.874730675471685,1,0.977144709538323,1,NA,"prevalence",46,43
"PWY.5138..fatty.acid..beta..oxidation.IV..unsaturated..even.number.","Termness","preterm","Termnesspreterm",0.89398366421733,0,1.88334847159068,0.635016660655806,1,0.697013583581417,1,NA,"prevalence",46,43
"PWY.5180..toluene.degradation.I..aerobic...via.o.cresol.","acetate","acetate","acetate",-0.441868016615255,0,0.408754010574257,0.27969174731232,1,0.481156021110022,1,NA,"prevalence",46,33
"PWY.5180..toluene.degradation.I..aerobic...via.o.cresol.","Antibiotics","Yes","AntibioticsYes",0.315821421205265,0,1.16983539923148,0.787182703124988,1,0.431478183037691,1,NA,"prevalence",46,33
"PWY.5180..toluene.degradation.I..aerobic...via.o.cresol.","butyrate","butyrate","butyrate",0.121074852724526,0,0.433839317720751,0.780185242735004,1,0.649314252164785,1,NA,"prevalence",46,33
"PWY.5180..toluene.degradation.I..aerobic...via.o.cresol.","Delivery_mode","C-section","Delivery_modeC-section",0.213287923010052,0,0.92698089109146,0.818022765936805,1,0.439104271861338,1,NA,"prevalence",46,33
"PWY.5180..toluene.degradation.I..aerobic...via.o.cresol.","Ethnicity","European","EthnicityEuropean",-0.642433437669899,0,0.759048639230908,0.397348249035956,1,0.636810867059971,1,NA,"prevalence",46,33
"PWY.5180..toluene.degradation.I..aerobic...via.o.cresol.","Feeding_method","Breastfed","Feeding_methodBreastfed",-0.41172584710849,0,0.753539644103871,0.584798501849885,1,0.8276077159339,1,NA,"prevalence",46,33
"PWY.5180..toluene.degradation.I..aerobic...via.o.cresol.","isobutyrate","isobutyrate","isobutyrate",-0.106944471084151,0,0.522479449301515,0.83781709652603,1,0.76538436224039,1,NA,"prevalence",46,33
"PWY.5180..toluene.degradation.I..aerobic...via.o.cresol.","Probiotics","Yes","ProbioticsYes",-1.54160135703168,0,1.89072128744017,0.414871464714825,1,0.382598661070707,1,NA,"prevalence",46,33
"PWY.5180..toluene.degradation.I..aerobic...via.o.cresol.","propionate","propionate","propionate",0.869720174557327,0,0.612724983030881,0.155773714203178,1,0.193089751555213,1,NA,"prevalence",46,33
"PWY.5180..toluene.degradation.I..aerobic...via.o.cresol.","Read_depth","Read_depth","Read_depth",0.335565942714215,0,0.430568766692823,0.435770594678899,1,0.681645178170997,1,NA,"prevalence",46,33
"PWY.5180..toluene.degradation.I..aerobic...via.o.cresol.","Sex","Female","SexFemale",-0.00142922473282915,0,0.812271843196369,0.998596090989274,1,0.484609353891524,1,NA,"prevalence",46,33
"PWY.5180..toluene.degradation.I..aerobic...via.o.cresol.","Termness","preterm","Termnesspreterm",1.53936923827298,0,1.70506450059055,0.366620530027574,1,0.598830447017449,1,NA,"prevalence",46,33
"PWY.5265..peptidoglycan.biosynthesis.II..staphylococci.","acetate","acetate","acetate",-0.160599332377678,0,0.431060090982601,0.70946975751994,1,0.846341721722491,1,NA,"prevalence",46,44
"PWY.5265..peptidoglycan.biosynthesis.II..staphylococci.","Antibiotics","Yes","AntibioticsYes",-0.478892428628132,0,1.35831010144914,0.72441467570261,1,0.640777748541794,1,NA,"prevalence",46,44
"PWY.5265..peptidoglycan.biosynthesis.II..staphylococci.","butyrate","butyrate","butyrate",0.12961925943204,0,0.598499330023911,0.828540524935421,1,0.947490562703804,1,NA,"prevalence",46,44
"PWY.5265..peptidoglycan.biosynthesis.II..staphylococci.","Delivery_mode","C-section","Delivery_modeC-section",-0.452389432698317,0,1.25190567287243,0.717829869065006,1,0.517419346536387,1,NA,"prevalence",46,44
"PWY.5265..peptidoglycan.biosynthesis.II..staphylococci.","Ethnicity","European","EthnicityEuropean",-0.934295365226987,0,1.02159540129404,0.360430338563137,1,0.590950648169536,1,NA,"prevalence",46,44
"PWY.5265..peptidoglycan.biosynthesis.II..staphylococci.","Feeding_method","Breastfed","Feeding_methodBreastfed",0.392889883824788,0,1.02135406625111,0.700477850831601,1,0.910286482157543,1,NA,"prevalence",46,44
"PWY.5265..peptidoglycan.biosynthesis.II..staphylococci.","isobutyrate","isobutyrate","isobutyrate",-0.190786959315074,0,0.596282233070717,0.748998022582852,1,0.936998007332681,1,NA,"prevalence",46,44
"PWY.5265..peptidoglycan.biosynthesis.II..staphylococci.","Probiotics","Yes","ProbioticsYes",-0.324633244534971,0,1.96730860641485,0.868933049868199,1,0.751332593521276,1,NA,"prevalence",46,44
"PWY.5265..peptidoglycan.biosynthesis.II..staphylococci.","propionate","propionate","propionate",0.099423448144836,0,0.419993083356768,0.81286905738705,1,0.184377294165476,1,NA,"prevalence",46,44
"PWY.5265..peptidoglycan.biosynthesis.II..staphylococci.","Read_depth","Read_depth","Read_depth",-0.0657867261996058,0,0.509831446223457,0.897328983479921,1,0.192735850864308,1,NA,"prevalence",46,44
"PWY.5265..peptidoglycan.biosynthesis.II..staphylococci.","Sex","Female","SexFemale",-0.700107272035513,0,1.11021185943756,0.528297578483114,1,0.667543309526697,1,NA,"prevalence",46,44
"PWY.5265..peptidoglycan.biosynthesis.II..staphylococci.","Termness","preterm","Termnesspreterm",-0.472806175768456,0,1.77515709917061,0.789972669822163,1,0.0695574248288722,0.949660048076833,NA,"prevalence",46,44
"PWY.5345..superpathway.of.L.methionine.biosynthesis..by.sulfhydrylation.","acetate","acetate","acetate",0.138933630042791,0,0.481539814025954,0.772949100177494,1,0.94844788888979,1,NA,"prevalence",46,45
"PWY.5345..superpathway.of.L.methionine.biosynthesis..by.sulfhydrylation.","Antibiotics","Yes","AntibioticsYes",-1.00113487424127,0,1.46791642212486,0.495232112804671,1,0.421521170162389,1,NA,"prevalence",46,45
"PWY.5345..superpathway.of.L.methionine.biosynthesis..by.sulfhydrylation.","butyrate","butyrate","butyrate",-0.0479692598386033,0,0.611994017716743,0.937524263215732,1,0.953121934819515,1,NA,"prevalence",46,45
"PWY.5345..superpathway.of.L.methionine.biosynthesis..by.sulfhydrylation.","Delivery_mode","C-section","Delivery_modeC-section",-0.311723492337287,0,1.23666903204771,0.800989252066674,1,0.64964663562693,1,NA,"prevalence",46,45
"PWY.5345..superpathway.of.L.methionine.biosynthesis..by.sulfhydrylation.","Ethnicity","European","EthnicityEuropean",-0.849215010836824,0,1.05280504274668,0.419884677114795,1,0.361126169529772,1,NA,"prevalence",46,45
"PWY.5345..superpathway.of.L.methionine.biosynthesis..by.sulfhydrylation.","Feeding_method","Breastfed","Feeding_methodBreastfed",0.622893996770808,0,1.05319197147736,0.554229374735997,1,0.614063840152375,1,NA,"prevalence",46,45
"PWY.5345..superpathway.of.L.methionine.biosynthesis..by.sulfhydrylation.","isobutyrate","isobutyrate","isobutyrate",-0.0639457261637364,0,0.615200282390734,0.917214630292676,1,0.891864617825292,1,NA,"prevalence",46,45
"PWY.5345..superpathway.of.L.methionine.biosynthesis..by.sulfhydrylation.","Probiotics","Yes","ProbioticsYes",0.107853982734293,0,2.16517205043661,0.960271308631085,1,0.884668651776208,1,NA,"prevalence",46,45
"PWY.5345..superpathway.of.L.methionine.biosynthesis..by.sulfhydrylation.","propionate","propionate","propionate",0.0286116650609356,0,0.483594308305992,0.952821003281021,1,0.912331307015379,1,NA,"prevalence",46,45
"PWY.5345..superpathway.of.L.methionine.biosynthesis..by.sulfhydrylation.","Read_depth","Read_depth","Read_depth",0.0152093545286477,0,0.476709375473332,0.974547908435241,1,0.942819449463405,1,NA,"prevalence",46,45
"PWY.5345..superpathway.of.L.methionine.biosynthesis..by.sulfhydrylation.","Sex","Female","SexFemale",-0.464176566834935,0,1.06555147251541,0.663111753097856,1,0.193820728309792,1,NA,"prevalence",46,45
"PWY.5345..superpathway.of.L.methionine.biosynthesis..by.sulfhydrylation.","Termness","preterm","Termnesspreterm",-0.0729096219874389,0,1.89717099820672,0.969344278738895,1,0.900327886227771,1,NA,"prevalence",46,45
"PWY.5367..petroselinate.biosynthesis","acetate","acetate","acetate",0.0802744029538199,0,0.375187800133145,0.830579868861691,1,0.918779951787234,1,NA,"prevalence",46,40
"PWY.5367..petroselinate.biosynthesis","Antibiotics","Yes","AntibioticsYes",-0.823552272676028,0,1.27809382940516,0.519342152039044,1,0.724795612571541,1,NA,"prevalence",46,40
"PWY.5367..petroselinate.biosynthesis","butyrate","butyrate","butyrate",-0.34572868424271,0,0.511682933346041,0.499250340254622,1,0.221656802029503,1,NA,"prevalence",46,40
"PWY.5367..petroselinate.biosynthesis","Delivery_mode","C-section","Delivery_modeC-section",-0.885122210742739,0,1.16374336578397,0.446906797903469,1,0.694087909794606,1,NA,"prevalence",46,40
"PWY.5367..petroselinate.biosynthesis","Ethnicity","European","EthnicityEuropean",-0.651950448994632,0,0.876319975251261,0.456898299613551,1,0.705040543037348,1,NA,"prevalence",46,40
"PWY.5367..petroselinate.biosynthesis","Feeding_method","Breastfed","Feeding_methodBreastfed",0.562163638953391,0,0.886275994667427,0.525885957985977,1,0.775215875165125,1,NA,"prevalence",46,40
"PWY.5367..petroselinate.biosynthesis","isobutyrate","isobutyrate","isobutyrate",0.405119688939257,0,0.503998169364754,0.421505658736346,1,0.312751064543711,1,NA,"prevalence",46,40
"PWY.5367..petroselinate.biosynthesis","Probiotics","Yes","ProbioticsYes",1.68809050972344,0,1.644296132564,0.304592782320764,1,0.516408801599623,1,NA,"prevalence",46,40
"PWY.5367..petroselinate.biosynthesis","propionate","propionate","propionate",-0.14359309059303,0,0.493686029303404,0.771159057562806,1,0.947631823064457,1,NA,"prevalence",46,40
"PWY.5367..petroselinate.biosynthesis","Read_depth","Read_depth","Read_depth",0.149759817289469,0,0.36092380654479,0.678189694798084,1,0.255103774917783,1,NA,"prevalence",46,40
"PWY.5367..petroselinate.biosynthesis","Sex","Female","SexFemale",-1.03174732240714,0,0.908280518700096,0.255983911077073,1,0.446440059423831,1,NA,"prevalence",46,40
"PWY.5367..petroselinate.biosynthesis","Termness","preterm","Termnesspreterm",-0.779968716263906,0,1.36105919165441,0.56660400186944,1,0.618691992216301,1,NA,"prevalence",46,40
"PWY.5392..reductive.TCA.cycle.II","acetate","acetate","acetate",-0.113505541664279,0,0.30721805428922,0.711783040798555,1,0.251619366263962,1,NA,"prevalence",46,20
"PWY.5392..reductive.TCA.cycle.II","Antibiotics","Yes","AntibioticsYes",-1.25557026403165,0,1.02610139186366,0.221091168507986,1,0.190325969038997,1,NA,"prevalence",46,20
"PWY.5392..reductive.TCA.cycle.II","butyrate","butyrate","butyrate",0.168989441856292,0,0.39949317238327,0.672288266381551,1,0.350719219562703,1,NA,"prevalence",46,20
"PWY.5392..reductive.TCA.cycle.II","Delivery_mode","C-section","Delivery_modeC-section",1.65391103752151,0,0.963562283562174,0.0860788471654508,1,0.00455635671100095,0.265662398349655,NA,"prevalence",46,20
"PWY.5392..reductive.TCA.cycle.II","Ethnicity","European","EthnicityEuropean",0.482491847552911,0,0.742454656309756,0.515782427757741,1,0.765533342731813,1,NA,"prevalence",46,20
"PWY.5392..reductive.TCA.cycle.II","Feeding_method","Breastfed","Feeding_methodBreastfed",-0.520299312129784,0,0.716370821390639,0.467655577035573,1,0.338174384637139,1,NA,"prevalence",46,20
"PWY.5392..reductive.TCA.cycle.II","isobutyrate","isobutyrate","isobutyrate",0.0476251315908419,0,0.439008874475004,0.913612326712857,1,0.759987546175001,1,NA,"prevalence",46,20
"PWY.5392..reductive.TCA.cycle.II","Probiotics","Yes","ProbioticsYes",1.15211047923324,0,1.32658248585103,0.385131566141479,1,0.621936809044369,1,NA,"prevalence",46,20
"PWY.5392..reductive.TCA.cycle.II","propionate","propionate","propionate",-0.367232106535692,0,0.333619443469318,0.271004820561768,1,0.0553929516066603,0.932926192497949,NA,"prevalence",46,20
"PWY.5392..reductive.TCA.cycle.II","Read_depth","Read_depth","Read_depth",0.433543565266914,0,0.410453178799143,0.290851347475887,1,0.497108188623235,1,NA,"prevalence",46,20
"PWY.5392..reductive.TCA.cycle.II","Sex","Female","SexFemale",-1.05797209297467,0,0.773393237874401,0.171324160215244,1,0.31329635255703,1,NA,"prevalence",46,20
"PWY.5392..reductive.TCA.cycle.II","Termness","preterm","Termnesspreterm",-0.301600679796194,0,1.14026116602753,0.791393582780826,1,0.559651064106953,1,NA,"prevalence",46,20
"PWY.5415..catechol.degradation.I..meta.cleavage.pathway.","acetate","acetate","acetate",-0.441868016615255,0,0.408754010574257,0.27969174731232,1,0.481156021110022,1,NA,"prevalence",46,33
"PWY.5415..catechol.degradation.I..meta.cleavage.pathway.","Antibiotics","Yes","AntibioticsYes",0.315821421205265,0,1.16983539923148,0.787182703124988,1,0.606708612599356,1,NA,"prevalence",46,33
"PWY.5415..catechol.degradation.I..meta.cleavage.pathway.","butyrate","butyrate","butyrate",0.121074852724526,0,0.433839317720751,0.780185242735004,1,0.951681472488531,1,NA,"prevalence",46,33
"PWY.5415..catechol.degradation.I..meta.cleavage.pathway.","Delivery_mode","C-section","Delivery_modeC-section",0.213287923010052,0,0.92698089109146,0.818022765936805,1,0.966884286282709,1,NA,"prevalence",46,33
"PWY.5415..catechol.degradation.I..meta.cleavage.pathway.","Ethnicity","European","EthnicityEuropean",-0.642433437669899,0,0.759048639230908,0.397348249035956,1,0.636810867059971,1,NA,"prevalence",46,33
"PWY.5415..catechol.degradation.I..meta.cleavage.pathway.","Feeding_method","Breastfed","Feeding_methodBreastfed",-0.41172584710849,0,0.753539644103871,0.584798501849885,1,0.533091552347164,1,NA,"prevalence",46,33
"PWY.5415..catechol.degradation.I..meta.cleavage.pathway.","isobutyrate","isobutyrate","isobutyrate",-0.106944471084151,0,0.522479449301515,0.83781709652603,1,0.973696705820753,1,NA,"prevalence",46,33
"PWY.5415..catechol.degradation.I..meta.cleavage.pathway.","Probiotics","Yes","ProbioticsYes",-1.54160135703168,0,1.89072128744017,0.414871464714825,1,0.657624597195025,1,NA,"prevalence",46,33
"PWY.5415..catechol.degradation.I..meta.cleavage.pathway.","propionate","propionate","propionate",0.869720174557327,0,0.612724983030881,0.155773714203178,1,0.287281978369703,1,NA,"prevalence",46,33
"PWY.5415..catechol.degradation.I..meta.cleavage.pathway.","Read_depth","Read_depth","Read_depth",0.335565942714215,0,0.430568766692823,0.435770594678899,1,0.681645178170997,1,NA,"prevalence",46,33
"PWY.5415..catechol.degradation.I..meta.cleavage.pathway.","Sex","Female","SexFemale",-0.00142922473282915,0,0.812271843196369,0.998596090989274,1,0.89242845730655,1,NA,"prevalence",46,33
"PWY.5415..catechol.degradation.I..meta.cleavage.pathway.","Termness","preterm","Termnesspreterm",1.53936923827298,0,1.70506450059055,0.366620530027574,1,0.598830447017449,1,NA,"prevalence",46,33
"PWY.5417..catechol.degradation.III..ortho.cleavage.pathway.","acetate","acetate","acetate",-0.288600430020737,0,0.416531702883438,0.488393987228875,1,0.738259287696432,1,NA,"prevalence",46,30
"PWY.5417..catechol.degradation.III..ortho.cleavage.pathway.","Antibiotics","Yes","AntibioticsYes",-0.765243562629532,0,1.14462811718097,0.503781219339957,1,0.306121611563497,1,NA,"prevalence",46,30
"PWY.5417..catechol.degradation.III..ortho.cleavage.pathway.","butyrate","butyrate","butyrate",-0.315584291719461,0,0.446009171309159,0.479210124460263,1,0.728777905535306,1,NA,"prevalence",46,30
"PWY.5417..catechol.degradation.III..ortho.cleavage.pathway.","Delivery_mode","C-section","Delivery_modeC-section",0.689844391162957,0,0.995940454144327,0.488525294063818,1,0.0625788686914958,0.932926192497949,NA,"prevalence",46,30
"PWY.5417..catechol.degradation.III..ortho.cleavage.pathway.","Ethnicity","European","EthnicityEuropean",0.704282884292585,0,0.7703707007769,0.360604951695871,1,0.59117397220416,1,NA,"prevalence",46,30
"PWY.5417..catechol.degradation.III..ortho.cleavage.pathway.","Feeding_method","Breastfed","Feeding_methodBreastfed",-0.194389207809362,0,0.756246815105458,0.797144294912613,1,0.473536929120433,1,NA,"prevalence",46,30
"PWY.5417..catechol.degradation.III..ortho.cleavage.pathway.","isobutyrate","isobutyrate","isobutyrate",-0.195691410832315,0,0.529437148930336,0.711664448019333,1,0.916862609464004,1,NA,"prevalence",46,30
"PWY.5417..catechol.degradation.III..ortho.cleavage.pathway.","Probiotics","Yes","ProbioticsYes",-0.51505192969009,0,1.89516537728233,0.785797723487589,1,0.521423255112244,1,NA,"prevalence",46,30
"PWY.5417..catechol.degradation.III..ortho.cleavage.pathway.","propionate","propionate","propionate",0.863410099164938,0,0.629202510536814,0.169992077489054,1,0.311086848569063,1,NA,"prevalence",46,30
"PWY.5417..catechol.degradation.III..ortho.cleavage.pathway.","Read_depth","Read_depth","Read_depth",1.05812736373545,0,0.612995388196336,0.0843188536830178,1,0.161528038279618,1,NA,"prevalence",46,30
"PWY.5417..catechol.degradation.III..ortho.cleavage.pathway.","Sex","Female","SexFemale",0.075011255667215,0,0.79099732713004,0.924448874458596,1,0.170644270658147,1,NA,"prevalence",46,30
"PWY.5417..catechol.degradation.III..ortho.cleavage.pathway.","Termness","preterm","Termnesspreterm",1.71465978059994,0,1.72755603205339,0.320936627659848,1,0.394497179953973,1,NA,"prevalence",46,30
"PWY.5431..aromatic.compounds.degradation.via..beta..ketoadipate","acetate","acetate","acetate",-0.288600430020737,0,0.416531702883438,0.488393987228875,1,0.738259287696432,1,NA,"prevalence",46,30
"PWY.5431..aromatic.compounds.degradation.via..beta..ketoadipate","Antibiotics","Yes","AntibioticsYes",-0.765243562629532,0,1.14462811718097,0.503781219339957,1,0.306135837478157,1,NA,"prevalence",46,30
"PWY.5431..aromatic.compounds.degradation.via..beta..ketoadipate","butyrate","butyrate","butyrate",-0.315584291719461,0,0.446009171309159,0.479210124460263,1,0.728777905535306,1,NA,"prevalence",46,30
"PWY.5431..aromatic.compounds.degradation.via..beta..ketoadipate","Delivery_mode","C-section","Delivery_modeC-section",0.689844391162957,0,0.995940454144327,0.488525294063818,1,0.0625252239420875,0.932926192497949,NA,"prevalence",46,30
"PWY.5431..aromatic.compounds.degradation.via..beta..ketoadipate","Ethnicity","European","EthnicityEuropean",0.704282884292585,0,0.7703707007769,0.360604951695871,1,0.59117397220416,1,NA,"prevalence",46,30
"PWY.5431..aromatic.compounds.degradation.via..beta..ketoadipate","Feeding_method","Breastfed","Feeding_methodBreastfed",-0.194389207809362,0,0.756246815105458,0.797144294912613,1,0.473649300731417,1,NA,"prevalence",46,30
"PWY.5431..aromatic.compounds.degradation.via..beta..ketoadipate","isobutyrate","isobutyrate","isobutyrate",-0.195691410832315,0,0.529437148930336,0.711664448019333,1,0.916862609464004,1,NA,"prevalence",46,30
"PWY.5431..aromatic.compounds.degradation.via..beta..ketoadipate","Probiotics","Yes","ProbioticsYes",-0.51505192969009,0,1.89516537728233,0.785797723487589,1,0.521711760309864,1,NA,"prevalence",46,30
"PWY.5431..aromatic.compounds.degradation.via..beta..ketoadipate","propionate","propionate","propionate",0.863410099164938,0,0.629202510536814,0.169992077489054,1,0.311086848569063,1,NA,"prevalence",46,30
"PWY.5431..aromatic.compounds.degradation.via..beta..ketoadipate","Read_depth","Read_depth","Read_depth",1.05812736373545,0,0.612995388196336,0.0843188536830178,1,0.161528038279618,1,NA,"prevalence",46,30
"PWY.5431..aromatic.compounds.degradation.via..beta..ketoadipate","Sex","Female","SexFemale",0.075011255667215,0,0.79099732713004,0.924448874458596,1,0.170773917525927,1,NA,"prevalence",46,30
"PWY.5431..aromatic.compounds.degradation.via..beta..ketoadipate","Termness","preterm","Termnesspreterm",1.71465978059994,0,1.72755603205339,0.320936627659848,1,0.394253385211523,1,NA,"prevalence",46,30
"PWY.5497..purine.nucleobases.degradation.II..anaerobic.","acetate","acetate","acetate",0.418739724298005,0,0.329022354395719,0.203132098349797,1,0.271091241025443,1,NA,"prevalence",46,29
"PWY.5497..purine.nucleobases.degradation.II..anaerobic.","Antibiotics","Yes","AntibioticsYes",0.190105906955369,0,1.10637167601144,0.863572556946617,1,0.555910497817168,1,NA,"prevalence",46,29
"PWY.5497..purine.nucleobases.degradation.II..anaerobic.","butyrate","butyrate","butyrate",-0.669187733537424,0,0.448548469962678,0.135726373238548,1,0.253031098084606,1,NA,"prevalence",46,29
"PWY.5497..purine.nucleobases.degradation.II..anaerobic.","Delivery_mode","C-section","Delivery_modeC-section",-1.63535608157191,0,1.02071064710382,0.109117133200721,1,0.206327717643498,1,NA,"prevalence",46,29
"PWY.5497..purine.nucleobases.degradation.II..anaerobic.","Ethnicity","European","EthnicityEuropean",0.168182698121499,0,0.753093163091341,0.823284465069449,1,0.508645009932113,1,NA,"prevalence",46,29
"PWY.5497..purine.nucleobases.degradation.II..anaerobic.","Feeding_method","Breastfed","Feeding_methodBreastfed",-1.52743843561105,0,0.791257978691908,0.0535582285280375,1,0.104247973213014,1,NA,"prevalence",46,29
"PWY.5497..purine.nucleobases.degradation.II..anaerobic.","isobutyrate","isobutyrate","isobutyrate",0.467788918791829,0,0.469244241945672,0.318813740683355,1,0.535985280118196,1,NA,"prevalence",46,29
"PWY.5497..purine.nucleobases.degradation.II..anaerobic.","Probiotics","Yes","ProbioticsYes",0.115380516089628,0,1.35779822016259,0.93228032187534,1,0.227572184314314,1,NA,"prevalence",46,29
"PWY.5497..purine.nucleobases.degradation.II..anaerobic.","propionate","propionate","propionate",-0.209866010097934,0,0.414509979896654,0.612646728026804,1,0.849957442691659,1,NA,"prevalence",46,29
"PWY.5497..purine.nucleobases.degradation.II..anaerobic.","Read_depth","Read_depth","Read_depth",-0.142926953940605,0,0.344205254597317,0.677967997189523,1,0.896295389165873,1,NA,"prevalence",46,29
"PWY.5497..purine.nucleobases.degradation.II..anaerobic.","Sex","Female","SexFemale",-0.265303044221223,0,0.805477686952563,0.741873358401705,1,0.933370636897185,1,NA,"prevalence",46,29
"PWY.5497..purine.nucleobases.degradation.II..anaerobic.","Termness","preterm","Termnesspreterm",0.520300061906901,0,1.16417919833942,0.654929663132163,1,0.0502757097317447,0.929725438173607,NA,"prevalence",46,29
"PWY.5505..L.glutamate.and.L.glutamine.biosynthesis","acetate","acetate","acetate",-0.158398357313966,0,0.357743183102929,0.657931279460531,1,0.798478072072162,1,NA,"prevalence",46,33
"PWY.5505..L.glutamate.and.L.glutamine.biosynthesis","Antibiotics","Yes","AntibioticsYes",-1.76114901909213,0,1.25636414442179,0.160980265761725,1,0.296045885558734,1,NA,"prevalence",46,33
"PWY.5505..L.glutamate.and.L.glutamine.biosynthesis","butyrate","butyrate","butyrate",-0.0525251227005194,0,0.494167572881359,0.915352182999699,1,0.133889145882418,1,NA,"prevalence",46,33
"PWY.5505..L.glutamate.and.L.glutamine.biosynthesis","Delivery_mode","C-section","Delivery_modeC-section",-1.0459586815684,0,1.17177150464168,0.372055218482569,1,0.605685351365026,1,NA,"prevalence",46,33
"PWY.5505..L.glutamate.and.L.glutamine.biosynthesis","Ethnicity","European","EthnicityEuropean",0.99132692803847,0,0.82758570307056,0.230973821238909,1,0.408598736380114,1,NA,"prevalence",46,33
"PWY.5505..L.glutamate.and.L.glutamine.biosynthesis","Feeding_method","Breastfed","Feeding_methodBreastfed",-0.729989428634058,0,0.866151928336263,0.399342514465569,1,0.639210585071455,1,NA,"prevalence",46,33
"PWY.5505..L.glutamate.and.L.glutamine.biosynthesis","isobutyrate","isobutyrate","isobutyrate",-0.632995429850774,0,0.495267969505586,0.201218840058724,1,0.36194865852287,1,NA,"prevalence",46,33
"PWY.5505..L.glutamate.and.L.glutamine.biosynthesis","Probiotics","Yes","ProbioticsYes",0.655265500239871,0,1.5435677897359,0.67119129805566,1,0.677854365341237,1,NA,"prevalence",46,33
"PWY.5505..L.glutamate.and.L.glutamine.biosynthesis","propionate","propionate","propionate",0.749623695796165,0,0.590328427762524,0.204140998430148,1,0.366608449620238,1,NA,"prevalence",46,33
"PWY.5505..L.glutamate.and.L.glutamine.biosynthesis","Read_depth","Read_depth","Read_depth",-0.275774238745921,0,0.385973316534408,0.474923975191898,1,0.724295168171722,1,NA,"prevalence",46,33
"PWY.5505..L.glutamate.and.L.glutamine.biosynthesis","Termness","preterm","Termnesspreterm",-0.680947325193668,0,1.40012786822376,0.626721496878005,1,0.860663159107003,1,NA,"prevalence",46,33
"PWY.561..superpathway.of.glyoxylate.cycle.and.fatty.acid.degradation","acetate","acetate","acetate",0.246008376502902,0,0.501864182358569,0.624000058470953,1,0.64788806400515,1,NA,"prevalence",46,43
"PWY.561..superpathway.of.glyoxylate.cycle.and.fatty.acid.degradation","Antibiotics","Yes","AntibioticsYes",0.00852581401009888,0,1.48952501992243,0.995433055416258,1,0.523176392705381,1,NA,"prevalence",46,43
"PWY.561..superpathway.of.glyoxylate.cycle.and.fatty.acid.degradation","butyrate","butyrate","butyrate",-0.368510272622525,0,0.551971853160666,0.504372921177977,1,0.754353798738349,1,NA,"prevalence",46,43
"PWY.561..superpathway.of.glyoxylate.cycle.and.fatty.acid.degradation","Delivery_mode","C-section","Delivery_modeC-section",-0.779392995892658,0,1.24245470890673,0.530461993135358,1,0.77953406010958,1,NA,"prevalence",46,43
"PWY.561..superpathway.of.glyoxylate.cycle.and.fatty.acid.degradation","Ethnicity","European","EthnicityEuropean",-0.0826254761290448,0,0.986606008326678,0.933257440499518,1,0.995545430751325,1,NA,"prevalence",46,43
"PWY.561..superpathway.of.glyoxylate.cycle.and.fatty.acid.degradation","Feeding_method","Breastfed","Feeding_methodBreastfed",0.278282158161017,0,0.981273047207261,0.776722309276944,1,0.752233638230875,1,NA,"prevalence",46,43
"PWY.561..superpathway.of.glyoxylate.cycle.and.fatty.acid.degradation","isobutyrate","isobutyrate","isobutyrate",0.797339640295658,0,0.60065917135769,0.184362828590823,1,0.334736004615637,1,NA,"prevalence",46,43
"PWY.561..superpathway.of.glyoxylate.cycle.and.fatty.acid.degradation","Probiotics","Yes","ProbioticsYes",0.506936089844432,0,2.26998984204185,0.823285791155802,1,0.968772088392569,1,NA,"prevalence",46,43
"PWY.561..superpathway.of.glyoxylate.cycle.and.fatty.acid.degradation","propionate","propionate","propionate",0.297058246972492,0,0.442223289992756,0.501750420900758,1,0.751747356927428,1,NA,"prevalence",46,43
"PWY.561..superpathway.of.glyoxylate.cycle.and.fatty.acid.degradation","Read_depth","Read_depth","Read_depth",0.329863498300486,0,0.437184095647223,0.450537926974476,1,0.698091430306494,1,NA,"prevalence",46,43
"PWY.561..superpathway.of.glyoxylate.cycle.and.fatty.acid.degradation","Sex","Female","SexFemale",-0.159436857745943,0,1.01131865203746,0.874730675471685,1,0.98430759633222,1,NA,"prevalence",46,43
"PWY.561..superpathway.of.glyoxylate.cycle.and.fatty.acid.degradation","Termness","preterm","Termnesspreterm",0.89398366421733,0,1.88334847159068,0.635016660655806,1,0.835499667282607,1,NA,"prevalence",46,43
"PWY.5654..2.amino.3.carboxymuconate.semialdehyde.degradation.to.2.hydroxypentadienoate","acetate","acetate","acetate",0.207387665908892,0,0.39018026468374,0.595060169576969,1,0.595060169576969,1,NA,"prevalence",46,12
"PWY.5654..2.amino.3.carboxymuconate.semialdehyde.degradation.to.2.hydroxypentadienoate","Antibiotics","Yes","AntibioticsYes",-0.898167223809405,0,1.01303956436326,0.375290920028868,1,0.375290920028868,1,NA,"prevalence",46,12
"PWY.5654..2.amino.3.carboxymuconate.semialdehyde.degradation.to.2.hydroxypentadienoate","butyrate","butyrate","butyrate",-0.0593926585015625,0,0.422756650444375,0.888273644077478,1,0.888273644077478,1,NA,"prevalence",46,12
"PWY.5654..2.amino.3.carboxymuconate.semialdehyde.degradation.to.2.hydroxypentadienoate","Delivery_mode","C-section","Delivery_modeC-section",-0.135787745969566,0,0.940740769922811,0.885230966839222,1,0.885230966839222,1,NA,"prevalence",46,12
"PWY.5654..2.amino.3.carboxymuconate.semialdehyde.degradation.to.2.hydroxypentadienoate","Ethnicity","European","EthnicityEuropean",0.08846755701996,0,0.769787398575412,0.908504836717682,1,0.908504836717682,1,NA,"prevalence",46,12
"PWY.5654..2.amino.3.carboxymuconate.semialdehyde.degradation.to.2.hydroxypentadienoate","Feeding_method","Breastfed","Feeding_methodBreastfed",0.173907665668989,0,0.723910552431428,0.810149137665721,1,0.810149137665721,1,NA,"prevalence",46,12
"PWY.5654..2.amino.3.carboxymuconate.semialdehyde.degradation.to.2.hydroxypentadienoate","isobutyrate","isobutyrate","isobutyrate",0.00410975153318877,0,0.497361247919316,0.993407065798824,1,0.993407065798824,1,NA,"prevalence",46,12
"PWY.5654..2.amino.3.carboxymuconate.semialdehyde.degradation.to.2.hydroxypentadienoate","Probiotics","Yes","ProbioticsYes",2.70624504576546,0,1.79859423582069,0.132415481668641,1,0.132415481668641,1,NA,"prevalence",46,12
"PWY.5654..2.amino.3.carboxymuconate.semialdehyde.degradation.to.2.hydroxypentadienoate","propionate","propionate","propionate",0.462842866800266,0,0.482642616323825,0.337570646746574,1,0.337570646746574,1,NA,"prevalence",46,12
"PWY.5654..2.amino.3.carboxymuconate.semialdehyde.degradation.to.2.hydroxypentadienoate","Read_depth","Read_depth","Read_depth",0.878938141079447,0,0.601831765890545,0.144169662251092,1,0.144169662251092,1,NA,"prevalence",46,12
"PWY.5654..2.amino.3.carboxymuconate.semialdehyde.degradation.to.2.hydroxypentadienoate","Sex","Female","SexFemale",-0.100688590756575,0,0.775435710865297,0.896686875040807,1,0.896686875040807,1,NA,"prevalence",46,12
"PWY.5654..2.amino.3.carboxymuconate.semialdehyde.degradation.to.2.hydroxypentadienoate","Termness","preterm","Termnesspreterm",-0.994423148757809,0,1.66118908714825,0.549425457760754,1,0.549425457760754,1,NA,"prevalence",46,12
"PWY.5656..mannosylglycerate.biosynthesis.I","acetate","acetate","acetate",0.00712803614321224,0,0.399577375892963,0.985767341447196,1,0.933674056856736,1,NA,"prevalence",46,23
"PWY.5656..mannosylglycerate.biosynthesis.I","Antibiotics","Yes","AntibioticsYes",-0.122718262027364,0,1.09194973228018,0.910518517561324,1,0.389614320820847,1,NA,"prevalence",46,23
"PWY.5656..mannosylglycerate.biosynthesis.I","Delivery_mode","C-section","Delivery_modeC-section",-1.87413692402747,0,1.05699018256767,0.076214076703931,1,0.146619567920029,1,NA,"prevalence",46,23
"PWY.5656..mannosylglycerate.biosynthesis.I","Ethnicity","European","EthnicityEuropean",0.845051982983452,0,0.816338883335334,0.300588118715735,1,0.510823020318405,1,NA,"prevalence",46,23
"PWY.5656..mannosylglycerate.biosynthesis.I","Feeding_method","Breastfed","Feeding_methodBreastfed",0.134164775490138,0,0.824599968178761,0.870752392837417,1,0.330598559764662,1,NA,"prevalence",46,23
"PWY.5656..mannosylglycerate.biosynthesis.I","isobutyrate","isobutyrate","isobutyrate",0.846078116979178,0,0.502704956363004,0.0923652045582712,1,0.176199078103451,1,NA,"prevalence",46,23
"PWY.5656..mannosylglycerate.biosynthesis.I","Probiotics","Yes","ProbioticsYes",3.61111838915717,0,1.86652958406505,0.0530308304273229,1,0.0530308304273229,0.932926192497949,NA,"prevalence",46,23
"PWY.5656..mannosylglycerate.biosynthesis.I","propionate","propionate","propionate",-0.127232744861844,0,0.374945767193382,0.734356328356599,1,0.929433439715813,1,NA,"prevalence",46,23
"PWY.5656..mannosylglycerate.biosynthesis.I","Read_depth","Read_depth","Read_depth",-0.424877800288599,0,0.342498592914594,0.214781561022071,1,0.383432003089063,1,NA,"prevalence",46,23
"PWY.5656..mannosylglycerate.biosynthesis.I","Sex","Female","SexFemale",-1.32825511027028,0,0.816754752779846,0.10389448053221,1,0.196994897979362,1,NA,"prevalence",46,23
"PWY.5656..mannosylglycerate.biosynthesis.I","Termness","preterm","Termnesspreterm",-2.59171146321677,0,1.72970989315216,0.134042242959309,1,0.250117163021055,1,NA,"prevalence",46,23
"PWY.5676..acetyl.CoA.fermentation.to.butanoate.II","acetate","acetate","acetate",-0.0288549678604303,0,0.318767150949943,0.927873589292377,1,0.365836990679176,1,NA,"prevalence",46,25
"PWY.5676..acetyl.CoA.fermentation.to.butanoate.II","Antibiotics","Yes","AntibioticsYes",-1.38078550529838,0,1.02399024791705,0.177518131643532,1,0.323523576224854,1,NA,"prevalence",46,25
"PWY.5676..acetyl.CoA.fermentation.to.butanoate.II","butyrate","butyrate","butyrate",0.350412246100799,0,0.405500959333615,0.387507402099126,1,0.290776687554875,1,NA,"prevalence",46,25
"PWY.5676..acetyl.CoA.fermentation.to.butanoate.II","Delivery_mode","C-section","Delivery_modeC-section",-1.46018650539192,0,0.927553177882953,0.115433173346533,1,0.0251704119225404,0.685409678506101,NA,"prevalence",46,25
"PWY.5676..acetyl.CoA.fermentation.to.butanoate.II","Ethnicity","European","EthnicityEuropean",-0.657747817855657,0,0.7235669395488,0.363331545394545,1,0.0319838126814287,0.780846185463847,NA,"prevalence",46,25
"PWY.5676..acetyl.CoA.fermentation.to.butanoate.II","Feeding_method","Breastfed","Feeding_methodBreastfed",-0.830803797003067,0,0.720976205282627,0.249184760793495,1,0.436276476575278,1,NA,"prevalence",46,25
"PWY.5676..acetyl.CoA.fermentation.to.butanoate.II","isobutyrate","isobutyrate","isobutyrate",0.239144670048383,0,0.463539046665075,0.605916907077651,1,0.221712519738074,1,NA,"prevalence",46,25
"PWY.5676..acetyl.CoA.fermentation.to.butanoate.II","Probiotics","Yes","ProbioticsYes",0.638903170162513,0,1.35465195414315,0.637186340910747,1,0.868366248778267,1,NA,"prevalence",46,25
"PWY.5676..acetyl.CoA.fermentation.to.butanoate.II","propionate","propionate","propionate",-0.338681306050631,0,0.497788066076965,0.496268635343116,1,0.746254712260913,1,NA,"prevalence",46,25
"PWY.5676..acetyl.CoA.fermentation.to.butanoate.II","Read_depth","Read_depth","Read_depth",0.374133925209553,0,0.428978186869636,0.383125789914494,1,0.619466208931383,1,NA,"prevalence",46,25
"PWY.5676..acetyl.CoA.fermentation.to.butanoate.II","Sex","Female","SexFemale",-0.280114894448695,0,0.741397491344917,0.705564220777013,1,0.600462316592334,1,NA,"prevalence",46,25
"PWY.5676..acetyl.CoA.fermentation.to.butanoate.II","Termness","preterm","Termnesspreterm",0.204295439351859,0,1.16325349374081,0.86058920580669,1,0.755992167360731,1,NA,"prevalence",46,25
"PWY.5692..allantoin.degradation.to.glyoxylate.II","acetate","acetate","acetate",0.195910593152752,0,0.38711578208928,0.612802234275536,1,0.850077890217983,1,NA,"prevalence",46,14
"PWY.5692..allantoin.degradation.to.glyoxylate.II","Antibiotics","Yes","AntibioticsYes",0.613491984657689,0,1.04742021105441,0.558065604805447,1,0.684477128622316,1,NA,"prevalence",46,14
"PWY.5692..allantoin.degradation.to.glyoxylate.II","butyrate","butyrate","butyrate",-0.369074292570931,0,0.427231833759333,0.387657343272569,1,0.625036470751991,1,NA,"prevalence",46,14
"PWY.5692..allantoin.degradation.to.glyoxylate.II","Delivery_mode","C-section","Delivery_modeC-section",-1.83902558110475,0,0.939803878732011,0.0503688156203017,1,0.0982006136536114,1,NA,"prevalence",46,14
"PWY.5692..allantoin.degradation.to.glyoxylate.II","Ethnicity","European","EthnicityEuropean",7.50744338261196e-05,0,0.741909762757111,0.999919261432366,1,0.417551207377631,1,NA,"prevalence",46,14
"PWY.5692..allantoin.degradation.to.glyoxylate.II","Feeding_method","Breastfed","Feeding_methodBreastfed",-0.13842201499331,0,0.723427126504239,0.84825763411987,1,0.521326617004355,1,NA,"prevalence",46,14
"PWY.5692..allantoin.degradation.to.glyoxylate.II","isobutyrate","isobutyrate","isobutyrate",-0.117727440142124,0,0.494359192748187,0.811771347407784,1,0.823470205832321,1,NA,"prevalence",46,14
"PWY.5692..allantoin.degradation.to.glyoxylate.II","Probiotics","Yes","ProbioticsYes",1.11321229572515,0,1.81111322215361,0.538781672773729,1,0.538781672773729,1,NA,"prevalence",46,14
"PWY.5692..allantoin.degradation.to.glyoxylate.II","propionate","propionate","propionate",-0.363126076005738,0,0.387862686754255,0.349158240412924,1,0.576405003977599,1,NA,"prevalence",46,14
"PWY.5692..allantoin.degradation.to.glyoxylate.II","Read_depth","Read_depth","Read_depth",-0.053265608234439,0,0.385848485068671,0.890202489191673,1,0.423908505202434,1,NA,"prevalence",46,14
"PWY.5692..allantoin.degradation.to.glyoxylate.II","Sex","Female","SexFemale",0.177264629983783,0,0.80803507168079,0.826356076478956,1,0.582421485056225,1,NA,"prevalence",46,14
"PWY.5692..allantoin.degradation.to.glyoxylate.II","Termness","preterm","Termnesspreterm",-0.402662042231256,0,1.71758336361715,0.814647114904323,1,0.812181089702651,1,NA,"prevalence",46,14
"PWY.5705..allantoin.degradation.to.glyoxylate.III","acetate","acetate","acetate",-0.0945828919799619,0,0.333103344014451,0.77645284536756,1,0.57690797612374,1,NA,"prevalence",46,24
"PWY.5705..allantoin.degradation.to.glyoxylate.III","Antibiotics","Yes","AntibioticsYes",1.78155081352066,0,1.1164225841302,0.110540724406738,1,0.20886219706111,1,NA,"prevalence",46,24
"PWY.5705..allantoin.degradation.to.glyoxylate.III","butyrate","butyrate","butyrate",-0.340496634126333,0,0.420377041013033,0.417952164914725,1,0.661220317672544,1,NA,"prevalence",46,24
"PWY.5705..allantoin.degradation.to.glyoxylate.III","Delivery_mode","C-section","Delivery_modeC-section",-1.11737251616637,0,0.921810644228243,0.225455073429133,1,0.40008015672333,1,NA,"prevalence",46,24
"PWY.5705..allantoin.degradation.to.glyoxylate.III","Ethnicity","European","EthnicityEuropean",0.686110683195223,0,0.767833698655227,0.371553728828854,1,0.605055284251082,1,NA,"prevalence",46,24
"PWY.5705..allantoin.degradation.to.glyoxylate.III","Feeding_method","Breastfed","Feeding_methodBreastfed",-1.25197550630082,0,0.76303936218428,0.100844239353227,1,0.191518918095722,1,NA,"prevalence",46,24
"PWY.5705..allantoin.degradation.to.glyoxylate.III","isobutyrate","isobutyrate","isobutyrate",0.647055810731042,0,0.457613616467867,0.157368218013454,1,0.289971679986177,1,NA,"prevalence",46,24
"PWY.5705..allantoin.degradation.to.glyoxylate.III","Probiotics","Yes","ProbioticsYes",0.348323347138566,0,1.43965770709832,0.808819894152233,1,0.95778308515336,1,NA,"prevalence",46,24
"PWY.5705..allantoin.degradation.to.glyoxylate.III","propionate","propionate","propionate",-0.153437515286262,0,0.373231978369981,0.680995577580032,1,0.898236178476502,1,NA,"prevalence",46,24
"PWY.5705..allantoin.degradation.to.glyoxylate.III","Read_depth","Read_depth","Read_depth",-0.138001386204748,0,0.330180441506943,0.675978203427009,1,0.878176893617593,1,NA,"prevalence",46,24
"PWY.5705..allantoin.degradation.to.glyoxylate.III","Sex","Female","SexFemale",-0.159703479218702,0,0.772456056844636,0.836206937163354,1,0.682795248187069,1,NA,"prevalence",46,24
"PWY.5705..allantoin.degradation.to.glyoxylate.III","Termness","preterm","Termnesspreterm",-0.582001062807705,0,1.23979672980957,0.638760416048889,1,0.869505962986828,1,NA,"prevalence",46,24
"PWY.5723..Rubisco.shunt","acetate","acetate","acetate",0.246008376502902,0,0.501864182358569,0.624000058470953,1,0.683272323789115,1,NA,"prevalence",46,43
"PWY.5723..Rubisco.shunt","Antibiotics","Yes","AntibioticsYes",0.00852581401009888,0,1.48952501992243,0.995433055416258,1,0.947879666539747,1,NA,"prevalence",46,43
"PWY.5723..Rubisco.shunt","butyrate","butyrate","butyrate",-0.368510272622525,0,0.551971853160666,0.504372921177977,1,0.754353798738349,1,NA,"prevalence",46,43
"PWY.5723..Rubisco.shunt","Delivery_mode","C-section","Delivery_modeC-section",-0.779392995892658,0,1.24245470890673,0.530461993135358,1,0.373311763269628,1,NA,"prevalence",46,43
"PWY.5723..Rubisco.shunt","Ethnicity","European","EthnicityEuropean",-0.0826254761290448,0,0.986606008326678,0.933257440499518,1,0.637803032576976,1,NA,"prevalence",46,43
"PWY.5723..Rubisco.shunt","Feeding_method","Breastfed","Feeding_methodBreastfed",0.278282158161017,0,0.981273047207261,0.776722309276944,1,0.709396721646037,1,NA,"prevalence",46,43
"PWY.5723..Rubisco.shunt","isobutyrate","isobutyrate","isobutyrate",0.797339640295658,0,0.60065917135769,0.184362828590823,1,0.334736004615637,1,NA,"prevalence",46,43
"PWY.5723..Rubisco.shunt","Probiotics","Yes","ProbioticsYes",0.506936089844432,0,2.26998984204185,0.823285791155802,1,0.968772088392569,1,NA,"prevalence",46,43
"PWY.5723..Rubisco.shunt","propionate","propionate","propionate",0.297058246972492,0,0.442223289992756,0.501750420900758,1,0.505199989928966,1,NA,"prevalence",46,43
"PWY.5723..Rubisco.shunt","Read_depth","Read_depth","Read_depth",0.329863498300486,0,0.437184095647223,0.450537926974476,1,0.698091430306494,1,NA,"prevalence",46,43
"PWY.5723..Rubisco.shunt","Sex","Female","SexFemale",-0.159436857745943,0,1.01131865203746,0.874730675471685,1,0.98430759633222,1,NA,"prevalence",46,43
"PWY.5723..Rubisco.shunt","Termness","preterm","Termnesspreterm",0.89398366421733,0,1.88334847159068,0.635016660655806,1,0.866787162001161,1,NA,"prevalence",46,43
"PWY.5747..2.methylcitrate.cycle.II","acetate","acetate","acetate",-0.186674615849483,0,0.313225627483472,0.551191986605816,1,0.798571367113166,1,NA,"prevalence",46,27
"PWY.5747..2.methylcitrate.cycle.II","Antibiotics","Yes","AntibioticsYes",-0.0823419322262088,0,1.0381603926289,0.936781891215,1,0.0583290045443935,0.932926192497949,NA,"prevalence",46,27
"PWY.5747..2.methylcitrate.cycle.II","butyrate","butyrate","butyrate",-0.350011231243988,0,0.405516717903131,0.388069267102556,1,0.625540778135597,1,NA,"prevalence",46,27
"PWY.5747..2.methylcitrate.cycle.II","Delivery_mode","C-section","Delivery_modeC-section",-1.35977979062306,0,0.921262018172996,0.139944751330311,1,0.260304969235719,1,NA,"prevalence",46,27
"PWY.5747..2.methylcitrate.cycle.II","Ethnicity","European","EthnicityEuropean",-0.0228219303381538,0,0.700793051239485,0.974020792944436,1,0.105210145459943,1,NA,"prevalence",46,27
"PWY.5747..2.methylcitrate.cycle.II","Feeding_method","Breastfed","Feeding_methodBreastfed",0.215454427253291,0,0.708202114539096,0.760954716698821,1,0.537173527161777,1,NA,"prevalence",46,27
"PWY.5747..2.methylcitrate.cycle.II","isobutyrate","isobutyrate","isobutyrate",0.542409848150962,0,0.449531103705739,0.227581411168942,1,0.403369523628236,1,NA,"prevalence",46,27
"PWY.5747..2.methylcitrate.cycle.II","Probiotics","Yes","ProbioticsYes",1.46018145991068,0,1.340624211867,0.276074391509808,1,0.475931713372105,1,NA,"prevalence",46,27
"PWY.5747..2.methylcitrate.cycle.II","propionate","propionate","propionate",-0.113031309834759,0,0.332040318074021,0.733544466438073,1,0.901839062558777,1,NA,"prevalence",46,27
"PWY.5747..2.methylcitrate.cycle.II","Read_depth","Read_depth","Read_depth",-0.275774918366777,0,0.326486042559698,0.398291773416176,1,0.637947210061349,1,NA,"prevalence",46,27
"PWY.5747..2.methylcitrate.cycle.II","Sex","Female","SexFemale",-1.33454050859924,0,0.747821407633181,0.0743309046378725,1,0.14313672589146,1,NA,"prevalence",46,27
"PWY.5747..2.methylcitrate.cycle.II","Termness","preterm","Termnesspreterm",-0.236772329077366,0,1.14589711137926,0.836301822129622,1,0.0137820613331605,0.490112240881303,NA,"prevalence",46,27
"PWY.5838..superpathway.of.menaquinol.8.biosynthesis.I","acetate","acetate","acetate",0.138488440868769,0,0.481176924246426,0.773490734007113,1,0.930190748336374,1,NA,"prevalence",46,44
"PWY.5838..superpathway.of.menaquinol.8.biosynthesis.I","Antibiotics","Yes","AntibioticsYes",-0.394696361628581,0,1.50811364290681,0.793540970901333,1,0.957374669303636,1,NA,"prevalence",46,44
"PWY.5838..superpathway.of.menaquinol.8.biosynthesis.I","butyrate","butyrate","butyrate",-0.0759187455431619,0,0.574996469568698,0.894957864437195,1,0.158800877549053,1,NA,"prevalence",46,44
"PWY.5838..superpathway.of.menaquinol.8.biosynthesis.I","Delivery_mode","C-section","Delivery_modeC-section",-0.547163270524808,0,1.21649527619374,0.652864323046482,1,0.879496821786023,1,NA,"prevalence",46,44
"PWY.5838..superpathway.of.menaquinol.8.biosynthesis.I","Ethnicity","European","EthnicityEuropean",-0.357006539725535,0,0.984477442474985,0.716877134489894,1,0.919841443025346,1,NA,"prevalence",46,44
"PWY.5838..superpathway.of.menaquinol.8.biosynthesis.I","Feeding_method","Breastfed","Feeding_methodBreastfed",-0.129894120351142,0,1.00158444377259,0.896812773790975,1,0.74404805877742,1,NA,"prevalence",46,44
"PWY.5838..superpathway.of.menaquinol.8.biosynthesis.I","isobutyrate","isobutyrate","isobutyrate",0.601724164271282,0,0.609475556432416,0.323504478285724,1,0.54235380910053,1,NA,"prevalence",46,44
"PWY.5838..superpathway.of.menaquinol.8.biosynthesis.I","Probiotics","Yes","ProbioticsYes",0.688009123778579,0,2.17921930835155,0.752219920146635,1,0.835836857366713,1,NA,"prevalence",46,44
"PWY.5838..superpathway.of.menaquinol.8.biosynthesis.I","propionate","propionate","propionate",0.113463577219044,0,0.47772116474682,0.81226112428682,1,0.964754114545951,1,NA,"prevalence",46,44
"PWY.5838..superpathway.of.menaquinol.8.biosynthesis.I","Read_depth","Read_depth","Read_depth",0.334354610368386,0,0.423389067609536,0.429697108823173,1,0.674754612315352,1,NA,"prevalence",46,44
"PWY.5838..superpathway.of.menaquinol.8.biosynthesis.I","Sex","Female","SexFemale",-0.609232699874277,0,1.05799106776591,0.56472389398529,1,0.788389166798302,1,NA,"prevalence",46,44
"PWY.5838..superpathway.of.menaquinol.8.biosynthesis.I","Termness","preterm","Termnesspreterm",0.46415757382566,0,1.83511338066789,0.80032131829228,1,0.958859063336905,1,NA,"prevalence",46,44
"PWY.5845..superpathway.of.menaquinol.9.biosynthesis","acetate","acetate","acetate",0.246008376502902,0,0.501864182358569,0.624000058470953,1,0.369987053691889,1,NA,"prevalence",46,43
"PWY.5845..superpathway.of.menaquinol.9.biosynthesis","Antibiotics","Yes","AntibioticsYes",0.00852581401009888,0,1.48952501992243,0.995433055416258,1,0.994257127041787,1,NA,"prevalence",46,43
"PWY.5845..superpathway.of.menaquinol.9.biosynthesis","butyrate","butyrate","butyrate",-0.368510272622525,0,0.551971853160666,0.504372921177977,1,0.754353798738349,1,NA,"prevalence",46,43
"PWY.5845..superpathway.of.menaquinol.9.biosynthesis","Delivery_mode","C-section","Delivery_modeC-section",-0.779392995892658,0,1.24245470890673,0.530461993135358,1,0.77953406010958,1,NA,"prevalence",46,43
"PWY.5845..superpathway.of.menaquinol.9.biosynthesis","Ethnicity","European","EthnicityEuropean",-0.0826254761290448,0,0.986606008326678,0.933257440499518,1,0.581958823712218,1,NA,"prevalence",46,43
"PWY.5845..superpathway.of.menaquinol.9.biosynthesis","Feeding_method","Breastfed","Feeding_methodBreastfed",0.278282158161017,0,0.981273047207261,0.776722309276944,1,0.800177455293795,1,NA,"prevalence",46,43
"PWY.5845..superpathway.of.menaquinol.9.biosynthesis","isobutyrate","isobutyrate","isobutyrate",0.797339640295658,0,0.60065917135769,0.184362828590823,1,0.334736004615637,1,NA,"prevalence",46,43
"PWY.5845..superpathway.of.menaquinol.9.biosynthesis","Probiotics","Yes","ProbioticsYes",0.506936089844432,0,2.26998984204185,0.823285791155802,1,0.0391388044642643,0.852265393188235,NA,"prevalence",46,43
"PWY.5845..superpathway.of.menaquinol.9.biosynthesis","propionate","propionate","propionate",0.297058246972492,0,0.442223289992756,0.501750420900758,1,0.751747356927428,1,NA,"prevalence",46,43
"PWY.5845..superpathway.of.menaquinol.9.biosynthesis","Read_depth","Read_depth","Read_depth",0.329863498300486,0,0.437184095647223,0.450537926974476,1,0.698091430306494,1,NA,"prevalence",46,43
"PWY.5845..superpathway.of.menaquinol.9.biosynthesis","Sex","Female","SexFemale",-0.159436857745943,0,1.01131865203746,0.874730675471685,1,0.980660751000679,1,NA,"prevalence",46,43
"PWY.5845..superpathway.of.menaquinol.9.biosynthesis","Termness","preterm","Termnesspreterm",0.89398366421733,0,1.88334847159068,0.635016660655806,1,0.136549609368498,1,NA,"prevalence",46,43
"PWY.5850..superpathway.of.menaquinol.6.biosynthesis","acetate","acetate","acetate",0.246008376502902,0,0.501864182358569,0.624000058470953,1,0.37073802009868,1,NA,"prevalence",46,43
"PWY.5850..superpathway.of.menaquinol.6.biosynthesis","Antibiotics","Yes","AntibioticsYes",0.00852581401009888,0,1.48952501992243,0.995433055416258,1,0.994262060302555,1,NA,"prevalence",46,43
"PWY.5850..superpathway.of.menaquinol.6.biosynthesis","butyrate","butyrate","butyrate",-0.368510272622525,0,0.551971853160666,0.504372921177977,1,0.754353798738349,1,NA,"prevalence",46,43
"PWY.5850..superpathway.of.menaquinol.6.biosynthesis","Delivery_mode","C-section","Delivery_modeC-section",-0.779392995892658,0,1.24245470890673,0.530461993135358,1,0.77953406010958,1,NA,"prevalence",46,43
"PWY.5850..superpathway.of.menaquinol.6.biosynthesis","Ethnicity","European","EthnicityEuropean",-0.0826254761290448,0,0.986606008326678,0.933257440499518,1,0.581593953616206,1,NA,"prevalence",46,43
"PWY.5850..superpathway.of.menaquinol.6.biosynthesis","Feeding_method","Breastfed","Feeding_methodBreastfed",0.278282158161017,0,0.981273047207261,0.776722309276944,1,0.800989160891856,1,NA,"prevalence",46,43
"PWY.5850..superpathway.of.menaquinol.6.biosynthesis","isobutyrate","isobutyrate","isobutyrate",0.797339640295658,0,0.60065917135769,0.184362828590823,1,0.334736004615637,1,NA,"prevalence",46,43
"PWY.5850..superpathway.of.menaquinol.6.biosynthesis","Probiotics","Yes","ProbioticsYes",0.506936089844432,0,2.26998984204185,0.823285791155802,1,0.0392083352798462,0.852265393188235,NA,"prevalence",46,43
"PWY.5850..superpathway.of.menaquinol.6.biosynthesis","propionate","propionate","propionate",0.297058246972492,0,0.442223289992756,0.501750420900758,1,0.751747356927428,1,NA,"prevalence",46,43
"PWY.5850..superpathway.of.menaquinol.6.biosynthesis","Read_depth","Read_depth","Read_depth",0.329863498300486,0,0.437184095647223,0.450537926974476,1,0.698091430306494,1,NA,"prevalence",46,43
"PWY.5850..superpathway.of.menaquinol.6.biosynthesis","Sex","Female","SexFemale",-0.159436857745943,0,1.01131865203746,0.874730675471685,1,0.980702883651649,1,NA,"prevalence",46,43
"PWY.5850..superpathway.of.menaquinol.6.biosynthesis","Termness","preterm","Termnesspreterm",0.89398366421733,0,1.88334847159068,0.635016660655806,1,0.137268765350738,1,NA,"prevalence",46,43
"PWY.5855..ubiquinol.7.biosynthesis..early.decarboxylation.","acetate","acetate","acetate",0.246008376502902,0,0.501864182358569,0.624000058470953,1,0.282874067257365,1,NA,"prevalence",46,43
"PWY.5855..ubiquinol.7.biosynthesis..early.decarboxylation.","Antibiotics","Yes","AntibioticsYes",0.00852581401009888,0,1.48952501992243,0.995433055416258,1,0.863639817518174,1,NA,"prevalence",46,43
"PWY.5855..ubiquinol.7.biosynthesis..early.decarboxylation.","butyrate","butyrate","butyrate",-0.368510272622525,0,0.551971853160666,0.504372921177977,1,0.754353798738349,1,NA,"prevalence",46,43
"PWY.5855..ubiquinol.7.biosynthesis..early.decarboxylation.","Delivery_mode","C-section","Delivery_modeC-section",-0.779392995892658,0,1.24245470890673,0.530461993135358,1,0.556622352626864,1,NA,"prevalence",46,43
"PWY.5855..ubiquinol.7.biosynthesis..early.decarboxylation.","Ethnicity","European","EthnicityEuropean",-0.0826254761290448,0,0.986606008326678,0.933257440499518,1,0.785456117557034,1,NA,"prevalence",46,43
"PWY.5855..ubiquinol.7.biosynthesis..early.decarboxylation.","Feeding_method","Breastfed","Feeding_methodBreastfed",0.278282158161017,0,0.981273047207261,0.776722309276944,1,0.72570544527069,1,NA,"prevalence",46,43
"PWY.5855..ubiquinol.7.biosynthesis..early.decarboxylation.","isobutyrate","isobutyrate","isobutyrate",0.797339640295658,0,0.60065917135769,0.184362828590823,1,0.334736004615637,1,NA,"prevalence",46,43
"PWY.5855..ubiquinol.7.biosynthesis..early.decarboxylation.","Probiotics","Yes","ProbioticsYes",0.506936089844432,0,2.26998984204185,0.823285791155802,1,0.819389881940563,1,NA,"prevalence",46,43
"PWY.5855..ubiquinol.7.biosynthesis..early.decarboxylation.","propionate","propionate","propionate",0.297058246972492,0,0.442223289992756,0.501750420900758,1,0.751747356927428,1,NA,"prevalence",46,43
"PWY.5855..ubiquinol.7.biosynthesis..early.decarboxylation.","Read_depth","Read_depth","Read_depth",0.329863498300486,0,0.437184095647223,0.450537926974476,1,0.504414320254894,1,NA,"prevalence",46,43
"PWY.5855..ubiquinol.7.biosynthesis..early.decarboxylation.","Sex","Female","SexFemale",-0.159436857745943,0,1.01131865203746,0.874730675471685,1,0.98430759633222,1,NA,"prevalence",46,43
"PWY.5855..ubiquinol.7.biosynthesis..early.decarboxylation.","Termness","preterm","Termnesspreterm",0.89398366421733,0,1.88334847159068,0.635016660655806,1,0.446899437476167,1,NA,"prevalence",46,43
"PWY.5860..superpathway.of.demethylmenaquinol.6.biosynthesis.I","acetate","acetate","acetate",0.246008376502902,0,0.501864182358569,0.624000058470953,1,0.319301696033945,1,NA,"prevalence",46,43
"PWY.5860..superpathway.of.demethylmenaquinol.6.biosynthesis.I","Antibiotics","Yes","AntibioticsYes",0.00852581401009888,0,1.48952501992243,0.995433055416258,1,0.956264781952034,1,NA,"prevalence",46,43
"PWY.5860..superpathway.of.demethylmenaquinol.6.biosynthesis.I","butyrate","butyrate","butyrate",-0.368510272622525,0,0.551971853160666,0.504372921177977,1,0.754353798738349,1,NA,"prevalence",46,43
"PWY.5860..superpathway.of.demethylmenaquinol.6.biosynthesis.I","Delivery_mode","C-section","Delivery_modeC-section",-0.779392995892658,0,1.24245470890673,0.530461993135358,1,0.778529350709572,1,NA,"prevalence",46,43
"PWY.5860..superpathway.of.demethylmenaquinol.6.biosynthesis.I","Ethnicity","European","EthnicityEuropean",-0.0826254761290448,0,0.986606008326678,0.933257440499518,1,0.357858327627275,1,NA,"prevalence",46,43
"PWY.5860..superpathway.of.demethylmenaquinol.6.biosynthesis.I","Feeding_method","Breastfed","Feeding_methodBreastfed",0.278282158161017,0,0.981273047207261,0.776722309276944,1,0.767793276339939,1,NA,"prevalence",46,43
"PWY.5860..superpathway.of.demethylmenaquinol.6.biosynthesis.I","isobutyrate","isobutyrate","isobutyrate",0.797339640295658,0,0.60065917135769,0.184362828590823,1,0.334736004615637,1,NA,"prevalence",46,43
"PWY.5860..superpathway.of.demethylmenaquinol.6.biosynthesis.I","Probiotics","Yes","ProbioticsYes",0.506936089844432,0,2.26998984204185,0.823285791155802,1,0.0348252956986996,0.814123422088469,NA,"prevalence",46,43
"PWY.5860..superpathway.of.demethylmenaquinol.6.biosynthesis.I","propionate","propionate","propionate",0.297058246972492,0,0.442223289992756,0.501750420900758,1,0.751747356927428,1,NA,"prevalence",46,43
"PWY.5860..superpathway.of.demethylmenaquinol.6.biosynthesis.I","Read_depth","Read_depth","Read_depth",0.329863498300486,0,0.437184095647223,0.450537926974476,1,0.2520975925922,1,NA,"prevalence",46,43
"PWY.5860..superpathway.of.demethylmenaquinol.6.biosynthesis.I","Sex","Female","SexFemale",-0.159436857745943,0,1.01131865203746,0.874730675471685,1,0.981065871529254,1,NA,"prevalence",46,43
"PWY.5860..superpathway.of.demethylmenaquinol.6.biosynthesis.I","Termness","preterm","Termnesspreterm",0.89398366421733,0,1.88334847159068,0.635016660655806,1,0.152234362635644,1,NA,"prevalence",46,43
"PWY.5861..superpathway.of.demethylmenaquinol.8.biosynthesis.I","acetate","acetate","acetate",0.138488440868769,0,0.481176924246426,0.773490734007113,1,0.948693552419363,1,NA,"prevalence",46,44
"PWY.5861..superpathway.of.demethylmenaquinol.8.biosynthesis.I","Antibiotics","Yes","AntibioticsYes",-0.394696361628581,0,1.50811364290681,0.793540970901333,1,0.894446431509471,1,NA,"prevalence",46,44
"PWY.5861..superpathway.of.demethylmenaquinol.8.biosynthesis.I","butyrate","butyrate","butyrate",-0.0759187455431619,0,0.574996469568698,0.894957864437195,1,0.354436879495674,1,NA,"prevalence",46,44
"PWY.5861..superpathway.of.demethylmenaquinol.8.biosynthesis.I","Delivery_mode","C-section","Delivery_modeC-section",-0.547163270524808,0,1.21649527619374,0.652864323046482,1,0.815920810060157,1,NA,"prevalence",46,44
"PWY.5861..superpathway.of.demethylmenaquinol.8.biosynthesis.I","Ethnicity","European","EthnicityEuropean",-0.357006539725535,0,0.984477442474985,0.716877134489894,1,0.803768971963411,1,NA,"prevalence",46,44
"PWY.5861..superpathway.of.demethylmenaquinol.8.biosynthesis.I","Feeding_method","Breastfed","Feeding_methodBreastfed",-0.129894120351142,0,1.00158444377259,0.896812773790975,1,0.758483213452994,1,NA,"prevalence",46,44
"PWY.5861..superpathway.of.demethylmenaquinol.8.biosynthesis.I","isobutyrate","isobutyrate","isobutyrate",0.601724164271282,0,0.609475556432416,0.323504478285724,1,0.54235380910053,1,NA,"prevalence",46,44
"PWY.5861..superpathway.of.demethylmenaquinol.8.biosynthesis.I","Probiotics","Yes","ProbioticsYes",0.688009123778579,0,2.17921930835155,0.752219920146635,1,0.848432861797702,1,NA,"prevalence",46,44
"PWY.5861..superpathway.of.demethylmenaquinol.8.biosynthesis.I","propionate","propionate","propionate",0.113463577219044,0,0.47772116474682,0.81226112428682,1,0.964754114545951,1,NA,"prevalence",46,44
"PWY.5861..superpathway.of.demethylmenaquinol.8.biosynthesis.I","Read_depth","Read_depth","Read_depth",0.334354610368386,0,0.423389067609536,0.429697108823173,1,0.489771831388496,1,NA,"prevalence",46,44
"PWY.5861..superpathway.of.demethylmenaquinol.8.biosynthesis.I","Sex","Female","SexFemale",-0.609232699874277,0,1.05799106776591,0.56472389398529,1,0.568615511111894,1,NA,"prevalence",46,44
"PWY.5861..superpathway.of.demethylmenaquinol.8.biosynthesis.I","Termness","preterm","Termnesspreterm",0.46415757382566,0,1.83511338066789,0.80032131829228,1,0.959125051313842,1,NA,"prevalence",46,44
"PWY.5862..superpathway.of.demethylmenaquinol.9.biosynthesis","acetate","acetate","acetate",0.246008376502902,0,0.501864182358569,0.624000058470953,1,0.318046701521042,1,NA,"prevalence",46,43
"PWY.5862..superpathway.of.demethylmenaquinol.9.biosynthesis","Antibiotics","Yes","AntibioticsYes",0.00852581401009888,0,1.48952501992243,0.995433055416258,1,0.956248497350951,1,NA,"prevalence",46,43
"PWY.5862..superpathway.of.demethylmenaquinol.9.biosynthesis","butyrate","butyrate","butyrate",-0.368510272622525,0,0.551971853160666,0.504372921177977,1,0.754353798738349,1,NA,"prevalence",46,43
"PWY.5862..superpathway.of.demethylmenaquinol.9.biosynthesis","Delivery_mode","C-section","Delivery_modeC-section",-0.779392995892658,0,1.24245470890673,0.530461993135358,1,0.778588442306239,1,NA,"prevalence",46,43
"PWY.5862..superpathway.of.demethylmenaquinol.9.biosynthesis","Ethnicity","European","EthnicityEuropean",-0.0826254761290448,0,0.986606008326678,0.933257440499518,1,0.357610185255393,1,NA,"prevalence",46,43
"PWY.5862..superpathway.of.demethylmenaquinol.9.biosynthesis","Feeding_method","Breastfed","Feeding_methodBreastfed",0.278282158161017,0,0.981273047207261,0.776722309276944,1,0.767907636449531,1,NA,"prevalence",46,43
"PWY.5862..superpathway.of.demethylmenaquinol.9.biosynthesis","isobutyrate","isobutyrate","isobutyrate",0.797339640295658,0,0.60065917135769,0.184362828590823,1,0.334736004615637,1,NA,"prevalence",46,43
"PWY.5862..superpathway.of.demethylmenaquinol.9.biosynthesis","Probiotics","Yes","ProbioticsYes",0.506936089844432,0,2.26998984204185,0.823285791155802,1,0.0347513283399064,0.814123422088469,NA,"prevalence",46,43
"PWY.5862..superpathway.of.demethylmenaquinol.9.biosynthesis","propionate","propionate","propionate",0.297058246972492,0,0.442223289992756,0.501750420900758,1,0.751747356927428,1,NA,"prevalence",46,43
"PWY.5862..superpathway.of.demethylmenaquinol.9.biosynthesis","Read_depth","Read_depth","Read_depth",0.329863498300486,0,0.437184095647223,0.450537926974476,1,0.252243143090736,1,NA,"prevalence",46,43
"PWY.5862..superpathway.of.demethylmenaquinol.9.biosynthesis","Sex","Female","SexFemale",-0.159436857745943,0,1.01131865203746,0.874730675471685,1,0.981074856362376,1,NA,"prevalence",46,43
"PWY.5862..superpathway.of.demethylmenaquinol.9.biosynthesis","Termness","preterm","Termnesspreterm",0.89398366421733,0,1.88334847159068,0.635016660655806,1,0.150602348896294,1,NA,"prevalence",46,43
"PWY.5896..superpathway.of.menaquinol.10.biosynthesis","acetate","acetate","acetate",0.246008376502902,0,0.501864182358569,0.624000058470953,1,0.370368163531431,1,NA,"prevalence",46,43
"PWY.5896..superpathway.of.menaquinol.10.biosynthesis","Antibiotics","Yes","AntibioticsYes",0.00852581401009888,0,1.48952501992243,0.995433055416258,1,0.994278905996555,1,NA,"prevalence",46,43
"PWY.5896..superpathway.of.menaquinol.10.biosynthesis","butyrate","butyrate","butyrate",-0.368510272622525,0,0.551971853160666,0.504372921177977,1,0.754353798738349,1,NA,"prevalence",46,43
"PWY.5896..superpathway.of.menaquinol.10.biosynthesis","Delivery_mode","C-section","Delivery_modeC-section",-0.779392995892658,0,1.24245470890673,0.530461993135358,1,0.77953406010958,1,NA,"prevalence",46,43
"PWY.5896..superpathway.of.menaquinol.10.biosynthesis","Ethnicity","European","EthnicityEuropean",-0.0826254761290448,0,0.986606008326678,0.933257440499518,1,0.581864044475665,1,NA,"prevalence",46,43
"PWY.5896..superpathway.of.menaquinol.10.biosynthesis","Feeding_method","Breastfed","Feeding_methodBreastfed",0.278282158161017,0,0.981273047207261,0.776722309276944,1,0.800535664888111,1,NA,"prevalence",46,43
"PWY.5896..superpathway.of.menaquinol.10.biosynthesis","isobutyrate","isobutyrate","isobutyrate",0.797339640295658,0,0.60065917135769,0.184362828590823,1,0.334736004615637,1,NA,"prevalence",46,43
"PWY.5896..superpathway.of.menaquinol.10.biosynthesis","Probiotics","Yes","ProbioticsYes",0.506936089844432,0,2.26998984204185,0.823285791155802,1,0.0387047254759841,0.852265393188235,NA,"prevalence",46,43
"PWY.5896..superpathway.of.menaquinol.10.biosynthesis","propionate","propionate","propionate",0.297058246972492,0,0.442223289992756,0.501750420900758,1,0.751747356927428,1,NA,"prevalence",46,43
"PWY.5896..superpathway.of.menaquinol.10.biosynthesis","Read_depth","Read_depth","Read_depth",0.329863498300486,0,0.437184095647223,0.450537926974476,1,0.698091430306494,1,NA,"prevalence",46,43
"PWY.5896..superpathway.of.menaquinol.10.biosynthesis","Sex","Female","SexFemale",-0.159436857745943,0,1.01131865203746,0.874730675471685,1,0.980728760556256,1,NA,"prevalence",46,43
"PWY.5896..superpathway.of.menaquinol.10.biosynthesis","Termness","preterm","Termnesspreterm",0.89398366421733,0,1.88334847159068,0.635016660655806,1,0.137384020725446,1,NA,"prevalence",46,43
"PWY.5910..superpathway.of.geranylgeranyldiphosphate.biosynthesis.I..via.mevalonate.","acetate","acetate","acetate",0.0856622015406387,0,0.347622160499475,0.805354567892057,1,0.962113155759512,1,NA,"prevalence",46,39
"PWY.5910..superpathway.of.geranylgeranyldiphosphate.biosynthesis.I..via.mevalonate.","Antibiotics","Yes","AntibioticsYes",-0.623635629151318,0,1.08524823567838,0.565529443871535,1,0.811235335857423,1,NA,"prevalence",46,39
"PWY.5910..superpathway.of.geranylgeranyldiphosphate.biosynthesis.I..via.mevalonate.","butyrate","butyrate","butyrate",-0.111587713319024,0,0.455124363857116,0.806316514115408,1,0.349337417576611,1,NA,"prevalence",46,39
"PWY.5910..superpathway.of.geranylgeranyldiphosphate.biosynthesis.I..via.mevalonate.","Delivery_mode","C-section","Delivery_modeC-section",-0.0534418395171165,0,1.0470628880375,0.95929383715565,1,0.767109026769436,1,NA,"prevalence",46,39
"PWY.5910..superpathway.of.geranylgeranyldiphosphate.biosynthesis.I..via.mevalonate.","Ethnicity","European","EthnicityEuropean",-0.190529435971645,0,0.786441605027339,0.808572703432459,1,0.638858379015034,1,NA,"prevalence",46,39
"PWY.5910..superpathway.of.geranylgeranyldiphosphate.biosynthesis.I..via.mevalonate.","Feeding_method","Breastfed","Feeding_methodBreastfed",0.172937905484395,0,0.788521254447917,0.826401352419954,1,0.170672550960079,1,NA,"prevalence",46,39
"PWY.5910..superpathway.of.geranylgeranyldiphosphate.biosynthesis.I..via.mevalonate.","isobutyrate","isobutyrate","isobutyrate",0.321606331902072,0,0.496384842545535,0.517051464931056,1,0.146336746040606,1,NA,"prevalence",46,39
"PWY.5910..superpathway.of.geranylgeranyldiphosphate.biosynthesis.I..via.mevalonate.","Probiotics","Yes","ProbioticsYes",0.696829793284798,0,1.45524784206955,0.632052987662964,1,0.75013195668808,1,NA,"prevalence",46,39
"PWY.5910..superpathway.of.geranylgeranyldiphosphate.biosynthesis.I..via.mevalonate.","propionate","propionate","propionate",-0.203555286844741,0,0.505841175686232,0.687382690902293,1,0.742963338638758,1,NA,"prevalence",46,39
"PWY.5910..superpathway.of.geranylgeranyldiphosphate.biosynthesis.I..via.mevalonate.","Read_depth","Read_depth","Read_depth",-0.0285910927977605,0,0.409806819624494,0.94437891831077,1,0.0969309387195042,1,NA,"prevalence",46,39
"PWY.5910..superpathway.of.geranylgeranyldiphosphate.biosynthesis.I..via.mevalonate.","Sex","Female","SexFemale",-0.633924267692054,0,0.858670381864601,0.460354861244653,1,0.53812116533336,1,NA,"prevalence",46,39
"PWY.5910..superpathway.of.geranylgeranyldiphosphate.biosynthesis.I..via.mevalonate.","Termness","preterm","Termnesspreterm",-1.11725699221413,0,1.32653183053664,0.399654124582571,1,0.639584829869281,1,NA,"prevalence",46,39
"PWY.5920..superpathway.of.heme.b.biosynthesis.from.glycine","acetate","acetate","acetate",0.145434653952213,0,0.484920209038157,0.76424229210518,1,0.870213428444588,1,NA,"prevalence",46,45
"PWY.5920..superpathway.of.heme.b.biosynthesis.from.glycine","Antibiotics","Yes","AntibioticsYes",-0.413851423951417,0,1.51350535926797,0.7845157607012,1,0.949383978922229,1,NA,"prevalence",46,45
"PWY.5920..superpathway.of.heme.b.biosynthesis.from.glycine","butyrate","butyrate","butyrate",0.0445955819939927,0,0.587176401156654,0.939459508413196,1,0.663124481501892,1,NA,"prevalence",46,45
"PWY.5920..superpathway.of.heme.b.biosynthesis.from.glycine","Delivery_mode","C-section","Delivery_modeC-section",-0.781747592982319,0,1.20134783582452,0.515223741244063,1,0.764991978946597,1,NA,"prevalence",46,45
"PWY.5920..superpathway.of.heme.b.biosynthesis.from.glycine","Ethnicity","European","EthnicityEuropean",-0.280493056454241,0,0.998195060778484,0.778710212057398,1,0.951030829752318,1,NA,"prevalence",46,45
"PWY.5920..superpathway.of.heme.b.biosynthesis.from.glycine","Feeding_method","Breastfed","Feeding_methodBreastfed",-0.248160320907305,0,1.02095146641971,0.807952955522345,1,0.963117932707398,1,NA,"prevalence",46,45
"PWY.5920..superpathway.of.heme.b.biosynthesis.from.glycine","isobutyrate","isobutyrate","isobutyrate",0.469331877968858,0,0.616310978018195,0.446347756405678,1,0.693469193162973,1,NA,"prevalence",46,45
"PWY.5920..superpathway.of.heme.b.biosynthesis.from.glycine","Probiotics","Yes","ProbioticsYes",0.305294062178806,0,2.18039169302631,0.888645776477586,1,0.00304820285192591,0.201425244455264,NA,"prevalence",46,45
"PWY.5920..superpathway.of.heme.b.biosynthesis.from.glycine","propionate","propionate","propionate",0.110286458120709,0,0.461606777998542,0.811168680665844,1,0.964342732838522,1,NA,"prevalence",46,45
"PWY.5920..superpathway.of.heme.b.biosynthesis.from.glycine","Read_depth","Read_depth","Read_depth",-0.250255346919662,0,0.473015619736055,0.596761330716913,1,0.837398575594805,1,NA,"prevalence",46,45
"PWY.5920..superpathway.of.heme.b.biosynthesis.from.glycine","Sex","Female","SexFemale",-0.715223850707022,0,1.0633467433764,0.501191729152848,1,0.7399509681073,1,NA,"prevalence",46,45
"PWY.5920..superpathway.of.heme.b.biosynthesis.from.glycine","Termness","preterm","Termnesspreterm",0.413568822592623,0,1.8271358672782,0.820930652019156,1,0.0106228589852909,0.454812174879118,NA,"prevalence",46,45
"PWY.5971..palmitate.biosynthesis..type.II.fatty.acid.synthase.","acetate","acetate","acetate",0.106414981957277,0,0.375129825928165,0.776659396715627,1,0.522203403435045,1,NA,"prevalence",46,41
"PWY.5971..palmitate.biosynthesis..type.II.fatty.acid.synthase.","Antibiotics","Yes","AntibioticsYes",-0.981883409977206,0,1.34855915194526,0.466553512469797,1,0.715434844941689,1,NA,"prevalence",46,41
"PWY.5971..palmitate.biosynthesis..type.II.fatty.acid.synthase.","butyrate","butyrate","butyrate",-0.178317583564781,0,0.572243762790067,0.755335997575519,1,0.0414378183187731,0.874453223553978,NA,"prevalence",46,41
"PWY.5971..palmitate.biosynthesis..type.II.fatty.acid.synthase.","Delivery_mode","C-section","Delivery_modeC-section",-0.471122744741879,0,1.20281399423222,0.695291868181711,1,0.879302297997192,1,NA,"prevalence",46,41
"PWY.5971..palmitate.biosynthesis..type.II.fatty.acid.synthase.","Ethnicity","European","EthnicityEuropean",-0.853784453994974,0,0.9240478892553,0.355506485005628,1,0.187336008465878,1,NA,"prevalence",46,41
"PWY.5971..palmitate.biosynthesis..type.II.fatty.acid.synthase.","Feeding_method","Breastfed","Feeding_methodBreastfed",0.423687083047439,0,0.955702821663329,0.657530577425636,1,0.64737546161688,1,NA,"prevalence",46,41
"PWY.5971..palmitate.biosynthesis..type.II.fatty.acid.synthase.","isobutyrate","isobutyrate","isobutyrate",0.120267122876139,0,0.528839219250237,0.82009936405828,1,0.0127344140509387,0.484579091647957,NA,"prevalence",46,41
"PWY.5971..palmitate.biosynthesis..type.II.fatty.acid.synthase.","Probiotics","Yes","ProbioticsYes",1.67618959814294,0,1.67155808037756,0.315971470793253,1,0.494725539517605,1,NA,"prevalence",46,41
"PWY.5971..palmitate.biosynthesis..type.II.fatty.acid.synthase.","propionate","propionate","propionate",-0.0194185052894224,0,0.443860826118624,0.965104411972699,1,0.978279385411084,1,NA,"prevalence",46,41
"PWY.5971..palmitate.biosynthesis..type.II.fatty.acid.synthase.","Read_depth","Read_depth","Read_depth",0.410589502233825,0,0.416747984213938,0.324514777552236,1,0.543719714254694,1,NA,"prevalence",46,41
"PWY.5971..palmitate.biosynthesis..type.II.fatty.acid.synthase.","Sex","Female","SexFemale",-1.35640596406972,0,1.03918994251638,0.191806655376016,1,0.346823517705498,1,NA,"prevalence",46,41
"PWY.5971..palmitate.biosynthesis..type.II.fatty.acid.synthase.","Termness","preterm","Termnesspreterm",-1.37122692142315,0,1.44944491839879,0.344130278066221,1,0.569834907850507,1,NA,"prevalence",46,41
"PWY.5972..stearate.biosynthesis.I..animals.","acetate","acetate","acetate",0.292696986654913,0,0.333270494319286,0.379804522418083,1,0.41281926421427,1,NA,"prevalence",46,15
"PWY.5972..stearate.biosynthesis.I..animals.","Antibiotics","Yes","AntibioticsYes",0.510653885975943,0,1.03634660419839,0.622193269092831,1,0.133816107095558,1,NA,"prevalence",46,15
"PWY.5972..stearate.biosynthesis.I..animals.","butyrate","butyrate","butyrate",-0.650061742489464,0,0.45018277536654,0.148740340710689,1,0.275356992466646,1,NA,"prevalence",46,15
"PWY.5972..stearate.biosynthesis.I..animals.","Delivery_mode","C-section","Delivery_modeC-section",-1.03979179528093,0,1.05779540263728,0.32561724935172,1,0.54520790562806,1,NA,"prevalence",46,15
"PWY.5972..stearate.biosynthesis.I..animals.","Ethnicity","European","EthnicityEuropean",-0.56870020744737,0,0.766455455751476,0.458095035628991,1,0.706339009590055,1,NA,"prevalence",46,15
"PWY.5972..stearate.biosynthesis.I..animals.","Feeding_method","Breastfed","Feeding_methodBreastfed",0.350558103835569,0,0.752921155050087,0.641503731341952,1,0.86053088006808,1,NA,"prevalence",46,15
"PWY.5972..stearate.biosynthesis.I..animals.","Probiotics","Yes","ProbioticsYes",0.0966179183271756,0,1.3698497486669,0.943770419980051,1,0.227565985534096,1,NA,"prevalence",46,15
"PWY.5972..stearate.biosynthesis.I..animals.","propionate","propionate","propionate",0.456883546170779,0,0.492716374940454,0.353783803045719,1,0.582404626793946,1,NA,"prevalence",46,15
"PWY.5972..stearate.biosynthesis.I..animals.","Read_depth","Read_depth","Read_depth",-0.392026421205893,0,0.451259369163373,0.384990137279128,1,0.621762868756054,1,NA,"prevalence",46,15
"PWY.5972..stearate.biosynthesis.I..animals.","Sex","Female","SexFemale",-0.76911892077571,0,0.819606497986807,0.348038771209268,1,0.319828166115927,1,NA,"prevalence",46,15
"PWY.5972..stearate.biosynthesis.I..animals.","Termness","preterm","Termnesspreterm",1.21513213304011,0,1.27226386585927,0.339529944985688,1,0.563779306429392,1,NA,"prevalence",46,15
"PWY.6168..flavin.biosynthesis.III..fungi.","acetate","acetate","acetate",0.281106969032504,0,0.3956812662366,0.477432625754945,1,0.726923339374629,1,NA,"prevalence",46,18
"PWY.6168..flavin.biosynthesis.III..fungi.","Antibiotics","Yes","AntibioticsYes",1.09661724225777,0,1.06664704868262,0.303903932065172,1,0.515450264205671,1,NA,"prevalence",46,18
"PWY.6168..flavin.biosynthesis.III..fungi.","butyrate","butyrate","butyrate",-0.621544008532659,0,0.440769315653121,0.158499978620284,1,0.291877714017936,1,NA,"prevalence",46,18
"PWY.6168..flavin.biosynthesis.III..fungi.","Delivery_mode","C-section","Delivery_modeC-section",-1.68698035292031,0,0.954813002616073,0.0772587915880952,1,0.148548662298538,1,NA,"prevalence",46,18
"PWY.6168..flavin.biosynthesis.III..fungi.","Ethnicity","European","EthnicityEuropean",0.617290179702744,0,0.753141155361104,0.412432294610441,1,0.387614768628001,1,NA,"prevalence",46,18
"PWY.6168..flavin.biosynthesis.III..fungi.","Feeding_method","Breastfed","Feeding_methodBreastfed",-0.312474579503105,0,0.755106720980285,0.67900950876867,1,0.89696510453907,1,NA,"prevalence",46,18
"PWY.6168..flavin.biosynthesis.III..fungi.","isobutyrate","isobutyrate","isobutyrate",0.297228108639553,0,0.486756007103643,0.541444165456323,1,0.789726546605952,1,NA,"prevalence",46,18
"PWY.6168..flavin.biosynthesis.III..fungi.","Probiotics","Yes","ProbioticsYes",1.63703685115129,0,1.80690720146908,0.364942025470834,1,0.364942025470834,1,NA,"prevalence",46,18
"PWY.6168..flavin.biosynthesis.III..fungi.","propionate","propionate","propionate",-0.413302930526499,0,0.45032640885936,0.358731311920848,1,0.588774469689243,1,NA,"prevalence",46,18
"PWY.6168..flavin.biosynthesis.III..fungi.","Read_depth","Read_depth","Read_depth",-0.151693759073417,0,0.359328222890301,0.672908730308728,1,0.893011301291752,1,NA,"prevalence",46,18
"PWY.6168..flavin.biosynthesis.III..fungi.","Sex","Female","SexFemale",-0.32084000099846,0,0.797095515475344,0.687307728737006,1,0.884265013734548,1,NA,"prevalence",46,18
"PWY.6168..flavin.biosynthesis.III..fungi.","Termness","preterm","Termnesspreterm",-1.04063124409157,0,1.68923821891509,0.537870881789364,1,0.78643667810186,1,NA,"prevalence",46,18
"PWY.6182..superpathway.of.salicylate.degradation","acetate","acetate","acetate",-0.288600430020737,0,0.416531702883438,0.488393987228875,1,0.738259287696432,1,NA,"prevalence",46,30
"PWY.6182..superpathway.of.salicylate.degradation","Antibiotics","Yes","AntibioticsYes",-0.765243562629532,0,1.14462811718097,0.503781219339957,1,0.394237667756679,1,NA,"prevalence",46,30
"PWY.6182..superpathway.of.salicylate.degradation","butyrate","butyrate","butyrate",-0.315584291719461,0,0.446009171309159,0.479210124460263,1,0.728777905535306,1,NA,"prevalence",46,30
"PWY.6182..superpathway.of.salicylate.degradation","Delivery_mode","C-section","Delivery_modeC-section",0.689844391162957,0,0.995940454144327,0.488525294063818,1,0.0856907134445801,1,NA,"prevalence",46,30
"PWY.6182..superpathway.of.salicylate.degradation","Ethnicity","European","EthnicityEuropean",0.704282884292585,0,0.7703707007769,0.360604951695871,1,0.59117397220416,1,NA,"prevalence",46,30
"PWY.6182..superpathway.of.salicylate.degradation","Feeding_method","Breastfed","Feeding_methodBreastfed",-0.194389207809362,0,0.756246815105458,0.797144294912613,1,0.517980962818929,1,NA,"prevalence",46,30
"PWY.6182..superpathway.of.salicylate.degradation","isobutyrate","isobutyrate","isobutyrate",-0.195691410832315,0,0.529437148930336,0.711664448019333,1,0.916862609464004,1,NA,"prevalence",46,30
"PWY.6182..superpathway.of.salicylate.degradation","Probiotics","Yes","ProbioticsYes",-0.51505192969009,0,1.89516537728233,0.785797723487589,1,0.534114166109831,1,NA,"prevalence",46,30
"PWY.6182..superpathway.of.salicylate.degradation","propionate","propionate","propionate",0.863410099164938,0,0.629202510536814,0.169992077489054,1,0.311086848569063,1,NA,"prevalence",46,30
"PWY.6182..superpathway.of.salicylate.degradation","Read_depth","Read_depth","Read_depth",1.05812736373545,0,0.612995388196336,0.0843188536830178,1,0.161528038279618,1,NA,"prevalence",46,30
"PWY.6182..superpathway.of.salicylate.degradation","Sex","Female","SexFemale",0.075011255667215,0,0.79099732713004,0.924448874458596,1,0.165036678672801,1,NA,"prevalence",46,30
"PWY.6182..superpathway.of.salicylate.degradation","Termness","preterm","Termnesspreterm",1.71465978059994,0,1.72755603205339,0.320936627659848,1,0.380100752196577,1,NA,"prevalence",46,30
"PWY.6185..4.methylcatechol.degradation..ortho.cleavage.","acetate","acetate","acetate",-0.212465730475427,0,0.422084009612022,0.614701990413887,1,0.85154544380898,1,NA,"prevalence",46,32
"PWY.6185..4.methylcatechol.degradation..ortho.cleavage.","Antibiotics","Yes","AntibioticsYes",-0.843497365879143,0,1.18940702547634,0.478216073995946,1,0.152859354307129,1,NA,"prevalence",46,32
"PWY.6185..4.methylcatechol.degradation..ortho.cleavage.","butyrate","butyrate","butyrate",-0.459360828656749,0,0.472454968041912,0.330908836625821,1,0.552317015094588,1,NA,"prevalence",46,32
"PWY.6185..4.methylcatechol.degradation..ortho.cleavage.","Delivery_mode","C-section","Delivery_modeC-section",0.20271014090404,0,1.05604991830534,0.84778036315081,1,0.0298209635331595,0.757911257796607,NA,"prevalence",46,32
"PWY.6185..4.methylcatechol.degradation..ortho.cleavage.","Ethnicity","European","EthnicityEuropean",0.909449286498733,0,0.802906608066218,0.257341842192577,1,0.448458860642085,1,NA,"prevalence",46,32
"PWY.6185..4.methylcatechol.degradation..ortho.cleavage.","Feeding_method","Breastfed","Feeding_methodBreastfed",-0.721397000697956,0,0.81029289526735,0.373309302214473,1,0.307597915286169,1,NA,"prevalence",46,32
"PWY.6185..4.methylcatechol.degradation..ortho.cleavage.","isobutyrate","isobutyrate","isobutyrate",-0.147795198031527,0,0.547242310391575,0.787104338667794,1,0.929990574221228,1,NA,"prevalence",46,32
"PWY.6185..4.methylcatechol.degradation..ortho.cleavage.","Probiotics","Yes","ProbioticsYes",-0.860562263214003,0,1.93805787151958,0.657018496970826,1,0.397650545187505,1,NA,"prevalence",46,32
"PWY.6185..4.methylcatechol.degradation..ortho.cleavage.","propionate","propionate","propionate",1.16764421680351,0,0.692303217913366,0.0916787329176192,1,0.174952475765858,1,NA,"prevalence",46,32
"PWY.6185..4.methylcatechol.degradation..ortho.cleavage.","Read_depth","Read_depth","Read_depth",0.612136575063773,0,0.540535179658169,0.25743945523549,1,0.281876088655585,1,NA,"prevalence",46,32
"PWY.6185..4.methylcatechol.degradation..ortho.cleavage.","Sex","Female","SexFemale",-0.12151623043041,0,0.8276691431952,0.883276151476998,1,0.248267632628789,1,NA,"prevalence",46,32
"PWY.6185..4.methylcatechol.degradation..ortho.cleavage.","Termness","preterm","Termnesspreterm",1.36125217967748,0,1.7487978719392,0.436337311038758,1,0.494870329258073,1,NA,"prevalence",46,32
"PWY.6210..2.aminophenol.degradation","acetate","acetate","acetate",0.207387665908892,0,0.39018026468374,0.595060169576969,1,0.595060169576969,1,NA,"prevalence",46,12
"PWY.6210..2.aminophenol.degradation","Antibiotics","Yes","AntibioticsYes",-0.898167223809405,0,1.01303956436326,0.375290920028868,1,0.375290920028868,1,NA,"prevalence",46,12
"PWY.6210..2.aminophenol.degradation","butyrate","butyrate","butyrate",-0.0593926585015625,0,0.422756650444375,0.888273644077478,1,0.888273644077478,1,NA,"prevalence",46,12
"PWY.6210..2.aminophenol.degradation","Delivery_mode","C-section","Delivery_modeC-section",-0.135787745969566,0,0.940740769922811,0.885230966839222,1,0.885230966839222,1,NA,"prevalence",46,12
"PWY.6210..2.aminophenol.degradation","Ethnicity","European","EthnicityEuropean",0.08846755701996,0,0.769787398575412,0.908504836717682,1,0.908504836717682,1,NA,"prevalence",46,12
"PWY.6210..2.aminophenol.degradation","Feeding_method","Breastfed","Feeding_methodBreastfed",0.173907665668989,0,0.723910552431428,0.810149137665721,1,0.810149137665721,1,NA,"prevalence",46,12
"PWY.6210..2.aminophenol.degradation","isobutyrate","isobutyrate","isobutyrate",0.00410975153318877,0,0.497361247919316,0.993407065798824,1,0.993407065798824,1,NA,"prevalence",46,12
"PWY.6210..2.aminophenol.degradation","Probiotics","Yes","ProbioticsYes",2.70624504576546,0,1.79859423582069,0.132415481668641,1,0.132415481668641,1,NA,"prevalence",46,12
"PWY.6210..2.aminophenol.degradation","propionate","propionate","propionate",0.462842866800266,0,0.482642616323825,0.337570646746574,1,0.337570646746574,1,NA,"prevalence",46,12
"PWY.6210..2.aminophenol.degradation","Read_depth","Read_depth","Read_depth",0.878938141079447,0,0.601831765890545,0.144169662251092,1,0.144169662251092,1,NA,"prevalence",46,12
"PWY.6210..2.aminophenol.degradation","Sex","Female","SexFemale",-0.100688590756575,0,0.775435710865297,0.896686875040807,1,0.896686875040807,1,NA,"prevalence",46,12
"PWY.6210..2.aminophenol.degradation","Termness","preterm","Termnesspreterm",-0.994423148757809,0,1.66118908714825,0.549425457760754,1,0.549425457760754,1,NA,"prevalence",46,12
"PWY.622..starch.biosynthesis","acetate","acetate","acetate",0.894898209459637,0,0.466904627019756,0.0552809257933815,1,0.10750587083019,1,NA,"prevalence",46,34
"PWY.622..starch.biosynthesis","Antibiotics","Yes","AntibioticsYes",-1.17398531912932,0,1.51196836840645,0.437476508595248,1,0.537004218982683,1,NA,"prevalence",46,34
"PWY.622..starch.biosynthesis","butyrate","butyrate","butyrate",-0.2583422920933,0,0.516035947645614,0.616632614973889,1,0.297830754015659,1,NA,"prevalence",46,34
"PWY.622..starch.biosynthesis","Delivery_mode","C-section","Delivery_modeC-section",-1.48128575769485,0,1.03683664814683,0.153102337097884,1,0.282764348570934,1,NA,"prevalence",46,34
"PWY.622..starch.biosynthesis","Feeding_method","Breastfed","Feeding_methodBreastfed",0.58062624824964,0,0.89488515819142,0.516449773192361,1,0.487102550509645,1,NA,"prevalence",46,34
"PWY.622..starch.biosynthesis","isobutyrate","isobutyrate","isobutyrate",0.111552699509436,0,0.541529321010244,0.836794287551223,1,0.944715657671934,1,NA,"prevalence",46,34
"PWY.622..starch.biosynthesis","Probiotics","Yes","ProbioticsYes",0.301223048746294,0,2.028864253518,0.881972804053035,1,0.583629204312879,1,NA,"prevalence",46,34
"PWY.622..starch.biosynthesis","propionate","propionate","propionate",0.109073580713656,0,0.379257279143353,0.773654585512784,1,0.177363815822669,1,NA,"prevalence",46,34
"PWY.622..starch.biosynthesis","Read_depth","Read_depth","Read_depth",0.0953128529724465,0,0.393974337953582,0.808837075991639,1,0.963456736484573,1,NA,"prevalence",46,34
"PWY.622..starch.biosynthesis","Sex","Female","SexFemale",0.094775752687837,0,0.894828648597266,0.915649813683704,1,0.693506809418672,1,NA,"prevalence",46,34
"PWY.622..starch.biosynthesis","Termness","preterm","Termnesspreterm",2.26551375924687,0,1.79059702698471,0.205789555133395,1,0.369229769264789,1,NA,"prevalence",46,34
"PWY.6284..superpathway.of.unsaturated.fatty.acids.biosynthesis..E..coli.","acetate","acetate","acetate",0.0802744029538199,0,0.375187800133145,0.830579868861691,1,0.924761790438378,1,NA,"prevalence",46,40
"PWY.6284..superpathway.of.unsaturated.fatty.acids.biosynthesis..E..coli.","Antibiotics","Yes","AntibioticsYes",-0.823552272676028,0,1.27809382940516,0.519342152039044,1,0.768968033193543,1,NA,"prevalence",46,40
"PWY.6284..superpathway.of.unsaturated.fatty.acids.biosynthesis..E..coli.","butyrate","butyrate","butyrate",-0.34572868424271,0,0.511682933346041,0.499250340254622,1,0.164568531159457,1,NA,"prevalence",46,40
"PWY.6284..superpathway.of.unsaturated.fatty.acids.biosynthesis..E..coli.","Delivery_mode","C-section","Delivery_modeC-section",-0.885122210742739,0,1.16374336578397,0.446906797903469,1,0.694087909794606,1,NA,"prevalence",46,40
"PWY.6284..superpathway.of.unsaturated.fatty.acids.biosynthesis..E..coli.","Ethnicity","European","EthnicityEuropean",-0.651950448994632,0,0.876319975251261,0.456898299613551,1,0.705040543037348,1,NA,"prevalence",46,40
"PWY.6284..superpathway.of.unsaturated.fatty.acids.biosynthesis..E..coli.","Feeding_method","Breastfed","Feeding_methodBreastfed",0.562163638953391,0,0.886275994667427,0.525885957985977,1,0.775215875165125,1,NA,"prevalence",46,40
"PWY.6284..superpathway.of.unsaturated.fatty.acids.biosynthesis..E..coli.","isobutyrate","isobutyrate","isobutyrate",0.405119688939257,0,0.503998169364754,0.421505658736346,1,0.180457785541325,1,NA,"prevalence",46,40
"PWY.6284..superpathway.of.unsaturated.fatty.acids.biosynthesis..E..coli.","Probiotics","Yes","ProbioticsYes",1.68809050972344,0,1.644296132564,0.304592782320764,1,0.516408801599623,1,NA,"prevalence",46,40
"PWY.6284..superpathway.of.unsaturated.fatty.acids.biosynthesis..E..coli.","propionate","propionate","propionate",-0.14359309059303,0,0.493686029303404,0.771159057562806,1,0.947631823064457,1,NA,"prevalence",46,40
"PWY.6284..superpathway.of.unsaturated.fatty.acids.biosynthesis..E..coli.","Read_depth","Read_depth","Read_depth",0.149759817289469,0,0.36092380654479,0.678189694798084,1,0.316198392989124,1,NA,"prevalence",46,40
"PWY.6284..superpathway.of.unsaturated.fatty.acids.biosynthesis..E..coli.","Sex","Female","SexFemale",-1.03174732240714,0,0.908280518700096,0.255983911077073,1,0.446440059423831,1,NA,"prevalence",46,40
"PWY.6284..superpathway.of.unsaturated.fatty.acids.biosynthesis..E..coli.","Termness","preterm","Termnesspreterm",-0.779968716263906,0,1.36105919165441,0.56660400186944,1,0.734564715435914,1,NA,"prevalence",46,40
"PWY.6285..superpathway.of.fatty.acids.biosynthesis..E..coli.","acetate","acetate","acetate",0.0802744029538199,0,0.375187800133145,0.830579868861691,1,0.908998578917138,1,NA,"prevalence",46,40
"PWY.6285..superpathway.of.fatty.acids.biosynthesis..E..coli.","Antibiotics","Yes","AntibioticsYes",-0.823552272676028,0,1.27809382940516,0.519342152039044,1,0.768968033193543,1,NA,"prevalence",46,40
"PWY.6285..superpathway.of.fatty.acids.biosynthesis..E..coli.","butyrate","butyrate","butyrate",-0.34572868424271,0,0.511682933346041,0.499250340254622,1,0.139264993279018,1,NA,"prevalence",46,40
"PWY.6285..superpathway.of.fatty.acids.biosynthesis..E..coli.","Delivery_mode","C-section","Delivery_modeC-section",-0.885122210742739,0,1.16374336578397,0.446906797903469,1,0.694087909794606,1,NA,"prevalence",46,40
"PWY.6285..superpathway.of.fatty.acids.biosynthesis..E..coli.","Ethnicity","European","EthnicityEuropean",-0.651950448994632,0,0.876319975251261,0.456898299613551,1,0.571217696145345,1,NA,"prevalence",46,40
"PWY.6285..superpathway.of.fatty.acids.biosynthesis..E..coli.","Feeding_method","Breastfed","Feeding_methodBreastfed",0.562163638953391,0,0.886275994667427,0.525885957985977,1,0.775215875165125,1,NA,"prevalence",46,40
"PWY.6285..superpathway.of.fatty.acids.biosynthesis..E..coli.","isobutyrate","isobutyrate","isobutyrate",0.405119688939257,0,0.503998169364754,0.421505658736346,1,0.128609822428803,1,NA,"prevalence",46,40
"PWY.6285..superpathway.of.fatty.acids.biosynthesis..E..coli.","Probiotics","Yes","ProbioticsYes",1.68809050972344,0,1.644296132564,0.304592782320764,1,0.516408801599623,1,NA,"prevalence",46,40
"PWY.6285..superpathway.of.fatty.acids.biosynthesis..E..coli.","propionate","propionate","propionate",-0.14359309059303,0,0.493686029303404,0.771159057562806,1,0.947631823064457,1,NA,"prevalence",46,40
"PWY.6285..superpathway.of.fatty.acids.biosynthesis..E..coli.","Read_depth","Read_depth","Read_depth",0.149759817289469,0,0.36092380654479,0.678189694798084,1,0.34487730904793,1,NA,"prevalence",46,40
"PWY.6285..superpathway.of.fatty.acids.biosynthesis..E..coli.","Sex","Female","SexFemale",-1.03174732240714,0,0.908280518700096,0.255983911077073,1,0.439752245190353,1,NA,"prevalence",46,40
"PWY.6285..superpathway.of.fatty.acids.biosynthesis..E..coli.","Termness","preterm","Termnesspreterm",-0.779968716263906,0,1.36105919165441,0.56660400186944,1,0.806001342066961,1,NA,"prevalence",46,40
"PWY.6292..superpathway.of.L.cysteine.biosynthesis..mammalian.","acetate","acetate","acetate",-0.088105841047863,0,0.511311960987762,0.863191244659737,1,0.84024757336898,1,NA,"prevalence",46,45
"PWY.6292..superpathway.of.L.cysteine.biosynthesis..mammalian.","Antibiotics","Yes","AntibioticsYes",-0.759504349357938,0,1.48190647182894,0.608288238788263,1,0.846561896128399,1,NA,"prevalence",46,45
"PWY.6292..superpathway.of.L.cysteine.biosynthesis..mammalian.","butyrate","butyrate","butyrate",-0.56039390543252,0,0.550053227119098,0.308298204015851,1,0.521548625432303,1,NA,"prevalence",46,45
"PWY.6292..superpathway.of.L.cysteine.biosynthesis..mammalian.","Delivery_mode","C-section","Delivery_modeC-section",0.0775455799442311,0,1.26934062183873,0.951286553510571,1,0.505300405778467,1,NA,"prevalence",46,45
"PWY.6292..superpathway.of.L.cysteine.biosynthesis..mammalian.","Ethnicity","European","EthnicityEuropean",0.564487598452564,0,1.02113376372256,0.58039711323923,1,0.554546633469031,1,NA,"prevalence",46,45
"PWY.6292..superpathway.of.L.cysteine.biosynthesis..mammalian.","Feeding_method","Breastfed","Feeding_methodBreastfed",-0.60235153143478,0,1.00853612672991,0.550338277394848,1,0.753396027399898,1,NA,"prevalence",46,45
"PWY.6292..superpathway.of.L.cysteine.biosynthesis..mammalian.","isobutyrate","isobutyrate","isobutyrate",0.457001143850735,0,0.614599324234693,0.457133187977568,1,0.705295624404601,1,NA,"prevalence",46,45
"PWY.6292..superpathway.of.L.cysteine.biosynthesis..mammalian.","Probiotics","Yes","ProbioticsYes",0.430764166742784,0,2.05257296899955,0.833772682163893,1,0.972368478805014,1,NA,"prevalence",46,45
"PWY.6292..superpathway.of.L.cysteine.biosynthesis..mammalian.","propionate","propionate","propionate",-0.135023884439894,0,0.529672621129056,0.798785268039919,1,0.920704703388503,1,NA,"prevalence",46,45
"PWY.6292..superpathway.of.L.cysteine.biosynthesis..mammalian.","Read_depth","Read_depth","Read_depth",-0.0721462495633746,0,0.465012616628345,0.876703841376125,1,0.171018163388978,1,NA,"prevalence",46,45
"PWY.6292..superpathway.of.L.cysteine.biosynthesis..mammalian.","Sex","Female","SexFemale",-0.0170160732270342,0,1.06915992903829,0.987301910033326,1,0.954923173177294,1,NA,"prevalence",46,45
"PWY.6292..superpathway.of.L.cysteine.biosynthesis..mammalian.","Termness","preterm","Termnesspreterm",-0.110051921993349,0,1.77566997688012,0.950580599256651,1,0.997557722830168,1,NA,"prevalence",46,45
"PWY.6293..superpathway.of.L.cysteine.biosynthesis..fungi.","acetate","acetate","acetate",0.262071682534098,0,0.409302097053777,0.521984648013735,1,0.149170614569397,1,NA,"prevalence",46,41
"PWY.6293..superpathway.of.L.cysteine.biosynthesis..fungi.","Antibiotics","Yes","AntibioticsYes",-2.03401590174672,0,1.52842592221709,0.183257695325771,1,0.332932007755428,1,NA,"prevalence",46,41
"PWY.6293..superpathway.of.L.cysteine.biosynthesis..fungi.","butyrate","butyrate","butyrate",-0.00259851441499598,0,0.592063522786884,0.996498166502827,1,0.997499163418918,1,NA,"prevalence",46,41
"PWY.6293..superpathway.of.L.cysteine.biosynthesis..fungi.","Delivery_mode","C-section","Delivery_modeC-section",-1.26117003049077,0,1.16804513852648,0.280263706959086,1,0.481979668479724,1,NA,"prevalence",46,41
"PWY.6293..superpathway.of.L.cysteine.biosynthesis..fungi.","Ethnicity","European","EthnicityEuropean",-0.971792100817294,0,0.976800949916966,0.319798429831891,1,0.537325823940839,1,NA,"prevalence",46,41
"PWY.6293..superpathway.of.L.cysteine.biosynthesis..fungi.","Feeding_method","Breastfed","Feeding_methodBreastfed",0.187323340582683,0,1.01979310228586,0.854258542440145,1,0.742439123541744,1,NA,"prevalence",46,41
"PWY.6293..superpathway.of.L.cysteine.biosynthesis..fungi.","isobutyrate","isobutyrate","isobutyrate",-0.0258703208241042,0,0.545472185566138,0.962172601348052,1,0.991531110771467,1,NA,"prevalence",46,41
"PWY.6293..superpathway.of.L.cysteine.biosynthesis..fungi.","Probiotics","Yes","ProbioticsYes",1.9794329778731,0,1.85837162097981,0.286810868960147,1,0.491361263366619,1,NA,"prevalence",46,41
"PWY.6293..superpathway.of.L.cysteine.biosynthesis..fungi.","propionate","propionate","propionate",-0.0178357559397962,0,0.43281730991675,0.967129670366586,1,0.530620264929034,1,NA,"prevalence",46,41
"PWY.6293..superpathway.of.L.cysteine.biosynthesis..fungi.","Read_depth","Read_depth","Read_depth",-0.0659279386180435,0,0.371714277070422,0.85922415719361,1,0.980182162082151,1,NA,"prevalence",46,41
"PWY.6293..superpathway.of.L.cysteine.biosynthesis..fungi.","Sex","Female","SexFemale",-1.66549729761942,0,1.04620935334803,0.111399308009739,1,0.210388810194429,1,NA,"prevalence",46,41
"PWY.6293..superpathway.of.L.cysteine.biosynthesis..fungi.","Termness","preterm","Termnesspreterm",-0.589574361699902,0,1.49885752965355,0.694061608269914,1,0.832140043079901,1,NA,"prevalence",46,41
"PWY.6305..superpathway.of.putrescine.biosynthesis","acetate","acetate","acetate",0.145434653952213,0,0.484920209038157,0.76424229210518,1,0.848989927034132,1,NA,"prevalence",46,45
"PWY.6305..superpathway.of.putrescine.biosynthesis","Antibiotics","Yes","AntibioticsYes",-0.413851423951417,0,1.51350535926797,0.7845157607012,1,0.823143507974614,1,NA,"prevalence",46,45
"PWY.6305..superpathway.of.putrescine.biosynthesis","butyrate","butyrate","butyrate",0.0445955819939927,0,0.587176401156654,0.939459508413196,1,0.61479741512531,1,NA,"prevalence",46,45
"PWY.6305..superpathway.of.putrescine.biosynthesis","Delivery_mode","C-section","Delivery_modeC-section",-0.781747592982319,0,1.20134783582452,0.515223741244063,1,0.631474744298948,1,NA,"prevalence",46,45
"PWY.6305..superpathway.of.putrescine.biosynthesis","Ethnicity","European","EthnicityEuropean",-0.280493056454241,0,0.998195060778484,0.778710212057398,1,0.375567637131582,1,NA,"prevalence",46,45
"PWY.6305..superpathway.of.putrescine.biosynthesis","Feeding_method","Breastfed","Feeding_methodBreastfed",-0.248160320907305,0,1.02095146641971,0.807952955522345,1,0.697298590009328,1,NA,"prevalence",46,45
"PWY.6305..superpathway.of.putrescine.biosynthesis","isobutyrate","isobutyrate","isobutyrate",0.469331877968858,0,0.616310978018195,0.446347756405678,1,0.693469193162973,1,NA,"prevalence",46,45
"PWY.6305..superpathway.of.putrescine.biosynthesis","Probiotics","Yes","ProbioticsYes",0.305294062178806,0,2.18039169302631,0.888645776477586,1,0.98760023690372,1,NA,"prevalence",46,45
"PWY.6305..superpathway.of.putrescine.biosynthesis","propionate","propionate","propionate",0.110286458120709,0,0.461606777998542,0.811168680665844,1,0.588465891987373,1,NA,"prevalence",46,45
"PWY.6305..superpathway.of.putrescine.biosynthesis","Read_depth","Read_depth","Read_depth",-0.250255346919662,0,0.473015619736055,0.596761330716913,1,0.24615329119862,1,NA,"prevalence",46,45
"PWY.6305..superpathway.of.putrescine.biosynthesis","Sex","Female","SexFemale",-0.715223850707022,0,1.0633467433764,0.501191729152848,1,0.751190308934475,1,NA,"prevalence",46,45
"PWY.6305..superpathway.of.putrescine.biosynthesis","Termness","preterm","Termnesspreterm",0.413568822592623,0,1.8271358672782,0.820930652019156,1,0.967934168613715,1,NA,"prevalence",46,45
"PWY.6318..L.phenylalanine.degradation.IV..mammalian..via.side.chain.","acetate","acetate","acetate",0.1393050092005,0,0.393491853123804,0.723321945772985,1,0.923449254309153,1,NA,"prevalence",46,14
"PWY.6318..L.phenylalanine.degradation.IV..mammalian..via.side.chain.","Antibiotics","Yes","AntibioticsYes",1.401057343147,0,1.08776313959588,0.197740068775236,1,0.356379002751237,1,NA,"prevalence",46,14
"PWY.6318..L.phenylalanine.degradation.IV..mammalian..via.side.chain.","butyrate","butyrate","butyrate",-0.644141013102723,0,0.43747685813976,0.140912839394409,1,0.261969250482623,1,NA,"prevalence",46,14
"PWY.6318..L.phenylalanine.degradation.IV..mammalian..via.side.chain.","Delivery_mode","C-section","Delivery_modeC-section",-0.0252299676746342,0,1.01869149533793,0.980240785439032,1,0.887622604578417,1,NA,"prevalence",46,14
"PWY.6318..L.phenylalanine.degradation.IV..mammalian..via.side.chain.","Ethnicity","European","EthnicityEuropean",0.191036160048851,0,0.773958986893342,0.805039928724092,1,0.673324920686193,1,NA,"prevalence",46,14
"PWY.6318..L.phenylalanine.degradation.IV..mammalian..via.side.chain.","Feeding_method","Breastfed","Feeding_methodBreastfed",-0.344716145074277,0,0.7309535378293,0.637213834103607,1,0.548397697605378,1,NA,"prevalence",46,14
"PWY.6318..L.phenylalanine.degradation.IV..mammalian..via.side.chain.","isobutyrate","isobutyrate","isobutyrate",0.170486596895697,0,0.515181271553503,0.740700793644444,1,0.886070630570644,1,NA,"prevalence",46,14
"PWY.6318..L.phenylalanine.degradation.IV..mammalian..via.side.chain.","Probiotics","Yes","ProbioticsYes",0.837182610210805,0,1.7681200702538,0.635865474015171,1,0.635865474015171,1,NA,"prevalence",46,14
"PWY.6318..L.phenylalanine.degradation.IV..mammalian..via.side.chain.","propionate","propionate","propionate",1.15227315087008,0,0.718447477917146,0.108749832082817,1,0.205673138187593,1,NA,"prevalence",46,14
"PWY.6318..L.phenylalanine.degradation.IV..mammalian..via.side.chain.","Read_depth","Read_depth","Read_depth",-0.185401002236797,0,0.39121818255982,0.635566287433971,1,0.289196146073013,1,NA,"prevalence",46,14
"PWY.6318..L.phenylalanine.degradation.IV..mammalian..via.side.chain.","Sex","Female","SexFemale",-0.0576053845261924,0,0.796357434058452,0.942334442742265,1,0.896552131402861,1,NA,"prevalence",46,14
"PWY.6318..L.phenylalanine.degradation.IV..mammalian..via.side.chain.","Termness","preterm","Termnesspreterm",-1.78121973385305,0,1.64074916099213,0.277649945072937,1,0.478210398146869,1,NA,"prevalence",46,14
"PWY.6328..L.lysine.degradation.X","acetate","acetate","acetate",0.0784304643707061,0,0.435054180276847,0.856934746843308,1,0.856934746843308,1,NA,"prevalence",46,8
"PWY.6328..L.lysine.degradation.X","Antibiotics","Yes","AntibioticsYes",0.736957682926515,0,1.13217324433199,0.515096148939212,1,0.515096148939212,1,NA,"prevalence",46,8
"PWY.6328..L.lysine.degradation.X","butyrate","butyrate","butyrate",-0.376300727921754,0,0.470115935422046,0.423454523079586,1,0.423454523079586,1,NA,"prevalence",46,8
"PWY.6328..L.lysine.degradation.X","Delivery_mode","C-section","Delivery_modeC-section",-0.950816510961957,0,1.0857405890672,0.381176379079061,1,0.381176379079061,1,NA,"prevalence",46,8
"PWY.6328..L.lysine.degradation.X","Ethnicity","European","EthnicityEuropean",-0.20374796081568,0,0.855560775122076,0.81176823469292,1,0.81176823469292,1,NA,"prevalence",46,8
"PWY.6328..L.lysine.degradation.X","Feeding_method","Breastfed","Feeding_methodBreastfed",-1.08065711559994,0,0.805249074392801,0.179590818441838,1,0.179590818441838,1,NA,"prevalence",46,8
"PWY.6328..L.lysine.degradation.X","isobutyrate","isobutyrate","isobutyrate",-0.116928979062634,0,0.580053679152547,0.840242711821405,1,0.840242711821405,1,NA,"prevalence",46,8
"PWY.6328..L.lysine.degradation.X","Probiotics","Yes","ProbioticsYes",0.334916788684763,0,1.85809117190804,0.856958058123792,1,0.856958058123792,1,NA,"prevalence",46,8
"PWY.6328..L.lysine.degradation.X","propionate","propionate","propionate",0.175664357461505,0,0.569062352618112,0.757556683215976,1,0.757556683215976,1,NA,"prevalence",46,8
"PWY.6328..L.lysine.degradation.X","Read_depth","Read_depth","Read_depth",-0.150056405686867,0,0.489324260264425,0.759101824295892,1,0.759101824295892,1,NA,"prevalence",46,8
"PWY.6328..L.lysine.degradation.X","Sex","Female","SexFemale",-0.33215470908854,0,0.864359322971381,0.700772037190146,1,0.700772037190146,1,NA,"prevalence",46,8
"PWY.6328..L.lysine.degradation.X","Termness","preterm","Termnesspreterm",-0.160559890262483,0,1.73891416058963,0.926433137034135,1,0.926433137034135,1,NA,"prevalence",46,8
"PWY.6353..purine.nucleotides.degradation.II..aerobic.","acetate","acetate","acetate",0.508259974359846,0,0.338664858712818,0.133413598067242,1,0.249028007985236,1,NA,"prevalence",46,30
"PWY.6353..purine.nucleotides.degradation.II..aerobic.","Antibiotics","Yes","AntibioticsYes",0.739412089146619,0,1.17547952081693,0.529329301238664,1,0.778469093327516,1,NA,"prevalence",46,30
"PWY.6353..purine.nucleotides.degradation.II..aerobic.","butyrate","butyrate","butyrate",-0.790832975408045,0,0.456141575672686,0.0829634163701379,1,0.159043904284471,1,NA,"prevalence",46,30
"PWY.6353..purine.nucleotides.degradation.II..aerobic.","Delivery_mode","C-section","Delivery_modeC-section",-1.35078730670553,0,1.03978365705085,0.19390817499596,1,0.350215969661657,1,NA,"prevalence",46,30
"PWY.6353..purine.nucleotides.degradation.II..aerobic.","Ethnicity","European","EthnicityEuropean",0.395384787996834,0,0.768466379945128,0.606894423925045,1,0.22215873011639,1,NA,"prevalence",46,30
"PWY.6353..purine.nucleotides.degradation.II..aerobic.","Feeding_method","Breastfed","Feeding_methodBreastfed",-1.4435941919655,0,0.802567154092159,0.0720628651598681,1,0.138932673784687,1,NA,"prevalence",46,30
"PWY.6353..purine.nucleotides.degradation.II..aerobic.","isobutyrate","isobutyrate","isobutyrate",0.533040013738739,0,0.476380909381506,0.263167206509157,1,0.457077434436481,1,NA,"prevalence",46,30
"PWY.6353..purine.nucleotides.degradation.II..aerobic.","Probiotics","Yes","ProbioticsYes",0.222352909944839,0,1.39077963229259,0.872978400276657,1,0.361456421787661,1,NA,"prevalence",46,30
"PWY.6353..purine.nucleotides.degradation.II..aerobic.","propionate","propionate","propionate",-0.342147182239494,0,0.475849898949046,0.472126540829902,1,0.721349611103795,1,NA,"prevalence",46,30
"PWY.6353..purine.nucleotides.degradation.II..aerobic.","Read_depth","Read_depth","Read_depth",-0.0587225312928381,0,0.353536797582741,0.868078100088863,1,0.776955662228117,1,NA,"prevalence",46,30
"PWY.6353..purine.nucleotides.degradation.II..aerobic.","Sex","Female","SexFemale",-0.283378207734647,0,0.80329898332907,0.724262345821447,1,0.841900985344395,1,NA,"prevalence",46,30
"PWY.6353..purine.nucleotides.degradation.II..aerobic.","Termness","preterm","Termnesspreterm",0.511774617776541,0,1.19284580579033,0.667896523166434,1,0.0543938224463842,0.932926192497949,NA,"prevalence",46,30
"PWY.6396..superpathway.of.2.3.butanediol.biosynthesis","acetate","acetate","acetate",-0.331359051512678,0,0.430711695254768,0.441697951644625,1,0.441697951644625,1,NA,"prevalence",46,10
"PWY.6396..superpathway.of.2.3.butanediol.biosynthesis","butyrate","butyrate","butyrate",0.393025815919278,0,0.47738739270808,0.410346017471669,1,0.410346017471669,1,NA,"prevalence",46,10
"PWY.6396..superpathway.of.2.3.butanediol.biosynthesis","Delivery_mode","C-section","Delivery_modeC-section",1.54660497089746,0,1.16096446356526,0.182803499867722,1,0.182803499867722,1,NA,"prevalence",46,10
"PWY.6396..superpathway.of.2.3.butanediol.biosynthesis","Ethnicity","European","EthnicityEuropean",-0.337287330582083,0,0.84003063240926,0.688038866323549,1,0.688038866323549,1,NA,"prevalence",46,10
"PWY.6396..superpathway.of.2.3.butanediol.biosynthesis","Feeding_method","Breastfed","Feeding_methodBreastfed",0.285216118288899,0,0.854533002462508,0.738554325768427,1,0.738554325768427,1,NA,"prevalence",46,10
"PWY.6396..superpathway.of.2.3.butanediol.biosynthesis","Probiotics","Yes","ProbioticsYes",-2.94726903600739,0,1.86429800512995,0.113900865120965,1,0.113900865120965,1,NA,"prevalence",46,10
"PWY.6396..superpathway.of.2.3.butanediol.biosynthesis","propionate","propionate","propionate",0.954173770856035,0,0.762562303714633,0.210834821221929,1,0.210834821221929,1,NA,"prevalence",46,10
"PWY.6396..superpathway.of.2.3.butanediol.biosynthesis","Read_depth","Read_depth","Read_depth",0.266681002081991,0,0.378324920265721,0.480872855461659,1,0.480872855461659,1,NA,"prevalence",46,10
"PWY.6396..superpathway.of.2.3.butanediol.biosynthesis","Sex","Female","SexFemale",1.20390277420771,0,0.896671589569884,0.179390150012836,1,0.179390150012836,1,NA,"prevalence",46,10
"PWY.6396..superpathway.of.2.3.butanediol.biosynthesis","Termness","preterm","Termnesspreterm",-0.263156159239337,0,1.44522976817535,0.855515207392475,1,0.855515207392475,1,NA,"prevalence",46,10
"PWY.6435..4.hydroxybenzoate.biosynthesis.III..plants.","acetate","acetate","acetate",0.112105029286521,0,0.352057274278792,0.750160009793761,1,0.750160009793761,1,NA,"prevalence",46,9
"PWY.6435..4.hydroxybenzoate.biosynthesis.III..plants.","Antibiotics","Yes","AntibioticsYes",0.495102542234213,0,1.29094602791146,0.701334863229018,1,0.701334863229018,1,NA,"prevalence",46,9
"PWY.6435..4.hydroxybenzoate.biosynthesis.III..plants.","butyrate","butyrate","butyrate",-0.587649893421468,0,0.477804617164421,0.218736125997871,1,0.218736125997871,1,NA,"prevalence",46,9
"PWY.6435..4.hydroxybenzoate.biosynthesis.III..plants.","Delivery_mode","C-section","Delivery_modeC-section",-0.0828470605917689,0,0.919086216872114,0.92817541933689,1,0.92817541933689,1,NA,"prevalence",46,9
"PWY.6435..4.hydroxybenzoate.biosynthesis.III..plants.","Ethnicity","European","EthnicityEuropean",-0.144663301639903,0,0.82833503229137,0.861359791920285,1,0.861359791920285,1,NA,"prevalence",46,9
"PWY.6435..4.hydroxybenzoate.biosynthesis.III..plants.","Feeding_method","Breastfed","Feeding_methodBreastfed",-0.306320417834797,0,0.803240734951928,0.702939341777645,1,0.702939341777645,1,NA,"prevalence",46,9
"PWY.6435..4.hydroxybenzoate.biosynthesis.III..plants.","isobutyrate","isobutyrate","isobutyrate",0.0406283879733129,0,0.56325140113975,0.942496947959615,1,0.942496947959615,1,NA,"prevalence",46,9
"PWY.6435..4.hydroxybenzoate.biosynthesis.III..plants.","Probiotics","Yes","ProbioticsYes",-2.11934417499249,0,1.5897975564465,0.182502074464776,1,0.182502074464776,1,NA,"prevalence",46,9
"PWY.6435..4.hydroxybenzoate.biosynthesis.III..plants.","propionate","propionate","propionate",0.106112917649302,0,0.454862456805011,0.815539543256523,1,0.815539543256523,1,NA,"prevalence",46,9
"PWY.6435..4.hydroxybenzoate.biosynthesis.III..plants.","Read_depth","Read_depth","Read_depth",0.12839252231695,0,0.467559012121158,0.783622222751716,1,0.783622222751716,1,NA,"prevalence",46,9
"PWY.6435..4.hydroxybenzoate.biosynthesis.III..plants.","Sex","Female","SexFemale",-0.55252692239351,0,0.804455623686901,0.492187773562728,1,0.492187773562728,1,NA,"prevalence",46,9
"PWY.6435..4.hydroxybenzoate.biosynthesis.III..plants.","Termness","preterm","Termnesspreterm",0.773138216072694,0,1.20191442768241,0.52005824511845,1,0.52005824511845,1,NA,"prevalence",46,9
"PWY.6507..4.deoxy.L.threo.hex.4.enopyranuronate.degradation","acetate","acetate","acetate",0.362183465301517,0,0.521251047284291,0.48715871865974,1,0.73699382015328,1,NA,"prevalence",46,42
"PWY.6507..4.deoxy.L.threo.hex.4.enopyranuronate.degradation","Antibiotics","Yes","AntibioticsYes",-1.72129535114025,0,1.50773526112043,0.253602458002099,1,0.442890709299491,1,NA,"prevalence",46,42
"PWY.6507..4.deoxy.L.threo.hex.4.enopyranuronate.degradation","butyrate","butyrate","butyrate",-0.174753015809146,0,0.569754201026206,0.759059167686948,1,0.931818155784582,1,NA,"prevalence",46,42
"PWY.6507..4.deoxy.L.threo.hex.4.enopyranuronate.degradation","Delivery_mode","C-section","Delivery_modeC-section",-1.04289862457378,0,1.19314753838141,0.382078237213161,1,0.229625372307067,1,NA,"prevalence",46,42
"PWY.6507..4.deoxy.L.threo.hex.4.enopyranuronate.degradation","Ethnicity","European","EthnicityEuropean",-1.17502318922485,0,0.985149198231185,0.232972672509148,1,0.411669078882241,1,NA,"prevalence",46,42
"PWY.6507..4.deoxy.L.threo.hex.4.enopyranuronate.degradation","Feeding_method","Breastfed","Feeding_methodBreastfed",0.166166322386282,0,0.994871876593498,0.8673520806997,1,0.911933616940551,1,NA,"prevalence",46,42
"PWY.6507..4.deoxy.L.threo.hex.4.enopyranuronate.degradation","isobutyrate","isobutyrate","isobutyrate",0.645873103218147,0,0.579367475503992,0.264940396680767,1,0.459687379568171,1,NA,"prevalence",46,42
"PWY.6507..4.deoxy.L.threo.hex.4.enopyranuronate.degradation","Probiotics","Yes","ProbioticsYes",0.851115590200183,0,2.43209932454354,0.726375471679514,1,0.340439378656954,1,NA,"prevalence",46,42
"PWY.6507..4.deoxy.L.threo.hex.4.enopyranuronate.degradation","propionate","propionate","propionate",-0.000507991926032962,0,0.497694734748224,0.999185607529841,1,0.998372824348084,1,NA,"prevalence",46,42
"PWY.6507..4.deoxy.L.threo.hex.4.enopyranuronate.degradation","Read_depth","Read_depth","Read_depth",0.296022154540052,0,0.476293697479598,0.534262931229683,1,0.131329474604946,1,NA,"prevalence",46,42
"PWY.6507..4.deoxy.L.threo.hex.4.enopyranuronate.degradation","Sex","Female","SexFemale",-1.28668549319463,0,1.06694296781298,0.227834738429749,1,0.403760808824146,1,NA,"prevalence",46,42
"PWY.6507..4.deoxy.L.threo.hex.4.enopyranuronate.degradation","Termness","preterm","Termnesspreterm",0.91751368757495,0,2.06705956091397,0.657133790971143,1,0.145769980315475,1,NA,"prevalence",46,42
"PWY.6531..mannitol.cycle","acetate","acetate","acetate",-0.0851292846031632,0,0.446993424987134,0.848957595109638,1,0.968285960325954,1,NA,"prevalence",46,41
"PWY.6531..mannitol.cycle","Antibiotics","Yes","AntibioticsYes",-1.13548894618717,0,1.41971937992343,0.423827749943775,1,0.668025538265147,1,NA,"prevalence",46,41
"PWY.6531..mannitol.cycle","butyrate","butyrate","butyrate",-0.0874393791436796,0,0.517489633010054,0.865821521686787,1,0.215081136133844,1,NA,"prevalence",46,41
"PWY.6531..mannitol.cycle","Delivery_mode","C-section","Delivery_modeC-section",-1.10956200705037,0,1.19031451401632,0.351254525619855,1,0.579129309471281,1,NA,"prevalence",46,41
"PWY.6531..mannitol.cycle","Ethnicity","European","EthnicityEuropean",-0.0112788472803786,0,0.915918292430427,0.990174897971985,1,0.742668992412373,1,NA,"prevalence",46,41
"PWY.6531..mannitol.cycle","Feeding_method","Breastfed","Feeding_methodBreastfed",0.173427477786072,0,0.913078833064677,0.84935847823559,1,0.656357677295263,1,NA,"prevalence",46,41
"PWY.6531..mannitol.cycle","isobutyrate","isobutyrate","isobutyrate",0.184036884353579,0,0.531038637983271,0.728921711355208,1,0.661445327152776,1,NA,"prevalence",46,41
"PWY.6531..mannitol.cycle","Probiotics","Yes","ProbioticsYes",0.795513449690073,0,2.06408130215552,0.699935155238188,1,0.736730780585924,1,NA,"prevalence",46,41
"PWY.6531..mannitol.cycle","propionate","propionate","propionate",0.194923914888405,0,0.400869662596909,0.626788083107197,1,0.8607128650892,1,NA,"prevalence",46,41
"PWY.6531..mannitol.cycle","Read_depth","Read_depth","Read_depth",0.391922703230986,0,0.416788846960225,0.347043829204602,1,0.573648239020211,1,NA,"prevalence",46,41
"PWY.6531..mannitol.cycle","Sex","Female","SexFemale",-0.737297067236136,0,0.96493811782309,0.444815154489709,1,0.691769787315714,1,NA,"prevalence",46,41
"PWY.6531..mannitol.cycle","Termness","preterm","Termnesspreterm",0.781445220520598,0,1.70257589087996,0.646249819800093,1,0.740592077915661,1,NA,"prevalence",46,41
"PWY.6545..pyrimidine.deoxyribonucleotides.de.novo.biosynthesis.III","acetate","acetate","acetate",0.246008376502902,0,0.501864182358569,0.624000058470953,1,0.402396985366759,1,NA,"prevalence",46,43
"PWY.6545..pyrimidine.deoxyribonucleotides.de.novo.biosynthesis.III","Antibiotics","Yes","AntibioticsYes",0.00852581401009888,0,1.48952501992243,0.995433055416258,1,0.0972339943514408,1,NA,"prevalence",46,43
"PWY.6545..pyrimidine.deoxyribonucleotides.de.novo.biosynthesis.III","butyrate","butyrate","butyrate",-0.368510272622525,0,0.551971853160666,0.504372921177977,1,0.754353798738349,1,NA,"prevalence",46,43
"PWY.6545..pyrimidine.deoxyribonucleotides.de.novo.biosynthesis.III","Delivery_mode","C-section","Delivery_modeC-section",-0.779392995892658,0,1.24245470890673,0.530461993135358,1,0.140983935950952,1,NA,"prevalence",46,43
"PWY.6545..pyrimidine.deoxyribonucleotides.de.novo.biosynthesis.III","Ethnicity","European","EthnicityEuropean",-0.0826254761290448,0,0.986606008326678,0.933257440499518,1,0.864690482756089,1,NA,"prevalence",46,43
"PWY.6545..pyrimidine.deoxyribonucleotides.de.novo.biosynthesis.III","Feeding_method","Breastfed","Feeding_methodBreastfed",0.278282158161017,0,0.981273047207261,0.776722309276944,1,0.950147072825379,1,NA,"prevalence",46,43
"PWY.6545..pyrimidine.deoxyribonucleotides.de.novo.biosynthesis.III","isobutyrate","isobutyrate","isobutyrate",0.797339640295658,0,0.60065917135769,0.184362828590823,1,0.309326218602925,1,NA,"prevalence",46,43
"PWY.6545..pyrimidine.deoxyribonucleotides.de.novo.biosynthesis.III","Probiotics","Yes","ProbioticsYes",0.506936089844432,0,2.26998984204185,0.823285791155802,1,0.0445529736970645,0.888107045599975,NA,"prevalence",46,43
"PWY.6545..pyrimidine.deoxyribonucleotides.de.novo.biosynthesis.III","propionate","propionate","propionate",0.297058246972492,0,0.442223289992756,0.501750420900758,1,0.751747356927428,1,NA,"prevalence",46,43
"PWY.6545..pyrimidine.deoxyribonucleotides.de.novo.biosynthesis.III","Read_depth","Read_depth","Read_depth",0.329863498300486,0,0.437184095647223,0.450537926974476,1,0.698091430306494,1,NA,"prevalence",46,43
"PWY.6545..pyrimidine.deoxyribonucleotides.de.novo.biosynthesis.III","Sex","Female","SexFemale",-0.159436857745943,0,1.01131865203746,0.874730675471685,1,0.475176131434628,1,NA,"prevalence",46,43
"PWY.6545..pyrimidine.deoxyribonucleotides.de.novo.biosynthesis.III","Termness","preterm","Termnesspreterm",0.89398366421733,0,1.88334847159068,0.635016660655806,1,0.643123040895328,1,NA,"prevalence",46,43
"PWY.6549..L.glutamine.biosynthesis.III","acetate","acetate","acetate",0.173729803215935,0,0.413166402469798,0.674132018544523,1,0.624755176926175,1,NA,"prevalence",46,37
"PWY.6549..L.glutamine.biosynthesis.III","Antibiotics","Yes","AntibioticsYes",-1.0579649033746,0,1.14833627750487,0.356892598038467,1,0.480443175564832,1,NA,"prevalence",46,37
"PWY.6549..L.glutamine.biosynthesis.III","butyrate","butyrate","butyrate",0.444937862183084,0,0.498156756635879,0.371767009692647,1,0.128856676535669,1,NA,"prevalence",46,37
"PWY.6549..L.glutamine.biosynthesis.III","Delivery_mode","C-section","Delivery_modeC-section",-0.937894300091969,0,0.92161123711806,0.308835741194948,1,0.522291967350463,1,NA,"prevalence",46,37
"PWY.6549..L.glutamine.biosynthesis.III","Ethnicity","European","EthnicityEuropean",-0.297139998723133,0,0.79008966614572,0.706854527162207,1,0.800851144440772,1,NA,"prevalence",46,37
"PWY.6549..L.glutamine.biosynthesis.III","Feeding_method","Breastfed","Feeding_methodBreastfed",0.635687267415647,0,0.803134302421338,0.428647579155325,1,0.673556411194929,1,NA,"prevalence",46,37
"PWY.6549..L.glutamine.biosynthesis.III","isobutyrate","isobutyrate","isobutyrate",0.0273135697099065,0,0.494574570246239,0.955958102241618,1,0.0430617727181207,0.885535873821602,NA,"prevalence",46,37
"PWY.6549..L.glutamine.biosynthesis.III","Probiotics","Yes","ProbioticsYes",-0.695488321653179,0,2.01796654710301,0.730358945670243,1,0.377370101651304,1,NA,"prevalence",46,37
"PWY.6549..L.glutamine.biosynthesis.III","propionate","propionate","propionate",0.20296706691949,0,0.347428823782081,0.559087411105315,1,0.805596088954187,1,NA,"prevalence",46,37
"PWY.6549..L.glutamine.biosynthesis.III","Read_depth","Read_depth","Read_depth",-0.473665853049388,0,0.492554224169751,0.336224341102621,1,0.321194364239327,1,NA,"prevalence",46,37
"PWY.6549..L.glutamine.biosynthesis.III","Sex","Female","SexFemale",-1.22974442126121,0,0.833662120644192,0.140182620772878,1,0.260714074379003,1,NA,"prevalence",46,37
"PWY.6549..L.glutamine.biosynthesis.III","Termness","preterm","Termnesspreterm",1.3752562021667,0,1.80338272034286,0.445703129287041,1,0.692754979117821,1,NA,"prevalence",46,37
"PWY.6588..pyruvate.fermentation.to.acetone","acetate","acetate","acetate",0.400291006599979,0,0.377475813638308,0.288943804407941,1,0.494399086710147,1,NA,"prevalence",46,37
"PWY.6588..pyruvate.fermentation.to.acetone","Antibiotics","Yes","AntibioticsYes",-1.15020438690351,0,1.13568898076867,0.311164708479951,1,0.525505941156489,1,NA,"prevalence",46,37
"PWY.6588..pyruvate.fermentation.to.acetone","butyrate","butyrate","butyrate",0.162412332509675,0,0.451628966411712,0.719135426105562,1,0.882762248472752,1,NA,"prevalence",46,37
"PWY.6588..pyruvate.fermentation.to.acetone","Delivery_mode","C-section","Delivery_modeC-section",-1.82902538137586,0,1.14400623024062,0.10986733771639,1,0.207663843535893,1,NA,"prevalence",46,37
"PWY.6588..pyruvate.fermentation.to.acetone","Ethnicity","European","EthnicityEuropean",0.348452033130221,0,0.816299302548864,0.669475489967518,1,0.711999510412428,1,NA,"prevalence",46,37
"PWY.6588..pyruvate.fermentation.to.acetone","Feeding_method","Breastfed","Feeding_methodBreastfed",-0.0484562817637289,0,0.824552781353436,0.953137897543322,1,0.966011486391286,1,NA,"prevalence",46,37
"PWY.6588..pyruvate.fermentation.to.acetone","isobutyrate","isobutyrate","isobutyrate",0.15324423317873,0,0.487712587787086,0.753361453189879,1,0.936011554348557,1,NA,"prevalence",46,37
"PWY.6588..pyruvate.fermentation.to.acetone","Probiotics","Yes","ProbioticsYes",0.54724237543147,0,1.56998838894326,0.727416207605647,1,0.0151614701002363,0.514659217923091,NA,"prevalence",46,37
"PWY.6588..pyruvate.fermentation.to.acetone","propionate","propionate","propionate",-0.0130369676829923,0,0.523500403619784,0.980131973015253,1,0.817429298491063,1,NA,"prevalence",46,37
"PWY.6588..pyruvate.fermentation.to.acetone","Read_depth","Read_depth","Read_depth",-0.0203045544616758,0,0.35000670550053,0.953739148608845,1,0.31400853487622,1,NA,"prevalence",46,37
"PWY.6588..pyruvate.fermentation.to.acetone","Sex","Female","SexFemale",-0.722965978575342,0,0.861510158869141,0.401365779533659,1,0.641637070086657,1,NA,"prevalence",46,37
"PWY.6588..pyruvate.fermentation.to.acetone","Termness","preterm","Termnesspreterm",0.585708822301681,0,1.38182620691396,0.671663712749569,1,0.0147087018502762,0.509764520069712,NA,"prevalence",46,37
"PWY.6590..superpathway.of.Clostridium.acetobutylicum.acidogenic.fermentation","acetate","acetate","acetate",0.182830813910548,0,0.332219033200359,0.582091578646791,1,0.48844306092204,1,NA,"prevalence",46,15
"PWY.6590..superpathway.of.Clostridium.acetobutylicum.acidogenic.fermentation","Antibiotics","Yes","AntibioticsYes",-0.890761773230429,0,1.11573671307583,0.424660459000922,1,0.211334459109621,1,NA,"prevalence",46,15
"PWY.6590..superpathway.of.Clostridium.acetobutylicum.acidogenic.fermentation","butyrate","butyrate","butyrate",-0.282173682921857,0,0.438650709624196,0.520044717231479,1,0.261722093769524,1,NA,"prevalence",46,15
"PWY.6590..superpathway.of.Clostridium.acetobutylicum.acidogenic.fermentation","Delivery_mode","C-section","Delivery_modeC-section",-0.198183251416981,0,0.968592911813789,0.837877280887662,1,0.422904877956924,1,NA,"prevalence",46,15
"PWY.6590..superpathway.of.Clostridium.acetobutylicum.acidogenic.fermentation","Ethnicity","European","EthnicityEuropean",-0.930875077778319,0,0.804836495795099,0.247435219565692,1,0.433646251249862,1,NA,"prevalence",46,15
"PWY.6590..superpathway.of.Clostridium.acetobutylicum.acidogenic.fermentation","Feeding_method","Breastfed","Feeding_methodBreastfed",-1.27738013863066,0,0.756203683854428,0.0911808871235017,1,0.174047820070375,1,NA,"prevalence",46,15
"PWY.6590..superpathway.of.Clostridium.acetobutylicum.acidogenic.fermentation","isobutyrate","isobutyrate","isobutyrate",0.427368153535707,0,0.534361729115621,0.423842252776131,1,0.222883085544357,1,NA,"prevalence",46,15
"PWY.6590..superpathway.of.Clostridium.acetobutylicum.acidogenic.fermentation","Probiotics","Yes","ProbioticsYes",-0.725924830946436,0,1.39478624403105,0.602745806834359,1,0.0961309794951151,1,NA,"prevalence",46,15
"PWY.6590..superpathway.of.Clostridium.acetobutylicum.acidogenic.fermentation","propionate","propionate","propionate",-0.0784148505047366,0,0.370477056350067,0.832372977129969,1,0.302376236921112,1,NA,"prevalence",46,15
"PWY.6590..superpathway.of.Clostridium.acetobutylicum.acidogenic.fermentation","Read_depth","Read_depth","Read_depth",-0.17841541966985,0,0.402809994994571,0.657818542627259,1,0.543581632794336,1,NA,"prevalence",46,15
"PWY.6590..superpathway.of.Clostridium.acetobutylicum.acidogenic.fermentation","Sex","Female","SexFemale",-1.17707059786927,0,0.82689094059066,0.154594294598424,1,0.139034588945098,1,NA,"prevalence",46,15
"PWY.6590..superpathway.of.Clostridium.acetobutylicum.acidogenic.fermentation","Termness","preterm","Termnesspreterm",0.384338815476125,0,1.17897350167129,0.744428556000616,1,0.218731567893655,1,NA,"prevalence",46,15
"PWY.6595..superpathway.of.guanosine.nucleotides.degradation..plants.","acetate","acetate","acetate",0.380733215501285,0,0.32348893685184,0.2392118713347,1,0.384139580463746,1,NA,"prevalence",46,29
"PWY.6595..superpathway.of.guanosine.nucleotides.degradation..plants.","Antibiotics","Yes","AntibioticsYes",0.601778458728061,0,1.09641317010889,0.583100825625755,1,0.826195078406073,1,NA,"prevalence",46,29
"PWY.6595..superpathway.of.guanosine.nucleotides.degradation..plants.","butyrate","butyrate","butyrate",-0.535824642975801,0,0.417328050008816,0.199162558879748,1,0.358659392899966,1,NA,"prevalence",46,29
"PWY.6595..superpathway.of.guanosine.nucleotides.degradation..plants.","Delivery_mode","C-section","Delivery_modeC-section",-0.806507903906437,0,0.927002157363561,0.384290955997243,1,0.403997850720721,1,NA,"prevalence",46,29
"PWY.6595..superpathway.of.guanosine.nucleotides.degradation..plants.","Ethnicity","European","EthnicityEuropean",-0.00338557451943506,0,0.705178787396231,0.996169358311045,1,0.753039007707965,1,NA,"prevalence",46,29
"PWY.6595..superpathway.of.guanosine.nucleotides.degradation..plants.","Feeding_method","Breastfed","Feeding_methodBreastfed",-0.953632298894377,0,0.721998838680563,0.186560561242679,1,0.338316279474175,1,NA,"prevalence",46,29
"PWY.6595..superpathway.of.guanosine.nucleotides.degradation..plants.","isobutyrate","isobutyrate","isobutyrate",0.569463141548358,0,0.467655990188022,0.223339263307547,1,0.396798100080336,1,NA,"prevalence",46,29
"PWY.6595..superpathway.of.guanosine.nucleotides.degradation..plants.","Probiotics","Yes","ProbioticsYes",0.637460426520984,0,1.35060558969345,0.636940218471145,1,0.846792544149767,1,NA,"prevalence",46,29
"PWY.6595..superpathway.of.guanosine.nucleotides.degradation..plants.","propionate","propionate","propionate",-0.500474044053488,0,0.476079267462809,0.29314791811489,1,0.495072118969215,1,NA,"prevalence",46,29
"PWY.6595..superpathway.of.guanosine.nucleotides.degradation..plants.","Read_depth","Read_depth","Read_depth",0.0122138254989164,0,0.360397681340601,0.972964982336533,1,0.568817884875632,1,NA,"prevalence",46,29
"PWY.6595..superpathway.of.guanosine.nucleotides.degradation..plants.","Sex","Female","SexFemale",-0.562193324723207,0,0.752688721918808,0.455115810879449,1,0.703101220446439,1,NA,"prevalence",46,29
"PWY.6595..superpathway.of.guanosine.nucleotides.degradation..plants.","Termness","preterm","Termnesspreterm",0.420497127986411,0,1.16704553887054,0.718615994752785,1,0.14552861797168,1,NA,"prevalence",46,29
"PWY.6606..guanosine.nucleotides.degradation.II","acetate","acetate","acetate",-0.088105841047863,0,0.511311960987762,0.863191244659737,1,0.231342208987402,1,NA,"prevalence",46,45
"PWY.6606..guanosine.nucleotides.degradation.II","Antibiotics","Yes","AntibioticsYes",-0.759504349357938,0,1.48190647182894,0.608288238788263,1,0.846561896128399,1,NA,"prevalence",46,45
"PWY.6606..guanosine.nucleotides.degradation.II","butyrate","butyrate","butyrate",-0.56039390543252,0,0.550053227119098,0.308298204015851,1,0.462287568911134,1,NA,"prevalence",46,45
"PWY.6606..guanosine.nucleotides.degradation.II","Delivery_mode","C-section","Delivery_modeC-section",0.0775455799442311,0,1.26934062183873,0.951286553510571,1,0.947416171273862,1,NA,"prevalence",46,45
"PWY.6606..guanosine.nucleotides.degradation.II","Ethnicity","European","EthnicityEuropean",0.564487598452564,0,1.02113376372256,0.58039711323923,1,0.695558791925032,1,NA,"prevalence",46,45
"PWY.6606..guanosine.nucleotides.degradation.II","Feeding_method","Breastfed","Feeding_methodBreastfed",-0.60235153143478,0,1.00853612672991,0.550338277394848,1,0.418573018599178,1,NA,"prevalence",46,45
"PWY.6606..guanosine.nucleotides.degradation.II","isobutyrate","isobutyrate","isobutyrate",0.457001143850735,0,0.614599324234693,0.457133187977568,1,0.705295624404601,1,NA,"prevalence",46,45
"PWY.6606..guanosine.nucleotides.degradation.II","Probiotics","Yes","ProbioticsYes",0.430764166742784,0,2.05257296899955,0.833772682163893,1,0.315106382797572,1,NA,"prevalence",46,45
"PWY.6606..guanosine.nucleotides.degradation.II","propionate","propionate","propionate",-0.135023884439894,0,0.529672621129056,0.798785268039919,1,0.925592763675243,1,NA,"prevalence",46,45
"PWY.6606..guanosine.nucleotides.degradation.II","Read_depth","Read_depth","Read_depth",-0.0721462495633746,0,0.465012616628345,0.876703841376125,1,0.379250418894329,1,NA,"prevalence",46,45
"PWY.6606..guanosine.nucleotides.degradation.II","Sex","Female","SexFemale",-0.0170160732270342,0,1.06915992903829,0.987301910033326,1,0.775282354632607,1,NA,"prevalence",46,45
"PWY.6606..guanosine.nucleotides.degradation.II","Termness","preterm","Termnesspreterm",-0.110051921993349,0,1.77566997688012,0.950580599256651,1,0.437145612729189,1,NA,"prevalence",46,45
"PWY.6607..guanosine.nucleotides.degradation.I","acetate","acetate","acetate",0.380733215501285,0,0.32348893685184,0.2392118713347,1,0.370582625301449,1,NA,"prevalence",46,29
"PWY.6607..guanosine.nucleotides.degradation.I","Antibiotics","Yes","AntibioticsYes",0.601778458728061,0,1.09641317010889,0.583100825625755,1,0.826195078406073,1,NA,"prevalence",46,29
"PWY.6607..guanosine.nucleotides.degradation.I","butyrate","butyrate","butyrate",-0.535824642975801,0,0.417328050008816,0.199162558879748,1,0.358659392899966,1,NA,"prevalence",46,29
"PWY.6607..guanosine.nucleotides.degradation.I","Delivery_mode","C-section","Delivery_modeC-section",-0.806507903906437,0,0.927002157363561,0.384290955997243,1,0.268334628291171,1,NA,"prevalence",46,29
"PWY.6607..guanosine.nucleotides.degradation.I","Ethnicity","European","EthnicityEuropean",-0.00338557451943506,0,0.705178787396231,0.996169358311045,1,0.647915717921527,1,NA,"prevalence",46,29
"PWY.6607..guanosine.nucleotides.degradation.I","Feeding_method","Breastfed","Feeding_methodBreastfed",-0.953632298894377,0,0.721998838680563,0.186560561242679,1,0.338316279474175,1,NA,"prevalence",46,29
"PWY.6607..guanosine.nucleotides.degradation.I","isobutyrate","isobutyrate","isobutyrate",0.569463141548358,0,0.467655990188022,0.223339263307547,1,0.396798100080336,1,NA,"prevalence",46,29
"PWY.6607..guanosine.nucleotides.degradation.I","Probiotics","Yes","ProbioticsYes",0.637460426520984,0,1.35060558969345,0.636940218471145,1,0.7883642416992,1,NA,"prevalence",46,29
"PWY.6607..guanosine.nucleotides.degradation.I","propionate","propionate","propionate",-0.500474044053488,0,0.476079267462809,0.29314791811489,1,0.322948375512331,1,NA,"prevalence",46,29
"PWY.6607..guanosine.nucleotides.degradation.I","Read_depth","Read_depth","Read_depth",0.0122138254989164,0,0.360397681340601,0.972964982336533,1,0.464735022514658,1,NA,"prevalence",46,29
"PWY.6607..guanosine.nucleotides.degradation.I","Sex","Female","SexFemale",-0.562193324723207,0,0.752688721918808,0.455115810879449,1,0.703101220446439,1,NA,"prevalence",46,29
"PWY.6607..guanosine.nucleotides.degradation.I","Termness","preterm","Termnesspreterm",0.420497127986411,0,1.16704553887054,0.718615994752785,1,0.125996459405303,1,NA,"prevalence",46,29
"PWY.6608..guanosine.nucleotides.degradation.III","acetate","acetate","acetate",-0.088105841047863,0,0.511311960987762,0.863191244659737,1,0.932842253503537,1,NA,"prevalence",46,45
"PWY.6608..guanosine.nucleotides.degradation.III","Antibiotics","Yes","AntibioticsYes",-0.759504349357938,0,1.48190647182894,0.608288238788263,1,0.846561896128399,1,NA,"prevalence",46,45
"PWY.6608..guanosine.nucleotides.degradation.III","butyrate","butyrate","butyrate",-0.56039390543252,0,0.550053227119098,0.308298204015851,1,0.521101733940693,1,NA,"prevalence",46,45
"PWY.6608..guanosine.nucleotides.degradation.III","Delivery_mode","C-section","Delivery_modeC-section",0.0775455799442311,0,1.26934062183873,0.951286553510571,1,0.99526359329214,1,NA,"prevalence",46,45
"PWY.6608..guanosine.nucleotides.degradation.III","Ethnicity","European","EthnicityEuropean",0.564487598452564,0,1.02113376372256,0.58039711323923,1,0.823933417422028,1,NA,"prevalence",46,45
"PWY.6608..guanosine.nucleotides.degradation.III","Feeding_method","Breastfed","Feeding_methodBreastfed",-0.60235153143478,0,1.00853612672991,0.550338277394848,1,0.471746354202934,1,NA,"prevalence",46,45
"PWY.6608..guanosine.nucleotides.degradation.III","isobutyrate","isobutyrate","isobutyrate",0.457001143850735,0,0.614599324234693,0.457133187977568,1,0.209820030848072,1,NA,"prevalence",46,45
"PWY.6608..guanosine.nucleotides.degradation.III","Probiotics","Yes","ProbioticsYes",0.430764166742784,0,2.05257296899955,0.833772682163893,1,0.87521918891159,1,NA,"prevalence",46,45
"PWY.6608..guanosine.nucleotides.degradation.III","propionate","propionate","propionate",-0.135023884439894,0,0.529672621129056,0.798785268039919,1,0.823996231649927,1,NA,"prevalence",46,45
"PWY.6608..guanosine.nucleotides.degradation.III","Read_depth","Read_depth","Read_depth",-0.0721462495633746,0,0.465012616628345,0.876703841376125,1,0.0336758863802282,0.798553554547421,NA,"prevalence",46,45
"PWY.6608..guanosine.nucleotides.degradation.III","Sex","Female","SexFemale",-0.0170160732270342,0,1.06915992903829,0.987301910033326,1,0.962954312070359,1,NA,"prevalence",46,45
"PWY.6608..guanosine.nucleotides.degradation.III","Termness","preterm","Termnesspreterm",-0.110051921993349,0,1.77566997688012,0.950580599256651,1,0.795254028387782,1,NA,"prevalence",46,45
"PWY.6612..superpathway.of.tetrahydrofolate.biosynthesis","acetate","acetate","acetate",-0.00600819208126294,0,0.43247978505321,0.988915806776154,1,0.88262303361405,1,NA,"prevalence",46,43
"PWY.6612..superpathway.of.tetrahydrofolate.biosynthesis","Antibiotics","Yes","AntibioticsYes",-0.828326530827223,0,1.3560376482759,0.541303315416511,1,0.375613914198526,1,NA,"prevalence",46,43
"PWY.6612..superpathway.of.tetrahydrofolate.biosynthesis","butyrate","butyrate","butyrate",0.182415255982331,0,0.58789020510655,0.756341981597078,1,0.822406593325995,1,NA,"prevalence",46,43
"PWY.6612..superpathway.of.tetrahydrofolate.biosynthesis","Delivery_mode","C-section","Delivery_modeC-section",-1.14544139825898,0,1.19507035165548,0.337824834346061,1,0.561524049991178,1,NA,"prevalence",46,43
"PWY.6612..superpathway.of.tetrahydrofolate.biosynthesis","Ethnicity","European","EthnicityEuropean",-1.04319928502398,0,0.981646016427948,0.287916143119752,1,0.49293658077055,1,NA,"prevalence",46,43
"PWY.6612..superpathway.of.tetrahydrofolate.biosynthesis","Feeding_method","Breastfed","Feeding_methodBreastfed",0.038278816535225,0,0.994109245145535,0.969284531686242,1,0.890380947454357,1,NA,"prevalence",46,43
"PWY.6612..superpathway.of.tetrahydrofolate.biosynthesis","isobutyrate","isobutyrate","isobutyrate",0.239398138964593,0,0.555498262301604,0.66649665965703,1,0.888775521980081,1,NA,"prevalence",46,43
"PWY.6612..superpathway.of.tetrahydrofolate.biosynthesis","Probiotics","Yes","ProbioticsYes",-0.00605108522726237,0,2.06058761758541,0.997656949649417,1,0.637661170282733,1,NA,"prevalence",46,43
"PWY.6612..superpathway.of.tetrahydrofolate.biosynthesis","propionate","propionate","propionate",0.189117523367372,0,0.399014933189818,0.63552770667351,1,0.682551822289137,1,NA,"prevalence",46,43
"PWY.6612..superpathway.of.tetrahydrofolate.biosynthesis","Read_depth","Read_depth","Read_depth",-0.305882404929927,0,0.48194961631476,0.525639004793192,1,0.637211476534799,1,NA,"prevalence",46,43
"PWY.6612..superpathway.of.tetrahydrofolate.biosynthesis","Sex","Female","SexFemale",-1.338647035216,0,1.1032818268262,0.225002951309794,1,0.39937957452147,1,NA,"prevalence",46,43
"PWY.6612..superpathway.of.tetrahydrofolate.biosynthesis","Termness","preterm","Termnesspreterm",-0.0824685156077551,0,1.79514650392115,0.963358300990496,1,0.112690353779228,1,NA,"prevalence",46,43
"PWY.6690..cinnamate.and.3.hydroxycinnamate.degradation.to.2.hydroxypentadienoate","acetate","acetate","acetate",-0.246122045441033,0,0.444649418803162,0.57990785255386,1,0.818598544637647,1,NA,"prevalence",46,34
"PWY.6690..cinnamate.and.3.hydroxycinnamate.degradation.to.2.hydroxypentadienoate","Antibiotics","Yes","AntibioticsYes",-0.339973207404114,0,1.43379891445448,0.812568669965057,1,0.0889294329046854,1,NA,"prevalence",46,34
"PWY.6690..cinnamate.and.3.hydroxycinnamate.degradation.to.2.hydroxypentadienoate","butyrate","butyrate","butyrate",0.0220298514097399,0,0.499277556498085,0.964805995623777,1,0.90317759715042,1,NA,"prevalence",46,34
"PWY.6690..cinnamate.and.3.hydroxycinnamate.degradation.to.2.hydroxypentadienoate","Delivery_mode","C-section","Delivery_modeC-section",-0.384609934661514,0,1.05745533184451,0.716072558197971,1,0.906070181388944,1,NA,"prevalence",46,34
"PWY.6690..cinnamate.and.3.hydroxycinnamate.degradation.to.2.hydroxypentadienoate","Ethnicity","European","EthnicityEuropean",-0.0946571551380508,0,0.854786817179704,0.911824322624648,1,0.566893476166659,1,NA,"prevalence",46,34
"PWY.6690..cinnamate.and.3.hydroxycinnamate.degradation.to.2.hydroxypentadienoate","Feeding_method","Breastfed","Feeding_methodBreastfed",-0.208010823216056,0,0.863056514237574,0.809542361636401,1,0.831909607942632,1,NA,"prevalence",46,34
"PWY.6690..cinnamate.and.3.hydroxycinnamate.degradation.to.2.hydroxypentadienoate","isobutyrate","isobutyrate","isobutyrate",-0.48546392877462,0,0.625443829392621,0.437636165117757,1,0.683746917216537,1,NA,"prevalence",46,34
"PWY.6690..cinnamate.and.3.hydroxycinnamate.degradation.to.2.hydroxypentadienoate","Probiotics","Yes","ProbioticsYes",-0.967760732179493,0,2.12079277716361,0.648159690088901,1,0.554981774718981,1,NA,"prevalence",46,34
"PWY.6690..cinnamate.and.3.hydroxycinnamate.degradation.to.2.hydroxypentadienoate","propionate","propionate","propionate",1.62109392584211,0,0.797898580619844,0.0421836068732045,1,0.082587757057576,1,NA,"prevalence",46,34
"PWY.6690..cinnamate.and.3.hydroxycinnamate.degradation.to.2.hydroxypentadienoate","Read_depth","Read_depth","Read_depth",0.48283059354006,0,0.509621081462891,0.343419417979164,1,0.56890193931318,1,NA,"prevalence",46,34
"PWY.6690..cinnamate.and.3.hydroxycinnamate.degradation.to.2.hydroxypentadienoate","Sex","Female","SexFemale",0.36126265196854,0,0.903350817653753,0.689219849670017,1,0.69913712690367,1,NA,"prevalence",46,34
"PWY.6690..cinnamate.and.3.hydroxycinnamate.degradation.to.2.hydroxypentadienoate","Termness","preterm","Termnesspreterm",1.96951062410894,0,1.77417232181847,0.266955468615799,1,0.462645715007717,1,NA,"prevalence",46,34
"PWY.6708..ubiquinol.8.biosynthesis..early.decarboxylation.","acetate","acetate","acetate",0.0322977921915642,0,0.382244007693756,0.932662701750875,1,0.932662701750875,1,NA,"prevalence",46,10
"PWY.6708..ubiquinol.8.biosynthesis..early.decarboxylation.","Antibiotics","Yes","AntibioticsYes",-0.0449242641458518,0,1.1320865289953,0.968346084323873,1,0.968346084323873,1,NA,"prevalence",46,10
"PWY.6708..ubiquinol.8.biosynthesis..early.decarboxylation.","butyrate","butyrate","butyrate",-0.285308661585674,0,0.451920984950141,0.527828556236195,1,0.527828556236195,1,NA,"prevalence",46,10
"PWY.6708..ubiquinol.8.biosynthesis..early.decarboxylation.","Delivery_mode","C-section","Delivery_modeC-section",-1.16582757473227,0,0.909307912801912,0.19980606472845,1,0.19980606472845,1,NA,"prevalence",46,10
"PWY.6708..ubiquinol.8.biosynthesis..early.decarboxylation.","Ethnicity","European","EthnicityEuropean",0.454269437183031,0,0.784293362225496,0.562448448566307,1,0.562448448566307,1,NA,"prevalence",46,10
"PWY.6708..ubiquinol.8.biosynthesis..early.decarboxylation.","Feeding_method","Breastfed","Feeding_methodBreastfed",0.236081982869184,0,0.76917127789791,0.75889641374946,1,0.75889641374946,1,NA,"prevalence",46,10
"PWY.6708..ubiquinol.8.biosynthesis..early.decarboxylation.","isobutyrate","isobutyrate","isobutyrate",0.502183491181649,0,0.527665362114021,0.341244951873338,1,0.341244951873338,1,NA,"prevalence",46,10
"PWY.6708..ubiquinol.8.biosynthesis..early.decarboxylation.","Probiotics","Yes","ProbioticsYes",1.75306094967932,0,1.84763874285492,0.34271647466491,1,0.34271647466491,1,NA,"prevalence",46,10
"PWY.6708..ubiquinol.8.biosynthesis..early.decarboxylation.","propionate","propionate","propionate",-0.501357875699258,0,0.44885887913279,0.264010988226325,1,0.264010988226325,1,NA,"prevalence",46,10
"PWY.6708..ubiquinol.8.biosynthesis..early.decarboxylation.","Read_depth","Read_depth","Read_depth",-0.194429017785899,0,0.360444188268909,0.589600502633111,1,0.589600502633111,1,NA,"prevalence",46,10
"PWY.6708..ubiquinol.8.biosynthesis..early.decarboxylation.","Sex","Female","SexFemale",-0.76056721149441,0,0.812416804529288,0.349181249103544,1,0.349181249103544,1,NA,"prevalence",46,10
"PWY.6708..ubiquinol.8.biosynthesis..early.decarboxylation.","Termness","preterm","Termnesspreterm",-1.11416147376107,0,1.68283266365588,0.507923142438212,1,0.507923142438212,1,NA,"prevalence",46,10
"PWY.6731..starch.degradation.III","acetate","acetate","acetate",0.19387543280123,0,0.397846304310758,0.626036969781129,1,0.86015165202952,1,NA,"prevalence",46,39
"PWY.6731..starch.degradation.III","Antibiotics","Yes","AntibioticsYes",-1.78174130886155,0,1.4320263860828,0.213422346205939,1,0.0209533851139938,0.614467317307415,NA,"prevalence",46,39
"PWY.6731..starch.degradation.III","butyrate","butyrate","butyrate",-0.799088953832081,0,0.506860886664072,0.114900276031004,1,0.216598478630007,1,NA,"prevalence",46,39
"PWY.6731..starch.degradation.III","Delivery_mode","C-section","Delivery_modeC-section",-1.23705592934295,0,1.20678411094498,0.305323223699284,1,0.517424176468445,1,NA,"prevalence",46,39
"PWY.6731..starch.degradation.III","Ethnicity","European","EthnicityEuropean",0.114773153930327,0,0.892779300009244,0.897708081706696,1,0.210806339580742,1,NA,"prevalence",46,39
"PWY.6731..starch.degradation.III","Feeding_method","Breastfed","Feeding_methodBreastfed",-0.420319988565228,0,0.907258412097376,0.64315948383905,1,0.853409869209259,1,NA,"prevalence",46,39
"PWY.6731..starch.degradation.III","isobutyrate","isobutyrate","isobutyrate",0.912894760089113,0,0.534438774281074,0.0876108848161768,1,0.16754610249408,1,NA,"prevalence",46,39
"PWY.6731..starch.degradation.III","Probiotics","Yes","ProbioticsYes",2.3111213197874,0,1.84691654727577,0.210810306106274,1,0.0653047845408501,0.939406669793546,NA,"prevalence",46,39
"PWY.6731..starch.degradation.III","propionate","propionate","propionate",0.194521972311756,0,0.395225627586177,0.622592418440494,1,0.857563517381405,1,NA,"prevalence",46,39
"PWY.6731..starch.degradation.III","Read_depth","Read_depth","Read_depth",0.122953793710628,0,0.428514929890422,0.774165910466628,1,0.577733514362535,1,NA,"prevalence",46,39
"PWY.6731..starch.degradation.III","Sex","Female","SexFemale",-0.765266716745718,0,0.951811493427187,0.421390739884873,1,0.132927144353292,1,NA,"prevalence",46,39
"PWY.6731..starch.degradation.III","Termness","preterm","Termnesspreterm",-0.486867524636964,0,1.35481472497505,0.719325073716671,1,0.210308420780413,1,NA,"prevalence",46,39
"PWY.6749..CMP.legionaminate.biosynthesis.I","acetate","acetate","acetate",0.537969462713021,0,0.429968643035762,0.210867713958597,1,0.210867713958597,1,NA,"prevalence",46,7
"PWY.6749..CMP.legionaminate.biosynthesis.I","Antibiotics","Yes","AntibioticsYes",-1.28197126400499,0,1.31158329732228,0.328359938391989,1,0.328359938391989,1,NA,"prevalence",46,7
"PWY.6749..CMP.legionaminate.biosynthesis.I","butyrate","butyrate","butyrate",-0.23195722120273,0,0.564761480331251,0.681279955735724,1,0.681279955735724,1,NA,"prevalence",46,7
"PWY.6749..CMP.legionaminate.biosynthesis.I","Delivery_mode","C-section","Delivery_modeC-section",-1.70864405419089,0,1.07846586492679,0.113119015474363,1,0.113119015474363,1,NA,"prevalence",46,7
"PWY.6749..CMP.legionaminate.biosynthesis.I","Ethnicity","European","EthnicityEuropean",0.103321032902029,0,0.862115288145276,0.904605174797691,1,0.904605174797691,1,NA,"prevalence",46,7
"PWY.6749..CMP.legionaminate.biosynthesis.I","Feeding_method","Breastfed","Feeding_methodBreastfed",-0.518814791828025,0,0.851528619888813,0.542342414774515,1,0.542342414774515,1,NA,"prevalence",46,7
"PWY.6749..CMP.legionaminate.biosynthesis.I","isobutyrate","isobutyrate","isobutyrate",0.200362776593502,0,0.582697057964324,0.730956006822246,1,0.730956006822246,1,NA,"prevalence",46,7
"PWY.6749..CMP.legionaminate.biosynthesis.I","Probiotics","Yes","ProbioticsYes",0.507042839815307,0,1.86265566782936,0.78545669763443,1,0.78545669763443,1,NA,"prevalence",46,7
"PWY.6749..CMP.legionaminate.biosynthesis.I","propionate","propionate","propionate",-0.381898192870109,0,0.44320371806671,0.388865605185686,1,0.388865605185686,1,NA,"prevalence",46,7
"PWY.6749..CMP.legionaminate.biosynthesis.I","Read_depth","Read_depth","Read_depth",-0.30126462794057,0,0.37477924536921,0.421486180709129,1,0.421486180709129,1,NA,"prevalence",46,7
"PWY.6749..CMP.legionaminate.biosynthesis.I","Sex","Female","SexFemale",0.792511398200918,0,0.898104764604224,0.37754623803437,1,0.37754623803437,1,NA,"prevalence",46,7
"PWY.6749..CMP.legionaminate.biosynthesis.I","Termness","preterm","Termnesspreterm",0.281298575735416,0,1.76375060541449,0.873283733362058,1,0.873283733362058,1,NA,"prevalence",46,7
"PWY.6803..phosphatidylcholine.acyl.editing","acetate","acetate","acetate",0.246008376502902,0,0.501864182358569,0.624000058470953,1,0.858624043970153,1,NA,"prevalence",46,43
"PWY.6803..phosphatidylcholine.acyl.editing","Antibiotics","Yes","AntibioticsYes",0.00852581401009888,0,1.48952501992243,0.995433055416258,1,0.993669069049161,1,NA,"prevalence",46,43
"PWY.6803..phosphatidylcholine.acyl.editing","butyrate","butyrate","butyrate",-0.368510272622525,0,0.551971853160666,0.504372921177977,1,0.549824491598295,1,NA,"prevalence",46,43
"PWY.6803..phosphatidylcholine.acyl.editing","Delivery_mode","C-section","Delivery_modeC-section",-0.779392995892658,0,1.24245470890673,0.530461993135358,1,0.77953406010958,1,NA,"prevalence",46,43
"PWY.6803..phosphatidylcholine.acyl.editing","Ethnicity","European","EthnicityEuropean",-0.0826254761290448,0,0.986606008326678,0.933257440499518,1,0.809488742386604,1,NA,"prevalence",46,43
"PWY.6803..phosphatidylcholine.acyl.editing","Feeding_method","Breastfed","Feeding_methodBreastfed",0.278282158161017,0,0.981273047207261,0.776722309276944,1,0.950147072825379,1,NA,"prevalence",46,43
"PWY.6803..phosphatidylcholine.acyl.editing","isobutyrate","isobutyrate","isobutyrate",0.797339640295658,0,0.60065917135769,0.184362828590823,1,0.334736004615637,1,NA,"prevalence",46,43
"PWY.6803..phosphatidylcholine.acyl.editing","Probiotics","Yes","ProbioticsYes",0.506936089844432,0,2.26998984204185,0.823285791155802,1,0.891201287337518,1,NA,"prevalence",46,43
"PWY.6803..phosphatidylcholine.acyl.editing","propionate","propionate","propionate",0.297058246972492,0,0.442223289992756,0.501750420900758,1,0.751747356927428,1,NA,"prevalence",46,43
"PWY.6803..phosphatidylcholine.acyl.editing","Read_depth","Read_depth","Read_depth",0.329863498300486,0,0.437184095647223,0.450537926974476,1,0.520883186256416,1,NA,"prevalence",46,43
"PWY.6803..phosphatidylcholine.acyl.editing","Sex","Female","SexFemale",-0.159436857745943,0,1.01131865203746,0.874730675471685,1,0.98430759633222,1,NA,"prevalence",46,43
"PWY.6803..phosphatidylcholine.acyl.editing","Termness","preterm","Termnesspreterm",0.89398366421733,0,1.88334847159068,0.635016660655806,1,0.699775689610574,1,NA,"prevalence",46,43
"PWY.6892..thiazole.component.of.thiamine.diphosphate.biosynthesis.I","acetate","acetate","acetate",0.145434653952213,0,0.484920209038157,0.76424229210518,1,0.556789075003204,1,NA,"prevalence",46,45
"PWY.6892..thiazole.component.of.thiamine.diphosphate.biosynthesis.I","Antibiotics","Yes","AntibioticsYes",-0.413851423951417,0,1.51350535926797,0.7845157607012,1,0.429907062329707,1,NA,"prevalence",46,45
"PWY.6892..thiazole.component.of.thiamine.diphosphate.biosynthesis.I","butyrate","butyrate","butyrate",0.0445955819939927,0,0.587176401156654,0.939459508413196,1,0.878001605706888,1,NA,"prevalence",46,45
"PWY.6892..thiazole.component.of.thiamine.diphosphate.biosynthesis.I","Delivery_mode","C-section","Delivery_modeC-section",-0.781747592982319,0,1.20134783582452,0.515223741244063,1,0.764991978946597,1,NA,"prevalence",46,45
"PWY.6892..thiazole.component.of.thiamine.diphosphate.biosynthesis.I","Ethnicity","European","EthnicityEuropean",-0.280493056454241,0,0.998195060778484,0.778710212057398,1,0.895795438862574,1,NA,"prevalence",46,45
"PWY.6892..thiazole.component.of.thiamine.diphosphate.biosynthesis.I","Feeding_method","Breastfed","Feeding_methodBreastfed",-0.248160320907305,0,1.02095146641971,0.807952955522345,1,0.963117932707398,1,NA,"prevalence",46,45
"PWY.6892..thiazole.component.of.thiamine.diphosphate.biosynthesis.I","isobutyrate","isobutyrate","isobutyrate",0.469331877968858,0,0.616310978018195,0.446347756405678,1,0.326609807441482,1,NA,"prevalence",46,45
"PWY.6892..thiazole.component.of.thiamine.diphosphate.biosynthesis.I","Probiotics","Yes","ProbioticsYes",0.305294062178806,0,2.18039169302631,0.888645776477586,1,0.844220337998353,1,NA,"prevalence",46,45
"PWY.6892..thiazole.component.of.thiamine.diphosphate.biosynthesis.I","propionate","propionate","propionate",0.110286458120709,0,0.461606777998542,0.811168680665844,1,0.598523733852715,1,NA,"prevalence",46,45
"PWY.6892..thiazole.component.of.thiamine.diphosphate.biosynthesis.I","Read_depth","Read_depth","Read_depth",-0.250255346919662,0,0.473015619736055,0.596761330716913,1,0.837398575594805,1,NA,"prevalence",46,45
"PWY.6892..thiazole.component.of.thiamine.diphosphate.biosynthesis.I","Sex","Female","SexFemale",-0.715223850707022,0,1.0633467433764,0.501191729152848,1,0.554772371549911,1,NA,"prevalence",46,45
"PWY.6892..thiazole.component.of.thiamine.diphosphate.biosynthesis.I","Termness","preterm","Termnesspreterm",0.413568822592623,0,1.8271358672782,0.820930652019156,1,0.967934168613715,1,NA,"prevalence",46,45
"PWY.6895..superpathway.of.thiamine.diphosphate.biosynthesis.II","acetate","acetate","acetate",0.145434653952213,0,0.484920209038157,0.76424229210518,1,0.522220716051237,1,NA,"prevalence",46,45
"PWY.6895..superpathway.of.thiamine.diphosphate.biosynthesis.II","Antibiotics","Yes","AntibioticsYes",-0.413851423951417,0,1.51350535926797,0.7845157607012,1,0.380430379881031,1,NA,"prevalence",46,45
"PWY.6895..superpathway.of.thiamine.diphosphate.biosynthesis.II","butyrate","butyrate","butyrate",0.0445955819939927,0,0.587176401156654,0.939459508413196,1,0.450450519470024,1,NA,"prevalence",46,45
"PWY.6895..superpathway.of.thiamine.diphosphate.biosynthesis.II","Delivery_mode","C-section","Delivery_modeC-section",-0.781747592982319,0,1.20134783582452,0.515223741244063,1,0.764991978946597,1,NA,"prevalence",46,45
"PWY.6895..superpathway.of.thiamine.diphosphate.biosynthesis.II","Ethnicity","European","EthnicityEuropean",-0.280493056454241,0,0.998195060778484,0.778710212057398,1,0.929043130287125,1,NA,"prevalence",46,45
"PWY.6895..superpathway.of.thiamine.diphosphate.biosynthesis.II","Feeding_method","Breastfed","Feeding_methodBreastfed",-0.248160320907305,0,1.02095146641971,0.807952955522345,1,0.963117932707398,1,NA,"prevalence",46,45
"PWY.6895..superpathway.of.thiamine.diphosphate.biosynthesis.II","isobutyrate","isobutyrate","isobutyrate",0.469331877968858,0,0.616310978018195,0.446347756405678,1,0.597161017979495,1,NA,"prevalence",46,45
"PWY.6895..superpathway.of.thiamine.diphosphate.biosynthesis.II","Probiotics","Yes","ProbioticsYes",0.305294062178806,0,2.18039169302631,0.888645776477586,1,0.936497890142349,1,NA,"prevalence",46,45
"PWY.6895..superpathway.of.thiamine.diphosphate.biosynthesis.II","propionate","propionate","propionate",0.110286458120709,0,0.461606777998542,0.811168680665844,1,0.956358332744117,1,NA,"prevalence",46,45
"PWY.6895..superpathway.of.thiamine.diphosphate.biosynthesis.II","Read_depth","Read_depth","Read_depth",-0.250255346919662,0,0.473015619736055,0.596761330716913,1,0.605148095041691,1,NA,"prevalence",46,45
"PWY.6895..superpathway.of.thiamine.diphosphate.biosynthesis.II","Sex","Female","SexFemale",-0.715223850707022,0,1.0633467433764,0.501191729152848,1,0.367106477714125,1,NA,"prevalence",46,45
"PWY.6895..superpathway.of.thiamine.diphosphate.biosynthesis.II","Termness","preterm","Termnesspreterm",0.413568822592623,0,1.8271358672782,0.820930652019156,1,0.967934168613715,1,NA,"prevalence",46,45
"PWY.6902..chitin.degradation.II..Vibrio.","acetate","acetate","acetate",0.225983748057505,0,0.432555330333309,0.601364749958011,1,0.329825764758075,1,NA,"prevalence",46,43
"PWY.6902..chitin.degradation.II..Vibrio.","Antibiotics","Yes","AntibioticsYes",-0.91737428828678,0,1.46240583628123,0.530459418351613,1,0.779531642185295,1,NA,"prevalence",46,43
"PWY.6902..chitin.degradation.II..Vibrio.","butyrate","butyrate","butyrate",-0.852959960103168,0,0.578966407824948,0.140684708298943,1,0.261577229448727,1,NA,"prevalence",46,43
"PWY.6902..chitin.degradation.II..Vibrio.","Delivery_mode","C-section","Delivery_modeC-section",0.430794153375879,0,1.30856946600799,0.741996965246768,1,0.52232812076321,1,NA,"prevalence",46,43
"PWY.6902..chitin.degradation.II..Vibrio.","Ethnicity","European","EthnicityEuropean",0.605559960395269,0,0.957359798921362,0.527039815501766,1,0.47431512813139,1,NA,"prevalence",46,43
"PWY.6902..chitin.degradation.II..Vibrio.","Feeding_method","Breastfed","Feeding_methodBreastfed",-0.153646562351944,0,0.984079500692438,0.87592876565463,1,0.959874824014136,1,NA,"prevalence",46,43
"PWY.6902..chitin.degradation.II..Vibrio.","isobutyrate","isobutyrate","isobutyrate",0.565907743246715,0,0.598221298287487,0.3441567755369,1,0.256898374535777,1,NA,"prevalence",46,43
"PWY.6902..chitin.degradation.II..Vibrio.","Probiotics","Yes","ProbioticsYes",2.22377812350014,0,1.78894255103003,0.213842594382106,1,0.381956533592142,1,NA,"prevalence",46,43
"PWY.6902..chitin.degradation.II..Vibrio.","propionate","propionate","propionate",-0.242541838387337,0,0.61789569193741,0.694667555217244,1,0.906772098162985,1,NA,"prevalence",46,43
"PWY.6902..chitin.degradation.II..Vibrio.","Read_depth","Read_depth","Read_depth",0.505022038936052,0,0.440877407989675,0.25200494256517,1,0.440503394053065,1,NA,"prevalence",46,43
"PWY.6902..chitin.degradation.II..Vibrio.","Sex","Female","SexFemale",-0.377974043044704,0,1.02273393817782,0.711701259581799,1,0.916883836273279,1,NA,"prevalence",46,43
"PWY.6902..chitin.degradation.II..Vibrio.","Termness","preterm","Termnesspreterm",-1.41502056335735,0,1.53267110351014,0.355883067855108,1,0.250697981591709,1,NA,"prevalence",46,43
"PWY.6920..6.gingerol.analog.biosynthesis..engineered.","acetate","acetate","acetate",0.102641889877248,0,0.358152195901028,0.774428299083601,1,0.774428299083601,1,NA,"prevalence",46,5
"PWY.6920..6.gingerol.analog.biosynthesis..engineered.","Antibiotics","Yes","AntibioticsYes",0.869580346444895,0,1.3678745514718,0.524961256103155,1,0.524961256103155,1,NA,"prevalence",46,5
"PWY.6920..6.gingerol.analog.biosynthesis..engineered.","butyrate","butyrate","butyrate",-0.467654960282462,0,0.534015361040338,0.381175113302349,1,0.381175113302349,1,NA,"prevalence",46,5
"PWY.6920..6.gingerol.analog.biosynthesis..engineered.","Delivery_mode","C-section","Delivery_modeC-section",1.12190696176919,0,1.22933245307508,0.361445180112545,1,0.361445180112545,1,NA,"prevalence",46,5
"PWY.6920..6.gingerol.analog.biosynthesis..engineered.","Ethnicity","European","EthnicityEuropean",0.440685029914485,0,0.957011218881669,0.645171346057318,1,0.645171346057318,1,NA,"prevalence",46,5
"PWY.6920..6.gingerol.analog.biosynthesis..engineered.","Feeding_method","Breastfed","Feeding_methodBreastfed",-0.586425853922975,0,0.971934844505298,0.54626974191453,1,0.54626974191453,1,NA,"prevalence",46,5
"PWY.6920..6.gingerol.analog.biosynthesis..engineered.","isobutyrate","isobutyrate","isobutyrate",0.235643195011478,0,0.620204462095325,0.703986708505674,1,0.703986708505674,1,NA,"prevalence",46,5
"PWY.6920..6.gingerol.analog.biosynthesis..engineered.","Probiotics","Yes","ProbioticsYes",-1.98949130504653,0,1.6170038798577,0.218563618845134,1,0.218563618845134,1,NA,"prevalence",46,5
"PWY.6920..6.gingerol.analog.biosynthesis..engineered.","propionate","propionate","propionate",0.0138275301036338,0,0.574435000532524,0.980795551460142,1,0.980795551460142,1,NA,"prevalence",46,5
"PWY.6920..6.gingerol.analog.biosynthesis..engineered.","Read_depth","Read_depth","Read_depth",0.125337164903848,0,0.536405914124566,0.815248134418492,1,0.815248134418492,1,NA,"prevalence",46,5
"PWY.6920..6.gingerol.analog.biosynthesis..engineered.","Sex","Female","SexFemale",-0.20609249648139,0,0.952862841746405,0.828763509212815,1,0.828763509212815,1,NA,"prevalence",46,5
"PWY.6920..6.gingerol.analog.biosynthesis..engineered.","Termness","preterm","Termnesspreterm",1.52964750198788,0,1.23790007162677,0.216577792516295,1,0.216577792516295,1,NA,"prevalence",46,5
"PWY.6922..L.N.delta..acetylornithine.biosynthesis","acetate","acetate","acetate",-0.0109410142579472,0,0.33790938202958,0.974170171828296,1,0.984509601036548,1,NA,"prevalence",46,35
"PWY.6922..L.N.delta..acetylornithine.biosynthesis","Antibiotics","Yes","AntibioticsYes",0.0590758473212503,0,1.04435394308315,0.954890215814108,1,0.806152030650733,1,NA,"prevalence",46,35
"PWY.6922..L.N.delta..acetylornithine.biosynthesis","butyrate","butyrate","butyrate",-0.0813470633674149,0,0.436884210107556,0.852289317812468,1,0.403377041861864,1,NA,"prevalence",46,35
"PWY.6922..L.N.delta..acetylornithine.biosynthesis","Delivery_mode","C-section","Delivery_modeC-section",0.477955150933898,0,1.01389944442027,0.637353036623734,1,0.190840826212293,1,NA,"prevalence",46,35
"PWY.6922..L.N.delta..acetylornithine.biosynthesis","Ethnicity","European","EthnicityEuropean",1.33172673732227,0,0.77741070947657,0.0867072880726293,1,0.165896422340349,1,NA,"prevalence",46,35
"PWY.6922..L.N.delta..acetylornithine.biosynthesis","Feeding_method","Breastfed","Feeding_methodBreastfed",-0.518059324296643,0,0.76793643468553,0.49992214954021,1,0.749922143479516,1,NA,"prevalence",46,35
"PWY.6922..L.N.delta..acetylornithine.biosynthesis","isobutyrate","isobutyrate","isobutyrate",-0.465864054643533,0,0.483487834719657,0.335272257652262,1,0.558137028553279,1,NA,"prevalence",46,35
"PWY.6922..L.N.delta..acetylornithine.biosynthesis","Probiotics","Yes","ProbioticsYes",-0.408730570744823,0,1.37114858706635,0.765631752668947,1,0.0607616526218874,0.932926192497949,NA,"prevalence",46,35
"PWY.6922..L.N.delta..acetylornithine.biosynthesis","propionate","propionate","propionate",0.0763147617068308,0,0.331306532027601,0.817823792757268,1,0.14455988865846,1,NA,"prevalence",46,35
"PWY.6922..L.N.delta..acetylornithine.biosynthesis","Read_depth","Read_depth","Read_depth",0.183171459244921,0,0.366034219651927,0.61677819073562,1,0.853141044904135,1,NA,"prevalence",46,35
"PWY.6922..L.N.delta..acetylornithine.biosynthesis","Sex","Female","SexFemale",-0.357834826719456,0,0.810323045477641,0.658782105009037,1,0.22947105363026,1,NA,"prevalence",46,35
"PWY.6922..L.N.delta..acetylornithine.biosynthesis","Termness","preterm","Termnesspreterm",-0.479014889041897,0,1.26101013303012,0.704044878771215,1,0.0574631433463133,0.932926192497949,NA,"prevalence",46,35
"PWY.6961..L.ascorbate.degradation.II..bacterial..aerobic.","acetate","acetate","acetate",-0.283944000235552,0,0.387211198114216,0.463372280318419,1,0.712030690469346,1,NA,"prevalence",46,34
"PWY.6961..L.ascorbate.degradation.II..bacterial..aerobic.","Antibiotics","Yes","AntibioticsYes",-0.920104718054208,0,1.08285521530064,0.395490541815708,1,0.316170547527487,1,NA,"prevalence",46,34
"PWY.6961..L.ascorbate.degradation.II..bacterial..aerobic.","butyrate","butyrate","butyrate",-0.374521806919583,0,0.439866493329501,0.394522606703348,1,0.633397126206692,1,NA,"prevalence",46,34
"PWY.6961..L.ascorbate.degradation.II..bacterial..aerobic.","Delivery_mode","C-section","Delivery_modeC-section",-0.987398313013502,0,0.991278032278789,0.319208291467567,1,0.536522649593491,1,NA,"prevalence",46,34
"PWY.6961..L.ascorbate.degradation.II..bacterial..aerobic.","Ethnicity","European","EthnicityEuropean",0.43506376268592,0,0.773560617905971,0.573831832937751,1,0.690296468447791,1,NA,"prevalence",46,34
"PWY.6961..L.ascorbate.degradation.II..bacterial..aerobic.","Feeding_method","Breastfed","Feeding_methodBreastfed",-0.353377307565333,0,0.758090949676659,0.641114545288971,1,0.871201230396858,1,NA,"prevalence",46,34
"PWY.6961..L.ascorbate.degradation.II..bacterial..aerobic.","isobutyrate","isobutyrate","isobutyrate",0.521495532565157,0,0.443429138533613,0.239574270860095,1,0.421752710462044,1,NA,"prevalence",46,34
"PWY.6961..L.ascorbate.degradation.II..bacterial..aerobic.","Probiotics","Yes","ProbioticsYes",-0.240670498907694,0,1.78666674590054,0.892846201860842,1,0.549097461841639,1,NA,"prevalence",46,34
"PWY.6961..L.ascorbate.degradation.II..bacterial..aerobic.","propionate","propionate","propionate",0.0522050783350837,0,0.336864415748948,0.876842160136716,1,0.983186905538927,1,NA,"prevalence",46,34
"PWY.6961..L.ascorbate.degradation.II..bacterial..aerobic.","Read_depth","Read_depth","Read_depth",0.00703617081775992,0,0.344345031997236,0.983697568150284,1,0.64968305301288,1,NA,"prevalence",46,34
"PWY.6961..L.ascorbate.degradation.II..bacterial..aerobic.","Sex","Female","SexFemale",-1.46001686096047,0,0.840005504498478,0.0821925041567234,1,0.157629400573894,1,NA,"prevalence",46,34
"PWY.6961..L.ascorbate.degradation.II..bacterial..aerobic.","Termness","preterm","Termnesspreterm",0.891360787376634,0,1.62984453460247,0.584447936777173,1,0.827316482751251,1,NA,"prevalence",46,34
"PWY.6992..1.5.anhydrofructose.degradation","acetate","acetate","acetate",-0.167655417775892,0,0.393103459149667,0.669749492412261,1,0.804078769616566,1,NA,"prevalence",46,15
"PWY.6992..1.5.anhydrofructose.degradation","Antibiotics","Yes","AntibioticsYes",0.580998443090799,0,1.06453950020939,0.585220999274851,1,0.827958380557447,1,NA,"prevalence",46,15
"PWY.6992..1.5.anhydrofructose.degradation","butyrate","butyrate","butyrate",-0.443690183892008,0,0.42622860112684,0.297890563982839,1,0.507042339855664,1,NA,"prevalence",46,15
"PWY.6992..1.5.anhydrofructose.degradation","Delivery_mode","C-section","Delivery_modeC-section",-1.81124387803842,0,0.976700578547623,0.0636745890599411,1,0.12329472482793,1,NA,"prevalence",46,15
"PWY.6992..1.5.anhydrofructose.degradation","Ethnicity","European","EthnicityEuropean",0.238769032215998,0,0.751669347406298,0.750749166660523,1,0.601471916055343,1,NA,"prevalence",46,15
"PWY.6992..1.5.anhydrofructose.degradation","Feeding_method","Breastfed","Feeding_methodBreastfed",-0.0790206737583531,0,0.749263686397794,0.916007286777558,1,0.799574618611028,1,NA,"prevalence",46,15
"PWY.6992..1.5.anhydrofructose.degradation","isobutyrate","isobutyrate","isobutyrate",-0.127234879899274,0,0.50249868509006,0.800110263745079,1,0.944857957059454,1,NA,"prevalence",46,15
"PWY.6992..1.5.anhydrofructose.degradation","Probiotics","Yes","ProbioticsYes",1.69152653901326,0,1.8409879733652,0.358192579936627,1,0.358192579936627,1,NA,"prevalence",46,15
"PWY.6992..1.5.anhydrofructose.degradation","propionate","propionate","propionate",0.166854691562039,0,0.39923548829093,0.675994261330637,1,0.777606488719758,1,NA,"prevalence",46,15
"PWY.6992..1.5.anhydrofructose.degradation","Read_depth","Read_depth","Read_depth",-0.0995796941197814,0,0.411738236851921,0.808894885801853,1,0.963478835327313,1,NA,"prevalence",46,15
"PWY.6992..1.5.anhydrofructose.degradation","Sex","Female","SexFemale",-0.848501671337833,0,0.818978287504901,0.30017926302514,1,0.510250936099964,1,NA,"prevalence",46,15
"PWY.6992..1.5.anhydrofructose.degradation","Termness","preterm","Termnesspreterm",-1.27726293134708,0,1.71070257922931,0.455286558592071,1,0.703287266749531,1,NA,"prevalence",46,15
"PWY.7013...S..propane.1.2.diol.degradation","acetate","acetate","acetate",0.453771794778381,0,0.484896170202682,0.349369843307342,1,0.556680768395109,1,NA,"prevalence",46,43
"PWY.7013...S..propane.1.2.diol.degradation","Antibiotics","Yes","AntibioticsYes",-0.93306315687627,0,1.41756900280833,0.510400905000266,1,0.760292726175442,1,NA,"prevalence",46,43
"PWY.7013...S..propane.1.2.diol.degradation","butyrate","butyrate","butyrate",0.290902609581006,0,0.563274140454818,0.605540548921915,1,0.844401741455176,1,NA,"prevalence",46,43
"PWY.7013...S..propane.1.2.diol.degradation","Delivery_mode","C-section","Delivery_modeC-section",-0.445647542023756,0,1.12597278918012,0.692260759319979,1,0.26574838998717,1,NA,"prevalence",46,43
"PWY.7013...S..propane.1.2.diol.degradation","Ethnicity","European","EthnicityEuropean",0.680577425120169,0,0.951353251876161,0.474375347988593,1,0.443391953019935,1,NA,"prevalence",46,43
"PWY.7013...S..propane.1.2.diol.degradation","Feeding_method","Breastfed","Feeding_methodBreastfed",-1.11294712762855,0,1.0082757920895,0.269674608355429,1,0.466624822319204,1,NA,"prevalence",46,43
"PWY.7013...S..propane.1.2.diol.degradation","isobutyrate","isobutyrate","isobutyrate",0.10676240368729,0,0.593861737176347,0.857328008056838,1,0.773504434490347,1,NA,"prevalence",46,43
"PWY.7013...S..propane.1.2.diol.degradation","Probiotics","Yes","ProbioticsYes",-0.466305225392839,0,2.09763247656423,0.824079785873933,1,0.515435425938057,1,NA,"prevalence",46,43
"PWY.7013...S..propane.1.2.diol.degradation","propionate","propionate","propionate",0.274230864886342,0,0.395635026048671,0.488221058284833,1,0.738082314816903,1,NA,"prevalence",46,43
"PWY.7013...S..propane.1.2.diol.degradation","Read_depth","Read_depth","Read_depth",-0.0143504979837744,0,0.412323234131836,0.972236030750114,1,0.587668612684981,1,NA,"prevalence",46,43
"PWY.7013...S..propane.1.2.diol.degradation","Sex","Female","SexFemale",-0.661224050749833,0,1.05250931001865,0.529849467395805,1,0.778958476691992,1,NA,"prevalence",46,43
"PWY.7013...S..propane.1.2.diol.degradation","Termness","preterm","Termnesspreterm",1.26018665136417,0,1.86973933263194,0.50031731818991,1,0.750317217499077,1,NA,"prevalence",46,43
"PWY.7039..phosphatidate.metabolism..as.a.signaling.molecule","acetate","acetate","acetate",0.0363328549193521,0,0.469630483640617,0.938333365261542,1,0.938333365261542,1,NA,"prevalence",46,9
"PWY.7039..phosphatidate.metabolism..as.a.signaling.molecule","Antibiotics","Yes","AntibioticsYes",1.74114961627589,0,1.35281716196315,0.198075241271975,1,0.198075241271975,1,NA,"prevalence",46,9
"PWY.7039..phosphatidate.metabolism..as.a.signaling.molecule","butyrate","butyrate","butyrate",-0.491735207645981,0,0.517476217461261,0.341981869045963,1,0.341981869045963,1,NA,"prevalence",46,9
"PWY.7039..phosphatidate.metabolism..as.a.signaling.molecule","Delivery_mode","C-section","Delivery_modeC-section",-1.51445600764196,0,1.07337570023472,0.158265796268065,1,0.158265796268065,1,NA,"prevalence",46,9
"PWY.7039..phosphatidate.metabolism..as.a.signaling.molecule","Ethnicity","European","EthnicityEuropean",-0.159166443723839,0,0.863771549868682,0.853802319279408,1,0.853802319279408,1,NA,"prevalence",46,9
"PWY.7039..phosphatidate.metabolism..as.a.signaling.molecule","Feeding_method","Breastfed","Feeding_methodBreastfed",-1.41842214408746,0,0.862521618383171,0.100071685872644,1,0.100071685872644,1,NA,"prevalence",46,9
"PWY.7039..phosphatidate.metabolism..as.a.signaling.molecule","isobutyrate","isobutyrate","isobutyrate",-0.355766503963714,0,0.619787824369301,0.565958747065773,1,0.565958747065773,1,NA,"prevalence",46,9
"PWY.7039..phosphatidate.metabolism..as.a.signaling.molecule","Probiotics","Yes","ProbioticsYes",-0.825748268986153,0,2.10186878740881,0.694420041002568,1,0.694420041002568,1,NA,"prevalence",46,9
"PWY.7039..phosphatidate.metabolism..as.a.signaling.molecule","propionate","propionate","propionate",0.188273092301124,0,0.52801780988757,0.721416884998777,1,0.721416884998777,1,NA,"prevalence",46,9
"PWY.7039..phosphatidate.metabolism..as.a.signaling.molecule","Read_depth","Read_depth","Read_depth",0.127355013252537,0,0.574417831973459,0.82453851230394,1,0.82453851230394,1,NA,"prevalence",46,9
"PWY.7039..phosphatidate.metabolism..as.a.signaling.molecule","Sex","Female","SexFemale",0.356872725864764,0,0.925421817279078,0.699768862506322,1,0.699768862506322,1,NA,"prevalence",46,9
"PWY.7039..phosphatidate.metabolism..as.a.signaling.molecule","Termness","preterm","Termnesspreterm",-0.190717295322479,0,1.8012761571091,0.915678366064884,1,0.915678366064884,1,NA,"prevalence",46,9
"PWY.7094..fatty.acid.salvage","acetate","acetate","acetate",0.0334716404479139,0,0.471278700604548,0.943379427906823,1,0.38565763901576,1,NA,"prevalence",46,42
"PWY.7094..fatty.acid.salvage","Antibiotics","Yes","AntibioticsYes",-0.634188100321708,0,1.4241220182226,0.656089489041574,1,0.658721385474069,1,NA,"prevalence",46,42
"PWY.7094..fatty.acid.salvage","butyrate","butyrate","butyrate",-0.194189406522426,0,0.497341938541684,0.696200481504376,1,0.907705852561827,1,NA,"prevalence",46,42
"PWY.7094..fatty.acid.salvage","Delivery_mode","C-section","Delivery_modeC-section",-1.22431451569854,0,1.24340303002363,0.324796920756836,1,0.544100801780549,1,NA,"prevalence",46,42
"PWY.7094..fatty.acid.salvage","Ethnicity","European","EthnicityEuropean",-0.542721896703083,0,0.977196838247602,0.578630349084307,1,0.660457395207458,1,NA,"prevalence",46,42
"PWY.7094..fatty.acid.salvage","Feeding_method","Breastfed","Feeding_methodBreastfed",0.00577846254529451,0,0.947129419954035,0.99513211462933,1,0.876112858508855,1,NA,"prevalence",46,42
"PWY.7094..fatty.acid.salvage","isobutyrate","isobutyrate","isobutyrate",0.715069099286291,0,0.577726762345487,0.215816606390279,1,0.385056405186741,1,NA,"prevalence",46,42
"PWY.7094..fatty.acid.salvage","Probiotics","Yes","ProbioticsYes",0.3438539500994,0,2.1945007034728,0.875490018001421,1,0.459667319654746,1,NA,"prevalence",46,42
"PWY.7094..fatty.acid.salvage","propionate","propionate","propionate",0.412176707606891,0,0.402777366726442,0.306148857536227,1,0.518570592101717,1,NA,"prevalence",46,42
"PWY.7094..fatty.acid.salvage","Read_depth","Read_depth","Read_depth",0.231310418428864,0,0.41684283198428,0.578955954870482,1,0.822721912060972,1,NA,"prevalence",46,42
"PWY.7094..fatty.acid.salvage","Sex","Female","SexFemale",0.0288360287889173,0,1.04531365110479,0.977992342908223,1,0.998135998964324,1,NA,"prevalence",46,42
"PWY.7094..fatty.acid.salvage","Termness","preterm","Termnesspreterm",0.932972022687044,0,1.7984023483119,0.603915387032578,1,0.750566654572034,1,NA,"prevalence",46,42
"PWY.7118..chitin.deacetylation","acetate","acetate","acetate",0.246008376502902,0,0.501864182358569,0.624000058470953,1,0.645382441616162,1,NA,"prevalence",46,43
"PWY.7118..chitin.deacetylation","Antibiotics","Yes","AntibioticsYes",0.00852581401009888,0,1.48952501992243,0.995433055416258,1,0.953297451717043,1,NA,"prevalence",46,43
"PWY.7118..chitin.deacetylation","butyrate","butyrate","butyrate",-0.368510272622525,0,0.551971853160666,0.504372921177977,1,0.754353798738349,1,NA,"prevalence",46,43
"PWY.7118..chitin.deacetylation","Delivery_mode","C-section","Delivery_modeC-section",-0.779392995892658,0,1.24245470890673,0.530461993135358,1,0.507255813874394,1,NA,"prevalence",46,43
"PWY.7118..chitin.deacetylation","Ethnicity","European","EthnicityEuropean",-0.0826254761290448,0,0.986606008326678,0.933257440499518,1,0.609884798594441,1,NA,"prevalence",46,43
"PWY.7118..chitin.deacetylation","Feeding_method","Breastfed","Feeding_methodBreastfed",0.278282158161017,0,0.981273047207261,0.776722309276944,1,0.950147072825379,1,NA,"prevalence",46,43
"PWY.7118..chitin.deacetylation","isobutyrate","isobutyrate","isobutyrate",0.797339640295658,0,0.60065917135769,0.184362828590823,1,0.334736004615637,1,NA,"prevalence",46,43
"PWY.7118..chitin.deacetylation","Probiotics","Yes","ProbioticsYes",0.506936089844432,0,2.26998984204185,0.823285791155802,1,0.968772088392569,1,NA,"prevalence",46,43
"PWY.7118..chitin.deacetylation","propionate","propionate","propionate",0.297058246972492,0,0.442223289992756,0.501750420900758,1,0.751747356927428,1,NA,"prevalence",46,43
"PWY.7118..chitin.deacetylation","Read_depth","Read_depth","Read_depth",0.329863498300486,0,0.437184095647223,0.450537926974476,1,0.654665510484602,1,NA,"prevalence",46,43
"PWY.7118..chitin.deacetylation","Sex","Female","SexFemale",-0.159436857745943,0,1.01131865203746,0.874730675471685,1,0.98430759633222,1,NA,"prevalence",46,43
"PWY.7118..chitin.deacetylation","Termness","preterm","Termnesspreterm",0.89398366421733,0,1.88334847159068,0.635016660655806,1,0.866787162001161,1,NA,"prevalence",46,43
"PWY.7165..L.ascorbate.biosynthesis.VIII..engineered.pathway.","acetate","acetate","acetate",-0.0126295190302075,0,0.330263486717393,0.969495741461781,1,0.741339820194345,1,NA,"prevalence",46,24
"PWY.7165..L.ascorbate.biosynthesis.VIII..engineered.pathway.","Antibiotics","Yes","AntibioticsYes",-0.103703818895198,0,1.02254341677358,0.919219028086973,1,0.845488607591294,1,NA,"prevalence",46,24
"PWY.7165..L.ascorbate.biosynthesis.VIII..engineered.pathway.","butyrate","butyrate","butyrate",-0.488497976474725,0,0.43258045778636,0.258786055195995,1,0.435833453525375,1,NA,"prevalence",46,24
"PWY.7165..L.ascorbate.biosynthesis.VIII..engineered.pathway.","Delivery_mode","C-section","Delivery_modeC-section",1.0073027402872,0,1.01024394263075,0.318721495491617,1,0.535859599294821,1,NA,"prevalence",46,24
"PWY.7165..L.ascorbate.biosynthesis.VIII..engineered.pathway.","Ethnicity","European","EthnicityEuropean",0.402544694956031,0,0.725820862234075,0.579164099478177,1,0.758641445967296,1,NA,"prevalence",46,24
"PWY.7165..L.ascorbate.biosynthesis.VIII..engineered.pathway.","Feeding_method","Breastfed","Feeding_methodBreastfed",0.539650420447897,0,0.709564978720898,0.446933661228237,1,0.694117624917598,1,NA,"prevalence",46,24
"PWY.7165..L.ascorbate.biosynthesis.VIII..engineered.pathway.","isobutyrate","isobutyrate","isobutyrate",-0.539143787167029,0,0.501274797033662,0.282130630795712,1,0.40215416474621,1,NA,"prevalence",46,24
"PWY.7165..L.ascorbate.biosynthesis.VIII..engineered.pathway.","Probiotics","Yes","ProbioticsYes",-0.398974109478886,0,1.42269692883617,0.77914373585549,1,0.116097071437949,1,NA,"prevalence",46,24
"PWY.7165..L.ascorbate.biosynthesis.VIII..engineered.pathway.","propionate","propionate","propionate",1.07514215506604,0,0.675884680460439,0.111672978229485,1,0.210875102392326,1,NA,"prevalence",46,24
"PWY.7165..L.ascorbate.biosynthesis.VIII..engineered.pathway.","Read_depth","Read_depth","Read_depth",0.928232499567536,0,0.591357854128325,0.116493550650902,1,0.219416353958549,1,NA,"prevalence",46,24
"PWY.7165..L.ascorbate.biosynthesis.VIII..engineered.pathway.","Sex","Female","SexFemale",-0.0452230953529082,0,0.745271528393014,0.951614039698043,1,0.474060323912565,1,NA,"prevalence",46,24
"PWY.7165..L.ascorbate.biosynthesis.VIII..engineered.pathway.","Termness","preterm","Termnesspreterm",0.368107136081595,0,1.29097704011469,0.77553810667079,1,0.24310226958369,1,NA,"prevalence",46,24
"PWY.7184..pyrimidine.deoxyribonucleotides.de.novo.biosynthesis.I","acetate","acetate","acetate",0.124338575474625,0,0.485000502528864,0.797666747751596,1,0.959061255034584,1,NA,"prevalence",46,44
"PWY.7184..pyrimidine.deoxyribonucleotides.de.novo.biosynthesis.I","Antibiotics","Yes","AntibioticsYes",0.344584014622494,0,1.47960696561426,0.815847690612784,1,0.94010305744179,1,NA,"prevalence",46,44
"PWY.7184..pyrimidine.deoxyribonucleotides.de.novo.biosynthesis.I","butyrate","butyrate","butyrate",-0.440328193834315,0,0.565205889462237,0.435945524503007,1,0.681842548671812,1,NA,"prevalence",46,44
"PWY.7184..pyrimidine.deoxyribonucleotides.de.novo.biosynthesis.I","Delivery_mode","C-section","Delivery_modeC-section",-0.0897561924867833,0,1.2862575953699,0.944368062174863,1,0.610104117504849,1,NA,"prevalence",46,44
"PWY.7184..pyrimidine.deoxyribonucleotides.de.novo.biosynthesis.I","Ethnicity","European","EthnicityEuropean",0.145362700297207,0,1.02538186433262,0.887266061914361,1,0.987291059203703,1,NA,"prevalence",46,44
"PWY.7184..pyrimidine.deoxyribonucleotides.de.novo.biosynthesis.I","Feeding_method","Breastfed","Feeding_methodBreastfed",0.483433521286697,0,0.99270664554394,0.626268764247075,1,0.860324963422591,1,NA,"prevalence",46,44
"PWY.7184..pyrimidine.deoxyribonucleotides.de.novo.biosynthesis.I","isobutyrate","isobutyrate","isobutyrate",0.451690230968026,0,0.600839886074944,0.452192559605576,1,0.688796513971352,1,NA,"prevalence",46,44
"PWY.7184..pyrimidine.deoxyribonucleotides.de.novo.biosynthesis.I","Probiotics","Yes","ProbioticsYes",0.375830872715276,0,2.14238260677387,0.860744449644356,1,0.798915822622876,1,NA,"prevalence",46,44
"PWY.7184..pyrimidine.deoxyribonucleotides.de.novo.biosynthesis.I","propionate","propionate","propionate",0.219493412900918,0,0.457158124950418,0.631137939965746,1,0.275502088176526,1,NA,"prevalence",46,44
"PWY.7184..pyrimidine.deoxyribonucleotides.de.novo.biosynthesis.I","Read_depth","Read_depth","Read_depth",0.524773843555067,0,0.429184590672856,0.221434360344192,1,0.393835544747343,1,NA,"prevalence",46,44
"PWY.7184..pyrimidine.deoxyribonucleotides.de.novo.biosynthesis.I","Sex","Female","SexFemale",0.381778516961464,0,1.01575340940929,0.707022852494386,1,0.72362941342937,1,NA,"prevalence",46,44
"PWY.7184..pyrimidine.deoxyribonucleotides.de.novo.biosynthesis.I","Termness","preterm","Termnesspreterm",0.370157114955835,0,1.82252727677901,0.839056089054009,1,0.504595163287334,1,NA,"prevalence",46,44
"PWY.7185..UTP.and.CTP.dephosphorylation.I","acetate","acetate","acetate",-0.0543066367940219,0,0.405935464082644,0.893575392567596,1,0.500536788846494,1,NA,"prevalence",46,39
"PWY.7185..UTP.and.CTP.dephosphorylation.I","Antibiotics","Yes","AntibioticsYes",0.730755206729174,0,1.33545829233372,0.584245230529719,1,0.366105119862972,1,NA,"prevalence",46,39
"PWY.7185..UTP.and.CTP.dephosphorylation.I","butyrate","butyrate","butyrate",-0.275153519643291,0,0.486738610362785,0.571869472738246,1,0.816704251626572,1,NA,"prevalence",46,39
"PWY.7185..UTP.and.CTP.dephosphorylation.I","Delivery_mode","C-section","Delivery_modeC-section",0.43814404851033,0,1.01177729662529,0.664982832834757,1,0.715108011694072,1,NA,"prevalence",46,39
"PWY.7185..UTP.and.CTP.dephosphorylation.I","Ethnicity","European","EthnicityEuropean",0.206701948711122,0,0.830680390849538,0.803488794758814,1,0.961383346214656,1,NA,"prevalence",46,39
"PWY.7185..UTP.and.CTP.dephosphorylation.I","Feeding_method","Breastfed","Feeding_methodBreastfed",-0.652008941305954,0,0.844411933762388,0.440028209609002,1,0.539744424395065,1,NA,"prevalence",46,39
"PWY.7185..UTP.and.CTP.dephosphorylation.I","isobutyrate","isobutyrate","isobutyrate",-0.092930908877302,0,0.515207732076154,0.856857700783158,1,0.947502249878899,1,NA,"prevalence",46,39
"PWY.7185..UTP.and.CTP.dephosphorylation.I","Probiotics","Yes","ProbioticsYes",-0.725088135174202,0,1.85886089107211,0.696483883813853,1,0.132276887532603,1,NA,"prevalence",46,39
"PWY.7185..UTP.and.CTP.dephosphorylation.I","propionate","propionate","propionate",0.133007985771847,0,0.349285747780655,0.703351716590825,1,0.691695622976006,1,NA,"prevalence",46,39
"PWY.7185..UTP.and.CTP.dephosphorylation.I","Read_depth","Read_depth","Read_depth",0.467985940235148,0,0.399189362320761,0.241060293481365,1,0.424010521869408,1,NA,"prevalence",46,39
"PWY.7185..UTP.and.CTP.dephosphorylation.I","Sex","Female","SexFemale",0.174262361863393,0,0.864990265199933,0.840337617285784,1,0.492670763492233,1,NA,"prevalence",46,39
"PWY.7185..UTP.and.CTP.dephosphorylation.I","Termness","preterm","Termnesspreterm",1.18785519087012,0,1.66338167219853,0.475152581644869,1,0.57834225516407,1,NA,"prevalence",46,39
"PWY.7187..pyrimidine.deoxyribonucleotides.de.novo.biosynthesis.II","acetate","acetate","acetate",-0.173196719787497,0,0.472018410897241,0.713672806692125,1,0.918016738372435,1,NA,"prevalence",46,45
"PWY.7187..pyrimidine.deoxyribonucleotides.de.novo.biosynthesis.II","Antibiotics","Yes","AntibioticsYes",-0.69228975502727,0,1.47151878424063,0.638026877724665,1,0.628134362487095,1,NA,"prevalence",46,45
"PWY.7187..pyrimidine.deoxyribonucleotides.de.novo.biosynthesis.II","butyrate","butyrate","butyrate",0.165070026806822,0,0.556162032697346,0.766617646643226,1,0.898354879953329,1,NA,"prevalence",46,45
"PWY.7187..pyrimidine.deoxyribonucleotides.de.novo.biosynthesis.II","Delivery_mode","C-section","Delivery_modeC-section",-0.540649247434636,0,1.22749354231548,0.65961138531436,1,0.884135590992391,1,NA,"prevalence",46,45
"PWY.7187..pyrimidine.deoxyribonucleotides.de.novo.biosynthesis.II","Ethnicity","European","EthnicityEuropean",-0.459400672798173,0,1.05221995588782,0.662400469947361,1,0.491129724232944,1,NA,"prevalence",46,45
"PWY.7187..pyrimidine.deoxyribonucleotides.de.novo.biosynthesis.II","Feeding_method","Breastfed","Feeding_methodBreastfed",-0.258123311097188,0,1.03488232825948,0.803033703321897,1,0.961204277972913,1,NA,"prevalence",46,45
"PWY.7187..pyrimidine.deoxyribonucleotides.de.novo.biosynthesis.II","isobutyrate","isobutyrate","isobutyrate",-0.0283553333351254,0,0.631431758251356,0.964181907670567,1,0.463226008383124,1,NA,"prevalence",46,45
"PWY.7187..pyrimidine.deoxyribonucleotides.de.novo.biosynthesis.II","Probiotics","Yes","ProbioticsYes",-0.184403906214378,0,2.06483128720307,0.928837924005764,1,0.992542947077573,1,NA,"prevalence",46,45
"PWY.7187..pyrimidine.deoxyribonucleotides.de.novo.biosynthesis.II","propionate","propionate","propionate",0.132699534918888,0,0.439393523721588,0.762647394686109,1,0.662788883858119,1,NA,"prevalence",46,45
"PWY.7187..pyrimidine.deoxyribonucleotides.de.novo.biosynthesis.II","Read_depth","Read_depth","Read_depth",-0.140981925590789,0,0.546917512223588,0.796580187321287,1,0.361913699810704,1,NA,"prevalence",46,45
"PWY.7187..pyrimidine.deoxyribonucleotides.de.novo.biosynthesis.II","Sex","Female","SexFemale",0.0610842441317289,0,1.12606303770518,0.95673929318922,1,0.870120498579251,1,NA,"prevalence",46,45
"PWY.7187..pyrimidine.deoxyribonucleotides.de.novo.biosynthesis.II","Termness","preterm","Termnesspreterm",0.109277413857477,0,1.76200962045279,0.950547999964216,1,0.320473905567328,1,NA,"prevalence",46,45
"PWY.7196..superpathway.of.pyrimidine.ribonucleosides.salvage","acetate","acetate","acetate",0.130997260851884,0,0.332204524763664,0.693339526814939,1,0.693339526814939,1,NA,"prevalence",46,9
"PWY.7196..superpathway.of.pyrimidine.ribonucleosides.salvage","Antibiotics","Yes","AntibioticsYes",-0.530654479229697,0,1.13138998247512,0.639049054474867,1,0.639049054474867,1,NA,"prevalence",46,9
"PWY.7196..superpathway.of.pyrimidine.ribonucleosides.salvage","butyrate","butyrate","butyrate",-0.563579087037298,0,0.494931898083847,0.254828189206618,1,0.254828189206618,1,NA,"prevalence",46,9
"PWY.7196..superpathway.of.pyrimidine.ribonucleosides.salvage","Delivery_mode","C-section","Delivery_modeC-section",0.98742446070037,0,1.07925900494772,0.360239072263171,1,0.360239072263171,1,NA,"prevalence",46,9
"PWY.7196..superpathway.of.pyrimidine.ribonucleosides.salvage","Ethnicity","European","EthnicityEuropean",-0.0172915804778711,0,0.841514170962999,0.983606082056938,1,0.983606082056938,1,NA,"prevalence",46,9
"PWY.7196..superpathway.of.pyrimidine.ribonucleosides.salvage","Feeding_method","Breastfed","Feeding_methodBreastfed",-0.62752555077656,0,0.818252058630724,0.443135126124774,1,0.443135126124774,1,NA,"prevalence",46,9
"PWY.7196..superpathway.of.pyrimidine.ribonucleosides.salvage","isobutyrate","isobutyrate","isobutyrate",0.223643841858099,0,0.571857143455217,0.695735582761395,1,0.695735582761395,1,NA,"prevalence",46,9
"PWY.7196..superpathway.of.pyrimidine.ribonucleosides.salvage","Probiotics","Yes","ProbioticsYes",-0.543291604131523,0,1.41009194128508,0.700023998529044,1,0.700023998529044,1,NA,"prevalence",46,9
"PWY.7196..superpathway.of.pyrimidine.ribonucleosides.salvage","propionate","propionate","propionate",0.183795368388084,0,0.561155399011825,0.743266866988181,1,0.743266866988181,1,NA,"prevalence",46,9
"PWY.7196..superpathway.of.pyrimidine.ribonucleosides.salvage","Read_depth","Read_depth","Read_depth",0.822486475591387,0,0.651196445271672,0.206575181608562,1,0.206575181608562,1,NA,"prevalence",46,9
"PWY.7196..superpathway.of.pyrimidine.ribonucleosides.salvage","Sex","Female","SexFemale",-0.273388357200024,0,0.826850039997011,0.740917652646445,1,0.740917652646445,1,NA,"prevalence",46,9
"PWY.7196..superpathway.of.pyrimidine.ribonucleosides.salvage","Termness","preterm","Termnesspreterm",1.15785877189542,0,1.19616598204279,0.333056853141455,1,0.333056853141455,1,NA,"prevalence",46,9
"PWY.7198..pyrimidine.deoxyribonucleotides.de.novo.biosynthesis.IV","acetate","acetate","acetate",-0.0304951953951844,0,0.444615778470403,0.945317770819069,1,0.727592662236004,1,NA,"prevalence",46,42
"PWY.7198..pyrimidine.deoxyribonucleotides.de.novo.biosynthesis.IV","Antibiotics","Yes","AntibioticsYes",-0.339540336212305,0,1.5333422491096,0.824751358644567,1,0.963317276536302,1,NA,"prevalence",46,42
"PWY.7198..pyrimidine.deoxyribonucleotides.de.novo.biosynthesis.IV","butyrate","butyrate","butyrate",-0.231151750718368,0,0.544733077949717,0.671318251061073,1,0.394668017253016,1,NA,"prevalence",46,42
"PWY.7198..pyrimidine.deoxyribonucleotides.de.novo.biosynthesis.IV","Delivery_mode","C-section","Delivery_modeC-section",0.384747990849912,0,1.10546846835948,0.727809637320196,1,0.824248554257005,1,NA,"prevalence",46,42
"PWY.7198..pyrimidine.deoxyribonucleotides.de.novo.biosynthesis.IV","Ethnicity","European","EthnicityEuropean",-0.421947185355328,0,0.941341804429676,0.653979894064517,1,0.844931027578363,1,NA,"prevalence",46,42
"PWY.7198..pyrimidine.deoxyribonucleotides.de.novo.biosynthesis.IV","Feeding_method","Breastfed","Feeding_methodBreastfed",-0.53208856011399,0,0.956157158258075,0.577878313812614,1,0.46144113850281,1,NA,"prevalence",46,42
"PWY.7198..pyrimidine.deoxyribonucleotides.de.novo.biosynthesis.IV","isobutyrate","isobutyrate","isobutyrate",-0.237115226545493,0,0.585803694656675,0.685647253799353,1,0.216602315193861,1,NA,"prevalence",46,42
"PWY.7198..pyrimidine.deoxyribonucleotides.de.novo.biosynthesis.IV","Probiotics","Yes","ProbioticsYes",0.0346145987708409,0,2.01672389507025,0.986305959868418,1,0.331983373042388,1,NA,"prevalence",46,42
"PWY.7198..pyrimidine.deoxyribonucleotides.de.novo.biosynthesis.IV","propionate","propionate","propionate",-0.136770456730223,0,0.402649033766371,0.734100081907833,1,0.915272512428148,1,NA,"prevalence",46,42
"PWY.7198..pyrimidine.deoxyribonucleotides.de.novo.biosynthesis.IV","Read_depth","Read_depth","Read_depth",0.460780200562458,0,0.392700478520584,0.240650279396842,1,0.378913899698078,1,NA,"prevalence",46,42
"PWY.7198..pyrimidine.deoxyribonucleotides.de.novo.biosynthesis.IV","Sex","Female","SexFemale",0.116545705887144,0,0.965132984464191,0.9038842139078,1,0.921932885741889,1,NA,"prevalence",46,42
"PWY.7198..pyrimidine.deoxyribonucleotides.de.novo.biosynthesis.IV","Termness","preterm","Termnesspreterm",0.888334520893286,0,1.69980224339755,0.601245323702808,1,0.840994708131122,1,NA,"prevalence",46,42
"PWY.7200..superpathway.of.pyrimidine.deoxyribonucleoside.salvage","acetate","acetate","acetate",-0.735352374758964,0,0.382633363389627,0.0546284357395982,1,0.106272605487841,1,NA,"prevalence",46,34
"PWY.7200..superpathway.of.pyrimidine.deoxyribonucleoside.salvage","Antibiotics","Yes","AntibioticsYes",-0.487312993482081,0,1.13888334360053,0.668733637546939,1,0.828848277312307,1,NA,"prevalence",46,34
"PWY.7200..superpathway.of.pyrimidine.deoxyribonucleoside.salvage","butyrate","butyrate","butyrate",0.182676365842021,0,0.457247582814245,0.689515227021619,1,0.429184877140205,1,NA,"prevalence",46,34
"PWY.7200..superpathway.of.pyrimidine.deoxyribonucleoside.salvage","Delivery_mode","C-section","Delivery_modeC-section",1.30459421851482,0,1.02837311649479,0.20458373555866,1,0.367312966262184,1,NA,"prevalence",46,34
"PWY.7200..superpathway.of.pyrimidine.deoxyribonucleoside.salvage","Ethnicity","European","EthnicityEuropean",0.135319505053947,0,0.765308667439471,0.859652215027115,1,0.494790423887472,1,NA,"prevalence",46,34
"PWY.7200..superpathway.of.pyrimidine.deoxyribonucleoside.salvage","Feeding_method","Breastfed","Feeding_methodBreastfed",0.525782417011135,0,0.749880491921706,0.483206322234775,1,0.716055362527299,1,NA,"prevalence",46,34
"PWY.7200..superpathway.of.pyrimidine.deoxyribonucleoside.salvage","isobutyrate","isobutyrate","isobutyrate",0.147906433007596,0,0.502926785657625,0.768688076679107,1,0.107979109510064,1,NA,"prevalence",46,34
"PWY.7200..superpathway.of.pyrimidine.deoxyribonucleoside.salvage","Probiotics","Yes","ProbioticsYes",1.19061622107601,0,1.48968706787026,0.424151756821254,1,0.668398800827952,1,NA,"prevalence",46,34
"PWY.7200..superpathway.of.pyrimidine.deoxyribonucleoside.salvage","propionate","propionate","propionate",-0.446973364723065,0,0.421192400978385,0.288594716508173,1,0.493902522619913,1,NA,"prevalence",46,34
"PWY.7200..superpathway.of.pyrimidine.deoxyribonucleoside.salvage","Read_depth","Read_depth","Read_depth",0.158434539093342,0,0.362174715871505,0.661782607999345,1,0.447914949626973,1,NA,"prevalence",46,34
"PWY.7200..superpathway.of.pyrimidine.deoxyribonucleoside.salvage","Sex","Female","SexFemale",-1.23404206720917,0,0.861384474310441,0.151964656655472,1,0.280836056438529,1,NA,"prevalence",46,34
"PWY.7200..superpathway.of.pyrimidine.deoxyribonucleoside.salvage","Termness","preterm","Termnesspreterm",-1.16340728156997,0,1.32103330196704,0.378491178712197,1,0.0712078215377209,0.954686049622808,NA,"prevalence",46,34
"PWY.7204..pyridoxal.5..phosphate.salvage.II..plants.","acetate","acetate","acetate",-0.401704089523499,0,0.345847143776285,0.245435530073442,1,0.419040878159526,1,NA,"prevalence",46,32
"PWY.7204..pyridoxal.5..phosphate.salvage.II..plants.","Antibiotics","Yes","AntibioticsYes",-0.207658132263349,0,1.04611194838859,0.842650212502122,1,0.819504462179753,1,NA,"prevalence",46,32
"PWY.7204..pyridoxal.5..phosphate.salvage.II..plants.","butyrate","butyrate","butyrate",0.291097537335654,0,0.419576435633444,0.487814509648837,1,0.226598852255436,1,NA,"prevalence",46,32
"PWY.7204..pyridoxal.5..phosphate.salvage.II..plants.","Delivery_mode","C-section","Delivery_modeC-section",-0.5823912425851,0,0.897471784558921,0.516387312214587,1,0.315392825755875,1,NA,"prevalence",46,32
"PWY.7204..pyridoxal.5..phosphate.salvage.II..plants.","Ethnicity","European","EthnicityEuropean",-0.541322062227463,0,0.748392174123459,0.469487383212099,1,0.365124033692277,1,NA,"prevalence",46,32
"PWY.7204..pyridoxal.5..phosphate.salvage.II..plants.","Feeding_method","Breastfed","Feeding_methodBreastfed",-0.438452209403466,0,0.736628431664584,0.551699839788842,1,0.79902696635465,1,NA,"prevalence",46,32
"PWY.7204..pyridoxal.5..phosphate.salvage.II..plants.","isobutyrate","isobutyrate","isobutyrate",0.192757936674985,0,0.45524762668625,0.671993683968097,1,0.21243175627348,1,NA,"prevalence",46,32
"PWY.7204..pyridoxal.5..phosphate.salvage.II..plants.","Probiotics","Yes","ProbioticsYes",2.15742930506351,0,1.55459385009887,0.165205016271097,1,0.288871639027709,1,NA,"prevalence",46,32
"PWY.7204..pyridoxal.5..phosphate.salvage.II..plants.","propionate","propionate","propionate",0.204699794436172,0,0.321848609061278,0.524768161403824,1,0.774154699584498,1,NA,"prevalence",46,32
"PWY.7204..pyridoxal.5..phosphate.salvage.II..plants.","Read_depth","Read_depth","Read_depth",0.022185506164825,0,0.335455552276829,0.947269982238913,1,0.687477536834805,1,NA,"prevalence",46,32
"PWY.7204..pyridoxal.5..phosphate.salvage.II..plants.","Sex","Female","SexFemale",-0.487991765556717,0,0.79788803705072,0.540799583166612,1,0.678308879217221,1,NA,"prevalence",46,32
"PWY.7204..pyridoxal.5..phosphate.salvage.II..plants.","Termness","preterm","Termnesspreterm",-2.31945804913305,0,1.34858128832518,0.0854461595188593,1,0.163591272861196,1,NA,"prevalence",46,32
"PWY.7209..superpathway.of.pyrimidine.ribonucleosides.degradation","acetate","acetate","acetate",0.297503151645195,0,0.441069952441771,0.499991369409667,1,0.74999136933518,1,NA,"prevalence",46,37
"PWY.7209..superpathway.of.pyrimidine.ribonucleosides.degradation","Antibiotics","Yes","AntibioticsYes",-2.55328810486757,0,1.50814851027327,0.0904563914594648,1,0.172730424163062,1,NA,"prevalence",46,37
"PWY.7209..superpathway.of.pyrimidine.ribonucleosides.degradation","butyrate","butyrate","butyrate",-0.933178860265227,0,0.538988778989581,0.0833891477437044,1,0.159824545525987,1,NA,"prevalence",46,37
"PWY.7209..superpathway.of.pyrimidine.ribonucleosides.degradation","Delivery_mode","C-section","Delivery_modeC-section",-1.51228620427626,0,1.2326199628485,0.219864822581299,1,0.391389104953891,1,NA,"prevalence",46,37
"PWY.7209..superpathway.of.pyrimidine.ribonucleosides.degradation","Ethnicity","European","EthnicityEuropean",-0.0958606163036145,0,0.909127458967626,0.916024742571828,1,0.969177834489983,1,NA,"prevalence",46,37
"PWY.7209..superpathway.of.pyrimidine.ribonucleosides.degradation","Feeding_method","Breastfed","Feeding_methodBreastfed",0.238418995235645,0,0.917738454638052,0.795025998618282,1,0.957985658757567,1,NA,"prevalence",46,37
"PWY.7209..superpathway.of.pyrimidine.ribonucleosides.degradation","isobutyrate","isobutyrate","isobutyrate",1.02131833785126,0,0.547675165055855,0.0622059383174193,1,0.120542297872888,1,NA,"prevalence",46,37
"PWY.7209..superpathway.of.pyrimidine.ribonucleosides.degradation","Probiotics","Yes","ProbioticsYes",3.17894921881807,0,2.10685069845009,0.131333778328835,1,0.245418995327543,1,NA,"prevalence",46,37
"PWY.7209..superpathway.of.pyrimidine.ribonucleosides.degradation","propionate","propionate","propionate",0.000208602503510737,0,0.441072214349238,0.999622645214828,1,0.338662970872419,1,NA,"prevalence",46,37
"PWY.7209..superpathway.of.pyrimidine.ribonucleosides.degradation","Read_depth","Read_depth","Read_depth",0.341562797504421,0,0.557822853769531,0.540329963958793,1,0.788703457965876,1,NA,"prevalence",46,37
"PWY.7209..superpathway.of.pyrimidine.ribonucleosides.degradation","Sex","Female","SexFemale",-1.72889353331735,0,0.983132030647219,0.0786528133291712,1,0.151119361613749,1,NA,"prevalence",46,37
"PWY.7209..superpathway.of.pyrimidine.ribonucleosides.degradation","Termness","preterm","Termnesspreterm",-0.131810989749274,0,1.55303814652403,0.932362365826737,1,0.551080577593821,1,NA,"prevalence",46,37
"PWY.7210..pyrimidine.deoxyribonucleotides.biosynthesis.from.CTP","acetate","acetate","acetate",-0.0543066367940219,0,0.405935464082644,0.893575392567596,1,0.579068357511302,1,NA,"prevalence",46,39
"PWY.7210..pyrimidine.deoxyribonucleotides.biosynthesis.from.CTP","Antibiotics","Yes","AntibioticsYes",0.730755206729174,0,1.33545829233372,0.584245230529719,1,0.220814053873525,1,NA,"prevalence",46,39
"PWY.7210..pyrimidine.deoxyribonucleotides.biosynthesis.from.CTP","butyrate","butyrate","butyrate",-0.275153519643291,0,0.486738610362785,0.571869472738246,1,0.816704251626572,1,NA,"prevalence",46,39
"PWY.7210..pyrimidine.deoxyribonucleotides.biosynthesis.from.CTP","Delivery_mode","C-section","Delivery_modeC-section",0.43814404851033,0,1.01177729662529,0.664982832834757,1,0.446271535485128,1,NA,"prevalence",46,39
"PWY.7210..pyrimidine.deoxyribonucleotides.biosynthesis.from.CTP","Ethnicity","European","EthnicityEuropean",0.206701948711122,0,0.830680390849538,0.803488794758814,1,0.961383346214656,1,NA,"prevalence",46,39
"PWY.7210..pyrimidine.deoxyribonucleotides.biosynthesis.from.CTP","Feeding_method","Breastfed","Feeding_methodBreastfed",-0.652008941305954,0,0.844411933762388,0.440028209609002,1,0.655265809498384,1,NA,"prevalence",46,39
"PWY.7210..pyrimidine.deoxyribonucleotides.biosynthesis.from.CTP","isobutyrate","isobutyrate","isobutyrate",-0.092930908877302,0,0.515207732076154,0.856857700783158,1,0.827064122575404,1,NA,"prevalence",46,39
"PWY.7210..pyrimidine.deoxyribonucleotides.biosynthesis.from.CTP","Probiotics","Yes","ProbioticsYes",-0.725088135174202,0,1.85886089107211,0.696483883813853,1,0.101212178759905,1,NA,"prevalence",46,39
"PWY.7210..pyrimidine.deoxyribonucleotides.biosynthesis.from.CTP","propionate","propionate","propionate",0.133007985771847,0,0.349285747780655,0.703351716590825,1,0.91199979595039,1,NA,"prevalence",46,39
"PWY.7210..pyrimidine.deoxyribonucleotides.biosynthesis.from.CTP","Read_depth","Read_depth","Read_depth",0.467985940235148,0,0.399189362320761,0.241060293481365,1,0.424010521869408,1,NA,"prevalence",46,39
"PWY.7210..pyrimidine.deoxyribonucleotides.biosynthesis.from.CTP","Sex","Female","SexFemale",0.174262361863393,0,0.864990265199933,0.840337617285784,1,0.379262351049733,1,NA,"prevalence",46,39
"PWY.7210..pyrimidine.deoxyribonucleotides.biosynthesis.from.CTP","Termness","preterm","Termnesspreterm",1.18785519087012,0,1.66338167219853,0.475152581644869,1,0.708597645287218,1,NA,"prevalence",46,39
"PWY.7211..superpathway.of.pyrimidine.deoxyribonucleotides.de.novo.biosynthesis","acetate","acetate","acetate",0.260183356082392,0,0.45329594739692,0.565980516945271,1,0.811627088328906,1,NA,"prevalence",46,41
"PWY.7211..superpathway.of.pyrimidine.deoxyribonucleotides.de.novo.biosynthesis","Antibiotics","Yes","AntibioticsYes",0.485215476063133,0,1.45544275078061,0.738847472822599,1,0.911533236967659,1,NA,"prevalence",46,41
"PWY.7211..superpathway.of.pyrimidine.deoxyribonucleotides.de.novo.biosynthesis","butyrate","butyrate","butyrate",-0.480878849540488,0,0.539742822008052,0.372960982282951,1,0.606822070260439,1,NA,"prevalence",46,41
"PWY.7211..superpathway.of.pyrimidine.deoxyribonucleotides.de.novo.biosynthesis","Delivery_mode","C-section","Delivery_modeC-section",1.12962468536069,0,1.10816775804602,0.308030889822614,1,0.521178750560316,1,NA,"prevalence",46,41
"PWY.7211..superpathway.of.pyrimidine.deoxyribonucleotides.de.novo.biosynthesis","Ethnicity","European","EthnicityEuropean",0.48571867255081,0,0.910391785027839,0.593668769169515,1,0.834894930851783,1,NA,"prevalence",46,41
"PWY.7211..superpathway.of.pyrimidine.deoxyribonucleotides.de.novo.biosynthesis","Feeding_method","Breastfed","Feeding_methodBreastfed",-0.270369292587721,0,0.898424549510254,0.763462447190331,1,0.944049986110813,1,NA,"prevalence",46,41
"PWY.7211..superpathway.of.pyrimidine.deoxyribonucleotides.de.novo.biosynthesis","isobutyrate","isobutyrate","isobutyrate",0.155666371889708,0,0.578371821257237,0.787817453261321,1,0.870388004569387,1,NA,"prevalence",46,41
"PWY.7211..superpathway.of.pyrimidine.deoxyribonucleotides.de.novo.biosynthesis","Probiotics","Yes","ProbioticsYes",0.0332843411949031,0,2.04980286557256,0.987044659068744,1,0.870560029582207,1,NA,"prevalence",46,41
"PWY.7211..superpathway.of.pyrimidine.deoxyribonucleotides.de.novo.biosynthesis","propionate","propionate","propionate",0.125134207416969,0,0.366047200089691,0.732461780704527,1,0.928423301216208,1,NA,"prevalence",46,41
"PWY.7211..superpathway.of.pyrimidine.deoxyribonucleotides.de.novo.biosynthesis","Read_depth","Read_depth","Read_depth",0.914294901461401,0,0.58043357716176,0.115211904957139,1,0.217150026870425,1,NA,"prevalence",46,41
"PWY.7211..superpathway.of.pyrimidine.deoxyribonucleotides.de.novo.biosynthesis","Sex","Female","SexFemale",0.573685161589603,0,0.909629795782404,0.52824989230679,1,0.777451835891445,1,NA,"prevalence",46,41
"PWY.7211..superpathway.of.pyrimidine.deoxyribonucleotides.de.novo.biosynthesis","Termness","preterm","Termnesspreterm",1.04930283856301,0,1.78327344211898,0.556254525984961,1,0.45421085775921,1,NA,"prevalence",46,41
"PWY.7237..myo...chiro..and.scyllo.inositol.degradation","acetate","acetate","acetate",0.250008098104705,0,0.381924732728451,0.512725040708678,1,0.762563114047641,1,NA,"prevalence",46,39
"PWY.7237..myo...chiro..and.scyllo.inositol.degradation","Antibiotics","Yes","AntibioticsYes",-1.55343659498259,0,1.34431355593256,0.247860683432451,1,0.4342864484733,1,NA,"prevalence",46,39
"PWY.7237..myo...chiro..and.scyllo.inositol.degradation","butyrate","butyrate","butyrate",-0.370618988309135,0,0.480181960423252,0.440214941089385,1,0.68664068782044,1,NA,"prevalence",46,39
"PWY.7237..myo...chiro..and.scyllo.inositol.degradation","Delivery_mode","C-section","Delivery_modeC-section",0.654569426147937,0,0.945894745148446,0.488930515572761,1,0.274297648882622,1,NA,"prevalence",46,39
"PWY.7237..myo...chiro..and.scyllo.inositol.degradation","Ethnicity","European","EthnicityEuropean",0.666119980227903,0,0.806425818448084,0.408795471888962,1,0.128438985721907,1,NA,"prevalence",46,39
"PWY.7237..myo...chiro..and.scyllo.inositol.degradation","Feeding_method","Breastfed","Feeding_methodBreastfed",-0.773729933914927,0,0.846939588338737,0.360948214610096,1,0.591612815589976,1,NA,"prevalence",46,39
"PWY.7237..myo...chiro..and.scyllo.inositol.degradation","isobutyrate","isobutyrate","isobutyrate",0.297268307630623,0,0.512512685132896,0.561900209634739,1,0.190763478047066,1,NA,"prevalence",46,39
"PWY.7237..myo...chiro..and.scyllo.inositol.degradation","Probiotics","Yes","ProbioticsYes",1.65878763598204,0,1.70592441113509,0.330867118439216,1,0.369544568665335,1,NA,"prevalence",46,39
"PWY.7237..myo...chiro..and.scyllo.inositol.degradation","propionate","propionate","propionate",0.150616844403146,0,0.340096049621337,0.657862943529724,1,0.712869705233975,1,NA,"prevalence",46,39
"PWY.7237..myo...chiro..and.scyllo.inositol.degradation","Read_depth","Read_depth","Read_depth",-0.157829277447403,0,0.383917012939672,0.680997312664466,1,0.580315804228304,1,NA,"prevalence",46,39
"PWY.7237..myo...chiro..and.scyllo.inositol.degradation","Sex","Female","SexFemale",-1.12585801064473,0,0.882455077556533,0.20201748366674,1,0.363223903626438,1,NA,"prevalence",46,39
"PWY.7237..myo...chiro..and.scyllo.inositol.degradation","Termness","preterm","Termnesspreterm",-0.753090193574956,0,1.37033723529894,0.582617364463991,1,0.825791735553015,1,NA,"prevalence",46,39
"PWY.7242..D.fructuronate.degradation","acetate","acetate","acetate",0.399535331132989,0,0.440967809527817,0.364913652416445,1,0.59666533111298,1,NA,"prevalence",46,42
"PWY.7242..D.fructuronate.degradation","Antibiotics","Yes","AntibioticsYes",-0.920754724349244,0,1.51851099314888,0.544279921841476,1,0.792319210363189,1,NA,"prevalence",46,42
"PWY.7242..D.fructuronate.degradation","butyrate","butyrate","butyrate",-0.256955597395349,0,0.576683235176468,0.655904316576887,1,0.881598160649581,1,NA,"prevalence",46,42
"PWY.7242..D.fructuronate.degradation","Delivery_mode","C-section","Delivery_modeC-section",-0.837223931817578,0,1.22880459497165,0.495661419151742,1,0.326058779838363,1,NA,"prevalence",46,42
"PWY.7242..D.fructuronate.degradation","Ethnicity","European","EthnicityEuropean",-0.312924862972471,0,0.916204310219949,0.732693447602495,1,0.681481904902507,1,NA,"prevalence",46,42
"PWY.7242..D.fructuronate.degradation","Feeding_method","Breastfed","Feeding_methodBreastfed",-0.0875211404675775,0,0.966571064209792,0.927851699689307,1,0.994794622762278,1,NA,"prevalence",46,42
"PWY.7242..D.fructuronate.degradation","isobutyrate","isobutyrate","isobutyrate",0.730423995818022,0,0.593336673222196,0.218306128244191,1,0.388954690859413,1,NA,"prevalence",46,42
"PWY.7242..D.fructuronate.degradation","Probiotics","Yes","ProbioticsYes",2.31803435515627,0,1.91245506341636,0.225484596345202,1,0.400125889501446,1,NA,"prevalence",46,42
"PWY.7242..D.fructuronate.degradation","propionate","propionate","propionate",-0.181874113716289,0,0.60453332046037,0.763528545730572,1,0.944081251315702,1,NA,"prevalence",46,42
"PWY.7242..D.fructuronate.degradation","Read_depth","Read_depth","Read_depth",0.273822531103434,0,0.439793313910691,0.533536629580027,1,0.653377008513627,1,NA,"prevalence",46,42
"PWY.7242..D.fructuronate.degradation","Sex","Female","SexFemale",-1.31561450351168,0,1.03191800207391,0.202337008981345,1,0.363733752759173,1,NA,"prevalence",46,42
"PWY.7242..D.fructuronate.degradation","Termness","preterm","Termnesspreterm",-0.399538104522016,0,1.55793816945173,0.797600974931311,1,0.485194573285984,1,NA,"prevalence",46,42
"PWY.7245..superpathway.of.NAD.NADP...NADH.NADPH.interconversion..yeast.","acetate","acetate","acetate",-0.11464558915659,0,0.326431180699453,0.725431511279201,1,0.749049889620835,1,NA,"prevalence",46,17
"PWY.7245..superpathway.of.NAD.NADP...NADH.NADPH.interconversion..yeast.","Antibiotics","Yes","AntibioticsYes",0.719950189411509,0,1.04665349661903,0.491541480266401,1,0.37410698893051,1,NA,"prevalence",46,17
"PWY.7245..superpathway.of.NAD.NADP...NADH.NADPH.interconversion..yeast.","butyrate","butyrate","butyrate",-0.821086867846874,0,0.45347040976879,0.0701914025410894,1,0.135455972091494,1,NA,"prevalence",46,17
"PWY.7245..superpathway.of.NAD.NADP...NADH.NADPH.interconversion..yeast.","Delivery_mode","C-section","Delivery_modeC-section",1.65915837532495,0,1.11435252145742,0.13651396210278,1,0.254391862356561,1,NA,"prevalence",46,17
"PWY.7245..superpathway.of.NAD.NADP...NADH.NADPH.interconversion..yeast.","Ethnicity","European","EthnicityEuropean",1.06615559021995,0,0.795514078604962,0.180177217490739,1,0.327890605278772,1,NA,"prevalence",46,17
"PWY.7245..superpathway.of.NAD.NADP...NADH.NADPH.interconversion..yeast.","Feeding_method","Breastfed","Feeding_methodBreastfed",-0.0829112490406599,0,0.748614728080761,0.911812299098648,1,0.300805798749132,1,NA,"prevalence",46,17
"PWY.7245..superpathway.of.NAD.NADP...NADH.NADPH.interconversion..yeast.","isobutyrate","isobutyrate","isobutyrate",-0.141324401704269,0,0.49794254461554,0.776550868287518,1,0.543068300724656,1,NA,"prevalence",46,17
"PWY.7245..superpathway.of.NAD.NADP...NADH.NADPH.interconversion..yeast.","Probiotics","Yes","ProbioticsYes",-1.50763101807413,0,1.39048626030373,0.278255150470471,1,0.479084372177598,1,NA,"prevalence",46,17
"PWY.7245..superpathway.of.NAD.NADP...NADH.NADPH.interconversion..yeast.","propionate","propionate","propionate",0.979858406876163,0,0.713409401700147,0.169601057393305,1,0.310437596117683,1,NA,"prevalence",46,17
"PWY.7245..superpathway.of.NAD.NADP...NADH.NADPH.interconversion..yeast.","Read_depth","Read_depth","Read_depth",-0.0109908925418056,0,0.369671321035206,0.976281168811967,1,0.61032796200056,1,NA,"prevalence",46,17
"PWY.7245..superpathway.of.NAD.NADP...NADH.NADPH.interconversion..yeast.","Sex","Female","SexFemale",0.391896987095499,0,0.773954091049607,0.612606131876805,1,0.849925990940549,1,NA,"prevalence",46,17
"PWY.7245..superpathway.of.NAD.NADP...NADH.NADPH.interconversion..yeast.","Termness","preterm","Termnesspreterm",1.02568082210482,0,1.21840872582795,0.399888720518863,1,0.639866452239512,1,NA,"prevalence",46,17
"PWY.7254..TCA.cycle.VII..acetate.producers.","acetate","acetate","acetate",-0.117623346715961,0,0.301765607299255,0.696696420012348,1,0.908006938366674,1,NA,"prevalence",46,27
"PWY.7254..TCA.cycle.VII..acetate.producers.","Antibiotics","Yes","AntibioticsYes",-0.690112191348769,0,0.995697752702278,0.488250529290179,1,0.370240442462289,1,NA,"prevalence",46,27
"PWY.7254..TCA.cycle.VII..acetate.producers.","butyrate","butyrate","butyrate",0.273584344954116,0,0.398622913968989,0.492509020111325,1,0.738488161261957,1,NA,"prevalence",46,27
"PWY.7254..TCA.cycle.VII..acetate.producers.","Delivery_mode","C-section","Delivery_modeC-section",0.61053583488993,0,0.849702120415912,0.47243101384106,1,0.27424155063872,1,NA,"prevalence",46,27
"PWY.7254..TCA.cycle.VII..acetate.producers.","Ethnicity","European","EthnicityEuropean",0.179570354516613,0,0.675047426172745,0.790230379562104,1,0.150180003753188,1,NA,"prevalence",46,27
"PWY.7254..TCA.cycle.VII..acetate.producers.","Feeding_method","Breastfed","Feeding_methodBreastfed",-0.125737015324672,0,0.672963045004749,0.851785384589858,1,0.0660868755962179,0.939406669793546,NA,"prevalence",46,27
"PWY.7254..TCA.cycle.VII..acetate.producers.","isobutyrate","isobutyrate","isobutyrate",-0.0893887060462232,0,0.43057106137296,0.835537398450265,1,0.743377908182621,1,NA,"prevalence",46,27
"PWY.7254..TCA.cycle.VII..acetate.producers.","Probiotics","Yes","ProbioticsYes",0.914490180120459,0,1.30515692237691,0.483506170424922,1,0.354669452379002,1,NA,"prevalence",46,27
"PWY.7254..TCA.cycle.VII..acetate.producers.","propionate","propionate","propionate",-0.242490860424824,0,0.332432734262457,0.465730484633708,1,0.563462380392292,1,NA,"prevalence",46,27
"PWY.7254..TCA.cycle.VII..acetate.producers.","Read_depth","Read_depth","Read_depth",0.00465573084225004,0,0.33001607614564,0.98874414669412,1,0.848644683516986,1,NA,"prevalence",46,27
"PWY.7254..TCA.cycle.VII..acetate.producers.","Sex","Female","SexFemale",-1.18857523285415,0,0.74729815816495,0.111722895400713,1,0.166202701567091,1,NA,"prevalence",46,27
"PWY.7254..TCA.cycle.VII..acetate.producers.","Termness","preterm","Termnesspreterm",-0.954430315922204,0,1.14544529082599,0.404709642620611,1,0.645629390411119,1,NA,"prevalence",46,27
"PWY.7268..cytosolic.NADPH.production..yeast.","acetate","acetate","acetate",-0.11464558915659,0,0.326431180699453,0.725431511279201,1,0.692884541214311,1,NA,"prevalence",46,17
"PWY.7268..cytosolic.NADPH.production..yeast.","Antibiotics","Yes","AntibioticsYes",0.719950189411509,0,1.04665349661903,0.491541480266401,1,0.403412134694038,1,NA,"prevalence",46,17
"PWY.7268..cytosolic.NADPH.production..yeast.","butyrate","butyrate","butyrate",-0.821086867846874,0,0.45347040976879,0.0701914025410894,1,0.135455972091494,1,NA,"prevalence",46,17
"PWY.7268..cytosolic.NADPH.production..yeast.","Delivery_mode","C-section","Delivery_modeC-section",1.65915837532495,0,1.11435252145742,0.13651396210278,1,0.254391862356561,1,NA,"prevalence",46,17
"PWY.7268..cytosolic.NADPH.production..yeast.","Ethnicity","European","EthnicityEuropean",1.06615559021995,0,0.795514078604962,0.180177217490739,1,0.327890605278772,1,NA,"prevalence",46,17
"PWY.7268..cytosolic.NADPH.production..yeast.","Feeding_method","Breastfed","Feeding_methodBreastfed",-0.0829112490406599,0,0.748614728080761,0.911812299098648,1,0.350456999204237,1,NA,"prevalence",46,17
"PWY.7268..cytosolic.NADPH.production..yeast.","isobutyrate","isobutyrate","isobutyrate",-0.141324401704269,0,0.49794254461554,0.776550868287518,1,0.527446470647539,1,NA,"prevalence",46,17
"PWY.7268..cytosolic.NADPH.production..yeast.","Probiotics","Yes","ProbioticsYes",-1.50763101807413,0,1.39048626030373,0.278255150470471,1,0.479084372177598,1,NA,"prevalence",46,17
"PWY.7268..cytosolic.NADPH.production..yeast.","propionate","propionate","propionate",0.979858406876163,0,0.713409401700147,0.169601057393305,1,0.310437596117683,1,NA,"prevalence",46,17
"PWY.7268..cytosolic.NADPH.production..yeast.","Read_depth","Read_depth","Read_depth",-0.0109908925418056,0,0.369671321035206,0.976281168811967,1,0.636129900640925,1,NA,"prevalence",46,17
"PWY.7268..cytosolic.NADPH.production..yeast.","Sex","Female","SexFemale",0.391896987095499,0,0.773954091049607,0.612606131876805,1,0.849925990940549,1,NA,"prevalence",46,17
"PWY.7268..cytosolic.NADPH.production..yeast.","Termness","preterm","Termnesspreterm",1.02568082210482,0,1.21840872582795,0.399888720518863,1,0.639866452239512,1,NA,"prevalence",46,17
"PWY.7269..mitochondrial.NADPH.production..yeast.","acetate","acetate","acetate",-0.22420421497095,0,0.46105752529195,0.626766871382853,1,0.791861133566218,1,NA,"prevalence",46,38
"PWY.7269..mitochondrial.NADPH.production..yeast.","Antibiotics","Yes","AntibioticsYes",-0.514233724317567,0,1.45984479795012,0.724649038675468,1,0.51615495784034,1,NA,"prevalence",46,38
"PWY.7269..mitochondrial.NADPH.production..yeast.","butyrate","butyrate","butyrate",0.0814733960438374,0,0.534535468266723,0.878856421412102,1,0.874944759395043,1,NA,"prevalence",46,38
"PWY.7269..mitochondrial.NADPH.production..yeast.","Delivery_mode","C-section","Delivery_modeC-section",-0.473773086172193,0,1.12071568960832,0.672483838064347,1,0.131386383787634,1,NA,"prevalence",46,38
"PWY.7269..mitochondrial.NADPH.production..yeast.","Ethnicity","European","EthnicityEuropean",0.276423033046378,0,0.876748246593414,0.752547470546038,1,0.781092306884259,1,NA,"prevalence",46,38
"PWY.7269..mitochondrial.NADPH.production..yeast.","Feeding_method","Breastfed","Feeding_methodBreastfed",-0.0897711539521043,0,0.90372648580282,0.920872743627772,1,0.973404297942479,1,NA,"prevalence",46,38
"PWY.7269..mitochondrial.NADPH.production..yeast.","isobutyrate","isobutyrate","isobutyrate",-0.11209850889205,0,0.616571212397625,0.855732222427858,1,0.977714365687907,1,NA,"prevalence",46,38
"PWY.7269..mitochondrial.NADPH.production..yeast.","Probiotics","Yes","ProbioticsYes",0.0747707700167515,0,2.11842661451617,0.971844170505122,1,0.684302503311536,1,NA,"prevalence",46,38
"PWY.7269..mitochondrial.NADPH.production..yeast.","propionate","propionate","propionate",1.13859602875555,0,0.703979904967457,0.10579842216831,1,0.200403538203315,1,NA,"prevalence",46,38
"PWY.7269..mitochondrial.NADPH.production..yeast.","Read_depth","Read_depth","Read_depth",0.465948789537326,0,0.489228347914781,0.340886169077136,1,0.218296381032541,1,NA,"prevalence",46,38
"PWY.7269..mitochondrial.NADPH.production..yeast.","Sex","Female","SexFemale",-0.527942960667776,0,0.948806679503719,0.577918044476532,1,0.760600655821331,1,NA,"prevalence",46,38
"PWY.7269..mitochondrial.NADPH.production..yeast.","Termness","preterm","Termnesspreterm",1.10980752374945,0,1.8066244500665,0.539017788582299,1,0.301424272990449,1,NA,"prevalence",46,38
"PWY.7294..D.xylose.degradation.IV","acetate","acetate","acetate",-0.401983710770332,0,0.345553901469484,0.244706799584243,1,0.244706799584243,1,NA,"prevalence",46,9
"PWY.7294..D.xylose.degradation.IV","Antibiotics","Yes","AntibioticsYes",-1.57012258930735,0,1.13566312118401,0.166799771285908,1,0.166799771285908,1,NA,"prevalence",46,9
"PWY.7294..D.xylose.degradation.IV","butyrate","butyrate","butyrate",-0.156734604470153,0,0.490254374258845,0.749195325210859,1,0.749195325210859,1,NA,"prevalence",46,9
"PWY.7294..D.xylose.degradation.IV","Delivery_mode","C-section","Delivery_modeC-section",0.640878590231933,0,1.23366477747571,0.603417911965264,1,0.603417911965264,1,NA,"prevalence",46,9
"PWY.7294..D.xylose.degradation.IV","Ethnicity","European","EthnicityEuropean",0.479740515113452,0,0.875671882313931,0.58379202181798,1,0.58379202181798,1,NA,"prevalence",46,9
"PWY.7294..D.xylose.degradation.IV","Feeding_method","Breastfed","Feeding_methodBreastfed",-0.0490109127166504,0,0.849686828308958,0.954002609451865,1,0.954002609451865,1,NA,"prevalence",46,9
"PWY.7294..D.xylose.degradation.IV","isobutyrate","isobutyrate","isobutyrate",0.21977508931837,0,0.5689272308565,0.699276452861286,1,0.699276452861286,1,NA,"prevalence",46,9
"PWY.7294..D.xylose.degradation.IV","Probiotics","Yes","ProbioticsYes",1.01781761721773,0,1.43908725115817,0.479401132668708,1,0.479401132668708,1,NA,"prevalence",46,9
"PWY.7294..D.xylose.degradation.IV","propionate","propionate","propionate",0.248375439054689,0,0.665074684224039,0.708809861730782,1,0.708809861730782,1,NA,"prevalence",46,9
"PWY.7294..D.xylose.degradation.IV","Read_depth","Read_depth","Read_depth",-0.0074723201445638,0,0.538834832660898,0.988935648870021,1,0.988935648870021,1,NA,"prevalence",46,9
"PWY.7294..D.xylose.degradation.IV","Sex","Female","SexFemale",-0.716528612801979,0,0.925008263065495,0.438565058672958,1,0.438565058672958,1,NA,"prevalence",46,9
"PWY.7294..D.xylose.degradation.IV","Termness","preterm","Termnesspreterm",1.36955086372863,0,1.2799129768796,0.284603842646183,1,0.284603842646183,1,NA,"prevalence",46,9
"PWY.7315..dTDP.N.acetylthomosamine.biosynthesis","acetate","acetate","acetate",0.246008376502902,0,0.501864182358569,0.624000058470953,1,0.784342004450476,1,NA,"prevalence",46,43
"PWY.7315..dTDP.N.acetylthomosamine.biosynthesis","Antibiotics","Yes","AntibioticsYes",0.00852581401009888,0,1.48952501992243,0.995433055416258,1,0.787510663342536,1,NA,"prevalence",46,43
"PWY.7315..dTDP.N.acetylthomosamine.biosynthesis","butyrate","butyrate","butyrate",-0.368510272622525,0,0.551971853160666,0.504372921177977,1,0.524925669148327,1,NA,"prevalence",46,43
"PWY.7315..dTDP.N.acetylthomosamine.biosynthesis","Delivery_mode","C-section","Delivery_modeC-section",-0.779392995892658,0,1.24245470890673,0.530461993135358,1,0.0324713991797741,0.787584403180854,NA,"prevalence",46,43
"PWY.7315..dTDP.N.acetylthomosamine.biosynthesis","Ethnicity","European","EthnicityEuropean",-0.0826254761290448,0,0.986606008326678,0.933257440499518,1,0.717954887407343,1,NA,"prevalence",46,43
"PWY.7315..dTDP.N.acetylthomosamine.biosynthesis","Feeding_method","Breastfed","Feeding_methodBreastfed",0.278282158161017,0,0.981273047207261,0.776722309276944,1,0.518115254154345,1,NA,"prevalence",46,43
"PWY.7315..dTDP.N.acetylthomosamine.biosynthesis","isobutyrate","isobutyrate","isobutyrate",0.797339640295658,0,0.60065917135769,0.184362828590823,1,0.334736004615637,1,NA,"prevalence",46,43
"PWY.7315..dTDP.N.acetylthomosamine.biosynthesis","Probiotics","Yes","ProbioticsYes",0.506936089844432,0,2.26998984204185,0.823285791155802,1,0.968772088392569,1,NA,"prevalence",46,43
"PWY.7315..dTDP.N.acetylthomosamine.biosynthesis","propionate","propionate","propionate",0.297058246972492,0,0.442223289992756,0.501750420900758,1,0.751747356927428,1,NA,"prevalence",46,43
"PWY.7315..dTDP.N.acetylthomosamine.biosynthesis","Read_depth","Read_depth","Read_depth",0.329863498300486,0,0.437184095647223,0.450537926974476,1,0.0571204764818561,0.932926192497949,NA,"prevalence",46,43
"PWY.7315..dTDP.N.acetylthomosamine.biosynthesis","Sex","Female","SexFemale",-0.159436857745943,0,1.01131865203746,0.874730675471685,1,0.382068145229849,1,NA,"prevalence",46,43
"PWY.7315..dTDP.N.acetylthomosamine.biosynthesis","Termness","preterm","Termnesspreterm",0.89398366421733,0,1.88334847159068,0.635016660655806,1,0.544826660805066,1,NA,"prevalence",46,43
"PWY.7323..superpathway.of.GDP.mannose.derived.O.antigen.building.blocks.biosynthesis","acetate","acetate","acetate",-0.0245088122970628,0,0.329367288573574,0.940682721017291,1,0.95920484997925,1,NA,"prevalence",46,35
"PWY.7323..superpathway.of.GDP.mannose.derived.O.antigen.building.blocks.biosynthesis","Antibiotics","Yes","AntibioticsYes",-1.17505592210177,0,1.17723535099101,0.318207263364684,1,0.0902960617197725,1,NA,"prevalence",46,35
"PWY.7323..superpathway.of.GDP.mannose.derived.O.antigen.building.blocks.biosynthesis","butyrate","butyrate","butyrate",0.0965631429157325,0,0.474591878509486,0.838771094952042,1,0.466810470298693,1,NA,"prevalence",46,35
"PWY.7323..superpathway.of.GDP.mannose.derived.O.antigen.building.blocks.biosynthesis","Delivery_mode","C-section","Delivery_modeC-section",-1.11445289966789,0,1.03446069687531,0.281334005328141,1,0.0182997821652904,0.576346151607591,NA,"prevalence",46,35
"PWY.7323..superpathway.of.GDP.mannose.derived.O.antigen.building.blocks.biosynthesis","Ethnicity","European","EthnicityEuropean",-0.181391242909788,0,0.758851177750759,0.811079207888482,1,0.18284597225351,1,NA,"prevalence",46,35
"PWY.7323..superpathway.of.GDP.mannose.derived.O.antigen.building.blocks.biosynthesis","Feeding_method","Breastfed","Feeding_methodBreastfed",0.0539287517775113,0,0.798402093499513,0.946147158602864,1,0.931526926085478,1,NA,"prevalence",46,35
"PWY.7323..superpathway.of.GDP.mannose.derived.O.antigen.building.blocks.biosynthesis","isobutyrate","isobutyrate","isobutyrate",0.388758109518577,0,0.475511095840423,0.413609367013123,1,0.656146025545249,1,NA,"prevalence",46,35
"PWY.7323..superpathway.of.GDP.mannose.derived.O.antigen.building.blocks.biosynthesis","Probiotics","Yes","ProbioticsYes",2.49582384039591,0,1.4713558136905,0.089833843882601,1,0.171597568258479,1,NA,"prevalence",46,35
"PWY.7323..superpathway.of.GDP.mannose.derived.O.antigen.building.blocks.biosynthesis","propionate","propionate","propionate",-0.0118291007678729,0,0.380661956388484,0.975209663306163,1,0.971337034913916,1,NA,"prevalence",46,35
"PWY.7323..superpathway.of.GDP.mannose.derived.O.antigen.building.blocks.biosynthesis","Read_depth","Read_depth","Read_depth",-0.00896134593477693,0,0.348589854229512,0.979490705179662,1,0.0922965914837207,1,NA,"prevalence",46,35
"PWY.7323..superpathway.of.GDP.mannose.derived.O.antigen.building.blocks.biosynthesis","Termness","preterm","Termnesspreterm",-1.53400942005024,0,1.24564620872068,0.218137082730934,1,0.388690378599506,1,NA,"prevalence",46,35
"PWY.7328..superpathway.of.UDP.glucose.derived.O.antigen.building.blocks.biosynthesis","acetate","acetate","acetate",0.095611476643578,0,0.46788824311369,0.838082481304397,1,0.973782717139459,1,NA,"prevalence",46,45
"PWY.7328..superpathway.of.UDP.glucose.derived.O.antigen.building.blocks.biosynthesis","Antibiotics","Yes","AntibioticsYes",0.379613631056723,0,1.50096240772773,0.800335069854635,1,0.668102187891989,1,NA,"prevalence",46,45
"PWY.7328..superpathway.of.UDP.glucose.derived.O.antigen.building.blocks.biosynthesis","butyrate","butyrate","butyrate",-0.320509358587538,0,0.555513364681677,0.563966029931839,1,0.59974450593214,1,NA,"prevalence",46,45
"PWY.7328..superpathway.of.UDP.glucose.derived.O.antigen.building.blocks.biosynthesis","Delivery_mode","C-section","Delivery_modeC-section",0.770325079271114,0,1.16767054228873,0.509439318319143,1,0.759350217588813,1,NA,"prevalence",46,45
"PWY.7328..superpathway.of.UDP.glucose.derived.O.antigen.building.blocks.biosynthesis","Ethnicity","European","EthnicityEuropean",-0.0451614888789888,0,1.00106831302674,0.964017005323464,1,0.955898186302352,1,NA,"prevalence",46,45
"PWY.7328..superpathway.of.UDP.glucose.derived.O.antigen.building.blocks.biosynthesis","Feeding_method","Breastfed","Feeding_methodBreastfed",-0.191987346819602,0,0.966951049830637,0.842615403381719,1,0.956327796248281,1,NA,"prevalence",46,45
"PWY.7328..superpathway.of.UDP.glucose.derived.O.antigen.building.blocks.biosynthesis","isobutyrate","isobutyrate","isobutyrate",0.103416913718544,0,0.632094690576977,0.870038294746702,1,0.533751587409985,1,NA,"prevalence",46,45
"PWY.7328..superpathway.of.UDP.glucose.derived.O.antigen.building.blocks.biosynthesis","Probiotics","Yes","ProbioticsYes",-0.320086835742225,0,2.0443809544967,0.875584476187916,1,0.815163237823863,1,NA,"prevalence",46,45
"PWY.7328..superpathway.of.UDP.glucose.derived.O.antigen.building.blocks.biosynthesis","propionate","propionate","propionate",-0.00148289758325096,0,0.417274816218786,0.997164509933277,1,0.553631618741402,1,NA,"prevalence",46,45
"PWY.7328..superpathway.of.UDP.glucose.derived.O.antigen.building.blocks.biosynthesis","Read_depth","Read_depth","Read_depth",0.000381440551907655,0,0.474305313730782,0.999358334208758,1,0.467982438729953,1,NA,"prevalence",46,45
"PWY.7328..superpathway.of.UDP.glucose.derived.O.antigen.building.blocks.biosynthesis","Sex","Female","SexFemale",0.540230501848635,0,1.01920712907558,0.59607742564069,1,0.343187139090633,1,NA,"prevalence",46,45
"PWY.7328..superpathway.of.UDP.glucose.derived.O.antigen.building.blocks.biosynthesis","Termness","preterm","Termnesspreterm",0.188288086239977,0,1.77272983433388,0.915412849994976,1,0.787853043096173,1,NA,"prevalence",46,45
"PWY.7340..9.cis..11.trans.octadecadienoyl.CoA.degradation..isomerase.dependent..yeast.","acetate","acetate","acetate",0.276283711916869,0,0.351035175334075,0.431250133955892,1,0.676523589874809,1,NA,"prevalence",46,25
"PWY.7340..9.cis..11.trans.octadecadienoyl.CoA.degradation..isomerase.dependent..yeast.","Antibiotics","Yes","AntibioticsYes",-0.0720548466300722,0,1.01744010584861,0.943541218778117,1,0.798560216144928,1,NA,"prevalence",46,25
"PWY.7340..9.cis..11.trans.octadecadienoyl.CoA.degradation..isomerase.dependent..yeast.","butyrate","butyrate","butyrate",-0.462469741929371,0,0.412658497679644,0.262412111491318,1,0.455964106725304,1,NA,"prevalence",46,25
"PWY.7340..9.cis..11.trans.octadecadienoyl.CoA.degradation..isomerase.dependent..yeast.","Delivery_mode","C-section","Delivery_modeC-section",-0.210553555945581,0,0.918711503337436,0.818726264155141,1,0.286977292410779,1,NA,"prevalence",46,25
"PWY.7340..9.cis..11.trans.octadecadienoyl.CoA.degradation..isomerase.dependent..yeast.","Ethnicity","European","EthnicityEuropean",-0.905300865273802,0,0.720481232048157,0.208926600364532,1,0.193083434557994,1,NA,"prevalence",46,25
"PWY.7340..9.cis..11.trans.octadecadienoyl.CoA.degradation..isomerase.dependent..yeast.","Feeding_method","Breastfed","Feeding_methodBreastfed",0.317369120908904,0,0.713369789322763,0.656401240042838,1,0.387098261506277,1,NA,"prevalence",46,25
"PWY.7340..9.cis..11.trans.octadecadienoyl.CoA.degradation..isomerase.dependent..yeast.","Probiotics","Yes","ProbioticsYes",0.291463995696231,0,1.52250364973101,0.848182995257774,1,0.818149412497595,1,NA,"prevalence",46,25
"PWY.7340..9.cis..11.trans.octadecadienoyl.CoA.degradation..isomerase.dependent..yeast.","propionate","propionate","propionate",0.303896830679617,0,0.342501765186948,0.374925240504948,1,0.609281545042203,1,NA,"prevalence",46,25
"PWY.7340..9.cis..11.trans.octadecadienoyl.CoA.degradation..isomerase.dependent..yeast.","Read_depth","Read_depth","Read_depth",0.00340858889083839,0,0.448921665563895,0.993941851046552,1,0.696192155229102,1,NA,"prevalence",46,25
"PWY.7340..9.cis..11.trans.octadecadienoyl.CoA.degradation..isomerase.dependent..yeast.","Sex","Female","SexFemale",-0.143389954238665,0,0.775887116021899,0.853379826854494,1,0.978502524826782,1,NA,"prevalence",46,25
"PWY.7340..9.cis..11.trans.octadecadienoyl.CoA.degradation..isomerase.dependent..yeast.","Termness","preterm","Termnesspreterm",1.16620932857424,0,1.34659050100056,0.386464931669356,1,0.623574719928512,1,NA,"prevalence",46,25
"PWY.7383..anaerobic.energy.metabolism..invertebrates..cytosol.","acetate","acetate","acetate",-0.0473673674749385,0,0.339132574686746,0.888919051248035,1,0.588974325955452,1,NA,"prevalence",46,15
"PWY.7383..anaerobic.energy.metabolism..invertebrates..cytosol.","Antibiotics","Yes","AntibioticsYes",-0.326943519790351,0,1.11059450163347,0.76846293135766,1,0.281635692033263,1,NA,"prevalence",46,15
"PWY.7383..anaerobic.energy.metabolism..invertebrates..cytosol.","butyrate","butyrate","butyrate",-0.05830200909178,0,0.425081047819211,0.890908246048571,1,0.988098989219801,1,NA,"prevalence",46,15
"PWY.7383..anaerobic.energy.metabolism..invertebrates..cytosol.","Delivery_mode","C-section","Delivery_modeC-section",-0.508269494271456,0,0.869521981766031,0.558857746276091,1,0.80539351197939,1,NA,"prevalence",46,15
"PWY.7383..anaerobic.energy.metabolism..invertebrates..cytosol.","Ethnicity","European","EthnicityEuropean",-0.971998291655159,0,0.769369707944947,0.206456387967252,1,0.370288535802019,1,NA,"prevalence",46,15
"PWY.7383..anaerobic.energy.metabolism..invertebrates..cytosol.","Feeding_method","Breastfed","Feeding_methodBreastfed",-0.242060259356302,0,0.728610109329911,0.739721682835654,1,0.789878670171418,1,NA,"prevalence",46,15
"PWY.7383..anaerobic.energy.metabolism..invertebrates..cytosol.","isobutyrate","isobutyrate","isobutyrate",0.394250369875204,0,0.490726613315827,0.421742858278471,1,0.281281897759152,1,NA,"prevalence",46,15
"PWY.7383..anaerobic.energy.metabolism..invertebrates..cytosol.","Probiotics","Yes","ProbioticsYes",-0.0272655503461315,0,1.42666249162734,0.984752218864096,1,0.685335926422214,1,NA,"prevalence",46,15
"PWY.7383..anaerobic.energy.metabolism..invertebrates..cytosol.","propionate","propionate","propionate",-0.291788494593072,0,0.365201259438582,0.424302021196786,1,0.668571837201894,1,NA,"prevalence",46,15
"PWY.7383..anaerobic.energy.metabolism..invertebrates..cytosol.","Read_depth","Read_depth","Read_depth",0.04140095911606,0,0.361130950900329,0.908728482692306,1,0.955488732541706,1,NA,"prevalence",46,15
"PWY.7383..anaerobic.energy.metabolism..invertebrates..cytosol.","Sex","Female","SexFemale",-0.588013579471487,0,0.752298049398415,0.434436071180038,1,0.15096199026562,1,NA,"prevalence",46,15
"PWY.7383..anaerobic.energy.metabolism..invertebrates..cytosol.","Termness","preterm","Termnesspreterm",-0.898291278966877,0,1.21258678882866,0.458811221565135,1,0.194040303172365,1,NA,"prevalence",46,15
"PWY.7385..1.3.propanediol.biosynthesis..engineered.","acetate","acetate","acetate",0.186269683278338,0,0.371155558638245,0.615763057436872,1,0.85236197196974,1,NA,"prevalence",46,22
"PWY.7385..1.3.propanediol.biosynthesis..engineered.","Antibiotics","Yes","AntibioticsYes",0.0939525233695682,0,1.01165033126382,0.926006401754512,1,0.159303729979019,1,NA,"prevalence",46,22
"PWY.7385..1.3.propanediol.biosynthesis..engineered.","butyrate","butyrate","butyrate",-0.566902763961099,0,0.445284280631412,0.202973518290789,1,0.364748787454237,1,NA,"prevalence",46,22
"PWY.7385..1.3.propanediol.biosynthesis..engineered.","Delivery_mode","C-section","Delivery_modeC-section",-1.26259170191551,0,0.895517608888918,0.158568742714411,1,0.291993439262792,1,NA,"prevalence",46,22
"PWY.7385..1.3.propanediol.biosynthesis..engineered.","Ethnicity","European","EthnicityEuropean",0.356151720091223,0,0.76278324340827,0.640563711460369,1,0.431914199303869,1,NA,"prevalence",46,22
"PWY.7385..1.3.propanediol.biosynthesis..engineered.","Feeding_method","Breastfed","Feeding_methodBreastfed",-1.19221014192849,0,0.770220922086827,0.12165100905937,1,0.228503050113577,1,NA,"prevalence",46,22
"PWY.7385..1.3.propanediol.biosynthesis..engineered.","isobutyrate","isobutyrate","isobutyrate",0.506362352814985,0,0.455043996974866,0.265804348940643,1,0.460956745965526,1,NA,"prevalence",46,22
"PWY.7385..1.3.propanediol.biosynthesis..engineered.","Probiotics","Yes","ProbioticsYes",1.67049110625791,0,1.73073725276669,0.334449418276309,1,0.334449418276309,1,NA,"prevalence",46,22
"PWY.7385..1.3.propanediol.biosynthesis..engineered.","propionate","propionate","propionate",-0.0247929161934585,0,0.341797781054593,0.942174722964845,1,0.376859301614561,1,NA,"prevalence",46,22
"PWY.7385..1.3.propanediol.biosynthesis..engineered.","Read_depth","Read_depth","Read_depth",-0.216122289244769,0,0.324213972954741,0.505025196148196,1,0.251722344783603,1,NA,"prevalence",46,22
"PWY.7385..1.3.propanediol.biosynthesis..engineered.","Sex","Female","SexFemale",-0.185594230690067,0,0.750179427919061,0.804598839001499,1,0.20811635363206,1,NA,"prevalence",46,22
"PWY.7385..1.3.propanediol.biosynthesis..engineered.","Termness","preterm","Termnesspreterm",-1.98229225716445,0,1.59999581902562,0.215369238039791,1,0.384354567385741,1,NA,"prevalence",46,22
"PWY.7388..octanoyl..acyl.carrier.protein..biosynthesis..mitochondria..yeast.","acetate","acetate","acetate",0.882920898119958,0,0.462565604633349,0.0562946844609371,1,0.109420277423318,1,NA,"prevalence",46,37
"PWY.7388..octanoyl..acyl.carrier.protein..biosynthesis..mitochondria..yeast.","Antibiotics","Yes","AntibioticsYes",0.829469854533156,0,1.29461165100173,0.521711505569812,1,0.771240116095704,1,NA,"prevalence",46,37
"PWY.7388..octanoyl..acyl.carrier.protein..biosynthesis..mitochondria..yeast.","butyrate","butyrate","butyrate",-0.110694882725305,0,0.543794221347124,0.83869716565799,1,0.681500568437341,1,NA,"prevalence",46,37
"PWY.7388..octanoyl..acyl.carrier.protein..biosynthesis..mitochondria..yeast.","Delivery_mode","C-section","Delivery_modeC-section",0.663376011301248,0,0.983115083796963,0.499822261132789,1,0.749822229541685,1,NA,"prevalence",46,37
"PWY.7388..octanoyl..acyl.carrier.protein..biosynthesis..mitochondria..yeast.","Ethnicity","European","EthnicityEuropean",-0.102304127617703,0,0.821282408159486,0.900866893071543,1,0.796043306542996,1,NA,"prevalence",46,37
"PWY.7388..octanoyl..acyl.carrier.protein..biosynthesis..mitochondria..yeast.","Feeding_method","Breastfed","Feeding_methodBreastfed",0.656856016043526,0,0.850743314544545,0.440057219011507,1,0.686464082018872,1,NA,"prevalence",46,37
"PWY.7388..octanoyl..acyl.carrier.protein..biosynthesis..mitochondria..yeast.","isobutyrate","isobutyrate","isobutyrate",0.110076361155216,0,0.526967629237551,0.834536935767214,1,0.904336011079473,1,NA,"prevalence",46,37
"PWY.7388..octanoyl..acyl.carrier.protein..biosynthesis..mitochondria..yeast.","Probiotics","Yes","ProbioticsYes",-0.171352385331296,0,1.89145866295204,0.927816216623917,1,0.617321435397544,1,NA,"prevalence",46,37
"PWY.7388..octanoyl..acyl.carrier.protein..biosynthesis..mitochondria..yeast.","propionate","propionate","propionate",0.139636449488824,0,0.362310310477464,0.699936879253593,1,0.909962123567927,1,NA,"prevalence",46,37
"PWY.7388..octanoyl..acyl.carrier.protein..biosynthesis..mitochondria..yeast.","Read_depth","Read_depth","Read_depth",0.531393662080556,0,0.443010906389646,0.23033176032314,1,0.0951873077963154,1,NA,"prevalence",46,37
"PWY.7388..octanoyl..acyl.carrier.protein..biosynthesis..mitochondria..yeast.","Sex","Female","SexFemale",-0.551939324703375,0,0.791557650951777,0.48562599635484,1,0.618436068347454,1,NA,"prevalence",46,37
"PWY.7388..octanoyl..acyl.carrier.protein..biosynthesis..mitochondria..yeast.","Termness","preterm","Termnesspreterm",1.143095421785,0,1.77126754647763,0.518697503986163,1,0.76834790733085,1,NA,"prevalence",46,37
"PWY.7391..isoprene.biosynthesis.II..engineered.","acetate","acetate","acetate",0.486522222004994,0,0.338461418710342,0.150589452414109,1,0.278501721649837,1,NA,"prevalence",46,31
"PWY.7391..isoprene.biosynthesis.II..engineered.","Antibiotics","Yes","AntibioticsYes",-0.356438821730259,0,1.04089041186363,0.732022458501573,1,0.928188037252459,1,NA,"prevalence",46,31
"PWY.7391..isoprene.biosynthesis.II..engineered.","butyrate","butyrate","butyrate",0.213607968156304,0,0.410620492410471,0.60291877461037,1,0.12676046077853,1,NA,"prevalence",46,31
"PWY.7391..isoprene.biosynthesis.II..engineered.","Delivery_mode","C-section","Delivery_modeC-section",1.37250699823275,0,0.902728650703718,0.128410931442281,1,0.240332495570687,1,NA,"prevalence",46,31
"PWY.7391..isoprene.biosynthesis.II..engineered.","Ethnicity","European","EthnicityEuropean",-0.867535258012328,0,0.731858793691918,0.23586481590895,1,0.26966367472486,1,NA,"prevalence",46,31
"PWY.7391..isoprene.biosynthesis.II..engineered.","Feeding_method","Breastfed","Feeding_methodBreastfed",-0.15938528358555,0,0.715945154962167,0.823829558966252,1,0.393644123114644,1,NA,"prevalence",46,31
"PWY.7391..isoprene.biosynthesis.II..engineered.","isobutyrate","isobutyrate","isobutyrate",0.141431597413447,0,0.477512291511354,0.767089412202752,1,0.0473913912439626,0.908275441529882,NA,"prevalence",46,31
"PWY.7391..isoprene.biosynthesis.II..engineered.","Probiotics","Yes","ProbioticsYes",0.521856022417974,0,1.35393252952049,0.699913493514892,1,0.909948088625563,1,NA,"prevalence",46,31
"PWY.7391..isoprene.biosynthesis.II..engineered.","propionate","propionate","propionate",-0.246731839703912,0,0.407942815897597,0.545298821845759,1,0.793246838585145,1,NA,"prevalence",46,31
"PWY.7391..isoprene.biosynthesis.II..engineered.","Read_depth","Read_depth","Read_depth",0.174267441188204,0,0.352390442130052,0.620932333792235,1,0.0701333514218531,0.951071178460109,NA,"prevalence",46,31
"PWY.7391..isoprene.biosynthesis.II..engineered.","Sex","Female","SexFemale",0.680260744282681,0,0.766764818028329,0.374980360504206,1,0.609350450244548,1,NA,"prevalence",46,31
"PWY.7391..isoprene.biosynthesis.II..engineered.","Termness","preterm","Termnesspreterm",-0.785822470800529,0,1.22858595811815,0.522422682993241,1,0.771919906280625,1,NA,"prevalence",46,31
"PWY.7392..taxadiene.biosynthesis..engineered.","acetate","acetate","acetate",-0.0901975110909412,0,0.459314383465779,0.844317260419187,1,0.455450932830329,1,NA,"prevalence",46,44
"PWY.7392..taxadiene.biosynthesis..engineered.","Antibiotics","Yes","AntibioticsYes",-0.756619810032217,0,1.41655667564996,0.593254333580729,1,0.834557962849144,1,NA,"prevalence",46,44
"PWY.7392..taxadiene.biosynthesis..engineered.","butyrate","butyrate","butyrate",0.0220677887695248,0,0.535557645067815,0.96713226518594,1,0.975483618437615,1,NA,"prevalence",46,44
"PWY.7392..taxadiene.biosynthesis..engineered.","Delivery_mode","C-section","Delivery_modeC-section",-0.352095780324675,0,1.21279437246661,0.771573131216151,1,0.947821165617606,1,NA,"prevalence",46,44
"PWY.7392..taxadiene.biosynthesis..engineered.","Ethnicity","European","EthnicityEuropean",-0.0669232039229663,0,0.982984393471669,0.945720634001567,1,0.226805022399448,1,NA,"prevalence",46,44
"PWY.7392..taxadiene.biosynthesis..engineered.","Feeding_method","Breastfed","Feeding_methodBreastfed",0.0569030566614302,0,0.970502548259922,0.953244769778054,1,0.806369704297215,1,NA,"prevalence",46,44
"PWY.7392..taxadiene.biosynthesis..engineered.","isobutyrate","isobutyrate","isobutyrate",-0.126863682744347,0,0.592236947487946,0.830382499999902,1,0.535392515153515,1,NA,"prevalence",46,44
"PWY.7392..taxadiene.biosynthesis..engineered.","Probiotics","Yes","ProbioticsYes",0.0961589869485006,0,1.99143733900883,0.961488134397478,1,0.60090631625489,1,NA,"prevalence",46,44
"PWY.7392..taxadiene.biosynthesis..engineered.","propionate","propionate","propionate",-0.0391395287358751,0,0.490931381720026,0.936455936199266,1,0.2296493578031,1,NA,"prevalence",46,44
"PWY.7392..taxadiene.biosynthesis..engineered.","Read_depth","Read_depth","Read_depth",0.175890052595308,0,0.402840505609368,0.662383658808935,1,0.720876101402464,1,NA,"prevalence",46,44
"PWY.7392..taxadiene.biosynthesis..engineered.","Sex","Female","SexFemale",-0.0115614372428685,0,1.00846396804575,0.99085293029571,1,0.111535088655023,1,NA,"prevalence",46,44
"PWY.7392..taxadiene.biosynthesis..engineered.","Termness","preterm","Termnesspreterm",0.353962726235936,0,1.71667658858062,0.836641961758019,1,0.8786665134465,1,NA,"prevalence",46,44
"PWY.7396..butanol.and.isobutanol.biosynthesis..engineered.","acetate","acetate","acetate",0.224253063167539,0,0.325560255830672,0.490935295834778,1,0.420018699749553,1,NA,"prevalence",46,27
"PWY.7396..butanol.and.isobutanol.biosynthesis..engineered.","Antibiotics","Yes","AntibioticsYes",-0.166664832524699,0,0.993890172004653,0.86682764682767,1,0.819659261530431,1,NA,"prevalence",46,27
"PWY.7396..butanol.and.isobutanol.biosynthesis..engineered.","butyrate","butyrate","butyrate",0.480987960118495,0,0.413719327734031,0.24499392092256,1,0.429965820556111,1,NA,"prevalence",46,27
"PWY.7396..butanol.and.isobutanol.biosynthesis..engineered.","Delivery_mode","C-section","Delivery_modeC-section",0.727601198127093,0,0.871999640547369,0.404052582261427,1,0.644846675290727,1,NA,"prevalence",46,27
"PWY.7396..butanol.and.isobutanol.biosynthesis..engineered.","Ethnicity","European","EthnicityEuropean",1.21042438938716,0,0.733432140590473,0.0988700735950916,1,0.187964855737484,1,NA,"prevalence",46,27
"PWY.7396..butanol.and.isobutanol.biosynthesis..engineered.","Feeding_method","Breastfed","Feeding_methodBreastfed",-0.0393673438697005,0,0.705464688824281,0.955498408681921,1,0.906703797343726,1,NA,"prevalence",46,27
"PWY.7396..butanol.and.isobutanol.biosynthesis..engineered.","isobutyrate","isobutyrate","isobutyrate",-0.243549925285494,0,0.451684412954876,0.589746279216322,1,0.760675828194603,1,NA,"prevalence",46,27
"PWY.7396..butanol.and.isobutanol.biosynthesis..engineered.","Probiotics","Yes","ProbioticsYes",0.585760397499784,0,1.38164220413678,0.671595318536102,1,0.849368129749113,1,NA,"prevalence",46,27
"PWY.7396..butanol.and.isobutanol.biosynthesis..engineered.","propionate","propionate","propionate",0.0402409266176663,0,0.330247986536604,0.903017312357611,1,0.665787575033148,1,NA,"prevalence",46,27
"PWY.7396..butanol.and.isobutanol.biosynthesis..engineered.","Read_depth","Read_depth","Read_depth",0.398055337668094,0,0.336799492117244,0.237254787014532,1,0.418219740067754,1,NA,"prevalence",46,27
"PWY.7396..butanol.and.isobutanol.biosynthesis..engineered.","Sex","Female","SexFemale",-0.310080096418786,0,0.724412809978916,0.66861954913973,1,0.8212693543028,1,NA,"prevalence",46,27
"PWY.7396..butanol.and.isobutanol.biosynthesis..engineered.","Termness","preterm","Termnesspreterm",-0.12563328360977,0,1.2413885647631,0.919388652378067,1,0.686739858581139,1,NA,"prevalence",46,27
"PWY.7409..phospholipid.remodeling..phosphatidylethanolamine..yeast.","acetate","acetate","acetate",-0.0189628970945422,0,0.323980958229243,0.953325749971505,1,0.704509272097652,1,NA,"prevalence",46,17
"PWY.7409..phospholipid.remodeling..phosphatidylethanolamine..yeast.","Antibiotics","Yes","AntibioticsYes",0.838122207761213,0,1.02930531802168,0.415495986354272,1,0.582844052234655,1,NA,"prevalence",46,17
"PWY.7409..phospholipid.remodeling..phosphatidylethanolamine..yeast.","butyrate","butyrate","butyrate",-0.548302539333375,0,0.428646687389866,0.200844954471083,1,0.361351213205674,1,NA,"prevalence",46,17
"PWY.7409..phospholipid.remodeling..phosphatidylethanolamine..yeast.","Delivery_mode","C-section","Delivery_modeC-section",-1.48165240504567,0,0.904859448695859,0.101538716234508,1,0.192767321574464,1,NA,"prevalence",46,17
"PWY.7409..phospholipid.remodeling..phosphatidylethanolamine..yeast.","Ethnicity","European","EthnicityEuropean",0.386466928381925,0,0.715759203677037,0.589238503810725,1,0.179102293028939,1,NA,"prevalence",46,17
"PWY.7409..phospholipid.remodeling..phosphatidylethanolamine..yeast.","Feeding_method","Breastfed","Feeding_methodBreastfed",-0.232490398255302,0,0.717348236504082,0.745864611990086,1,0.190394904090482,1,NA,"prevalence",46,17
"PWY.7409..phospholipid.remodeling..phosphatidylethanolamine..yeast.","isobutyrate","isobutyrate","isobutyrate",0.236043260419911,0,0.477948802145982,0.621399935258969,1,0.807595635771877,1,NA,"prevalence",46,17
"PWY.7409..phospholipid.remodeling..phosphatidylethanolamine..yeast.","Probiotics","Yes","ProbioticsYes",0.18316827155401,0,1.40458096440097,0.89624381940271,1,0.944209087925633,1,NA,"prevalence",46,17
"PWY.7409..phospholipid.remodeling..phosphatidylethanolamine..yeast.","propionate","propionate","propionate",-0.370472427846569,0,0.377046721748111,0.325822209809627,1,0.545484307214026,1,NA,"prevalence",46,17
"PWY.7409..phospholipid.remodeling..phosphatidylethanolamine..yeast.","Read_depth","Read_depth","Read_depth",-0.252325572770111,0,0.34788455069963,0.468259352328336,1,0.472763254717849,1,NA,"prevalence",46,17
"PWY.7409..phospholipid.remodeling..phosphatidylethanolamine..yeast.","Sex","Female","SexFemale",-0.0674427698519061,0,0.76569982376956,0.929813165586886,1,0.943965352362395,1,NA,"prevalence",46,17
"PWY.7409..phospholipid.remodeling..phosphatidylethanolamine..yeast.","Termness","preterm","Termnesspreterm",0.407975165744104,0,1.26361095880782,0.746797835387181,1,0.238961075275558,1,NA,"prevalence",46,17
"PWY.7434..terminal.O.glycans.residues.modification..via.type.2.precursor.disaccharide.","acetate","acetate","acetate",0.317931081978698,0,0.399205943337847,0.425794529504137,1,0.425794529504137,1,NA,"prevalence",46,7
"PWY.7434..terminal.O.glycans.residues.modification..via.type.2.precursor.disaccharide.","Antibiotics","Yes","AntibioticsYes",-0.347873378679999,0,1.46649932522604,0.812491194900324,1,0.812491194900324,1,NA,"prevalence",46,7
"PWY.7434..terminal.O.glycans.residues.modification..via.type.2.precursor.disaccharide.","butyrate","butyrate","butyrate",0.481060947867909,0,0.472241560050721,0.308357006823122,1,0.308357006823122,1,NA,"prevalence",46,7
"PWY.7434..terminal.O.glycans.residues.modification..via.type.2.precursor.disaccharide.","Delivery_mode","C-section","Delivery_modeC-section",-0.185216852067345,0,1.01005959988726,0.85450598633529,1,0.85450598633529,1,NA,"prevalence",46,7
"PWY.7434..terminal.O.glycans.residues.modification..via.type.2.precursor.disaccharide.","Ethnicity","European","EthnicityEuropean",-0.682758335890013,0,0.861187067662213,0.42788811205793,1,0.42788811205793,1,NA,"prevalence",46,7
"PWY.7434..terminal.O.glycans.residues.modification..via.type.2.precursor.disaccharide.","Feeding_method","Breastfed","Feeding_methodBreastfed",-0.278688320199421,0,0.823217754160232,0.734959783672156,1,0.734959783672156,1,NA,"prevalence",46,7
"PWY.7434..terminal.O.glycans.residues.modification..via.type.2.precursor.disaccharide.","isobutyrate","isobutyrate","isobutyrate",-0.578886016699039,0,0.547740100544547,0.290574307858804,1,0.290574307858804,1,NA,"prevalence",46,7
"PWY.7434..terminal.O.glycans.residues.modification..via.type.2.precursor.disaccharide.","Probiotics","Yes","ProbioticsYes",-1.93192092076551,0,1.70135558248057,0.256158090293651,1,0.256158090293651,1,NA,"prevalence",46,7
"PWY.7434..terminal.O.glycans.residues.modification..via.type.2.precursor.disaccharide.","propionate","propionate","propionate",0.12402815942909,0,0.406019215122448,0.760005458600162,1,0.760005458600162,1,NA,"prevalence",46,7
"PWY.7434..terminal.O.glycans.residues.modification..via.type.2.precursor.disaccharide.","Read_depth","Read_depth","Read_depth",0.160362170220263,0,0.384060176928,0.676280266578246,1,0.676280266578246,1,NA,"prevalence",46,7
"PWY.7434..terminal.O.glycans.residues.modification..via.type.2.precursor.disaccharide.","Sex","Female","SexFemale",-0.523227835120452,0,0.838856688862575,0.532798847213621,1,0.532798847213621,1,NA,"prevalence",46,7
"PWY.7434..terminal.O.glycans.residues.modification..via.type.2.precursor.disaccharide.","Termness","preterm","Termnesspreterm",0.10059610032149,0,1.27851249331161,0.937285450819358,1,0.937285450819358,1,NA,"prevalence",46,7
"PWY.7446..sulfoquinovose.degradation.I","acetate","acetate","acetate",0.163599682909328,0,0.340082954026367,0.630475157775934,1,0.863451390979279,1,NA,"prevalence",46,23
"PWY.7446..sulfoquinovose.degradation.I","Antibiotics","Yes","AntibioticsYes",0.0135293430712691,0,1.08673083315599,0.990066928462188,1,0.982965850509523,1,NA,"prevalence",46,23
"PWY.7446..sulfoquinovose.degradation.I","butyrate","butyrate","butyrate",-0.569085637557805,0,0.417660792135993,0.173022922330148,1,0.316108913008631,1,NA,"prevalence",46,23
"PWY.7446..sulfoquinovose.degradation.I","Delivery_mode","C-section","Delivery_modeC-section",0.51866566625512,0,1.02892408967349,0.614201328620278,1,0.851159385161641,1,NA,"prevalence",46,23
"PWY.7446..sulfoquinovose.degradation.I","Ethnicity","European","EthnicityEuropean",-0.784144434722523,0,0.735044189218123,0.286062592607668,1,0.490293378325915,1,NA,"prevalence",46,23
"PWY.7446..sulfoquinovose.degradation.I","Feeding_method","Breastfed","Feeding_methodBreastfed",-0.708843364316341,0,0.709430756240516,0.317711365843873,1,0.534482219701367,1,NA,"prevalence",46,23
"PWY.7446..sulfoquinovose.degradation.I","isobutyrate","isobutyrate","isobutyrate",0.182610570359819,0,0.515681624309252,0.723252741879834,1,0.0581104112915615,0.932926192497949,NA,"prevalence",46,23
"PWY.7446..sulfoquinovose.degradation.I","Probiotics","Yes","ProbioticsYes",0.0800636936931752,0,1.39717658725668,0.954303098740838,1,0.886639363580628,1,NA,"prevalence",46,23
"PWY.7446..sulfoquinovose.degradation.I","propionate","propionate","propionate",1.16965474797337,0,0.672965959077354,0.0822003643181104,1,0.157643828742191,1,NA,"prevalence",46,23
"PWY.7446..sulfoquinovose.degradation.I","Read_depth","Read_depth","Read_depth",-0.0948502559411166,0,0.446321866978966,0.831704989426388,1,0.0304166810235685,0.765203406867033,NA,"prevalence",46,23
"PWY.7446..sulfoquinovose.degradation.I","Sex","Female","SexFemale",-0.857315973059783,0,0.823039455878316,0.297575711713228,1,0.412874068969971,1,NA,"prevalence",46,23
"PWY.7446..sulfoquinovose.degradation.I","Termness","preterm","Termnesspreterm",-0.536819107836811,0,1.2357699058377,0.663997609553328,1,0.655788650126418,1,NA,"prevalence",46,23
"PWY.7616..methanol.oxidation.to.carbon.dioxide","acetate","acetate","acetate",-0.237961830536891,0,0.347254352374392,0.493175665643178,1,0.554547918061804,1,NA,"prevalence",46,25
"PWY.7616..methanol.oxidation.to.carbon.dioxide","Antibiotics","Yes","AntibioticsYes",-2.20913539136583,0,1.14698331155574,0.0540994171399283,1,0.105272087344977,1,NA,"prevalence",46,25
"PWY.7616..methanol.oxidation.to.carbon.dioxide","butyrate","butyrate","butyrate",-0.18355609395756,0,0.42726302462738,0.667479998523167,1,0.889430448617847,1,NA,"prevalence",46,25
"PWY.7616..methanol.oxidation.to.carbon.dioxide","Delivery_mode","C-section","Delivery_modeC-section",-0.134996649941184,0,0.883506726349699,0.878558834302284,1,0.883322244797212,1,NA,"prevalence",46,25
"PWY.7616..methanol.oxidation.to.carbon.dioxide","Ethnicity","European","EthnicityEuropean",0.434228783467953,0,0.71507057088846,0.543682992554448,1,0.791774788715936,1,NA,"prevalence",46,25
"PWY.7616..methanol.oxidation.to.carbon.dioxide","Feeding_method","Breastfed","Feeding_methodBreastfed",0.547508643750633,0,0.71497268814958,0.443809831189063,1,0.690652496118061,1,NA,"prevalence",46,25
"PWY.7616..methanol.oxidation.to.carbon.dioxide","isobutyrate","isobutyrate","isobutyrate",0.87531799147933,0,0.498347546112603,0.0790131615336245,1,0.15178324337171,1,NA,"prevalence",46,25
"PWY.7616..methanol.oxidation.to.carbon.dioxide","Probiotics","Yes","ProbioticsYes",3.05093481895766,0,1.57942460480122,0.0533996483234884,1,0.103947774205905,1,NA,"prevalence",46,25
"PWY.7616..methanol.oxidation.to.carbon.dioxide","propionate","propionate","propionate",0.497205367113137,0,0.378218790649872,0.188645308152404,1,0.341703564016892,1,NA,"prevalence",46,25
"PWY.7616..methanol.oxidation.to.carbon.dioxide","Read_depth","Read_depth","Read_depth",0.24025773352781,0,0.440848440992366,0.585760798330236,1,0.386137419407866,1,NA,"prevalence",46,25
"PWY.7616..methanol.oxidation.to.carbon.dioxide","Sex","Female","SexFemale",-0.764250318983764,0,0.750717939450025,0.308665639497196,1,0.522056801988179,1,NA,"prevalence",46,25
"PWY.7616..methanol.oxidation.to.carbon.dioxide","Termness","preterm","Termnesspreterm",-0.745398097845335,0,1.20485460763785,0.536138864366356,1,0.784832846848666,1,NA,"prevalence",46,25
"PWY.7723..bacterial.bioluminescence","acetate","acetate","acetate",-0.0436439083673736,0,0.344213984744466,0.89910427162476,1,0.89910427162476,1,NA,"prevalence",46,12
"PWY.7723..bacterial.bioluminescence","Antibiotics","Yes","AntibioticsYes",-0.0730177013963568,0,1.09731399002628,0.946946150943721,1,0.946946150943721,1,NA,"prevalence",46,12
"PWY.7723..bacterial.bioluminescence","butyrate","butyrate","butyrate",-0.391945158217111,0,0.44607204662878,0.379586268512946,1,0.379586268512946,1,NA,"prevalence",46,12
"PWY.7723..bacterial.bioluminescence","Delivery_mode","C-section","Delivery_modeC-section",-1.24027474436192,0,0.924373327503963,0.179678180629438,1,0.179678180629438,1,NA,"prevalence",46,12
"PWY.7723..bacterial.bioluminescence","Ethnicity","European","EthnicityEuropean",-0.0765440262240101,0,0.784088434324735,0.922232712635717,1,0.922232712635717,1,NA,"prevalence",46,12
"PWY.7723..bacterial.bioluminescence","Feeding_method","Breastfed","Feeding_methodBreastfed",-0.930055292827258,0,0.768438728447649,0.226156859416776,1,0.226156859416776,1,NA,"prevalence",46,12
"PWY.7723..bacterial.bioluminescence","isobutyrate","isobutyrate","isobutyrate",0.365695192702274,0,0.535954399215679,0.495033341822848,1,0.495033341822848,1,NA,"prevalence",46,12
"PWY.7723..bacterial.bioluminescence","Probiotics","Yes","ProbioticsYes",-0.061646156655199,0,1.43973651820541,0.965846881864775,1,0.965846881864775,1,NA,"prevalence",46,12
"PWY.7723..bacterial.bioluminescence","propionate","propionate","propionate",0.0337935398605315,0,0.367702492708582,0.926773859675106,1,0.926773859675106,1,NA,"prevalence",46,12
"PWY.7723..bacterial.bioluminescence","Read_depth","Read_depth","Read_depth",-0.0961809550651853,0,0.445985101161559,0.829253118189168,1,0.829253118189168,1,NA,"prevalence",46,12
"PWY.7723..bacterial.bioluminescence","Sex","Female","SexFemale",-1.14292693371746,0,0.786993138221258,0.146426401229472,1,0.146426401229472,1,NA,"prevalence",46,12
"PWY.7723..bacterial.bioluminescence","Termness","preterm","Termnesspreterm",0.0931319434835275,0,1.23035132320902,0.939661430633943,1,0.939661430633943,1,NA,"prevalence",46,12
"PWY.7783..plasmalogen.degradation","acetate","acetate","acetate",0.375359911047947,0,0.352367326198303,0.286762020676784,1,0.491291584850935,1,NA,"prevalence",46,28
"PWY.7783..plasmalogen.degradation","Antibiotics","Yes","AntibioticsYes",-0.911755566602197,0,1.03004521918281,0.37606995499609,1,0.610711298941419,1,NA,"prevalence",46,28
"PWY.7783..plasmalogen.degradation","butyrate","butyrate","butyrate",0.493196637265814,0,0.426655451917113,0.2476975176626,1,0.0340297723373646,0.803102627161805,NA,"prevalence",46,28
"PWY.7783..plasmalogen.degradation","Delivery_mode","C-section","Delivery_modeC-section",1.02361783506678,0,0.905800434092718,0.258446758270992,1,0.450098789681199,1,NA,"prevalence",46,28
"PWY.7783..plasmalogen.degradation","Ethnicity","European","EthnicityEuropean",0.509806407531513,0,0.734020582496492,0.487343836533932,1,0.71465746797638,1,NA,"prevalence",46,28
"PWY.7783..plasmalogen.degradation","Feeding_method","Breastfed","Feeding_methodBreastfed",0.383500123349042,0,0.709563273199434,0.588870553293711,1,0.498327584766487,1,NA,"prevalence",46,28
"PWY.7783..plasmalogen.degradation","isobutyrate","isobutyrate","isobutyrate",0.167187281443497,0,0.468533138382126,0.721218114585066,1,0.347545792631851,1,NA,"prevalence",46,28
"PWY.7783..plasmalogen.degradation","Probiotics","Yes","ProbioticsYes",0.262734591512105,0,1.47743531356666,0.858855279735214,1,0.615527628407504,1,NA,"prevalence",46,28
"PWY.7783..plasmalogen.degradation","propionate","propionate","propionate",-0.00998254027493884,0,0.361620465341632,0.977977177598121,1,0.895735595290545,1,NA,"prevalence",46,28
"PWY.7783..plasmalogen.degradation","Read_depth","Read_depth","Read_depth",0.50303318430393,0,0.385722096457898,0.192188000876708,1,0.303093007669937,1,NA,"prevalence",46,28
"PWY.7783..plasmalogen.degradation","Sex","Female","SexFemale",-0.481576920272887,0,0.752217502301732,0.522036295750373,1,0.76902454876246,1,NA,"prevalence",46,28
"PWY.7783..plasmalogen.degradation","Termness","preterm","Termnesspreterm",0.754747785745464,0,1.33060470700705,0.570563606611386,1,0.81558438403338,1,NA,"prevalence",46,28
"PWY.7805...aminomethyl.phosphonate.degradation","acetate","acetate","acetate",0.287317963469849,0,0.38247856654875,0.452532199095051,1,0.7002790069723,1,NA,"prevalence",46,17
"PWY.7805...aminomethyl.phosphonate.degradation","Antibiotics","Yes","AntibioticsYes",0.473925531828238,0,1.04238490787803,0.64935744485883,1,0.425292070079883,1,NA,"prevalence",46,17
"PWY.7805...aminomethyl.phosphonate.degradation","butyrate","butyrate","butyrate",-0.21583843175781,0,0.422436741597351,0.609395386702909,1,0.502854315011086,1,NA,"prevalence",46,17
"PWY.7805...aminomethyl.phosphonate.degradation","Delivery_mode","C-section","Delivery_modeC-section",-1.80697951572282,0,0.932178901268154,0.0525686951848902,1,0.102373922656338,1,NA,"prevalence",46,17
"PWY.7805...aminomethyl.phosphonate.degradation","Ethnicity","European","EthnicityEuropean",0.675866203296548,0,0.738510997369958,0.360100192322542,1,0.590528236134353,1,NA,"prevalence",46,17
"PWY.7805...aminomethyl.phosphonate.degradation","Feeding_method","Breastfed","Feeding_methodBreastfed",-0.557789408612146,0,0.738049941261921,0.449792465321377,1,0.413999664231531,1,NA,"prevalence",46,17
"PWY.7805...aminomethyl.phosphonate.degradation","isobutyrate","isobutyrate","isobutyrate",-0.285998432700182,0,0.465535665803453,0.538988898888878,1,0.787468764652311,1,NA,"prevalence",46,17
"PWY.7805...aminomethyl.phosphonate.degradation","Probiotics","Yes","ProbioticsYes",1.10391546069295,0,1.78641545245507,0.536608286547336,1,0.536608286547336,1,NA,"prevalence",46,17
"PWY.7805...aminomethyl.phosphonate.degradation","propionate","propionate","propionate",-0.125283207145205,0,0.364261520055872,0.730893267532047,1,0.297494569386605,1,NA,"prevalence",46,17
"PWY.7805...aminomethyl.phosphonate.degradation","Read_depth","Read_depth","Read_depth",0.14396804594221,0,0.384506039046271,0.708089360507093,1,0.914788178550842,1,NA,"prevalence",46,17
"PWY.7805...aminomethyl.phosphonate.degradation","Sex","Female","SexFemale",0.304358951975343,0,0.805544058812961,0.705556664484351,1,0.533578764148776,1,NA,"prevalence",46,17
"PWY.7805...aminomethyl.phosphonate.degradation","Termness","preterm","Termnesspreterm",-0.569669446053822,0,1.65460306278838,0.730625405538411,1,0.246689026962866,1,NA,"prevalence",46,17
"PWY.7807..glyphosate.degradation.III","acetate","acetate","acetate",0.342546777589472,0,0.380735612362515,0.368281395412986,1,0.600931604618636,1,NA,"prevalence",46,19
"PWY.7807..glyphosate.degradation.III","Antibiotics","Yes","AntibioticsYes",0.84013078620307,0,1.02402456845958,0.411976411924749,1,0.654228259867107,1,NA,"prevalence",46,19
"PWY.7807..glyphosate.degradation.III","butyrate","butyrate","butyrate",-0.36661968352602,0,0.411494406491099,0.372957634758125,1,0.606817872191876,1,NA,"prevalence",46,19
"PWY.7807..glyphosate.degradation.III","Delivery_mode","C-section","Delivery_modeC-section",-1.587522716495,0,0.912280019191457,0.081829095606726,1,0.156962190325637,1,NA,"prevalence",46,19
"PWY.7807..glyphosate.degradation.III","Ethnicity","European","EthnicityEuropean",0.538487958496118,0,0.717001932229657,0.45263628222165,1,0.70032350749838,1,NA,"prevalence",46,19
"PWY.7807..glyphosate.degradation.III","Feeding_method","Breastfed","Feeding_methodBreastfed",-0.128917148506235,0,0.711358959773135,0.856189735428242,1,0.436249930975029,1,NA,"prevalence",46,19
"PWY.7807..glyphosate.degradation.III","isobutyrate","isobutyrate","isobutyrate",0.0076901366634585,0,0.444487775880945,0.986196391542661,1,0.978716746244588,1,NA,"prevalence",46,19
"PWY.7807..glyphosate.degradation.III","Probiotics","Yes","ProbioticsYes",1.44429964466192,0,1.77409560430237,0.415584949405137,1,0.415584949405137,1,NA,"prevalence",46,19
"PWY.7807..glyphosate.degradation.III","propionate","propionate","propionate",-0.109673158015716,0,0.369294784224596,0.766481792839867,1,0.590521296087409,1,NA,"prevalence",46,19
"PWY.7807..glyphosate.degradation.III","Read_depth","Read_depth","Read_depth",-0.0316411706188721,0,0.338750012115917,0.925581289078077,1,0.677279366490111,1,NA,"prevalence",46,19
"PWY.7807..glyphosate.degradation.III","Sex","Female","SexFemale",0.190305307744237,0,0.77464801133235,0.805940164774353,1,0.446834133084721,1,NA,"prevalence",46,19
"PWY.7807..glyphosate.degradation.III","Termness","preterm","Termnesspreterm",-1.09114128160599,0,1.6598972256605,0.510952857121435,1,0.568978193265672,1,NA,"prevalence",46,19
"PWY.7873..D.erythronate.degradation.II","acetate","acetate","acetate",-0.0305819598671209,0,0.392907365085153,0.937959274334118,1,0.0824733520679414,1,NA,"prevalence",46,14
"PWY.7873..D.erythronate.degradation.II","Antibiotics","Yes","AntibioticsYes",0.524753410186043,0,1.10353926907927,0.634417403618912,1,0.0936409471654322,1,NA,"prevalence",46,14
"PWY.7873..D.erythronate.degradation.II","butyrate","butyrate","butyrate",-0.658013098416092,0,0.453090983045803,0.146424916055494,1,0.2067243139871,1,NA,"prevalence",46,14
"PWY.7873..D.erythronate.degradation.II","Delivery_mode","C-section","Delivery_modeC-section",-1.29573204780378,0,0.933981185429536,0.165343792831305,1,0.0575498516722898,0.932926192497949,NA,"prevalence",46,14
"PWY.7873..D.erythronate.degradation.II","Ethnicity","European","EthnicityEuropean",-0.182581680821724,0,0.792244079365428,0.817733253446386,1,0.0741021628338801,0.963911598437558,NA,"prevalence",46,14
"PWY.7873..D.erythronate.degradation.II","Feeding_method","Breastfed","Feeding_methodBreastfed",0.196374922442086,0,0.773058063064984,0.799477395507585,1,0.0381759014034726,0.846070923052795,NA,"prevalence",46,14
"PWY.7873..D.erythronate.degradation.II","isobutyrate","isobutyrate","isobutyrate",0.856923911505436,0,0.543952113310729,0.115171883091329,1,0.194676767860057,1,NA,"prevalence",46,14
"PWY.7873..D.erythronate.degradation.II","Probiotics","Yes","ProbioticsYes",2.18087110415114,0,1.83108609082158,0.233643386332783,1,0.233643386332783,1,NA,"prevalence",46,14
"PWY.7873..D.erythronate.degradation.II","propionate","propionate","propionate",-0.56880020025008,0,0.44055281525123,0.196667067707859,1,0.110239623968658,1,NA,"prevalence",46,14
"PWY.7873..D.erythronate.degradation.II","Read_depth","Read_depth","Read_depth",-0.365531692891308,0,0.368751698076272,0.321554820624763,1,0.0628501546460736,0.932926192497949,NA,"prevalence",46,14
"PWY.7873..D.erythronate.degradation.II","Sex","Female","SexFemale",-1.3487589812176,0,0.801825256332806,0.0925473425384879,1,0.17652967446604,1,NA,"prevalence",46,14
"PWY.7873..D.erythronate.degradation.II","Termness","preterm","Termnesspreterm",-1.73645763193451,0,1.70743448342206,0.309154331483094,1,0.0620061047036472,0.932926192497949,NA,"prevalence",46,14
"PWY.7874..L.threonate.degradation","acetate","acetate","acetate",0.0238095848050806,0,0.370222783092143,0.948722191810632,1,0.045538760248053,0.888543684210042,NA,"prevalence",46,16
"PWY.7874..L.threonate.degradation","Antibiotics","Yes","AntibioticsYes",0.588787247162478,0,1.01125796099229,0.56041008728544,1,0.0760857217884658,0.969359478621173,NA,"prevalence",46,16
"PWY.7874..L.threonate.degradation","butyrate","butyrate","butyrate",-0.321590497372515,0,0.413262810788978,0.43646626709159,1,0.682429731874313,1,NA,"prevalence",46,16
"PWY.7874..L.threonate.degradation","Delivery_mode","C-section","Delivery_modeC-section",-1.62781587903957,0,0.91244571407739,0.0744213990298793,1,0.106276873388854,1,NA,"prevalence",46,16
"PWY.7874..L.threonate.degradation","Ethnicity","European","EthnicityEuropean",0.124131466873837,0,0.728133503011941,0.864633453138353,1,0.0201296827243599,0.593825640368618,NA,"prevalence",46,16
"PWY.7874..L.threonate.degradation","Feeding_method","Breastfed","Feeding_methodBreastfed",-0.225361426739845,0,0.713178607634084,0.752005715118946,1,0.0529691203301702,0.932926192497949,NA,"prevalence",46,16
"PWY.7874..L.threonate.degradation","isobutyrate","isobutyrate","isobutyrate",0.271389557430458,0,0.475349671965723,0.568049704974584,1,0.65855243878893,1,NA,"prevalence",46,16
"PWY.7874..L.threonate.degradation","Probiotics","Yes","ProbioticsYes",1.77122986244006,0,1.7790830459522,0.319451424771509,1,0.319451424771509,1,NA,"prevalence",46,16
"PWY.7874..L.threonate.degradation","propionate","propionate","propionate",-0.387810911766419,0,0.390665510071048,0.320859594043394,1,0.0878785079808346,1,NA,"prevalence",46,16
"PWY.7874..L.threonate.degradation","Read_depth","Read_depth","Read_depth",-0.193923405713909,0,0.355722489945334,0.58564786209418,1,0.0559070678046664,0.932926192497949,NA,"prevalence",46,16
"PWY.7874..L.threonate.degradation","Sex","Female","SexFemale",-0.539874566800671,0,0.762650535373611,0.479012039816879,1,0.728571545344231,1,NA,"prevalence",46,16
"PWY.7874..L.threonate.degradation","Termness","preterm","Termnesspreterm",-0.988980356770429,0,1.66517989097637,0.552566940657515,1,0.0257936172363731,0.698541896303088,NA,"prevalence",46,16
"PWY.7883..anhydromuropeptides.recycling.II","acetate","acetate","acetate",-0.088105841047863,0,0.511311960987762,0.863191244659737,1,0.891283257926383,1,NA,"prevalence",46,45
"PWY.7883..anhydromuropeptides.recycling.II","Antibiotics","Yes","AntibioticsYes",-0.759504349357938,0,1.48190647182894,0.608288238788263,1,0.846561896128399,1,NA,"prevalence",46,45
"PWY.7883..anhydromuropeptides.recycling.II","butyrate","butyrate","butyrate",-0.56039390543252,0,0.550053227119098,0.308298204015851,1,0.521548625432303,1,NA,"prevalence",46,45
"PWY.7883..anhydromuropeptides.recycling.II","Delivery_mode","C-section","Delivery_modeC-section",0.0775455799442311,0,1.26934062183873,0.951286553510571,1,0.756355768965443,1,NA,"prevalence",46,45
"PWY.7883..anhydromuropeptides.recycling.II","Ethnicity","European","EthnicityEuropean",0.564487598452564,0,1.02113376372256,0.58039711323923,1,0.823933417422028,1,NA,"prevalence",46,45
"PWY.7883..anhydromuropeptides.recycling.II","Feeding_method","Breastfed","Feeding_methodBreastfed",-0.60235153143478,0,1.00853612672991,0.550338277394848,1,0.797804335223768,1,NA,"prevalence",46,45
"PWY.7883..anhydromuropeptides.recycling.II","isobutyrate","isobutyrate","isobutyrate",0.457001143850735,0,0.614599324234693,0.457133187977568,1,0.705295624404601,1,NA,"prevalence",46,45
"PWY.7883..anhydromuropeptides.recycling.II","Probiotics","Yes","ProbioticsYes",0.430764166742784,0,2.05257296899955,0.833772682163893,1,0.410285471456618,1,NA,"prevalence",46,45
"PWY.7883..anhydromuropeptides.recycling.II","propionate","propionate","propionate",-0.135023884439894,0,0.529672621129056,0.798785268039919,1,0.756480050658783,1,NA,"prevalence",46,45
"PWY.7883..anhydromuropeptides.recycling.II","Read_depth","Read_depth","Read_depth",-0.0721462495633746,0,0.465012616628345,0.876703841376125,1,0.529222846059665,1,NA,"prevalence",46,45
"PWY.7883..anhydromuropeptides.recycling.II","Sex","Female","SexFemale",-0.0170160732270342,0,1.06915992903829,0.987301910033326,1,0.777901217825695,1,NA,"prevalence",46,45
"PWY.7883..anhydromuropeptides.recycling.II","Termness","preterm","Termnesspreterm",-0.110051921993349,0,1.77566997688012,0.950580599256651,1,0.139408766458516,1,NA,"prevalence",46,45
"PWY.7942..5.oxo.L.proline.metabolism","acetate","acetate","acetate",0.246008376502902,0,0.501864182358569,0.624000058470953,1,0.858624043970153,1,NA,"prevalence",46,43
"PWY.7942..5.oxo.L.proline.metabolism","Antibiotics","Yes","AntibioticsYes",0.00852581401009888,0,1.48952501992243,0.995433055416258,1,0.995576520447418,1,NA,"prevalence",46,43
"PWY.7942..5.oxo.L.proline.metabolism","butyrate","butyrate","butyrate",-0.368510272622525,0,0.551971853160666,0.504372921177977,1,0.754353798738349,1,NA,"prevalence",46,43
"PWY.7942..5.oxo.L.proline.metabolism","Delivery_mode","C-section","Delivery_modeC-section",-0.779392995892658,0,1.24245470890673,0.530461993135358,1,0.139972912598243,1,NA,"prevalence",46,43
"PWY.7942..5.oxo.L.proline.metabolism","Ethnicity","European","EthnicityEuropean",-0.0826254761290448,0,0.986606008326678,0.933257440499518,1,0.913714076834889,1,NA,"prevalence",46,43
"PWY.7942..5.oxo.L.proline.metabolism","Feeding_method","Breastfed","Feeding_methodBreastfed",0.278282158161017,0,0.981273047207261,0.776722309276944,1,0.950147072825379,1,NA,"prevalence",46,43
"PWY.7942..5.oxo.L.proline.metabolism","isobutyrate","isobutyrate","isobutyrate",0.797339640295658,0,0.60065917135769,0.184362828590823,1,0.334736004615637,1,NA,"prevalence",46,43
"PWY.7942..5.oxo.L.proline.metabolism","Probiotics","Yes","ProbioticsYes",0.506936089844432,0,2.26998984204185,0.823285791155802,1,0.93244802971014,1,NA,"prevalence",46,43
"PWY.7942..5.oxo.L.proline.metabolism","propionate","propionate","propionate",0.297058246972492,0,0.442223289992756,0.501750420900758,1,0.751747356927428,1,NA,"prevalence",46,43
"PWY.7942..5.oxo.L.proline.metabolism","Read_depth","Read_depth","Read_depth",0.329863498300486,0,0.437184095647223,0.450537926974476,1,0.0683898456713407,0.946095790779297,NA,"prevalence",46,43
"PWY.7942..5.oxo.L.proline.metabolism","Sex","Female","SexFemale",-0.159436857745943,0,1.01131865203746,0.874730675471685,1,0.835037647154355,1,NA,"prevalence",46,43
"PWY.7942..5.oxo.L.proline.metabolism","Termness","preterm","Termnesspreterm",0.89398366421733,0,1.88334847159068,0.635016660655806,1,0.661129842947876,1,NA,"prevalence",46,43
"PWY.8004..Entner.Doudoroff.pathway.I","acetate","acetate","acetate",0.145434653952213,0,0.484920209038157,0.76424229210518,1,0.898178689766065,1,NA,"prevalence",46,45
"PWY.8004..Entner.Doudoroff.pathway.I","Antibiotics","Yes","AntibioticsYes",-0.413851423951417,0,1.51350535926797,0.7845157607012,1,0.250791681651143,1,NA,"prevalence",46,45
"PWY.8004..Entner.Doudoroff.pathway.I","butyrate","butyrate","butyrate",0.0445955819939927,0,0.587176401156654,0.939459508413196,1,0.852434796773617,1,NA,"prevalence",46,45
"PWY.8004..Entner.Doudoroff.pathway.I","Delivery_mode","C-section","Delivery_modeC-section",-0.781747592982319,0,1.20134783582452,0.515223741244063,1,0.437933658197653,1,NA,"prevalence",46,45
"PWY.8004..Entner.Doudoroff.pathway.I","Ethnicity","European","EthnicityEuropean",-0.280493056454241,0,0.998195060778484,0.778710212057398,1,0.322356263559276,1,NA,"prevalence",46,45
"PWY.8004..Entner.Doudoroff.pathway.I","Feeding_method","Breastfed","Feeding_methodBreastfed",-0.248160320907305,0,1.02095146641971,0.807952955522345,1,0.649378696963766,1,NA,"prevalence",46,45
"PWY.8004..Entner.Doudoroff.pathway.I","isobutyrate","isobutyrate","isobutyrate",0.469331877968858,0,0.616310978018195,0.446347756405678,1,0.693469193162973,1,NA,"prevalence",46,45
"PWY.8004..Entner.Doudoroff.pathway.I","Probiotics","Yes","ProbioticsYes",0.305294062178806,0,2.18039169302631,0.888645776477586,1,0.923022635423505,1,NA,"prevalence",46,45
"PWY.8004..Entner.Doudoroff.pathway.I","propionate","propionate","propionate",0.110286458120709,0,0.461606777998542,0.811168680665844,1,0.730299469074011,1,NA,"prevalence",46,45
"PWY.8004..Entner.Doudoroff.pathway.I","Read_depth","Read_depth","Read_depth",-0.250255346919662,0,0.473015619736055,0.596761330716913,1,0.837398575594805,1,NA,"prevalence",46,45
"PWY.8004..Entner.Doudoroff.pathway.I","Sex","Female","SexFemale",-0.715223850707022,0,1.0633467433764,0.501191729152848,1,0.751190308934475,1,NA,"prevalence",46,45
"PWY.8004..Entner.Doudoroff.pathway.I","Termness","preterm","Termnesspreterm",0.413568822592623,0,1.8271358672782,0.820930652019156,1,0.967934168613715,1,NA,"prevalence",46,45
"PWY.801..homocysteine.and.cysteine.interconversion","acetate","acetate","acetate",0.300912771320911,0,0.41409306475822,0.467422565858151,1,0.330395306667753,1,NA,"prevalence",46,43
"PWY.801..homocysteine.and.cysteine.interconversion","Antibiotics","Yes","AntibioticsYes",-0.84747580434264,0,1.51718944888265,0.576446538001857,1,0.820602464829388,1,NA,"prevalence",46,43
"PWY.801..homocysteine.and.cysteine.interconversion","butyrate","butyrate","butyrate",-0.0822976219176915,0,0.589334664204384,0.888940507236495,1,0.971547298033717,1,NA,"prevalence",46,43
"PWY.801..homocysteine.and.cysteine.interconversion","Delivery_mode","C-section","Delivery_modeC-section",-1.02667223995442,0,1.19626293907108,0.390763859349874,1,0.627407489528071,1,NA,"prevalence",46,43
"PWY.801..homocysteine.and.cysteine.interconversion","Ethnicity","European","EthnicityEuropean",-0.235907315455518,0,0.937241843911369,0.801270034565772,1,0.741345050849137,1,NA,"prevalence",46,43
"PWY.801..homocysteine.and.cysteine.interconversion","Feeding_method","Breastfed","Feeding_methodBreastfed",-0.146550055468977,0,0.990823474860142,0.882415902695629,1,0.865849302187831,1,NA,"prevalence",46,43
"PWY.801..homocysteine.and.cysteine.interconversion","isobutyrate","isobutyrate","isobutyrate",0.323238333483086,0,0.572880743492944,0.572595437941751,1,0.817325340331796,1,NA,"prevalence",46,43
"PWY.801..homocysteine.and.cysteine.interconversion","Probiotics","Yes","ProbioticsYes",1.71917056525277,0,1.84459793568187,0.351335043568234,1,0.357296888595816,1,NA,"prevalence",46,43
"PWY.801..homocysteine.and.cysteine.interconversion","propionate","propionate","propionate",0.0273384045503697,0,0.455252011998876,0.95211490039541,1,0.945513196307796,1,NA,"prevalence",46,43
"PWY.801..homocysteine.and.cysteine.interconversion","Read_depth","Read_depth","Read_depth",-0.237409513825698,0,0.421978846041695,0.57370048874004,1,0.351455372736337,1,NA,"prevalence",46,43
"PWY.801..homocysteine.and.cysteine.interconversion","Sex","Female","SexFemale",-1.27775250480411,0,1.03298024935339,0.216102919446608,1,0.385505367099869,1,NA,"prevalence",46,43
"PWY.801..homocysteine.and.cysteine.interconversion","Termness","preterm","Termnesspreterm",-0.593485943983052,0,1.46860946511229,0.686128740916718,1,0.469456668088383,1,NA,"prevalence",46,43
"PWY.8011..L.serine.biosynthesis.II","acetate","acetate","acetate",0.212943289146293,0,0.328039709088706,0.516248692375392,1,0.765984672371482,1,NA,"prevalence",46,28
"PWY.8011..L.serine.biosynthesis.II","Antibiotics","Yes","AntibioticsYes",-0.859146555805653,0,1.11942671385776,0.442791432603975,1,0.190061907763108,1,NA,"prevalence",46,28
"PWY.8011..L.serine.biosynthesis.II","butyrate","butyrate","butyrate",-0.0453081984789968,0,0.438679404868191,0.917738234508269,1,0.540625760638646,1,NA,"prevalence",46,28
"PWY.8011..L.serine.biosynthesis.II","Delivery_mode","C-section","Delivery_modeC-section",0.42098190410826,0,0.908384438883422,0.643048839369366,1,0.239220150177752,1,NA,"prevalence",46,28
"PWY.8011..L.serine.biosynthesis.II","Ethnicity","European","EthnicityEuropean",-0.478269150260894,0,0.729439199876179,0.512038460451119,1,0.192870061206521,1,NA,"prevalence",46,28
"PWY.8011..L.serine.biosynthesis.II","Feeding_method","Breastfed","Feeding_methodBreastfed",0.554952362156631,0,0.73695683693227,0.451430455467402,1,0.166508923025773,1,NA,"prevalence",46,28
"PWY.8011..L.serine.biosynthesis.II","isobutyrate","isobutyrate","isobutyrate",0.00261687677698646,0,0.458923116439482,0.99545031795516,1,0.720275261600286,1,NA,"prevalence",46,28
"PWY.8011..L.serine.biosynthesis.II","Probiotics","Yes","ProbioticsYes",0.835018643959226,0,1.51822642747161,0.58232203501884,1,0.825545117569197,1,NA,"prevalence",46,28
"PWY.8011..L.serine.biosynthesis.II","propionate","propionate","propionate",-0.298995193643408,0,0.36060099231779,0.407015013684613,1,0.196783836522449,1,NA,"prevalence",46,28
"PWY.8011..L.serine.biosynthesis.II","Read_depth","Read_depth","Read_depth",-0.278595453715899,0,0.400564117600945,0.48673714736248,1,0.736561244102395,1,NA,"prevalence",46,28
"PWY.8011..L.serine.biosynthesis.II","Termness","preterm","Termnesspreterm",-1.64491269294289,0,1.33844344366238,0.219081414268661,1,0.390166162459365,1,NA,"prevalence",46,28
"PWY.8131..5..deoxyadenosine.degradation.II","acetate","acetate","acetate",-0.141156200225335,0,0.496798817342156,0.776309596924389,1,0.677168380184306,1,NA,"prevalence",46,42
"PWY.8131..5..deoxyadenosine.degradation.II","Antibiotics","Yes","AntibioticsYes",-0.227536905067527,0,1.50103216829682,0.879512718003365,1,0.980749217487108,1,NA,"prevalence",46,42
"PWY.8131..5..deoxyadenosine.degradation.II","butyrate","butyrate","butyrate",-1.0375145300679,0,0.569720415718324,0.0685925426935384,1,0.132480148473912,1,NA,"prevalence",46,42
"PWY.8131..5..deoxyadenosine.degradation.II","Delivery_mode","C-section","Delivery_modeC-section",0.419153460465093,0,1.24368040894546,0.736096799117341,1,0.0434493139717098,0.88615144050944,NA,"prevalence",46,42
"PWY.8131..5..deoxyadenosine.degradation.II","Ethnicity","European","EthnicityEuropean",0.731219414467581,0,0.985953177692489,0.458307264224986,1,0.70656898000858,1,NA,"prevalence",46,42
"PWY.8131..5..deoxyadenosine.degradation.II","Feeding_method","Breastfed","Feeding_methodBreastfed",-0.0106339917322168,0,0.971646955869808,0.991267889643295,1,0.991857944591361,1,NA,"prevalence",46,42
"PWY.8131..5..deoxyadenosine.degradation.II","isobutyrate","isobutyrate","isobutyrate",0.673833207392349,0,0.586939505167852,0.250949816375974,1,0.438923822412813,1,NA,"prevalence",46,42
"PWY.8131..5..deoxyadenosine.degradation.II","Probiotics","Yes","ProbioticsYes",0.709958393209574,0,2.17948279756397,0.744616333020838,1,0.934779182640277,1,NA,"prevalence",46,42
"PWY.8131..5..deoxyadenosine.degradation.II","propionate","propionate","propionate",0.649062400326827,0,0.423296612418646,0.125189327253829,1,0.234706286849392,1,NA,"prevalence",46,42
"PWY.8131..5..deoxyadenosine.degradation.II","Read_depth","Read_depth","Read_depth",0.369652313381627,0,0.434009383331799,0.394372278533603,1,0.409607708740307,1,NA,"prevalence",46,42
"PWY.8131..5..deoxyadenosine.degradation.II","Sex","Female","SexFemale",0.160090412406579,0,1.04352865583199,0.878072933217478,1,0.98513379038581,1,NA,"prevalence",46,42
"PWY.8131..5..deoxyadenosine.degradation.II","Termness","preterm","Termnesspreterm",-0.327886029715341,0,1.81215078194065,0.856416634907471,1,0.425586588414976,1,NA,"prevalence",46,42
"PWY.821..superpathway.of.sulfur.amino.acid.biosynthesis..Saccharomyces.cerevisiae.","acetate","acetate","acetate",0.12553831470085,0,0.462140069537962,0.785894536582408,1,0.954158850534738,1,NA,"prevalence",46,43
"PWY.821..superpathway.of.sulfur.amino.acid.biosynthesis..Saccharomyces.cerevisiae.","Antibiotics","Yes","AntibioticsYes",-1.56627152176058,0,1.49905100657569,0.296095978202731,1,0.50451912809763,1,NA,"prevalence",46,43
"PWY.821..superpathway.of.sulfur.amino.acid.biosynthesis..Saccharomyces.cerevisiae.","butyrate","butyrate","butyrate",0.127114794582244,0,0.587820264872897,0.828794654869838,1,0.873626076198346,1,NA,"prevalence",46,43
"PWY.821..superpathway.of.sulfur.amino.acid.biosynthesis..Saccharomyces.cerevisiae.","Delivery_mode","C-section","Delivery_modeC-section",-1.10475796027337,0,1.16345055803383,0.342339432896953,1,0.567482578477699,1,NA,"prevalence",46,43
"PWY.821..superpathway.of.sulfur.amino.acid.biosynthesis..Saccharomyces.cerevisiae.","Ethnicity","European","EthnicityEuropean",-1.06822633197656,0,1.00646767293174,0.288525514231776,1,0.493804056100842,1,NA,"prevalence",46,43
"PWY.821..superpathway.of.sulfur.amino.acid.biosynthesis..Saccharomyces.cerevisiae.","Feeding_method","Breastfed","Feeding_methodBreastfed",0.167629420604501,0,1.02060777238375,0.869538510892327,1,0.601507134090949,1,NA,"prevalence",46,43
"PWY.821..superpathway.of.sulfur.amino.acid.biosynthesis..Saccharomyces.cerevisiae.","isobutyrate","isobutyrate","isobutyrate",0.040492906242853,0,0.563905649835287,0.94275474945001,1,0.996722981289469,1,NA,"prevalence",46,43
"PWY.821..superpathway.of.sulfur.amino.acid.biosynthesis..Saccharomyces.cerevisiae.","Probiotics","Yes","ProbioticsYes",0.491800874536505,0,2.18844046893246,0.822191938513363,1,0.824618085506117,1,NA,"prevalence",46,43
"PWY.821..superpathway.of.sulfur.amino.acid.biosynthesis..Saccharomyces.cerevisiae.","propionate","propionate","propionate",0.0336614046055565,0,0.443731525341906,0.939530604042043,1,0.383218116060816,1,NA,"prevalence",46,43
"PWY.821..superpathway.of.sulfur.amino.acid.biosynthesis..Saccharomyces.cerevisiae.","Read_depth","Read_depth","Read_depth",-0.0403353303550996,0,0.384792436233421,0.916515779127218,1,0.422295512448696,1,NA,"prevalence",46,43
"PWY.821..superpathway.of.sulfur.amino.acid.biosynthesis..Saccharomyces.cerevisiae.","Sex","Female","SexFemale",-1.11594291069876,0,1.05011293715652,0.287923251266826,1,0.492946703913593,1,NA,"prevalence",46,43
"PWY.821..superpathway.of.sulfur.amino.acid.biosynthesis..Saccharomyces.cerevisiae.","Termness","preterm","Termnesspreterm",0.523173010853803,0,1.84161687019102,0.776346372767152,1,0.94997905502559,1,NA,"prevalence",46,43
"PWY.822..fructan.biosynthesis","acetate","acetate","acetate",0.0326658406556876,0,0.330799076178943,0.92133813221106,1,0.92133813221106,1,NA,"prevalence",46,22
"PWY.822..fructan.biosynthesis","Antibiotics","Yes","AntibioticsYes",-1.8546443973217,0,1.2211555240357,0.128822457161975,1,0.128822457161975,1,NA,"prevalence",46,22
"PWY.822..fructan.biosynthesis","butyrate","butyrate","butyrate",0.449275992362788,0,0.462808923255789,0.331668234046799,1,0.331668234046799,1,NA,"prevalence",46,22
"PWY.822..fructan.biosynthesis","Delivery_mode","C-section","Delivery_modeC-section",-1.30300551968249,0,0.984992793081542,0.185882630664076,1,0.185882630664076,1,NA,"prevalence",46,22
"PWY.822..fructan.biosynthesis","Ethnicity","European","EthnicityEuropean",0.0967254248966159,0,0.754560483755044,0.898000379233394,1,0.898000379233394,1,NA,"prevalence",46,22
"PWY.822..fructan.biosynthesis","Feeding_method","Breastfed","Feeding_methodBreastfed",-0.0791838287349799,0,0.757269110779783,0.916721004955098,1,0.916721004955098,1,NA,"prevalence",46,22
"PWY.822..fructan.biosynthesis","isobutyrate","isobutyrate","isobutyrate",-0.0716511375614004,0,0.487009196423069,0.883033504061822,1,0.883033504061822,1,NA,"prevalence",46,22
"PWY.822..fructan.biosynthesis","Probiotics","Yes","ProbioticsYes",-1.5948316744228,0,1.41038331051291,0.258148167138909,1,0.258148167138909,1,NA,"prevalence",46,22
"PWY.822..fructan.biosynthesis","propionate","propionate","propionate",-0.212807423018112,0,0.488638105520714,0.663191329049214,1,0.663191329049214,1,NA,"prevalence",46,22
"PWY.822..fructan.biosynthesis","Read_depth","Read_depth","Read_depth",-0.323773059001111,0,0.437883892070187,0.45966177277941,1,0.45966177277941,1,NA,"prevalence",46,22
"PWY.822..fructan.biosynthesis","Sex","Female","SexFemale",-0.0487402054180993,0,0.764852832394179,0.949189241102579,1,0.949189241102579,1,NA,"prevalence",46,22
"PWY.822..fructan.biosynthesis","Termness","preterm","Termnesspreterm",0.764867029268736,0,1.21157147487708,0.527843330896021,1,0.527843330896021,1,NA,"prevalence",46,22
"PWY.922..mevalonate.pathway.I..eukaryotes.and.bacteria.","acetate","acetate","acetate",0.0856622015406387,0,0.347622160499475,0.805354567892057,1,0.902416094538288,1,NA,"prevalence",46,39
"PWY.922..mevalonate.pathway.I..eukaryotes.and.bacteria.","Antibiotics","Yes","AntibioticsYes",-0.623635629151318,0,1.08524823567838,0.565529443871535,1,0.811235335857423,1,NA,"prevalence",46,39
"PWY.922..mevalonate.pathway.I..eukaryotes.and.bacteria.","butyrate","butyrate","butyrate",-0.111587713319024,0,0.455124363857116,0.806316514115408,1,0.58788064002529,1,NA,"prevalence",46,39
"PWY.922..mevalonate.pathway.I..eukaryotes.and.bacteria.","Delivery_mode","C-section","Delivery_modeC-section",-0.0534418395171165,0,1.0470628880375,0.95929383715565,1,0.946292103399958,1,NA,"prevalence",46,39
"PWY.922..mevalonate.pathway.I..eukaryotes.and.bacteria.","Ethnicity","European","EthnicityEuropean",-0.190529435971645,0,0.786441605027339,0.808572703432459,1,0.943069673231127,1,NA,"prevalence",46,39
"PWY.922..mevalonate.pathway.I..eukaryotes.and.bacteria.","Feeding_method","Breastfed","Feeding_methodBreastfed",0.172937905484395,0,0.788521254447917,0.826401352419954,1,0.302757977208794,1,NA,"prevalence",46,39
"PWY.922..mevalonate.pathway.I..eukaryotes.and.bacteria.","isobutyrate","isobutyrate","isobutyrate",0.321606331902072,0,0.496384842545535,0.517051464931056,1,0.222242612659784,1,NA,"prevalence",46,39
"PWY.922..mevalonate.pathway.I..eukaryotes.and.bacteria.","Probiotics","Yes","ProbioticsYes",0.696829793284798,0,1.45524784206955,0.632052987662964,1,0.864614996112249,1,NA,"prevalence",46,39
"PWY.922..mevalonate.pathway.I..eukaryotes.and.bacteria.","propionate","propionate","propionate",-0.203555286844741,0,0.505841175686232,0.687382690902293,1,0.486448571078627,1,NA,"prevalence",46,39
"PWY.922..mevalonate.pathway.I..eukaryotes.and.bacteria.","Read_depth","Read_depth","Read_depth",-0.0285910927977605,0,0.409806819624494,0.94437891831077,1,0.0661527295718215,0.939406669793546,NA,"prevalence",46,39
"PWY.922..mevalonate.pathway.I..eukaryotes.and.bacteria.","Sex","Female","SexFemale",-0.633924267692054,0,0.858670381864601,0.460354861244653,1,0.708783124217722,1,NA,"prevalence",46,39
"PWY.922..mevalonate.pathway.I..eukaryotes.and.bacteria.","Termness","preterm","Termnesspreterm",-1.11725699221413,0,1.32653183053664,0.399654124582571,1,0.639584829869281,1,NA,"prevalence",46,39
"PWY0.1221..putrescine.degradation.II","acetate","acetate","acetate",0.343274025943327,0,0.38149024881953,0.3682139978466,1,0.3682139978466,1,NA,"prevalence",46,9
"PWY0.1221..putrescine.degradation.II","Antibiotics","Yes","AntibioticsYes",0.788836743067682,0,1.13567573290459,0.487308010961774,1,0.487308010961774,1,NA,"prevalence",46,9
"PWY0.1221..putrescine.degradation.II","butyrate","butyrate","butyrate",-0.279210116733298,0,0.451078890637628,0.535927628573685,1,0.535927628573685,1,NA,"prevalence",46,9
"PWY0.1221..putrescine.degradation.II","Delivery_mode","C-section","Delivery_modeC-section",-0.94246211029013,0,1.11421801559949,0.397636026916584,1,0.397636026916584,1,NA,"prevalence",46,9
"PWY0.1221..putrescine.degradation.II","Ethnicity","European","EthnicityEuropean",-0.018032953874266,0,0.849691669484699,0.983067816285843,1,0.983067816285843,1,NA,"prevalence",46,9
"PWY0.1221..putrescine.degradation.II","Feeding_method","Breastfed","Feeding_methodBreastfed",-1.03965554976823,0,0.80190791449185,0.194811034784927,1,0.194811034784927,1,NA,"prevalence",46,9
"PWY0.1221..putrescine.degradation.II","isobutyrate","isobutyrate","isobutyrate",-0.0706798365119553,0,0.57353632694157,0.901920890324147,1,0.901920890324147,1,NA,"prevalence",46,9
"PWY0.1221..putrescine.degradation.II","Probiotics","Yes","ProbioticsYes",-1.04680738541028,0,1.52170625434265,0.491505139866211,1,0.491505139866211,1,NA,"prevalence",46,9
"PWY0.1221..putrescine.degradation.II","propionate","propionate","propionate",0.293829095236433,0,0.584723388708944,0.615309126401059,1,0.615309126401059,1,NA,"prevalence",46,9
"PWY0.1221..putrescine.degradation.II","Read_depth","Read_depth","Read_depth",-0.0988892986560129,0,0.510736751984583,0.846472748791527,1,0.846472748791527,1,NA,"prevalence",46,9
"PWY0.1221..putrescine.degradation.II","Sex","Female","SexFemale",-0.507964473999786,0,0.861848726283934,0.55560010867943,1,0.55560010867943,1,NA,"prevalence",46,9
"PWY0.1221..putrescine.degradation.II","Termness","preterm","Termnesspreterm",1.31593235418903,0,1.34457049100141,0.327727785600512,1,0.327727785600512,1,NA,"prevalence",46,9
"PWY0.1277..3.phenylpropanoate.and.3..3.hydroxyphenyl.propanoate.degradation","acetate","acetate","acetate",-0.246122045441033,0,0.444649418803162,0.57990785255386,1,0.82352258765409,1,NA,"prevalence",46,34
"PWY0.1277..3.phenylpropanoate.and.3..3.hydroxyphenyl.propanoate.degradation","Antibiotics","Yes","AntibioticsYes",-0.339973207404114,0,1.43379891445448,0.812568669965057,1,0.0553308018056685,0.932926192497949,NA,"prevalence",46,34
"PWY0.1277..3.phenylpropanoate.and.3..3.hydroxyphenyl.propanoate.degradation","butyrate","butyrate","butyrate",0.0220298514097399,0,0.499277556498085,0.964805995623777,1,0.998761382055966,1,NA,"prevalence",46,34
"PWY0.1277..3.phenylpropanoate.and.3..3.hydroxyphenyl.propanoate.degradation","Delivery_mode","C-section","Delivery_modeC-section",-0.384609934661514,0,1.05745533184451,0.716072558197971,1,0.813998565230313,1,NA,"prevalence",46,34
"PWY0.1277..3.phenylpropanoate.and.3..3.hydroxyphenyl.propanoate.degradation","Ethnicity","European","EthnicityEuropean",-0.0946571551380508,0,0.854786817179704,0.911824322624648,1,0.682746404526672,1,NA,"prevalence",46,34
"PWY0.1277..3.phenylpropanoate.and.3..3.hydroxyphenyl.propanoate.degradation","Feeding_method","Breastfed","Feeding_methodBreastfed",-0.208010823216056,0,0.863056514237574,0.809542361636401,1,0.927711555193928,1,NA,"prevalence",46,34
"PWY0.1277..3.phenylpropanoate.and.3..3.hydroxyphenyl.propanoate.degradation","isobutyrate","isobutyrate","isobutyrate",-0.48546392877462,0,0.625443829392621,0.437636165117757,1,0.683746917216537,1,NA,"prevalence",46,34
"PWY0.1277..3.phenylpropanoate.and.3..3.hydroxyphenyl.propanoate.degradation","Probiotics","Yes","ProbioticsYes",-0.967760732179493,0,2.12079277716361,0.648159690088901,1,0.392894094595202,1,NA,"prevalence",46,34
"PWY0.1277..3.phenylpropanoate.and.3..3.hydroxyphenyl.propanoate.degradation","propionate","propionate","propionate",1.62109392584211,0,0.797898580619844,0.0421836068732045,1,0.082587757057576,1,NA,"prevalence",46,34
"PWY0.1277..3.phenylpropanoate.and.3..3.hydroxyphenyl.propanoate.degradation","Read_depth","Read_depth","Read_depth",0.48283059354006,0,0.509621081462891,0.343419417979164,1,0.56890193931318,1,NA,"prevalence",46,34
"PWY0.1277..3.phenylpropanoate.and.3..3.hydroxyphenyl.propanoate.degradation","Sex","Female","SexFemale",0.36126265196854,0,0.903350817653753,0.689219849670017,1,0.570248410023491,1,NA,"prevalence",46,34
"PWY0.1277..3.phenylpropanoate.and.3..3.hydroxyphenyl.propanoate.degradation","Termness","preterm","Termnesspreterm",1.96951062410894,0,1.77417232181847,0.266955468615799,1,0.462645715007717,1,NA,"prevalence",46,34
"PWY0.1337..oleate..beta..oxidation","acetate","acetate","acetate",0.0334716404479139,0,0.471278700604548,0.943379427906823,1,0.366490565226235,1,NA,"prevalence",46,42
"PWY0.1337..oleate..beta..oxidation","Antibiotics","Yes","AntibioticsYes",-0.634188100321708,0,1.4241220182226,0.656089489041574,1,0.669257728090967,1,NA,"prevalence",46,42
"PWY0.1337..oleate..beta..oxidation","butyrate","butyrate","butyrate",-0.194189406522426,0,0.497341938541684,0.696200481504376,1,0.907705852561827,1,NA,"prevalence",46,42
"PWY0.1337..oleate..beta..oxidation","Delivery_mode","C-section","Delivery_modeC-section",-1.22431451569854,0,1.24340303002363,0.324796920756836,1,0.544100801780549,1,NA,"prevalence",46,42
"PWY0.1337..oleate..beta..oxidation","Ethnicity","European","EthnicityEuropean",-0.542721896703083,0,0.977196838247602,0.578630349084307,1,0.722467157009152,1,NA,"prevalence",46,42
"PWY0.1337..oleate..beta..oxidation","Feeding_method","Breastfed","Feeding_methodBreastfed",0.00577846254529451,0,0.947129419954035,0.99513211462933,1,0.877601302769073,1,NA,"prevalence",46,42
"PWY0.1337..oleate..beta..oxidation","isobutyrate","isobutyrate","isobutyrate",0.715069099286291,0,0.577726762345487,0.215816606390279,1,0.385056405186741,1,NA,"prevalence",46,42
"PWY0.1337..oleate..beta..oxidation","Probiotics","Yes","ProbioticsYes",0.3438539500994,0,2.1945007034728,0.875490018001421,1,0.494680366644487,1,NA,"prevalence",46,42
"PWY0.1337..oleate..beta..oxidation","propionate","propionate","propionate",0.412176707606891,0,0.402777366726442,0.306148857536227,1,0.518570592101717,1,NA,"prevalence",46,42
"PWY0.1337..oleate..beta..oxidation","Read_depth","Read_depth","Read_depth",0.231310418428864,0,0.41684283198428,0.578955954870482,1,0.822721912060972,1,NA,"prevalence",46,42
"PWY0.1337..oleate..beta..oxidation","Sex","Female","SexFemale",0.0288360287889173,0,1.04531365110479,0.977992342908223,1,0.999340363166461,1,NA,"prevalence",46,42
"PWY0.1337..oleate..beta..oxidation","Termness","preterm","Termnesspreterm",0.932972022687044,0,1.7984023483119,0.603915387032578,1,0.754076849973665,1,NA,"prevalence",46,42
"PWY0.1338..polymyxin.resistance","acetate","acetate","acetate",0.223208915119079,0,0.484758448853219,0.645190458672904,1,0.387250683913105,1,NA,"prevalence",46,42
"PWY0.1338..polymyxin.resistance","Antibiotics","Yes","AntibioticsYes",-0.416585381534142,0,1.38339249337253,0.763312940172433,1,0.310023136429632,1,NA,"prevalence",46,42
"PWY0.1338..polymyxin.resistance","butyrate","butyrate","butyrate",-0.487013476752689,0,0.518329136694314,0.347431270463857,1,0.574154053231584,1,NA,"prevalence",46,42
"PWY0.1338..polymyxin.resistance","Delivery_mode","C-section","Delivery_modeC-section",-0.77119267328785,0,1.23975973117141,0.533908920704599,1,0.769751429176667,1,NA,"prevalence",46,42
"PWY0.1338..polymyxin.resistance","Ethnicity","European","EthnicityEuropean",-0.0393386677042761,0,0.962061964281235,0.967383627756082,1,0.768873389938612,1,NA,"prevalence",46,42
"PWY0.1338..polymyxin.resistance","Feeding_method","Breastfed","Feeding_methodBreastfed",0.549683926146832,0,0.936024766716873,0.557033390068985,1,0.803780582486224,1,NA,"prevalence",46,42
"PWY0.1338..polymyxin.resistance","isobutyrate","isobutyrate","isobutyrate",0.557020207484862,0,0.547778316044365,0.309214519749479,1,0.522815420275057,1,NA,"prevalence",46,42
"PWY0.1338..polymyxin.resistance","Probiotics","Yes","ProbioticsYes",0.282399441316468,0,2.23519949109514,0.899461258436543,1,0.442062987147291,1,NA,"prevalence",46,42
"PWY0.1338..polymyxin.resistance","propionate","propionate","propionate",0.391631994470097,0,0.40794281372213,0.337046710579553,1,0.56049293604661,1,NA,"prevalence",46,42
"PWY0.1338..polymyxin.resistance","Read_depth","Read_depth","Read_depth",0.414514719637123,0,0.433917314333514,0.339433569959162,1,0.563651991503103,1,NA,"prevalence",46,42
"PWY0.1338..polymyxin.resistance","Sex","Female","SexFemale",0.156514707808069,0,0.969433660347839,0.871739278597018,1,0.956166473428943,1,NA,"prevalence",46,42
"PWY0.1338..polymyxin.resistance","Termness","preterm","Termnesspreterm",0.806745314345584,0,1.86145366220923,0.664727596491372,1,0.887592415445548,1,NA,"prevalence",46,42
"PWY0.1533..methylphosphonate.degradation.I","acetate","acetate","acetate",0.342546777589472,0,0.380735612362515,0.368281395412986,1,0.600931604618636,1,NA,"prevalence",46,19
"PWY0.1533..methylphosphonate.degradation.I","Antibiotics","Yes","AntibioticsYes",0.84013078620307,0,1.02402456845958,0.411976411924749,1,0.654228259867107,1,NA,"prevalence",46,19
"PWY0.1533..methylphosphonate.degradation.I","butyrate","butyrate","butyrate",-0.36661968352602,0,0.411494406491099,0.372957634758125,1,0.606817872191876,1,NA,"prevalence",46,19
"PWY0.1533..methylphosphonate.degradation.I","Delivery_mode","C-section","Delivery_modeC-section",-1.587522716495,0,0.912280019191457,0.081829095606726,1,0.156962190325637,1,NA,"prevalence",46,19
"PWY0.1533..methylphosphonate.degradation.I","Ethnicity","European","EthnicityEuropean",0.538487958496118,0,0.717001932229657,0.45263628222165,1,0.700392960459862,1,NA,"prevalence",46,19
"PWY0.1533..methylphosphonate.degradation.I","Feeding_method","Breastfed","Feeding_methodBreastfed",-0.128917148506235,0,0.711358959773135,0.856189735428242,1,0.388056738553019,1,NA,"prevalence",46,19
"PWY0.1533..methylphosphonate.degradation.I","isobutyrate","isobutyrate","isobutyrate",0.0076901366634585,0,0.444487775880945,0.986196391542661,1,0.988987575517941,1,NA,"prevalence",46,19
"PWY0.1533..methylphosphonate.degradation.I","Probiotics","Yes","ProbioticsYes",1.44429964466192,0,1.77409560430237,0.415584949405137,1,0.415584949405137,1,NA,"prevalence",46,19
"PWY0.1533..methylphosphonate.degradation.I","propionate","propionate","propionate",-0.109673158015716,0,0.369294784224596,0.766481792839867,1,0.663284887003295,1,NA,"prevalence",46,19
"PWY0.1533..methylphosphonate.degradation.I","Read_depth","Read_depth","Read_depth",-0.0316411706188721,0,0.338750012115917,0.925581289078077,1,0.739675666729879,1,NA,"prevalence",46,19
"PWY0.1533..methylphosphonate.degradation.I","Sex","Female","SexFemale",0.190305307744237,0,0.77464801133235,0.805940164774353,1,0.482533485949818,1,NA,"prevalence",46,19
"PWY0.1533..methylphosphonate.degradation.I","Termness","preterm","Termnesspreterm",-1.09114128160599,0,1.6598972256605,0.510952857121435,1,0.639858495542971,1,NA,"prevalence",46,19
"PWY0.166..superpathway.of.pyrimidine.deoxyribonucleotides.de.novo.biosynthesis..E..coli.","acetate","acetate","acetate",0.124338575474625,0,0.485000502528864,0.797666747751596,1,0.526509013823213,1,NA,"prevalence",46,44
"PWY0.166..superpathway.of.pyrimidine.deoxyribonucleotides.de.novo.biosynthesis..E..coli.","Antibiotics","Yes","AntibioticsYes",0.344584014622494,0,1.47960696561426,0.815847690612784,1,0.966087926947355,1,NA,"prevalence",46,44
"PWY0.166..superpathway.of.pyrimidine.deoxyribonucleotides.de.novo.biosynthesis..E..coli.","butyrate","butyrate","butyrate",-0.440328193834315,0,0.565205889462237,0.435945524503007,1,0.681842548671812,1,NA,"prevalence",46,44
"PWY0.166..superpathway.of.pyrimidine.deoxyribonucleotides.de.novo.biosynthesis..E..coli.","Delivery_mode","C-section","Delivery_modeC-section",-0.0897561924867833,0,1.2862575953699,0.944368062174863,1,0.977243403062115,1,NA,"prevalence",46,44
"PWY0.166..superpathway.of.pyrimidine.deoxyribonucleotides.de.novo.biosynthesis..E..coli.","Ethnicity","European","EthnicityEuropean",0.145362700297207,0,1.02538186433262,0.887266061914361,1,0.737332940322645,1,NA,"prevalence",46,44
"PWY0.166..superpathway.of.pyrimidine.deoxyribonucleotides.de.novo.biosynthesis..E..coli.","Feeding_method","Breastfed","Feeding_methodBreastfed",0.483433521286697,0,0.99270664554394,0.626268764247075,1,0.860324963422591,1,NA,"prevalence",46,44
"PWY0.166..superpathway.of.pyrimidine.deoxyribonucleotides.de.novo.biosynthesis..E..coli.","isobutyrate","isobutyrate","isobutyrate",0.451690230968026,0,0.600839886074944,0.452192559605576,1,0.664469246339741,1,NA,"prevalence",46,44
"PWY0.166..superpathway.of.pyrimidine.deoxyribonucleotides.de.novo.biosynthesis..E..coli.","Probiotics","Yes","ProbioticsYes",0.375830872715276,0,2.14238260677387,0.860744449644356,1,0.980607891695147,1,NA,"prevalence",46,44
"PWY0.166..superpathway.of.pyrimidine.deoxyribonucleotides.de.novo.biosynthesis..E..coli.","propionate","propionate","propionate",0.219493412900918,0,0.457158124950418,0.631137939965746,1,0.27776266734259,1,NA,"prevalence",46,44
"PWY0.166..superpathway.of.pyrimidine.deoxyribonucleotides.de.novo.biosynthesis..E..coli.","Read_depth","Read_depth","Read_depth",0.524773843555067,0,0.429184590672856,0.221434360344192,1,0.393835544747343,1,NA,"prevalence",46,44
"PWY0.166..superpathway.of.pyrimidine.deoxyribonucleotides.de.novo.biosynthesis..E..coli.","Sex","Female","SexFemale",0.381778516961464,0,1.01575340940929,0.707022852494386,1,0.914164391039474,1,NA,"prevalence",46,44
"PWY0.166..superpathway.of.pyrimidine.deoxyribonucleotides.de.novo.biosynthesis..E..coli.","Termness","preterm","Termnesspreterm",0.370157114955835,0,1.82252727677901,0.839056089054009,1,0.642483942012769,1,NA,"prevalence",46,44
"PWY0.301..L.ascorbate.degradation.I..bacterial..anaerobic.","acetate","acetate","acetate",0.0252760123794933,0,0.473935088615383,0.957467205567479,1,0.454601122215611,1,NA,"prevalence",46,45
"PWY0.301..L.ascorbate.degradation.I..bacterial..anaerobic.","Antibiotics","Yes","AntibioticsYes",-0.0105646414898819,0,1.50853280726806,0.994412255808277,1,0.999563813305673,1,NA,"prevalence",46,45
"PWY0.301..L.ascorbate.degradation.I..bacterial..anaerobic.","butyrate","butyrate","butyrate",-0.135318535392723,0,0.595960800692498,0.820377509839824,1,0.175635933124657,1,NA,"prevalence",46,45
"PWY0.301..L.ascorbate.degradation.I..bacterial..anaerobic.","Delivery_mode","C-section","Delivery_modeC-section",0.231043885100736,0,1.29876386617399,0.858805264012649,1,0.644734084290126,1,NA,"prevalence",46,45
"PWY0.301..L.ascorbate.degradation.I..bacterial..anaerobic.","Ethnicity","European","EthnicityEuropean",-0.126408391675987,0,1.03090008318295,0.902408459120707,1,0.913864796431981,1,NA,"prevalence",46,45
"PWY0.301..L.ascorbate.degradation.I..bacterial..anaerobic.","Feeding_method","Breastfed","Feeding_methodBreastfed",0.115202778845318,0,1.0252653606472,0.910534905182971,1,0.99199599680938,1,NA,"prevalence",46,45
"PWY0.301..L.ascorbate.degradation.I..bacterial..anaerobic.","isobutyrate","isobutyrate","isobutyrate",0.175677701389336,0,0.637222013201416,0.782783808770408,1,0.0214727868257026,0.6259948912246,NA,"prevalence",46,45
"PWY0.301..L.ascorbate.degradation.I..bacterial..anaerobic.","Probiotics","Yes","ProbioticsYes",0.421633048482572,0,2.06293803442418,0.838052856227424,1,0.909325379810634,1,NA,"prevalence",46,45
"PWY0.301..L.ascorbate.degradation.I..bacterial..anaerobic.","propionate","propionate","propionate",0.0157985006292418,0,0.514419004388763,0.975499741707368,1,0.785434572086952,1,NA,"prevalence",46,45
"PWY0.301..L.ascorbate.degradation.I..bacterial..anaerobic.","Read_depth","Read_depth","Read_depth",0.585052413108364,0,0.436980529109805,0.180618740927373,1,0.328614352280556,1,NA,"prevalence",46,45
"PWY0.301..L.ascorbate.degradation.I..bacterial..anaerobic.","Sex","Female","SexFemale",0.0260036524361964,0,1.07558770728409,0.98071204079195,1,0.736755458741558,1,NA,"prevalence",46,45
"PWY0.301..L.ascorbate.degradation.I..bacterial..anaerobic.","Termness","preterm","Termnesspreterm",-0.0107234354138454,0,1.81287363271471,0.995280413644667,1,0.353824640816701,1,NA,"prevalence",46,45
"PWY0.41..allantoin.degradation.IV..anaerobic.","acetate","acetate","acetate",0.281106969032504,0,0.3956812662366,0.477432625754945,1,0.724583813986534,1,NA,"prevalence",46,18
"PWY0.41..allantoin.degradation.IV..anaerobic.","Antibiotics","Yes","AntibioticsYes",1.09661724225777,0,1.06664704868262,0.303903932065172,1,0.515450264205671,1,NA,"prevalence",46,18
"PWY0.41..allantoin.degradation.IV..anaerobic.","butyrate","butyrate","butyrate",-0.621544008532659,0,0.440769315653121,0.158499978620284,1,0.291877714017936,1,NA,"prevalence",46,18
"PWY0.41..allantoin.degradation.IV..anaerobic.","Delivery_mode","C-section","Delivery_modeC-section",-1.68698035292031,0,0.954813002616073,0.0772587915880952,1,0.148548662298538,1,NA,"prevalence",46,18
"PWY0.41..allantoin.degradation.IV..anaerobic.","Ethnicity","European","EthnicityEuropean",0.617290179702744,0,0.753141155361104,0.412432294610441,1,0.0798259179175914,1,NA,"prevalence",46,18
"PWY0.41..allantoin.degradation.IV..anaerobic.","Feeding_method","Breastfed","Feeding_methodBreastfed",-0.312474579503105,0,0.755106720980285,0.67900950876867,1,0.82056414640282,1,NA,"prevalence",46,18
"PWY0.41..allantoin.degradation.IV..anaerobic.","isobutyrate","isobutyrate","isobutyrate",0.297228108639553,0,0.486756007103643,0.541444165456323,1,0.789726546605952,1,NA,"prevalence",46,18
"PWY0.41..allantoin.degradation.IV..anaerobic.","Probiotics","Yes","ProbioticsYes",1.63703685115129,0,1.80690720146908,0.364942025470834,1,0.364942025470834,1,NA,"prevalence",46,18
"PWY0.41..allantoin.degradation.IV..anaerobic.","propionate","propionate","propionate",-0.413302930526499,0,0.45032640885936,0.358731311920848,1,0.588774469689243,1,NA,"prevalence",46,18
"PWY0.41..allantoin.degradation.IV..anaerobic.","Read_depth","Read_depth","Read_depth",-0.151693759073417,0,0.359328222890301,0.672908730308728,1,0.641642546525706,1,NA,"prevalence",46,18
"PWY0.41..allantoin.degradation.IV..anaerobic.","Sex","Female","SexFemale",-0.32084000099846,0,0.797095515475344,0.687307728737006,1,0.600918346778044,1,NA,"prevalence",46,18
"PWY0.41..allantoin.degradation.IV..anaerobic.","Termness","preterm","Termnesspreterm",-1.04063124409157,0,1.68923821891509,0.537870881789364,1,0.606110751243619,1,NA,"prevalence",46,18
"PWY0.42..2.methylcitrate.cycle.I","acetate","acetate","acetate",-0.186674615849483,0,0.313225627483472,0.551191986605816,1,0.798571367113166,1,NA,"prevalence",46,27
"PWY0.42..2.methylcitrate.cycle.I","Antibiotics","Yes","AntibioticsYes",-0.0823419322262088,0,1.0381603926289,0.936781891215,1,0.0959456987504909,1,NA,"prevalence",46,27
"PWY0.42..2.methylcitrate.cycle.I","butyrate","butyrate","butyrate",-0.350011231243988,0,0.405516717903131,0.388069267102556,1,0.625540778135597,1,NA,"prevalence",46,27
"PWY0.42..2.methylcitrate.cycle.I","Delivery_mode","C-section","Delivery_modeC-section",-1.35977979062306,0,0.921262018172996,0.139944751330311,1,0.260304969235719,1,NA,"prevalence",46,27
"PWY0.42..2.methylcitrate.cycle.I","Ethnicity","European","EthnicityEuropean",-0.0228219303381538,0,0.700793051239485,0.974020792944436,1,0.199651782668689,1,NA,"prevalence",46,27
"PWY0.42..2.methylcitrate.cycle.I","Feeding_method","Breastfed","Feeding_methodBreastfed",0.215454427253291,0,0.708202114539096,0.760954716698821,1,0.798822644456238,1,NA,"prevalence",46,27
"PWY0.42..2.methylcitrate.cycle.I","isobutyrate","isobutyrate","isobutyrate",0.542409848150962,0,0.449531103705739,0.227581411168942,1,0.403369523628236,1,NA,"prevalence",46,27
"PWY0.42..2.methylcitrate.cycle.I","Probiotics","Yes","ProbioticsYes",1.46018145991068,0,1.340624211867,0.276074391509808,1,0.394244417466189,1,NA,"prevalence",46,27
"PWY0.42..2.methylcitrate.cycle.I","propionate","propionate","propionate",-0.113031309834759,0,0.332040318074021,0.733544466438073,1,0.868802507222054,1,NA,"prevalence",46,27
"PWY0.42..2.methylcitrate.cycle.I","Read_depth","Read_depth","Read_depth",-0.275774918366777,0,0.326486042559698,0.398291773416176,1,0.637947210061349,1,NA,"prevalence",46,27
"PWY0.42..2.methylcitrate.cycle.I","Sex","Female","SexFemale",-1.33454050859924,0,0.747821407633181,0.0743309046378725,1,0.14313672589146,1,NA,"prevalence",46,27
"PWY0.42..2.methylcitrate.cycle.I","Termness","preterm","Termnesspreterm",-0.236772329077366,0,1.14589711137926,0.836301822129622,1,0.0137839681496879,0.490112240881303,NA,"prevalence",46,27
"PWY0.461..L.lysine.degradation.I","acetate","acetate","acetate",-0.295632849482842,0,0.362699153958056,0.415020170235153,1,0.657798598768291,1,NA,"prevalence",46,20
"PWY0.461..L.lysine.degradation.I","Antibiotics","Yes","AntibioticsYes",-0.276074987568267,0,0.965042547393376,0.774820328994497,1,0.161898190661341,1,NA,"prevalence",46,20
"PWY0.461..L.lysine.degradation.I","butyrate","butyrate","butyrate",0.109261808160401,0,0.391264091531479,0.780050404258614,1,0.951622175333201,1,NA,"prevalence",46,20
"PWY0.461..L.lysine.degradation.I","Delivery_mode","C-section","Delivery_modeC-section",-1.57106798162338,0,0.878394804494664,0.0736845725063456,1,0.141939728787248,1,NA,"prevalence",46,20
"PWY0.461..L.lysine.degradation.I","Ethnicity","European","EthnicityEuropean",-0.0772798692319045,0,0.710247362560357,0.913355588950616,1,0.931629565039444,1,NA,"prevalence",46,20
"PWY0.461..L.lysine.degradation.I","Feeding_method","Breastfed","Feeding_methodBreastfed",0.117267501058264,0,0.682887333543823,0.863655257574392,1,0.805343766024434,1,NA,"prevalence",46,20
"PWY0.461..L.lysine.degradation.I","isobutyrate","isobutyrate","isobutyrate",0.403929921516702,0,0.437274649824663,0.355619513605565,1,0.584773788754072,1,NA,"prevalence",46,20
"PWY0.461..L.lysine.degradation.I","Probiotics","Yes","ProbioticsYes",2.9071127634101,0,1.8029427936331,0.106869159112641,1,0.106869159112641,1,NA,"prevalence",46,20
"PWY0.461..L.lysine.degradation.I","propionate","propionate","propionate",0.0899107538506431,0,0.31556680348308,0.775706743541906,1,0.637555530481557,1,NA,"prevalence",46,20
"PWY0.461..L.lysine.degradation.I","Read_depth","Read_depth","Read_depth",-0.256988483277065,0,0.323585890992664,0.427085180877705,1,0.431247416538351,1,NA,"prevalence",46,20
"PWY0.461..L.lysine.degradation.I","Sex","Female","SexFemale",-0.875803962945468,0,0.727149301839091,0.22842154756093,1,0.40466669173173,1,NA,"prevalence",46,20
"PWY0.461..L.lysine.degradation.I","Termness","preterm","Termnesspreterm",-2.08218481895277,0,1.66912483280474,0.212224848378369,1,0.172222975985085,1,NA,"prevalence",46,20
"PWY0.781..aspartate.superpathway","acetate","acetate","acetate",0.314389643400771,0,0.51296073528453,0.539947608397339,1,0.761183499101056,1,NA,"prevalence",46,44
"PWY0.781..aspartate.superpathway","Antibiotics","Yes","AntibioticsYes",-1.34840847113201,0,1.47859257203151,0.361792911596629,1,0.592691712311692,1,NA,"prevalence",46,44
"PWY0.781..aspartate.superpathway","butyrate","butyrate","butyrate",0.00168940334651028,0,0.599925801417629,0.997753143701382,1,0.0604202730096424,0.932926192497949,NA,"prevalence",46,44
"PWY0.781..aspartate.superpathway","Delivery_mode","C-section","Delivery_modeC-section",-0.976331670655643,0,1.17573730692092,0.40631294876426,1,0.647535685195011,1,NA,"prevalence",46,44
"PWY0.781..aspartate.superpathway","Ethnicity","European","EthnicityEuropean",-1.00559484577816,0,1.01329272372774,0.32100092468474,1,0.538960255721022,1,NA,"prevalence",46,44
"PWY0.781..aspartate.superpathway","Feeding_method","Breastfed","Feeding_methodBreastfed",0.324615604523612,0,1.02593787266426,0.751692361657882,1,0.0921579584720084,1,NA,"prevalence",46,44
"PWY0.781..aspartate.superpathway","isobutyrate","isobutyrate","isobutyrate",0.350131920229744,0,0.583200830961239,0.548264660969762,1,0.220625053618862,1,NA,"prevalence",46,44
"PWY0.781..aspartate.superpathway","Probiotics","Yes","ProbioticsYes",0.212465251203962,0,2.38005110371849,0.92886797342359,1,0.439140111506646,1,NA,"prevalence",46,44
"PWY0.781..aspartate.superpathway","propionate","propionate","propionate",0.127483286626147,0,0.45007157079565,0.776984326823591,1,0.950264009517673,1,NA,"prevalence",46,44
"PWY0.781..aspartate.superpathway","Read_depth","Read_depth","Read_depth",-0.226664188564549,0,0.456117625064611,0.619229668550509,1,0.0734931190833751,0.958504995203176,NA,"prevalence",46,44
"PWY0.781..aspartate.superpathway","Sex","Female","SexFemale",-1.0775652781193,0,1.05915200231452,0.308970351608524,1,0.522478025043953,1,NA,"prevalence",46,44
"PWY0.781..aspartate.superpathway","Termness","preterm","Termnesspreterm",0.49513608295833,0,2.02199151299874,0.806552870622405,1,0.962578208135568,1,NA,"prevalence",46,44
"PWY0.845..superpathway.of.pyridoxal.5..phosphate.biosynthesis.and.salvage","acetate","acetate","acetate",0.246008376502902,0,0.501864182358569,0.624000058470953,1,0.858624043970153,1,NA,"prevalence",46,43
"PWY0.845..superpathway.of.pyridoxal.5..phosphate.biosynthesis.and.salvage","Antibiotics","Yes","AntibioticsYes",0.00852581401009888,0,1.48952501992243,0.995433055416258,1,0.999312470477819,1,NA,"prevalence",46,43
"PWY0.845..superpathway.of.pyridoxal.5..phosphate.biosynthesis.and.salvage","butyrate","butyrate","butyrate",-0.368510272622525,0,0.551971853160666,0.504372921177977,1,0.144111716171565,1,NA,"prevalence",46,43
"PWY0.845..superpathway.of.pyridoxal.5..phosphate.biosynthesis.and.salvage","Delivery_mode","C-section","Delivery_modeC-section",-0.779392995892658,0,1.24245470890673,0.530461993135358,1,0.528738639235242,1,NA,"prevalence",46,43
"PWY0.845..superpathway.of.pyridoxal.5..phosphate.biosynthesis.and.salvage","Ethnicity","European","EthnicityEuropean",-0.0826254761290448,0,0.986606008326678,0.933257440499518,1,0.302918354622081,1,NA,"prevalence",46,43
"PWY0.845..superpathway.of.pyridoxal.5..phosphate.biosynthesis.and.salvage","Feeding_method","Breastfed","Feeding_methodBreastfed",0.278282158161017,0,0.981273047207261,0.776722309276944,1,0.817679877440905,1,NA,"prevalence",46,43
"PWY0.845..superpathway.of.pyridoxal.5..phosphate.biosynthesis.and.salvage","isobutyrate","isobutyrate","isobutyrate",0.797339640295658,0,0.60065917135769,0.184362828590823,1,0.334736004615637,1,NA,"prevalence",46,43
"PWY0.845..superpathway.of.pyridoxal.5..phosphate.biosynthesis.and.salvage","Probiotics","Yes","ProbioticsYes",0.506936089844432,0,2.26998984204185,0.823285791155802,1,0.803288968516255,1,NA,"prevalence",46,43
"PWY0.845..superpathway.of.pyridoxal.5..phosphate.biosynthesis.and.salvage","propionate","propionate","propionate",0.297058246972492,0,0.442223289992756,0.501750420900758,1,0.751747356927428,1,NA,"prevalence",46,43
"PWY0.845..superpathway.of.pyridoxal.5..phosphate.biosynthesis.and.salvage","Read_depth","Read_depth","Read_depth",0.329863498300486,0,0.437184095647223,0.450537926974476,1,0.359181797598943,1,NA,"prevalence",46,43
"PWY0.845..superpathway.of.pyridoxal.5..phosphate.biosynthesis.and.salvage","Sex","Female","SexFemale",-0.159436857745943,0,1.01131865203746,0.874730675471685,1,0.761011160906234,1,NA,"prevalence",46,43
"PWY0.845..superpathway.of.pyridoxal.5..phosphate.biosynthesis.and.salvage","Termness","preterm","Termnesspreterm",0.89398366421733,0,1.88334847159068,0.635016660655806,1,0.866787162001161,1,NA,"prevalence",46,43
"PWY0.881..superpathway.of.fatty.acid.biosynthesis.I..E..coli.","acetate","acetate","acetate",-0.152669305409623,0,0.36977178841848,0.679698637750131,1,0.897407037340878,1,NA,"prevalence",46,13
"PWY0.881..superpathway.of.fatty.acid.biosynthesis.I..E..coli.","Antibiotics","Yes","AntibioticsYes",-0.501872003349047,0,1.03288511151154,0.627042786042279,1,0.860902916556895,1,NA,"prevalence",46,13
"PWY0.881..superpathway.of.fatty.acid.biosynthesis.I..E..coli.","butyrate","butyrate","butyrate",-0.871655949605986,0,0.506038815537904,0.0849775200037517,1,0.162733861101515,1,NA,"prevalence",46,13
"PWY0.881..superpathway.of.fatty.acid.biosynthesis.I..E..coli.","Delivery_mode","C-section","Delivery_modeC-section",0.380239866763496,0,0.914462754352837,0.677551354437565,1,0.896026870974951,1,NA,"prevalence",46,13
"PWY0.881..superpathway.of.fatty.acid.biosynthesis.I..E..coli.","Ethnicity","European","EthnicityEuropean",-0.562507780255045,0,0.756075123114428,0.456886166162166,1,0.705027363493969,1,NA,"prevalence",46,13
"PWY0.881..superpathway.of.fatty.acid.biosynthesis.I..E..coli.","Feeding_method","Breastfed","Feeding_methodBreastfed",-0.606935657945676,0,0.765761762107752,0.428016323620354,1,0.672834673955224,1,NA,"prevalence",46,13
"PWY0.881..superpathway.of.fatty.acid.biosynthesis.I..E..coli.","isobutyrate","isobutyrate","isobutyrate",0.833518578165693,0,0.520235254824763,0.109112387437378,1,0.206319261782471,1,NA,"prevalence",46,13
"PWY0.881..superpathway.of.fatty.acid.biosynthesis.I..E..coli.","Probiotics","Yes","ProbioticsYes",2.68157299807969,0,1.81749050667774,0.140098012625876,1,0.140098012625876,1,NA,"prevalence",46,13
"PWY0.881..superpathway.of.fatty.acid.biosynthesis.I..E..coli.","propionate","propionate","propionate",-0.631108699011638,0,0.383083730819869,0.0994669757976979,1,0.189040272321056,1,NA,"prevalence",46,13
"PWY0.881..superpathway.of.fatty.acid.biosynthesis.I..E..coli.","Read_depth","Read_depth","Read_depth",0.151627428312082,0,0.47107966108934,0.747549544409573,1,0.936268767472186,1,NA,"prevalence",46,13
"PWY0.881..superpathway.of.fatty.acid.biosynthesis.I..E..coli.","Sex","Female","SexFemale",0.146876985250944,0,0.76909483915421,0.848546098276082,1,0.977061715652602,1,NA,"prevalence",46,13
"PWY0.881..superpathway.of.fatty.acid.biosynthesis.I..E..coli.","Termness","preterm","Termnesspreterm",-1.75166771276407,0,1.69859991578227,0.302427311297714,1,0.513392343976664,1,NA,"prevalence",46,13
"PWY1G.0..mycothiol.biosynthesis","acetate","acetate","acetate",0.195380504357031,0,0.367048302066987,0.594516924476483,1,0.594516924476483,1,NA,"prevalence",46,7
"PWY1G.0..mycothiol.biosynthesis","Antibiotics","Yes","AntibioticsYes",-0.53681158560645,0,1.47112944590923,0.715187855281486,1,0.715187855281486,1,NA,"prevalence",46,7
"PWY1G.0..mycothiol.biosynthesis","butyrate","butyrate","butyrate",-0.0200145992717513,0,0.508542215270359,0.968605913949382,1,0.968605913949382,1,NA,"prevalence",46,7
"PWY1G.0..mycothiol.biosynthesis","Delivery_mode","C-section","Delivery_modeC-section",-0.876393662364522,0,0.94758343570869,0.355032341880472,1,0.355032341880472,1,NA,"prevalence",46,7
"PWY1G.0..mycothiol.biosynthesis","Ethnicity","European","EthnicityEuropean",-0.0908636155104619,0,0.832579299221717,0.913095344489064,1,0.913095344489064,1,NA,"prevalence",46,7
"PWY1G.0..mycothiol.biosynthesis","Feeding_method","Breastfed","Feeding_methodBreastfed",0.166632959728153,0,0.828548511781505,0.840609195215209,1,0.840609195215209,1,NA,"prevalence",46,7
"PWY1G.0..mycothiol.biosynthesis","isobutyrate","isobutyrate","isobutyrate",0.239760930479782,0,0.588178983448938,0.683543424093817,1,0.683543424093817,1,NA,"prevalence",46,7
"PWY1G.0..mycothiol.biosynthesis","Probiotics","Yes","ProbioticsYes",-0.750170013330075,0,1.66355045193007,0.652029079191971,1,0.652029079191971,1,NA,"prevalence",46,7
"PWY1G.0..mycothiol.biosynthesis","propionate","propionate","propionate",-0.361866216721999,0,0.428681165288548,0.398592093055006,1,0.398592093055006,1,NA,"prevalence",46,7
"PWY1G.0..mycothiol.biosynthesis","Read_depth","Read_depth","Read_depth",0.310500908131095,0,0.475123588870907,0.513423622529708,1,0.513423622529708,1,NA,"prevalence",46,7
"PWY1G.0..mycothiol.biosynthesis","Sex","Female","SexFemale",-0.409504729077513,0,0.871209165328236,0.638325149860327,1,0.638325149860327,1,NA,"prevalence",46,7
"PWY1G.0..mycothiol.biosynthesis","Termness","preterm","Termnesspreterm",0.402557200586311,0,1.26966174193695,0.751199122157281,1,0.751199122157281,1,NA,"prevalence",46,7
"PWY1ZNC.1..assimilatory.sulfate.reduction.IV","acetate","acetate","acetate",0.145434653952213,0,0.484920209038157,0.76424229210518,1,0.944418303168181,1,NA,"prevalence",46,45
"PWY1ZNC.1..assimilatory.sulfate.reduction.IV","Antibiotics","Yes","AntibioticsYes",-0.413851423951417,0,1.51350535926797,0.7845157607012,1,0.553637688113582,1,NA,"prevalence",46,45
"PWY1ZNC.1..assimilatory.sulfate.reduction.IV","butyrate","butyrate","butyrate",0.0445955819939927,0,0.587176401156654,0.939459508413196,1,0.180697669083255,1,NA,"prevalence",46,45
"PWY1ZNC.1..assimilatory.sulfate.reduction.IV","Delivery_mode","C-section","Delivery_modeC-section",-0.781747592982319,0,1.20134783582452,0.515223741244063,1,0.171788648409209,1,NA,"prevalence",46,45
"PWY1ZNC.1..assimilatory.sulfate.reduction.IV","Ethnicity","European","EthnicityEuropean",-0.280493056454241,0,0.998195060778484,0.778710212057398,1,0.765484449672902,1,NA,"prevalence",46,45
"PWY1ZNC.1..assimilatory.sulfate.reduction.IV","Feeding_method","Breastfed","Feeding_methodBreastfed",-0.248160320907305,0,1.02095146641971,0.807952955522345,1,0.810537736537057,1,NA,"prevalence",46,45
"PWY1ZNC.1..assimilatory.sulfate.reduction.IV","isobutyrate","isobutyrate","isobutyrate",0.469331877968858,0,0.616310978018195,0.446347756405678,1,0.693469193162973,1,NA,"prevalence",46,45
"PWY1ZNC.1..assimilatory.sulfate.reduction.IV","Probiotics","Yes","ProbioticsYes",0.305294062178806,0,2.18039169302631,0.888645776477586,1,0.971387576375783,1,NA,"prevalence",46,45
"PWY1ZNC.1..assimilatory.sulfate.reduction.IV","propionate","propionate","propionate",0.110286458120709,0,0.461606777998542,0.811168680665844,1,0.684158960123112,1,NA,"prevalence",46,45
"PWY1ZNC.1..assimilatory.sulfate.reduction.IV","Read_depth","Read_depth","Read_depth",-0.250255346919662,0,0.473015619736055,0.596761330716913,1,0.0112550894062346,0.460993579316516,NA,"prevalence",46,45
"PWY1ZNC.1..assimilatory.sulfate.reduction.IV","Sex","Female","SexFemale",-0.715223850707022,0,1.0633467433764,0.501191729152848,1,0.591685299123442,1,NA,"prevalence",46,45
"PWY1ZNC.1..assimilatory.sulfate.reduction.IV","Termness","preterm","Termnesspreterm",0.413568822592623,0,1.8271358672782,0.820930652019156,1,0.297641165907513,1,NA,"prevalence",46,45
"PWY3O.4107..NAD.salvage.pathway.V..PNC.V.cycle.","acetate","acetate","acetate",0.299399232334357,0,0.433570484338963,0.489852532984226,1,0.73974956189739,1,NA,"prevalence",46,44
"PWY3O.4107..NAD.salvage.pathway.V..PNC.V.cycle.","Antibiotics","Yes","AntibioticsYes",-1.1749543590476,0,1.47581893265201,0.425952291774464,1,0.111359186307224,1,NA,"prevalence",46,44
"PWY3O.4107..NAD.salvage.pathway.V..PNC.V.cycle.","butyrate","butyrate","butyrate",-0.151739516449123,0,0.633542555499512,0.810710462641371,1,0.630408074480467,1,NA,"prevalence",46,44
"PWY3O.4107..NAD.salvage.pathway.V..PNC.V.cycle.","Delivery_mode","C-section","Delivery_modeC-section",-0.203471867940048,0,1.25529875750999,0.871234672055598,1,0.816029265265104,1,NA,"prevalence",46,44
"PWY3O.4107..NAD.salvage.pathway.V..PNC.V.cycle.","Ethnicity","European","EthnicityEuropean",-0.621312003090972,0,1.01319346581156,0.53972989949552,1,0.348402805908912,1,NA,"prevalence",46,44
"PWY3O.4107..NAD.salvage.pathway.V..PNC.V.cycle.","Feeding_method","Breastfed","Feeding_methodBreastfed",0.838923591672558,0,1.06676615369471,0.43162292339416,1,0.143452288059144,1,NA,"prevalence",46,44
"PWY3O.4107..NAD.salvage.pathway.V..PNC.V.cycle.","isobutyrate","isobutyrate","isobutyrate",-0.0967722873741372,0,0.616684747235554,0.87530519209615,1,0.672536533617354,1,NA,"prevalence",46,44
"PWY3O.4107..NAD.salvage.pathway.V..PNC.V.cycle.","Probiotics","Yes","ProbioticsYes",1.52334931900679,0,1.86876065139351,0.414977549856724,1,0.240812256094383,1,NA,"prevalence",46,44
"PWY3O.4107..NAD.salvage.pathway.V..PNC.V.cycle.","propionate","propionate","propionate",-0.0266272021835102,0,0.510255960073049,0.958382073650038,1,0.0191083870589629,0.580988750087239,NA,"prevalence",46,44
"PWY3O.4107..NAD.salvage.pathway.V..PNC.V.cycle.","Read_depth","Read_depth","Read_depth",0.0162525827106715,0,0.487485119968296,0.973403736125986,1,0.999292638747944,1,NA,"prevalence",46,44
"PWY3O.4107..NAD.salvage.pathway.V..PNC.V.cycle.","Sex","Female","SexFemale",-0.827282962494477,0,1.04931528619538,0.430461215577418,1,0.0109546806064571,0.460096585471197,NA,"prevalence",46,44
"PWY3O.4107..NAD.salvage.pathway.V..PNC.V.cycle.","Termness","preterm","Termnesspreterm",-1.37217281041482,0,1.61434864509065,0.395333192579066,1,0.634378052003375,1,NA,"prevalence",46,44
"PWY4LZ.257..superpathway.of.fermentation..Chlamydomonas.reinhardtii.","acetate","acetate","acetate",0.145434653952213,0,0.484920209038157,0.76424229210518,1,0.335410052965995,1,NA,"prevalence",46,45
"PWY4LZ.257..superpathway.of.fermentation..Chlamydomonas.reinhardtii.","Antibiotics","Yes","AntibioticsYes",-0.413851423951417,0,1.51350535926797,0.7845157607012,1,0.953566542613818,1,NA,"prevalence",46,45
"PWY4LZ.257..superpathway.of.fermentation..Chlamydomonas.reinhardtii.","butyrate","butyrate","butyrate",0.0445955819939927,0,0.587176401156654,0.939459508413196,1,0.321366367774774,1,NA,"prevalence",46,45
"PWY4LZ.257..superpathway.of.fermentation..Chlamydomonas.reinhardtii.","Delivery_mode","C-section","Delivery_modeC-section",-0.781747592982319,0,1.20134783582452,0.515223741244063,1,0.764991978946597,1,NA,"prevalence",46,45
"PWY4LZ.257..superpathway.of.fermentation..Chlamydomonas.reinhardtii.","Ethnicity","European","EthnicityEuropean",-0.280493056454241,0,0.998195060778484,0.778710212057398,1,0.486414578511108,1,NA,"prevalence",46,45
"PWY4LZ.257..superpathway.of.fermentation..Chlamydomonas.reinhardtii.","Feeding_method","Breastfed","Feeding_methodBreastfed",-0.248160320907305,0,1.02095146641971,0.807952955522345,1,0.120395259840593,1,NA,"prevalence",46,45
"PWY4LZ.257..superpathway.of.fermentation..Chlamydomonas.reinhardtii.","isobutyrate","isobutyrate","isobutyrate",0.469331877968858,0,0.616310978018195,0.446347756405678,1,0.423833797070444,1,NA,"prevalence",46,45
"PWY4LZ.257..superpathway.of.fermentation..Chlamydomonas.reinhardtii.","Probiotics","Yes","ProbioticsYes",0.305294062178806,0,2.18039169302631,0.888645776477586,1,0.487531904907098,1,NA,"prevalence",46,45
"PWY4LZ.257..superpathway.of.fermentation..Chlamydomonas.reinhardtii.","propionate","propionate","propionate",0.110286458120709,0,0.461606777998542,0.811168680665844,1,0.0130055045748587,0.484579091647957,NA,"prevalence",46,45
"PWY4LZ.257..superpathway.of.fermentation..Chlamydomonas.reinhardtii.","Read_depth","Read_depth","Read_depth",-0.250255346919662,0,0.473015619736055,0.596761330716913,1,0.837398575594805,1,NA,"prevalence",46,45
"PWY4LZ.257..superpathway.of.fermentation..Chlamydomonas.reinhardtii.","Sex","Female","SexFemale",-0.715223850707022,0,1.0633467433764,0.501191729152848,1,0.655424186662978,1,NA,"prevalence",46,45
"PWY4LZ.257..superpathway.of.fermentation..Chlamydomonas.reinhardtii.","Termness","preterm","Termnesspreterm",0.413568822592623,0,1.8271358672782,0.820930652019156,1,0.123428278506831,1,NA,"prevalence",46,45
"PWY5F9.12..biphenyl.degradation","acetate","acetate","acetate",-0.157449207645163,0,0.335935280183345,0.639291871749825,1,0.639291871749825,1,NA,"prevalence",46,11
"PWY5F9.12..biphenyl.degradation","Antibiotics","Yes","AntibioticsYes",0.666292834066185,0,1.07874454244789,0.536802247158037,1,0.536802247158037,1,NA,"prevalence",46,11
"PWY5F9.12..biphenyl.degradation","butyrate","butyrate","butyrate",-0.20011828481533,0,0.44633119127102,0.653891413331392,1,0.653891413331392,1,NA,"prevalence",46,11
"PWY5F9.12..biphenyl.degradation","Delivery_mode","C-section","Delivery_modeC-section",1.04507165338875,0,1.12702630273717,0.353779930570555,1,0.353779930570555,1,NA,"prevalence",46,11
"PWY5F9.12..biphenyl.degradation","Ethnicity","European","EthnicityEuropean",1.6978840052562,0,0.902713626194713,0.0599900531386159,1,0.0599900531386159,0.932926192497949,NA,"prevalence",46,11
"PWY5F9.12..biphenyl.degradation","Feeding_method","Breastfed","Feeding_methodBreastfed",-0.36162151793828,0,0.823200496945008,0.660453380319472,1,0.660453380319472,1,NA,"prevalence",46,11
"PWY5F9.12..biphenyl.degradation","isobutyrate","isobutyrate","isobutyrate",0.0521827418235385,0,0.515709847891679,0.919402617411571,1,0.919402617411571,1,NA,"prevalence",46,11
"PWY5F9.12..biphenyl.degradation","Probiotics","Yes","ProbioticsYes",-0.169678019008817,0,1.41021105452876,0.904228861098054,1,0.904228861098054,1,NA,"prevalence",46,11
"PWY5F9.12..biphenyl.degradation","propionate","propionate","propionate",0.314224557146915,0,0.630195570371429,0.618051091101993,1,0.618051091101993,1,NA,"prevalence",46,11
"PWY5F9.12..biphenyl.degradation","Read_depth","Read_depth","Read_depth",0.303549550428354,0,0.578112896937186,0.599534756672297,1,0.599534756672297,1,NA,"prevalence",46,11
"PWY5F9.12..biphenyl.degradation","Sex","Female","SexFemale",-0.332164682239094,0,0.864595973947305,0.700841439696568,1,0.700841439696568,1,NA,"prevalence",46,11
"PWY5F9.12..biphenyl.degradation","Termness","preterm","Termnesspreterm",1.52542161819953,0,1.25492620971607,0.224157586343643,1,0.224157586343643,1,NA,"prevalence",46,11
"PWY66.367..ketogenesis","acetate","acetate","acetate",0.016833912944239,0,0.474115452547802,0.971676313068285,1,0.971676313068285,1,NA,"prevalence",46,5
"PWY66.367..ketogenesis","Antibiotics","Yes","AntibioticsYes",0.792459428103855,0,1.32867961816633,0.550890495538201,1,0.550890495538201,1,NA,"prevalence",46,5
"PWY66.367..ketogenesis","butyrate","butyrate","butyrate",0.148436647837355,0,0.487704013730348,0.760855115726578,1,0.760855115726578,1,NA,"prevalence",46,5
"PWY66.367..ketogenesis","Delivery_mode","C-section","Delivery_modeC-section",1.14375800511784,0,1.17211065020079,0.329158327397621,1,0.329158327397621,1,NA,"prevalence",46,5
"PWY66.367..ketogenesis","Ethnicity","European","EthnicityEuropean",-0.719802485364525,0,0.967347607269726,0.456816522885161,1,0.456816522885161,1,NA,"prevalence",46,5
"PWY66.367..ketogenesis","Feeding_method","Breastfed","Feeding_methodBreastfed",-0.943334407028555,0,0.923740360316922,0.307154179360814,1,0.307154179360814,1,NA,"prevalence",46,5
"PWY66.367..ketogenesis","isobutyrate","isobutyrate","isobutyrate",-0.437862535951709,0,0.551121441351503,0.426908050979324,1,0.426908050979324,1,NA,"prevalence",46,5
"PWY66.367..ketogenesis","Probiotics","Yes","ProbioticsYes",-0.491845221540213,0,2.05683341344126,0.811006797702626,1,0.811006797702626,1,NA,"prevalence",46,5
"PWY66.367..ketogenesis","propionate","propionate","propionate",-0.157447755054263,0,0.504528452489968,0.754987986755806,1,0.754987986755806,1,NA,"prevalence",46,5
"PWY66.367..ketogenesis","Read_depth","Read_depth","Read_depth",0.205092768797706,0,0.46481802454193,0.659044765266665,1,0.659044765266665,1,NA,"prevalence",46,5
"PWY66.367..ketogenesis","Sex","Female","SexFemale",-0.2429444904356,0,0.897150063081637,0.786548072012965,1,0.786548072012965,1,NA,"prevalence",46,5
"PWY66.367..ketogenesis","Termness","preterm","Termnesspreterm",-1.0021689360876,0,1.7365171931121,0.563862232496707,1,0.563862232496707,1,NA,"prevalence",46,5
"PWY66.391..fatty.acid..beta..oxidation.VI..mammalian.peroxisome.","acetate","acetate","acetate",0.276283711916869,0,0.351035175334075,0.431250133955892,1,0.676523589874809,1,NA,"prevalence",46,25
"PWY66.391..fatty.acid..beta..oxidation.VI..mammalian.peroxisome.","Antibiotics","Yes","AntibioticsYes",-0.0720548466300722,0,1.01744010584861,0.943541218778117,1,0.789543183213577,1,NA,"prevalence",46,25
"PWY66.391..fatty.acid..beta..oxidation.VI..mammalian.peroxisome.","butyrate","butyrate","butyrate",-0.462469741929371,0,0.412658497679644,0.262412111491318,1,0.455964106725304,1,NA,"prevalence",46,25
"PWY66.391..fatty.acid..beta..oxidation.VI..mammalian.peroxisome.","Delivery_mode","C-section","Delivery_modeC-section",-0.210553555945581,0,0.918711503337436,0.818726264155141,1,0.289693327171345,1,NA,"prevalence",46,25
"PWY66.391..fatty.acid..beta..oxidation.VI..mammalian.peroxisome.","Ethnicity","European","EthnicityEuropean",-0.905300865273802,0,0.720481232048157,0.208926600364532,1,0.192883061645392,1,NA,"prevalence",46,25
"PWY66.391..fatty.acid..beta..oxidation.VI..mammalian.peroxisome.","Feeding_method","Breastfed","Feeding_methodBreastfed",0.317369120908904,0,0.713369789322763,0.656401240042838,1,0.37362212102573,1,NA,"prevalence",46,25
"PWY66.391..fatty.acid..beta..oxidation.VI..mammalian.peroxisome.","Probiotics","Yes","ProbioticsYes",0.291463995696231,0,1.52250364973101,0.848182995257774,1,0.803649112180826,1,NA,"prevalence",46,25
"PWY66.391..fatty.acid..beta..oxidation.VI..mammalian.peroxisome.","propionate","propionate","propionate",0.303896830679617,0,0.342501765186948,0.374925240504948,1,0.609281545042203,1,NA,"prevalence",46,25
"PWY66.391..fatty.acid..beta..oxidation.VI..mammalian.peroxisome.","Read_depth","Read_depth","Read_depth",0.00340858889083839,0,0.448921665563895,0.993941851046552,1,0.676005754696692,1,NA,"prevalence",46,25
"PWY66.391..fatty.acid..beta..oxidation.VI..mammalian.peroxisome.","Sex","Female","SexFemale",-0.143389954238665,0,0.775887116021899,0.853379826854494,1,0.978502524826782,1,NA,"prevalence",46,25
"PWY66.391..fatty.acid..beta..oxidation.VI..mammalian.peroxisome.","Termness","preterm","Termnesspreterm",1.16620932857424,0,1.34659050100056,0.386464931669356,1,0.623574719928512,1,NA,"prevalence",46,25
"PWY66.399..gluconeogenesis.III","acetate","acetate","acetate",-0.0473673674749385,0,0.339132574686746,0.888919051248035,1,0.662513243047952,1,NA,"prevalence",46,15
"PWY66.399..gluconeogenesis.III","Antibiotics","Yes","AntibioticsYes",-0.326943519790351,0,1.11059450163347,0.76846293135766,1,0.343860165529444,1,NA,"prevalence",46,15
"PWY66.399..gluconeogenesis.III","butyrate","butyrate","butyrate",-0.05830200909178,0,0.425081047819211,0.890908246048571,1,0.988098989219801,1,NA,"prevalence",46,15
"PWY66.399..gluconeogenesis.III","Delivery_mode","C-section","Delivery_modeC-section",-0.508269494271456,0,0.869521981766031,0.558857746276091,1,0.80539351197939,1,NA,"prevalence",46,15
"PWY66.399..gluconeogenesis.III","Ethnicity","European","EthnicityEuropean",-0.971998291655159,0,0.769369707944947,0.206456387967252,1,0.370288535802019,1,NA,"prevalence",46,15
"PWY66.399..gluconeogenesis.III","Feeding_method","Breastfed","Feeding_methodBreastfed",-0.242060259356302,0,0.728610109329911,0.739721682835654,1,0.787315344362745,1,NA,"prevalence",46,15
"PWY66.399..gluconeogenesis.III","isobutyrate","isobutyrate","isobutyrate",0.394250369875204,0,0.490726613315827,0.421742858278471,1,0.327704971218504,1,NA,"prevalence",46,15
"PWY66.399..gluconeogenesis.III","Probiotics","Yes","ProbioticsYes",-0.0272655503461315,0,1.42666249162734,0.984752218864096,1,0.751530886063387,1,NA,"prevalence",46,15
"PWY66.399..gluconeogenesis.III","propionate","propionate","propionate",-0.291788494593072,0,0.365201259438582,0.424302021196786,1,0.668571837201894,1,NA,"prevalence",46,15
"PWY66.399..gluconeogenesis.III","Read_depth","Read_depth","Read_depth",0.04140095911606,0,0.361130950900329,0.908728482692306,1,0.912799266249611,1,NA,"prevalence",46,15
"PWY66.399..gluconeogenesis.III","Sex","Female","SexFemale",-0.588013579471487,0,0.752298049398415,0.434436071180038,1,0.167426263233623,1,NA,"prevalence",46,15
"PWY66.399..gluconeogenesis.III","Termness","preterm","Termnesspreterm",-0.898291278966877,0,1.21258678882866,0.458811221565135,1,0.207425811297648,1,NA,"prevalence",46,15
"PWY66.430..myristate.biosynthesis..mitochondria.","acetate","acetate","acetate",0.70500219194869,0,0.412579516873162,0.0874941497987596,1,0.167333073348511,1,NA,"prevalence",46,34
"PWY66.430..myristate.biosynthesis..mitochondria.","Antibiotics","Yes","AntibioticsYes",0.125279710995173,0,1.17835845222534,0.915330725867797,1,0.898229345957383,1,NA,"prevalence",46,34
"PWY66.430..myristate.biosynthesis..mitochondria.","butyrate","butyrate","butyrate",-0.120419823778971,0,0.500581702467276,0.80989632639792,1,0.559106298798222,1,NA,"prevalence",46,34
"PWY66.430..myristate.biosynthesis..mitochondria.","Delivery_mode","C-section","Delivery_modeC-section",0.0590490337053204,0,0.94128056701368,0.949979389743445,1,0.977437331345986,1,NA,"prevalence",46,34
"PWY66.430..myristate.biosynthesis..mitochondria.","Ethnicity","European","EthnicityEuropean",-0.831485104121839,0,0.775248256201031,0.283477361163322,1,0.486595308034523,1,NA,"prevalence",46,34
"PWY66.430..myristate.biosynthesis..mitochondria.","Feeding_method","Breastfed","Feeding_methodBreastfed",0.572203059500803,0,0.787503957495568,0.467468939790458,1,0.716410669912102,1,NA,"prevalence",46,34
"PWY66.430..myristate.biosynthesis..mitochondria.","isobutyrate","isobutyrate","isobutyrate",0.173091327210266,0,0.494699094464368,0.726419642395165,1,0.798279340533108,1,NA,"prevalence",46,34
"PWY66.430..myristate.biosynthesis..mitochondria.","Probiotics","Yes","ProbioticsYes",-0.133366398181832,0,1.83162000521966,0.941954643190259,1,0.830599080414695,1,NA,"prevalence",46,34
"PWY66.430..myristate.biosynthesis..mitochondria.","propionate","propionate","propionate",0.133550271818095,0,0.336032981233079,0.691048895538689,1,0.904549215052136,1,NA,"prevalence",46,34
"PWY66.430..myristate.biosynthesis..mitochondria.","Read_depth","Read_depth","Read_depth",0.405972653689244,0,0.454621102325103,0.37186187351205,1,0.364816013194659,1,NA,"prevalence",46,34
"PWY66.430..myristate.biosynthesis..mitochondria.","Sex","Female","SexFemale",-1.17676554275065,0,0.791286714500512,0.136974028601701,1,0.255186172692022,1,NA,"prevalence",46,34
"PWY66.430..myristate.biosynthesis..mitochondria.","Termness","preterm","Termnesspreterm",0.916383276034069,0,1.66022881821009,0.580974365015178,1,0.824417517225567,1,NA,"prevalence",46,34
"PYRIDNUCSAL.PWY..NAD.salvage.pathway.I..PNC.VI.cycle.","acetate","acetate","acetate",0.299399232334357,0,0.433570484338963,0.489852532984226,1,0.73974956189739,1,NA,"prevalence",46,44
"PYRIDNUCSAL.PWY..NAD.salvage.pathway.I..PNC.VI.cycle.","Antibiotics","Yes","AntibioticsYes",-1.1749543590476,0,1.47581893265201,0.425952291774464,1,0.0785574051743054,0.995730179140301,NA,"prevalence",46,44
"PYRIDNUCSAL.PWY..NAD.salvage.pathway.I..PNC.VI.cycle.","butyrate","butyrate","butyrate",-0.151739516449123,0,0.633542555499512,0.810710462641371,1,0.801967355386908,1,NA,"prevalence",46,44
"PYRIDNUCSAL.PWY..NAD.salvage.pathway.I..PNC.VI.cycle.","Delivery_mode","C-section","Delivery_modeC-section",-0.203471867940048,0,1.25529875750999,0.871234672055598,1,0.956452338926156,1,NA,"prevalence",46,44
"PYRIDNUCSAL.PWY..NAD.salvage.pathway.I..PNC.VI.cycle.","Ethnicity","European","EthnicityEuropean",-0.621312003090972,0,1.01319346581156,0.53972989949552,1,0.351996275865478,1,NA,"prevalence",46,44
"PYRIDNUCSAL.PWY..NAD.salvage.pathway.I..PNC.VI.cycle.","Feeding_method","Breastfed","Feeding_methodBreastfed",0.838923591672558,0,1.06676615369471,0.43162292339416,1,0.180905049025537,1,NA,"prevalence",46,44
"PYRIDNUCSAL.PWY..NAD.salvage.pathway.I..PNC.VI.cycle.","isobutyrate","isobutyrate","isobutyrate",-0.0967722873741372,0,0.616684747235554,0.87530519209615,1,0.649222439782877,1,NA,"prevalence",46,44
"PYRIDNUCSAL.PWY..NAD.salvage.pathway.I..PNC.VI.cycle.","Probiotics","Yes","ProbioticsYes",1.52334931900679,0,1.86876065139351,0.414977549856724,1,0.299974298196838,1,NA,"prevalence",46,44
"PYRIDNUCSAL.PWY..NAD.salvage.pathway.I..PNC.VI.cycle.","propionate","propionate","propionate",-0.0266272021835102,0,0.510255960073049,0.958382073650038,1,0.206524651203079,1,NA,"prevalence",46,44
"PYRIDNUCSAL.PWY..NAD.salvage.pathway.I..PNC.VI.cycle.","Read_depth","Read_depth","Read_depth",0.0162525827106715,0,0.487485119968296,0.973403736125986,1,0.965393037689348,1,NA,"prevalence",46,44
"PYRIDNUCSAL.PWY..NAD.salvage.pathway.I..PNC.VI.cycle.","Sex","Female","SexFemale",-0.827282962494477,0,1.04931528619538,0.430461215577418,1,0.00732398567238203,0.370384418289034,NA,"prevalence",46,44
"PYRIDNUCSAL.PWY..NAD.salvage.pathway.I..PNC.VI.cycle.","Termness","preterm","Termnesspreterm",-1.37217281041482,0,1.61434864509065,0.395333192579066,1,0.634378052003375,1,NA,"prevalence",46,44
"PYRIDNUCSYN.PWY..NAD.de.novo.biosynthesis.I..from.aspartate.","acetate","acetate","acetate",0.145434653952213,0,0.484920209038157,0.76424229210518,1,0.0144013804479857,0.502628461269133,NA,"prevalence",46,45
"PYRIDNUCSYN.PWY..NAD.de.novo.biosynthesis.I..from.aspartate.","Antibiotics","Yes","AntibioticsYes",-0.413851423951417,0,1.51350535926797,0.7845157607012,1,0.953566542613818,1,NA,"prevalence",46,45
"PYRIDNUCSYN.PWY..NAD.de.novo.biosynthesis.I..from.aspartate.","butyrate","butyrate","butyrate",0.0445955819939927,0,0.587176401156654,0.939459508413196,1,0.210089907478652,1,NA,"prevalence",46,45
"PYRIDNUCSYN.PWY..NAD.de.novo.biosynthesis.I..from.aspartate.","Delivery_mode","C-section","Delivery_modeC-section",-0.781747592982319,0,1.20134783582452,0.515223741244063,1,0.764991978946597,1,NA,"prevalence",46,45
"PYRIDNUCSYN.PWY..NAD.de.novo.biosynthesis.I..from.aspartate.","Ethnicity","European","EthnicityEuropean",-0.280493056454241,0,0.998195060778484,0.778710212057398,1,0.655179836328734,1,NA,"prevalence",46,45
"PYRIDNUCSYN.PWY..NAD.de.novo.biosynthesis.I..from.aspartate.","Feeding_method","Breastfed","Feeding_methodBreastfed",-0.248160320907305,0,1.02095146641971,0.807952955522345,1,0.958926632359872,1,NA,"prevalence",46,45
"PYRIDNUCSYN.PWY..NAD.de.novo.biosynthesis.I..from.aspartate.","isobutyrate","isobutyrate","isobutyrate",0.469331877968858,0,0.616310978018195,0.446347756405678,1,0.693469193162973,1,NA,"prevalence",46,45
"PYRIDNUCSYN.PWY..NAD.de.novo.biosynthesis.I..from.aspartate.","Probiotics","Yes","ProbioticsYes",0.305294062178806,0,2.18039169302631,0.888645776477586,1,0.224130232449221,1,NA,"prevalence",46,45
"PYRIDNUCSYN.PWY..NAD.de.novo.biosynthesis.I..from.aspartate.","propionate","propionate","propionate",0.110286458120709,0,0.461606777998542,0.811168680665844,1,0.00106968304071913,0.0855056314484515,NA,"prevalence",46,45
"PYRIDNUCSYN.PWY..NAD.de.novo.biosynthesis.I..from.aspartate.","Read_depth","Read_depth","Read_depth",-0.250255346919662,0,0.473015619736055,0.596761330716913,1,0.35735885651423,1,NA,"prevalence",46,45
"PYRIDNUCSYN.PWY..NAD.de.novo.biosynthesis.I..from.aspartate.","Sex","Female","SexFemale",-0.715223850707022,0,1.0633467433764,0.501191729152848,1,0.291970063329844,1,NA,"prevalence",46,45
"PYRIDNUCSYN.PWY..NAD.de.novo.biosynthesis.I..from.aspartate.","Termness","preterm","Termnesspreterm",0.413568822592623,0,1.8271358672782,0.820930652019156,1,0.0632063000724365,0.932926192497949,NA,"prevalence",46,45
"PYRIDOXSYN.PWY..pyridoxal.5..phosphate.biosynthesis.I","acetate","acetate","acetate",0.246008376502902,0,0.501864182358569,0.624000058470953,1,0.858624043970153,1,NA,"prevalence",46,43
"PYRIDOXSYN.PWY..pyridoxal.5..phosphate.biosynthesis.I","Antibiotics","Yes","AntibioticsYes",0.00852581401009888,0,1.48952501992243,0.995433055416258,1,0.993890808534748,1,NA,"prevalence",46,43
"PYRIDOXSYN.PWY..pyridoxal.5..phosphate.biosynthesis.I","butyrate","butyrate","butyrate",-0.368510272622525,0,0.551971853160666,0.504372921177977,1,0.185728868596946,1,NA,"prevalence",46,43
"PYRIDOXSYN.PWY..pyridoxal.5..phosphate.biosynthesis.I","Delivery_mode","C-section","Delivery_modeC-section",-0.779392995892658,0,1.24245470890673,0.530461993135358,1,0.439010629651167,1,NA,"prevalence",46,43
"PYRIDOXSYN.PWY..pyridoxal.5..phosphate.biosynthesis.I","Ethnicity","European","EthnicityEuropean",-0.0826254761290448,0,0.986606008326678,0.933257440499518,1,0.347545093767496,1,NA,"prevalence",46,43
"PYRIDOXSYN.PWY..pyridoxal.5..phosphate.biosynthesis.I","Feeding_method","Breastfed","Feeding_methodBreastfed",0.278282158161017,0,0.981273047207261,0.776722309276944,1,0.874965167115081,1,NA,"prevalence",46,43
"PYRIDOXSYN.PWY..pyridoxal.5..phosphate.biosynthesis.I","isobutyrate","isobutyrate","isobutyrate",0.797339640295658,0,0.60065917135769,0.184362828590823,1,0.334736004615637,1,NA,"prevalence",46,43
"PYRIDOXSYN.PWY..pyridoxal.5..phosphate.biosynthesis.I","Probiotics","Yes","ProbioticsYes",0.506936089844432,0,2.26998984204185,0.823285791155802,1,0.891485240648137,1,NA,"prevalence",46,43
"PYRIDOXSYN.PWY..pyridoxal.5..phosphate.biosynthesis.I","propionate","propionate","propionate",0.297058246972492,0,0.442223289992756,0.501750420900758,1,0.751747356927428,1,NA,"prevalence",46,43
"PYRIDOXSYN.PWY..pyridoxal.5..phosphate.biosynthesis.I","Read_depth","Read_depth","Read_depth",0.329863498300486,0,0.437184095647223,0.450537926974476,1,0.311662349379772,1,NA,"prevalence",46,43
"PYRIDOXSYN.PWY..pyridoxal.5..phosphate.biosynthesis.I","Sex","Female","SexFemale",-0.159436857745943,0,1.01131865203746,0.874730675471685,1,0.797851710723998,1,NA,"prevalence",46,43
"PYRIDOXSYN.PWY..pyridoxal.5..phosphate.biosynthesis.I","Termness","preterm","Termnesspreterm",0.89398366421733,0,1.88334847159068,0.635016660655806,1,0.866787162001161,1,NA,"prevalence",46,43
"REDCITCYC..TCA.cycle.VI..Helicobacter.","acetate","acetate","acetate",0.393963113120324,0,0.433978333540913,0.363986842751285,1,0.184287414918034,1,NA,"prevalence",46,42
"REDCITCYC..TCA.cycle.VI..Helicobacter.","Antibiotics","Yes","AntibioticsYes",-0.679879540619554,0,1.37727714017946,0.621560213749364,1,0.480141649848715,1,NA,"prevalence",46,42
"REDCITCYC..TCA.cycle.VI..Helicobacter.","butyrate","butyrate","butyrate",-0.522303484284622,0,0.529337558225374,0.323784064636497,1,0.542732008760463,1,NA,"prevalence",46,42
"REDCITCYC..TCA.cycle.VI..Helicobacter.","Delivery_mode","C-section","Delivery_modeC-section",-0.81380695635167,0,1.2065999893405,0.500017049921093,1,0.750017049630393,1,NA,"prevalence",46,42
"REDCITCYC..TCA.cycle.VI..Helicobacter.","Ethnicity","European","EthnicityEuropean",0.272244590721507,0,0.931430681372492,0.770067598797706,1,0.94023955362736,1,NA,"prevalence",46,42
"REDCITCYC..TCA.cycle.VI..Helicobacter.","Feeding_method","Breastfed","Feeding_methodBreastfed",0.660047920006715,0,0.946402275382541,0.48553467043455,1,0.735325424675113,1,NA,"prevalence",46,42
"REDCITCYC..TCA.cycle.VI..Helicobacter.","isobutyrate","isobutyrate","isobutyrate",0.41595583250916,0,0.539216219840785,0.44046499538399,1,0.686920578609362,1,NA,"prevalence",46,42
"REDCITCYC..TCA.cycle.VI..Helicobacter.","Probiotics","Yes","ProbioticsYes",1.32942170699742,0,1.89803165431216,0.48366426826388,1,0.0447995886602086,0.888107045599975,NA,"prevalence",46,42
"REDCITCYC..TCA.cycle.VI..Helicobacter.","propionate","propionate","propionate",0.315970228133922,0,0.405894062771372,0.436300875623869,1,0.0564101660319756,0.932926192497949,NA,"prevalence",46,42
"REDCITCYC..TCA.cycle.VI..Helicobacter.","Read_depth","Read_depth","Read_depth",-0.132623761915196,0,0.405293584164685,0.743494786045419,1,0.0516473053886993,0.932926192497949,NA,"prevalence",46,42
"REDCITCYC..TCA.cycle.VI..Helicobacter.","Sex","Female","SexFemale",-0.27563163602759,0,0.931011147843677,0.767187151609848,1,0.191690463759375,1,NA,"prevalence",46,42
"REDCITCYC..TCA.cycle.VI..Helicobacter.","Termness","preterm","Termnesspreterm",-0.554877124012177,0,1.52669769943945,0.71626932198013,1,0.037005609507909,0.844294809485135,NA,"prevalence",46,42
"RUMP.PWY..formaldehyde.oxidation.I","acetate","acetate","acetate",-0.438133694774681,0,0.349942686899817,0.210564188280841,1,0.376791099175313,1,NA,"prevalence",46,38
"RUMP.PWY..formaldehyde.oxidation.I","Antibiotics","Yes","AntibioticsYes",0.956134587299238,0,1.13140356312914,0.398062194831601,1,0.63767087870905,1,NA,"prevalence",46,38
"RUMP.PWY..formaldehyde.oxidation.I","butyrate","butyrate","butyrate",0.724611727557382,0,0.525480883693304,0.167910250906487,1,0.281979871411366,1,NA,"prevalence",46,38
"RUMP.PWY..formaldehyde.oxidation.I","Delivery_mode","C-section","Delivery_modeC-section",0.00858458072378143,0,1.13253306480588,0.993952106968989,1,0.736988261667667,1,NA,"prevalence",46,38
"RUMP.PWY..formaldehyde.oxidation.I","Ethnicity","European","EthnicityEuropean",-0.388929804716416,0,0.864378922910085,0.652744401195705,1,0.87941354909907,1,NA,"prevalence",46,38
"RUMP.PWY..formaldehyde.oxidation.I","Feeding_method","Breastfed","Feeding_methodBreastfed",0.587038473438466,0,0.850716707446888,0.490161702863116,1,0.740064910772563,1,NA,"prevalence",46,38
"RUMP.PWY..formaldehyde.oxidation.I","isobutyrate","isobutyrate","isobutyrate",-0.68337930604212,0,0.589410519349729,0.246281598711272,1,0.431908571558764,1,NA,"prevalence",46,38
"RUMP.PWY..formaldehyde.oxidation.I","Probiotics","Yes","ProbioticsYes",-0.469849490466001,0,1.43476041786626,0.743307951478624,1,0.481816820448598,1,NA,"prevalence",46,38
"RUMP.PWY..formaldehyde.oxidation.I","propionate","propionate","propionate",0.129025341948359,0,0.398182524081882,0.7459110273002,1,0.246486996808136,1,NA,"prevalence",46,38
"RUMP.PWY..formaldehyde.oxidation.I","Read_depth","Read_depth","Read_depth",0.437528663133503,0,0.404527448617627,0.279439343443706,1,0.210267945495822,1,NA,"prevalence",46,38
"RUMP.PWY..formaldehyde.oxidation.I","Sex","Female","SexFemale",0.274107449850971,0,0.903530382558339,0.761605006376084,1,0.421665040363221,1,NA,"prevalence",46,38
"RUMP.PWY..formaldehyde.oxidation.I","Termness","preterm","Termnesspreterm",-1.01847972043343,0,1.33847963352136,0.44670315713013,1,0.693862603670234,1,NA,"prevalence",46,38
"SALVADEHYPOX.PWY..adenosine.nucleotides.degradation.II","acetate","acetate","acetate",0.508259974359846,0,0.338664858712818,0.133413598067242,1,0.249028007985236,1,NA,"prevalence",46,30
"SALVADEHYPOX.PWY..adenosine.nucleotides.degradation.II","Antibiotics","Yes","AntibioticsYes",0.739412089146619,0,1.17547952081693,0.529329301238664,1,0.778469093327516,1,NA,"prevalence",46,30
"SALVADEHYPOX.PWY..adenosine.nucleotides.degradation.II","butyrate","butyrate","butyrate",-0.790832975408045,0,0.456141575672686,0.0829634163701379,1,0.159043904284471,1,NA,"prevalence",46,30
"SALVADEHYPOX.PWY..adenosine.nucleotides.degradation.II","Delivery_mode","C-section","Delivery_modeC-section",-1.35078730670553,0,1.03978365705085,0.19390817499596,1,0.350215969661657,1,NA,"prevalence",46,30
"SALVADEHYPOX.PWY..adenosine.nucleotides.degradation.II","Ethnicity","European","EthnicityEuropean",0.395384787996834,0,0.768466379945128,0.606894423925045,1,0.232574234717729,1,NA,"prevalence",46,30
"SALVADEHYPOX.PWY..adenosine.nucleotides.degradation.II","Feeding_method","Breastfed","Feeding_methodBreastfed",-1.4435941919655,0,0.802567154092159,0.0720628651598681,1,0.138932673784687,1,NA,"prevalence",46,30
"SALVADEHYPOX.PWY..adenosine.nucleotides.degradation.II","isobutyrate","isobutyrate","isobutyrate",0.533040013738739,0,0.476380909381506,0.263167206509157,1,0.457077434436481,1,NA,"prevalence",46,30
"SALVADEHYPOX.PWY..adenosine.nucleotides.degradation.II","Probiotics","Yes","ProbioticsYes",0.222352909944839,0,1.39077963229259,0.872978400276657,1,0.362667488756,1,NA,"prevalence",46,30
"SALVADEHYPOX.PWY..adenosine.nucleotides.degradation.II","propionate","propionate","propionate",-0.342147182239494,0,0.475849898949046,0.472126540829902,1,0.721349611103795,1,NA,"prevalence",46,30
"SALVADEHYPOX.PWY..adenosine.nucleotides.degradation.II","Read_depth","Read_depth","Read_depth",-0.0587225312928381,0,0.353536797582741,0.868078100088863,1,0.725395904848916,1,NA,"prevalence",46,30
"SALVADEHYPOX.PWY..adenosine.nucleotides.degradation.II","Sex","Female","SexFemale",-0.283378207734647,0,0.80329898332907,0.724262345821447,1,0.809994310499695,1,NA,"prevalence",46,30
"SALVADEHYPOX.PWY..adenosine.nucleotides.degradation.II","Termness","preterm","Termnesspreterm",0.511774617776541,0,1.19284580579033,0.667896523166434,1,0.0579615747682467,0.932926192497949,NA,"prevalence",46,30
"TCA..TCA.cycle.I..prokaryotic.","acetate","acetate","acetate",0.257681416426177,0,0.506436743298179,0.610883558538985,1,0.79750732149536,1,NA,"prevalence",46,44
"TCA..TCA.cycle.I..prokaryotic.","Antibiotics","Yes","AntibioticsYes",-0.0253509052725578,0,1.48678346585523,0.986396058122158,1,0.493890596456439,1,NA,"prevalence",46,44
"TCA..TCA.cycle.I..prokaryotic.","butyrate","butyrate","butyrate",-0.257264830795092,0,0.553683356750476,0.642187476567516,1,0.793853743844871,1,NA,"prevalence",46,44
"TCA..TCA.cycle.I..prokaryotic.","Delivery_mode","C-section","Delivery_modeC-section",-0.962953847274913,0,1.2247302829857,0.431716417674931,1,0.677053770059786,1,NA,"prevalence",46,44
"TCA..TCA.cycle.I..prokaryotic.","Ethnicity","European","EthnicityEuropean",0.00090086806250082,0,0.99506147326168,0.999277644005408,1,0.91721963794745,1,NA,"prevalence",46,44
"TCA..TCA.cycle.I..prokaryotic.","Feeding_method","Breastfed","Feeding_methodBreastfed",0.15415792963629,0,0.992325664166054,0.876545290340093,1,0.894052083258129,1,NA,"prevalence",46,44
"TCA..TCA.cycle.I..prokaryotic.","isobutyrate","isobutyrate","isobutyrate",0.665399846753968,0,0.600897044988073,0.268145148994271,1,0.464388477059382,1,NA,"prevalence",46,44
"TCA..TCA.cycle.I..prokaryotic.","Probiotics","Yes","ProbioticsYes",0.113707439468003,0,2.26361624656569,0.9599369945695,1,0.998394955595876,1,NA,"prevalence",46,44
"TCA..TCA.cycle.I..prokaryotic.","propionate","propionate","propionate",0.296140841678402,0,0.426885480849225,0.48785510870157,1,0.737707610316919,1,NA,"prevalence",46,44
"TCA..TCA.cycle.I..prokaryotic.","Read_depth","Read_depth","Read_depth",-0.222381197995248,0,0.418979194802665,0.595578815315932,1,0.115557545015971,1,NA,"prevalence",46,44
"TCA..TCA.cycle.I..prokaryotic.","Sex","Female","SexFemale",-0.224445552456683,0,1.00978909894738,0.824103913097251,1,0.946013100506573,1,NA,"prevalence",46,44
"TCA..TCA.cycle.I..prokaryotic.","Termness","preterm","Termnesspreterm",0.843034856650611,0,1.88458788811646,0.654635983162626,1,0.740000428946173,1,NA,"prevalence",46,44
"TCA.GLYOX.BYPASS..superpathway.of.glyoxylate.bypass.and.TCA","acetate","acetate","acetate",0.246008376502902,0,0.501864182358569,0.624000058470953,1,0.629991696545155,1,NA,"prevalence",46,43
"TCA.GLYOX.BYPASS..superpathway.of.glyoxylate.bypass.and.TCA","Antibiotics","Yes","AntibioticsYes",0.00852581401009888,0,1.48952501992243,0.995433055416258,1,0.494173658188846,1,NA,"prevalence",46,43
"TCA.GLYOX.BYPASS..superpathway.of.glyoxylate.bypass.and.TCA","butyrate","butyrate","butyrate",-0.368510272622525,0,0.551971853160666,0.504372921177977,1,0.754353798738349,1,NA,"prevalence",46,43
"TCA.GLYOX.BYPASS..superpathway.of.glyoxylate.bypass.and.TCA","Delivery_mode","C-section","Delivery_modeC-section",-0.779392995892658,0,1.24245470890673,0.530461993135358,1,0.77953406010958,1,NA,"prevalence",46,43
"TCA.GLYOX.BYPASS..superpathway.of.glyoxylate.bypass.and.TCA","Ethnicity","European","EthnicityEuropean",-0.0826254761290448,0,0.986606008326678,0.933257440499518,1,0.986203285914535,1,NA,"prevalence",46,43
"TCA.GLYOX.BYPASS..superpathway.of.glyoxylate.bypass.and.TCA","Feeding_method","Breastfed","Feeding_methodBreastfed",0.278282158161017,0,0.981273047207261,0.776722309276944,1,0.818929317069489,1,NA,"prevalence",46,43
"TCA.GLYOX.BYPASS..superpathway.of.glyoxylate.bypass.and.TCA","isobutyrate","isobutyrate","isobutyrate",0.797339640295658,0,0.60065917135769,0.184362828590823,1,0.334736004615637,1,NA,"prevalence",46,43
"TCA.GLYOX.BYPASS..superpathway.of.glyoxylate.bypass.and.TCA","Probiotics","Yes","ProbioticsYes",0.506936089844432,0,2.26998984204185,0.823285791155802,1,0.968772088392569,1,NA,"prevalence",46,43
"TCA.GLYOX.BYPASS..superpathway.of.glyoxylate.bypass.and.TCA","propionate","propionate","propionate",0.297058246972492,0,0.442223289992756,0.501750420900758,1,0.751747356927428,1,NA,"prevalence",46,43
"TCA.GLYOX.BYPASS..superpathway.of.glyoxylate.bypass.and.TCA","Read_depth","Read_depth","Read_depth",0.329863498300486,0,0.437184095647223,0.450537926974476,1,0.698091430306494,1,NA,"prevalence",46,43
"TCA.GLYOX.BYPASS..superpathway.of.glyoxylate.bypass.and.TCA","Sex","Female","SexFemale",-0.159436857745943,0,1.01131865203746,0.874730675471685,1,0.98430759633222,1,NA,"prevalence",46,43
"TCA.GLYOX.BYPASS..superpathway.of.glyoxylate.bypass.and.TCA","Termness","preterm","Termnesspreterm",0.89398366421733,0,1.88334847159068,0.635016660655806,1,0.834945522274916,1,NA,"prevalence",46,43
"THISYN.PWY..superpathway.of.thiamine.diphosphate.biosynthesis.I","acetate","acetate","acetate",0.145434653952213,0,0.484920209038157,0.76424229210518,1,0.506798913429333,1,NA,"prevalence",46,45
"THISYN.PWY..superpathway.of.thiamine.diphosphate.biosynthesis.I","Antibiotics","Yes","AntibioticsYes",-0.413851423951417,0,1.51350535926797,0.7845157607012,1,0.363585650161117,1,NA,"prevalence",46,45
"THISYN.PWY..superpathway.of.thiamine.diphosphate.biosynthesis.I","butyrate","butyrate","butyrate",0.0445955819939927,0,0.587176401156654,0.939459508413196,1,0.569151359820391,1,NA,"prevalence",46,45
"THISYN.PWY..superpathway.of.thiamine.diphosphate.biosynthesis.I","Delivery_mode","C-section","Delivery_modeC-section",-0.781747592982319,0,1.20134783582452,0.515223741244063,1,0.764991978946597,1,NA,"prevalence",46,45
"THISYN.PWY..superpathway.of.thiamine.diphosphate.biosynthesis.I","Ethnicity","European","EthnicityEuropean",-0.280493056454241,0,0.998195060778484,0.778710212057398,1,0.914748170288445,1,NA,"prevalence",46,45
"THISYN.PWY..superpathway.of.thiamine.diphosphate.biosynthesis.I","Feeding_method","Breastfed","Feeding_methodBreastfed",-0.248160320907305,0,1.02095146641971,0.807952955522345,1,0.963117932707398,1,NA,"prevalence",46,45
"THISYN.PWY..superpathway.of.thiamine.diphosphate.biosynthesis.I","isobutyrate","isobutyrate","isobutyrate",0.469331877968858,0,0.616310978018195,0.446347756405678,1,0.39290548315988,1,NA,"prevalence",46,45
"THISYN.PWY..superpathway.of.thiamine.diphosphate.biosynthesis.I","Probiotics","Yes","ProbioticsYes",0.305294062178806,0,2.18039169302631,0.888645776477586,1,0.864493069728345,1,NA,"prevalence",46,45
"THISYN.PWY..superpathway.of.thiamine.diphosphate.biosynthesis.I","propionate","propionate","propionate",0.110286458120709,0,0.461606777998542,0.811168680665844,1,0.964342732838522,1,NA,"prevalence",46,45
"THISYN.PWY..superpathway.of.thiamine.diphosphate.biosynthesis.I","Read_depth","Read_depth","Read_depth",-0.250255346919662,0,0.473015619736055,0.596761330716913,1,0.837398575594805,1,NA,"prevalence",46,45
"THISYN.PWY..superpathway.of.thiamine.diphosphate.biosynthesis.I","Sex","Female","SexFemale",-0.715223850707022,0,1.0633467433764,0.501191729152848,1,0.314851693252026,1,NA,"prevalence",46,45
"THISYN.PWY..superpathway.of.thiamine.diphosphate.biosynthesis.I","Termness","preterm","Termnesspreterm",0.413568822592623,0,1.8271358672782,0.820930652019156,1,0.962618280632065,1,NA,"prevalence",46,45
"THISYNARA.PWY..superpathway.of.thiamine.diphosphate.biosynthesis.III..eukaryotes.","acetate","acetate","acetate",0.138933630042791,0,0.481539814025954,0.772949100177494,1,0.388062632107451,1,NA,"prevalence",46,45
"THISYNARA.PWY..superpathway.of.thiamine.diphosphate.biosynthesis.III..eukaryotes.","Antibiotics","Yes","AntibioticsYes",-1.00113487424127,0,1.46791642212486,0.495232112804671,1,0.192775550969038,1,NA,"prevalence",46,45
"THISYNARA.PWY..superpathway.of.thiamine.diphosphate.biosynthesis.III..eukaryotes.","butyrate","butyrate","butyrate",-0.0479692598386033,0,0.611994017716743,0.937524263215732,1,0.679241006991903,1,NA,"prevalence",46,45
"THISYNARA.PWY..superpathway.of.thiamine.diphosphate.biosynthesis.III..eukaryotes.","Delivery_mode","C-section","Delivery_modeC-section",-0.311723492337287,0,1.23666903204771,0.800989252066674,1,0.230977850981234,1,NA,"prevalence",46,45
"THISYNARA.PWY..superpathway.of.thiamine.diphosphate.biosynthesis.III..eukaryotes.","Ethnicity","European","EthnicityEuropean",-0.849215010836824,0,1.05280504274668,0.419884677114795,1,0.40065367217712,1,NA,"prevalence",46,45
"THISYNARA.PWY..superpathway.of.thiamine.diphosphate.biosynthesis.III..eukaryotes.","Feeding_method","Breastfed","Feeding_methodBreastfed",0.622893996770808,0,1.05319197147736,0.554229374735997,1,0.80128854965174,1,NA,"prevalence",46,45
"THISYNARA.PWY..superpathway.of.thiamine.diphosphate.biosynthesis.III..eukaryotes.","isobutyrate","isobutyrate","isobutyrate",-0.0639457261637364,0,0.615200282390734,0.917214630292676,1,0.958627788191228,1,NA,"prevalence",46,45
"THISYNARA.PWY..superpathway.of.thiamine.diphosphate.biosynthesis.III..eukaryotes.","Probiotics","Yes","ProbioticsYes",0.107853982734293,0,2.16517205043661,0.960271308631085,1,0.293123816989246,1,NA,"prevalence",46,45
"THISYNARA.PWY..superpathway.of.thiamine.diphosphate.biosynthesis.III..eukaryotes.","propionate","propionate","propionate",0.0286116650609356,0,0.483594308305992,0.952821003281021,1,0.0128518598419151,0.484579091647957,NA,"prevalence",46,45
"THISYNARA.PWY..superpathway.of.thiamine.diphosphate.biosynthesis.III..eukaryotes.","Read_depth","Read_depth","Read_depth",0.0152093545286477,0,0.476709375473332,0.974547908435241,1,0.178994420996531,1,NA,"prevalence",46,45
"THISYNARA.PWY..superpathway.of.thiamine.diphosphate.biosynthesis.III..eukaryotes.","Sex","Female","SexFemale",-0.464176566834935,0,1.06555147251541,0.663111753097856,1,0.269768402819379,1,NA,"prevalence",46,45
"THISYNARA.PWY..superpathway.of.thiamine.diphosphate.biosynthesis.III..eukaryotes.","Termness","preterm","Termnesspreterm",-0.0729096219874389,0,1.89717099820672,0.969344278738895,1,0.379551030680922,1,NA,"prevalence",46,45
"THREOCAT.PWY..superpathway.of.L.threonine.metabolism","acetate","acetate","acetate",0.0606866341765953,0,0.362861139269906,0.867177445223133,1,0.809186534836153,1,NA,"prevalence",46,31
"THREOCAT.PWY..superpathway.of.L.threonine.metabolism","Antibiotics","Yes","AntibioticsYes",-0.563162042732944,0,1.16561561400487,0.628992365819542,1,0.151698824708075,1,NA,"prevalence",46,31
"THREOCAT.PWY..superpathway.of.L.threonine.metabolism","butyrate","butyrate","butyrate",-0.756169989296988,0,0.495158038314714,0.126729042714673,1,0.237397835161969,1,NA,"prevalence",46,31
"THREOCAT.PWY..superpathway.of.L.threonine.metabolism","Delivery_mode","C-section","Delivery_modeC-section",0.338820565157644,0,1.10502367073164,0.759133863708209,1,0.924629699511385,1,NA,"prevalence",46,31
"THREOCAT.PWY..superpathway.of.L.threonine.metabolism","Ethnicity","European","EthnicityEuropean",0.97721871636994,0,0.796061004080798,0.219609321255985,1,0.226671782180708,1,NA,"prevalence",46,31
"THREOCAT.PWY..superpathway.of.L.threonine.metabolism","Feeding_method","Breastfed","Feeding_methodBreastfed",-0.309820431459052,0,0.807391254467075,0.701178404756395,1,0.838385659812322,1,NA,"prevalence",46,31
"THREOCAT.PWY..superpathway.of.L.threonine.metabolism","isobutyrate","isobutyrate","isobutyrate",-0.105647337631271,0,0.5531869504205,0.848541696047829,1,0.886820192812169,1,NA,"prevalence",46,31
"THREOCAT.PWY..superpathway.of.L.threonine.metabolism","Probiotics","Yes","ProbioticsYes",0.297890498639201,0,1.58554947901235,0.850971975803103,1,0.328076220277348,1,NA,"prevalence",46,31
"THREOCAT.PWY..superpathway.of.L.threonine.metabolism","propionate","propionate","propionate",1.3415178488593,0,0.740062681647491,0.0698768062854024,1,0.134870844514157,1,NA,"prevalence",46,31
"THREOCAT.PWY..superpathway.of.L.threonine.metabolism","Read_depth","Read_depth","Read_depth",0.637759493288149,0,0.549734045235222,0.245998447106938,1,0.233729641057024,1,NA,"prevalence",46,31
"THREOCAT.PWY..superpathway.of.L.threonine.metabolism","Sex","Female","SexFemale",0.0289378073297415,0,0.81168140077519,0.97156009807199,1,0.317111248155031,1,NA,"prevalence",46,31
"THREOCAT.PWY..superpathway.of.L.threonine.metabolism","Termness","preterm","Termnesspreterm",-0.103642772215061,0,1.36348726658805,0.939408747087285,1,0.420137747572998,1,NA,"prevalence",46,31
"UBISYN.PWY..superpathway.of.ubiquinol.8.biosynthesis..early.decarboxylation.","acetate","acetate","acetate",0.0322977921915642,0,0.382244007693756,0.932662701750875,1,0.932662701750875,1,NA,"prevalence",46,10
"UBISYN.PWY..superpathway.of.ubiquinol.8.biosynthesis..early.decarboxylation.","Antibiotics","Yes","AntibioticsYes",-0.0449242641458518,0,1.1320865289953,0.968346084323873,1,0.968346084323873,1,NA,"prevalence",46,10
"UBISYN.PWY..superpathway.of.ubiquinol.8.biosynthesis..early.decarboxylation.","butyrate","butyrate","butyrate",-0.285308661585674,0,0.451920984950141,0.527828556236195,1,0.527828556236195,1,NA,"prevalence",46,10
"UBISYN.PWY..superpathway.of.ubiquinol.8.biosynthesis..early.decarboxylation.","Delivery_mode","C-section","Delivery_modeC-section",-1.16582757473227,0,0.909307912801912,0.19980606472845,1,0.19980606472845,1,NA,"prevalence",46,10
"UBISYN.PWY..superpathway.of.ubiquinol.8.biosynthesis..early.decarboxylation.","Ethnicity","European","EthnicityEuropean",0.454269437183031,0,0.784293362225496,0.562448448566307,1,0.562448448566307,1,NA,"prevalence",46,10
"UBISYN.PWY..superpathway.of.ubiquinol.8.biosynthesis..early.decarboxylation.","Feeding_method","Breastfed","Feeding_methodBreastfed",0.236081982869184,0,0.76917127789791,0.75889641374946,1,0.75889641374946,1,NA,"prevalence",46,10
"UBISYN.PWY..superpathway.of.ubiquinol.8.biosynthesis..early.decarboxylation.","isobutyrate","isobutyrate","isobutyrate",0.502183491181649,0,0.527665362114021,0.341244951873338,1,0.341244951873338,1,NA,"prevalence",46,10
"UBISYN.PWY..superpathway.of.ubiquinol.8.biosynthesis..early.decarboxylation.","Probiotics","Yes","ProbioticsYes",1.75306094967932,0,1.84763874285492,0.34271647466491,1,0.34271647466491,1,NA,"prevalence",46,10
"UBISYN.PWY..superpathway.of.ubiquinol.8.biosynthesis..early.decarboxylation.","propionate","propionate","propionate",-0.501357875699258,0,0.44885887913279,0.264010988226325,1,0.264010988226325,1,NA,"prevalence",46,10
"UBISYN.PWY..superpathway.of.ubiquinol.8.biosynthesis..early.decarboxylation.","Read_depth","Read_depth","Read_depth",-0.194429017785899,0,0.360444188268909,0.589600502633111,1,0.589600502633111,1,NA,"prevalence",46,10
"UBISYN.PWY..superpathway.of.ubiquinol.8.biosynthesis..early.decarboxylation.","Sex","Female","SexFemale",-0.76056721149441,0,0.812416804529288,0.349181249103544,1,0.349181249103544,1,NA,"prevalence",46,10
"UBISYN.PWY..superpathway.of.ubiquinol.8.biosynthesis..early.decarboxylation.","Termness","preterm","Termnesspreterm",-1.11416147376107,0,1.68283266365588,0.507923142438212,1,0.507923142438212,1,NA,"prevalence",46,10
"UDPNACETYLGALSYN.PWY..UDP.N.acetyl.D.glucosamine.biosynthesis.II","acetate","acetate","acetate",-0.122432815561486,0,0.438256134394464,0.779965795208196,1,0.779965795208196,1,NA,"prevalence",46,7
"UDPNACETYLGALSYN.PWY..UDP.N.acetyl.D.glucosamine.biosynthesis.II","Antibiotics","Yes","AntibioticsYes",-0.272090291310175,0,1.42391910444483,0.848458609142855,1,0.848458609142855,1,NA,"prevalence",46,7
"UDPNACETYLGALSYN.PWY..UDP.N.acetyl.D.glucosamine.biosynthesis.II","butyrate","butyrate","butyrate",-0.104979301785422,0,0.490573359130155,0.830552457210984,1,0.830552457210984,1,NA,"prevalence",46,7
"UDPNACETYLGALSYN.PWY..UDP.N.acetyl.D.glucosamine.biosynthesis.II","Delivery_mode","C-section","Delivery_modeC-section",-0.621146955216798,0,0.896441593321659,0.488370506776778,1,0.488370506776778,1,NA,"prevalence",46,7
"UDPNACETYLGALSYN.PWY..UDP.N.acetyl.D.glucosamine.biosynthesis.II","Ethnicity","European","EthnicityEuropean",0.305106563022639,0,0.842110189004902,0.717118948377619,1,0.717118948377619,1,NA,"prevalence",46,7
"UDPNACETYLGALSYN.PWY..UDP.N.acetyl.D.glucosamine.biosynthesis.II","Feeding_method","Breastfed","Feeding_methodBreastfed",-0.00984700453786205,0,0.836930773783312,0.990612614719921,1,0.990612614719921,1,NA,"prevalence",46,7
"UDPNACETYLGALSYN.PWY..UDP.N.acetyl.D.glucosamine.biosynthesis.II","isobutyrate","isobutyrate","isobutyrate",-0.245138441348593,0,0.541174519677812,0.650566858935966,1,0.650566858935966,1,NA,"prevalence",46,7
"UDPNACETYLGALSYN.PWY..UDP.N.acetyl.D.glucosamine.biosynthesis.II","Probiotics","Yes","ProbioticsYes",0.0084266032358253,0,1.97850811800816,0.996601764615544,1,0.996601764615544,1,NA,"prevalence",46,7
"UDPNACETYLGALSYN.PWY..UDP.N.acetyl.D.glucosamine.biosynthesis.II","propionate","propionate","propionate",0.246425384606309,0,0.419459759093868,0.55687951349256,1,0.55687951349256,1,NA,"prevalence",46,7
"UDPNACETYLGALSYN.PWY..UDP.N.acetyl.D.glucosamine.biosynthesis.II","Read_depth","Read_depth","Read_depth",0.059398787947126,0,0.363635010921241,0.870245014045816,1,0.870245014045816,1,NA,"prevalence",46,7
"UDPNACETYLGALSYN.PWY..UDP.N.acetyl.D.glucosamine.biosynthesis.II","Sex","Female","SexFemale",-0.270510870122115,0,0.80474254592473,0.736760881876629,1,0.736760881876629,1,NA,"prevalence",46,7
"UDPNACETYLGALSYN.PWY..UDP.N.acetyl.D.glucosamine.biosynthesis.II","Termness","preterm","Termnesspreterm",-1.61638969253326,0,1.67736319633201,0.335221834113264,1,0.335221834113264,1,NA,"prevalence",46,7
"URDEGR.PWY..superpathway.of.allantoin.degradation.in.plants","acetate","acetate","acetate",0.195910593152752,0,0.38711578208928,0.612802234275536,1,0.850077890217983,1,NA,"prevalence",46,14
"URDEGR.PWY..superpathway.of.allantoin.degradation.in.plants","Antibiotics","Yes","AntibioticsYes",0.613491984657689,0,1.04742021105441,0.558065604805447,1,0.684481242019834,1,NA,"prevalence",46,14
"URDEGR.PWY..superpathway.of.allantoin.degradation.in.plants","butyrate","butyrate","butyrate",-0.369074292570931,0,0.427231833759333,0.387657343272569,1,0.625036470751991,1,NA,"prevalence",46,14
"URDEGR.PWY..superpathway.of.allantoin.degradation.in.plants","Delivery_mode","C-section","Delivery_modeC-section",-1.83902558110475,0,0.939803878732011,0.0503688156203017,1,0.0982006136536114,1,NA,"prevalence",46,14
"URDEGR.PWY..superpathway.of.allantoin.degradation.in.plants","Ethnicity","European","EthnicityEuropean",7.50744338261196e-05,0,0.741909762757111,0.999919261432366,1,0.417510727341613,1,NA,"prevalence",46,14
"URDEGR.PWY..superpathway.of.allantoin.degradation.in.plants","Feeding_method","Breastfed","Feeding_methodBreastfed",-0.13842201499331,0,0.723427126504239,0.84825763411987,1,0.521217160480698,1,NA,"prevalence",46,14
"URDEGR.PWY..superpathway.of.allantoin.degradation.in.plants","isobutyrate","isobutyrate","isobutyrate",-0.117727440142124,0,0.494359192748187,0.811771347407784,1,0.823500728051456,1,NA,"prevalence",46,14
"URDEGR.PWY..superpathway.of.allantoin.degradation.in.plants","Probiotics","Yes","ProbioticsYes",1.11321229572515,0,1.81111322215361,0.538781672773729,1,0.538781672773729,1,NA,"prevalence",46,14
"URDEGR.PWY..superpathway.of.allantoin.degradation.in.plants","propionate","propionate","propionate",-0.363126076005738,0,0.387862686754255,0.349158240412924,1,0.576405003977599,1,NA,"prevalence",46,14
"URDEGR.PWY..superpathway.of.allantoin.degradation.in.plants","Read_depth","Read_depth","Read_depth",-0.053265608234439,0,0.385848485068671,0.890202489191673,1,0.423872926206522,1,NA,"prevalence",46,14
"URDEGR.PWY..superpathway.of.allantoin.degradation.in.plants","Sex","Female","SexFemale",0.177264629983783,0,0.80803507168079,0.826356076478956,1,0.582301927178669,1,NA,"prevalence",46,14
"URDEGR.PWY..superpathway.of.allantoin.degradation.in.plants","Termness","preterm","Termnesspreterm",-0.402662042231256,0,1.71758336361715,0.814647114904323,1,0.812199503489546,1,NA,"prevalence",46,14
"URSIN.PWY..ureide.biosynthesis","acetate","acetate","acetate",0.150898213593686,0,0.319692668357845,0.63691947845833,1,0.63691947845833,1,NA,"prevalence",46,12
"URSIN.PWY..ureide.biosynthesis","Antibiotics","Yes","AntibioticsYes",0.0379776841636966,0,1.04546489857164,0.971022322320567,1,0.971022322320567,1,NA,"prevalence",46,12
"URSIN.PWY..ureide.biosynthesis","butyrate","butyrate","butyrate",-0.466643781340847,0,0.447470220367938,0.297018326793692,1,0.297018326793692,1,NA,"prevalence",46,12
"URSIN.PWY..ureide.biosynthesis","Delivery_mode","C-section","Delivery_modeC-section",0.986599852669682,0,1.03270161466168,0.339396635233187,1,0.339396635233187,1,NA,"prevalence",46,12
"URSIN.PWY..ureide.biosynthesis","Ethnicity","European","EthnicityEuropean",0.978116935677842,0,0.792072177289852,0.216873830725435,1,0.216873830725435,1,NA,"prevalence",46,12
"URSIN.PWY..ureide.biosynthesis","Feeding_method","Breastfed","Feeding_methodBreastfed",-0.304542260372692,0,0.753766729863924,0.686192718503407,1,0.686192718503407,1,NA,"prevalence",46,12
"URSIN.PWY..ureide.biosynthesis","isobutyrate","isobutyrate","isobutyrate",-0.0310289564836573,0,0.51202259955389,0.951677171646894,1,0.951677171646894,1,NA,"prevalence",46,12
"URSIN.PWY..ureide.biosynthesis","Probiotics","Yes","ProbioticsYes",-0.621957720907317,0,1.37023067077813,0.64989554035394,1,0.64989554035394,1,NA,"prevalence",46,12
"URSIN.PWY..ureide.biosynthesis","propionate","propionate","propionate",0.569920500360352,0,0.632009553855064,0.367184738147048,1,0.367184738147048,1,NA,"prevalence",46,12
"URSIN.PWY..ureide.biosynthesis","Read_depth","Read_depth","Read_depth",0.580714558781204,0,0.565591509127659,0.304543631011995,1,0.304543631011995,1,NA,"prevalence",46,12
"URSIN.PWY..ureide.biosynthesis","Sex","Female","SexFemale",0.00339744653499231,0,0.774637841169146,0.996500608023787,1,0.996500608023787,1,NA,"prevalence",46,12
"URSIN.PWY..ureide.biosynthesis","Termness","preterm","Termnesspreterm",0.959312470420554,0,1.18102086049386,0.416634459089773,1,0.416634459089773,1,NA,"prevalence",46,12
"X12DICHLORETHDEG.PWY..1.2.dichloroethane.degradation","acetate","acetate","acetate",-0.00243053012578121,0,0.464531474694044,0.99582531277368,1,0.99582531277368,1,NA,"prevalence",46,5
"X12DICHLORETHDEG.PWY..1.2.dichloroethane.degradation","Antibiotics","Yes","AntibioticsYes",1.04122458297025,0,1.30277759833655,0.424154548378037,1,0.424154548378037,1,NA,"prevalence",46,5
"X12DICHLORETHDEG.PWY..1.2.dichloroethane.degradation","butyrate","butyrate","butyrate",-0.462365480061821,0,0.511690468708502,0.366205496458245,1,0.366205496458245,1,NA,"prevalence",46,5
"X12DICHLORETHDEG.PWY..1.2.dichloroethane.degradation","Delivery_mode","C-section","Delivery_modeC-section",0.457772580838084,0,1.15305683467095,0.69136169361673,1,0.69136169361673,1,NA,"prevalence",46,5
"X12DICHLORETHDEG.PWY..1.2.dichloroethane.degradation","Ethnicity","European","EthnicityEuropean",0.115714075702614,0,0.94786342558409,0.902836572880132,1,0.902836572880132,1,NA,"prevalence",46,5
"X12DICHLORETHDEG.PWY..1.2.dichloroethane.degradation","Feeding_method","Breastfed","Feeding_methodBreastfed",-1.12793346480083,0,0.916811463183436,0.218592819073266,1,0.218592819073266,1,NA,"prevalence",46,5
"X12DICHLORETHDEG.PWY..1.2.dichloroethane.degradation","isobutyrate","isobutyrate","isobutyrate",-0.029005249544054,0,0.612764532178936,0.962246180805917,1,0.962246180805917,1,NA,"prevalence",46,5
"X12DICHLORETHDEG.PWY..1.2.dichloroethane.degradation","Probiotics","Yes","ProbioticsYes",-0.302151243906097,0,1.99136466848432,0.879399307235467,1,0.879399307235467,1,NA,"prevalence",46,5
"X12DICHLORETHDEG.PWY..1.2.dichloroethane.degradation","propionate","propionate","propionate",0.225580345548114,0,0.710209863891165,0.750769474912347,1,0.750769474912347,1,NA,"prevalence",46,5
"X12DICHLORETHDEG.PWY..1.2.dichloroethane.degradation","Read_depth","Read_depth","Read_depth",-0.197840208108559,0,0.431569151293889,0.646650263254659,1,0.646650263254659,1,NA,"prevalence",46,5
"X12DICHLORETHDEG.PWY..1.2.dichloroethane.degradation","Sex","Female","SexFemale",-0.352603874773547,0,0.883711798986188,0.689890813794092,1,0.689890813794092,1,NA,"prevalence",46,5
"X12DICHLORETHDEG.PWY..1.2.dichloroethane.degradation","Termness","preterm","Termnesspreterm",-0.786372718009932,0,1.73663253859565,0.650682187495198,1,0.650682187495198,1,NA,"prevalence",46,5
"X3.HYDROXYPHENYLACETATE.DEGRADATION.PWY..4.hydroxyphenylacetate.degradation","acetate","acetate","acetate",0.0025049710655423,0,0.417725910468444,0.995215365603118,1,0.81989537562849,1,NA,"prevalence",46,33
"X3.HYDROXYPHENYLACETATE.DEGRADATION.PWY..4.hydroxyphenylacetate.degradation","Antibiotics","Yes","AntibioticsYes",-0.575858566323047,0,1.21981760716212,0.63686555037735,1,0.587466783240841,1,NA,"prevalence",46,33
"X3.HYDROXYPHENYLACETATE.DEGRADATION.PWY..4.hydroxyphenylacetate.degradation","butyrate","butyrate","butyrate",-0.870353671059577,0,0.491902188808898,0.0768332691041656,1,0.147763186967098,1,NA,"prevalence",46,33
"X3.HYDROXYPHENYLACETATE.DEGRADATION.PWY..4.hydroxyphenylacetate.degradation","Delivery_mode","C-section","Delivery_modeC-section",1.01789043620712,0,1.07467408078939,0.343556242920012,1,0.215635411757352,1,NA,"prevalence",46,33
"X3.HYDROXYPHENYLACETATE.DEGRADATION.PWY..4.hydroxyphenylacetate.degradation","Ethnicity","European","EthnicityEuropean",-0.266454510534745,0,0.776645115673095,0.731535269855099,1,0.737555350598359,1,NA,"prevalence",46,33
"X3.HYDROXYPHENYLACETATE.DEGRADATION.PWY..4.hydroxyphenylacetate.degradation","Feeding_method","Breastfed","Feeding_methodBreastfed",-0.311611772209451,0,0.768681620510691,0.685194751692594,1,0.0104174742165559,0.454812174879118,NA,"prevalence",46,33
"X3.HYDROXYPHENYLACETATE.DEGRADATION.PWY..4.hydroxyphenylacetate.degradation","isobutyrate","isobutyrate","isobutyrate",0.22687308304534,0,0.52886175309118,0.667935071179393,1,0.774038815146622,1,NA,"prevalence",46,33
"X3.HYDROXYPHENYLACETATE.DEGRADATION.PWY..4.hydroxyphenylacetate.degradation","Probiotics","Yes","ProbioticsYes",-0.642559198803428,0,2.07104847934464,0.756364826259827,1,0.89259357891478,1,NA,"prevalence",46,33
"X3.HYDROXYPHENYLACETATE.DEGRADATION.PWY..4.hydroxyphenylacetate.degradation","propionate","propionate","propionate",1.19468189637968,0,0.705723705888612,0.0904846914528177,1,0.172781903518324,1,NA,"prevalence",46,33
"X3.HYDROXYPHENYLACETATE.DEGRADATION.PWY..4.hydroxyphenylacetate.degradation","Read_depth","Read_depth","Read_depth",0.582647622588623,0,0.583249841086551,0.317810446191803,1,0.304071769073534,1,NA,"prevalence",46,33
"X3.HYDROXYPHENYLACETATE.DEGRADATION.PWY..4.hydroxyphenylacetate.degradation","Sex","Female","SexFemale",-0.293676838744439,0,0.846826013643922,0.728743726668059,1,0.438291885085281,1,NA,"prevalence",46,33
"X3.HYDROXYPHENYLACETATE.DEGRADATION.PWY..4.hydroxyphenylacetate.degradation","Termness","preterm","Termnesspreterm",0.875929362397289,0,1.8309215680148,0.63235912682958,1,0.580354693505706,1,NA,"prevalence",46,33
