"feature"	"metadata"	"value"	"name"	"coef"	"null_hypothesis"	"stderr"	"pval_individual"	"qval_individual"	"pval_joint"	"qval_joint"	"error"	"model"	"N"	"N_not_zero"
"Bifidobacterium_bifidum.t__SGB17256"	"Antibiotics"	"Yes"	"AntibioticsYes"	0.717059318662265	-1.53284219324811	0.767573236026303	0.368564464767004	1	0.481783663829859	0.999370840320332	NA	"abundance"	46	23
"Bifidobacterium_bifidum.t__SGB17256"	"Delivery_mode"	"C-section"	"Delivery_modeC-section"	1.09502463253006	-0.344957300424628	1.00845627839166	0.48903166745345	1	0.104897051509257	0.999370840320332	NA	"abundance"	46	23
"Bifidobacterium_bifidum.t__SGB17256"	"Ethnicity"	"European"	"EthnicityEuropean"	-0.578017422069787	0.461221750142716	0.625448143996937	0.272657926345019	1	0.250086501088935	0.999370840320332	NA	"abundance"	46	23
"Bifidobacterium_bifidum.t__SGB17256"	"Feeding_method"	"Breastfed"	"Feeding_methodBreastfed"	2.71982549923182	-0.989390157068009	0.5662758860766	0.0022988852290482	1	0.00459248558480006	0.999370840320332	NA	"abundance"	46	23
"Bifidobacterium_bifidum.t__SGB17256"	"Probiotics"	"Yes"	"ProbioticsYes"	0.616925065169398	1.3672127382449	1.38650577552589	0.626022280419974	1	0.0449298551708203	0.999370840320332	NA	"abundance"	46	23
"Bifidobacterium_bifidum.t__SGB17256"	"Read_depth"	"Read_depth"	"Read_depth"	0.266587096269226	-0.188798179275915	0.716403963409277	0.651868568898316	1	0.584853463305113	0.999370840320332	NA	"abundance"	46	23
"Bifidobacterium_bifidum.t__SGB17256"	"Sex"	"Female"	"SexFemale"	-0.421083667120698	0.728532363103945	0.669142987446167	0.33693248652369	1	0.560341472572343	0.999370840320332	NA	"abundance"	46	23
"Bifidobacterium_bifidum.t__SGB17256"	"Termness"	"term"	"Termnessterm"	4.02387219546376	2.80105105470659	1.62576365425407	0.618830953593451	1	0.650490370382943	0.999370840320332	NA	"abundance"	46	23
"Bifidobacterium_breve.t__SGB17247"	"Antibiotics"	"Yes"	"AntibioticsYes"	-4.16460701437078	-1.53284219324811	2.89935061693244	0.474468211554966	1	0.109452510416318	0.999370840320332	NA	"abundance"	46	22
"Bifidobacterium_breve.t__SGB17247"	"Delivery_mode"	"C-section"	"Delivery_modeC-section"	1.65002459748887	-0.344957300424628	2.39325584337913	0.498619687570197	1	0.341167995966897	0.999370840320332	NA	"abundance"	46	22
"Bifidobacterium_breve.t__SGB17247"	"Ethnicity"	"European"	"EthnicityEuropean"	2.58494664170034	0.461221750142716	1.74219003558582	0.267573669077202	1	0.463551669770968	0.999370840320332	NA	"abundance"	46	22
"Bifidobacterium_breve.t__SGB17247"	"Feeding_method"	"Breastfed"	"Feeding_methodBreastfed"	-5.06843431259616	-0.989390157068009	1.9140478552372	0.0690265630196456	1	0.133288459636986	0.999370840320332	NA	"abundance"	46	22
"Bifidobacterium_breve.t__SGB17247"	"Probiotics"	"Yes"	"ProbioticsYes"	5.33214129722065	1.3672127382449	3.11215478454975	0.220714697679461	1	0.392714417587186	0.999370840320332	NA	"abundance"	46	22
"Bifidobacterium_breve.t__SGB17247"	"Read_depth"	"Read_depth"	"Read_depth"	2.30367724961854	-0.188798179275915	1.5231429495562	0.160080847227552	1	0.294535816806013	0.999370840320332	NA	"abundance"	46	22
"Bifidobacterium_breve.t__SGB17247"	"Sex"	"Female"	"SexFemale"	4.65684984879153	0.728532363103945	2.0206049443349	0.101775508996334	1	0.193192763761205	0.999370840320332	NA	"abundance"	46	22
"Bifidobacterium_breve.t__SGB17247"	"Termness"	"term"	"Termnessterm"	4.87879288553466	2.80105105470659	2.98481188178599	0.54960038150566	1	0.380289084414552	0.999370840320332	NA	"abundance"	46	22
"Bifidobacterium_longum.t__SGB17248"	"Antibiotics"	"Yes"	"AntibioticsYes"	8.20339574128905	-1.53284219324811	1.99076541106115	0.0332280665737017	1	0.065352028739177	0.999370840320332	NA	"abundance"	46	12
"Bifidobacterium_longum.t__SGB17248"	"Delivery_mode"	"C-section"	"Delivery_modeC-section"	0.772112764376583	-0.344957300424628	1.75740744192443	0.664325382410314	1	0.562976456763171	0.999370840320332	NA	"abundance"	46	12
"Bifidobacterium_longum.t__SGB17248"	"Ethnicity"	"European"	"EthnicityEuropean"	2.29362069767795	0.461221750142716	1.75144404728802	0.371978342373665	1	0.488648590776392	0.999370840320332	NA	"abundance"	46	12
"Bifidobacterium_longum.t__SGB17248"	"Feeding_method"	"Breastfed"	"Feeding_methodBreastfed"	0.482176065404492	-0.989390157068009	1.65058552004445	0.439692646632449	1	0.68605566976225	0.999370840320332	NA	"abundance"	46	12
"Bifidobacterium_longum.t__SGB17248"	"Read_depth"	"Read_depth"	"Read_depth"	-1.13098191392374	-0.188798179275915	1.01320261582239	0.481626832465945	1	0.731289259180711	0.999370840320332	NA	"abundance"	46	12
"Bifidobacterium_longum.t__SGB17248"	"Sex"	"Female"	"SexFemale"	1.23487919595934	0.728532363103945	1.47112549080815	0.776553874251435	1	0.477616098304809	0.999370840320332	NA	"abundance"	46	12
"Bifidobacterium_longum.t__SGB17248"	"Termness"	"term"	"Termnessterm"	5.92353171091991	2.80105105470659	2.27570564831644	0.343509543505968	1	0.569020280532257	0.999370840320332	NA	"abundance"	46	12
"Bifidobacterium_pseudocatenulatum.t__SGB17237"	"Delivery_mode"	"C-section"	"Delivery_modeC-section"	7.80035372808288	-0.344957300424628	3.06997126950394	0.262094742083708	1	0.455495830339491	0.999370840320332	NA	"abundance"	46	7
"Bifidobacterium_pseudocatenulatum.t__SGB17237"	"Feeding_method"	"Breastfed"	"Feeding_methodBreastfed"	3.89224277206286	-0.989390157068009	1.32933336288232	0.196641604479197	1	0.354615288346242	0.999370840320332	NA	"abundance"	46	7
"Bifidobacterium_pseudocatenulatum.t__SGB17237"	"Read_depth"	"Read_depth"	"Read_depth"	-3.66910543011246	-0.188798179275915	2.91241045187901	0.448890348391583	1	0.696278151904049	0.999370840320332	NA	"abundance"	46	7
"Bifidobacterium_pseudocatenulatum.t__SGB17237"	"Sex"	"Female"	"SexFemale"	-2.72644627458417	0.728532363103945	3.12544492036705	0.474359195191833	1	0.723701744320623	0.999370840320332	NA	"abundance"	46	7
"Bifidobacterium_pseudocatenulatum.t__SGB17237"	"Termness"	"term"	"Termnessterm"	6.47539723499363	2.80105105470659	3.65023461593577	0.526389144583881	1	0.277960433580642	0.999370840320332	NA	"abundance"	46	7
"Clostridium_neonatale.t__SGB6169"	"Antibiotics"	"Yes"	"AntibioticsYes"	14.740060078941	-1.53284219324811	5.93730664059577	0.237229503318153	1	0.418181169391728	0.999370840320332	NA	"abundance"	46	8
"Clostridium_neonatale.t__SGB6169"	"Delivery_mode"	"C-section"	"Delivery_modeC-section"	16.7087845778514	-0.344957300424628	2.41691684141652	0.111195365548781	1	0.210026321778035	0.999370840320332	NA	"abundance"	46	8
"Clostridium_neonatale.t__SGB6169"	"Feeding_method"	"Breastfed"	"Feeding_methodBreastfed"	-2.11167517440128	-0.989390157068009	2.53463686134078	0.733521030664818	1	0.803532370393786	0.999370840320332	NA	"abundance"	46	8
"Clostridium_neonatale.t__SGB6169"	"Read_depth"	"Read_depth"	"Read_depth"	6.23290699696727	-0.188798179275915	1.71696154059138	0.180714110555644	1	0.328770631357371	0.999370840320332	NA	"abundance"	46	8
"Clostridium_neonatale.t__SGB6169"	"Sex"	"Female"	"SexFemale"	4.1547723686199	0.728532363103945	2.25229946242472	0.392632283654786	1	0.631104457141599	0.999370840320332	NA	"abundance"	46	8
"Clostridium_neonatale.t__SGB6169"	"Termness"	"term"	"Termnessterm"	7.57730217375566	2.80105105470659	3.52171435331679	0.437834714430938	1	0.683970191701055	0.999370840320332	NA	"abundance"	46	8
"Clostridium_paraputrificum.t__SGB6187"	"Antibiotics"	"Yes"	"AntibioticsYes"	-17.3001689285375	-1.53284219324811	2.29385406515361	0.130080438136239	1	0.243239955886763	0.999370840320332	NA	"abundance"	46	8
"Clostridium_paraputrificum.t__SGB6187"	"Delivery_mode"	"C-section"	"Delivery_modeC-section"	-6.34478662639952	-0.344957300424628	2.15711886387011	0.277824825222812	1	0.478463016935539	0.999370840320332	NA	"abundance"	46	8
"Clostridium_paraputrificum.t__SGB6187"	"Feeding_method"	"Breastfed"	"Feeding_methodBreastfed"	-3.73272273841813	-0.989390157068009	1.97442488557792	0.415144663580609	1	0.657944235461761	0.999370840320332	NA	"abundance"	46	8
"Clostridium_paraputrificum.t__SGB6187"	"Read_depth"	"Read_depth"	"Read_depth"	-0.0797663414408445	-0.188798179275915	0.592383144379291	0.923422492825653	1	0.805154762013249	0.999370840320332	NA	"abundance"	46	8
"Clostridium_paraputrificum.t__SGB6187"	"Sex"	"Female"	"SexFemale"	-9.8851837139548	0.728532363103945	1.4062207710293	0.1024852307772	1	0.194467239026945	0.999370840320332	NA	"abundance"	46	8
"Clostridium_paraputrificum.t__SGB6187"	"Termness"	"term"	"Termnessterm"	-6.38210802092369	2.80105105470659	1.59890322801947	0.168379605588556	1	0.308407519598955	0.999370840320332	NA	"abundance"	46	8
"Clostridium_perfringens.t__SGB6191"	"Antibiotics"	"Yes"	"AntibioticsYes"	-6.64071649577285	-1.53284219324811	3.98200311034331	0.280619342278825	1	0.135178171964024	0.999370840320332	NA	"abundance"	46	20
"Clostridium_perfringens.t__SGB6191"	"Delivery_mode"	"C-section"	"Delivery_modeC-section"	-5.82335066511255	-0.344957300424628	3.89019760212136	0.219229849939091	1	0.390397972773865	0.999370840320332	NA	"abundance"	46	20
"Clostridium_perfringens.t__SGB6191"	"Ethnicity"	"European"	"EthnicityEuropean"	-0.810438300922076	0.461221750142716	2.32568863371838	0.587800982344658	1	0.508455555698975	0.999370840320332	NA	"abundance"	46	20
"Clostridium_perfringens.t__SGB6191"	"Feeding_method"	"Breastfed"	"Feeding_methodBreastfed"	-2.99836372955618	-0.989390157068009	2.49167165059462	0.440883911298928	1	0.687389199355615	0.999370840320332	NA	"abundance"	46	20
"Clostridium_perfringens.t__SGB6191"	"Probiotics"	"Yes"	"ProbioticsYes"	-0.268006575127405	1.3672127382449	4.92550812430793	0.751050839807629	1	0.937896071775001	0.999370840320332	NA	"abundance"	46	20
"Clostridium_perfringens.t__SGB6191"	"Read_depth"	"Read_depth"	"Read_depth"	-1.05052041496413	-0.188798179275915	0.749821684316716	0.423056874755476	1	0.538234499831452	0.999370840320332	NA	"abundance"	46	20
"Clostridium_perfringens.t__SGB6191"	"Sex"	"Female"	"SexFemale"	0.728532363103945	0.728532363103945	3.50849938968665	1	1	0.891624875786175	0.999370840320332	NA	"abundance"	46	20
"Clostridium_perfringens.t__SGB6191"	"Termness"	"term"	"Termnessterm"	1.17396107626034	2.80105105470659	4.02931490552559	0.703142791631144	1	0.499418343498426	0.999370840320332	NA	"abundance"	46	20
"Cutibacterium_avidum.t__SGB16953"	"Antibiotics"	"Yes"	"AntibioticsYes"	-2.78256158150282	-1.53284219324811	2.59879795472628	0.723052466150965	1	0.923300063494938	0.999370840320332	NA	"abundance"	46	13
"Cutibacterium_avidum.t__SGB16953"	"Delivery_mode"	"C-section"	"Delivery_modeC-section"	-1.98359493249945	-0.344957300424628	1.98835208309153	0.556249570938366	1	0.803085556707616	0.999370840320332	NA	"abundance"	46	13
"Cutibacterium_avidum.t__SGB16953"	"Ethnicity"	"European"	"EthnicityEuropean"	0.650198912657777	0.461221750142716	2.00793754201266	0.928522163946694	1	0.644474512487416	0.999370840320332	NA	"abundance"	46	13
"Cutibacterium_avidum.t__SGB16953"	"Feeding_method"	"Breastfed"	"Feeding_methodBreastfed"	3.45742676997692	-0.989390157068009	3.1717086842171	0.236936311215551	1	0.34452066148745	0.999370840320332	NA	"abundance"	46	13
"Cutibacterium_avidum.t__SGB16953"	"Probiotics"	"Yes"	"ProbioticsYes"	1.82564921944426	1.3672127382449	2.20143354581903	0.836673758638106	1	0.938195323847403	0.999370840320332	NA	"abundance"	46	13
"Cutibacterium_avidum.t__SGB16953"	"Read_depth"	"Read_depth"	"Read_depth"	-0.188798179275915	-0.188798179275915	1.9764816112314	1	1	0.969019875596099	0.999370840320332	NA	"abundance"	46	13
"Cutibacterium_avidum.t__SGB16953"	"Sex"	"Female"	"SexFemale"	-2.96904844042668	0.728532363103945	2.33728633875377	0.210268412072745	1	0.376324019029896	0.999370840320332	NA	"abundance"	46	13
"Cutibacterium_avidum.t__SGB16953"	"Termness"	"term"	"Termnessterm"	-1.00469171418202	2.80105105470659	2.26259187900557	0.254638956511504	1	0.44443691484974	0.999370840320332	NA	"abundance"	46	13
"Enterobacter_asburiae.t__SGB10141"	"Antibiotics"	"Yes"	"AntibioticsYes"	0.125576210043579	-1.53284219324811	5.66303318768426	0.803807546534074	1	0.96150852120302	0.999370840320332	NA	"abundance"	46	10
"Enterobacter_asburiae.t__SGB10141"	"Delivery_mode"	"C-section"	"Delivery_modeC-section"	-14.0368325436046	-0.344957300424628	4.56740724760597	0.0684543336947467	1	0.132222671587902	0.999370840320332	NA	"abundance"	46	10
"Enterobacter_asburiae.t__SGB10141"	"Feeding_method"	"Breastfed"	"Feeding_methodBreastfed"	7.22374670154678	-0.989390157068009	5.04508904027698	0.20413149040587	1	0.366593315436418	0.999370840320332	NA	"abundance"	46	10
"Enterobacter_asburiae.t__SGB10141"	"Read_depth"	"Read_depth"	"Read_depth"	4.33686898869347	-0.188798179275915	2.57489948523559	0.187825660699879	1	0.340372842582411	0.999370840320332	NA	"abundance"	46	10
"Enterobacter_asburiae.t__SGB10141"	"Sex"	"Female"	"SexFemale"	7.29348194764364	0.728532363103945	5.06242389950803	0.288418585867348	1	0.0624034291825084	0.999370840320332	NA	"abundance"	46	10
"Enterobacter_asburiae.t__SGB10141"	"Termness"	"term"	"Termnessterm"	-15.2345007877521	2.80105105470659	5.08834692898088	0.0452683979151088	1	0.0884875679804171	0.999370840320332	NA	"abundance"	46	10
"Enterobacter_hormaechei.t__SGB10130"	"Antibiotics"	"Yes"	"AntibioticsYes"	3.53614699140215	-1.53284219324811	4.59272392287586	0.413892754051059	1	0.486375071091279	0.999370840320332	NA	"abundance"	46	11
"Enterobacter_hormaechei.t__SGB10130"	"Delivery_mode"	"C-section"	"Delivery_modeC-section"	-4.97736058236301	-0.344957300424628	3.79704397205167	0.375139989504271	1	0.609549967283277	0.999370840320332	NA	"abundance"	46	11
"Enterobacter_hormaechei.t__SGB10130"	"Ethnicity"	"European"	"EthnicityEuropean"	0.509394330053106	0.461221750142716	1.59629579787907	0.978646301292165	1	0.591943661381184	0.999370840320332	NA	"abundance"	46	11
"Enterobacter_hormaechei.t__SGB10130"	"Feeding_method"	"Breastfed"	"Feeding_methodBreastfed"	-2.63277153173555	-0.989390157068009	1.43734124165944	0.40977466059405	1	0.651634048723131	0.999370840320332	NA	"abundance"	46	11
"Enterobacter_hormaechei.t__SGB10130"	"Probiotics"	"Yes"	"ProbioticsYes"	-0.424782770207237	1.3672127382449	5.56063007263477	0.768561257569862	1	0.946436108502356	0.999370840320332	NA	"abundance"	46	11
"Enterobacter_hormaechei.t__SGB10130"	"Read_depth"	"Read_depth"	"Read_depth"	-0.0818763138058755	-0.188798179275915	1.76323956070545	0.960618329813338	1	0.998449084053309	0.999370840320332	NA	"abundance"	46	11
"Enterobacter_hormaechei.t__SGB10130"	"Sex"	"Female"	"SexFemale"	1.37405322543681	0.728532363103945	4.55868604864479	0.899339109617506	1	0.973025265434262	0.999370840320332	NA	"abundance"	46	11
"Enterobacter_hormaechei.t__SGB10130"	"Termness"	"term"	"Termnessterm"	-12.4524686233958	2.80105105470659	5.45812894337839	0.117641310021419	1	0.221443142219282	0.999370840320332	NA	"abundance"	46	11
"Enterococcus_faecalis.t__SGB7962"	"Antibiotics"	"Yes"	"AntibioticsYes"	-1.36975044131617	-1.53284219324811	2.19275482269874	0.956562057907	1	0.602175599039986	0.999370840320332	NA	"abundance"	46	36
"Enterococcus_faecalis.t__SGB7962"	"Delivery_mode"	"C-section"	"Delivery_modeC-section"	1.2238635043253	-0.344957300424628	1.90853440345586	0.539087136267951	1	0.490657095300598	0.999370840320332	NA	"abundance"	46	36
"Enterococcus_faecalis.t__SGB7962"	"Ethnicity"	"European"	"EthnicityEuropean"	0.630028735601728	0.461221750142716	1.52087282088042	0.913418859593847	1	0.77575382152314	0.999370840320332	NA	"abundance"	46	36
"Enterococcus_faecalis.t__SGB7962"	"Feeding_method"	"Breastfed"	"Feeding_methodBreastfed"	0.327084090440679	-0.989390157068009	1.59258703664508	0.431767767355652	1	0.191498446573316	0.999370840320332	NA	"abundance"	46	36
"Enterococcus_faecalis.t__SGB7962"	"Probiotics"	"Yes"	"ProbioticsYes"	0.673197177195904	1.3672127382449	2.71555789277808	0.789079303597179	1	0.458537020801401	0.999370840320332	NA	"abundance"	46	36
"Enterococcus_faecalis.t__SGB7962"	"Read_depth"	"Read_depth"	"Read_depth"	-0.591341875051018	-0.188798179275915	1.11186304341509	0.75349332773805	1	0.558691087678807	0.999370840320332	NA	"abundance"	46	36
"Enterococcus_faecalis.t__SGB7962"	"Sex"	"Female"	"SexFemale"	0.583511706304885	0.728532363103945	1.51170000037726	0.931857361742856	1	0.503547273625349	0.999370840320332	NA	"abundance"	46	36
"Enterococcus_faecalis.t__SGB7962"	"Termness"	"term"	"Termnessterm"	-0.00263512783431948	2.80105105470659	2.3473877699208	0.362039703340949	1	0.458057489263649	0.999370840320332	NA	"abundance"	46	36
"Escherichia_coli.t__SGB10068"	"Antibiotics"	"Yes"	"AntibioticsYes"	8.06152050430967	-1.53284219324811	3.33296355604198	0.0340314676964639	1	0.0669047945993524	0.999370840320332	NA	"abundance"	46	22
"Escherichia_coli.t__SGB10068"	"Delivery_mode"	"C-section"	"Delivery_modeC-section"	2.12041401553505	-0.344957300424628	3.29491641869127	0.50747443028884	1	0.0210579318068811	0.999370840320332	NA	"abundance"	46	22
"Escherichia_coli.t__SGB10068"	"Ethnicity"	"European"	"EthnicityEuropean"	-2.06969654981443	0.461221750142716	2.67901492578016	0.358911615378466	1	0.589005683103352	0.999370840320332	NA	"abundance"	46	22
"Escherichia_coli.t__SGB10068"	"Feeding_method"	"Breastfed"	"Feeding_methodBreastfed"	0.29837726804649	-0.989390157068009	2.27474482001384	0.575220538419977	1	0.819562409019785	0.999370840320332	NA	"abundance"	46	22
"Escherichia_coli.t__SGB10068"	"Probiotics"	"Yes"	"ProbioticsYes"	4.30680013468503	1.3672127382449	5.62389478778435	0.594563820092834	1	0.490822680670752	0.999370840320332	NA	"abundance"	46	22
"Escherichia_coli.t__SGB10068"	"Read_depth"	"Read_depth"	"Read_depth"	0.57211221321704	-0.188798179275915	2.45262072877699	0.763473621209147	1	0.607479954221644	0.999370840320332	NA	"abundance"	46	22
"Escherichia_coli.t__SGB10068"	"Sex"	"Female"	"SexFemale"	1.49631755283426	0.728532363103945	2.78322913100503	0.788965517673684	1	0.554942541032627	0.999370840320332	NA	"abundance"	46	22
"Escherichia_coli.t__SGB10068"	"Termness"	"term"	"Termnessterm"	13.3541343924552	2.80105105470659	5.80684754706994	0.105535542619056	1	0.199933334482213	0.999370840320332	NA	"abundance"	46	22
"Finegoldia_magna.t__SGB6686_group"	"Antibiotics"	"Yes"	"AntibioticsYes"	11.6862418043565	-1.53284219324811	0.144641254280434	0.110875923225341	1	0.209458376099611	0.999370840320332	NA	"abundance"	46	6
"Finegoldia_magna.t__SGB6686_group"	"Read_depth"	"Read_depth"	"Read_depth"	6.7213359308866	-0.188798179275915	0.115795858296866	0.0695713878873807	1	0.134302597762185	0.999370840320332	NA	"abundance"	46	6
"Finegoldia_magna.t__SGB6686_group"	"Sex"	"Female"	"SexFemale"	4.42159762928697	0.728532363103945	0.0807554117197272	0.168078017895417	1	0.307905815691182	0.999370840320332	NA	"abundance"	46	6
"Finegoldia_magna.t__SGB6686_group"	"Termness"	"term"	"Termnessterm"	-8.20403976922949	2.80105105470659	0.157953217611078	0.108890093203416	1	0.146491786645799	0.999370840320332	NA	"abundance"	46	6
"Haemophilus_parainfluenzae.t__SGB9663_group"	"Antibiotics"	"Yes"	"AntibioticsYes"	0.065852610423781	-1.53284219324811	5.48745180612142	0.794884875316059	1	0.7161203297682	0.999370840320332	NA	"abundance"	46	17
"Haemophilus_parainfluenzae.t__SGB9663_group"	"Delivery_mode"	"C-section"	"Delivery_modeC-section"	1.61713975615222	-0.344957300424628	2.06057000511578	0.477664909842933	1	0.727166053590609	0.999370840320332	NA	"abundance"	46	17
"Haemophilus_parainfluenzae.t__SGB9663_group"	"Ethnicity"	"European"	"EthnicityEuropean"	-2.9345595699517	0.461221750142716	3.00486436672584	0.289831670208593	1	0.495660943361283	0.999370840320332	NA	"abundance"	46	17
"Haemophilus_parainfluenzae.t__SGB9663_group"	"Feeding_method"	"Breastfed"	"Feeding_methodBreastfed"	0.397592920727417	-0.989390157068009	2.64759964501888	0.607578376714572	1	0.545631603199388	0.999370840320332	NA	"abundance"	46	17
"Haemophilus_parainfluenzae.t__SGB9663_group"	"Probiotics"	"Yes"	"ProbioticsYes"	1.3672127382449	1.3672127382449	5.11284580734327	1	1	0.577500347942289	0.999370840320332	NA	"abundance"	46	17
"Haemophilus_parainfluenzae.t__SGB9663_group"	"Read_depth"	"Read_depth"	"Read_depth"	-0.234950312393126	-0.188798179275915	0.648120542402144	0.961754934505823	1	0.59049066663361	0.999370840320332	NA	"abundance"	46	17
"Haemophilus_parainfluenzae.t__SGB9663_group"	"Sex"	"Female"	"SexFemale"	-2.55270832946044	0.728532363103945	2.31728796064082	0.217932527445306	1	0.120029458612195	0.999370840320332	NA	"abundance"	46	17
"Haemophilus_parainfluenzae.t__SGB9663_group"	"Termness"	"term"	"Termnessterm"	1.48589800853503	2.80105105470659	3.80823422580301	0.748433691088246	1	0.647526121335763	0.999370840320332	NA	"abundance"	46	17
"Klebsiella_michiganensis.t__SGB10119"	"Antibiotics"	"Yes"	"AntibioticsYes"	2.80948746221996	-1.53284219324811	6.07536868798091	0.525265421522263	1	0.728775980570403	0.999370840320332	NA	"abundance"	46	13
"Klebsiella_michiganensis.t__SGB10119"	"Delivery_mode"	"C-section"	"Delivery_modeC-section"	6.98319817678885	-0.344957300424628	6.04909397491913	0.303570527938152	1	0.514985990443656	0.999370840320332	NA	"abundance"	46	13
"Klebsiella_michiganensis.t__SGB10119"	"Ethnicity"	"European"	"EthnicityEuropean"	4.26922644651577	0.461221750142716	6.84574390912424	0.602732489916248	1	0.678858398766245	0.999370840320332	NA	"abundance"	46	13
"Klebsiella_michiganensis.t__SGB10119"	"Feeding_method"	"Breastfed"	"Feeding_methodBreastfed"	-2.38352649428154	-0.989390157068009	7.329199961789	0.855310328347616	1	0.0591339491871586	0.999370840320332	NA	"abundance"	46	13
"Klebsiella_michiganensis.t__SGB10119"	"Probiotics"	"Yes"	"ProbioticsYes"	2.07258473412892	1.3672127382449	11.0871799035012	0.950933537683164	1	0.762012748828095	0.999370840320332	NA	"abundance"	46	13
"Klebsiella_michiganensis.t__SGB10119"	"Read_depth"	"Read_depth"	"Read_depth"	-2.38276122326309	-0.188798179275915	2.0140666961567	0.355300776892485	1	0.584362911724566	0.999370840320332	NA	"abundance"	46	13
"Klebsiella_michiganensis.t__SGB10119"	"Sex"	"Female"	"SexFemale"	0.553205246591601	0.728532363103945	3.790343963469	0.964974606978713	1	0.496879195823117	0.999370840320332	NA	"abundance"	46	13
"Klebsiella_michiganensis.t__SGB10119"	"Termness"	"term"	"Termnessterm"	3.95046432658456	2.80105105470659	9.42226931579896	0.907778493431174	1	0.991495193726176	0.999370840320332	NA	"abundance"	46	13
"Klebsiella_pneumoniae.t__SGB10115"	"Antibiotics"	"Yes"	"AntibioticsYes"	-1.69593394518005	-1.53284219324811	2.24780126175771	0.957706954562098	1	0.423902647114074	0.999370840320332	NA	"abundance"	46	22
"Klebsiella_pneumoniae.t__SGB10115"	"Delivery_mode"	"C-section"	"Delivery_modeC-section"	-2.0178911744568	-0.344957300424628	2.625832400668	0.58785816189486	1	0.362975716650631	0.999370840320332	NA	"abundance"	46	22
"Klebsiella_pneumoniae.t__SGB10115"	"Ethnicity"	"European"	"EthnicityEuropean"	5.22008734882082	0.461221750142716	1.72855442059508	0.0249112258876707	1	0.0492018826001148	0.999370840320332	NA	"abundance"	46	22
"Klebsiella_pneumoniae.t__SGB10115"	"Feeding_method"	"Breastfed"	"Feeding_methodBreastfed"	-3.048988325065	-0.989390157068009	2.23777815461388	0.386967017162275	1	0.624190561953081	0.999370840320332	NA	"abundance"	46	22
"Klebsiella_pneumoniae.t__SGB10115"	"Probiotics"	"Yes"	"ProbioticsYes"	7.04029246290435	1.3672127382449	2.67394068000347	0.0613404704771993	1	0.118918287636034	0.999370840320332	NA	"abundance"	46	22
"Klebsiella_pneumoniae.t__SGB10115"	"Read_depth"	"Read_depth"	"Read_depth"	3.77442706408494	-0.188798179275915	1.62743294867568	0.0451530934179063	1	0.0813297427070937	0.999370840320332	NA	"abundance"	46	22
"Klebsiella_pneumoniae.t__SGB10115"	"Sex"	"Female"	"SexFemale"	1.01666651499136	0.728532363103945	1.75389261182742	0.880464648177649	1	0.965029856748482	0.999370840320332	NA	"abundance"	46	22
"Klebsiella_pneumoniae.t__SGB10115"	"Termness"	"term"	"Termnessterm"	3.54704010579337	2.80105105470659	2.74297453363765	0.813692734383655	1	0.403926918883312	0.999370840320332	NA	"abundance"	46	22
"Kluyvera_cryocrescens.t__SGB23242"	"Feeding_method"	"Breastfed"	"Feeding_methodBreastfed"	1.0668413260059	-0.989390157068009	5.88696877429704	0.782108232754509	1	0.952523177766637	0.999370840320332	NA	"abundance"	46	5
"Kluyvera_cryocrescens.t__SGB23242"	"Read_depth"	"Read_depth"	"Read_depth"	3.28043203340865	-0.188798179275915	6.54413645281095	0.68842731630894	1	0.756838480422145	0.999370840320332	NA	"abundance"	46	5
"Kluyvera_cryocrescens.t__SGB23242"	"Termness"	"term"	"Termnessterm"	6.78849017891134	2.80105105470659	8.50331499533026	0.719230446377351	1	0.62464112733597	0.999370840320332	NA	"abundance"	46	5
"Staphylococcus_aureus.t__SGB7852"	"Antibiotics"	"Yes"	"AntibioticsYes"	-1.96615815965515	-1.53284219324811	1.9433338399538	0.879706258150584	1	0.106664413937229	0.999370840320332	NA	"abundance"	46	30
"Staphylococcus_aureus.t__SGB7852"	"Delivery_mode"	"C-section"	"Delivery_modeC-section"	-0.884263812877869	-0.344957300424628	1.59472360441303	0.813357099067276	1	0.424687318798046	0.999370840320332	NA	"abundance"	46	30
"Staphylococcus_aureus.t__SGB7852"	"Ethnicity"	"European"	"EthnicityEuropean"	0.895849029655462	0.461221750142716	1.44739274879206	0.772774813216794	1	0.907057326936741	0.999370840320332	NA	"abundance"	46	30
"Staphylococcus_aureus.t__SGB7852"	"Feeding_method"	"Breastfed"	"Feeding_methodBreastfed"	-0.989390157068009	-0.989390157068009	1.38905269837135	1	1	0.1530071899503	0.999370840320332	NA	"abundance"	46	30
"Staphylococcus_aureus.t__SGB7852"	"Probiotics"	"Yes"	"ProbioticsYes"	0.12516615734242	1.3672127382449	2.08080139977843	0.592680569357611	1	0.314838267282094	0.999370840320332	NA	"abundance"	46	30
"Staphylococcus_aureus.t__SGB7852"	"Read_depth"	"Read_depth"	"Read_depth"	-0.915503627362783	-0.188798179275915	0.529428685592104	0.429751002822629	1	0.674816081218203	0.999370840320332	NA	"abundance"	46	30
"Staphylococcus_aureus.t__SGB7852"	"Sex"	"Female"	"SexFemale"	-2.8536524327275	0.728532363103945	1.33836804455316	0.0430826175682308	1	0.0843091231999313	0.999370840320332	NA	"abundance"	46	30
"Staphylococcus_aureus.t__SGB7852"	"Termness"	"term"	"Termnessterm"	0.784976753196899	2.80105105470659	1.73528260120283	0.411280275475818	1	0.580993287410019	0.999370840320332	NA	"abundance"	46	30
"Staphylococcus_epidermidis.t__SGB7865"	"Antibiotics"	"Yes"	"AntibioticsYes"	1.03130240719138	-1.53284219324811	1.52821834660749	0.35191849026047	1	0.462557147622685	0.999370840320332	NA	"abundance"	46	38
"Staphylococcus_epidermidis.t__SGB7865"	"Delivery_mode"	"C-section"	"Delivery_modeC-section"	0.194349212028614	-0.344957300424628	1.2366972610941	0.798202649365221	1	0.959277829276784	0.999370840320332	NA	"abundance"	46	38
"Staphylococcus_epidermidis.t__SGB7865"	"Ethnicity"	"European"	"EthnicityEuropean"	-1.34785224717985	0.461221750142716	1.1626715549363	0.180403063304127	1	0.328260861358741	0.999370840320332	NA	"abundance"	46	38
"Staphylococcus_epidermidis.t__SGB7865"	"Feeding_method"	"Breastfed"	"Feeding_methodBreastfed"	1.43870347455377	-0.989390157068009	1.14036177561614	0.0856169591150664	1	0.163903654542022	0.999370840320332	NA	"abundance"	46	38
"Staphylococcus_epidermidis.t__SGB7865"	"Probiotics"	"Yes"	"ProbioticsYes"	0.616635509565561	1.3672127382449	2.10800706683662	0.717782998591109	1	0.407844384829987	0.999370840320332	NA	"abundance"	46	38
"Staphylococcus_epidermidis.t__SGB7865"	"Read_depth"	"Read_depth"	"Read_depth"	-0.399862801015475	-0.188798179275915	0.483196279084963	0.80703611175936	1	0.962764937835054	0.999370840320332	NA	"abundance"	46	38
"Staphylococcus_epidermidis.t__SGB7865"	"Sex"	"Female"	"SexFemale"	-0.542984251770769	0.728532363103945	1.08627421268273	0.365529529157629	1	0.063740435579347	0.999370840320332	NA	"abundance"	46	38
"Staphylococcus_epidermidis.t__SGB7865"	"Termness"	"term"	"Termnessterm"	4.34815903566163	2.80105105470659	1.90077296521448	0.553950296817677	1	0.635369732776046	0.999370840320332	NA	"abundance"	46	38
"Streptococcus_salivarius.t__SGB8007_group"	"Antibiotics"	"Yes"	"AntibioticsYes"	-7.45126287414686	-1.53284219324811	3.8781569997231	0.202951226425297	1	0.231651804734199	0.999370840320332	NA	"abundance"	46	24
"Streptococcus_salivarius.t__SGB8007_group"	"Delivery_mode"	"C-section"	"Delivery_modeC-section"	-4.59827941090336	-0.344957300424628	1.60735961080962	0.0971259360646615	1	0.184818424672886	0.999370840320332	NA	"abundance"	46	24
"Streptococcus_salivarius.t__SGB8007_group"	"Ethnicity"	"European"	"EthnicityEuropean"	-0.375288843315384	0.461221750142716	1.5444066954865	0.602511892936628	1	0.842003204743177	0.999370840320332	NA	"abundance"	46	24
"Streptococcus_salivarius.t__SGB8007_group"	"Feeding_method"	"Breastfed"	"Feeding_methodBreastfed"	-1.53097995584385	-0.989390157068009	1.63487187257369	0.752569130806304	1	0.938777964970052	0.999370840320332	NA	"abundance"	46	24
"Streptococcus_salivarius.t__SGB8007_group"	"Probiotics"	"Yes"	"ProbioticsYes"	-2.64116878144636	1.3672127382449	3.12499234181447	0.228223133688215	1	0.404360468625961	0.999370840320332	NA	"abundance"	46	24
"Streptococcus_salivarius.t__SGB8007_group"	"Read_depth"	"Read_depth"	"Read_depth"	-1.24678783829004	-0.188798179275915	0.513931048168739	0.260549810897467	1	0.453213417836228	0.999370840320332	NA	"abundance"	46	24
"Streptococcus_salivarius.t__SGB8007_group"	"Sex"	"Female"	"SexFemale"	1.6832113641664	0.728532363103945	1.58401267131715	0.597216212038828	1	0.567728976082928	0.999370840320332	NA	"abundance"	46	24
"Streptococcus_salivarius.t__SGB8007_group"	"Termness"	"term"	"Termnessterm"	-3.16654300634886	2.80105105470659	2.37177902094226	0.0670490080536953	1	0.129602446626406	0.999370840320332	NA	"abundance"	46	24
"Streptococcus_vestibularis.t__SGB8003"	"Antibiotics"	"Yes"	"AntibioticsYes"	-9.30790488464757	-1.53284219324811	5.48721873741195	0.256114267091458	1	0.446634016375121	0.999370840320332	NA	"abundance"	46	13
"Streptococcus_vestibularis.t__SGB8003"	"Delivery_mode"	"C-section"	"Delivery_modeC-section"	-6.81155340400603	-0.344957300424628	4.39022482502643	0.238646592601819	1	0.329403882860035	0.999370840320332	NA	"abundance"	46	13
"Streptococcus_vestibularis.t__SGB8003"	"Ethnicity"	"European"	"EthnicityEuropean"	-2.6778042343571	0.461221750142716	3.11462414127049	0.36765990818236	1	0.38762075491632	0.999370840320332	NA	"abundance"	46	13
"Streptococcus_vestibularis.t__SGB8003"	"Feeding_method"	"Breastfed"	"Feeding_methodBreastfed"	-3.03020803937197	-0.989390157068009	4.03008320311549	0.632183882239487	1	0.683208183541169	0.999370840320332	NA	"abundance"	46	13
"Streptococcus_vestibularis.t__SGB8003"	"Probiotics"	"Yes"	"ProbioticsYes"	1.23170705383317	1.3672127382449	3.91934281198962	0.972239343950168	1	0.801093892877973	0.999370840320332	NA	"abundance"	46	13
"Streptococcus_vestibularis.t__SGB8003"	"Read_depth"	"Read_depth"	"Read_depth"	-1.4834491784478	-0.188798179275915	1.23804552118691	0.409398782861511	1	0.651190202314535	0.999370840320332	NA	"abundance"	46	13
"Streptococcus_vestibularis.t__SGB8003"	"Sex"	"Female"	"SexFemale"	-3.69399344751405	0.728532363103945	2.61275755102146	0.182939319564019	1	0.332411844485491	0.999370840320332	NA	"abundance"	46	13
"Streptococcus_vestibularis.t__SGB8003"	"Termness"	"term"	"Termnessterm"	-3.13518138151872	2.80105105470659	6.27534714503332	0.403744038266323	1	0.644478828097048	0.999370840320332	NA	"abundance"	46	13
"Veillonella_parvula.t__SGB6939"	"Antibiotics"	"Yes"	"AntibioticsYes"	-4.95754587613828	-1.53284219324811	3.18506071971994	0.393299383519889	1	0.311496343853959	0.999370840320332	NA	"abundance"	46	18
"Veillonella_parvula.t__SGB6939"	"Delivery_mode"	"C-section"	"Delivery_modeC-section"	-3.25309613419602	-0.344957300424628	2.90277508552454	0.399751607760496	1	0.619817334013295	0.999370840320332	NA	"abundance"	46	18
"Veillonella_parvula.t__SGB6939"	"Ethnicity"	"European"	"EthnicityEuropean"	0.413049170232325	0.461221750142716	2.20281448262452	0.982713060694383	1	0.976424621015288	0.999370840320332	NA	"abundance"	46	18
"Veillonella_parvula.t__SGB6939"	"Feeding_method"	"Breastfed"	"Feeding_methodBreastfed"	-2.55786249580715	-0.989390157068009	2.32802380245439	0.520157706257413	1	0.0553222426358369	0.999370840320332	NA	"abundance"	46	18
"Veillonella_parvula.t__SGB6939"	"Probiotics"	"Yes"	"ProbioticsYes"	5.72830759905148	1.3672127382449	2.69020863942082	0.145514933588957	1	0.269855271280514	0.999370840320332	NA	"abundance"	46	18
"Veillonella_parvula.t__SGB6939"	"Read_depth"	"Read_depth"	"Read_depth"	0.986231928608576	-0.188798179275915	1.35595098547064	0.451209813892005	1	0.698829331631552	0.999370840320332	NA	"abundance"	46	18
"Veillonella_parvula.t__SGB6939"	"Sex"	"Female"	"SexFemale"	0.951637455012356	0.728532363103945	1.73751012557021	0.907207914657636	1	0.48836488371257	0.999370840320332	NA	"abundance"	46	18
"Veillonella_parvula.t__SGB6939"	"Termness"	"term"	"Termnessterm"	2.80105105470659	2.80105105470659	2.24570752674562	1	1	0.238048415540431	0.999370840320332	NA	"abundance"	46	18
"Acinetobacter_guillouiae.t__SGB10380"	"Antibiotics"	"Yes"	"AntibioticsYes"	1.05822906859914	0	1.5071977893744	0.48260625173714	1	0.48260625173714	0.999370840320332	NA	"prevalence"	46	2
"Acinetobacter_guillouiae.t__SGB10380"	"Delivery_mode"	"C-section"	"Delivery_modeC-section"	0.417549855514746	0	1.40051470035797	0.765596093910013	1	0.765596093910013	0.999370840320332	NA	"prevalence"	46	2
"Acinetobacter_guillouiae.t__SGB10380"	"Ethnicity"	"European"	"EthnicityEuropean"	-0.11544957451444	0	1.15914279361268	0.920662611452722	1	0.920662611452722	0.999370840320332	NA	"prevalence"	46	2
"Acinetobacter_guillouiae.t__SGB10380"	"Feeding_method"	"Breastfed"	"Feeding_methodBreastfed"	-0.553339455524072	0	1.09967468515086	0.614834434215574	1	0.614834434215574	0.999370840320332	NA	"prevalence"	46	2
"Acinetobacter_guillouiae.t__SGB10380"	"Probiotics"	"Yes"	"ProbioticsYes"	0.0446209612188286	0	2.19126016379861	0.983753679130375	1	0.983753679130375	0.999370840320332	NA	"prevalence"	46	2
"Acinetobacter_guillouiae.t__SGB10380"	"Read_depth"	"Read_depth"	"Read_depth"	0.0277207848747103	0	0.635222095856994	0.965191752399585	1	0.965191752399585	0.999370840320332	NA	"prevalence"	46	2
"Acinetobacter_guillouiae.t__SGB10380"	"Sex"	"Female"	"SexFemale"	-0.367599318918738	0	1.07788651459807	0.733075632917248	1	0.733075632917248	0.999370840320332	NA	"prevalence"	46	2
"Acinetobacter_guillouiae.t__SGB10380"	"Termness"	"term"	"Termnessterm"	0.127642600268898	0	1.98501328964217	0.948728848137462	1	0.948728848137462	0.999370840320332	NA	"prevalence"	46	2
"Acinetobacter_johnsonii.t__SGB10398"	"Antibiotics"	"Yes"	"AntibioticsYes"	0.990483068170623	0	1.50251927796122	0.509757791897467	1	0.509757791897467	0.999370840320332	NA	"prevalence"	46	2
"Acinetobacter_johnsonii.t__SGB10398"	"Delivery_mode"	"C-section"	"Delivery_modeC-section"	0.267846224755296	0	1.41345979983665	0.849703398712216	1	0.849703398712216	0.999370840320332	NA	"prevalence"	46	2
"Acinetobacter_johnsonii.t__SGB10398"	"Ethnicity"	"European"	"EthnicityEuropean"	-0.112854847430422	0	1.16484920470663	0.922818789871036	1	0.922818789871036	0.999370840320332	NA	"prevalence"	46	2
"Acinetobacter_johnsonii.t__SGB10398"	"Feeding_method"	"Breastfed"	"Feeding_methodBreastfed"	-0.63125592575268	0	1.09965141124936	0.565933331089578	1	0.565933331089578	0.999370840320332	NA	"prevalence"	46	2
"Acinetobacter_johnsonii.t__SGB10398"	"Probiotics"	"Yes"	"ProbioticsYes"	-0.032160514961522	0	2.18874099312495	0.988276614222497	1	0.988276614222497	0.999370840320332	NA	"prevalence"	46	2
"Acinetobacter_johnsonii.t__SGB10398"	"Read_depth"	"Read_depth"	"Read_depth"	-0.16765744334112	0	0.536589386437829	0.754698429605836	1	0.754698429605836	0.999370840320332	NA	"prevalence"	46	2
"Acinetobacter_johnsonii.t__SGB10398"	"Sex"	"Female"	"SexFemale"	-0.452771184088052	0	1.08456444385788	0.676335967411001	1	0.676335967411001	0.999370840320332	NA	"prevalence"	46	2
"Acinetobacter_johnsonii.t__SGB10398"	"Termness"	"term"	"Termnessterm"	0.0723110754122357	0	2.00043412716703	0.971164594950141	1	0.971164594950141	0.999370840320332	NA	"prevalence"	46	2
"Acinetobacter_ursingii.t__SGB10372"	"Antibiotics"	"Yes"	"AntibioticsYes"	0.941644898751061	0	1.20022503458237	0.432713376047149	1	0.432713376047149	0.999370840320332	NA	"prevalence"	46	5
"Acinetobacter_ursingii.t__SGB10372"	"Delivery_mode"	"C-section"	"Delivery_modeC-section"	0.609844354384647	0	1.39770300499639	0.66260531043837	1	0.66260531043837	0.999370840320332	NA	"prevalence"	46	5
"Acinetobacter_ursingii.t__SGB10372"	"Ethnicity"	"European"	"EthnicityEuropean"	-0.859136604929539	0	1.04311387877826	0.410151611223219	1	0.410151611223219	0.999370840320332	NA	"prevalence"	46	5
"Acinetobacter_ursingii.t__SGB10372"	"Feeding_method"	"Breastfed"	"Feeding_methodBreastfed"	-0.306506494157702	0	0.97143934010937	0.752368467399648	1	0.752368467399648	0.999370840320332	NA	"prevalence"	46	5
"Acinetobacter_ursingii.t__SGB10372"	"Probiotics"	"Yes"	"ProbioticsYes"	0.891204494012876	0	2.00566704222281	0.656794478886014	1	0.656794478886014	0.999370840320332	NA	"prevalence"	46	5
"Acinetobacter_ursingii.t__SGB10372"	"Read_depth"	"Read_depth"	"Read_depth"	-0.0885812462366177	0	0.56583391942333	0.875599585747484	1	0.875599585747484	0.999370840320332	NA	"prevalence"	46	5
"Acinetobacter_ursingii.t__SGB10372"	"Sex"	"Female"	"SexFemale"	-0.229932226073234	0	0.995159577275983	0.817275485477555	1	0.817275485477555	0.999370840320332	NA	"prevalence"	46	5
"Acinetobacter_ursingii.t__SGB10372"	"Termness"	"term"	"Termnessterm"	0.27227523387762	0	1.97679847404859	0.890449498756954	1	0.890449498756954	0.999370840320332	NA	"prevalence"	46	5
"Actinomyces_sp_ph3.t__SGB17137_group"	"Antibiotics"	"Yes"	"AntibioticsYes"	0.282485038613081	0	1.73642153988875	0.870768588985591	1	0.870768588985591	0.999370840320332	NA	"prevalence"	46	3
"Actinomyces_sp_ph3.t__SGB17137_group"	"Delivery_mode"	"C-section"	"Delivery_modeC-section"	-0.812095866635947	0	1.02338960425323	0.427465959948671	1	0.427465959948671	0.999370840320332	NA	"prevalence"	46	3
"Actinomyces_sp_ph3.t__SGB17137_group"	"Ethnicity"	"European"	"EthnicityEuropean"	0.364836288314446	0	0.974881043634591	0.708228203789574	1	0.708228203789574	0.999370840320332	NA	"prevalence"	46	3
"Actinomyces_sp_ph3.t__SGB17137_group"	"Feeding_method"	"Breastfed"	"Feeding_methodBreastfed"	-0.787078133838251	0	0.967369657422445	0.415858628954231	1	0.415858628954231	0.999370840320332	NA	"prevalence"	46	3
"Actinomyces_sp_ph3.t__SGB17137_group"	"Probiotics"	"Yes"	"ProbioticsYes"	-0.590743696357495	0	2.21151192545395	0.789375156952142	1	0.789375156952142	0.999370840320332	NA	"prevalence"	46	3
"Actinomyces_sp_ph3.t__SGB17137_group"	"Read_depth"	"Read_depth"	"Read_depth"	0.0915441222746358	0	0.469889198810036	0.845533350449839	1	0.845533350449839	0.999370840320332	NA	"prevalence"	46	3
"Actinomyces_sp_ph3.t__SGB17137_group"	"Sex"	"Female"	"SexFemale"	1.17161259848631	0	0.976258166520166	0.230098447970163	1	0.230098447970163	0.999370840320332	NA	"prevalence"	46	3
"Actinomyces_sp_ph3.t__SGB17137_group"	"Termness"	"term"	"Termnessterm"	0.367169378055854	0	1.95893669182795	0.851321151960499	1	0.851321151960499	0.999370840320332	NA	"prevalence"	46	3
"Actinomyces_urogenitalis.t__SGB15868"	"Antibiotics"	"Yes"	"AntibioticsYes"	-0.627967078982376	0	1.67135227318849	0.707122130317633	1	0.707122130317633	0.999370840320332	NA	"prevalence"	46	4
"Actinomyces_urogenitalis.t__SGB15868"	"Delivery_mode"	"C-section"	"Delivery_modeC-section"	0.25813934900028	0	1.08995255980394	0.812784488525154	1	0.812784488525154	0.999370840320332	NA	"prevalence"	46	4
"Actinomyces_urogenitalis.t__SGB15868"	"Ethnicity"	"European"	"EthnicityEuropean"	-0.86256200625563	0	1.0574407319825	0.414667626763312	1	0.414667626763312	0.999370840320332	NA	"prevalence"	46	4
"Actinomyces_urogenitalis.t__SGB15868"	"Feeding_method"	"Breastfed"	"Feeding_methodBreastfed"	-0.325537230390709	0	0.980239054431983	0.739813873058173	1	0.739813873058173	0.999370840320332	NA	"prevalence"	46	4
"Actinomyces_urogenitalis.t__SGB15868"	"Probiotics"	"Yes"	"ProbioticsYes"	0.227348703447352	0	2.18466302540892	0.91711713183847	1	0.91711713183847	0.999370840320332	NA	"prevalence"	46	4
"Actinomyces_urogenitalis.t__SGB15868"	"Read_depth"	"Read_depth"	"Read_depth"	0.104296504665636	0	0.490857916105901	0.831734145171828	1	0.831734145171828	0.999370840320332	NA	"prevalence"	46	4
"Actinomyces_urogenitalis.t__SGB15868"	"Sex"	"Female"	"SexFemale"	-0.909404626771863	0	0.902916904774241	0.313845739494884	1	0.313845739494884	0.999370840320332	NA	"prevalence"	46	4
"Actinomyces_urogenitalis.t__SGB15868"	"Termness"	"term"	"Termnessterm"	1.68962055397685	0	1.92256803132094	0.379490611210184	1	0.379490611210184	0.999370840320332	NA	"prevalence"	46	4
"Anaerococcus_nagyae.t__SGB24935"	"Antibiotics"	"Yes"	"AntibioticsYes"	-2.04981079570094	0	1.39777142873312	0.142516212111395	1	0.142516212111395	0.999370840320332	NA	"prevalence"	46	4
"Anaerococcus_nagyae.t__SGB24935"	"Delivery_mode"	"C-section"	"Delivery_modeC-section"	0.34818235304045	0	1.37319555111983	0.799838377915277	1	0.799838377915277	0.999370840320332	NA	"prevalence"	46	4
"Anaerococcus_nagyae.t__SGB24935"	"Ethnicity"	"European"	"EthnicityEuropean"	-0.334826213140343	0	0.989055683060894	0.734962914850715	1	0.734962914850715	0.999370840320332	NA	"prevalence"	46	4
"Anaerococcus_nagyae.t__SGB24935"	"Feeding_method"	"Breastfed"	"Feeding_methodBreastfed"	-0.721740965654664	0	0.98096149812629	0.461883758703828	1	0.461883758703828	0.999370840320332	NA	"prevalence"	46	4
"Anaerococcus_nagyae.t__SGB24935"	"Probiotics"	"Yes"	"ProbioticsYes"	1.76286131043327	0	1.93344523415167	0.361888730464682	1	0.361888730464682	0.999370840320332	NA	"prevalence"	46	4
"Anaerococcus_nagyae.t__SGB24935"	"Read_depth"	"Read_depth"	"Read_depth"	-0.0609585334162222	0	0.488336661276818	0.900658999079754	1	0.900658999079754	0.999370840320332	NA	"prevalence"	46	4
"Anaerococcus_nagyae.t__SGB24935"	"Sex"	"Female"	"SexFemale"	0.136849117213737	0	0.93068463911498	0.88309938968978	1	0.88309938968978	0.999370840320332	NA	"prevalence"	46	4
"Anaerococcus_nagyae.t__SGB24935"	"Termness"	"term"	"Termnessterm"	0.479095859519413	0	1.94195534256964	0.805134238376058	1	0.805134238376058	0.999370840320332	NA	"prevalence"	46	4
"Anaerococcus_octavius.t__SGB6655"	"Antibiotics"	"Yes"	"AntibioticsYes"	0.148757627743827	0	1.41304780575603	0.916158150143005	1	0.916158150143005	0.999370840320332	NA	"prevalence"	46	2
"Anaerococcus_octavius.t__SGB6655"	"Delivery_mode"	"C-section"	"Delivery_modeC-section"	0.263925082024673	0	1.40351567615679	0.850840829945955	1	0.850840829945955	0.999370840320332	NA	"prevalence"	46	2
"Anaerococcus_octavius.t__SGB6655"	"Ethnicity"	"European"	"EthnicityEuropean"	-0.170939404426839	0	1.05418497745859	0.871185260059516	1	0.871185260059516	0.999370840320332	NA	"prevalence"	46	2
"Anaerococcus_octavius.t__SGB6655"	"Feeding_method"	"Breastfed"	"Feeding_methodBreastfed"	0.976490321800777	0	1.10813039338097	0.378206737516373	1	0.378206737516373	0.999370840320332	NA	"prevalence"	46	2
"Anaerococcus_octavius.t__SGB6655"	"Probiotics"	"Yes"	"ProbioticsYes"	0.982112331599671	0	2.08679805220962	0.637904102649237	1	0.637904102649237	0.999370840320332	NA	"prevalence"	46	2
"Anaerococcus_octavius.t__SGB6655"	"Read_depth"	"Read_depth"	"Read_depth"	-0.115847777591445	0	0.474201902536981	0.806998070620771	1	0.806998070620771	0.999370840320332	NA	"prevalence"	46	2
"Anaerococcus_octavius.t__SGB6655"	"Sex"	"Female"	"SexFemale"	0.0800621585848724	0	1.15524577336039	0.944748327066583	1	0.944748327066583	0.999370840320332	NA	"prevalence"	46	2
"Anaerococcus_octavius.t__SGB6655"	"Termness"	"term"	"Termnessterm"	0.177396324417245	0	2.06111554275366	0.931412272070696	1	0.931412272070696	0.999370840320332	NA	"prevalence"	46	2
"Atlantibacter_hermannii.t__SGB10047"	"Antibiotics"	"Yes"	"AntibioticsYes"	-0.761622457651836	0	1.73147303490402	0.660031510307675	1	0.660031510307675	0.999370840320332	NA	"prevalence"	46	2
"Atlantibacter_hermannii.t__SGB10047"	"Delivery_mode"	"C-section"	"Delivery_modeC-section"	-1.01863928380696	0	1.16322907168154	0.38119333901515	1	0.38119333901515	0.999370840320332	NA	"prevalence"	46	2
"Atlantibacter_hermannii.t__SGB10047"	"Ethnicity"	"European"	"EthnicityEuropean"	0.529882021515866	0	1.13848816800344	0.641626401322305	1	0.641626401322305	0.999370840320332	NA	"prevalence"	46	2
"Atlantibacter_hermannii.t__SGB10047"	"Feeding_method"	"Breastfed"	"Feeding_methodBreastfed"	-0.309795719816003	0	1.01974914275749	0.761283307439161	1	0.761283307439161	0.999370840320332	NA	"prevalence"	46	2
"Atlantibacter_hermannii.t__SGB10047"	"Probiotics"	"Yes"	"ProbioticsYes"	0.584052090801243	0	2.2474099015713	0.794957984664041	1	0.794957984664041	0.999370840320332	NA	"prevalence"	46	2
"Atlantibacter_hermannii.t__SGB10047"	"Read_depth"	"Read_depth"	"Read_depth"	0.242369260322271	0	0.702527383502452	0.730097246120268	1	0.730097246120268	0.999370840320332	NA	"prevalence"	46	2
"Atlantibacter_hermannii.t__SGB10047"	"Sex"	"Female"	"SexFemale"	-0.882367835198527	0	1.02637577450334	0.389958419892053	1	0.389958419892053	0.999370840320332	NA	"prevalence"	46	2
"Atlantibacter_hermannii.t__SGB10047"	"Termness"	"term"	"Termnessterm"	0.405532306331633	0	2.01726454466498	0.840674490312603	1	0.840674490312603	0.999370840320332	NA	"prevalence"	46	2
"Bacteroides_faecis.t__SGB1860"	"Antibiotics"	"Yes"	"AntibioticsYes"	-0.759413693291581	0	1.7328783297003	0.661213530635234	1	0.661213530635234	0.999370840320332	NA	"prevalence"	46	2
"Bacteroides_faecis.t__SGB1860"	"Delivery_mode"	"C-section"	"Delivery_modeC-section"	-1.90915130464825	0	1.24398421788985	0.124855812150393	1	0.124855812150393	0.999370840320332	NA	"prevalence"	46	2
"Bacteroides_faecis.t__SGB1860"	"Ethnicity"	"European"	"EthnicityEuropean"	-0.591912779157183	0	1.05688456020793	0.575442377062482	1	0.575442377062482	0.999370840320332	NA	"prevalence"	46	2
"Bacteroides_faecis.t__SGB1860"	"Feeding_method"	"Breastfed"	"Feeding_methodBreastfed"	-0.243878944962758	0	0.990813745586787	0.805573821072289	1	0.805573821072289	0.999370840320332	NA	"prevalence"	46	2
"Bacteroides_faecis.t__SGB1860"	"Probiotics"	"Yes"	"ProbioticsYes"	-0.129845542988961	0	2.18043882817192	0.95251389181872	1	0.95251389181872	0.999370840320332	NA	"prevalence"	46	2
"Bacteroides_faecis.t__SGB1860"	"Read_depth"	"Read_depth"	"Read_depth"	-0.429349276482144	0	0.433142824608255	0.321567520459491	1	0.321567520459491	0.999370840320332	NA	"prevalence"	46	2
"Bacteroides_faecis.t__SGB1860"	"Sex"	"Female"	"SexFemale"	-0.39326913366728	0	0.998129592556476	0.693576546274151	1	0.693576546274151	0.999370840320332	NA	"prevalence"	46	2
"Bacteroides_faecis.t__SGB1860"	"Termness"	"term"	"Termnessterm"	0.0370692607710563	0	2.03195345001862	0.985444868173616	1	0.985444868173616	0.999370840320332	NA	"prevalence"	46	2
"Bacteroides_uniformis.t__SGB1836"	"Antibiotics"	"Yes"	"AntibioticsYes"	-0.479211937720857	0	1.74378805625262	0.783461535506164	1	0.783461535506164	0.999370840320332	NA	"prevalence"	46	2
"Bacteroides_uniformis.t__SGB1836"	"Delivery_mode"	"C-section"	"Delivery_modeC-section"	-1.38296901167726	0	1.25853807321573	0.2718250236911	1	0.2718250236911	0.999370840320332	NA	"prevalence"	46	2
"Bacteroides_uniformis.t__SGB1836"	"Ethnicity"	"European"	"EthnicityEuropean"	0.949432585406556	0	1.14603603305099	0.407416177423819	1	0.407416177423819	0.999370840320332	NA	"prevalence"	46	2
"Bacteroides_uniformis.t__SGB1836"	"Feeding_method"	"Breastfed"	"Feeding_methodBreastfed"	-1.51729452677805	0	1.07485414625963	0.158059436299836	1	0.158059436299836	0.999370840320332	NA	"prevalence"	46	2
"Bacteroides_uniformis.t__SGB1836"	"Probiotics"	"Yes"	"ProbioticsYes"	-0.424923672074546	0	2.21000802047138	0.847528791996349	1	0.847528791996349	0.999370840320332	NA	"prevalence"	46	2
"Bacteroides_uniformis.t__SGB1836"	"Read_depth"	"Read_depth"	"Read_depth"	-0.286317321247967	0	0.460451441470253	0.534061082253938	1	0.534061082253938	0.999370840320332	NA	"prevalence"	46	2
"Bacteroides_uniformis.t__SGB1836"	"Sex"	"Female"	"SexFemale"	-0.119638025291516	0	1.00792187040581	0.905514845048793	1	0.905514845048793	0.999370840320332	NA	"prevalence"	46	2
"Bacteroides_uniformis.t__SGB1836"	"Termness"	"term"	"Termnessterm"	-0.258126507348496	0	2.01472895955851	0.898054231463751	1	0.898054231463751	0.999370840320332	NA	"prevalence"	46	2
"Bifidobacterium_bifidum.t__SGB17256"	"Antibiotics"	"Yes"	"AntibioticsYes"	-1.79260888215024	0	1.65977256643814	0.280127555625206	1	0.481783663829859	0.999370840320332	NA	"prevalence"	46	23
"Bifidobacterium_bifidum.t__SGB17256"	"Delivery_mode"	"C-section"	"Delivery_modeC-section"	-2.52659377106709	0	1.31072565432481	0.0539011951752908	1	0.104897051509257	0.999370840320332	NA	"prevalence"	46	23
"Bifidobacterium_bifidum.t__SGB17256"	"Ethnicity"	"European"	"EthnicityEuropean"	-1.33205499736242	0	0.888973908378964	0.134024539082622	1	0.250086501088935	0.999370840320332	NA	"prevalence"	46	23
"Bifidobacterium_bifidum.t__SGB17256"	"Feeding_method"	"Breastfed"	"Feeding_methodBreastfed"	0.663176760232984	0	0.913812040624204	0.468007025726168	1	0.00459248558480006	0.999370840320332	NA	"prevalence"	46	23
"Bifidobacterium_bifidum.t__SGB17256"	"Probiotics"	"Yes"	"ProbioticsYes"	4.09793840700864	0	1.79887327338536	0.0227230971576276	1	0.0449298551708203	0.999370840320332	NA	"prevalence"	46	23
"Bifidobacterium_bifidum.t__SGB17256"	"Read_depth"	"Read_depth"	"Read_depth"	-0.402946245855043	0	0.436265836533495	0.355681339169129	1	0.584853463305113	0.999370840320332	NA	"prevalence"	46	23
"Bifidobacterium_bifidum.t__SGB17256"	"Sex"	"Female"	"SexFemale"	-0.804916310356332	0	0.943545752667411	0.393617116262998	1	0.560341472572343	0.999370840320332	NA	"prevalence"	46	23
"Bifidobacterium_bifidum.t__SGB17256"	"Termness"	"term"	"Termnessterm"	-1.24531815819772	0	1.50765719029249	0.408806605570515	1	0.650490370382943	0.999370840320332	NA	"prevalence"	46	23
"Bifidobacterium_breve.t__SGB17247"	"Antibiotics"	"Yes"	"AntibioticsYes"	-2.03439721686702	0	1.06590229556301	0.0563117625064504	1	0.109452510416318	0.999370840320332	NA	"prevalence"	46	22
"Bifidobacterium_breve.t__SGB17247"	"Delivery_mode"	"C-section"	"Delivery_modeC-section"	-1.06561466628693	0	0.809996610563074	0.188315329679621	1	0.341167995966897	0.999370840320332	NA	"prevalence"	46	22
"Bifidobacterium_breve.t__SGB17247"	"Ethnicity"	"European"	"EthnicityEuropean"	-0.605692669037528	0	0.745764544660324	0.416690183969109	1	0.463551669770968	0.999370840320332	NA	"prevalence"	46	22
"Bifidobacterium_breve.t__SGB17247"	"Feeding_method"	"Breastfed"	"Feeding_methodBreastfed"	0.838975464480792	0	0.717452228042131	0.242249902874351	1	0.133288459636986	0.999370840320332	NA	"prevalence"	46	22
"Bifidobacterium_breve.t__SGB17247"	"Probiotics"	"Yes"	"ProbioticsYes"	0.337101450184477	0	1.30882804919595	0.796746681905443	1	0.392714417587186	0.999370840320332	NA	"prevalence"	46	22
"Bifidobacterium_breve.t__SGB17247"	"Read_depth"	"Read_depth"	"Read_depth"	0.263184796732012	0	0.39543085554819	0.505689411322835	1	0.294535816806013	0.999370840320332	NA	"prevalence"	46	22
"Bifidobacterium_breve.t__SGB17247"	"Sex"	"Female"	"SexFemale"	0.117739597741532	0	0.685421959032336	0.863612997317382	1	0.193192763761205	0.999370840320332	NA	"prevalence"	46	22
"Bifidobacterium_breve.t__SGB17247"	"Termness"	"term"	"Termnessterm"	-1.45743154019426	0	1.16973530381089	0.212782802788552	1	0.380289084414552	0.999370840320332	NA	"prevalence"	46	22
"Bifidobacterium_catenulatum.t__SGB17241"	"Antibiotics"	"Yes"	"AntibioticsYes"	-0.567012335380582	0	1.67454221487104	0.734905529790729	1	0.734905529790729	0.999370840320332	NA	"prevalence"	46	4
"Bifidobacterium_catenulatum.t__SGB17241"	"Delivery_mode"	"C-section"	"Delivery_modeC-section"	-0.284670979443595	0	1.02870351317166	0.781989034718896	1	0.781989034718896	0.999370840320332	NA	"prevalence"	46	4
"Bifidobacterium_catenulatum.t__SGB17241"	"Ethnicity"	"European"	"EthnicityEuropean"	0.44917820464958	0	1.03479476131944	0.664234211624919	1	0.664234211624919	0.999370840320332	NA	"prevalence"	46	4
"Bifidobacterium_catenulatum.t__SGB17241"	"Feeding_method"	"Breastfed"	"Feeding_methodBreastfed"	-0.360274174882387	0	0.958811298966377	0.707102119427674	1	0.707102119427674	0.999370840320332	NA	"prevalence"	46	4
"Bifidobacterium_catenulatum.t__SGB17241"	"Probiotics"	"Yes"	"ProbioticsYes"	0.439430883551899	0	2.21168674426475	0.842508485339169	1	0.842508485339169	0.999370840320332	NA	"prevalence"	46	4
"Bifidobacterium_catenulatum.t__SGB17241"	"Read_depth"	"Read_depth"	"Read_depth"	-0.031211446067725	0	0.413141130252281	0.939779748137353	1	0.939779748137353	0.999370840320332	NA	"prevalence"	46	4
"Bifidobacterium_catenulatum.t__SGB17241"	"Sex"	"Female"	"SexFemale"	-0.923190719617733	0	0.905782314195304	0.308098916621852	1	0.308098916621852	0.999370840320332	NA	"prevalence"	46	4
"Bifidobacterium_catenulatum.t__SGB17241"	"Termness"	"term"	"Termnessterm"	1.3862684170254	0	1.92946695299875	0.472466166944498	1	0.472466166944498	0.999370840320332	NA	"prevalence"	46	4
"Bifidobacterium_dentium.t__SGB17234"	"Antibiotics"	"Yes"	"AntibioticsYes"	-0.932582274920548	0	1.25214001909836	0.456398241669964	1	0.456398241669964	0.999370840320332	NA	"prevalence"	46	4
"Bifidobacterium_dentium.t__SGB17234"	"Delivery_mode"	"C-section"	"Delivery_modeC-section"	0.698325246827008	0	1.37463446632943	0.611447763019323	1	0.611447763019323	0.999370840320332	NA	"prevalence"	46	4
"Bifidobacterium_dentium.t__SGB17234"	"Ethnicity"	"European"	"EthnicityEuropean"	-0.768916850785914	0	1.05370586452749	0.465557519759105	1	0.465557519759105	0.999370840320332	NA	"prevalence"	46	4
"Bifidobacterium_dentium.t__SGB17234"	"Feeding_method"	"Breastfed"	"Feeding_methodBreastfed"	-0.833208623251393	0	1.0182326985097	0.413192181971183	1	0.413192181971183	0.999370840320332	NA	"prevalence"	46	4
"Bifidobacterium_dentium.t__SGB17234"	"Probiotics"	"Yes"	"ProbioticsYes"	1.67296966239025	0	1.98809748209168	0.400071932253562	1	0.400071932253562	0.999370840320332	NA	"prevalence"	46	4
"Bifidobacterium_dentium.t__SGB17234"	"Read_depth"	"Read_depth"	"Read_depth"	0.612893797417104	0	0.760362891054761	0.420211525691519	1	0.420211525691519	0.999370840320332	NA	"prevalence"	46	4
"Bifidobacterium_dentium.t__SGB17234"	"Sex"	"Female"	"SexFemale"	0.0147899271958221	0	0.927451329390884	0.987276793881231	1	0.987276793881231	0.999370840320332	NA	"prevalence"	46	4
"Bifidobacterium_dentium.t__SGB17234"	"Termness"	"term"	"Termnessterm"	0.491485014899599	0	1.96094883567455	0.802095292572277	1	0.802095292572277	0.999370840320332	NA	"prevalence"	46	4
"Bifidobacterium_longum.t__SGB17248"	"Antibiotics"	"Yes"	"AntibioticsYes"	-0.173060171187544	0	1.03720191466146	0.867485775787346	1	0.065352028739177	0.999370840320332	NA	"prevalence"	46	12
"Bifidobacterium_longum.t__SGB17248"	"Delivery_mode"	"C-section"	"Delivery_modeC-section"	-0.811845491885569	0	0.848947432571595	0.338922437805647	1	0.562976456763171	0.999370840320332	NA	"prevalence"	46	12
"Bifidobacterium_longum.t__SGB17248"	"Ethnicity"	"European"	"EthnicityEuropean"	-0.818066828620031	0	0.765012560512193	0.284911607405345	1	0.488648590776392	0.999370840320332	NA	"prevalence"	46	12
"Bifidobacterium_longum.t__SGB17248"	"Feeding_method"	"Breastfed"	"Feeding_methodBreastfed"	-0.108266479991524	0	0.715074193850151	0.879655504588279	1	0.68605566976225	0.999370840320332	NA	"prevalence"	46	12
"Bifidobacterium_longum.t__SGB17248"	"Probiotics"	"Yes"	"ProbioticsYes"	1.84352744101269	0	1.95570289262452	0.345864113462331	1	0.345864113462331	0.999370840320332	NA	"prevalence"	46	12
"Bifidobacterium_longum.t__SGB17248"	"Read_depth"	"Read_depth"	"Read_depth"	0.106210206340538	0	0.440536958240149	0.809483337993457	1	0.731289259180711	0.999370840320332	NA	"prevalence"	46	12
"Bifidobacterium_longum.t__SGB17248"	"Sex"	"Female"	"SexFemale"	-0.773153055644259	0	0.711571327565441	0.277238696598115	1	0.477616098304809	0.999370840320332	NA	"prevalence"	46	12
"Bifidobacterium_longum.t__SGB17248"	"Termness"	"term"	"Termnessterm"	1.70860249258996	0	1.88119662589983	0.363744564271935	1	0.569020280532257	0.999370840320332	NA	"prevalence"	46	12
"Bifidobacterium_pseudocatenulatum.t__SGB17237"	"Antibiotics"	"Yes"	"AntibioticsYes"	0.800252038345776	0	1.44215176319375	0.578962101436191	1	0.578962101436191	0.999370840320332	NA	"prevalence"	46	7
"Bifidobacterium_pseudocatenulatum.t__SGB17237"	"Delivery_mode"	"C-section"	"Delivery_modeC-section"	-0.686351630427486	0	0.989864351044444	0.488071435413825	1	0.455495830339491	0.999370840320332	NA	"prevalence"	46	7
"Bifidobacterium_pseudocatenulatum.t__SGB17237"	"Ethnicity"	"European"	"EthnicityEuropean"	-0.123828650051982	0	0.874146673899576	0.887351253419029	1	0.887351253419029	0.999370840320332	NA	"prevalence"	46	7
"Bifidobacterium_pseudocatenulatum.t__SGB17237"	"Feeding_method"	"Breastfed"	"Feeding_methodBreastfed"	-0.622877580025329	0	0.84342964617438	0.460207219986893	1	0.354615288346242	0.999370840320332	NA	"prevalence"	46	7
"Bifidobacterium_pseudocatenulatum.t__SGB17237"	"Probiotics"	"Yes"	"ProbioticsYes"	-2.5508650441811	0	1.56044930197457	0.102112144678811	1	0.102112144678811	0.999370840320332	NA	"prevalence"	46	7
"Bifidobacterium_pseudocatenulatum.t__SGB17237"	"Read_depth"	"Read_depth"	"Read_depth"	-0.207432596670343	0	0.396481467748981	0.60084650168299	1	0.696278151904049	0.999370840320332	NA	"prevalence"	46	7
"Bifidobacterium_pseudocatenulatum.t__SGB17237"	"Sex"	"Female"	"SexFemale"	-0.524910798700908	0	0.806395524717499	0.515088664769668	1	0.723701744320623	0.999370840320332	NA	"prevalence"	46	7
"Bifidobacterium_pseudocatenulatum.t__SGB17237"	"Termness"	"term"	"Termnessterm"	-1.69218280089064	0	1.17629073118831	0.150270886447123	1	0.277960433580642	0.999370840320332	NA	"prevalence"	46	7
"Cellulosilyticum_lentocellum.t__SGB6079"	"Antibiotics"	"Yes"	"AntibioticsYes"	-0.278206876708664	0	1.70747291831147	0.87056971596781	1	0.87056971596781	0.999370840320332	NA	"prevalence"	46	2
"Cellulosilyticum_lentocellum.t__SGB6079"	"Delivery_mode"	"C-section"	"Delivery_modeC-section"	0.506908111234393	0	1.36797338155022	0.710969693200644	1	0.710969693200644	0.999370840320332	NA	"prevalence"	46	2
"Cellulosilyticum_lentocellum.t__SGB6079"	"Ethnicity"	"European"	"EthnicityEuropean"	-0.725231079073764	0	1.19680108253025	0.544531607920024	1	0.544531607920024	0.999370840320332	NA	"prevalence"	46	2
"Cellulosilyticum_lentocellum.t__SGB6079"	"Feeding_method"	"Breastfed"	"Feeding_methodBreastfed"	-0.685488927812817	0	1.14596973597796	0.549724055134299	1	0.549724055134299	0.999370840320332	NA	"prevalence"	46	2
"Cellulosilyticum_lentocellum.t__SGB6079"	"Probiotics"	"Yes"	"ProbioticsYes"	-0.21285808625416	0	2.17556518400906	0.922059056477756	1	0.922059056477756	0.999370840320332	NA	"prevalence"	46	2
"Cellulosilyticum_lentocellum.t__SGB6079"	"Read_depth"	"Read_depth"	"Read_depth"	-0.241785818650166	0	0.408926231722156	0.554339517915242	1	0.554339517915242	0.999370840320332	NA	"prevalence"	46	2
"Cellulosilyticum_lentocellum.t__SGB6079"	"Sex"	"Female"	"SexFemale"	-0.206849547605908	0	0.996177432742587	0.83550750980807	1	0.83550750980807	0.999370840320332	NA	"prevalence"	46	2
"Cellulosilyticum_lentocellum.t__SGB6079"	"Termness"	"term"	"Termnessterm"	0.968296634052007	0	1.93247564381605	0.616325113835071	1	0.616325113835071	0.999370840320332	NA	"prevalence"	46	2
"Citrobacter_braakii.t__SGB10086"	"Antibiotics"	"Yes"	"AntibioticsYes"	0.271899813931949	0	1.29597618339095	0.833821357600071	1	0.833821357600071	0.999370840320332	NA	"prevalence"	46	3
"Citrobacter_braakii.t__SGB10086"	"Delivery_mode"	"C-section"	"Delivery_modeC-section"	-0.572669607110777	0	1.222636615756	0.639506394735379	1	0.639506394735379	0.999370840320332	NA	"prevalence"	46	3
"Citrobacter_braakii.t__SGB10086"	"Ethnicity"	"European"	"EthnicityEuropean"	-0.372488317358481	0	0.974111857930935	0.702173869942669	1	0.702173869942669	0.999370840320332	NA	"prevalence"	46	3
"Citrobacter_braakii.t__SGB10086"	"Feeding_method"	"Breastfed"	"Feeding_methodBreastfed"	0.702661178306146	0	0.993454295197786	0.479385722130774	1	0.479385722130774	0.999370840320332	NA	"prevalence"	46	3
"Citrobacter_braakii.t__SGB10086"	"Probiotics"	"Yes"	"ProbioticsYes"	1.21608641167017	0	2.05694403994218	0.554379551998207	1	0.554379551998207	0.999370840320332	NA	"prevalence"	46	3
"Citrobacter_braakii.t__SGB10086"	"Read_depth"	"Read_depth"	"Read_depth"	0.330514726612222	0	0.810256637204685	0.683337085279901	1	0.683337085279901	0.999370840320332	NA	"prevalence"	46	3
"Citrobacter_braakii.t__SGB10086"	"Sex"	"Female"	"SexFemale"	-0.0167779672362806	0	1.01532020781254	0.986815714211057	1	0.986815714211057	0.999370840320332	NA	"prevalence"	46	3
"Citrobacter_braakii.t__SGB10086"	"Termness"	"term"	"Termnessterm"	-0.166446517442292	0	2.0358158421823	0.934838262479549	1	0.934838262479549	0.999370840320332	NA	"prevalence"	46	3
"Citrobacter_freundii.t__SGB10083"	"Antibiotics"	"Yes"	"AntibioticsYes"	-0.987739778783999	0	1.25583970589178	0.431564430044017	1	0.431564430044017	0.999370840320332	NA	"prevalence"	46	7
"Citrobacter_freundii.t__SGB10083"	"Delivery_mode"	"C-section"	"Delivery_modeC-section"	-0.28093954933657	0	1.0245367002179	0.783922238031689	1	0.783922238031689	0.999370840320332	NA	"prevalence"	46	7
"Citrobacter_freundii.t__SGB10083"	"Ethnicity"	"European"	"EthnicityEuropean"	-0.0402627086939495	0	0.93733541302691	0.965737859628706	1	0.965737859628706	0.999370840320332	NA	"prevalence"	46	7
"Citrobacter_freundii.t__SGB10083"	"Feeding_method"	"Breastfed"	"Feeding_methodBreastfed"	-1.00413640095364	0	0.867885119866046	0.247275506283821	1	0.247275506283821	0.999370840320332	NA	"prevalence"	46	7
"Citrobacter_freundii.t__SGB10083"	"Probiotics"	"Yes"	"ProbioticsYes"	1.04546824319726	0	2.01556942018385	0.603972596766315	1	0.603972596766315	0.999370840320332	NA	"prevalence"	46	7
"Citrobacter_freundii.t__SGB10083"	"Read_depth"	"Read_depth"	"Read_depth"	-0.332566320434696	0	0.354458044242312	0.348121658908228	1	0.348121658908228	0.999370840320332	NA	"prevalence"	46	7
"Citrobacter_freundii.t__SGB10083"	"Sex"	"Female"	"SexFemale"	-1.19162224071168	0	0.821505584113687	0.146909509070837	1	0.146909509070837	0.999370840320332	NA	"prevalence"	46	7
"Citrobacter_freundii.t__SGB10083"	"Termness"	"term"	"Termnessterm"	1.51832898726726	0	1.89718033586862	0.423532250990068	1	0.423532250990068	0.999370840320332	NA	"prevalence"	46	7
"Clostridium_butyricum.t__SGB6170"	"Antibiotics"	"Yes"	"AntibioticsYes"	-0.211030433115688	0	1.33058922977581	0.873984632037705	1	0.873984632037705	0.999370840320332	NA	"prevalence"	46	2
"Clostridium_butyricum.t__SGB6170"	"Delivery_mode"	"C-section"	"Delivery_modeC-section"	0.194547163307784	0	1.4100643047674	0.890263795941654	1	0.890263795941654	0.999370840320332	NA	"prevalence"	46	2
"Clostridium_butyricum.t__SGB6170"	"Ethnicity"	"European"	"EthnicityEuropean"	-0.345430375799392	0	1.09097806784154	0.751528549813344	1	0.751528549813344	0.999370840320332	NA	"prevalence"	46	2
"Clostridium_butyricum.t__SGB6170"	"Feeding_method"	"Breastfed"	"Feeding_methodBreastfed"	-0.567574289163191	0	1.06891760823383	0.595432367900555	1	0.595432367900555	0.999370840320332	NA	"prevalence"	46	2
"Clostridium_butyricum.t__SGB6170"	"Probiotics"	"Yes"	"ProbioticsYes"	0.813495504962613	0	2.0147211626268	0.686377646309483	1	0.686377646309483	0.999370840320332	NA	"prevalence"	46	2
"Clostridium_butyricum.t__SGB6170"	"Read_depth"	"Read_depth"	"Read_depth"	0.0665893160547247	0	0.657078010587694	0.919279319338026	1	0.919279319338026	0.999370840320332	NA	"prevalence"	46	2
"Clostridium_butyricum.t__SGB6170"	"Sex"	"Female"	"SexFemale"	0.0977151408397542	0	1.02644746199179	0.924158026425648	1	0.924158026425648	0.999370840320332	NA	"prevalence"	46	2
"Clostridium_butyricum.t__SGB6170"	"Termness"	"term"	"Termnessterm"	-0.00594160627453269	0	1.98899032301668	0.997616524923614	1	0.997616524923614	0.999370840320332	NA	"prevalence"	46	2
"Clostridium_neonatale.t__SGB6169"	"Antibiotics"	"Yes"	"AntibioticsYes"	0.996531589959072	0	1.51431175531399	0.510489565230399	1	0.418181169391728	0.999370840320332	NA	"prevalence"	46	8
"Clostridium_neonatale.t__SGB6169"	"Delivery_mode"	"C-section"	"Delivery_modeC-section"	1.10831950428477	0	0.984333020014123	0.26018249503425	1	0.210026321778035	0.999370840320332	NA	"prevalence"	46	8
"Clostridium_neonatale.t__SGB6169"	"Ethnicity"	"European"	"EthnicityEuropean"	-0.41236859706144	0	0.86771593410097	0.634619799031494	1	0.634619799031494	0.999370840320332	NA	"prevalence"	46	8
"Clostridium_neonatale.t__SGB6169"	"Feeding_method"	"Breastfed"	"Feeding_methodBreastfed"	0.514770382458903	0	0.875950312988853	0.556753308409172	1	0.803532370393786	0.999370840320332	NA	"prevalence"	46	8
"Clostridium_neonatale.t__SGB6169"	"Probiotics"	"Yes"	"ProbioticsYes"	-1.50521014747929	0	1.61691630631023	0.351898013241726	1	0.351898013241726	0.999370840320332	NA	"prevalence"	46	8
"Clostridium_neonatale.t__SGB6169"	"Read_depth"	"Read_depth"	"Read_depth"	0.148434936562735	0	0.358353656878943	0.678717727032847	1	0.328770631357371	0.999370840320332	NA	"prevalence"	46	8
"Clostridium_neonatale.t__SGB6169"	"Sex"	"Female"	"SexFemale"	0.0465793036293982	0	0.790965380109401	0.953040375211653	1	0.631104457141599	0.999370840320332	NA	"prevalence"	46	8
"Clostridium_neonatale.t__SGB6169"	"Termness"	"term"	"Termnessterm"	0.559915964517268	0	1.19711029941353	0.639982724584945	1	0.683970191701055	0.999370840320332	NA	"prevalence"	46	8
"Clostridium_paraputrificum.t__SGB6187"	"Antibiotics"	"Yes"	"AntibioticsYes"	-0.742873219769543	0	1.24008685531333	0.549139978672327	1	0.243239955886763	0.999370840320332	NA	"prevalence"	46	8
"Clostridium_paraputrificum.t__SGB6187"	"Delivery_mode"	"C-section"	"Delivery_modeC-section"	-0.0890732955500681	0	0.971052397941957	0.926913658480061	1	0.478463016935539	0.999370840320332	NA	"prevalence"	46	8
"Clostridium_paraputrificum.t__SGB6187"	"Ethnicity"	"European"	"EthnicityEuropean"	0.00812390988148674	0	0.860939612678559	0.992471195445448	1	0.992471195445448	0.999370840320332	NA	"prevalence"	46	8
"Clostridium_paraputrificum.t__SGB6187"	"Feeding_method"	"Breastfed"	"Feeding_methodBreastfed"	-0.329732203336678	0	0.819442651365128	0.68740001423538	1	0.657944235461761	0.999370840320332	NA	"prevalence"	46	8
"Clostridium_paraputrificum.t__SGB6187"	"Probiotics"	"Yes"	"ProbioticsYes"	-1.09161782131968	0	1.32362550932234	0.409531693526766	1	0.409531693526766	0.999370840320332	NA	"prevalence"	46	8
"Clostridium_paraputrificum.t__SGB6187"	"Read_depth"	"Read_depth"	"Read_depth"	0.321811696782671	0	0.55016072146801	0.558587224939342	1	0.805154762013249	0.999370840320332	NA	"prevalence"	46	8
"Clostridium_paraputrificum.t__SGB6187"	"Sex"	"Female"	"SexFemale"	-0.895331566106264	0	0.770760967765677	0.245389743331958	1	0.194467239026945	0.999370840320332	NA	"prevalence"	46	8
"Clostridium_paraputrificum.t__SGB6187"	"Termness"	"term"	"Termnessterm"	-1.13405354240327	0	1.14665793307144	0.322659366951025	1	0.308407519598955	0.999370840320332	NA	"prevalence"	46	8
"Clostridium_perfringens.t__SGB6191"	"Antibiotics"	"Yes"	"AntibioticsYes"	-1.85470906588485	0	1.02377421340882	0.0700420288873394	1	0.135178171964024	0.999370840320332	NA	"prevalence"	46	20
"Clostridium_perfringens.t__SGB6191"	"Delivery_mode"	"C-section"	"Delivery_modeC-section"	0.246381723200358	0	0.843395179571105	0.770186604985887	1	0.390397972773865	0.999370840320332	NA	"prevalence"	46	20
"Clostridium_perfringens.t__SGB6191"	"Ethnicity"	"European"	"EthnicityEuropean"	0.753599599679811	0	0.72545195773601	0.298897693413419	1	0.508455555698975	0.999370840320332	NA	"prevalence"	46	20
"Clostridium_perfringens.t__SGB6191"	"Feeding_method"	"Breastfed"	"Feeding_methodBreastfed"	-0.334937708220504	0	0.702918647573405	0.633721274913856	1	0.687389199355615	0.999370840320332	NA	"prevalence"	46	20
"Clostridium_perfringens.t__SGB6191"	"Probiotics"	"Yes"	"ProbioticsYes"	-0.403038204406269	0	1.26903846275437	0.750793402525137	1	0.937896071775001	0.999370840320332	NA	"prevalence"	46	20
"Clostridium_perfringens.t__SGB6191"	"Read_depth"	"Read_depth"	"Read_depth"	-0.380574627588	0	0.383064827110302	0.320466704150158	1	0.538234499831452	0.999370840320332	NA	"prevalence"	46	20
"Clostridium_perfringens.t__SGB6191"	"Sex"	"Female"	"SexFemale"	-0.28574404413228	0	0.672251161614721	0.670796226914355	1	0.891624875786175	0.999370840320332	NA	"prevalence"	46	20
"Clostridium_perfringens.t__SGB6191"	"Termness"	"term"	"Termnessterm"	-1.23820139624121	0	1.17622349126016	0.292482045103042	1	0.499418343498426	0.999370840320332	NA	"prevalence"	46	20
"Clostridium_tertium.t__SGB6183"	"Antibiotics"	"Yes"	"AntibioticsYes"	-0.658668174032094	0	1.68422469853069	0.695737410515784	1	0.695737410515784	0.999370840320332	NA	"prevalence"	46	3
"Clostridium_tertium.t__SGB6183"	"Delivery_mode"	"C-section"	"Delivery_modeC-section"	-0.129668141262052	0	1.15771398217128	0.910820547018092	1	0.910820547018092	0.999370840320332	NA	"prevalence"	46	3
"Clostridium_tertium.t__SGB6183"	"Ethnicity"	"European"	"EthnicityEuropean"	0.104909616296071	0	1.06352735606554	0.92142166224373	1	0.92142166224373	0.999370840320332	NA	"prevalence"	46	3
"Clostridium_tertium.t__SGB6183"	"Feeding_method"	"Breastfed"	"Feeding_methodBreastfed"	0.0264401465375561	0	1.01976973266269	0.979315113345123	1	0.979315113345123	0.999370840320332	NA	"prevalence"	46	3
"Clostridium_tertium.t__SGB6183"	"Probiotics"	"Yes"	"ProbioticsYes"	-0.998105893325607	0	1.67547859540516	0.55136636881086	1	0.55136636881086	0.999370840320332	NA	"prevalence"	46	3
"Clostridium_tertium.t__SGB6183"	"Read_depth"	"Read_depth"	"Read_depth"	0.0700921170229596	0	0.537270248105107	0.896202733925782	1	0.896202733925782	0.999370840320332	NA	"prevalence"	46	3
"Clostridium_tertium.t__SGB6183"	"Sex"	"Female"	"SexFemale"	-1.14502055372248	0	0.987284110714402	0.246143261414302	1	0.246143261414302	0.999370840320332	NA	"prevalence"	46	3
"Clostridium_tertium.t__SGB6183"	"Termness"	"term"	"Termnessterm"	-0.545409777735276	0	1.3342682313844	0.682707933658958	1	0.682707933658958	0.999370840320332	NA	"prevalence"	46	3
"Collinsella_aerofaciens.t__SGB14535_group"	"Antibiotics"	"Yes"	"AntibioticsYes"	-1.46071849452472	0	1.49558993754094	0.328725707428559	1	0.328725707428559	0.999370840320332	NA	"prevalence"	46	2
"Collinsella_aerofaciens.t__SGB14535_group"	"Delivery_mode"	"C-section"	"Delivery_modeC-section"	-0.916436133222627	0	1.29144862879008	0.477940602796799	1	0.477940602796799	0.999370840320332	NA	"prevalence"	46	2
"Collinsella_aerofaciens.t__SGB14535_group"	"Ethnicity"	"European"	"EthnicityEuropean"	0.227681022027697	0	1.07428450780537	0.832155903845808	1	0.832155903845808	0.999370840320332	NA	"prevalence"	46	2
"Collinsella_aerofaciens.t__SGB14535_group"	"Feeding_method"	"Breastfed"	"Feeding_methodBreastfed"	-1.09456841774374	0	1.02864934951202	0.287291043196766	1	0.287291043196766	0.999370840320332	NA	"prevalence"	46	2
"Collinsella_aerofaciens.t__SGB14535_group"	"Probiotics"	"Yes"	"ProbioticsYes"	0.784138356956424	0	2.01932622713733	0.697781584874754	1	0.697781584874754	0.999370840320332	NA	"prevalence"	46	2
"Collinsella_aerofaciens.t__SGB14535_group"	"Read_depth"	"Read_depth"	"Read_depth"	-0.133197588515915	0	0.547774799322766	0.807880507275662	1	0.807880507275662	0.999370840320332	NA	"prevalence"	46	2
"Collinsella_aerofaciens.t__SGB14535_group"	"Sex"	"Female"	"SexFemale"	-0.324489210856737	0	0.968442296293949	0.737577539748074	1	0.737577539748074	0.999370840320332	NA	"prevalence"	46	2
"Collinsella_aerofaciens.t__SGB14535_group"	"Termness"	"term"	"Termnessterm"	-0.118098742784187	0	2.00434905836604	0.953014836046235	1	0.953014836046235	0.999370840320332	NA	"prevalence"	46	2
"Corynebacterium_accolens.t__SGB17097"	"Antibiotics"	"Yes"	"AntibioticsYes"	0.829661516754746	0	1.79053702822922	0.643107033806428	1	0.643107033806428	0.999370840320332	NA	"prevalence"	46	2
"Corynebacterium_accolens.t__SGB17097"	"Delivery_mode"	"C-section"	"Delivery_modeC-section"	1.00183314883151	0	1.3116261796943	0.444980496449774	1	0.444980496449774	0.999370840320332	NA	"prevalence"	46	2
"Corynebacterium_accolens.t__SGB17097"	"Ethnicity"	"European"	"EthnicityEuropean"	0.397521767353131	0	1.14916779242413	0.729401762102738	1	0.729401762102738	0.999370840320332	NA	"prevalence"	46	2
"Corynebacterium_accolens.t__SGB17097"	"Feeding_method"	"Breastfed"	"Feeding_methodBreastfed"	0.534505865719108	0	1.18156244118593	0.651000953136722	1	0.651000953136722	0.999370840320332	NA	"prevalence"	46	2
"Corynebacterium_accolens.t__SGB17097"	"Probiotics"	"Yes"	"ProbioticsYes"	-0.343229910814402	0	2.23781020498731	0.878100525280058	1	0.878100525280058	0.999370840320332	NA	"prevalence"	46	2
"Corynebacterium_accolens.t__SGB17097"	"Read_depth"	"Read_depth"	"Read_depth"	0.0684701999162298	0	0.403881377567142	0.865379407323667	1	0.865379407323667	0.999370840320332	NA	"prevalence"	46	2
"Corynebacterium_accolens.t__SGB17097"	"Sex"	"Female"	"SexFemale"	0.751308610483111	0	1.10774421473442	0.497624013029332	1	0.497624013029332	0.999370840320332	NA	"prevalence"	46	2
"Corynebacterium_accolens.t__SGB17097"	"Termness"	"term"	"Termnessterm"	0.781752138771121	0	1.95561557136064	0.689342614400522	1	0.689342614400522	0.999370840320332	NA	"prevalence"	46	2
"Corynebacterium_bovis.t__SGB33717"	"Antibiotics"	"Yes"	"AntibioticsYes"	0.740020164359848	0	1.7849393847167	0.678441190123755	1	0.678441190123755	0.999370840320332	NA	"prevalence"	46	2
"Corynebacterium_bovis.t__SGB33717"	"Delivery_mode"	"C-section"	"Delivery_modeC-section"	0.867508471994205	0	1.31410338926362	0.509156051710784	1	0.509156051710784	0.999370840320332	NA	"prevalence"	46	2
"Corynebacterium_bovis.t__SGB33717"	"Ethnicity"	"European"	"EthnicityEuropean"	0.390168857636848	0	1.14651527389846	0.733624239969414	1	0.733624239969414	0.999370840320332	NA	"prevalence"	46	2
"Corynebacterium_bovis.t__SGB33717"	"Feeding_method"	"Breastfed"	"Feeding_methodBreastfed"	0.461036925035366	0	1.17385396801236	0.694500500747368	1	0.694500500747368	0.999370840320332	NA	"prevalence"	46	2
"Corynebacterium_bovis.t__SGB33717"	"Probiotics"	"Yes"	"ProbioticsYes"	-0.364997425173833	0	2.23687415076323	0.870382238450404	1	0.870382238450404	0.999370840320332	NA	"prevalence"	46	2
"Corynebacterium_bovis.t__SGB33717"	"Read_depth"	"Read_depth"	"Read_depth"	-0.076328846466543	0	0.374545006723398	0.838516940972373	1	0.838516940972373	0.999370840320332	NA	"prevalence"	46	2
"Corynebacterium_bovis.t__SGB33717"	"Sex"	"Female"	"SexFemale"	0.649109871677232	0	1.10915566758659	0.558393863258773	1	0.558393863258773	0.999370840320332	NA	"prevalence"	46	2
"Corynebacterium_bovis.t__SGB33717"	"Termness"	"term"	"Termnessterm"	0.750610978909434	0	1.96214255068885	0.702055964031882	1	0.702055964031882	0.999370840320332	NA	"prevalence"	46	2
"Corynebacterium_kroppenstedtii.t__SGB17000"	"Antibiotics"	"Yes"	"AntibioticsYes"	0.0144873088868148	0	1.73848610249647	0.993351073507278	1	0.993351073507278	0.999370840320332	NA	"prevalence"	46	2
"Corynebacterium_kroppenstedtii.t__SGB17000"	"Delivery_mode"	"C-section"	"Delivery_modeC-section"	-0.15728910043684	0	1.10224698383486	0.886528223164943	1	0.886528223164943	0.999370840320332	NA	"prevalence"	46	2
"Corynebacterium_kroppenstedtii.t__SGB17000"	"Ethnicity"	"European"	"EthnicityEuropean"	0.36249897567935	0	1.07099020023395	0.735008381859857	1	0.735008381859857	0.999370840320332	NA	"prevalence"	46	2
"Corynebacterium_kroppenstedtii.t__SGB17000"	"Feeding_method"	"Breastfed"	"Feeding_methodBreastfed"	0.552621943717204	0	1.07163856480018	0.606078337047821	1	0.606078337047821	0.999370840320332	NA	"prevalence"	46	2
"Corynebacterium_kroppenstedtii.t__SGB17000"	"Probiotics"	"Yes"	"ProbioticsYes"	0.265548039469792	0	2.23983756432274	0.905626469379911	1	0.905626469379911	0.999370840320332	NA	"prevalence"	46	2
"Corynebacterium_kroppenstedtii.t__SGB17000"	"Read_depth"	"Read_depth"	"Read_depth"	0.0492040954268904	0	0.454046181526976	0.913703751025797	1	0.913703751025797	0.999370840320332	NA	"prevalence"	46	2
"Corynebacterium_kroppenstedtii.t__SGB17000"	"Sex"	"Female"	"SexFemale"	-0.170640400605074	0	1.01578496404143	0.866592164956276	1	0.866592164956276	0.999370840320332	NA	"prevalence"	46	2
"Corynebacterium_kroppenstedtii.t__SGB17000"	"Termness"	"term"	"Termnessterm"	0.863424178433934	0	1.98057773262753	0.662876188253546	1	0.662876188253546	0.999370840320332	NA	"prevalence"	46	2
"Corynebacterium_kroppenstedtii.t__SGB17005"	"Antibiotics"	"Yes"	"AntibioticsYes"	-0.499815689577302	0	1.4888717537218	0.737096375469981	1	0.737096375469981	0.999370840320332	NA	"prevalence"	46	4
"Corynebacterium_kroppenstedtii.t__SGB17005"	"Delivery_mode"	"C-section"	"Delivery_modeC-section"	0.372719393421257	0	1.04266846346376	0.720742351640799	1	0.720742351640799	0.999370840320332	NA	"prevalence"	46	4
"Corynebacterium_kroppenstedtii.t__SGB17005"	"Ethnicity"	"European"	"EthnicityEuropean"	0.299051170391531	0	0.939422743051079	0.750230812506304	1	0.750230812506304	0.999370840320332	NA	"prevalence"	46	4
"Corynebacterium_kroppenstedtii.t__SGB17005"	"Feeding_method"	"Breastfed"	"Feeding_methodBreastfed"	0.408512457604496	0	0.950122806920074	0.667226533511222	1	0.667226533511222	0.999370840320332	NA	"prevalence"	46	4
"Corynebacterium_kroppenstedtii.t__SGB17005"	"Probiotics"	"Yes"	"ProbioticsYes"	0.944266717846076	0	2.0349333801587	0.642627455700252	1	0.642627455700252	0.999370840320332	NA	"prevalence"	46	4
"Corynebacterium_kroppenstedtii.t__SGB17005"	"Read_depth"	"Read_depth"	"Read_depth"	0.360722297550256	0	0.518660195130866	0.486749099170626	1	0.486749099170626	0.999370840320332	NA	"prevalence"	46	4
"Corynebacterium_kroppenstedtii.t__SGB17005"	"Sex"	"Female"	"SexFemale"	0.450143466843701	0	0.909543966338333	0.620662826916995	1	0.620662826916995	0.999370840320332	NA	"prevalence"	46	4
"Corynebacterium_kroppenstedtii.t__SGB17005"	"Termness"	"term"	"Termnessterm"	1.03720001296289	0	1.91281395379065	0.587654704522644	1	0.587654704522644	0.999370840320332	NA	"prevalence"	46	4
"Corynebacterium_pseudodiphtheriticum.t__SGB17013"	"Antibiotics"	"Yes"	"AntibioticsYes"	0.0126130089383396	0	1.74931668965589	0.994247103478145	1	0.994247103478145	0.999370840320332	NA	"prevalence"	46	4
"Corynebacterium_pseudodiphtheriticum.t__SGB17013"	"Delivery_mode"	"C-section"	"Delivery_modeC-section"	-0.917170054724259	0	0.97288434164523	0.345817552254123	1	0.345817552254123	0.999370840320332	NA	"prevalence"	46	4
"Corynebacterium_pseudodiphtheriticum.t__SGB17013"	"Ethnicity"	"European"	"EthnicityEuropean"	-0.841880035169406	0	1.0126733758199	0.405779268898896	1	0.405779268898896	0.999370840320332	NA	"prevalence"	46	4
"Corynebacterium_pseudodiphtheriticum.t__SGB17013"	"Feeding_method"	"Breastfed"	"Feeding_methodBreastfed"	0.900853130111967	0	1.0043696189946	0.369754205051249	1	0.369754205051249	0.999370840320332	NA	"prevalence"	46	4
"Corynebacterium_pseudodiphtheriticum.t__SGB17013"	"Probiotics"	"Yes"	"ProbioticsYes"	0.150645013369819	0	2.18534154664665	0.945041907402482	1	0.945041907402482	0.999370840320332	NA	"prevalence"	46	4
"Corynebacterium_pseudodiphtheriticum.t__SGB17013"	"Read_depth"	"Read_depth"	"Read_depth"	0.84564736428129	0	0.719533985507763	0.23988634748456	1	0.23988634748456	0.999370840320332	NA	"prevalence"	46	4
"Corynebacterium_pseudodiphtheriticum.t__SGB17013"	"Sex"	"Female"	"SexFemale"	0.729242439056382	0	0.9369582736279	0.436387259718295	1	0.436387259718295	0.999370840320332	NA	"prevalence"	46	4
"Corynebacterium_pseudodiphtheriticum.t__SGB17013"	"Termness"	"term"	"Termnessterm"	0.723821632107801	0	1.93752759299816	0.708716787607043	1	0.708716787607043	0.999370840320332	NA	"prevalence"	46	4
"Corynebacterium_simulans.t__SGB17120"	"Antibiotics"	"Yes"	"AntibioticsYes"	-0.472152968955064	0	1.74152571410588	0.786302927420729	1	0.786302927420729	0.999370840320332	NA	"prevalence"	46	3
"Corynebacterium_simulans.t__SGB17120"	"Delivery_mode"	"C-section"	"Delivery_modeC-section"	-1.39410465558296	0	1.13928218178944	0.221076996832179	1	0.221076996832179	0.999370840320332	NA	"prevalence"	46	3
"Corynebacterium_simulans.t__SGB17120"	"Ethnicity"	"European"	"EthnicityEuropean"	-0.375088171334254	0	0.960801206519119	0.696247420752947	1	0.696247420752947	0.999370840320332	NA	"prevalence"	46	3
"Corynebacterium_simulans.t__SGB17120"	"Feeding_method"	"Breastfed"	"Feeding_methodBreastfed"	0.867174888144609	0	1.00953459607491	0.390348893839152	1	0.390348893839152	0.999370840320332	NA	"prevalence"	46	3
"Corynebacterium_simulans.t__SGB17120"	"Probiotics"	"Yes"	"ProbioticsYes"	-1.36581716184762	0	1.66503561329684	0.412049060500868	1	0.412049060500868	0.999370840320332	NA	"prevalence"	46	3
"Corynebacterium_simulans.t__SGB17120"	"Read_depth"	"Read_depth"	"Read_depth"	-0.114124509704077	0	0.466748875728382	0.806836285979274	1	0.806836285979274	0.999370840320332	NA	"prevalence"	46	3
"Corynebacterium_simulans.t__SGB17120"	"Sex"	"Female"	"SexFemale"	-0.39689814515778	0	0.981027203466325	0.68579063931022	1	0.68579063931022	0.999370840320332	NA	"prevalence"	46	3
"Corynebacterium_simulans.t__SGB17120"	"Termness"	"term"	"Termnessterm"	-1.14424184924079	0	1.41657799185153	0.419234116957647	1	0.419234116957647	0.999370840320332	NA	"prevalence"	46	3
"Cutibacterium_acnes.t__SGB16955"	"Antibiotics"	"Yes"	"AntibioticsYes"	-1.45307875518597	0	1.54095671533384	0.345695318133727	1	0.345695318133727	0.999370840320332	NA	"prevalence"	46	2
"Cutibacterium_acnes.t__SGB16955"	"Delivery_mode"	"C-section"	"Delivery_modeC-section"	-1.15350131461255	0	1.35215707219902	0.393613645929116	1	0.393613645929116	0.999370840320332	NA	"prevalence"	46	2
"Cutibacterium_acnes.t__SGB16955"	"Ethnicity"	"European"	"EthnicityEuropean"	-1.52730240833442	0	1.06383598983745	0.151100281693909	1	0.151100281693909	0.999370840320332	NA	"prevalence"	46	2
"Cutibacterium_acnes.t__SGB16955"	"Feeding_method"	"Breastfed"	"Feeding_methodBreastfed"	1.1087364239259	0	1.08676034465882	0.307623355549164	1	0.307623355549164	0.999370840320332	NA	"prevalence"	46	2
"Cutibacterium_acnes.t__SGB16955"	"Probiotics"	"Yes"	"ProbioticsYes"	1.19904491510679	0	2.09879890009712	0.567795945387381	1	0.567795945387381	0.999370840320332	NA	"prevalence"	46	2
"Cutibacterium_acnes.t__SGB16955"	"Read_depth"	"Read_depth"	"Read_depth"	-0.288480049683117	0	0.472183638156877	0.54123344488224	1	0.54123344488224	0.999370840320332	NA	"prevalence"	46	2
"Cutibacterium_acnes.t__SGB16955"	"Sex"	"Female"	"SexFemale"	-0.547312404065997	0	1.05085428387214	0.602487875905342	1	0.602487875905342	0.999370840320332	NA	"prevalence"	46	2
"Cutibacterium_acnes.t__SGB16955"	"Termness"	"term"	"Termnessterm"	0.626698391852016	0	2.12710899355494	0.768280755636604	1	0.768280755636604	0.999370840320332	NA	"prevalence"	46	2
"Cutibacterium_avidum.t__SGB16953"	"Antibiotics"	"Yes"	"AntibioticsYes"	-0.275515820426405	0	1.02960700784594	0.78901247588211	1	0.923300063494938	0.999370840320332	NA	"prevalence"	46	13
"Cutibacterium_avidum.t__SGB16953"	"Delivery_mode"	"C-section"	"Delivery_modeC-section"	-0.338396105647574	0	0.853887076428801	0.691883159465539	1	0.803085556707616	0.999370840320332	NA	"prevalence"	46	13
"Cutibacterium_avidum.t__SGB16953"	"Ethnicity"	"European"	"EthnicityEuropean"	-0.603161085714855	0	0.722383501205737	0.403740419353631	1	0.644474512487416	0.999370840320332	NA	"prevalence"	46	13
"Cutibacterium_avidum.t__SGB16953"	"Feeding_method"	"Breastfed"	"Feeding_methodBreastfed"	0.960230932651485	0	0.733310658958792	0.190383215025436	1	0.34452066148745	0.999370840320332	NA	"prevalence"	46	13
"Cutibacterium_avidum.t__SGB16953"	"Probiotics"	"Yes"	"ProbioticsYes"	-0.383195889918354	0	1.2095788245232	0.751394537162601	1	0.938195323847403	0.999370840320332	NA	"prevalence"	46	13
"Cutibacterium_avidum.t__SGB16953"	"Read_depth"	"Read_depth"	"Read_depth"	0.0836376768151607	0	0.376037783724481	0.823988283333464	1	0.969019875596099	0.999370840320332	NA	"prevalence"	46	13
"Cutibacterium_avidum.t__SGB16953"	"Sex"	"Female"	"SexFemale"	-0.0651979351021579	0	0.704376016552881	0.926252117669666	1	0.376324019029896	0.999370840320332	NA	"prevalence"	46	13
"Cutibacterium_avidum.t__SGB16953"	"Termness"	"term"	"Termnessterm"	-0.910847580919443	0	1.11966699976283	0.415932226041772	1	0.44443691484974	0.999370840320332	NA	"prevalence"	46	13
"Cutibacterium_granulosum.t__SGB16958"	"Antibiotics"	"Yes"	"AntibioticsYes"	-0.994954906348028	0	1.3143310839095	0.449047001775371	1	0.449047001775371	0.999370840320332	NA	"prevalence"	46	4
"Cutibacterium_granulosum.t__SGB16958"	"Delivery_mode"	"C-section"	"Delivery_modeC-section"	-1.18540663971355	0	1.32270431258023	0.370146345372872	1	0.370146345372872	0.999370840320332	NA	"prevalence"	46	4
"Cutibacterium_granulosum.t__SGB16958"	"Ethnicity"	"European"	"EthnicityEuropean"	-0.486728730804004	0	0.933933566137901	0.60225538097425	1	0.60225538097425	0.999370840320332	NA	"prevalence"	46	4
"Cutibacterium_granulosum.t__SGB16958"	"Feeding_method"	"Breastfed"	"Feeding_methodBreastfed"	-0.594720220000216	0	0.974620237963538	0.541724606050307	1	0.541724606050307	0.999370840320332	NA	"prevalence"	46	4
"Cutibacterium_granulosum.t__SGB16958"	"Probiotics"	"Yes"	"ProbioticsYes"	1.48856568145883	0	1.99818409433945	0.456296367814425	1	0.456296367814425	0.999370840320332	NA	"prevalence"	46	4
"Cutibacterium_granulosum.t__SGB16958"	"Read_depth"	"Read_depth"	"Read_depth"	-0.0870328476077681	0	0.617499885125985	0.887914253997682	1	0.887914253997682	0.999370840320332	NA	"prevalence"	46	4
"Cutibacterium_granulosum.t__SGB16958"	"Sex"	"Female"	"SexFemale"	1.25024947407902	0	1.03650223915337	0.227732769834288	1	0.227732769834288	0.999370840320332	NA	"prevalence"	46	4
"Cutibacterium_granulosum.t__SGB16958"	"Termness"	"term"	"Termnessterm"	-0.7253256053053	0	2.12045723459704	0.732305027981029	1	0.732305027981029	0.999370840320332	NA	"prevalence"	46	4
"Dermabacter_hominis.t__SGB17179"	"Antibiotics"	"Yes"	"AntibioticsYes"	0.401767751666463	0	1.7488965179242	0.81830435674719	1	0.81830435674719	0.999370840320332	NA	"prevalence"	46	2
"Dermabacter_hominis.t__SGB17179"	"Delivery_mode"	"C-section"	"Delivery_modeC-section"	0.770722222642918	0	1.33912931259317	0.564926278591914	1	0.564926278591914	0.999370840320332	NA	"prevalence"	46	2
"Dermabacter_hominis.t__SGB17179"	"Ethnicity"	"European"	"EthnicityEuropean"	-0.74576231515217	0	1.16306256699086	0.521389064802367	1	0.521389064802367	0.999370840320332	NA	"prevalence"	46	2
"Dermabacter_hominis.t__SGB17179"	"Feeding_method"	"Breastfed"	"Feeding_methodBreastfed"	-0.59317120181419	0	1.15531423411055	0.607651645547889	1	0.607651645547889	0.999370840320332	NA	"prevalence"	46	2
"Dermabacter_hominis.t__SGB17179"	"Probiotics"	"Yes"	"ProbioticsYes"	-0.37193298737518	0	2.20315542204027	0.865939551326994	1	0.865939551326994	0.999370840320332	NA	"prevalence"	46	2
"Dermabacter_hominis.t__SGB17179"	"Read_depth"	"Read_depth"	"Read_depth"	0.000360079710799571	0	0.456644030786409	0.999370840320332	1	0.999370840320332	0.999370840320332	NA	"prevalence"	46	2
"Dermabacter_hominis.t__SGB17179"	"Sex"	"Female"	"SexFemale"	0.890362924097545	0	1.05405912301855	0.398278792413832	1	0.398278792413832	0.999370840320332	NA	"prevalence"	46	2
"Dermabacter_hominis.t__SGB17179"	"Termness"	"term"	"Termnessterm"	0.93980499176509	0	1.95415289618261	0.630568345397884	1	0.630568345397884	0.999370840320332	NA	"prevalence"	46	2
"Dolosigranulum_pigrum.t__SGB7017"	"Antibiotics"	"Yes"	"AntibioticsYes"	-0.249527393619909	0	1.70223091379913	0.883456869635025	1	0.883456869635025	0.999370840320332	NA	"prevalence"	46	2
"Dolosigranulum_pigrum.t__SGB7017"	"Delivery_mode"	"C-section"	"Delivery_modeC-section"	-0.311526843151145	0	1.18021152878158	0.791811911262932	1	0.791811911262932	0.999370840320332	NA	"prevalence"	46	2
"Dolosigranulum_pigrum.t__SGB7017"	"Ethnicity"	"European"	"EthnicityEuropean"	0.208819272729342	0	1.10400337894297	0.849977360252264	1	0.849977360252264	0.999370840320332	NA	"prevalence"	46	2
"Dolosigranulum_pigrum.t__SGB7017"	"Feeding_method"	"Breastfed"	"Feeding_methodBreastfed"	-1.07114897723579	0	1.05938487297607	0.311966342311809	1	0.311966342311809	0.999370840320332	NA	"prevalence"	46	2
"Dolosigranulum_pigrum.t__SGB7017"	"Probiotics"	"Yes"	"ProbioticsYes"	-0.209306058796357	0	2.18516014231854	0.923691151085807	1	0.923691151085807	0.999370840320332	NA	"prevalence"	46	2
"Dolosigranulum_pigrum.t__SGB7017"	"Read_depth"	"Read_depth"	"Read_depth"	-0.0218124029091631	0	0.494522550120023	0.964818312258241	1	0.964818312258241	0.999370840320332	NA	"prevalence"	46	2
"Dolosigranulum_pigrum.t__SGB7017"	"Sex"	"Female"	"SexFemale"	-0.0751758031857063	0	0.952511279962798	0.937093238111554	1	0.937093238111554	0.999370840320332	NA	"prevalence"	46	2
"Dolosigranulum_pigrum.t__SGB7017"	"Termness"	"term"	"Termnessterm"	0.490233401862794	0	1.92919377081094	0.799408186245211	1	0.799408186245211	0.999370840320332	NA	"prevalence"	46	2
"Eggerthella_lenta.t__SGB14809"	"Antibiotics"	"Yes"	"AntibioticsYes"	-0.479211937720857	0	1.74378805625262	0.783461535506164	1	0.783461535506164	0.999370840320332	NA	"prevalence"	46	2
"Eggerthella_lenta.t__SGB14809"	"Delivery_mode"	"C-section"	"Delivery_modeC-section"	-1.38296901167726	0	1.25853807321573	0.2718250236911	1	0.2718250236911	0.999370840320332	NA	"prevalence"	46	2
"Eggerthella_lenta.t__SGB14809"	"Ethnicity"	"European"	"EthnicityEuropean"	0.949432585406556	0	1.14603603305099	0.407416177423819	1	0.407416177423819	0.999370840320332	NA	"prevalence"	46	2
"Eggerthella_lenta.t__SGB14809"	"Feeding_method"	"Breastfed"	"Feeding_methodBreastfed"	-1.51729452677805	0	1.07485414625963	0.158059436299836	1	0.158059436299836	0.999370840320332	NA	"prevalence"	46	2
"Eggerthella_lenta.t__SGB14809"	"Probiotics"	"Yes"	"ProbioticsYes"	-0.424923672074546	0	2.21000802047138	0.847528791996349	1	0.847528791996349	0.999370840320332	NA	"prevalence"	46	2
"Eggerthella_lenta.t__SGB14809"	"Read_depth"	"Read_depth"	"Read_depth"	-0.286317321247967	0	0.460451441470253	0.534061082253938	1	0.534061082253938	0.999370840320332	NA	"prevalence"	46	2
"Eggerthella_lenta.t__SGB14809"	"Sex"	"Female"	"SexFemale"	-0.119638025291516	0	1.00792187040581	0.905514845048793	1	0.905514845048793	0.999370840320332	NA	"prevalence"	46	2
"Eggerthella_lenta.t__SGB14809"	"Termness"	"term"	"Termnessterm"	-0.258126507348496	0	2.01472895955851	0.898054231463751	1	0.898054231463751	0.999370840320332	NA	"prevalence"	46	2
"Enterobacter_asburiae.t__SGB10141"	"Antibiotics"	"Yes"	"AntibioticsYes"	0.178823972007645	0	1.14520993787326	0.875915172684393	1	0.96150852120302	0.999370840320332	NA	"prevalence"	46	10
"Enterobacter_asburiae.t__SGB10141"	"Delivery_mode"	"C-section"	"Delivery_modeC-section"	0.694938914562119	0	1.04084660140009	0.504346187414698	1	0.132222671587902	0.999370840320332	NA	"prevalence"	46	10
"Enterobacter_asburiae.t__SGB10141"	"Ethnicity"	"European"	"EthnicityEuropean"	0.500083188156745	0	0.96078215755294	0.602717974381607	1	0.602717974381607	0.999370840320332	NA	"prevalence"	46	10
"Enterobacter_asburiae.t__SGB10141"	"Feeding_method"	"Breastfed"	"Feeding_methodBreastfed"	-0.990121352355159	0	0.845687730487642	0.241683857108321	1	0.366593315436418	0.999370840320332	NA	"prevalence"	46	10
"Enterobacter_asburiae.t__SGB10141"	"Probiotics"	"Yes"	"ProbioticsYes"	1.73601377236378	0	2.06429013264402	0.400362651545309	1	0.400362651545309	0.999370840320332	NA	"prevalence"	46	10
"Enterobacter_asburiae.t__SGB10141"	"Read_depth"	"Read_depth"	"Read_depth"	0.247679357929505	0	0.547474655167459	0.650978447349859	1	0.340372842582411	0.999370840320332	NA	"prevalence"	46	10
"Enterobacter_asburiae.t__SGB10141"	"Sex"	"Female"	"SexFemale"	-1.8187365215134	0	0.846664659736996	0.0317042957765992	1	0.0624034291825084	0.999370840320332	NA	"prevalence"	46	10
"Enterobacter_asburiae.t__SGB10141"	"Termness"	"term"	"Termnessterm"	1.96660594126371	0	1.91680337701975	0.304900024661431	1	0.0884875679804171	0.999370840320332	NA	"prevalence"	46	10
"Enterobacter_bugandensis.t__SGB10135"	"Antibiotics"	"Yes"	"AntibioticsYes"	0.793021751521757	0	1.57770275842982	0.615215066824271	1	0.615215066824271	0.999370840320332	NA	"prevalence"	46	4
"Enterobacter_bugandensis.t__SGB10135"	"Delivery_mode"	"C-section"	"Delivery_modeC-section"	-0.283883367687553	0	1.13189291080785	0.801965581851511	1	0.801965581851511	0.999370840320332	NA	"prevalence"	46	4
"Enterobacter_bugandensis.t__SGB10135"	"Ethnicity"	"European"	"EthnicityEuropean"	0.732461113375973	0	1.00007028335521	0.463918578375193	1	0.463918578375193	0.999370840320332	NA	"prevalence"	46	4
"Enterobacter_bugandensis.t__SGB10135"	"Feeding_method"	"Breastfed"	"Feeding_methodBreastfed"	0.0550761770625495	0	0.986253154494497	0.95546619907432	1	0.95546619907432	0.999370840320332	NA	"prevalence"	46	4
"Enterobacter_bugandensis.t__SGB10135"	"Probiotics"	"Yes"	"ProbioticsYes"	-2.40749277572446	0	1.6152690008007	0.136103498724828	1	0.136103498724828	0.999370840320332	NA	"prevalence"	46	4
"Enterobacter_bugandensis.t__SGB10135"	"Read_depth"	"Read_depth"	"Read_depth"	0.0857862850352736	0	0.543498694369265	0.874582224207231	1	0.874582224207231	0.999370840320332	NA	"prevalence"	46	4
"Enterobacter_bugandensis.t__SGB10135"	"Sex"	"Female"	"SexFemale"	-0.142622068383113	0	0.9544026278832	0.881209642059329	1	0.881209642059329	0.999370840320332	NA	"prevalence"	46	4
"Enterobacter_bugandensis.t__SGB10135"	"Termness"	"term"	"Termnessterm"	-2.27902723437367	0	1.28558965606066	0.0762703776759103	1	0.0762703776759103	0.999370840320332	NA	"prevalence"	46	4
"Enterobacter_hormaechei.t__SGB10130"	"Antibiotics"	"Yes"	"AntibioticsYes"	-1.13508097502951	0	1.05797292010316	0.283323693074257	1	0.486375071091279	0.999370840320332	NA	"prevalence"	46	11
"Enterobacter_hormaechei.t__SGB10130"	"Delivery_mode"	"C-section"	"Delivery_modeC-section"	-0.536249967913373	0	0.946927602781935	0.571186367434667	1	0.609549967283277	0.999370840320332	NA	"prevalence"	46	11
"Enterobacter_hormaechei.t__SGB10130"	"Ethnicity"	"European"	"EthnicityEuropean"	-0.676326361598189	0	0.740719034399677	0.361207123850918	1	0.591943661381184	0.999370840320332	NA	"prevalence"	46	11
"Enterobacter_hormaechei.t__SGB10130"	"Feeding_method"	"Breastfed"	"Feeding_methodBreastfed"	0.163104860534882	0	0.751141353439033	0.828097139026534	1	0.651634048723131	0.999370840320332	NA	"prevalence"	46	11
"Enterobacter_hormaechei.t__SGB10130"	"Probiotics"	"Yes"	"ProbioticsYes"	-0.287535899712575	0	1.20347853851095	0.811167096687793	1	0.946436108502356	0.999370840320332	NA	"prevalence"	46	11
"Enterobacter_hormaechei.t__SGB10130"	"Read_depth"	"Read_depth"	"Read_depth"	-0.0131701529240428	0	0.413427671050306	0.974586885731607	1	0.998449084053309	0.999370840320332	NA	"prevalence"	46	11
"Enterobacter_hormaechei.t__SGB10130"	"Sex"	"Female"	"SexFemale"	0.153189386061386	0	0.738903877735063	0.835760131010349	1	0.973025265434262	0.999370840320332	NA	"prevalence"	46	11
"Enterobacter_hormaechei.t__SGB10130"	"Termness"	"term"	"Termnessterm"	-1.61669963870142	0	1.16602928472969	0.165594271006967	1	0.221443142219282	0.999370840320332	NA	"prevalence"	46	11
"Enterobacter_kobei.t__SGB10133"	"Antibiotics"	"Yes"	"AntibioticsYes"	0.420380686153651	0	1.51466645136418	0.781365415376424	1	0.781365415376424	0.999370840320332	NA	"prevalence"	46	4
"Enterobacter_kobei.t__SGB10133"	"Delivery_mode"	"C-section"	"Delivery_modeC-section"	-0.229822893408939	0	1.10013349731215	0.834522751991868	1	0.834522751991868	0.999370840320332	NA	"prevalence"	46	4
"Enterobacter_kobei.t__SGB10133"	"Ethnicity"	"European"	"EthnicityEuropean"	0.0599327839340936	0	0.968467989107976	0.950655118036492	1	0.950655118036492	0.999370840320332	NA	"prevalence"	46	4
"Enterobacter_kobei.t__SGB10133"	"Feeding_method"	"Breastfed"	"Feeding_methodBreastfed"	-0.315943796719828	0	0.935941246805677	0.73568877485204	1	0.73568877485204	0.999370840320332	NA	"prevalence"	46	4
"Enterobacter_kobei.t__SGB10133"	"Probiotics"	"Yes"	"ProbioticsYes"	-1.49812092510451	0	1.63139629881435	0.358458714066071	1	0.358458714066071	0.999370840320332	NA	"prevalence"	46	4
"Enterobacter_kobei.t__SGB10133"	"Read_depth"	"Read_depth"	"Read_depth"	-0.180034464902733	0	0.409203251724428	0.659963596368337	1	0.659963596368337	0.999370840320332	NA	"prevalence"	46	4
"Enterobacter_kobei.t__SGB10133"	"Sex"	"Female"	"SexFemale"	-0.553593785071636	0	0.895381575264867	0.536392796590506	1	0.536392796590506	0.999370840320332	NA	"prevalence"	46	4
"Enterobacter_kobei.t__SGB10133"	"Termness"	"term"	"Termnessterm"	-0.811884781552311	0	1.28644209832138	0.527969462517934	1	0.527969462517934	0.999370840320332	NA	"prevalence"	46	4
"Enterobacter_roggenkampii.t__SGB10139"	"Antibiotics"	"Yes"	"AntibioticsYes"	-1.57530637769631	0	1.31320333428377	0.230298378451809	1	0.230298378451809	0.999370840320332	NA	"prevalence"	46	6
"Enterobacter_roggenkampii.t__SGB10139"	"Delivery_mode"	"C-section"	"Delivery_modeC-section"	-1.08871815405785	0	1.09705451352695	0.321001881221119	1	0.321001881221119	0.999370840320332	NA	"prevalence"	46	6
"Enterobacter_roggenkampii.t__SGB10139"	"Ethnicity"	"European"	"EthnicityEuropean"	-0.113515855849084	0	1.03833925397557	0.91294516369524	1	0.91294516369524	0.999370840320332	NA	"prevalence"	46	6
"Enterobacter_roggenkampii.t__SGB10139"	"Feeding_method"	"Breastfed"	"Feeding_methodBreastfed"	-0.631453235027873	0	0.912739474731962	0.489049128490921	1	0.489049128490921	0.999370840320332	NA	"prevalence"	46	6
"Enterobacter_roggenkampii.t__SGB10139"	"Probiotics"	"Yes"	"ProbioticsYes"	1.85869467965391	0	2.08933862532075	0.373675811639305	1	0.373675811639305	0.999370840320332	NA	"prevalence"	46	6
"Enterobacter_roggenkampii.t__SGB10139"	"Read_depth"	"Read_depth"	"Read_depth"	0.338974857333934	0	0.678562891979213	0.617393254075109	1	0.617393254075109	0.999370840320332	NA	"prevalence"	46	6
"Enterobacter_roggenkampii.t__SGB10139"	"Sex"	"Female"	"SexFemale"	-2.07746772336652	0	0.949311291364215	0.0286408697884383	1	0.0286408697884383	0.999370840320332	NA	"prevalence"	46	6
"Enterobacter_roggenkampii.t__SGB10139"	"Termness"	"term"	"Termnessterm"	1.10412610112348	0	1.97940841621104	0.576976792637267	1	0.576976792637267	0.999370840320332	NA	"prevalence"	46	6
"Enterococcus_faecalis.t__SGB7962"	"Antibiotics"	"Yes"	"AntibioticsYes"	1.1267284176547	0	1.25492160390855	0.369266775125954	1	0.602175599039986	0.999370840320332	NA	"prevalence"	46	36
"Enterococcus_faecalis.t__SGB7962"	"Delivery_mode"	"C-section"	"Delivery_modeC-section"	0.954684358924058	0	0.895378823606735	0.286317364160089	1	0.490657095300598	0.999370840320332	NA	"prevalence"	46	36
"Enterococcus_faecalis.t__SGB7962"	"Ethnicity"	"European"	"EthnicityEuropean"	-0.509661480408541	0	0.804607276951386	0.526453615284775	1	0.77575382152314	0.999370840320332	NA	"prevalence"	46	36
"Enterococcus_faecalis.t__SGB7962"	"Feeding_method"	"Breastfed"	"Feeding_methodBreastfed"	-1.39202815001683	0	0.848368660685753	0.100832855678832	1	0.191498446573316	0.999370840320332	NA	"prevalence"	46	36
"Enterococcus_faecalis.t__SGB7962"	"Probiotics"	"Yes"	"ProbioticsYes"	-2.27607070402085	0	2.03836378491953	0.264158319202698	1	0.458537020801401	0.999370840320332	NA	"prevalence"	46	36
"Enterococcus_faecalis.t__SGB7962"	"Read_depth"	"Read_depth"	"Read_depth"	0.352522305345579	0	0.36617406801957	0.335689144811563	1	0.558691087678807	0.999370840320332	NA	"prevalence"	46	36
"Enterococcus_faecalis.t__SGB7962"	"Sex"	"Female"	"SexFemale"	0.867976362296461	0	0.829538944280687	0.295405984715559	1	0.503547273625349	0.999370840320332	NA	"prevalence"	46	36
"Enterococcus_faecalis.t__SGB7962"	"Termness"	"term"	"Termnessterm"	-2.18264435029762	0	1.95336180261877	0.263832552515155	1	0.458057489263649	0.999370840320332	NA	"prevalence"	46	36
"Enterococcus_gilvus.t__SGB7929"	"Antibiotics"	"Yes"	"AntibioticsYes"	0.251302520931405	0	1.72812604016358	0.884379991050265	1	0.884379991050265	0.999370840320332	NA	"prevalence"	46	2
"Enterococcus_gilvus.t__SGB7929"	"Delivery_mode"	"C-section"	"Delivery_modeC-section"	-0.233864915472234	0	1.12931817418146	0.835943434013765	1	0.835943434013765	0.999370840320332	NA	"prevalence"	46	2
"Enterococcus_gilvus.t__SGB7929"	"Ethnicity"	"European"	"EthnicityEuropean"	0.262699514199276	0	1.05463059076214	0.803290005471223	1	0.803290005471223	0.999370840320332	NA	"prevalence"	46	2
"Enterococcus_gilvus.t__SGB7929"	"Feeding_method"	"Breastfed"	"Feeding_methodBreastfed"	-1.08907800043498	0	1.05807990484387	0.303340341892286	1	0.303340341892286	0.999370840320332	NA	"prevalence"	46	2
"Enterococcus_gilvus.t__SGB7929"	"Probiotics"	"Yes"	"ProbioticsYes"	-0.46037910775033	0	2.21397450273201	0.835273964814034	1	0.835273964814034	0.999370840320332	NA	"prevalence"	46	2
"Enterococcus_gilvus.t__SGB7929"	"Read_depth"	"Read_depth"	"Read_depth"	0.147583178668826	0	0.546891848836475	0.787269446259512	1	0.787269446259512	0.999370840320332	NA	"prevalence"	46	2
"Enterococcus_gilvus.t__SGB7929"	"Sex"	"Female"	"SexFemale"	0.879184324086629	0	0.992517948226393	0.375718834022462	1	0.375718834022462	0.999370840320332	NA	"prevalence"	46	2
"Enterococcus_gilvus.t__SGB7929"	"Termness"	"term"	"Termnessterm"	0.410903109228912	0	1.95959368319343	0.833911260057164	1	0.833911260057164	0.999370840320332	NA	"prevalence"	46	2
"Erysipelatoclostridium_ramosum.t__SGB6744"	"Antibiotics"	"Yes"	"AntibioticsYes"	-0.633286754592655	0	1.70375904845029	0.710116436413339	1	0.710116436413339	0.999370840320332	NA	"prevalence"	46	4
"Erysipelatoclostridium_ramosum.t__SGB6744"	"Delivery_mode"	"C-section"	"Delivery_modeC-section"	0.730611174134394	0	1.38198664480094	0.597036252016219	1	0.597036252016219	0.999370840320332	NA	"prevalence"	46	4
"Erysipelatoclostridium_ramosum.t__SGB6744"	"Ethnicity"	"European"	"EthnicityEuropean"	-0.821728289342437	0	1.2115797736771	0.497626638169503	1	0.497626638169503	0.999370840320332	NA	"prevalence"	46	4
"Erysipelatoclostridium_ramosum.t__SGB6744"	"Feeding_method"	"Breastfed"	"Feeding_methodBreastfed"	-0.976861864515368	0	1.14524625635942	0.393675376715927	1	0.393675376715927	0.999370840320332	NA	"prevalence"	46	4
"Erysipelatoclostridium_ramosum.t__SGB6744"	"Probiotics"	"Yes"	"ProbioticsYes"	-0.432719752964346	0	2.19672287707736	0.843839882731612	1	0.843839882731612	0.999370840320332	NA	"prevalence"	46	4
"Erysipelatoclostridium_ramosum.t__SGB6744"	"Read_depth"	"Read_depth"	"Read_depth"	-0.883356885731078	0	0.503483957018183	0.0793468138250957	1	0.0793468138250957	0.999370840320332	NA	"prevalence"	46	4
"Erysipelatoclostridium_ramosum.t__SGB6744"	"Sex"	"Female"	"SexFemale"	-0.781671344393962	0	1.0050082955503	0.436701071729596	1	0.436701071729596	0.999370840320332	NA	"prevalence"	46	4
"Erysipelatoclostridium_ramosum.t__SGB6744"	"Termness"	"term"	"Termnessterm"	1.52871015765364	0	1.95607877065355	0.434498077860262	1	0.434498077860262	0.999370840320332	NA	"prevalence"	46	4
"Escherichia_coli.t__SGB10068"	"Antibiotics"	"Yes"	"AntibioticsYes"	-0.0515608536444075	0	1.02346211916427	0.959820483180139	1	0.0669047945993524	0.999370840320332	NA	"prevalence"	46	22
"Escherichia_coli.t__SGB10068"	"Delivery_mode"	"C-section"	"Delivery_modeC-section"	-2.53708535701909	0	0.992557466363037	0.010584986877034	1	0.0210579318068811	0.999370840320332	NA	"prevalence"	46	22
"Escherichia_coli.t__SGB10068"	"Ethnicity"	"European"	"EthnicityEuropean"	0.120736966471957	0	0.714581553859543	0.865826709562154	1	0.589005683103352	0.999370840320332	NA	"prevalence"	46	22
"Escherichia_coli.t__SGB10068"	"Feeding_method"	"Breastfed"	"Feeding_methodBreastfed"	0.0837726174003963	0	0.714986919698256	0.906727999587785	1	0.819562409019785	0.999370840320332	NA	"prevalence"	46	22
"Escherichia_coli.t__SGB10068"	"Probiotics"	"Yes"	"ProbioticsYes"	1.3972887956914	0	1.31080397443831	0.286433381295588	1	0.490822680670752	0.999370840320332	NA	"prevalence"	46	22
"Escherichia_coli.t__SGB10068"	"Read_depth"	"Read_depth"	"Read_depth"	-0.30499591192005	0	0.342706314683661	0.373485797624383	1	0.607479954221644	0.999370840320332	NA	"prevalence"	46	22
"Escherichia_coli.t__SGB10068"	"Sex"	"Female"	"SexFemale"	-0.728481036832293	0	0.752297474147507	0.332873730866958	1	0.554942541032627	0.999370840320332	NA	"prevalence"	46	22
"Escherichia_coli.t__SGB10068"	"Termness"	"term"	"Termnessterm"	-0.342953226770938	0	1.2599943738028	0.785478763036203	1	0.199933334482213	0.999370840320332	NA	"prevalence"	46	22
"Finegoldia_magna.t__SGB6686_group"	"Antibiotics"	"Yes"	"AntibioticsYes"	-1.15940271641655	0	1.20048017299	0.334153038035887	1	0.209458376099611	0.999370840320332	NA	"prevalence"	46	6
"Finegoldia_magna.t__SGB6686_group"	"Delivery_mode"	"C-section"	"Delivery_modeC-section"	-0.346532936870379	0	1.14784134152411	0.762728537600503	1	0.762728537600503	0.999370840320332	NA	"prevalence"	46	6
"Finegoldia_magna.t__SGB6686_group"	"Ethnicity"	"European"	"EthnicityEuropean"	0.298838934310673	0	0.902908546006656	0.740664391478773	1	0.740664391478773	0.999370840320332	NA	"prevalence"	46	6
"Finegoldia_magna.t__SGB6686_group"	"Feeding_method"	"Breastfed"	"Feeding_methodBreastfed"	-0.469519219059901	0	0.885738243496828	0.596050914747775	1	0.596050914747775	0.999370840320332	NA	"prevalence"	46	6
"Finegoldia_magna.t__SGB6686_group"	"Probiotics"	"Yes"	"ProbioticsYes"	-0.718595104538099	0	1.27553861454514	0.573185674982552	1	0.573185674982552	0.999370840320332	NA	"prevalence"	46	6
"Finegoldia_magna.t__SGB6686_group"	"Read_depth"	"Read_depth"	"Read_depth"	0.207906196265324	0	0.653584076446944	0.750407805223626	1	0.134302597762185	0.999370840320332	NA	"prevalence"	46	6
"Finegoldia_magna.t__SGB6686_group"	"Sex"	"Female"	"SexFemale"	-0.577817241173061	0	0.856046741101226	0.499686384802243	1	0.307905815691182	0.999370840320332	NA	"prevalence"	46	6
"Finegoldia_magna.t__SGB6686_group"	"Termness"	"term"	"Termnessterm"	-2.23664927223325	0	1.26114567246471	0.076144917557845	1	0.146491786645799	0.999370840320332	NA	"prevalence"	46	6
"Gemella_haemolysans.t__SGB7285_group"	"Antibiotics"	"Yes"	"AntibioticsYes"	-0.0956257486489435	0	1.69389074284372	0.954980684954396	1	0.954980684954396	0.999370840320332	NA	"prevalence"	46	6
"Gemella_haemolysans.t__SGB7285_group"	"Delivery_mode"	"C-section"	"Delivery_modeC-section"	-0.987674664566372	0	0.927725432371355	0.287048113489604	1	0.287048113489604	0.999370840320332	NA	"prevalence"	46	6
"Gemella_haemolysans.t__SGB7285_group"	"Ethnicity"	"European"	"EthnicityEuropean"	-0.350642290742606	0	0.8724488080969	0.687753308029495	1	0.687753308029495	0.999370840320332	NA	"prevalence"	46	6
"Gemella_haemolysans.t__SGB7285_group"	"Feeding_method"	"Breastfed"	"Feeding_methodBreastfed"	-0.311783049168129	0	0.85520654064332	0.71543206248329	1	0.71543206248329	0.999370840320332	NA	"prevalence"	46	6
"Gemella_haemolysans.t__SGB7285_group"	"Probiotics"	"Yes"	"ProbioticsYes"	-1.95148277088967	0	1.64229535519278	0.234728859055986	1	0.234728859055986	0.999370840320332	NA	"prevalence"	46	6
"Gemella_haemolysans.t__SGB7285_group"	"Read_depth"	"Read_depth"	"Read_depth"	0.00971111357075985	0	0.397765234838376	0.980522234625535	1	0.980522234625535	0.999370840320332	NA	"prevalence"	46	6
"Gemella_haemolysans.t__SGB7285_group"	"Sex"	"Female"	"SexFemale"	0.511953444610181	0	0.812554910776758	0.528659276326603	1	0.528659276326603	0.999370840320332	NA	"prevalence"	46	6
"Gemella_haemolysans.t__SGB7285_group"	"Termness"	"term"	"Termnessterm"	-0.651071181947575	0	1.25315028380454	0.603378950699155	1	0.603378950699155	0.999370840320332	NA	"prevalence"	46	6
"Haemophilus_haemolyticus.t__SGB9649"	"Antibiotics"	"Yes"	"AntibioticsYes"	-0.0106434990902021	0	1.7074061899956	0.995026240008763	1	0.995026240008763	0.999370840320332	NA	"prevalence"	46	5
"Haemophilus_haemolyticus.t__SGB9649"	"Delivery_mode"	"C-section"	"Delivery_modeC-section"	-0.0487168625249496	0	1.01243492953188	0.961621792678967	1	0.961621792678967	0.999370840320332	NA	"prevalence"	46	5
"Haemophilus_haemolyticus.t__SGB9649"	"Ethnicity"	"European"	"EthnicityEuropean"	-1.48547113954361	0	0.998017318385956	0.13663958375939	1	0.13663958375939	0.999370840320332	NA	"prevalence"	46	5
"Haemophilus_haemolyticus.t__SGB9649"	"Feeding_method"	"Breastfed"	"Feeding_methodBreastfed"	1.45033919633254	0	1.03186036759757	0.159855529787315	1	0.159855529787315	0.999370840320332	NA	"prevalence"	46	5
"Haemophilus_haemolyticus.t__SGB9649"	"Probiotics"	"Yes"	"ProbioticsYes"	0.212065338020985	0	2.21349667296176	0.923674983597864	1	0.923674983597864	0.999370840320332	NA	"prevalence"	46	5
"Haemophilus_haemolyticus.t__SGB9649"	"Read_depth"	"Read_depth"	"Read_depth"	0.103528315906943	0	0.402549970102727	0.797038835768685	1	0.797038835768685	0.999370840320332	NA	"prevalence"	46	5
"Haemophilus_haemolyticus.t__SGB9649"	"Sex"	"Female"	"SexFemale"	-0.0969931080711746	0	0.887672765926904	0.912990927356904	1	0.912990927356904	0.999370840320332	NA	"prevalence"	46	5
"Haemophilus_haemolyticus.t__SGB9649"	"Termness"	"term"	"Termnessterm"	2.06859193288929	0	1.98526707442763	0.297424840816842	1	0.297424840816842	0.999370840320332	NA	"prevalence"	46	5
"Haemophilus_parahaemolyticus.t__SGB9632"	"Antibiotics"	"Yes"	"AntibioticsYes"	1.06221212082861	0	1.65664457657091	0.521403879088882	1	0.521403879088882	0.999370840320332	NA	"prevalence"	46	2
"Haemophilus_parahaemolyticus.t__SGB9632"	"Delivery_mode"	"C-section"	"Delivery_modeC-section"	-0.186030044937541	0	1.23242874742293	0.88001840609234	1	0.88001840609234	0.999370840320332	NA	"prevalence"	46	2
"Haemophilus_parahaemolyticus.t__SGB9632"	"Ethnicity"	"European"	"EthnicityEuropean"	-1.4961696662716	0	1.08360776403094	0.167362016734753	1	0.167362016734753	0.999370840320332	NA	"prevalence"	46	2
"Haemophilus_parahaemolyticus.t__SGB9632"	"Feeding_method"	"Breastfed"	"Feeding_methodBreastfed"	1.59494928489771	0	1.14035526674487	0.161920229747348	1	0.161920229747348	0.999370840320332	NA	"prevalence"	46	2
"Haemophilus_parahaemolyticus.t__SGB9632"	"Probiotics"	"Yes"	"ProbioticsYes"	0.0964093996408332	0	2.2405699551929	0.965678446826318	1	0.965678446826318	0.999370840320332	NA	"prevalence"	46	2
"Haemophilus_parahaemolyticus.t__SGB9632"	"Read_depth"	"Read_depth"	"Read_depth"	0.298296133707104	0	0.681174545678161	0.661448345863148	1	0.661448345863148	0.999370840320332	NA	"prevalence"	46	2
"Haemophilus_parahaemolyticus.t__SGB9632"	"Sex"	"Female"	"SexFemale"	0.35195736152559	0	1.12660334243426	0.754732181451775	1	0.754732181451775	0.999370840320332	NA	"prevalence"	46	2
"Haemophilus_parahaemolyticus.t__SGB9632"	"Termness"	"term"	"Termnessterm"	0.618234487571089	0	2.04246472387352	0.762125805789969	1	0.762125805789969	0.999370840320332	NA	"prevalence"	46	2
"Haemophilus_parainfluenzae.t__SGB9657"	"Antibiotics"	"Yes"	"AntibioticsYes"	-2.27948882566775	0	1.42555053928387	0.109815379060067	1	0.109815379060067	0.999370840320332	NA	"prevalence"	46	6
"Haemophilus_parainfluenzae.t__SGB9657"	"Delivery_mode"	"C-section"	"Delivery_modeC-section"	0.681947605440962	0	1.1756893236503	0.561887201976499	1	0.561887201976499	0.999370840320332	NA	"prevalence"	46	6
"Haemophilus_parainfluenzae.t__SGB9657"	"Ethnicity"	"European"	"EthnicityEuropean"	-0.0470270342539896	0	1.01484062415759	0.963039792413194	1	0.963039792413194	0.999370840320332	NA	"prevalence"	46	6
"Haemophilus_parainfluenzae.t__SGB9657"	"Feeding_method"	"Breastfed"	"Feeding_methodBreastfed"	-1.14729791465428	0	0.942770595434478	0.223625969072867	1	0.223625969072867	0.999370840320332	NA	"prevalence"	46	6
"Haemophilus_parainfluenzae.t__SGB9657"	"Probiotics"	"Yes"	"ProbioticsYes"	1.89344964540911	0	1.97802627914015	0.338445170035061	1	0.338445170035061	0.999370840320332	NA	"prevalence"	46	6
"Haemophilus_parainfluenzae.t__SGB9657"	"Read_depth"	"Read_depth"	"Read_depth"	0.489375265032289	0	0.641116015878371	0.44527389064512	1	0.44527389064512	0.999370840320332	NA	"prevalence"	46	6
"Haemophilus_parainfluenzae.t__SGB9657"	"Sex"	"Female"	"SexFemale"	-0.988507016046303	0	0.845759768844508	0.242492321586941	1	0.242492321586941	0.999370840320332	NA	"prevalence"	46	6
"Haemophilus_parainfluenzae.t__SGB9657"	"Termness"	"term"	"Termnessterm"	1.42201983597933	0	1.89486647441342	0.452978233047131	1	0.452978233047131	0.999370840320332	NA	"prevalence"	46	6
"Haemophilus_parainfluenzae.t__SGB9663_group"	"Antibiotics"	"Yes"	"AntibioticsYes"	0.960119065107249	0	1.32057133752511	0.467196405575376	1	0.7161203297682	0.999370840320332	NA	"prevalence"	46	17
"Haemophilus_parainfluenzae.t__SGB9663_group"	"Delivery_mode"	"C-section"	"Delivery_modeC-section"	-0.152191158914536	0	0.874152560041223	0.861785795980111	1	0.727166053590609	0.999370840320332	NA	"prevalence"	46	17
"Haemophilus_parainfluenzae.t__SGB9663_group"	"Ethnicity"	"European"	"EthnicityEuropean"	0.527216452404912	0	0.802207677967568	0.511047864496342	1	0.495660943361283	0.999370840320332	NA	"prevalence"	46	17
"Haemophilus_parainfluenzae.t__SGB9663_group"	"Feeding_method"	"Breastfed"	"Feeding_methodBreastfed"	0.791887118878937	0	0.806121731243203	0.325931459864346	1	0.545631603199388	0.999370840320332	NA	"prevalence"	46	17
"Haemophilus_parainfluenzae.t__SGB9663_group"	"Probiotics"	"Yes"	"ProbioticsYes"	-1.33336492809117	0	1.42668622622816	0.350000267647969	1	0.577500347942289	0.999370840320332	NA	"prevalence"	46	17
"Haemophilus_parainfluenzae.t__SGB9663_group"	"Read_depth"	"Read_depth"	"Read_depth"	0.313188235227117	0	0.342196164119846	0.360070837227752	1	0.59049066663361	0.999370840320332	NA	"prevalence"	46	17
"Haemophilus_parainfluenzae.t__SGB9663_group"	"Sex"	"Female"	"SexFemale"	1.47087551364339	0	0.787921891360025	0.0619325496597777	1	0.120029458612195	0.999370840320332	NA	"prevalence"	46	17
"Haemophilus_parainfluenzae.t__SGB9663_group"	"Termness"	"term"	"Termnessterm"	0.989560288995376	0	1.19164728317057	0.406304894188745	1	0.647526121335763	0.999370840320332	NA	"prevalence"	46	17
"Intestinibacter_bartlettii.t__SGB6140"	"Antibiotics"	"Yes"	"AntibioticsYes"	-0.563670754059361	0	1.70170122307269	0.740463545263898	1	0.740463545263898	0.999370840320332	NA	"prevalence"	46	2
"Intestinibacter_bartlettii.t__SGB6140"	"Delivery_mode"	"C-section"	"Delivery_modeC-section"	0.469029362544126	0	1.47733976726506	0.750877598378882	1	0.750877598378882	0.999370840320332	NA	"prevalence"	46	2
"Intestinibacter_bartlettii.t__SGB6140"	"Ethnicity"	"European"	"EthnicityEuropean"	0.217813049263591	0	1.20092110527773	0.856075865344299	1	0.856075865344299	0.999370840320332	NA	"prevalence"	46	2
"Intestinibacter_bartlettii.t__SGB6140"	"Feeding_method"	"Breastfed"	"Feeding_methodBreastfed"	-0.540835412443427	0	1.16717368657914	0.643097863659011	1	0.643097863659011	0.999370840320332	NA	"prevalence"	46	2
"Intestinibacter_bartlettii.t__SGB6140"	"Probiotics"	"Yes"	"ProbioticsYes"	-1.37587967844443	0	1.66962030251725	0.409901256546537	1	0.409901256546537	0.999370840320332	NA	"prevalence"	46	2
"Intestinibacter_bartlettii.t__SGB6140"	"Read_depth"	"Read_depth"	"Read_depth"	-0.274093611298801	0	0.429062848255172	0.522940517228073	1	0.522940517228073	0.999370840320332	NA	"prevalence"	46	2
"Intestinibacter_bartlettii.t__SGB6140"	"Sex"	"Female"	"SexFemale"	-1.02488571074564	0	1.06652292980748	0.336572357707543	1	0.336572357707543	0.999370840320332	NA	"prevalence"	46	2
"Intestinibacter_bartlettii.t__SGB6140"	"Termness"	"term"	"Termnessterm"	-0.898589936655424	0	1.35869697470171	0.508380478096528	1	0.508380478096528	0.999370840320332	NA	"prevalence"	46	2
"Klebsiella_grimontii.t__SGB10120"	"Antibiotics"	"Yes"	"AntibioticsYes"	1.97249702618259	0	1.44829773561834	0.173216296469409	1	0.173216296469409	0.999370840320332	NA	"prevalence"	46	8
"Klebsiella_grimontii.t__SGB10120"	"Delivery_mode"	"C-section"	"Delivery_modeC-section"	0.380936755213512	0	1.12168115675493	0.734148488764766	1	0.734148488764766	0.999370840320332	NA	"prevalence"	46	8
"Klebsiella_grimontii.t__SGB10120"	"Ethnicity"	"European"	"EthnicityEuropean"	-0.377191650331792	0	0.969183158979839	0.697139220465118	1	0.697139220465118	0.999370840320332	NA	"prevalence"	46	8
"Klebsiella_grimontii.t__SGB10120"	"Feeding_method"	"Breastfed"	"Feeding_methodBreastfed"	-2.02449982275307	0	1.00006943578441	0.0429332003730938	1	0.0429332003730938	0.999370840320332	NA	"prevalence"	46	8
"Klebsiella_grimontii.t__SGB10120"	"Probiotics"	"Yes"	"ProbioticsYes"	-2.36592212261672	0	1.76440783034518	0.179947831262082	1	0.179947831262082	0.999370840320332	NA	"prevalence"	46	8
"Klebsiella_grimontii.t__SGB10120"	"Read_depth"	"Read_depth"	"Read_depth"	-0.0252579060522419	0	0.501551910053001	0.959835905538745	1	0.959835905538745	0.999370840320332	NA	"prevalence"	46	8
"Klebsiella_grimontii.t__SGB10120"	"Sex"	"Female"	"SexFemale"	0.0276664649563006	0	0.820959706285196	0.973116259640255	1	0.973116259640255	0.999370840320332	NA	"prevalence"	46	8
"Klebsiella_grimontii.t__SGB10120"	"Termness"	"term"	"Termnessterm"	-0.906665781255277	0	1.37022259140278	0.508168420261275	1	0.508168420261275	0.999370840320332	NA	"prevalence"	46	8
"Klebsiella_michiganensis.t__SGB10119"	"Antibiotics"	"Yes"	"AntibioticsYes"	0.812137013808123	0	1.14777269654653	0.479208276343031	1	0.728775980570403	0.999370840320332	NA	"prevalence"	46	13
"Klebsiella_michiganensis.t__SGB10119"	"Delivery_mode"	"C-section"	"Delivery_modeC-section"	-0.354941456873106	0	0.941794456554586	0.706264393215567	1	0.514985990443656	0.999370840320332	NA	"prevalence"	46	13
"Klebsiella_michiganensis.t__SGB10119"	"Ethnicity"	"European"	"EthnicityEuropean"	-0.641305235918636	0	0.818465114953824	0.433306430922536	1	0.678858398766245	0.999370840320332	NA	"prevalence"	46	13
"Klebsiella_michiganensis.t__SGB10119"	"Feeding_method"	"Breastfed"	"Feeding_methodBreastfed"	-1.70609779886175	0	0.786271132742225	0.0300174997388657	1	0.0591339491871586	0.999370840320332	NA	"prevalence"	46	13
"Klebsiella_michiganensis.t__SGB10119"	"Probiotics"	"Yes"	"ProbioticsYes"	-0.9466196693538	0	1.44416895505596	0.512160629743862	1	0.762012748828095	0.999370840320332	NA	"prevalence"	46	13
"Klebsiella_michiganensis.t__SGB10119"	"Read_depth"	"Read_depth"	"Read_depth"	0.0100119674463212	0	0.473597767876616	0.983133790284674	1	0.584362911724566	0.999370840320332	NA	"prevalence"	46	13
"Klebsiella_michiganensis.t__SGB10119"	"Sex"	"Female"	"SexFemale"	-0.777160581509414	0	0.735523094326416	0.290689909717278	1	0.496879195823117	0.999370840320332	NA	"prevalence"	46	13
"Klebsiella_michiganensis.t__SGB10119"	"Termness"	"term"	"Termnessterm"	-0.123519207094042	0	1.25128708330529	0.921365572352279	1	0.991495193726176	0.999370840320332	NA	"prevalence"	46	13
"Klebsiella_oxytoca.t__SGB10118"	"Antibiotics"	"Yes"	"AntibioticsYes"	-0.414926752946482	0	1.73144622735255	0.810608018682828	1	0.810608018682828	0.999370840320332	NA	"prevalence"	46	2
"Klebsiella_oxytoca.t__SGB10118"	"Delivery_mode"	"C-section"	"Delivery_modeC-section"	-0.96695073422622	0	1.22538309681985	0.430053117207041	1	0.430053117207041	0.999370840320332	NA	"prevalence"	46	2
"Klebsiella_oxytoca.t__SGB10118"	"Ethnicity"	"European"	"EthnicityEuropean"	0.293288727033622	0	1.10341192790782	0.790391961255153	1	0.790391961255153	0.999370840320332	NA	"prevalence"	46	2
"Klebsiella_oxytoca.t__SGB10118"	"Feeding_method"	"Breastfed"	"Feeding_methodBreastfed"	0.296974846216636	0	1.08679840159682	0.784655967180046	1	0.784655967180046	0.999370840320332	NA	"prevalence"	46	2
"Klebsiella_oxytoca.t__SGB10118"	"Probiotics"	"Yes"	"ProbioticsYes"	0.141837827486711	0	2.25011834515469	0.949738061300724	1	0.949738061300724	0.999370840320332	NA	"prevalence"	46	2
"Klebsiella_oxytoca.t__SGB10118"	"Read_depth"	"Read_depth"	"Read_depth"	-0.708458847597839	0	0.445727654283805	0.111960338427829	1	0.111960338427829	0.999370840320332	NA	"prevalence"	46	2
"Klebsiella_oxytoca.t__SGB10118"	"Sex"	"Female"	"SexFemale"	-0.740412255163031	0	1.09770616176528	0.499988014940952	1	0.499988014940952	0.999370840320332	NA	"prevalence"	46	2
"Klebsiella_oxytoca.t__SGB10118"	"Termness"	"term"	"Termnessterm"	0.534010619176091	0	2.06269141123045	0.795719949577631	1	0.795719949577631	0.999370840320332	NA	"prevalence"	46	2
"Klebsiella_pneumoniae.t__SGB10115"	"Antibiotics"	"Yes"	"AntibioticsYes"	-1.21424429656132	0	1.03558708455569	0.240989227424323	1	0.423902647114074	0.999370840320332	NA	"prevalence"	46	22
"Klebsiella_pneumoniae.t__SGB10115"	"Delivery_mode"	"C-section"	"Delivery_modeC-section"	1.15717061064587	0	0.906685483356828	0.20186198978537	1	0.362975716650631	0.999370840320332	NA	"prevalence"	46	22
"Klebsiella_pneumoniae.t__SGB10115"	"Ethnicity"	"European"	"EthnicityEuropean"	0.340657122065625	0	0.755706735600598	0.652148460835371	1	0.0492018826001148	0.999370840320332	NA	"prevalence"	46	22
"Klebsiella_pneumoniae.t__SGB10115"	"Feeding_method"	"Breastfed"	"Feeding_methodBreastfed"	0.118523647668644	0	0.733980033259199	0.871714770140195	1	0.624190561953081	0.999370840320332	NA	"prevalence"	46	22
"Klebsiella_pneumoniae.t__SGB10115"	"Probiotics"	"Yes"	"ProbioticsYes"	0.975270696262554	0	1.35039284449765	0.470163791922784	1	0.118918287636034	0.999370840320332	NA	"prevalence"	46	22
"Klebsiella_pneumoniae.t__SGB10115"	"Read_depth"	"Read_depth"	"Read_depth"	1.37344510134441	0	0.673842673820687	0.041527122296668	1	0.0813297427070937	0.999370840320332	NA	"prevalence"	46	22
"Klebsiella_pneumoniae.t__SGB10115"	"Sex"	"Female"	"SexFemale"	-0.165792766025569	0	0.700844063136687	0.812996943202744	1	0.965029856748482	0.999370840320332	NA	"prevalence"	46	22
"Klebsiella_pneumoniae.t__SGB10115"	"Termness"	"term"	"Termnessterm"	-1.46345696446894	0	1.21380581414086	0.227942307131981	1	0.403926918883312	0.999370840320332	NA	"prevalence"	46	22
"Klebsiella_variicola.t__SGB10114"	"Antibiotics"	"Yes"	"AntibioticsYes"	-0.00896533576304335	0	1.08707794675533	0.993419770937348	1	0.993419770937348	0.999370840320332	NA	"prevalence"	46	11
"Klebsiella_variicola.t__SGB10114"	"Delivery_mode"	"C-section"	"Delivery_modeC-section"	1.81892504394025	0	1.27844006437725	0.154803096229996	1	0.154803096229996	0.999370840320332	NA	"prevalence"	46	11
"Klebsiella_variicola.t__SGB10114"	"Ethnicity"	"European"	"EthnicityEuropean"	0.038300503676012	0	0.900605683504248	0.966078193755465	1	0.966078193755465	0.999370840320332	NA	"prevalence"	46	11
"Klebsiella_variicola.t__SGB10114"	"Feeding_method"	"Breastfed"	"Feeding_methodBreastfed"	0.450755282796267	0	0.861556128968418	0.600843871666529	1	0.600843871666529	0.999370840320332	NA	"prevalence"	46	11
"Klebsiella_variicola.t__SGB10114"	"Probiotics"	"Yes"	"ProbioticsYes"	-1.41049120900697	0	1.32292619493597	0.286337580892291	1	0.286337580892291	0.999370840320332	NA	"prevalence"	46	11
"Klebsiella_variicola.t__SGB10114"	"Read_depth"	"Read_depth"	"Read_depth"	0.163591662792983	0	0.431878818748191	0.704843323699681	1	0.704843323699681	0.999370840320332	NA	"prevalence"	46	11
"Klebsiella_variicola.t__SGB10114"	"Sex"	"Female"	"SexFemale"	-0.842044987262652	0	0.820203441171783	0.304594992930074	1	0.304594992930074	0.999370840320332	NA	"prevalence"	46	11
"Klebsiella_variicola.t__SGB10114"	"Termness"	"term"	"Termnessterm"	-1.62203830651182	0	1.22124886702357	0.184118653581089	1	0.184118653581089	0.999370840320332	NA	"prevalence"	46	11
"Kluyvera_cryocrescens.t__SGB23242"	"Antibiotics"	"Yes"	"AntibioticsYes"	1.48683451618424	0	1.45661383387791	0.307374218061368	1	0.307374218061368	0.999370840320332	NA	"prevalence"	46	5
"Kluyvera_cryocrescens.t__SGB23242"	"Delivery_mode"	"C-section"	"Delivery_modeC-section"	-0.00630972272430759	0	1.11352925776451	0.995478876402634	1	0.995478876402634	0.999370840320332	NA	"prevalence"	46	5
"Kluyvera_cryocrescens.t__SGB23242"	"Ethnicity"	"European"	"EthnicityEuropean"	-0.693189075539298	0	0.947833949937691	0.464571378501204	1	0.464571378501204	0.999370840320332	NA	"prevalence"	46	5
"Kluyvera_cryocrescens.t__SGB23242"	"Feeding_method"	"Breastfed"	"Feeding_methodBreastfed"	0.106641752506184	0	0.924651098495613	0.908182067819197	1	0.952523177766637	0.999370840320332	NA	"prevalence"	46	5
"Kluyvera_cryocrescens.t__SGB23242"	"Probiotics"	"Yes"	"ProbioticsYes"	-1.3456665626513	0	1.64107672120695	0.412221786374594	1	0.412221786374594	0.999370840320332	NA	"prevalence"	46	5
"Kluyvera_cryocrescens.t__SGB23242"	"Read_depth"	"Read_depth"	"Read_depth"	0.482538684928554	0	0.727049456507316	0.506885895985671	1	0.756838480422145	0.999370840320332	NA	"prevalence"	46	5
"Kluyvera_cryocrescens.t__SGB23242"	"Sex"	"Female"	"SexFemale"	-0.187004087535168	0	0.910543226027455	0.837278059291666	1	0.837278059291666	0.999370840320332	NA	"prevalence"	46	5
"Kluyvera_cryocrescens.t__SGB23242"	"Termness"	"term"	"Termnessterm"	-1.12882122505896	0	1.30580909467398	0.387334616071685	1	0.62464112733597	0.999370840320332	NA	"prevalence"	46	5
"Lacticaseibacillus_rhamnosus.t__SGB7144"	"Antibiotics"	"Yes"	"AntibioticsYes"	-0.698405245787693	0	1.13323878540029	0.53770225561851	1	0.53770225561851	0.999370840320332	NA	"prevalence"	46	8
"Lacticaseibacillus_rhamnosus.t__SGB7144"	"Delivery_mode"	"C-section"	"Delivery_modeC-section"	1.49466716181339	0	1.29262018083236	0.247555163785453	1	0.247555163785453	0.999370840320332	NA	"prevalence"	46	8
"Lacticaseibacillus_rhamnosus.t__SGB7144"	"Ethnicity"	"European"	"EthnicityEuropean"	-0.0992862537883346	0	0.889414720653201	0.91111599199008	1	0.91111599199008	0.999370840320332	NA	"prevalence"	46	8
"Lacticaseibacillus_rhamnosus.t__SGB7144"	"Feeding_method"	"Breastfed"	"Feeding_methodBreastfed"	1.02657815866417	0	0.899748328805513	0.253885965204599	1	0.253885965204599	0.999370840320332	NA	"prevalence"	46	8
"Lacticaseibacillus_rhamnosus.t__SGB7144"	"Probiotics"	"Yes"	"ProbioticsYes"	1.0038992559396	0	1.38008878248265	0.466970892291549	1	0.466970892291549	0.999370840320332	NA	"prevalence"	46	8
"Lacticaseibacillus_rhamnosus.t__SGB7144"	"Read_depth"	"Read_depth"	"Read_depth"	0.197988214580074	0	0.472978294661515	0.675509261631477	1	0.675509261631477	0.999370840320332	NA	"prevalence"	46	8
"Lacticaseibacillus_rhamnosus.t__SGB7144"	"Sex"	"Female"	"SexFemale"	-0.606096142413386	0	0.889585323289993	0.495666278809795	1	0.495666278809795	0.999370840320332	NA	"prevalence"	46	8
"Lacticaseibacillus_rhamnosus.t__SGB7144"	"Termness"	"term"	"Termnessterm"	0.014846818396037	0	1.28726166142293	0.990797687137875	1	0.990797687137875	0.999370840320332	NA	"prevalence"	46	8
"Lactobacillus_acidophilus.t__SGB7044"	"Antibiotics"	"Yes"	"AntibioticsYes"	-0.424788356386986	0	1.15649123746927	0.713389369332311	1	0.713389369332311	0.999370840320332	NA	"prevalence"	46	10
"Lactobacillus_acidophilus.t__SGB7044"	"Delivery_mode"	"C-section"	"Delivery_modeC-section"	-0.479112512564642	0	1.32692164316866	0.71804660371641	1	0.71804660371641	0.999370840320332	NA	"prevalence"	46	10
"Lactobacillus_acidophilus.t__SGB7044"	"Ethnicity"	"European"	"EthnicityEuropean"	-1.84098398071215	0	0.954371822485265	0.0537307666015444	1	0.0537307666015444	0.999370840320332	NA	"prevalence"	46	10
"Lactobacillus_acidophilus.t__SGB7044"	"Feeding_method"	"Breastfed"	"Feeding_methodBreastfed"	0.271339645742544	0	0.92003399564683	0.768052319875267	1	0.768052319875267	0.999370840320332	NA	"prevalence"	46	10
"Lactobacillus_acidophilus.t__SGB7044"	"Probiotics"	"Yes"	"ProbioticsYes"	2.6757426834992	0	1.96420872189031	0.173119105266249	1	0.173119105266249	0.999370840320332	NA	"prevalence"	46	10
"Lactobacillus_acidophilus.t__SGB7044"	"Read_depth"	"Read_depth"	"Read_depth"	-0.271644084167591	0	0.515547935700437	0.598260505648831	1	0.598260505648831	0.999370840320332	NA	"prevalence"	46	10
"Lactobacillus_acidophilus.t__SGB7044"	"Sex"	"Female"	"SexFemale"	0.522394687363031	0	1.01767358625043	0.607725790219758	1	0.607725790219758	0.999370840320332	NA	"prevalence"	46	10
"Lactobacillus_acidophilus.t__SGB7044"	"Termness"	"term"	"Termnessterm"	-0.0340005218928897	0	2.04361782168667	0.986725874232721	1	0.986725874232721	0.999370840320332	NA	"prevalence"	46	10
"Lancefieldella_parvula.t__SGB966"	"Antibiotics"	"Yes"	"AntibioticsYes"	-0.607239082439767	0	1.72677927271706	0.725093312751199	1	0.725093312751199	0.999370840320332	NA	"prevalence"	46	2
"Lancefieldella_parvula.t__SGB966"	"Delivery_mode"	"C-section"	"Delivery_modeC-section"	-1.56951914992235	0	1.16803246551845	0.179036021327042	1	0.179036021327042	0.999370840320332	NA	"prevalence"	46	2
"Lancefieldella_parvula.t__SGB966"	"Ethnicity"	"European"	"EthnicityEuropean"	-0.502721647199036	0	1.03342612763972	0.626640254328737	1	0.626640254328737	0.999370840320332	NA	"prevalence"	46	2
"Lancefieldella_parvula.t__SGB966"	"Feeding_method"	"Breastfed"	"Feeding_methodBreastfed"	-0.131918630352389	0	0.976877955917888	0.892579413945561	1	0.892579413945561	0.999370840320332	NA	"prevalence"	46	2
"Lancefieldella_parvula.t__SGB966"	"Probiotics"	"Yes"	"ProbioticsYes"	-0.0279214004196493	0	2.17861705766934	0.989774501959596	1	0.989774501959596	0.999370840320332	NA	"prevalence"	46	2
"Lancefieldella_parvula.t__SGB966"	"Read_depth"	"Read_depth"	"Read_depth"	-0.154186898441697	0	0.491323362617325	0.753658061364782	1	0.753658061364782	0.999370840320332	NA	"prevalence"	46	2
"Lancefieldella_parvula.t__SGB966"	"Sex"	"Female"	"SexFemale"	-0.234990976977455	0	0.977903078341124	0.810097007546153	1	0.810097007546153	0.999370840320332	NA	"prevalence"	46	2
"Lancefieldella_parvula.t__SGB966"	"Termness"	"term"	"Termnessterm"	0.197378019876055	0	1.99410072260223	0.92115338119939	1	0.92115338119939	0.999370840320332	NA	"prevalence"	46	2
"Leclercia_adecarboxylata.t__SGB10147"	"Antibiotics"	"Yes"	"AntibioticsYes"	0.990483068170623	0	1.50251927796122	0.509757791897467	1	0.509757791897467	0.999370840320332	NA	"prevalence"	46	2
"Leclercia_adecarboxylata.t__SGB10147"	"Delivery_mode"	"C-section"	"Delivery_modeC-section"	0.267846224755296	0	1.41345979983665	0.849703398712216	1	0.849703398712216	0.999370840320332	NA	"prevalence"	46	2
"Leclercia_adecarboxylata.t__SGB10147"	"Ethnicity"	"European"	"EthnicityEuropean"	-0.112854847430422	0	1.16484920470663	0.922818789871036	1	0.922818789871036	0.999370840320332	NA	"prevalence"	46	2
"Leclercia_adecarboxylata.t__SGB10147"	"Feeding_method"	"Breastfed"	"Feeding_methodBreastfed"	-0.63125592575268	0	1.09965141124936	0.565933331089578	1	0.565933331089578	0.999370840320332	NA	"prevalence"	46	2
"Leclercia_adecarboxylata.t__SGB10147"	"Probiotics"	"Yes"	"ProbioticsYes"	-0.032160514961522	0	2.18874099312495	0.988276614222497	1	0.988276614222497	0.999370840320332	NA	"prevalence"	46	2
"Leclercia_adecarboxylata.t__SGB10147"	"Read_depth"	"Read_depth"	"Read_depth"	-0.16765744334112	0	0.536589386437829	0.754698429605836	1	0.754698429605836	0.999370840320332	NA	"prevalence"	46	2
"Leclercia_adecarboxylata.t__SGB10147"	"Sex"	"Female"	"SexFemale"	-0.452771184088052	0	1.08456444385788	0.676335967411001	1	0.676335967411001	0.999370840320332	NA	"prevalence"	46	2
"Leclercia_adecarboxylata.t__SGB10147"	"Termness"	"term"	"Termnessterm"	0.0723110754122357	0	2.00043412716703	0.971164594950141	1	0.971164594950141	0.999370840320332	NA	"prevalence"	46	2
"Megasphaera_micronuciformis.t__SGB5868"	"Antibiotics"	"Yes"	"AntibioticsYes"	-1.33087790320212	0	1.50903436861947	0.377809207227175	1	0.377809207227175	0.999370840320332	NA	"prevalence"	46	2
"Megasphaera_micronuciformis.t__SGB5868"	"Delivery_mode"	"C-section"	"Delivery_modeC-section"	-0.590781217990788	0	1.24342991810613	0.63469984170702	1	0.63469984170702	0.999370840320332	NA	"prevalence"	46	2
"Megasphaera_micronuciformis.t__SGB5868"	"Ethnicity"	"European"	"EthnicityEuropean"	0.247041230665678	0	1.07923283635592	0.818943158863204	1	0.818943158863204	0.999370840320332	NA	"prevalence"	46	2
"Megasphaera_micronuciformis.t__SGB5868"	"Feeding_method"	"Breastfed"	"Feeding_methodBreastfed"	-0.94533746114298	0	1.02882328531896	0.358172415917213	1	0.358172415917213	0.999370840320332	NA	"prevalence"	46	2
"Megasphaera_micronuciformis.t__SGB5868"	"Probiotics"	"Yes"	"ProbioticsYes"	1.03649884128497	0	2.03618529831023	0.61072450448591	1	0.61072450448591	0.999370840320332	NA	"prevalence"	46	2
"Megasphaera_micronuciformis.t__SGB5868"	"Read_depth"	"Read_depth"	"Read_depth"	0.466009410801492	0	0.795439986469392	0.557975564084661	1	0.557975564084661	0.999370840320332	NA	"prevalence"	46	2
"Megasphaera_micronuciformis.t__SGB5868"	"Sex"	"Female"	"SexFemale"	-0.176045034826422	0	0.967775800703643	0.855655838874162	1	0.855655838874162	0.999370840320332	NA	"prevalence"	46	2
"Megasphaera_micronuciformis.t__SGB5868"	"Termness"	"term"	"Termnessterm"	-0.0858301377051563	0	1.9958523552048	0.965698144358381	1	0.965698144358381	0.999370840320332	NA	"prevalence"	46	2
"Negativicoccus_succinicivorans.t__SGB5794"	"Antibiotics"	"Yes"	"AntibioticsYes"	1.31260093503915	0	1.65847281924904	0.428680520161623	1	0.428680520161623	0.999370840320332	NA	"prevalence"	46	2
"Negativicoccus_succinicivorans.t__SGB5794"	"Delivery_mode"	"C-section"	"Delivery_modeC-section"	0.831071834090613	0	1.3516667426809	0.538654011623727	1	0.538654011623727	0.999370840320332	NA	"prevalence"	46	2
"Negativicoccus_succinicivorans.t__SGB5794"	"Ethnicity"	"European"	"EthnicityEuropean"	-0.450401316554429	0	1.08970191667162	0.679368333023606	1	0.679368333023606	0.999370840320332	NA	"prevalence"	46	2
"Negativicoccus_succinicivorans.t__SGB5794"	"Feeding_method"	"Breastfed"	"Feeding_methodBreastfed"	1.16798603345605	0	1.14663663962714	0.308383811644892	1	0.308383811644892	0.999370840320332	NA	"prevalence"	46	2
"Negativicoccus_succinicivorans.t__SGB5794"	"Probiotics"	"Yes"	"ProbioticsYes"	-0.0511654583462995	0	2.2384023332827	0.981763522176599	1	0.981763522176599	0.999370840320332	NA	"prevalence"	46	2
"Negativicoccus_succinicivorans.t__SGB5794"	"Read_depth"	"Read_depth"	"Read_depth"	-0.00675853545537149	0	0.433930743281952	0.987573332472602	1	0.987573332472602	0.999370840320332	NA	"prevalence"	46	2
"Negativicoccus_succinicivorans.t__SGB5794"	"Sex"	"Female"	"SexFemale"	0.319691329593816	0	1.14292254858114	0.779697009081113	1	0.779697009081113	0.999370840320332	NA	"prevalence"	46	2
"Negativicoccus_succinicivorans.t__SGB5794"	"Termness"	"term"	"Termnessterm"	0.773117224015873	0	2.00020236681863	0.699111961712747	1	0.699111961712747	0.999370840320332	NA	"prevalence"	46	2
"Neisseria_subflava.t__SGB9450"	"Antibiotics"	"Yes"	"AntibioticsYes"	-1.08987703727013	0	1.50063025396776	0.467667424900551	1	0.467667424900551	0.999370840320332	NA	"prevalence"	46	3
"Neisseria_subflava.t__SGB9450"	"Delivery_mode"	"C-section"	"Delivery_modeC-section"	1.11185227638379	0	1.54419263804593	0.471511607801371	1	0.471511607801371	0.999370840320332	NA	"prevalence"	46	3
"Neisseria_subflava.t__SGB9450"	"Ethnicity"	"European"	"EthnicityEuropean"	1.64299893515763	0	1.2833583106008	0.200462853897601	1	0.200462853897601	0.999370840320332	NA	"prevalence"	46	3
"Neisseria_subflava.t__SGB9450"	"Feeding_method"	"Breastfed"	"Feeding_methodBreastfed"	-0.860490430551865	0	1.14656342659848	0.452956470366138	1	0.452956470366138	0.999370840320332	NA	"prevalence"	46	3
"Neisseria_subflava.t__SGB9450"	"Probiotics"	"Yes"	"ProbioticsYes"	1.08871499709857	0	2.1501148837948	0.612609556270753	1	0.612609556270753	0.999370840320332	NA	"prevalence"	46	3
"Neisseria_subflava.t__SGB9450"	"Read_depth"	"Read_depth"	"Read_depth"	-0.489375110355435	0	0.395216569122822	0.215625071317607	1	0.215625071317607	0.999370840320332	NA	"prevalence"	46	3
"Neisseria_subflava.t__SGB9450"	"Sex"	"Female"	"SexFemale"	-0.735523046725396	0	1.10805013187499	0.506818690115342	1	0.506818690115342	0.999370840320332	NA	"prevalence"	46	3
"Neisseria_subflava.t__SGB9450"	"Termness"	"term"	"Termnessterm"	0.949155923276558	0	2.00904821791089	0.636612338625106	1	0.636612338625106	0.999370840320332	NA	"prevalence"	46	3
"Parabacteroides_distasonis.t__SGB1934"	"Antibiotics"	"Yes"	"AntibioticsYes"	-0.795488076864857	0	1.7788089605471	0.654728749883644	1	0.654728749883644	0.999370840320332	NA	"prevalence"	46	3
"Parabacteroides_distasonis.t__SGB1934"	"Delivery_mode"	"C-section"	"Delivery_modeC-section"	-2.29470202298676	0	1.20230233534178	0.0563150234851394	1	0.0563150234851394	0.999370840320332	NA	"prevalence"	46	3
"Parabacteroides_distasonis.t__SGB1934"	"Ethnicity"	"European"	"EthnicityEuropean"	-0.100934778304138	0	1.02240065863998	0.921357959686762	1	0.921357959686762	0.999370840320332	NA	"prevalence"	46	3
"Parabacteroides_distasonis.t__SGB1934"	"Feeding_method"	"Breastfed"	"Feeding_methodBreastfed"	-0.903060545593931	0	0.97100663230331	0.35235808602054	1	0.35235808602054	0.999370840320332	NA	"prevalence"	46	3
"Parabacteroides_distasonis.t__SGB1934"	"Probiotics"	"Yes"	"ProbioticsYes"	-0.432778324958556	0	2.17341770038509	0.842166216164868	1	0.842166216164868	0.999370840320332	NA	"prevalence"	46	3
"Parabacteroides_distasonis.t__SGB1934"	"Read_depth"	"Read_depth"	"Read_depth"	-0.443721817297081	0	0.417253372512139	0.287584752448858	1	0.287584752448858	0.999370840320332	NA	"prevalence"	46	3
"Parabacteroides_distasonis.t__SGB1934"	"Sex"	"Female"	"SexFemale"	0.0914609417760317	0	0.962878287303486	0.924325134661282	1	0.924325134661282	0.999370840320332	NA	"prevalence"	46	3
"Parabacteroides_distasonis.t__SGB1934"	"Termness"	"term"	"Termnessterm"	-0.200611920180038	0	2.01078458655842	0.920528527955224	1	0.920528527955224	0.999370840320332	NA	"prevalence"	46	3
"Peptoniphilus_gorbachii.t__SGB6699"	"Antibiotics"	"Yes"	"AntibioticsYes"	-1.02668848982061	0	1.52635755481443	0.501176620986574	1	0.501176620986574	0.999370840320332	NA	"prevalence"	46	2
"Peptoniphilus_gorbachii.t__SGB6699"	"Delivery_mode"	"C-section"	"Delivery_modeC-section"	0.0667034078408353	0	1.47088506440121	0.963829000607297	1	0.963829000607297	0.999370840320332	NA	"prevalence"	46	2
"Peptoniphilus_gorbachii.t__SGB6699"	"Ethnicity"	"European"	"EthnicityEuropean"	-0.370929410324549	0	1.04109332938803	0.72162464322436	1	0.72162464322436	0.999370840320332	NA	"prevalence"	46	2
"Peptoniphilus_gorbachii.t__SGB6699"	"Feeding_method"	"Breastfed"	"Feeding_methodBreastfed"	0.949460279069536	0	1.11917402051317	0.396238602993884	1	0.396238602993884	0.999370840320332	NA	"prevalence"	46	2
"Peptoniphilus_gorbachii.t__SGB6699"	"Probiotics"	"Yes"	"ProbioticsYes"	1.31085250596515	0	2.01920336690249	0.516213695027673	1	0.516213695027673	0.999370840320332	NA	"prevalence"	46	2
"Peptoniphilus_gorbachii.t__SGB6699"	"Read_depth"	"Read_depth"	"Read_depth"	-0.00814067685921709	0	0.526371517717442	0.987660689761508	1	0.987660689761508	0.999370840320332	NA	"prevalence"	46	2
"Peptoniphilus_gorbachii.t__SGB6699"	"Sex"	"Female"	"SexFemale"	0.576909473434615	0	1.15494385417222	0.617418028376958	1	0.617418028376958	0.999370840320332	NA	"prevalence"	46	2
"Peptoniphilus_gorbachii.t__SGB6699"	"Termness"	"term"	"Termnessterm"	-0.0868763634313135	0	2.0676209629098	0.966484709043897	1	0.966484709043897	0.999370840320332	NA	"prevalence"	46	2
"Peptostreptococcus_anaerobius.t__SGB746"	"Antibiotics"	"Yes"	"AntibioticsYes"	-0.0780162827070422	0	1.36574549357195	0.954446746698235	1	0.954446746698235	0.999370840320332	NA	"prevalence"	46	2
"Peptostreptococcus_anaerobius.t__SGB746"	"Delivery_mode"	"C-section"	"Delivery_modeC-section"	0.0968475580762446	0	1.43317036692232	0.946123362372604	1	0.946123362372604	0.999370840320332	NA	"prevalence"	46	2
"Peptostreptococcus_anaerobius.t__SGB746"	"Ethnicity"	"European"	"EthnicityEuropean"	-0.81517330936749	0	1.07765022624893	0.449387895833712	1	0.449387895833712	0.999370840320332	NA	"prevalence"	46	2
"Peptostreptococcus_anaerobius.t__SGB746"	"Feeding_method"	"Breastfed"	"Feeding_methodBreastfed"	0.351189928338447	0	1.0466060898092	0.737209329732524	1	0.737209329732524	0.999370840320332	NA	"prevalence"	46	2
"Peptostreptococcus_anaerobius.t__SGB746"	"Probiotics"	"Yes"	"ProbioticsYes"	0.818159411005547	0	2.02333533463169	0.685946725356988	1	0.685946725356988	0.999370840320332	NA	"prevalence"	46	2
"Peptostreptococcus_anaerobius.t__SGB746"	"Read_depth"	"Read_depth"	"Read_depth"	-0.157119025276426	0	0.502994728921633	0.754761519759761	1	0.754761519759761	0.999370840320332	NA	"prevalence"	46	2
"Peptostreptococcus_anaerobius.t__SGB746"	"Sex"	"Female"	"SexFemale"	0.135772222118146	0	1.08694131041788	0.900593065818468	1	0.900593065818468	0.999370840320332	NA	"prevalence"	46	2
"Peptostreptococcus_anaerobius.t__SGB746"	"Termness"	"term"	"Termnessterm"	0.135623035921147	0	2.0217840946733	0.946517323155736	1	0.946517323155736	0.999370840320332	NA	"prevalence"	46	2
"Phocaeicola_dorei.t__SGB1815"	"Antibiotics"	"Yes"	"AntibioticsYes"	-0.795488076864857	0	1.7788089605471	0.654728749883644	1	0.654728749883644	0.999370840320332	NA	"prevalence"	46	3
"Phocaeicola_dorei.t__SGB1815"	"Delivery_mode"	"C-section"	"Delivery_modeC-section"	-2.29470202298676	0	1.20230233534178	0.0563150234851394	1	0.0563150234851394	0.999370840320332	NA	"prevalence"	46	3
"Phocaeicola_dorei.t__SGB1815"	"Ethnicity"	"European"	"EthnicityEuropean"	-0.100934778304138	0	1.02240065863998	0.921357959686762	1	0.921357959686762	0.999370840320332	NA	"prevalence"	46	3
"Phocaeicola_dorei.t__SGB1815"	"Feeding_method"	"Breastfed"	"Feeding_methodBreastfed"	-0.903060545593931	0	0.97100663230331	0.35235808602054	1	0.35235808602054	0.999370840320332	NA	"prevalence"	46	3
"Phocaeicola_dorei.t__SGB1815"	"Probiotics"	"Yes"	"ProbioticsYes"	-0.432778324958556	0	2.17341770038509	0.842166216164868	1	0.842166216164868	0.999370840320332	NA	"prevalence"	46	3
"Phocaeicola_dorei.t__SGB1815"	"Read_depth"	"Read_depth"	"Read_depth"	-0.443721817297081	0	0.417253372512139	0.287584752448858	1	0.287584752448858	0.999370840320332	NA	"prevalence"	46	3
"Phocaeicola_dorei.t__SGB1815"	"Sex"	"Female"	"SexFemale"	0.0914609417760317	0	0.962878287303486	0.924325134661282	1	0.924325134661282	0.999370840320332	NA	"prevalence"	46	3
"Phocaeicola_dorei.t__SGB1815"	"Termness"	"term"	"Termnessterm"	-0.200611920180038	0	2.01078458655842	0.920528527955224	1	0.920528527955224	0.999370840320332	NA	"prevalence"	46	3
"Phytobacter_diazotrophicus.t__SGB10057"	"Antibiotics"	"Yes"	"AntibioticsYes"	0.586740574667786	0	1.74903912045657	0.737274702149996	1	0.737274702149996	0.999370840320332	NA	"prevalence"	46	2
"Phytobacter_diazotrophicus.t__SGB10057"	"Delivery_mode"	"C-section"	"Delivery_modeC-section"	0.926812421331356	0	1.30983022358294	0.479204811472466	1	0.479204811472466	0.999370840320332	NA	"prevalence"	46	2
"Phytobacter_diazotrophicus.t__SGB10057"	"Ethnicity"	"European"	"EthnicityEuropean"	-0.159520008715633	0	1.12036125825608	0.886777763369381	1	0.886777763369381	0.999370840320332	NA	"prevalence"	46	2
"Phytobacter_diazotrophicus.t__SGB10057"	"Feeding_method"	"Breastfed"	"Feeding_methodBreastfed"	-0.0358145919402201	0	1.12813215689802	0.974673968446852	1	0.974673968446852	0.999370840320332	NA	"prevalence"	46	2
"Phytobacter_diazotrophicus.t__SGB10057"	"Probiotics"	"Yes"	"ProbioticsYes"	-0.370703079804467	0	2.18488312252029	0.865271842519277	1	0.865271842519277	0.999370840320332	NA	"prevalence"	46	2
"Phytobacter_diazotrophicus.t__SGB10057"	"Read_depth"	"Read_depth"	"Read_depth"	0.0451398243751194	0	0.422113879339274	0.914838522827875	1	0.914838522827875	0.999370840320332	NA	"prevalence"	46	2
"Phytobacter_diazotrophicus.t__SGB10057"	"Sex"	"Female"	"SexFemale"	0.798894397267808	0	1.05426882504521	0.448588054650828	1	0.448588054650828	0.999370840320332	NA	"prevalence"	46	2
"Phytobacter_diazotrophicus.t__SGB10057"	"Termness"	"term"	"Termnessterm"	0.835947159695237	0	1.9181353124184	0.662972844259433	1	0.662972844259433	0.999370840320332	NA	"prevalence"	46	2
"Prevotella_bivia.t__SGB1557"	"Antibiotics"	"Yes"	"AntibioticsYes"	1.21051879594162	0	1.64238275863297	0.461091727592107	1	0.461091727592107	0.999370840320332	NA	"prevalence"	46	2
"Prevotella_bivia.t__SGB1557"	"Delivery_mode"	"C-section"	"Delivery_modeC-section"	-0.224801951772264	0	1.12207099081337	0.841210325541484	1	0.841210325541484	0.999370840320332	NA	"prevalence"	46	2
"Prevotella_bivia.t__SGB1557"	"Ethnicity"	"European"	"EthnicityEuropean"	0.635403321027943	0	1.06411373759504	0.550427437729394	1	0.550427437729394	0.999370840320332	NA	"prevalence"	46	2
"Prevotella_bivia.t__SGB1557"	"Feeding_method"	"Breastfed"	"Feeding_methodBreastfed"	0.691113269864193	0	1.07944999982488	0.522012846775343	1	0.522012846775343	0.999370840320332	NA	"prevalence"	46	2
"Prevotella_bivia.t__SGB1557"	"Probiotics"	"Yes"	"ProbioticsYes"	0.0344545331624564	0	2.26636088998183	0.987870563209046	1	0.987870563209046	0.999370840320332	NA	"prevalence"	46	2
"Prevotella_bivia.t__SGB1557"	"Read_depth"	"Read_depth"	"Read_depth"	0.225387258785972	0	0.590781202967228	0.702826959500671	1	0.702826959500671	0.999370840320332	NA	"prevalence"	46	2
"Prevotella_bivia.t__SGB1557"	"Sex"	"Female"	"SexFemale"	0.354720442717374	0	1.0590271462666	0.737663302409402	1	0.737663302409402	0.999370840320332	NA	"prevalence"	46	2
"Prevotella_bivia.t__SGB1557"	"Termness"	"term"	"Termnessterm"	0.222877015149042	0	2.00710358485216	0.911581374645187	1	0.911581374645187	0.999370840320332	NA	"prevalence"	46	2
"Proteus_mirabilis.t__SGB9992"	"Antibiotics"	"Yes"	"AntibioticsYes"	-0.879253820600333	0	1.55316574731266	0.571322874929247	1	0.571322874929247	0.999370840320332	NA	"prevalence"	46	3
"Proteus_mirabilis.t__SGB9992"	"Delivery_mode"	"C-section"	"Delivery_modeC-section"	0.0696946406610729	0	1.45024552774018	0.961670710467417	1	0.961670710467417	0.999370840320332	NA	"prevalence"	46	3
"Proteus_mirabilis.t__SGB9992"	"Ethnicity"	"European"	"EthnicityEuropean"	0.142817610597762	0	1.0378607255784	0.89055048247866	1	0.89055048247866	0.999370840320332	NA	"prevalence"	46	3
"Proteus_mirabilis.t__SGB9992"	"Feeding_method"	"Breastfed"	"Feeding_methodBreastfed"	0.718496305327839	0	1.12731915251878	0.523897210646852	1	0.523897210646852	0.999370840320332	NA	"prevalence"	46	3
"Proteus_mirabilis.t__SGB9992"	"Probiotics"	"Yes"	"ProbioticsYes"	-1.4033635730383	0	1.38710634015604	0.311671830534481	1	0.311671830534481	0.999370840320332	NA	"prevalence"	46	3
"Proteus_mirabilis.t__SGB9992"	"Read_depth"	"Read_depth"	"Read_depth"	-0.0141386543037429	0	0.545537005786678	0.979323581902357	1	0.979323581902357	0.999370840320332	NA	"prevalence"	46	3
"Proteus_mirabilis.t__SGB9992"	"Sex"	"Female"	"SexFemale"	-0.175349566484021	0	1.06374040480926	0.869067996717538	1	0.869067996717538	0.999370840320332	NA	"prevalence"	46	3
"Proteus_mirabilis.t__SGB9992"	"Termness"	"term"	"Termnessterm"	-2.39980161801734	0	1.38587534404427	0.0833422514345821	1	0.0833422514345821	0.999370840320332	NA	"prevalence"	46	3
"Raoultella_ornithinolytica.t__SGB10124"	"Antibiotics"	"Yes"	"AntibioticsYes"	1.98673593841114	0	1.44012519619903	0.167722840162698	1	0.167722840162698	0.999370840320332	NA	"prevalence"	46	7
"Raoultella_ornithinolytica.t__SGB10124"	"Delivery_mode"	"C-section"	"Delivery_modeC-section"	-0.936420959134729	0	1.14866682693344	0.414944005906806	1	0.414944005906806	0.999370840320332	NA	"prevalence"	46	7
"Raoultella_ornithinolytica.t__SGB10124"	"Ethnicity"	"European"	"EthnicityEuropean"	-0.557855292082997	0	0.99101210916577	0.573492964354174	1	0.573492964354174	0.999370840320332	NA	"prevalence"	46	7
"Raoultella_ornithinolytica.t__SGB10124"	"Feeding_method"	"Breastfed"	"Feeding_methodBreastfed"	-1.77122956667826	0	0.943707445234985	0.0605339707079957	1	0.0605339707079957	0.999370840320332	NA	"prevalence"	46	7
"Raoultella_ornithinolytica.t__SGB10124"	"Probiotics"	"Yes"	"ProbioticsYes"	-0.433182612675023	0	2.20711843530378	0.844401863426717	1	0.844401863426717	0.999370840320332	NA	"prevalence"	46	7
"Raoultella_ornithinolytica.t__SGB10124"	"Read_depth"	"Read_depth"	"Read_depth"	-0.239233644221156	0	0.501634097392668	0.633427166424696	1	0.633427166424696	0.999370840320332	NA	"prevalence"	46	7
"Raoultella_ornithinolytica.t__SGB10124"	"Sex"	"Female"	"SexFemale"	-0.23126614597519	0	0.875527625864837	0.791668276783635	1	0.791668276783635	0.999370840320332	NA	"prevalence"	46	7
"Raoultella_ornithinolytica.t__SGB10124"	"Termness"	"term"	"Termnessterm"	0.293005650164764	0	1.97866601390312	0.882277723902012	1	0.882277723902012	0.999370840320332	NA	"prevalence"	46	7
"Rothia_mucilaginosa.t__SGB16971_group"	"Antibiotics"	"Yes"	"AntibioticsYes"	0.289927607092259	0	1.6896223864376	0.863757402627418	1	0.863757402627418	0.999370840320332	NA	"prevalence"	46	9
"Rothia_mucilaginosa.t__SGB16971_group"	"Delivery_mode"	"C-section"	"Delivery_modeC-section"	-0.547762017202365	0	0.864100878619839	0.526139688030958	1	0.526139688030958	0.999370840320332	NA	"prevalence"	46	9
"Rothia_mucilaginosa.t__SGB16971_group"	"Ethnicity"	"European"	"EthnicityEuropean"	-0.0152622166952971	0	0.875330304978632	0.986088828404738	1	0.986088828404738	0.999370840320332	NA	"prevalence"	46	9
"Rothia_mucilaginosa.t__SGB16971_group"	"Feeding_method"	"Breastfed"	"Feeding_methodBreastfed"	-0.839745238092424	0	0.887480194664467	0.344039990928159	1	0.344039990928159	0.999370840320332	NA	"prevalence"	46	9
"Rothia_mucilaginosa.t__SGB16971_group"	"Probiotics"	"Yes"	"ProbioticsYes"	-0.510129098194706	0	2.20583088684825	0.817109774462293	1	0.817109774462293	0.999370840320332	NA	"prevalence"	46	9
"Rothia_mucilaginosa.t__SGB16971_group"	"Read_depth"	"Read_depth"	"Read_depth"	0.083337029734799	0	0.343724354744144	0.808429106242652	1	0.808429106242652	0.999370840320332	NA	"prevalence"	46	9
"Rothia_mucilaginosa.t__SGB16971_group"	"Sex"	"Female"	"SexFemale"	1.15336351285433	0	0.80963022078459	0.154285613683427	1	0.154285613683427	0.999370840320332	NA	"prevalence"	46	9
"Rothia_mucilaginosa.t__SGB16971_group"	"Termness"	"term"	"Termnessterm"	1.83979474677696	0	1.92260000448381	0.338602292618076	1	0.338602292618076	0.999370840320332	NA	"prevalence"	46	9
"Rothia_mucilaginosa.t__SGB16985"	"Antibiotics"	"Yes"	"AntibioticsYes"	0.351292537145609	0	1.58345074589442	0.824428693540903	1	0.824428693540903	0.999370840320332	NA	"prevalence"	46	4
"Rothia_mucilaginosa.t__SGB16985"	"Delivery_mode"	"C-section"	"Delivery_modeC-section"	0.142781034486038	0	1.15946313631697	0.901992997036061	1	0.901992997036061	0.999370840320332	NA	"prevalence"	46	4
"Rothia_mucilaginosa.t__SGB16985"	"Ethnicity"	"European"	"EthnicityEuropean"	0.704550269185069	0	1.07907010825534	0.513805575712833	1	0.513805575712833	0.999370840320332	NA	"prevalence"	46	4
"Rothia_mucilaginosa.t__SGB16985"	"Feeding_method"	"Breastfed"	"Feeding_methodBreastfed"	0.124975680315146	0	1.04525736619686	0.904828138314114	1	0.904828138314114	0.999370840320332	NA	"prevalence"	46	4
"Rothia_mucilaginosa.t__SGB16985"	"Probiotics"	"Yes"	"ProbioticsYes"	-1.64261768885763	0	1.65922877721672	0.322179657387278	1	0.322179657387278	0.999370840320332	NA	"prevalence"	46	4
"Rothia_mucilaginosa.t__SGB16985"	"Read_depth"	"Read_depth"	"Read_depth"	0.937686415320304	0	0.91535564148708	0.305648395546624	1	0.305648395546624	0.999370840320332	NA	"prevalence"	46	4
"Rothia_mucilaginosa.t__SGB16985"	"Sex"	"Female"	"SexFemale"	-0.823370537637962	0	1.01123156664495	0.415515774240183	1	0.415515774240183	0.999370840320332	NA	"prevalence"	46	4
"Rothia_mucilaginosa.t__SGB16985"	"Termness"	"term"	"Termnessterm"	-2.29274747794295	0	1.37504937051387	0.0954363162412155	1	0.0954363162412155	0.999370840320332	NA	"prevalence"	46	4
"Rothia_mucilaginosa.t__SGB16986"	"Antibiotics"	"Yes"	"AntibioticsYes"	-0.278206876708664	0	1.70747291831147	0.87056971596781	1	0.87056971596781	0.999370840320332	NA	"prevalence"	46	2
"Rothia_mucilaginosa.t__SGB16986"	"Delivery_mode"	"C-section"	"Delivery_modeC-section"	0.506908111234393	0	1.36797338155022	0.710969693200644	1	0.710969693200644	0.999370840320332	NA	"prevalence"	46	2
"Rothia_mucilaginosa.t__SGB16986"	"Ethnicity"	"European"	"EthnicityEuropean"	-0.725231079073764	0	1.19680108253025	0.544531607920024	1	0.544531607920024	0.999370840320332	NA	"prevalence"	46	2
"Rothia_mucilaginosa.t__SGB16986"	"Feeding_method"	"Breastfed"	"Feeding_methodBreastfed"	-0.685488927812817	0	1.14596973597796	0.549724055134299	1	0.549724055134299	0.999370840320332	NA	"prevalence"	46	2
"Rothia_mucilaginosa.t__SGB16986"	"Probiotics"	"Yes"	"ProbioticsYes"	-0.21285808625416	0	2.17556518400906	0.922059056477756	1	0.922059056477756	0.999370840320332	NA	"prevalence"	46	2
"Rothia_mucilaginosa.t__SGB16986"	"Read_depth"	"Read_depth"	"Read_depth"	-0.241785818650166	0	0.408926231722156	0.554339517915242	1	0.554339517915242	0.999370840320332	NA	"prevalence"	46	2
"Rothia_mucilaginosa.t__SGB16986"	"Sex"	"Female"	"SexFemale"	-0.206849547605908	0	0.996177432742587	0.83550750980807	1	0.83550750980807	0.999370840320332	NA	"prevalence"	46	2
"Rothia_mucilaginosa.t__SGB16986"	"Termness"	"term"	"Termnessterm"	0.968296634052007	0	1.93247564381605	0.616325113835071	1	0.616325113835071	0.999370840320332	NA	"prevalence"	46	2
"Scardovia_wiggsiae.t__SGB15494"	"Antibiotics"	"Yes"	"AntibioticsYes"	-0.219375561811575	0	1.68528556726221	0.896431018631116	1	0.896431018631116	0.999370840320332	NA	"prevalence"	46	5
"Scardovia_wiggsiae.t__SGB15494"	"Delivery_mode"	"C-section"	"Delivery_modeC-section"	-0.286502255425296	0	0.964203408538433	0.766360533982024	1	0.766360533982024	0.999370840320332	NA	"prevalence"	46	5
"Scardovia_wiggsiae.t__SGB15494"	"Ethnicity"	"European"	"EthnicityEuropean"	-0.456646330441211	0	0.901739283434795	0.612571549060098	1	0.612571549060098	0.999370840320332	NA	"prevalence"	46	5
"Scardovia_wiggsiae.t__SGB15494"	"Feeding_method"	"Breastfed"	"Feeding_methodBreastfed"	0.821697828759485	0	0.929400198944848	0.376633456097688	1	0.376633456097688	0.999370840320332	NA	"prevalence"	46	5
"Scardovia_wiggsiae.t__SGB15494"	"Probiotics"	"Yes"	"ProbioticsYes"	-1.23620837811112	0	1.64150019501511	0.45139180797128	1	0.45139180797128	0.999370840320332	NA	"prevalence"	46	5
"Scardovia_wiggsiae.t__SGB15494"	"Read_depth"	"Read_depth"	"Read_depth"	0.193103144014684	0	0.462924689725211	0.676578001086194	1	0.676578001086194	0.999370840320332	NA	"prevalence"	46	5
"Scardovia_wiggsiae.t__SGB15494"	"Sex"	"Female"	"SexFemale"	-0.353534185451202	0	0.857381276345351	0.680088875048776	1	0.680088875048776	0.999370840320332	NA	"prevalence"	46	5
"Scardovia_wiggsiae.t__SGB15494"	"Termness"	"term"	"Termnessterm"	-0.114094001115653	0	1.27065190088531	0.928452739718268	1	0.928452739718268	0.999370840320332	NA	"prevalence"	46	5
"Serratia_marcescens.t__SGB10251"	"Antibiotics"	"Yes"	"AntibioticsYes"	-0.411770610320461	0	1.31684726415551	0.754512939867593	1	0.754512939867593	0.999370840320332	NA	"prevalence"	46	3
"Serratia_marcescens.t__SGB10251"	"Delivery_mode"	"C-section"	"Delivery_modeC-section"	0.896216267193019	0	1.42804478387649	0.530277314380043	1	0.530277314380043	0.999370840320332	NA	"prevalence"	46	3
"Serratia_marcescens.t__SGB10251"	"Ethnicity"	"European"	"EthnicityEuropean"	1.72358204050662	0	1.19144611238329	0.148000496727296	1	0.148000496727296	0.999370840320332	NA	"prevalence"	46	3
"Serratia_marcescens.t__SGB10251"	"Feeding_method"	"Breastfed"	"Feeding_methodBreastfed"	-0.262679001456506	0	1.08177209747848	0.808142620836614	1	0.808142620836614	0.999370840320332	NA	"prevalence"	46	3
"Serratia_marcescens.t__SGB10251"	"Probiotics"	"Yes"	"ProbioticsYes"	1.87804170856022	0	2.14127166827424	0.380449489113124	1	0.380449489113124	0.999370840320332	NA	"prevalence"	46	3
"Serratia_marcescens.t__SGB10251"	"Read_depth"	"Read_depth"	"Read_depth"	0.292126724551434	0	0.711658962054485	0.681448766538297	1	0.681448766538297	0.999370840320332	NA	"prevalence"	46	3
"Serratia_marcescens.t__SGB10251"	"Sex"	"Female"	"SexFemale"	-0.103017060177135	0	1.15756769615277	0.929086348532251	1	0.929086348532251	0.999370840320332	NA	"prevalence"	46	3
"Serratia_marcescens.t__SGB10251"	"Termness"	"term"	"Termnessterm"	0.14342442635207	0	2.06683795079252	0.944676669575289	1	0.944676669575289	0.999370840320332	NA	"prevalence"	46	3
"Staphylococcus_aureus.t__SGB7852"	"Antibiotics"	"Yes"	"AntibioticsYes"	2.04135029287928	0	1.06310587432466	0.054835683035605	1	0.106664413937229	0.999370840320332	NA	"prevalence"	46	30
"Staphylococcus_aureus.t__SGB7852"	"Delivery_mode"	"C-section"	"Delivery_modeC-section"	0.992786779058675	0	0.847644537579235	0.24150630773753	1	0.424687318798046	0.999370840320332	NA	"prevalence"	46	30
"Staphylococcus_aureus.t__SGB7852"	"Ethnicity"	"European"	"EthnicityEuropean"	-0.294596635445645	0	0.751721292752899	0.695134992064916	1	0.907057326936741	0.999370840320332	NA	"prevalence"	46	30
"Staphylococcus_aureus.t__SGB7852"	"Feeding_method"	"Breastfed"	"Feeding_methodBreastfed"	1.3418643012109	0	0.765660350399858	0.079677877018215	1	0.1530071899503	0.999370840320332	NA	"prevalence"	46	30
"Staphylococcus_aureus.t__SGB7852"	"Probiotics"	"Yes"	"ProbioticsYes"	-2.60469405523746	0	1.9082095867334	0.17225503159614	1	0.314838267282094	0.999370840320332	NA	"prevalence"	46	30
"Staphylococcus_aureus.t__SGB7852"	"Read_depth"	"Read_depth"	"Read_depth"	0.169670029778388	0	0.329401330454869	0.606492891215611	1	0.674816081218203	0.999370840320332	NA	"prevalence"	46	30
"Staphylococcus_aureus.t__SGB7852"	"Sex"	"Female"	"SexFemale"	0.250057036382054	0	0.692985200954993	0.71821878211043	1	0.0843091231999313	0.999370840320332	NA	"prevalence"	46	30
"Staphylococcus_aureus.t__SGB7852"	"Termness"	"term"	"Termnessterm"	-1.72503465607073	0	1.85611543697034	0.352692721661512	1	0.580993287410019	0.999370840320332	NA	"prevalence"	46	30
"Staphylococcus_epidermidis.t__SGB7865"	"Antibiotics"	"Yes"	"AntibioticsYes"	-1.46303312796394	0	1.3177613987607	0.266895060460431	1	0.462557147622685	0.999370840320332	NA	"prevalence"	46	38
"Staphylococcus_epidermidis.t__SGB7865"	"Delivery_mode"	"C-section"	"Delivery_modeC-section"	0.0759174803501309	0	0.95770476965646	0.936817682305394	1	0.959277829276784	0.999370840320332	NA	"prevalence"	46	38
"Staphylococcus_epidermidis.t__SGB7865"	"Ethnicity"	"European"	"EthnicityEuropean"	-0.288438814675142	0	0.832212644269164	0.728897342364607	1	0.328260861358741	0.999370840320332	NA	"prevalence"	46	38
"Staphylococcus_epidermidis.t__SGB7865"	"Feeding_method"	"Breastfed"	"Feeding_methodBreastfed"	0.713749843313979	0	0.853073562937944	0.402772296211218	1	0.163903654542022	0.999370840320332	NA	"prevalence"	46	38
"Staphylococcus_epidermidis.t__SGB7865"	"Probiotics"	"Yes"	"ProbioticsYes"	1.86615631984746	0	1.55627897729955	0.230483518584551	1	0.407844384829987	0.999370840320332	NA	"prevalence"	46	38
"Staphylococcus_epidermidis.t__SGB7865"	"Read_depth"	"Read_depth"	"Read_depth"	-0.0435818329336191	0	0.375831408163484	0.90768335157201	1	0.962764937835054	0.999370840320332	NA	"prevalence"	46	38
"Staphylococcus_epidermidis.t__SGB7865"	"Sex"	"Female"	"SexFemale"	-1.93542899214552	0	0.904616059603594	0.0323949336528601	1	0.063740435579347	0.999370840320332	NA	"prevalence"	46	38
"Staphylococcus_epidermidis.t__SGB7865"	"Termness"	"term"	"Termnessterm"	1.17422929350204	0	1.38387138891703	0.39615377187238	1	0.635369732776046	0.999370840320332	NA	"prevalence"	46	38
"Staphylococcus_haemolyticus.t__SGB7861"	"Antibiotics"	"Yes"	"AntibioticsYes"	0.684695002519258	0	1.23891924277155	0.580499623906389	1	0.580499623906389	0.999370840320332	NA	"prevalence"	46	5
"Staphylococcus_haemolyticus.t__SGB7861"	"Delivery_mode"	"C-section"	"Delivery_modeC-section"	0.241127018017907	0	1.11942980145512	0.829454189447934	1	0.829454189447934	0.999370840320332	NA	"prevalence"	46	5
"Staphylococcus_haemolyticus.t__SGB7861"	"Ethnicity"	"European"	"EthnicityEuropean"	0.405821160668398	0	0.979719330415662	0.678711635909249	1	0.678711635909249	0.999370840320332	NA	"prevalence"	46	5
"Staphylococcus_haemolyticus.t__SGB7861"	"Feeding_method"	"Breastfed"	"Feeding_methodBreastfed"	1.00177514870049	0	0.956312091537464	0.29485060319248	1	0.29485060319248	0.999370840320332	NA	"prevalence"	46	5
"Staphylococcus_haemolyticus.t__SGB7861"	"Probiotics"	"Yes"	"ProbioticsYes"	1.74584845970596	0	2.09692287694786	0.40508368433891	1	0.40508368433891	0.999370840320332	NA	"prevalence"	46	5
"Staphylococcus_haemolyticus.t__SGB7861"	"Read_depth"	"Read_depth"	"Read_depth"	0.234453671976894	0	0.611413928717528	0.701377647828427	1	0.701377647828427	0.999370840320332	NA	"prevalence"	46	5
"Staphylococcus_haemolyticus.t__SGB7861"	"Sex"	"Female"	"SexFemale"	-0.653190946349605	0	0.981177073048267	0.505588950295712	1	0.505588950295712	0.999370840320332	NA	"prevalence"	46	5
"Staphylococcus_haemolyticus.t__SGB7861"	"Termness"	"term"	"Termnessterm"	0.943747703588864	0	1.98516245957486	0.634501366664755	1	0.634501366664755	0.999370840320332	NA	"prevalence"	46	5
"Staphylococcus_hominis.t__SGB7858"	"Antibiotics"	"Yes"	"AntibioticsYes"	-1.10484913175059	0	1.45311994840374	0.447057994806446	1	0.447057994806446	0.999370840320332	NA	"prevalence"	46	13
"Staphylococcus_hominis.t__SGB7858"	"Delivery_mode"	"C-section"	"Delivery_modeC-section"	-1.10433487785038	0	0.876073343507575	0.207470765653462	1	0.207470765653462	0.999370840320332	NA	"prevalence"	46	13
"Staphylococcus_hominis.t__SGB7858"	"Ethnicity"	"European"	"EthnicityEuropean"	-0.0320746512384436	0	0.842215725468124	0.969620985061942	1	0.969620985061942	0.999370840320332	NA	"prevalence"	46	13
"Staphylococcus_hominis.t__SGB7858"	"Feeding_method"	"Breastfed"	"Feeding_methodBreastfed"	0.560507810773313	0	0.830550036411602	0.49976256378184	1	0.49976256378184	0.999370840320332	NA	"prevalence"	46	13
"Staphylococcus_hominis.t__SGB7858"	"Probiotics"	"Yes"	"ProbioticsYes"	0.971629028007795	0	2.01068682121533	0.6289307290576	1	0.6289307290576	0.999370840320332	NA	"prevalence"	46	13
"Staphylococcus_hominis.t__SGB7858"	"Read_depth"	"Read_depth"	"Read_depth"	-0.115061084277251	0	0.331469226674191	0.72849780021426	1	0.72849780021426	0.999370840320332	NA	"prevalence"	46	13
"Staphylococcus_hominis.t__SGB7858"	"Sex"	"Female"	"SexFemale"	0.00353312673403552	0	0.762746183196279	0.996304121536732	1	0.996304121536732	0.999370840320332	NA	"prevalence"	46	13
"Staphylococcus_hominis.t__SGB7858"	"Termness"	"term"	"Termnessterm"	2.40865723648718	0	1.88149769559827	0.200481554716733	1	0.200481554716733	0.999370840320332	NA	"prevalence"	46	13
"Staphylococcus_lugdunensis.t__SGB7850"	"Antibiotics"	"Yes"	"AntibioticsYes"	-2.50902684177971	0	1.41220089232459	0.0756211658217163	1	0.0756211658217163	0.999370840320332	NA	"prevalence"	46	9
"Staphylococcus_lugdunensis.t__SGB7850"	"Delivery_mode"	"C-section"	"Delivery_modeC-section"	-1.23934019996003	0	0.926186806169128	0.180860450240006	1	0.180860450240006	0.999370840320332	NA	"prevalence"	46	9
"Staphylococcus_lugdunensis.t__SGB7850"	"Ethnicity"	"European"	"EthnicityEuropean"	-0.514666534060455	0	0.800081320852605	0.520050360042294	1	0.520050360042294	0.999370840320332	NA	"prevalence"	46	9
"Staphylococcus_lugdunensis.t__SGB7850"	"Feeding_method"	"Breastfed"	"Feeding_methodBreastfed"	0.546858789231224	0	0.805983272602582	0.497455401103392	1	0.497455401103392	0.999370840320332	NA	"prevalence"	46	9
"Staphylococcus_lugdunensis.t__SGB7850"	"Probiotics"	"Yes"	"ProbioticsYes"	0.629240366863829	0	1.38473952371723	0.64953329891704	1	0.64953329891704	0.999370840320332	NA	"prevalence"	46	9
"Staphylococcus_lugdunensis.t__SGB7850"	"Read_depth"	"Read_depth"	"Read_depth"	0.0817348233548478	0	0.442220067486234	0.853363639031237	1	0.853363639031237	0.999370840320332	NA	"prevalence"	46	9
"Staphylococcus_lugdunensis.t__SGB7850"	"Sex"	"Female"	"SexFemale"	-1.19206172957147	0	0.783103176707356	0.127951914530698	1	0.127951914530698	0.999370840320332	NA	"prevalence"	46	9
"Staphylococcus_lugdunensis.t__SGB7850"	"Termness"	"term"	"Termnessterm"	0.148629925077544	0	1.27769995351313	0.907394056239076	1	0.907394056239076	0.999370840320332	NA	"prevalence"	46	9
"Stenotrophomonas_maltophilia.t__SGB12459"	"Antibiotics"	"Yes"	"AntibioticsYes"	1.64992141451487	0	1.44482524383507	0.253473875044602	1	0.253473875044602	0.999370840320332	NA	"prevalence"	46	4
"Stenotrophomonas_maltophilia.t__SGB12459"	"Delivery_mode"	"C-section"	"Delivery_modeC-section"	0.671542272263406	0	1.40562642619275	0.632826001492071	1	0.632826001492071	0.999370840320332	NA	"prevalence"	46	4
"Stenotrophomonas_maltophilia.t__SGB12459"	"Ethnicity"	"European"	"EthnicityEuropean"	-0.164055213994435	0	1.13530599062139	0.885103223372479	1	0.885103223372479	0.999370840320332	NA	"prevalence"	46	4
"Stenotrophomonas_maltophilia.t__SGB12459"	"Feeding_method"	"Breastfed"	"Feeding_methodBreastfed"	-1.06354542261829	0	1.07843160258512	0.324036718915687	1	0.324036718915687	0.999370840320332	NA	"prevalence"	46	4
"Stenotrophomonas_maltophilia.t__SGB12459"	"Probiotics"	"Yes"	"ProbioticsYes"	-0.0195927567240269	0	2.19031892328708	0.992862888846129	1	0.992862888846129	0.999370840320332	NA	"prevalence"	46	4
"Stenotrophomonas_maltophilia.t__SGB12459"	"Read_depth"	"Read_depth"	"Read_depth"	-0.0236541761541902	0	0.647932540377503	0.97087797060556	1	0.97087797060556	0.999370840320332	NA	"prevalence"	46	4
"Stenotrophomonas_maltophilia.t__SGB12459"	"Sex"	"Female"	"SexFemale"	-0.716961345866195	0	1.05231575511411	0.495670488345087	1	0.495670488345087	0.999370840320332	NA	"prevalence"	46	4
"Stenotrophomonas_maltophilia.t__SGB12459"	"Termness"	"term"	"Termnessterm"	0.089249150357925	0	1.9858557121149	0.964153209176694	1	0.964153209176694	0.999370840320332	NA	"prevalence"	46	4
"Streptococcus_infantis.t__SGB8095"	"Antibiotics"	"Yes"	"AntibioticsYes"	-0.607239082439767	0	1.72677927271706	0.725093312751199	1	0.725093312751199	0.999370840320332	NA	"prevalence"	46	2
"Streptococcus_infantis.t__SGB8095"	"Delivery_mode"	"C-section"	"Delivery_modeC-section"	-1.56951914992235	0	1.16803246551845	0.179036021327042	1	0.179036021327042	0.999370840320332	NA	"prevalence"	46	2
"Streptococcus_infantis.t__SGB8095"	"Ethnicity"	"European"	"EthnicityEuropean"	-0.502721647199036	0	1.03342612763972	0.626640254328737	1	0.626640254328737	0.999370840320332	NA	"prevalence"	46	2
"Streptococcus_infantis.t__SGB8095"	"Feeding_method"	"Breastfed"	"Feeding_methodBreastfed"	-0.131918630352389	0	0.976877955917888	0.892579413945561	1	0.892579413945561	0.999370840320332	NA	"prevalence"	46	2
"Streptococcus_infantis.t__SGB8095"	"Probiotics"	"Yes"	"ProbioticsYes"	-0.0279214004196493	0	2.17861705766934	0.989774501959596	1	0.989774501959596	0.999370840320332	NA	"prevalence"	46	2
"Streptococcus_infantis.t__SGB8095"	"Read_depth"	"Read_depth"	"Read_depth"	-0.154186898441697	0	0.491323362617325	0.753658061364782	1	0.753658061364782	0.999370840320332	NA	"prevalence"	46	2
"Streptococcus_infantis.t__SGB8095"	"Sex"	"Female"	"SexFemale"	-0.234990976977455	0	0.977903078341124	0.810097007546153	1	0.810097007546153	0.999370840320332	NA	"prevalence"	46	2
"Streptococcus_infantis.t__SGB8095"	"Termness"	"term"	"Termnessterm"	0.197378019876055	0	1.99410072260223	0.92115338119939	1	0.92115338119939	0.999370840320332	NA	"prevalence"	46	2
"Streptococcus_mitis.t__SGB8168"	"Antibiotics"	"Yes"	"AntibioticsYes"	-0.597414022137221	0	1.66396687777224	0.719572649384573	1	0.719572649384573	0.999370840320332	NA	"prevalence"	46	9
"Streptococcus_mitis.t__SGB8168"	"Delivery_mode"	"C-section"	"Delivery_modeC-section"	-0.994612803691741	0	0.867294686233075	0.251464643118904	1	0.251464643118904	0.999370840320332	NA	"prevalence"	46	9
"Streptococcus_mitis.t__SGB8168"	"Ethnicity"	"European"	"EthnicityEuropean"	0.0572875986163259	0	0.878281954037076	0.947993353209848	1	0.947993353209848	0.999370840320332	NA	"prevalence"	46	9
"Streptococcus_mitis.t__SGB8168"	"Feeding_method"	"Breastfed"	"Feeding_methodBreastfed"	-0.15337735241687	0	0.865815453543383	0.859392251627755	1	0.859392251627755	0.999370840320332	NA	"prevalence"	46	9
"Streptococcus_mitis.t__SGB8168"	"Probiotics"	"Yes"	"ProbioticsYes"	0.313035833393542	0	2.17699760824826	0.885664359989721	1	0.885664359989721	0.999370840320332	NA	"prevalence"	46	9
"Streptococcus_mitis.t__SGB8168"	"Read_depth"	"Read_depth"	"Read_depth"	0.0677906792640808	0	0.36705272716202	0.853472807500445	1	0.853472807500445	0.999370840320332	NA	"prevalence"	46	9
"Streptococcus_mitis.t__SGB8168"	"Sex"	"Female"	"SexFemale"	-0.602124918950113	0	0.795339406813768	0.449009949118073	1	0.449009949118073	0.999370840320332	NA	"prevalence"	46	9
"Streptococcus_mitis.t__SGB8168"	"Termness"	"term"	"Termnessterm"	2.01979378870557	0	1.88503962878802	0.283950910575779	1	0.283950910575779	0.999370840320332	NA	"prevalence"	46	9
"Streptococcus_mitis.t__SGB8180_group"	"Antibiotics"	"Yes"	"AntibioticsYes"	-0.255687922054873	0	1.72244833267237	0.881992010389022	1	0.881992010389022	0.999370840320332	NA	"prevalence"	46	3
"Streptococcus_mitis.t__SGB8180_group"	"Delivery_mode"	"C-section"	"Delivery_modeC-section"	-0.400116467946942	0	1.03527713927001	0.699139381478528	1	0.699139381478528	0.999370840320332	NA	"prevalence"	46	3
"Streptococcus_mitis.t__SGB8180_group"	"Ethnicity"	"European"	"EthnicityEuropean"	0.85025093405961	0	1.07247121600397	0.427896663529355	1	0.427896663529355	0.999370840320332	NA	"prevalence"	46	3
"Streptococcus_mitis.t__SGB8180_group"	"Feeding_method"	"Breastfed"	"Feeding_methodBreastfed"	-0.101450746101983	0	0.981324156994119	0.917660208266137	1	0.917660208266137	0.999370840320332	NA	"prevalence"	46	3
"Streptococcus_mitis.t__SGB8180_group"	"Probiotics"	"Yes"	"ProbioticsYes"	0.445303512969146	0	2.2459351120506	0.84283314010496	1	0.84283314010496	0.999370840320332	NA	"prevalence"	46	3
"Streptococcus_mitis.t__SGB8180_group"	"Read_depth"	"Read_depth"	"Read_depth"	0.301076273014521	0	0.582651632246129	0.605341421480629	1	0.605341421480629	0.999370840320332	NA	"prevalence"	46	3
"Streptococcus_mitis.t__SGB8180_group"	"Sex"	"Female"	"SexFemale"	-0.398023234924361	0	0.94811230805357	0.674627181903066	1	0.674627181903066	0.999370840320332	NA	"prevalence"	46	3
"Streptococcus_mitis.t__SGB8180_group"	"Termness"	"term"	"Termnessterm"	0.914671874486477	0	1.95982750365089	0.640707089339156	1	0.640707089339156	0.999370840320332	NA	"prevalence"	46	3
"Streptococcus_parasanguinis.t__SGB8071"	"Antibiotics"	"Yes"	"AntibioticsYes"	-0.268406186571532	0	1.6670104743475	0.87208513235003	1	0.87208513235003	0.999370840320332	NA	"prevalence"	46	12
"Streptococcus_parasanguinis.t__SGB8071"	"Delivery_mode"	"C-section"	"Delivery_modeC-section"	0.748849669371998	0	0.89763930766799	0.404143838459095	1	0.404143838459095	0.999370840320332	NA	"prevalence"	46	12
"Streptococcus_parasanguinis.t__SGB8071"	"Ethnicity"	"European"	"EthnicityEuropean"	-0.186621432197352	0	0.871325968151485	0.830405943410712	1	0.830405943410712	0.999370840320332	NA	"prevalence"	46	12
"Streptococcus_parasanguinis.t__SGB8071"	"Feeding_method"	"Breastfed"	"Feeding_methodBreastfed"	-0.908552686149669	0	0.844726985897472	0.282125075704845	1	0.282125075704845	0.999370840320332	NA	"prevalence"	46	12
"Streptococcus_parasanguinis.t__SGB8071"	"Probiotics"	"Yes"	"ProbioticsYes"	-1.67161428483809	0	1.63153612846704	0.305568639129774	1	0.305568639129774	0.999370840320332	NA	"prevalence"	46	12
"Streptococcus_parasanguinis.t__SGB8071"	"Read_depth"	"Read_depth"	"Read_depth"	0.16249178444155	0	0.356719324815862	0.64873720356552	1	0.64873720356552	0.999370840320332	NA	"prevalence"	46	12
"Streptococcus_parasanguinis.t__SGB8071"	"Sex"	"Female"	"SexFemale"	-0.302412576544508	0	0.766809001092589	0.693302006631971	1	0.693302006631971	0.999370840320332	NA	"prevalence"	46	12
"Streptococcus_parasanguinis.t__SGB8071"	"Termness"	"term"	"Termnessterm"	1.20314961838054	0	1.20505656877219	0.31807693040817	1	0.31807693040817	0.999370840320332	NA	"prevalence"	46	12
"Streptococcus_pasteurianus.t__SGB8018"	"Antibiotics"	"Yes"	"AntibioticsYes"	1.64992141451487	0	1.44482524383507	0.253473875044602	1	0.253473875044602	0.999370840320332	NA	"prevalence"	46	4
"Streptococcus_pasteurianus.t__SGB8018"	"Delivery_mode"	"C-section"	"Delivery_modeC-section"	0.671542272263406	0	1.40562642619275	0.632826001492071	1	0.632826001492071	0.999370840320332	NA	"prevalence"	46	4
"Streptococcus_pasteurianus.t__SGB8018"	"Ethnicity"	"European"	"EthnicityEuropean"	-0.164055213994435	0	1.13530599062139	0.885103223372479	1	0.885103223372479	0.999370840320332	NA	"prevalence"	46	4
"Streptococcus_pasteurianus.t__SGB8018"	"Feeding_method"	"Breastfed"	"Feeding_methodBreastfed"	-1.06354542261829	0	1.07843160258512	0.324036718915687	1	0.324036718915687	0.999370840320332	NA	"prevalence"	46	4
"Streptococcus_pasteurianus.t__SGB8018"	"Probiotics"	"Yes"	"ProbioticsYes"	-0.0195927567240269	0	2.19031892328708	0.992862888846129	1	0.992862888846129	0.999370840320332	NA	"prevalence"	46	4
"Streptococcus_pasteurianus.t__SGB8018"	"Read_depth"	"Read_depth"	"Read_depth"	-0.0236541761541902	0	0.647932540377503	0.97087797060556	1	0.97087797060556	0.999370840320332	NA	"prevalence"	46	4
"Streptococcus_pasteurianus.t__SGB8018"	"Sex"	"Female"	"SexFemale"	-0.716961345866195	0	1.05231575511411	0.495670488345087	1	0.495670488345087	0.999370840320332	NA	"prevalence"	46	4
"Streptococcus_pasteurianus.t__SGB8018"	"Termness"	"term"	"Termnessterm"	0.089249150357925	0	1.9858557121149	0.964153209176694	1	0.964153209176694	0.999370840320332	NA	"prevalence"	46	4
"Streptococcus_salivarius.t__SGB8005"	"Antibiotics"	"Yes"	"AntibioticsYes"	1.00253675272913	0	1.8062926068034	0.578877864124959	1	0.578877864124959	0.999370840320332	NA	"prevalence"	46	2
"Streptococcus_salivarius.t__SGB8005"	"Delivery_mode"	"C-section"	"Delivery_modeC-section"	1.26315308570732	0	1.32539961073959	0.340572005871566	1	0.340572005871566	0.999370840320332	NA	"prevalence"	46	2
"Streptococcus_salivarius.t__SGB8005"	"Ethnicity"	"European"	"EthnicityEuropean"	0.40456956410477	0	1.16247685585892	0.727822341107245	1	0.727822341107245	0.999370840320332	NA	"prevalence"	46	2
"Streptococcus_salivarius.t__SGB8005"	"Feeding_method"	"Breastfed"	"Feeding_methodBreastfed"	0.676455475007246	0	1.2067426581845	0.575095373156303	1	0.575095373156303	0.999370840320332	NA	"prevalence"	46	2
"Streptococcus_salivarius.t__SGB8005"	"Probiotics"	"Yes"	"ProbioticsYes"	-0.276473687051731	0	2.24281979144177	0.901892840226641	1	0.901892840226641	0.999370840320332	NA	"prevalence"	46	2
"Streptococcus_salivarius.t__SGB8005"	"Read_depth"	"Read_depth"	"Read_depth"	0.408393698320019	0	0.559046613551671	0.465073522359353	1	0.465073522359353	0.999370840320332	NA	"prevalence"	46	2
"Streptococcus_salivarius.t__SGB8005"	"Sex"	"Female"	"SexFemale"	0.956127439255095	0	1.11833496018481	0.392575380573152	1	0.392575380573152	0.999370840320332	NA	"prevalence"	46	2
"Streptococcus_salivarius.t__SGB8005"	"Termness"	"term"	"Termnessterm"	0.783633425844434	0	1.9488822707781	0.687615015182242	1	0.687615015182242	0.999370840320332	NA	"prevalence"	46	2
"Streptococcus_salivarius.t__SGB8007_group"	"Antibiotics"	"Yes"	"AntibioticsYes"	-1.79285836460162	0	1.16383680780686	0.123445269668915	1	0.231651804734199	0.999370840320332	NA	"prevalence"	46	24
"Streptococcus_salivarius.t__SGB8007_group"	"Delivery_mode"	"C-section"	"Delivery_modeC-section"	-1.23455201945025	0	0.997482894557147	0.215839427041357	1	0.184818424672886	0.999370840320332	NA	"prevalence"	46	24
"Streptococcus_salivarius.t__SGB8007_group"	"Ethnicity"	"European"	"EthnicityEuropean"	0.379010633399704	0	0.810790636685487	0.64017217807302	1	0.842003204743177	0.999370840320332	NA	"prevalence"	46	24
"Streptococcus_salivarius.t__SGB8007_group"	"Feeding_method"	"Breastfed"	"Feeding_methodBreastfed"	-0.0104348163969454	0	0.827589404377548	0.989939989256572	1	0.938777964970052	0.999370840320332	NA	"prevalence"	46	24
"Streptococcus_salivarius.t__SGB8007_group"	"Probiotics"	"Yes"	"ProbioticsYes"	-1.17437420518486	0	1.27877514575198	0.358431135943947	1	0.404360468625961	0.999370840320332	NA	"prevalence"	46	24
"Streptococcus_salivarius.t__SGB8007_group"	"Read_depth"	"Read_depth"	"Read_depth"	-0.0574016226158801	0	0.345287853225767	0.867965871470067	1	0.453213417836228	0.999370840320332	NA	"prevalence"	46	24
"Streptococcus_salivarius.t__SGB8007_group"	"Sex"	"Female"	"SexFemale"	-0.716593986036969	0	0.754957538239211	0.342526788441482	1	0.567728976082928	0.999370840320332	NA	"prevalence"	46	24
"Streptococcus_salivarius.t__SGB8007_group"	"Termness"	"term"	"Termnessterm"	-0.0683993790287423	0	1.19965541400232	0.954532565293125	1	0.129602446626406	0.999370840320332	NA	"prevalence"	46	24
"Streptococcus_sp_F0442.t__SGB8067"	"Antibiotics"	"Yes"	"AntibioticsYes"	-0.912420505175844	0	1.53158745844404	0.551352163359344	1	0.551352163359344	0.999370840320332	NA	"prevalence"	46	2
"Streptococcus_sp_F0442.t__SGB8067"	"Delivery_mode"	"C-section"	"Delivery_modeC-section"	0.921152600822374	0	1.38068853956963	0.504664186115282	1	0.504664186115282	0.999370840320332	NA	"prevalence"	46	2
"Streptococcus_sp_F0442.t__SGB8067"	"Ethnicity"	"European"	"EthnicityEuropean"	0.747487474021513	0	1.17171168967982	0.5235095609911	1	0.5235095609911	0.999370840320332	NA	"prevalence"	46	2
"Streptococcus_sp_F0442.t__SGB8067"	"Feeding_method"	"Breastfed"	"Feeding_methodBreastfed"	0.482650612785195	0	1.13849797153995	0.671612272989163	1	0.671612272989163	0.999370840320332	NA	"prevalence"	46	2
"Streptococcus_sp_F0442.t__SGB8067"	"Probiotics"	"Yes"	"ProbioticsYes"	1.53795994640744	0	2.13152834348492	0.470583980046419	1	0.470583980046419	0.999370840320332	NA	"prevalence"	46	2
"Streptococcus_sp_F0442.t__SGB8067"	"Read_depth"	"Read_depth"	"Read_depth"	0.208489823932913	0	0.565832520092473	0.712526084349772	1	0.712526084349772	0.999370840320332	NA	"prevalence"	46	2
"Streptococcus_sp_F0442.t__SGB8067"	"Sex"	"Female"	"SexFemale"	-0.468912746031846	0	1.09407269823904	0.668218877719263	1	0.668218877719263	0.999370840320332	NA	"prevalence"	46	2
"Streptococcus_sp_F0442.t__SGB8067"	"Termness"	"term"	"Termnessterm"	0.969784052001184	0	2.00282948333871	0.628238970813205	1	0.628238970813205	0.999370840320332	NA	"prevalence"	46	2
"Streptococcus_thermophilus.t__SGB8002"	"Antibiotics"	"Yes"	"AntibioticsYes"	-0.249473920083134	0	1.69389376140659	0.882912300828121	1	0.882912300828121	0.999370840320332	NA	"prevalence"	46	4
"Streptococcus_thermophilus.t__SGB8002"	"Delivery_mode"	"C-section"	"Delivery_modeC-section"	1.70639420574326	0	1.35524875546579	0.207994081810456	1	0.207994081810456	0.999370840320332	NA	"prevalence"	46	4
"Streptococcus_thermophilus.t__SGB8002"	"Ethnicity"	"European"	"EthnicityEuropean"	0.149437679409902	0	1.14018347608357	0.895724212847712	1	0.895724212847712	0.999370840320332	NA	"prevalence"	46	4
"Streptococcus_thermophilus.t__SGB8002"	"Feeding_method"	"Breastfed"	"Feeding_methodBreastfed"	-0.211562884315082	0	1.12138148473208	0.850357169665388	1	0.850357169665388	0.999370840320332	NA	"prevalence"	46	4
"Streptococcus_thermophilus.t__SGB8002"	"Probiotics"	"Yes"	"ProbioticsYes"	-1.08001139525061	0	1.65920653146923	0.515097865715807	1	0.515097865715807	0.999370840320332	NA	"prevalence"	46	4
"Streptococcus_thermophilus.t__SGB8002"	"Read_depth"	"Read_depth"	"Read_depth"	0.545394269461043	0	0.635183306874931	0.390538749918039	1	0.390538749918039	0.999370840320332	NA	"prevalence"	46	4
"Streptococcus_thermophilus.t__SGB8002"	"Sex"	"Female"	"SexFemale"	-0.639016568876532	0	0.916938850443384	0.485864091844527	1	0.485864091844527	0.999370840320332	NA	"prevalence"	46	4
"Streptococcus_thermophilus.t__SGB8002"	"Termness"	"term"	"Termnessterm"	-0.0084609647866478	0	1.25174026192893	0.994606850980429	1	0.994606850980429	0.999370840320332	NA	"prevalence"	46	4
"Streptococcus_vestibularis.t__SGB8003"	"Antibiotics"	"Yes"	"AntibioticsYes"	-1.23244511586156	0	1.16574571029593	0.290412980511038	1	0.446634016375121	0.999370840320332	NA	"prevalence"	46	13
"Streptococcus_vestibularis.t__SGB8003"	"Delivery_mode"	"C-section"	"Delivery_modeC-section"	-1.13516848060351	0	0.848804216017778	0.181100667273465	1	0.329403882860035	0.999370840320332	NA	"prevalence"	46	13
"Streptococcus_vestibularis.t__SGB8003"	"Ethnicity"	"European"	"EthnicityEuropean"	-0.966646367890993	0	0.783770618723341	0.217453359164018	1	0.38762075491632	0.999370840320332	NA	"prevalence"	46	13
"Streptococcus_vestibularis.t__SGB8003"	"Feeding_method"	"Breastfed"	"Feeding_methodBreastfed"	0.582441935717657	0	0.749601245139109	0.437157378604968	1	0.683208183541169	0.999370840320332	NA	"prevalence"	46	13
"Streptococcus_vestibularis.t__SGB8003"	"Probiotics"	"Yes"	"ProbioticsYes"	-0.734960486049242	0	1.2419901239081	0.554011090808272	1	0.801093892877973	0.999370840320332	NA	"prevalence"	46	13
"Streptococcus_vestibularis.t__SGB8003"	"Read_depth"	"Read_depth"	"Read_depth"	0.25322520650091	0	0.44303862632382	0.567616966554123	1	0.651190202314535	0.999370840320332	NA	"prevalence"	46	13
"Streptococcus_vestibularis.t__SGB8003"	"Sex"	"Female"	"SexFemale"	-0.32391598114544	0	0.693473529689538	0.640434012994481	1	0.332411844485491	0.999370840320332	NA	"prevalence"	46	13
"Streptococcus_vestibularis.t__SGB8003"	"Termness"	"term"	"Termnessterm"	-0.612419644958883	0	1.11012818854355	0.581177413666172	1	0.644478828097048	0.999370840320332	NA	"prevalence"	46	13
"Veillonella_atypica.t__SGB6936"	"Antibiotics"	"Yes"	"AntibioticsYes"	-2.69102722866306	0	1.36240435020496	0.0482449433515341	1	0.0482449433515341	0.999370840320332	NA	"prevalence"	46	13
"Veillonella_atypica.t__SGB6936"	"Delivery_mode"	"C-section"	"Delivery_modeC-section"	-0.445172738096244	0	0.900152050898292	0.620915810533353	1	0.620915810533353	0.999370840320332	NA	"prevalence"	46	13
"Veillonella_atypica.t__SGB6936"	"Ethnicity"	"European"	"EthnicityEuropean"	-0.605416127870189	0	0.764239173312688	0.428254859212999	1	0.428254859212999	0.999370840320332	NA	"prevalence"	46	13
"Veillonella_atypica.t__SGB6936"	"Feeding_method"	"Breastfed"	"Feeding_methodBreastfed"	-0.243756284462737	0	0.753710879619801	0.7463861146511	1	0.7463861146511	0.999370840320332	NA	"prevalence"	46	13
"Veillonella_atypica.t__SGB6936"	"Probiotics"	"Yes"	"ProbioticsYes"	-0.446128410783358	0	1.21719695982126	0.713976245018183	1	0.713976245018183	0.999370840320332	NA	"prevalence"	46	13
"Veillonella_atypica.t__SGB6936"	"Read_depth"	"Read_depth"	"Read_depth"	-0.389967772930582	0	0.338186424031706	0.248863265015639	1	0.248863265015639	0.999370840320332	NA	"prevalence"	46	13
"Veillonella_atypica.t__SGB6936"	"Sex"	"Female"	"SexFemale"	-0.88387941198649	0	0.715943994541954	0.216992434219023	1	0.216992434219023	0.999370840320332	NA	"prevalence"	46	13
"Veillonella_atypica.t__SGB6936"	"Termness"	"term"	"Termnessterm"	-0.345762466600911	0	1.12061509279014	0.757666114420529	1	0.757666114420529	0.999370840320332	NA	"prevalence"	46	13
"Veillonella_dispar.t__SGB6952"	"Antibiotics"	"Yes"	"AntibioticsYes"	-1.03090177371403	0	1.46457151464747	0.48149935301716	1	0.48149935301716	0.999370840320332	NA	"prevalence"	46	15
"Veillonella_dispar.t__SGB6952"	"Delivery_mode"	"C-section"	"Delivery_modeC-section"	0.947206357613734	0	0.938997239697924	0.313098177086024	1	0.313098177086024	0.999370840320332	NA	"prevalence"	46	15
"Veillonella_dispar.t__SGB6952"	"Ethnicity"	"European"	"EthnicityEuropean"	0.06799672926765	0	0.797686527297364	0.932068667721786	1	0.932068667721786	0.999370840320332	NA	"prevalence"	46	15
"Veillonella_dispar.t__SGB6952"	"Feeding_method"	"Breastfed"	"Feeding_methodBreastfed"	1.14892694523518	0	0.823557254702399	0.162992196024866	1	0.162992196024866	0.999370840320332	NA	"prevalence"	46	15
"Veillonella_dispar.t__SGB6952"	"Probiotics"	"Yes"	"ProbioticsYes"	-0.801332387455391	0	1.364814615901	0.557112079402955	1	0.557112079402955	0.999370840320332	NA	"prevalence"	46	15
"Veillonella_dispar.t__SGB6952"	"Read_depth"	"Read_depth"	"Read_depth"	0.711817349446004	0	0.478562870852327	0.136907577899091	1	0.136907577899091	0.999370840320332	NA	"prevalence"	46	15
"Veillonella_dispar.t__SGB6952"	"Sex"	"Female"	"SexFemale"	-0.490689927234161	0	0.775264721674644	0.526777985449678	1	0.526777985449678	0.999370840320332	NA	"prevalence"	46	15
"Veillonella_dispar.t__SGB6952"	"Termness"	"term"	"Termnessterm"	0.881843903681727	0	1.20046819443932	0.462593303644432	1	0.462593303644432	0.999370840320332	NA	"prevalence"	46	15
"Veillonella_parvula.t__SGB6939"	"Antibiotics"	"Yes"	"AntibioticsYes"	-1.50129912242333	0	1.09469061481474	0.170238795709247	1	0.311496343853959	0.999370840320332	NA	"prevalence"	46	18
"Veillonella_parvula.t__SGB6939"	"Delivery_mode"	"C-section"	"Delivery_modeC-section"	0.801667620422805	0	0.919734235901795	0.383410455824375	1	0.619817334013295	0.999370840320332	NA	"prevalence"	46	18
"Veillonella_parvula.t__SGB6939"	"Ethnicity"	"European"	"EthnicityEuropean"	-0.147084288221631	0	0.759573276867204	0.846457240533095	1	0.976424621015288	0.999370840320332	NA	"prevalence"	46	18
"Veillonella_parvula.t__SGB6939"	"Feeding_method"	"Breastfed"	"Feeding_methodBreastfed"	-1.7704299347146	0	0.806015376941402	0.0280546530981471	1	0.0553222426358369	0.999370840320332	NA	"prevalence"	46	18
"Veillonella_parvula.t__SGB6939"	"Probiotics"	"Yes"	"ProbioticsYes"	-1.69488244749402	0	1.42981608500348	0.235865285252898	1	0.269855271280514	0.999370840320332	NA	"prevalence"	46	18
"Veillonella_parvula.t__SGB6939"	"Read_depth"	"Read_depth"	"Read_depth"	0.0767375895850758	0	0.353514062299233	0.828153149198628	1	0.698829331631552	0.999370840320332	NA	"prevalence"	46	18
"Veillonella_parvula.t__SGB6939"	"Sex"	"Female"	"SexFemale"	0.804472055555812	0	0.751989721441094	0.28471326288863	1	0.48836488371257	0.999370840320332	NA	"prevalence"	46	18
"Veillonella_parvula.t__SGB6939"	"Termness"	"term"	"Termnessterm"	-2.01127297294185	0	1.31832145515256	0.127101618480382	1	0.238048415540431	0.999370840320332	NA	"prevalence"	46	18
"Veillonella_rogosae.t__SGB6956"	"Antibiotics"	"Yes"	"AntibioticsYes"	0.689749785905079	0	1.65680618764224	0.677181055473203	1	0.677181055473203	0.999370840320332	NA	"prevalence"	46	2
"Veillonella_rogosae.t__SGB6956"	"Delivery_mode"	"C-section"	"Delivery_modeC-section"	-1.23293475722193	0	1.16605765631078	0.290350436409726	1	0.290350436409726	0.999370840320332	NA	"prevalence"	46	2
"Veillonella_rogosae.t__SGB6956"	"Ethnicity"	"European"	"EthnicityEuropean"	-0.49926542379342	0	1.02900484133005	0.627539806986626	1	0.627539806986626	0.999370840320332	NA	"prevalence"	46	2
"Veillonella_rogosae.t__SGB6956"	"Feeding_method"	"Breastfed"	"Feeding_methodBreastfed"	1.0970038615174	0	1.08425044541929	0.311651659182153	1	0.311651659182153	0.999370840320332	NA	"prevalence"	46	2
"Veillonella_rogosae.t__SGB6956"	"Probiotics"	"Yes"	"ProbioticsYes"	0.209341861256789	0	2.23587263767023	0.925404105892662	1	0.925404105892662	0.999370840320332	NA	"prevalence"	46	2
"Veillonella_rogosae.t__SGB6956"	"Read_depth"	"Read_depth"	"Read_depth"	0.472816071856813	0	0.826531128179835	0.567288970242271	1	0.567288970242271	0.999370840320332	NA	"prevalence"	46	2
"Veillonella_rogosae.t__SGB6956"	"Sex"	"Female"	"SexFemale"	0.310715019139137	0	1.06415220306593	0.770299143103579	1	0.770299143103579	0.999370840320332	NA	"prevalence"	46	2
"Veillonella_rogosae.t__SGB6956"	"Termness"	"term"	"Termnessterm"	-0.199349045041291	0	2.04530020524309	0.922355628934227	1	0.922355628934227	0.999370840320332	NA	"prevalence"	46	2
"Veillonella_seminalis.t__SGB6923"	"Antibiotics"	"Yes"	"AntibioticsYes"	0.419454228900475	0	1.78367683894242	0.814082469449679	1	0.814082469449679	0.999370840320332	NA	"prevalence"	46	4
"Veillonella_seminalis.t__SGB6923"	"Delivery_mode"	"C-section"	"Delivery_modeC-section"	2.44327008046394	0	1.354780173927	0.0713185237816877	1	0.0713185237816877	0.999370840320332	NA	"prevalence"	46	4
"Veillonella_seminalis.t__SGB6923"	"Ethnicity"	"European"	"EthnicityEuropean"	0.387697050773026	0	1.19991249409389	0.746616150149045	1	0.746616150149045	0.999370840320332	NA	"prevalence"	46	4
"Veillonella_seminalis.t__SGB6923"	"Feeding_method"	"Breastfed"	"Feeding_methodBreastfed"	0.71020354629675	0	1.2206709795179	0.560691928216894	1	0.560691928216894	0.999370840320332	NA	"prevalence"	46	4
"Veillonella_seminalis.t__SGB6923"	"Probiotics"	"Yes"	"ProbioticsYes"	0.737883558342618	0	2.25733784953807	0.743756985890838	1	0.743756985890838	0.999370840320332	NA	"prevalence"	46	4
"Veillonella_seminalis.t__SGB6923"	"Read_depth"	"Read_depth"	"Read_depth"	1.23982507136085	0	0.77709248479346	0.1106079427333	1	0.1106079427333	0.999370840320332	NA	"prevalence"	46	4
"Veillonella_seminalis.t__SGB6923"	"Sex"	"Female"	"SexFemale"	0.0846055703372906	0	1.02115261505956	0.933968416144995	1	0.933968416144995	0.999370840320332	NA	"prevalence"	46	4
"Veillonella_seminalis.t__SGB6923"	"Termness"	"term"	"Termnessterm"	1.81518452207254	0	1.95187213963482	0.352386090081199	1	0.352386090081199	0.999370840320332	NA	"prevalence"	46	4
"Veillonella_sp_3310.t__SGB6930"	"Antibiotics"	"Yes"	"AntibioticsYes"	-0.643679028213288	0	1.78652390423361	0.718625115748807	1	0.718625115748807	0.999370840320332	NA	"prevalence"	46	3
"Veillonella_sp_3310.t__SGB6930"	"Delivery_mode"	"C-section"	"Delivery_modeC-section"	-1.48435712022161	0	1.06116546248905	0.161873285369033	1	0.161873285369033	0.999370840320332	NA	"prevalence"	46	3
"Veillonella_sp_3310.t__SGB6930"	"Ethnicity"	"European"	"EthnicityEuropean"	0.305057066247664	0	1.01358701933549	0.763439040415133	1	0.763439040415133	0.999370840320332	NA	"prevalence"	46	3
"Veillonella_sp_3310.t__SGB6930"	"Feeding_method"	"Breastfed"	"Feeding_methodBreastfed"	0.914049186948516	0	1.01971044594914	0.370049249766469	1	0.370049249766469	0.999370840320332	NA	"prevalence"	46	3
"Veillonella_sp_3310.t__SGB6930"	"Probiotics"	"Yes"	"ProbioticsYes"	0.634709127445677	0	2.25034131903506	0.777905049371316	1	0.777905049371316	0.999370840320332	NA	"prevalence"	46	3
"Veillonella_sp_3310.t__SGB6930"	"Read_depth"	"Read_depth"	"Read_depth"	0.192721071092846	0	0.587366252013381	0.742828068296869	1	0.742828068296869	0.999370840320332	NA	"prevalence"	46	3
"Veillonella_sp_3310.t__SGB6930"	"Sex"	"Female"	"SexFemale"	-0.50868934353117	0	1.00131300866194	0.611437700273765	1	0.611437700273765	0.999370840320332	NA	"prevalence"	46	3
"Veillonella_sp_3310.t__SGB6930"	"Termness"	"term"	"Termnessterm"	0.6763699782181	0	2.02432335019479	0.738287867867999	1	0.738287867867999	0.999370840320332	NA	"prevalence"	46	3
"Veillonella_sp_3627.t__SGB6934"	"Antibiotics"	"Yes"	"AntibioticsYes"	-0.627421873555468	0	1.70677269106157	0.713166170046521	1	0.713166170046521	0.999370840320332	NA	"prevalence"	46	4
"Veillonella_sp_3627.t__SGB6934"	"Delivery_mode"	"C-section"	"Delivery_modeC-section"	-1.69859500505774	0	1.04915500427235	0.105444586208396	1	0.105444586208396	0.999370840320332	NA	"prevalence"	46	4
"Veillonella_sp_3627.t__SGB6934"	"Ethnicity"	"European"	"EthnicityEuropean"	-0.168444907071626	0	0.957144754694881	0.860304259683249	1	0.860304259683249	0.999370840320332	NA	"prevalence"	46	4
"Veillonella_sp_3627.t__SGB6934"	"Feeding_method"	"Breastfed"	"Feeding_methodBreastfed"	0.27443352333503	0	0.932060863597204	0.768423735990321	1	0.768423735990321	0.999370840320332	NA	"prevalence"	46	4
"Veillonella_sp_3627.t__SGB6934"	"Probiotics"	"Yes"	"ProbioticsYes"	0.0842646078326809	0	2.19706750520357	0.969406060561558	1	0.969406060561558	0.999370840320332	NA	"prevalence"	46	4
"Veillonella_sp_3627.t__SGB6934"	"Read_depth"	"Read_depth"	"Read_depth"	-0.461598156560347	0	0.374205851973189	0.217374093755092	1	0.217374093755092	0.999370840320332	NA	"prevalence"	46	4
"Veillonella_sp_3627.t__SGB6934"	"Sex"	"Female"	"SexFemale"	-0.527141842787123	0	0.92912127049602	0.570472837980629	1	0.570472837980629	0.999370840320332	NA	"prevalence"	46	4
"Veillonella_sp_3627.t__SGB6934"	"Termness"	"term"	"Termnessterm"	0.779496802273915	0	1.98431706427528	0.694445964893915	1	0.694445964893915	0.999370840320332	NA	"prevalence"	46	4
"Winkia_neuii.t__SGB17192"	"Antibiotics"	"Yes"	"AntibioticsYes"	-0.570580211718521	0	1.6867861546891	0.735163723116567	1	0.735163723116567	0.999370840320332	NA	"prevalence"	46	3
"Winkia_neuii.t__SGB17192"	"Delivery_mode"	"C-section"	"Delivery_modeC-section"	-0.908725947663406	0	1.08159981282289	0.400813992330571	1	0.400813992330571	0.999370840320332	NA	"prevalence"	46	3
"Winkia_neuii.t__SGB17192"	"Ethnicity"	"European"	"EthnicityEuropean"	0.150626259626562	0	1.02884007304547	0.883602502345273	1	0.883602502345273	0.999370840320332	NA	"prevalence"	46	3
"Winkia_neuii.t__SGB17192"	"Feeding_method"	"Breastfed"	"Feeding_methodBreastfed"	-0.670555440941192	0	0.961794687441282	0.485682723395426	1	0.485682723395426	0.999370840320332	NA	"prevalence"	46	3
"Winkia_neuii.t__SGB17192"	"Probiotics"	"Yes"	"ProbioticsYes"	0.0449529278991923	0	2.18600052756568	0.983593453465326	1	0.983593453465326	0.999370840320332	NA	"prevalence"	46	3
"Winkia_neuii.t__SGB17192"	"Read_depth"	"Read_depth"	"Read_depth"	-0.137873520584664	0	0.433575387804608	0.750490977518207	1	0.750490977518207	0.999370840320332	NA	"prevalence"	46	3
"Winkia_neuii.t__SGB17192"	"Sex"	"Female"	"SexFemale"	-0.552765560181334	0	0.920088039260231	0.547990097565125	1	0.547990097565125	0.999370840320332	NA	"prevalence"	46	3
"Winkia_neuii.t__SGB17192"	"Termness"	"term"	"Termnessterm"	0.694360094284823	0	1.93453815671234	0.719648881777101	1	0.719648881777101	0.999370840320332	NA	"prevalence"	46	3
"Acinetobacter_guillouiae.t__SGB10380"	"Antibiotics"	"Yes"	"AntibioticsYes"	NA	NA	NA	NA	NA	0.48260625173714	0.999370840320332	"No data points have the baseline factor level"	"abundance"	46	2
"Acinetobacter_guillouiae.t__SGB10380"	"Delivery_mode"	"C-section"	"Delivery_modeC-section"	NA	NA	NA	NA	NA	0.765596093910013	0.999370840320332	"No data points have the baseline factor level"	"abundance"	46	2
"Acinetobacter_guillouiae.t__SGB10380"	"Ethnicity"	"European"	"EthnicityEuropean"	NA	NA	NA	NA	NA	0.920662611452722	0.999370840320332	"No data points have the baseline factor level"	"abundance"	46	2
"Acinetobacter_guillouiae.t__SGB10380"	"Feeding_method"	"Breastfed"	"Feeding_methodBreastfed"	NA	NA	NA	NA	NA	0.614834434215574	0.999370840320332	"No data points have the baseline factor level"	"abundance"	46	2
"Acinetobacter_guillouiae.t__SGB10380"	"Probiotics"	"Yes"	"ProbioticsYes"	NA	NA	NA	NA	NA	0.983753679130375	0.999370840320332	"No data points have the baseline factor level"	"abundance"	46	2
"Acinetobacter_guillouiae.t__SGB10380"	"Read_depth"	"Read_depth"	"Read_depth"	NA	NA	NA	NA	NA	0.965191752399585	0.999370840320332	"No data points have the baseline factor level"	"abundance"	46	2
"Acinetobacter_guillouiae.t__SGB10380"	"Sex"	"Female"	"SexFemale"	NA	NA	NA	NA	NA	0.733075632917248	0.999370840320332	"No data points have the baseline factor level"	"abundance"	46	2
"Acinetobacter_guillouiae.t__SGB10380"	"Termness"	"term"	"Termnessterm"	NA	NA	NA	NA	NA	0.948728848137462	0.999370840320332	"No data points have the baseline factor level"	"abundance"	46	2
"Acinetobacter_johnsonii.t__SGB10398"	"Antibiotics"	"Yes"	"AntibioticsYes"	NA	NA	NA	NA	NA	0.509757791897467	0.999370840320332	"No data points have the baseline factor level"	"abundance"	46	2
"Acinetobacter_johnsonii.t__SGB10398"	"Delivery_mode"	"C-section"	"Delivery_modeC-section"	NA	NA	NA	NA	NA	0.849703398712216	0.999370840320332	"No data points have the baseline factor level"	"abundance"	46	2
"Acinetobacter_johnsonii.t__SGB10398"	"Ethnicity"	"European"	"EthnicityEuropean"	NA	NA	NA	NA	NA	0.922818789871036	0.999370840320332	"No data points have the baseline factor level"	"abundance"	46	2
"Acinetobacter_johnsonii.t__SGB10398"	"Feeding_method"	"Breastfed"	"Feeding_methodBreastfed"	NA	NA	NA	NA	NA	0.565933331089578	0.999370840320332	"No data points have the baseline factor level"	"abundance"	46	2
"Acinetobacter_johnsonii.t__SGB10398"	"Probiotics"	"Yes"	"ProbioticsYes"	NA	NA	NA	NA	NA	0.988276614222497	0.999370840320332	"No data points have the baseline factor level"	"abundance"	46	2
"Acinetobacter_johnsonii.t__SGB10398"	"Read_depth"	"Read_depth"	"Read_depth"	NA	NA	NA	NA	NA	0.754698429605836	0.999370840320332	"No data points have the baseline factor level"	"abundance"	46	2
"Acinetobacter_johnsonii.t__SGB10398"	"Sex"	"Female"	"SexFemale"	NA	NA	NA	NA	NA	0.676335967411001	0.999370840320332	"No data points have the baseline factor level"	"abundance"	46	2
"Acinetobacter_johnsonii.t__SGB10398"	"Termness"	"term"	"Termnessterm"	NA	NA	NA	NA	NA	0.971164594950141	0.999370840320332	"No data points have the baseline factor level"	"abundance"	46	2
"Acinetobacter_ursingii.t__SGB10372"	"Antibiotics"	"Yes"	"AntibioticsYes"	NA	NA	NA	NA	NA	0.432713376047149	0.999370840320332	"No data points have the baseline factor level"	"abundance"	46	5
"Acinetobacter_ursingii.t__SGB10372"	"Delivery_mode"	"C-section"	"Delivery_modeC-section"	NA	NA	NA	NA	NA	0.66260531043837	0.999370840320332	"No data points have the baseline factor level"	"abundance"	46	5
"Acinetobacter_ursingii.t__SGB10372"	"Ethnicity"	"European"	"EthnicityEuropean"	NA	NA	NA	NA	NA	0.410151611223219	0.999370840320332	"No data points have the baseline factor level"	"abundance"	46	5
"Acinetobacter_ursingii.t__SGB10372"	"Feeding_method"	"Breastfed"	"Feeding_methodBreastfed"	NA	NA	NA	NA	NA	0.752368467399648	0.999370840320332	"No data points have the baseline factor level"	"abundance"	46	5
"Acinetobacter_ursingii.t__SGB10372"	"Probiotics"	"Yes"	"ProbioticsYes"	NA	NA	NA	NA	NA	0.656794478886014	0.999370840320332	"No data points have the baseline factor level"	"abundance"	46	5
"Acinetobacter_ursingii.t__SGB10372"	"Read_depth"	"Read_depth"	"Read_depth"	NA	NA	NA	NA	NA	0.875599585747484	0.999370840320332	"No data points have the baseline factor level"	"abundance"	46	5
"Acinetobacter_ursingii.t__SGB10372"	"Sex"	"Female"	"SexFemale"	NA	NA	NA	NA	NA	0.817275485477555	0.999370840320332	"No data points have the baseline factor level"	"abundance"	46	5
"Acinetobacter_ursingii.t__SGB10372"	"Termness"	"term"	"Termnessterm"	NA	NA	NA	NA	NA	0.890449498756954	0.999370840320332	"No data points have the baseline factor level"	"abundance"	46	5
"Actinomyces_sp_ph3.t__SGB17137_group"	"Antibiotics"	"Yes"	"AntibioticsYes"	NA	NA	NA	NA	NA	0.870768588985591	0.999370840320332	"No data points have the baseline factor level"	"abundance"	46	3
"Actinomyces_sp_ph3.t__SGB17137_group"	"Delivery_mode"	"C-section"	"Delivery_modeC-section"	NA	NA	NA	NA	NA	0.427465959948671	0.999370840320332	"No data points have the baseline factor level"	"abundance"	46	3
"Actinomyces_sp_ph3.t__SGB17137_group"	"Ethnicity"	"European"	"EthnicityEuropean"	NA	NA	NA	NA	NA	0.708228203789574	0.999370840320332	"No data points have the baseline factor level"	"abundance"	46	3
"Actinomyces_sp_ph3.t__SGB17137_group"	"Feeding_method"	"Breastfed"	"Feeding_methodBreastfed"	NA	NA	NA	NA	NA	0.415858628954231	0.999370840320332	"No data points have the baseline factor level"	"abundance"	46	3
"Actinomyces_sp_ph3.t__SGB17137_group"	"Probiotics"	"Yes"	"ProbioticsYes"	NA	NA	NA	NA	NA	0.789375156952142	0.999370840320332	"No data points have the baseline factor level"	"abundance"	46	3
"Actinomyces_sp_ph3.t__SGB17137_group"	"Read_depth"	"Read_depth"	"Read_depth"	NA	NA	NA	NA	NA	0.845533350449839	0.999370840320332	"No data points have the baseline factor level"	"abundance"	46	3
"Actinomyces_sp_ph3.t__SGB17137_group"	"Sex"	"Female"	"SexFemale"	NA	NA	NA	NA	NA	0.230098447970163	0.999370840320332	"No data points have the baseline factor level"	"abundance"	46	3
"Actinomyces_sp_ph3.t__SGB17137_group"	"Termness"	"term"	"Termnessterm"	NA	NA	NA	NA	NA	0.851321151960499	0.999370840320332	"No data points have the baseline factor level"	"abundance"	46	3
"Actinomyces_urogenitalis.t__SGB15868"	"Antibiotics"	"Yes"	"AntibioticsYes"	NA	NA	NA	NA	NA	0.707122130317633	0.999370840320332	"No data points have the baseline factor level"	"abundance"	46	4
"Actinomyces_urogenitalis.t__SGB15868"	"Delivery_mode"	"C-section"	"Delivery_modeC-section"	NA	NA	NA	NA	NA	0.812784488525154	0.999370840320332	"No data points have the baseline factor level"	"abundance"	46	4
"Actinomyces_urogenitalis.t__SGB15868"	"Ethnicity"	"European"	"EthnicityEuropean"	NA	NA	NA	NA	NA	0.414667626763312	0.999370840320332	"No data points have the baseline factor level"	"abundance"	46	4
"Actinomyces_urogenitalis.t__SGB15868"	"Feeding_method"	"Breastfed"	"Feeding_methodBreastfed"	NA	NA	NA	NA	NA	0.739813873058173	0.999370840320332	"No data points have the baseline factor level"	"abundance"	46	4
"Actinomyces_urogenitalis.t__SGB15868"	"Probiotics"	"Yes"	"ProbioticsYes"	NA	NA	NA	NA	NA	0.91711713183847	0.999370840320332	"No data points have the baseline factor level"	"abundance"	46	4
"Actinomyces_urogenitalis.t__SGB15868"	"Read_depth"	"Read_depth"	"Read_depth"	NA	NA	NA	NA	NA	0.831734145171828	0.999370840320332	"No data points have the baseline factor level"	"abundance"	46	4
"Actinomyces_urogenitalis.t__SGB15868"	"Sex"	"Female"	"SexFemale"	NA	NA	NA	NA	NA	0.313845739494884	0.999370840320332	"No data points have the baseline factor level"	"abundance"	46	4
"Actinomyces_urogenitalis.t__SGB15868"	"Termness"	"term"	"Termnessterm"	NA	NA	NA	NA	NA	0.379490611210184	0.999370840320332	"No data points have the baseline factor level"	"abundance"	46	4
"Anaerococcus_nagyae.t__SGB24935"	"Antibiotics"	"Yes"	"AntibioticsYes"	NA	NA	NA	NA	NA	0.142516212111395	0.999370840320332	"No data points have the baseline factor level"	"abundance"	46	4
"Anaerococcus_nagyae.t__SGB24935"	"Delivery_mode"	"C-section"	"Delivery_modeC-section"	NA	NA	NA	NA	NA	0.799838377915277	0.999370840320332	"No data points have the baseline factor level"	"abundance"	46	4
"Anaerococcus_nagyae.t__SGB24935"	"Ethnicity"	"European"	"EthnicityEuropean"	NA	NA	NA	NA	NA	0.734962914850715	0.999370840320332	"No data points have the baseline factor level"	"abundance"	46	4
"Anaerococcus_nagyae.t__SGB24935"	"Feeding_method"	"Breastfed"	"Feeding_methodBreastfed"	NA	NA	NA	NA	NA	0.461883758703828	0.999370840320332	"No data points have the baseline factor level"	"abundance"	46	4
"Anaerococcus_nagyae.t__SGB24935"	"Probiotics"	"Yes"	"ProbioticsYes"	NA	NA	NA	NA	NA	0.361888730464682	0.999370840320332	"No data points have the baseline factor level"	"abundance"	46	4
"Anaerococcus_nagyae.t__SGB24935"	"Read_depth"	"Read_depth"	"Read_depth"	NA	NA	NA	NA	NA	0.900658999079754	0.999370840320332	"No data points have the baseline factor level"	"abundance"	46	4
"Anaerococcus_nagyae.t__SGB24935"	"Sex"	"Female"	"SexFemale"	NA	NA	NA	NA	NA	0.88309938968978	0.999370840320332	"No data points have the baseline factor level"	"abundance"	46	4
"Anaerococcus_nagyae.t__SGB24935"	"Termness"	"term"	"Termnessterm"	NA	NA	NA	NA	NA	0.805134238376058	0.999370840320332	"No data points have the baseline factor level"	"abundance"	46	4
"Anaerococcus_octavius.t__SGB6655"	"Antibiotics"	"Yes"	"AntibioticsYes"	NA	NA	NA	NA	NA	0.916158150143005	0.999370840320332	"No data points have the baseline factor level"	"abundance"	46	2
"Anaerococcus_octavius.t__SGB6655"	"Delivery_mode"	"C-section"	"Delivery_modeC-section"	NA	NA	NA	NA	NA	0.850840829945955	0.999370840320332	"No data points have the baseline factor level"	"abundance"	46	2
"Anaerococcus_octavius.t__SGB6655"	"Ethnicity"	"European"	"EthnicityEuropean"	NA	NA	NA	NA	NA	0.871185260059516	0.999370840320332	"No data points have the baseline factor level"	"abundance"	46	2
"Anaerococcus_octavius.t__SGB6655"	"Feeding_method"	"Breastfed"	"Feeding_methodBreastfed"	NA	NA	NA	NA	NA	0.378206737516373	0.999370840320332	"No data points have the baseline factor level"	"abundance"	46	2
"Anaerococcus_octavius.t__SGB6655"	"Probiotics"	"Yes"	"ProbioticsYes"	NA	NA	NA	NA	NA	0.637904102649237	0.999370840320332	"No data points have the baseline factor level"	"abundance"	46	2
"Anaerococcus_octavius.t__SGB6655"	"Read_depth"	"Read_depth"	"Read_depth"	NA	NA	NA	NA	NA	0.806998070620771	0.999370840320332	"No data points have the baseline factor level"	"abundance"	46	2
"Anaerococcus_octavius.t__SGB6655"	"Sex"	"Female"	"SexFemale"	NA	NA	NA	NA	NA	0.944748327066583	0.999370840320332	"No data points have the baseline factor level"	"abundance"	46	2
"Anaerococcus_octavius.t__SGB6655"	"Termness"	"term"	"Termnessterm"	NA	NA	NA	NA	NA	0.931412272070696	0.999370840320332	"No data points have the baseline factor level"	"abundance"	46	2
"Atlantibacter_hermannii.t__SGB10047"	"Antibiotics"	"Yes"	"AntibioticsYes"	NA	NA	NA	NA	NA	0.660031510307675	0.999370840320332	"No data points have the baseline factor level"	"abundance"	46	2
"Atlantibacter_hermannii.t__SGB10047"	"Delivery_mode"	"C-section"	"Delivery_modeC-section"	NA	NA	NA	NA	NA	0.38119333901515	0.999370840320332	"No data points have the baseline factor level"	"abundance"	46	2
"Atlantibacter_hermannii.t__SGB10047"	"Ethnicity"	"European"	"EthnicityEuropean"	NA	NA	NA	NA	NA	0.641626401322305	0.999370840320332	"No data points have the baseline factor level"	"abundance"	46	2
"Atlantibacter_hermannii.t__SGB10047"	"Feeding_method"	"Breastfed"	"Feeding_methodBreastfed"	NA	NA	NA	NA	NA	0.761283307439161	0.999370840320332	"No data points have the baseline factor level"	"abundance"	46	2
"Atlantibacter_hermannii.t__SGB10047"	"Probiotics"	"Yes"	"ProbioticsYes"	NA	NA	NA	NA	NA	0.794957984664041	0.999370840320332	"No data points have the baseline factor level"	"abundance"	46	2
"Atlantibacter_hermannii.t__SGB10047"	"Read_depth"	"Read_depth"	"Read_depth"	NA	NA	NA	NA	NA	0.730097246120268	0.999370840320332	"No data points have the baseline factor level"	"abundance"	46	2
"Atlantibacter_hermannii.t__SGB10047"	"Sex"	"Female"	"SexFemale"	NA	NA	NA	NA	NA	0.389958419892053	0.999370840320332	"No data points have the baseline factor level"	"abundance"	46	2
"Atlantibacter_hermannii.t__SGB10047"	"Termness"	"term"	"Termnessterm"	NA	NA	NA	NA	NA	0.840674490312603	0.999370840320332	"No data points have the baseline factor level"	"abundance"	46	2
"Bacteroides_faecis.t__SGB1860"	"Antibiotics"	"Yes"	"AntibioticsYes"	NA	NA	NA	NA	NA	0.661213530635234	0.999370840320332	"No data points have the baseline factor level"	"abundance"	46	2
"Bacteroides_faecis.t__SGB1860"	"Delivery_mode"	"C-section"	"Delivery_modeC-section"	NA	NA	NA	NA	NA	0.124855812150393	0.999370840320332	"No data points have the baseline factor level"	"abundance"	46	2
"Bacteroides_faecis.t__SGB1860"	"Ethnicity"	"European"	"EthnicityEuropean"	NA	NA	NA	NA	NA	0.575442377062482	0.999370840320332	"No data points have the baseline factor level"	"abundance"	46	2
"Bacteroides_faecis.t__SGB1860"	"Feeding_method"	"Breastfed"	"Feeding_methodBreastfed"	NA	NA	NA	NA	NA	0.805573821072289	0.999370840320332	"No data points have the baseline factor level"	"abundance"	46	2
"Bacteroides_faecis.t__SGB1860"	"Probiotics"	"Yes"	"ProbioticsYes"	NA	NA	NA	NA	NA	0.95251389181872	0.999370840320332	"No data points have the baseline factor level"	"abundance"	46	2
"Bacteroides_faecis.t__SGB1860"	"Read_depth"	"Read_depth"	"Read_depth"	NA	NA	NA	NA	NA	0.321567520459491	0.999370840320332	"No data points have the baseline factor level"	"abundance"	46	2
"Bacteroides_faecis.t__SGB1860"	"Sex"	"Female"	"SexFemale"	NA	NA	NA	NA	NA	0.693576546274151	0.999370840320332	"No data points have the baseline factor level"	"abundance"	46	2
"Bacteroides_faecis.t__SGB1860"	"Termness"	"term"	"Termnessterm"	NA	NA	NA	NA	NA	0.985444868173616	0.999370840320332	"No data points have the baseline factor level"	"abundance"	46	2
"Bacteroides_uniformis.t__SGB1836"	"Antibiotics"	"Yes"	"AntibioticsYes"	NA	NA	NA	NA	NA	0.783461535506164	0.999370840320332	"No data points have the baseline factor level"	"abundance"	46	2
"Bacteroides_uniformis.t__SGB1836"	"Delivery_mode"	"C-section"	"Delivery_modeC-section"	NA	NA	NA	NA	NA	0.2718250236911	0.999370840320332	"No data points have the baseline factor level"	"abundance"	46	2
"Bacteroides_uniformis.t__SGB1836"	"Ethnicity"	"European"	"EthnicityEuropean"	NA	NA	NA	NA	NA	0.407416177423819	0.999370840320332	"No data points have the baseline factor level"	"abundance"	46	2
"Bacteroides_uniformis.t__SGB1836"	"Feeding_method"	"Breastfed"	"Feeding_methodBreastfed"	NA	NA	NA	NA	NA	0.158059436299836	0.999370840320332	"No data points have the baseline factor level"	"abundance"	46	2
"Bacteroides_uniformis.t__SGB1836"	"Probiotics"	"Yes"	"ProbioticsYes"	NA	NA	NA	NA	NA	0.847528791996349	0.999370840320332	"No data points have the baseline factor level"	"abundance"	46	2
"Bacteroides_uniformis.t__SGB1836"	"Read_depth"	"Read_depth"	"Read_depth"	NA	NA	NA	NA	NA	0.534061082253938	0.999370840320332	"No data points have the baseline factor level"	"abundance"	46	2
"Bacteroides_uniformis.t__SGB1836"	"Sex"	"Female"	"SexFemale"	NA	NA	NA	NA	NA	0.905514845048793	0.999370840320332	"No data points have the baseline factor level"	"abundance"	46	2
"Bacteroides_uniformis.t__SGB1836"	"Termness"	"term"	"Termnessterm"	NA	NA	NA	NA	NA	0.898054231463751	0.999370840320332	"No data points have the baseline factor level"	"abundance"	46	2
"Bifidobacterium_catenulatum.t__SGB17241"	"Antibiotics"	"Yes"	"AntibioticsYes"	NA	NA	NA	NA	NA	0.734905529790729	0.999370840320332	"No data points have the baseline factor level"	"abundance"	46	4
"Bifidobacterium_catenulatum.t__SGB17241"	"Delivery_mode"	"C-section"	"Delivery_modeC-section"	NA	NA	NA	NA	NA	0.781989034718896	0.999370840320332	"No data points have the baseline factor level"	"abundance"	46	4
"Bifidobacterium_catenulatum.t__SGB17241"	"Ethnicity"	"European"	"EthnicityEuropean"	NA	NA	NA	NA	NA	0.664234211624919	0.999370840320332	"No data points have the baseline factor level"	"abundance"	46	4
"Bifidobacterium_catenulatum.t__SGB17241"	"Feeding_method"	"Breastfed"	"Feeding_methodBreastfed"	NA	NA	NA	NA	NA	0.707102119427674	0.999370840320332	"No data points have the baseline factor level"	"abundance"	46	4
"Bifidobacterium_catenulatum.t__SGB17241"	"Probiotics"	"Yes"	"ProbioticsYes"	NA	NA	NA	NA	NA	0.842508485339169	0.999370840320332	"No data points have the baseline factor level"	"abundance"	46	4
"Bifidobacterium_catenulatum.t__SGB17241"	"Read_depth"	"Read_depth"	"Read_depth"	NA	NA	NA	NA	NA	0.939779748137353	0.999370840320332	"No data points have the baseline factor level"	"abundance"	46	4
"Bifidobacterium_catenulatum.t__SGB17241"	"Sex"	"Female"	"SexFemale"	NA	NA	NA	NA	NA	0.308098916621852	0.999370840320332	"No data points have the baseline factor level"	"abundance"	46	4
"Bifidobacterium_catenulatum.t__SGB17241"	"Termness"	"term"	"Termnessterm"	NA	NA	NA	NA	NA	0.472466166944498	0.999370840320332	"No data points have the baseline factor level"	"abundance"	46	4
"Bifidobacterium_dentium.t__SGB17234"	"Antibiotics"	"Yes"	"AntibioticsYes"	NA	NA	NA	NA	NA	0.456398241669964	0.999370840320332	"No data points have the baseline factor level"	"abundance"	46	4
"Bifidobacterium_dentium.t__SGB17234"	"Delivery_mode"	"C-section"	"Delivery_modeC-section"	NA	NA	NA	NA	NA	0.611447763019323	0.999370840320332	"No data points have the baseline factor level"	"abundance"	46	4
"Bifidobacterium_dentium.t__SGB17234"	"Ethnicity"	"European"	"EthnicityEuropean"	NA	NA	NA	NA	NA	0.465557519759105	0.999370840320332	"No data points have the baseline factor level"	"abundance"	46	4
"Bifidobacterium_dentium.t__SGB17234"	"Feeding_method"	"Breastfed"	"Feeding_methodBreastfed"	NA	NA	NA	NA	NA	0.413192181971183	0.999370840320332	"No data points have the baseline factor level"	"abundance"	46	4
"Bifidobacterium_dentium.t__SGB17234"	"Probiotics"	"Yes"	"ProbioticsYes"	NA	NA	NA	NA	NA	0.400071932253562	0.999370840320332	"No data points have the baseline factor level"	"abundance"	46	4
"Bifidobacterium_dentium.t__SGB17234"	"Read_depth"	"Read_depth"	"Read_depth"	NA	NA	NA	NA	NA	0.420211525691519	0.999370840320332	"No data points have the baseline factor level"	"abundance"	46	4
"Bifidobacterium_dentium.t__SGB17234"	"Sex"	"Female"	"SexFemale"	NA	NA	NA	NA	NA	0.987276793881231	0.999370840320332	"No data points have the baseline factor level"	"abundance"	46	4
"Bifidobacterium_dentium.t__SGB17234"	"Termness"	"term"	"Termnessterm"	NA	NA	NA	NA	NA	0.802095292572277	0.999370840320332	"No data points have the baseline factor level"	"abundance"	46	4
"Bifidobacterium_longum.t__SGB17248"	"Probiotics"	"Yes"	"ProbioticsYes"	NA	NA	NA	NA	NA	0.345864113462331	0.999370840320332	"Fitting error (NA p-value returned from fitting procedure)"	"abundance"	46	12
"Bifidobacterium_pseudocatenulatum.t__SGB17237"	"Antibiotics"	"Yes"	"AntibioticsYes"	NA	NA	NA	NA	NA	0.578962101436191	0.999370840320332	"Fitting error (NA p-value returned from fitting procedure)"	"abundance"	46	7
"Bifidobacterium_pseudocatenulatum.t__SGB17237"	"Ethnicity"	"European"	"EthnicityEuropean"	NA	NA	NA	NA	NA	0.887351253419029	0.999370840320332	"Fitting error (NA p-value returned from fitting procedure)"	"abundance"	46	7
"Bifidobacterium_pseudocatenulatum.t__SGB17237"	"Probiotics"	"Yes"	"ProbioticsYes"	NA	NA	NA	NA	NA	0.102112144678811	0.999370840320332	"Fitting error (NA p-value returned from fitting procedure)"	"abundance"	46	7
"Cellulosilyticum_lentocellum.t__SGB6079"	"Antibiotics"	"Yes"	"AntibioticsYes"	NA	NA	NA	NA	NA	0.87056971596781	0.999370840320332	"No data points have the baseline factor level"	"abundance"	46	2
"Cellulosilyticum_lentocellum.t__SGB6079"	"Delivery_mode"	"C-section"	"Delivery_modeC-section"	NA	NA	NA	NA	NA	0.710969693200644	0.999370840320332	"No data points have the baseline factor level"	"abundance"	46	2
"Cellulosilyticum_lentocellum.t__SGB6079"	"Ethnicity"	"European"	"EthnicityEuropean"	NA	NA	NA	NA	NA	0.544531607920024	0.999370840320332	"No data points have the baseline factor level"	"abundance"	46	2
"Cellulosilyticum_lentocellum.t__SGB6079"	"Feeding_method"	"Breastfed"	"Feeding_methodBreastfed"	NA	NA	NA	NA	NA	0.549724055134299	0.999370840320332	"No data points have the baseline factor level"	"abundance"	46	2
"Cellulosilyticum_lentocellum.t__SGB6079"	"Probiotics"	"Yes"	"ProbioticsYes"	NA	NA	NA	NA	NA	0.922059056477756	0.999370840320332	"No data points have the baseline factor level"	"abundance"	46	2
"Cellulosilyticum_lentocellum.t__SGB6079"	"Read_depth"	"Read_depth"	"Read_depth"	NA	NA	NA	NA	NA	0.554339517915242	0.999370840320332	"No data points have the baseline factor level"	"abundance"	46	2
"Cellulosilyticum_lentocellum.t__SGB6079"	"Sex"	"Female"	"SexFemale"	NA	NA	NA	NA	NA	0.83550750980807	0.999370840320332	"No data points have the baseline factor level"	"abundance"	46	2
"Cellulosilyticum_lentocellum.t__SGB6079"	"Termness"	"term"	"Termnessterm"	NA	NA	NA	NA	NA	0.616325113835071	0.999370840320332	"No data points have the baseline factor level"	"abundance"	46	2
"Citrobacter_braakii.t__SGB10086"	"Antibiotics"	"Yes"	"AntibioticsYes"	NA	NA	NA	NA	NA	0.833821357600071	0.999370840320332	"No data points have the baseline factor level"	"abundance"	46	3
"Citrobacter_braakii.t__SGB10086"	"Delivery_mode"	"C-section"	"Delivery_modeC-section"	NA	NA	NA	NA	NA	0.639506394735379	0.999370840320332	"No data points have the baseline factor level"	"abundance"	46	3
"Citrobacter_braakii.t__SGB10086"	"Ethnicity"	"European"	"EthnicityEuropean"	NA	NA	NA	NA	NA	0.702173869942669	0.999370840320332	"No data points have the baseline factor level"	"abundance"	46	3
"Citrobacter_braakii.t__SGB10086"	"Feeding_method"	"Breastfed"	"Feeding_methodBreastfed"	NA	NA	NA	NA	NA	0.479385722130774	0.999370840320332	"No data points have the baseline factor level"	"abundance"	46	3
"Citrobacter_braakii.t__SGB10086"	"Probiotics"	"Yes"	"ProbioticsYes"	NA	NA	NA	NA	NA	0.554379551998207	0.999370840320332	"No data points have the baseline factor level"	"abundance"	46	3
"Citrobacter_braakii.t__SGB10086"	"Read_depth"	"Read_depth"	"Read_depth"	NA	NA	NA	NA	NA	0.683337085279901	0.999370840320332	"No data points have the baseline factor level"	"abundance"	46	3
"Citrobacter_braakii.t__SGB10086"	"Sex"	"Female"	"SexFemale"	NA	NA	NA	NA	NA	0.986815714211057	0.999370840320332	"No data points have the baseline factor level"	"abundance"	46	3
"Citrobacter_braakii.t__SGB10086"	"Termness"	"term"	"Termnessterm"	NA	NA	NA	NA	NA	0.934838262479549	0.999370840320332	"No data points have the baseline factor level"	"abundance"	46	3
"Citrobacter_freundii.t__SGB10083"	"Antibiotics"	"Yes"	"AntibioticsYes"	34.4234086379463	NA	NA	NA	NA	0.431564430044017	0.999370840320332	"Fitting error (NA p-value returned from fitting procedure)"	"abundance"	46	7
"Citrobacter_freundii.t__SGB10083"	"Delivery_mode"	"C-section"	"Delivery_modeC-section"	-6.038631150588	NA	NA	NA	NA	0.783922238031689	0.999370840320332	"Fitting error (NA p-value returned from fitting procedure)"	"abundance"	46	7
"Citrobacter_freundii.t__SGB10083"	"Ethnicity"	"European"	"EthnicityEuropean"	NA	NA	NA	NA	NA	0.965737859628706	0.999370840320332	"Fitting error (NA p-value returned from fitting procedure)"	"abundance"	46	7
"Citrobacter_freundii.t__SGB10083"	"Feeding_method"	"Breastfed"	"Feeding_methodBreastfed"	36.8933414279301	NA	NA	NA	NA	0.247275506283821	0.999370840320332	"Fitting error (NA p-value returned from fitting procedure)"	"abundance"	46	7
"Citrobacter_freundii.t__SGB10083"	"Probiotics"	"Yes"	"ProbioticsYes"	NA	NA	NA	NA	NA	0.603972596766315	0.999370840320332	"Fitting error (NA p-value returned from fitting procedure)"	"abundance"	46	7
"Citrobacter_freundii.t__SGB10083"	"Read_depth"	"Read_depth"	"Read_depth"	-26.3523894183717	NA	NA	NA	NA	0.348121658908228	0.999370840320332	"Fitting error (NA p-value returned from fitting procedure)"	"abundance"	46	7
"Citrobacter_freundii.t__SGB10083"	"Sex"	"Female"	"SexFemale"	22.939388950411	NA	NA	NA	NA	0.146909509070837	0.999370840320332	"Fitting error (NA p-value returned from fitting procedure)"	"abundance"	46	7
"Citrobacter_freundii.t__SGB10083"	"Termness"	"term"	"Termnessterm"	37.9782294551658	NA	NA	NA	NA	0.423532250990068	0.999370840320332	"Fitting error (NA p-value returned from fitting procedure)"	"abundance"	46	7
"Clostridium_butyricum.t__SGB6170"	"Antibiotics"	"Yes"	"AntibioticsYes"	NA	NA	NA	NA	NA	0.873984632037705	0.999370840320332	"No data points have the baseline factor level"	"abundance"	46	2
"Clostridium_butyricum.t__SGB6170"	"Delivery_mode"	"C-section"	"Delivery_modeC-section"	NA	NA	NA	NA	NA	0.890263795941654	0.999370840320332	"No data points have the baseline factor level"	"abundance"	46	2
"Clostridium_butyricum.t__SGB6170"	"Ethnicity"	"European"	"EthnicityEuropean"	NA	NA	NA	NA	NA	0.751528549813344	0.999370840320332	"No data points have the baseline factor level"	"abundance"	46	2
"Clostridium_butyricum.t__SGB6170"	"Feeding_method"	"Breastfed"	"Feeding_methodBreastfed"	NA	NA	NA	NA	NA	0.595432367900555	0.999370840320332	"No data points have the baseline factor level"	"abundance"	46	2
"Clostridium_butyricum.t__SGB6170"	"Probiotics"	"Yes"	"ProbioticsYes"	NA	NA	NA	NA	NA	0.686377646309483	0.999370840320332	"No data points have the baseline factor level"	"abundance"	46	2
"Clostridium_butyricum.t__SGB6170"	"Read_depth"	"Read_depth"	"Read_depth"	NA	NA	NA	NA	NA	0.919279319338026	0.999370840320332	"No data points have the baseline factor level"	"abundance"	46	2
"Clostridium_butyricum.t__SGB6170"	"Sex"	"Female"	"SexFemale"	NA	NA	NA	NA	NA	0.924158026425648	0.999370840320332	"No data points have the baseline factor level"	"abundance"	46	2
"Clostridium_butyricum.t__SGB6170"	"Termness"	"term"	"Termnessterm"	NA	NA	NA	NA	NA	0.997616524923614	0.999370840320332	"No data points have the baseline factor level"	"abundance"	46	2
"Clostridium_neonatale.t__SGB6169"	"Ethnicity"	"European"	"EthnicityEuropean"	NA	NA	NA	NA	NA	0.634619799031494	0.999370840320332	"Fitting error (NA p-value returned from fitting procedure)"	"abundance"	46	8
"Clostridium_neonatale.t__SGB6169"	"Probiotics"	"Yes"	"ProbioticsYes"	NA	NA	NA	NA	NA	0.351898013241726	0.999370840320332	"Fitting error (NA p-value returned from fitting procedure)"	"abundance"	46	8
"Clostridium_paraputrificum.t__SGB6187"	"Ethnicity"	"European"	"EthnicityEuropean"	NA	NA	NA	NA	NA	0.992471195445448	0.999370840320332	"Fitting error (NA p-value returned from fitting procedure)"	"abundance"	46	8
"Clostridium_paraputrificum.t__SGB6187"	"Probiotics"	"Yes"	"ProbioticsYes"	NA	NA	NA	NA	NA	0.409531693526766	0.999370840320332	"Fitting error (NA p-value returned from fitting procedure)"	"abundance"	46	8
"Clostridium_tertium.t__SGB6183"	"Antibiotics"	"Yes"	"AntibioticsYes"	NA	NA	NA	NA	NA	0.695737410515784	0.999370840320332	"contrasts can be applied only to factors with 2 or more levels"	"abundance"	46	3
"Clostridium_tertium.t__SGB6183"	"Delivery_mode"	"C-section"	"Delivery_modeC-section"	NA	NA	NA	NA	NA	0.910820547018092	0.999370840320332	"contrasts can be applied only to factors with 2 or more levels"	"abundance"	46	3
"Clostridium_tertium.t__SGB6183"	"Ethnicity"	"European"	"EthnicityEuropean"	NA	NA	NA	NA	NA	0.92142166224373	0.999370840320332	"contrasts can be applied only to factors with 2 or more levels"	"abundance"	46	3
"Clostridium_tertium.t__SGB6183"	"Feeding_method"	"Breastfed"	"Feeding_methodBreastfed"	NA	NA	NA	NA	NA	0.979315113345123	0.999370840320332	"contrasts can be applied only to factors with 2 or more levels"	"abundance"	46	3
"Clostridium_tertium.t__SGB6183"	"Probiotics"	"Yes"	"ProbioticsYes"	NA	NA	NA	NA	NA	0.55136636881086	0.999370840320332	"contrasts can be applied only to factors with 2 or more levels"	"abundance"	46	3
"Clostridium_tertium.t__SGB6183"	"Read_depth"	"Read_depth"	"Read_depth"	NA	NA	NA	NA	NA	0.896202733925782	0.999370840320332	"contrasts can be applied only to factors with 2 or more levels"	"abundance"	46	3
"Clostridium_tertium.t__SGB6183"	"Sex"	"Female"	"SexFemale"	NA	NA	NA	NA	NA	0.246143261414302	0.999370840320332	"contrasts can be applied only to factors with 2 or more levels"	"abundance"	46	3
"Clostridium_tertium.t__SGB6183"	"Termness"	"term"	"Termnessterm"	NA	NA	NA	NA	NA	0.682707933658958	0.999370840320332	"contrasts can be applied only to factors with 2 or more levels"	"abundance"	46	3
"Collinsella_aerofaciens.t__SGB14535_group"	"Antibiotics"	"Yes"	"AntibioticsYes"	NA	NA	NA	NA	NA	0.328725707428559	0.999370840320332	"contrasts can be applied only to factors with 2 or more levels"	"abundance"	46	2
"Collinsella_aerofaciens.t__SGB14535_group"	"Delivery_mode"	"C-section"	"Delivery_modeC-section"	NA	NA	NA	NA	NA	0.477940602796799	0.999370840320332	"contrasts can be applied only to factors with 2 or more levels"	"abundance"	46	2
"Collinsella_aerofaciens.t__SGB14535_group"	"Ethnicity"	"European"	"EthnicityEuropean"	NA	NA	NA	NA	NA	0.832155903845808	0.999370840320332	"contrasts can be applied only to factors with 2 or more levels"	"abundance"	46	2
"Collinsella_aerofaciens.t__SGB14535_group"	"Feeding_method"	"Breastfed"	"Feeding_methodBreastfed"	NA	NA	NA	NA	NA	0.287291043196766	0.999370840320332	"contrasts can be applied only to factors with 2 or more levels"	"abundance"	46	2
"Collinsella_aerofaciens.t__SGB14535_group"	"Probiotics"	"Yes"	"ProbioticsYes"	NA	NA	NA	NA	NA	0.697781584874754	0.999370840320332	"contrasts can be applied only to factors with 2 or more levels"	"abundance"	46	2
"Collinsella_aerofaciens.t__SGB14535_group"	"Read_depth"	"Read_depth"	"Read_depth"	NA	NA	NA	NA	NA	0.807880507275662	0.999370840320332	"contrasts can be applied only to factors with 2 or more levels"	"abundance"	46	2
"Collinsella_aerofaciens.t__SGB14535_group"	"Sex"	"Female"	"SexFemale"	NA	NA	NA	NA	NA	0.737577539748074	0.999370840320332	"contrasts can be applied only to factors with 2 or more levels"	"abundance"	46	2
"Collinsella_aerofaciens.t__SGB14535_group"	"Termness"	"term"	"Termnessterm"	NA	NA	NA	NA	NA	0.953014836046235	0.999370840320332	"contrasts can be applied only to factors with 2 or more levels"	"abundance"	46	2
"Corynebacterium_accolens.t__SGB17097"	"Antibiotics"	"Yes"	"AntibioticsYes"	NA	NA	NA	NA	NA	0.643107033806428	0.999370840320332	"No data points have the baseline factor level"	"abundance"	46	2
"Corynebacterium_accolens.t__SGB17097"	"Delivery_mode"	"C-section"	"Delivery_modeC-section"	NA	NA	NA	NA	NA	0.444980496449774	0.999370840320332	"No data points have the baseline factor level"	"abundance"	46	2
"Corynebacterium_accolens.t__SGB17097"	"Ethnicity"	"European"	"EthnicityEuropean"	NA	NA	NA	NA	NA	0.729401762102738	0.999370840320332	"No data points have the baseline factor level"	"abundance"	46	2
"Corynebacterium_accolens.t__SGB17097"	"Feeding_method"	"Breastfed"	"Feeding_methodBreastfed"	NA	NA	NA	NA	NA	0.651000953136722	0.999370840320332	"No data points have the baseline factor level"	"abundance"	46	2
"Corynebacterium_accolens.t__SGB17097"	"Probiotics"	"Yes"	"ProbioticsYes"	NA	NA	NA	NA	NA	0.878100525280058	0.999370840320332	"No data points have the baseline factor level"	"abundance"	46	2
"Corynebacterium_accolens.t__SGB17097"	"Read_depth"	"Read_depth"	"Read_depth"	NA	NA	NA	NA	NA	0.865379407323667	0.999370840320332	"No data points have the baseline factor level"	"abundance"	46	2
"Corynebacterium_accolens.t__SGB17097"	"Sex"	"Female"	"SexFemale"	NA	NA	NA	NA	NA	0.497624013029332	0.999370840320332	"No data points have the baseline factor level"	"abundance"	46	2
"Corynebacterium_accolens.t__SGB17097"	"Termness"	"term"	"Termnessterm"	NA	NA	NA	NA	NA	0.689342614400522	0.999370840320332	"No data points have the baseline factor level"	"abundance"	46	2
"Corynebacterium_bovis.t__SGB33717"	"Antibiotics"	"Yes"	"AntibioticsYes"	NA	NA	NA	NA	NA	0.678441190123755	0.999370840320332	"No data points have the baseline factor level"	"abundance"	46	2
"Corynebacterium_bovis.t__SGB33717"	"Delivery_mode"	"C-section"	"Delivery_modeC-section"	NA	NA	NA	NA	NA	0.509156051710784	0.999370840320332	"No data points have the baseline factor level"	"abundance"	46	2
"Corynebacterium_bovis.t__SGB33717"	"Ethnicity"	"European"	"EthnicityEuropean"	NA	NA	NA	NA	NA	0.733624239969414	0.999370840320332	"No data points have the baseline factor level"	"abundance"	46	2
"Corynebacterium_bovis.t__SGB33717"	"Feeding_method"	"Breastfed"	"Feeding_methodBreastfed"	NA	NA	NA	NA	NA	0.694500500747368	0.999370840320332	"No data points have the baseline factor level"	"abundance"	46	2
"Corynebacterium_bovis.t__SGB33717"	"Probiotics"	"Yes"	"ProbioticsYes"	NA	NA	NA	NA	NA	0.870382238450404	0.999370840320332	"No data points have the baseline factor level"	"abundance"	46	2
"Corynebacterium_bovis.t__SGB33717"	"Read_depth"	"Read_depth"	"Read_depth"	NA	NA	NA	NA	NA	0.838516940972373	0.999370840320332	"No data points have the baseline factor level"	"abundance"	46	2
"Corynebacterium_bovis.t__SGB33717"	"Sex"	"Female"	"SexFemale"	NA	NA	NA	NA	NA	0.558393863258773	0.999370840320332	"No data points have the baseline factor level"	"abundance"	46	2
"Corynebacterium_bovis.t__SGB33717"	"Termness"	"term"	"Termnessterm"	NA	NA	NA	NA	NA	0.702055964031882	0.999370840320332	"No data points have the baseline factor level"	"abundance"	46	2
"Corynebacterium_kroppenstedtii.t__SGB17000"	"Antibiotics"	"Yes"	"AntibioticsYes"	NA	NA	NA	NA	NA	0.993351073507278	0.999370840320332	"No data points have the baseline factor level"	"abundance"	46	2
"Corynebacterium_kroppenstedtii.t__SGB17000"	"Delivery_mode"	"C-section"	"Delivery_modeC-section"	NA	NA	NA	NA	NA	0.886528223164943	0.999370840320332	"No data points have the baseline factor level"	"abundance"	46	2
"Corynebacterium_kroppenstedtii.t__SGB17000"	"Ethnicity"	"European"	"EthnicityEuropean"	NA	NA	NA	NA	NA	0.735008381859857	0.999370840320332	"No data points have the baseline factor level"	"abundance"	46	2
"Corynebacterium_kroppenstedtii.t__SGB17000"	"Feeding_method"	"Breastfed"	"Feeding_methodBreastfed"	NA	NA	NA	NA	NA	0.606078337047821	0.999370840320332	"No data points have the baseline factor level"	"abundance"	46	2
"Corynebacterium_kroppenstedtii.t__SGB17000"	"Probiotics"	"Yes"	"ProbioticsYes"	NA	NA	NA	NA	NA	0.905626469379911	0.999370840320332	"No data points have the baseline factor level"	"abundance"	46	2
"Corynebacterium_kroppenstedtii.t__SGB17000"	"Read_depth"	"Read_depth"	"Read_depth"	NA	NA	NA	NA	NA	0.913703751025797	0.999370840320332	"No data points have the baseline factor level"	"abundance"	46	2
"Corynebacterium_kroppenstedtii.t__SGB17000"	"Sex"	"Female"	"SexFemale"	NA	NA	NA	NA	NA	0.866592164956276	0.999370840320332	"No data points have the baseline factor level"	"abundance"	46	2
"Corynebacterium_kroppenstedtii.t__SGB17000"	"Termness"	"term"	"Termnessterm"	NA	NA	NA	NA	NA	0.662876188253546	0.999370840320332	"No data points have the baseline factor level"	"abundance"	46	2
"Corynebacterium_kroppenstedtii.t__SGB17005"	"Antibiotics"	"Yes"	"AntibioticsYes"	NA	NA	NA	NA	NA	0.737096375469981	0.999370840320332	"contrasts can be applied only to factors with 2 or more levels"	"abundance"	46	4
"Corynebacterium_kroppenstedtii.t__SGB17005"	"Delivery_mode"	"C-section"	"Delivery_modeC-section"	NA	NA	NA	NA	NA	0.720742351640799	0.999370840320332	"contrasts can be applied only to factors with 2 or more levels"	"abundance"	46	4
"Corynebacterium_kroppenstedtii.t__SGB17005"	"Ethnicity"	"European"	"EthnicityEuropean"	NA	NA	NA	NA	NA	0.750230812506304	0.999370840320332	"contrasts can be applied only to factors with 2 or more levels"	"abundance"	46	4
"Corynebacterium_kroppenstedtii.t__SGB17005"	"Feeding_method"	"Breastfed"	"Feeding_methodBreastfed"	NA	NA	NA	NA	NA	0.667226533511222	0.999370840320332	"contrasts can be applied only to factors with 2 or more levels"	"abundance"	46	4
"Corynebacterium_kroppenstedtii.t__SGB17005"	"Probiotics"	"Yes"	"ProbioticsYes"	NA	NA	NA	NA	NA	0.642627455700252	0.999370840320332	"contrasts can be applied only to factors with 2 or more levels"	"abundance"	46	4
"Corynebacterium_kroppenstedtii.t__SGB17005"	"Read_depth"	"Read_depth"	"Read_depth"	NA	NA	NA	NA	NA	0.486749099170626	0.999370840320332	"contrasts can be applied only to factors with 2 or more levels"	"abundance"	46	4
"Corynebacterium_kroppenstedtii.t__SGB17005"	"Sex"	"Female"	"SexFemale"	NA	NA	NA	NA	NA	0.620662826916995	0.999370840320332	"contrasts can be applied only to factors with 2 or more levels"	"abundance"	46	4
"Corynebacterium_kroppenstedtii.t__SGB17005"	"Termness"	"term"	"Termnessterm"	NA	NA	NA	NA	NA	0.587654704522644	0.999370840320332	"contrasts can be applied only to factors with 2 or more levels"	"abundance"	46	4
"Corynebacterium_pseudodiphtheriticum.t__SGB17013"	"Antibiotics"	"Yes"	"AntibioticsYes"	NA	NA	NA	NA	NA	0.994247103478145	0.999370840320332	"No data points have the baseline factor level"	"abundance"	46	4
"Corynebacterium_pseudodiphtheriticum.t__SGB17013"	"Delivery_mode"	"C-section"	"Delivery_modeC-section"	NA	NA	NA	NA	NA	0.345817552254123	0.999370840320332	"No data points have the baseline factor level"	"abundance"	46	4
"Corynebacterium_pseudodiphtheriticum.t__SGB17013"	"Ethnicity"	"European"	"EthnicityEuropean"	NA	NA	NA	NA	NA	0.405779268898896	0.999370840320332	"No data points have the baseline factor level"	"abundance"	46	4
"Corynebacterium_pseudodiphtheriticum.t__SGB17013"	"Feeding_method"	"Breastfed"	"Feeding_methodBreastfed"	NA	NA	NA	NA	NA	0.369754205051249	0.999370840320332	"No data points have the baseline factor level"	"abundance"	46	4
"Corynebacterium_pseudodiphtheriticum.t__SGB17013"	"Probiotics"	"Yes"	"ProbioticsYes"	NA	NA	NA	NA	NA	0.945041907402482	0.999370840320332	"No data points have the baseline factor level"	"abundance"	46	4
"Corynebacterium_pseudodiphtheriticum.t__SGB17013"	"Read_depth"	"Read_depth"	"Read_depth"	NA	NA	NA	NA	NA	0.23988634748456	0.999370840320332	"No data points have the baseline factor level"	"abundance"	46	4
"Corynebacterium_pseudodiphtheriticum.t__SGB17013"	"Sex"	"Female"	"SexFemale"	NA	NA	NA	NA	NA	0.436387259718295	0.999370840320332	"No data points have the baseline factor level"	"abundance"	46	4
"Corynebacterium_pseudodiphtheriticum.t__SGB17013"	"Termness"	"term"	"Termnessterm"	NA	NA	NA	NA	NA	0.708716787607043	0.999370840320332	"No data points have the baseline factor level"	"abundance"	46	4
"Corynebacterium_simulans.t__SGB17120"	"Antibiotics"	"Yes"	"AntibioticsYes"	NA	NA	NA	NA	NA	0.786302927420729	0.999370840320332	"No data points have the baseline factor level"	"abundance"	46	3
"Corynebacterium_simulans.t__SGB17120"	"Delivery_mode"	"C-section"	"Delivery_modeC-section"	NA	NA	NA	NA	NA	0.221076996832179	0.999370840320332	"No data points have the baseline factor level"	"abundance"	46	3
"Corynebacterium_simulans.t__SGB17120"	"Ethnicity"	"European"	"EthnicityEuropean"	NA	NA	NA	NA	NA	0.696247420752947	0.999370840320332	"No data points have the baseline factor level"	"abundance"	46	3
"Corynebacterium_simulans.t__SGB17120"	"Feeding_method"	"Breastfed"	"Feeding_methodBreastfed"	NA	NA	NA	NA	NA	0.390348893839152	0.999370840320332	"No data points have the baseline factor level"	"abundance"	46	3
"Corynebacterium_simulans.t__SGB17120"	"Probiotics"	"Yes"	"ProbioticsYes"	NA	NA	NA	NA	NA	0.412049060500868	0.999370840320332	"No data points have the baseline factor level"	"abundance"	46	3
"Corynebacterium_simulans.t__SGB17120"	"Read_depth"	"Read_depth"	"Read_depth"	NA	NA	NA	NA	NA	0.806836285979274	0.999370840320332	"No data points have the baseline factor level"	"abundance"	46	3
"Corynebacterium_simulans.t__SGB17120"	"Sex"	"Female"	"SexFemale"	NA	NA	NA	NA	NA	0.68579063931022	0.999370840320332	"No data points have the baseline factor level"	"abundance"	46	3
"Corynebacterium_simulans.t__SGB17120"	"Termness"	"term"	"Termnessterm"	NA	NA	NA	NA	NA	0.419234116957647	0.999370840320332	"No data points have the baseline factor level"	"abundance"	46	3
"Cutibacterium_acnes.t__SGB16955"	"Antibiotics"	"Yes"	"AntibioticsYes"	NA	NA	NA	NA	NA	0.345695318133727	0.999370840320332	"No data points have the baseline factor level"	"abundance"	46	2
"Cutibacterium_acnes.t__SGB16955"	"Delivery_mode"	"C-section"	"Delivery_modeC-section"	NA	NA	NA	NA	NA	0.393613645929116	0.999370840320332	"No data points have the baseline factor level"	"abundance"	46	2
"Cutibacterium_acnes.t__SGB16955"	"Ethnicity"	"European"	"EthnicityEuropean"	NA	NA	NA	NA	NA	0.151100281693909	0.999370840320332	"No data points have the baseline factor level"	"abundance"	46	2
"Cutibacterium_acnes.t__SGB16955"	"Feeding_method"	"Breastfed"	"Feeding_methodBreastfed"	NA	NA	NA	NA	NA	0.307623355549164	0.999370840320332	"No data points have the baseline factor level"	"abundance"	46	2
"Cutibacterium_acnes.t__SGB16955"	"Probiotics"	"Yes"	"ProbioticsYes"	NA	NA	NA	NA	NA	0.567795945387381	0.999370840320332	"No data points have the baseline factor level"	"abundance"	46	2
"Cutibacterium_acnes.t__SGB16955"	"Read_depth"	"Read_depth"	"Read_depth"	NA	NA	NA	NA	NA	0.54123344488224	0.999370840320332	"No data points have the baseline factor level"	"abundance"	46	2
"Cutibacterium_acnes.t__SGB16955"	"Sex"	"Female"	"SexFemale"	NA	NA	NA	NA	NA	0.602487875905342	0.999370840320332	"No data points have the baseline factor level"	"abundance"	46	2
"Cutibacterium_acnes.t__SGB16955"	"Termness"	"term"	"Termnessterm"	NA	NA	NA	NA	NA	0.768280755636604	0.999370840320332	"No data points have the baseline factor level"	"abundance"	46	2
"Cutibacterium_granulosum.t__SGB16958"	"Antibiotics"	"Yes"	"AntibioticsYes"	NA	NA	NA	NA	NA	0.449047001775371	0.999370840320332	"No data points have the baseline factor level"	"abundance"	46	4
"Cutibacterium_granulosum.t__SGB16958"	"Delivery_mode"	"C-section"	"Delivery_modeC-section"	NA	NA	NA	NA	NA	0.370146345372872	0.999370840320332	"No data points have the baseline factor level"	"abundance"	46	4
"Cutibacterium_granulosum.t__SGB16958"	"Ethnicity"	"European"	"EthnicityEuropean"	NA	NA	NA	NA	NA	0.60225538097425	0.999370840320332	"No data points have the baseline factor level"	"abundance"	46	4
"Cutibacterium_granulosum.t__SGB16958"	"Feeding_method"	"Breastfed"	"Feeding_methodBreastfed"	NA	NA	NA	NA	NA	0.541724606050307	0.999370840320332	"No data points have the baseline factor level"	"abundance"	46	4
"Cutibacterium_granulosum.t__SGB16958"	"Probiotics"	"Yes"	"ProbioticsYes"	NA	NA	NA	NA	NA	0.456296367814425	0.999370840320332	"No data points have the baseline factor level"	"abundance"	46	4
"Cutibacterium_granulosum.t__SGB16958"	"Read_depth"	"Read_depth"	"Read_depth"	NA	NA	NA	NA	NA	0.887914253997682	0.999370840320332	"No data points have the baseline factor level"	"abundance"	46	4
"Cutibacterium_granulosum.t__SGB16958"	"Sex"	"Female"	"SexFemale"	NA	NA	NA	NA	NA	0.227732769834288	0.999370840320332	"No data points have the baseline factor level"	"abundance"	46	4
"Cutibacterium_granulosum.t__SGB16958"	"Termness"	"term"	"Termnessterm"	NA	NA	NA	NA	NA	0.732305027981029	0.999370840320332	"No data points have the baseline factor level"	"abundance"	46	4
"Dermabacter_hominis.t__SGB17179"	"Antibiotics"	"Yes"	"AntibioticsYes"	NA	NA	NA	NA	NA	0.81830435674719	0.999370840320332	"No data points have the baseline factor level"	"abundance"	46	2
"Dermabacter_hominis.t__SGB17179"	"Delivery_mode"	"C-section"	"Delivery_modeC-section"	NA	NA	NA	NA	NA	0.564926278591914	0.999370840320332	"No data points have the baseline factor level"	"abundance"	46	2
"Dermabacter_hominis.t__SGB17179"	"Ethnicity"	"European"	"EthnicityEuropean"	NA	NA	NA	NA	NA	0.521389064802367	0.999370840320332	"No data points have the baseline factor level"	"abundance"	46	2
"Dermabacter_hominis.t__SGB17179"	"Feeding_method"	"Breastfed"	"Feeding_methodBreastfed"	NA	NA	NA	NA	NA	0.607651645547889	0.999370840320332	"No data points have the baseline factor level"	"abundance"	46	2
"Dermabacter_hominis.t__SGB17179"	"Probiotics"	"Yes"	"ProbioticsYes"	NA	NA	NA	NA	NA	0.865939551326994	0.999370840320332	"No data points have the baseline factor level"	"abundance"	46	2
"Dermabacter_hominis.t__SGB17179"	"Read_depth"	"Read_depth"	"Read_depth"	NA	NA	NA	NA	NA	0.999370840320332	0.999370840320332	"No data points have the baseline factor level"	"abundance"	46	2
"Dermabacter_hominis.t__SGB17179"	"Sex"	"Female"	"SexFemale"	NA	NA	NA	NA	NA	0.398278792413832	0.999370840320332	"No data points have the baseline factor level"	"abundance"	46	2
"Dermabacter_hominis.t__SGB17179"	"Termness"	"term"	"Termnessterm"	NA	NA	NA	NA	NA	0.630568345397884	0.999370840320332	"No data points have the baseline factor level"	"abundance"	46	2
"Dolosigranulum_pigrum.t__SGB7017"	"Antibiotics"	"Yes"	"AntibioticsYes"	NA	NA	NA	NA	NA	0.883456869635025	0.999370840320332	"No data points have the baseline factor level"	"abundance"	46	2
"Dolosigranulum_pigrum.t__SGB7017"	"Delivery_mode"	"C-section"	"Delivery_modeC-section"	NA	NA	NA	NA	NA	0.791811911262932	0.999370840320332	"No data points have the baseline factor level"	"abundance"	46	2
"Dolosigranulum_pigrum.t__SGB7017"	"Ethnicity"	"European"	"EthnicityEuropean"	NA	NA	NA	NA	NA	0.849977360252264	0.999370840320332	"No data points have the baseline factor level"	"abundance"	46	2
"Dolosigranulum_pigrum.t__SGB7017"	"Feeding_method"	"Breastfed"	"Feeding_methodBreastfed"	NA	NA	NA	NA	NA	0.311966342311809	0.999370840320332	"No data points have the baseline factor level"	"abundance"	46	2
"Dolosigranulum_pigrum.t__SGB7017"	"Probiotics"	"Yes"	"ProbioticsYes"	NA	NA	NA	NA	NA	0.923691151085807	0.999370840320332	"No data points have the baseline factor level"	"abundance"	46	2
"Dolosigranulum_pigrum.t__SGB7017"	"Read_depth"	"Read_depth"	"Read_depth"	NA	NA	NA	NA	NA	0.964818312258241	0.999370840320332	"No data points have the baseline factor level"	"abundance"	46	2
"Dolosigranulum_pigrum.t__SGB7017"	"Sex"	"Female"	"SexFemale"	NA	NA	NA	NA	NA	0.937093238111554	0.999370840320332	"No data points have the baseline factor level"	"abundance"	46	2
"Dolosigranulum_pigrum.t__SGB7017"	"Termness"	"term"	"Termnessterm"	NA	NA	NA	NA	NA	0.799408186245211	0.999370840320332	"No data points have the baseline factor level"	"abundance"	46	2
"Eggerthella_lenta.t__SGB14809"	"Antibiotics"	"Yes"	"AntibioticsYes"	NA	NA	NA	NA	NA	0.783461535506164	0.999370840320332	"No data points have the baseline factor level"	"abundance"	46	2
"Eggerthella_lenta.t__SGB14809"	"Delivery_mode"	"C-section"	"Delivery_modeC-section"	NA	NA	NA	NA	NA	0.2718250236911	0.999370840320332	"No data points have the baseline factor level"	"abundance"	46	2
"Eggerthella_lenta.t__SGB14809"	"Ethnicity"	"European"	"EthnicityEuropean"	NA	NA	NA	NA	NA	0.407416177423819	0.999370840320332	"No data points have the baseline factor level"	"abundance"	46	2
"Eggerthella_lenta.t__SGB14809"	"Feeding_method"	"Breastfed"	"Feeding_methodBreastfed"	NA	NA	NA	NA	NA	0.158059436299836	0.999370840320332	"No data points have the baseline factor level"	"abundance"	46	2
"Eggerthella_lenta.t__SGB14809"	"Probiotics"	"Yes"	"ProbioticsYes"	NA	NA	NA	NA	NA	0.847528791996349	0.999370840320332	"No data points have the baseline factor level"	"abundance"	46	2
"Eggerthella_lenta.t__SGB14809"	"Read_depth"	"Read_depth"	"Read_depth"	NA	NA	NA	NA	NA	0.534061082253938	0.999370840320332	"No data points have the baseline factor level"	"abundance"	46	2
"Eggerthella_lenta.t__SGB14809"	"Sex"	"Female"	"SexFemale"	NA	NA	NA	NA	NA	0.905514845048793	0.999370840320332	"No data points have the baseline factor level"	"abundance"	46	2
"Eggerthella_lenta.t__SGB14809"	"Termness"	"term"	"Termnessterm"	NA	NA	NA	NA	NA	0.898054231463751	0.999370840320332	"No data points have the baseline factor level"	"abundance"	46	2
"Enterobacter_asburiae.t__SGB10141"	"Ethnicity"	"European"	"EthnicityEuropean"	NA	NA	NA	NA	NA	0.602717974381607	0.999370840320332	"Fitting error (NA p-value returned from fitting procedure)"	"abundance"	46	10
"Enterobacter_asburiae.t__SGB10141"	"Probiotics"	"Yes"	"ProbioticsYes"	NA	NA	NA	NA	NA	0.400362651545309	0.999370840320332	"Fitting error (NA p-value returned from fitting procedure)"	"abundance"	46	10
"Enterobacter_bugandensis.t__SGB10135"	"Antibiotics"	"Yes"	"AntibioticsYes"	NA	NA	NA	NA	NA	0.615215066824271	0.999370840320332	"Fitting error (NA p-value returned from fitting procedure)"	"abundance"	46	4
"Enterobacter_bugandensis.t__SGB10135"	"Delivery_mode"	"C-section"	"Delivery_modeC-section"	4.66167113718953	NA	NA	NA	NA	0.801965581851511	0.999370840320332	"Fitting error (NA p-value returned from fitting procedure)"	"abundance"	46	4
"Enterobacter_bugandensis.t__SGB10135"	"Ethnicity"	"European"	"EthnicityEuropean"	NA	NA	NA	NA	NA	0.463918578375193	0.999370840320332	"Fitting error (NA p-value returned from fitting procedure)"	"abundance"	46	4
"Enterobacter_bugandensis.t__SGB10135"	"Feeding_method"	"Breastfed"	"Feeding_methodBreastfed"	NA	NA	NA	NA	NA	0.95546619907432	0.999370840320332	"Fitting error (NA p-value returned from fitting procedure)"	"abundance"	46	4
"Enterobacter_bugandensis.t__SGB10135"	"Probiotics"	"Yes"	"ProbioticsYes"	NA	NA	NA	NA	NA	0.136103498724828	0.999370840320332	"Fitting error (NA p-value returned from fitting procedure)"	"abundance"	46	4
"Enterobacter_bugandensis.t__SGB10135"	"Read_depth"	"Read_depth"	"Read_depth"	33.8551575625721	NA	NA	NA	NA	0.874582224207231	0.999370840320332	"Fitting error (NA p-value returned from fitting procedure)"	"abundance"	46	4
"Enterobacter_bugandensis.t__SGB10135"	"Sex"	"Female"	"SexFemale"	NA	NA	NA	NA	NA	0.881209642059329	0.999370840320332	"Fitting error (NA p-value returned from fitting procedure)"	"abundance"	46	4
"Enterobacter_bugandensis.t__SGB10135"	"Termness"	"term"	"Termnessterm"	8.88596883049702	NA	NA	NA	NA	0.0762703776759103	0.999370840320332	"Fitting error (NA p-value returned from fitting procedure)"	"abundance"	46	4
"Enterobacter_kobei.t__SGB10133"	"Antibiotics"	"Yes"	"AntibioticsYes"	-2.94326269673447	NA	NA	NA	NA	0.781365415376424	0.999370840320332	"Fitting error (NA p-value returned from fitting procedure)"	"abundance"	46	4
"Enterobacter_kobei.t__SGB10133"	"Delivery_mode"	"C-section"	"Delivery_modeC-section"	NA	NA	NA	NA	NA	0.834522751991868	0.999370840320332	"Fitting error (NA p-value returned from fitting procedure)"	"abundance"	46	4
"Enterobacter_kobei.t__SGB10133"	"Ethnicity"	"European"	"EthnicityEuropean"	NA	NA	NA	NA	NA	0.950655118036492	0.999370840320332	"Fitting error (NA p-value returned from fitting procedure)"	"abundance"	46	4
"Enterobacter_kobei.t__SGB10133"	"Feeding_method"	"Breastfed"	"Feeding_methodBreastfed"	NA	NA	NA	NA	NA	0.73568877485204	0.999370840320332	"Fitting error (NA p-value returned from fitting procedure)"	"abundance"	46	4
"Enterobacter_kobei.t__SGB10133"	"Probiotics"	"Yes"	"ProbioticsYes"	NA	NA	NA	NA	NA	0.358458714066071	0.999370840320332	"Fitting error (NA p-value returned from fitting procedure)"	"abundance"	46	4
"Enterobacter_kobei.t__SGB10133"	"Read_depth"	"Read_depth"	"Read_depth"	NA	NA	NA	NA	NA	0.659963596368337	0.999370840320332	"Fitting error (NA p-value returned from fitting procedure)"	"abundance"	46	4
"Enterobacter_kobei.t__SGB10133"	"Sex"	"Female"	"SexFemale"	5.45352840276626	NA	NA	NA	NA	0.536392796590506	0.999370840320332	"Fitting error (NA p-value returned from fitting procedure)"	"abundance"	46	4
"Enterobacter_kobei.t__SGB10133"	"Termness"	"term"	"Termnessterm"	1.10035621617839	NA	NA	NA	NA	0.527969462517934	0.999370840320332	"Fitting error (NA p-value returned from fitting procedure)"	"abundance"	46	4
"Enterobacter_roggenkampii.t__SGB10139"	"Antibiotics"	"Yes"	"AntibioticsYes"	NA	NA	NA	NA	NA	0.230298378451809	0.999370840320332	"contrasts can be applied only to factors with 2 or more levels"	"abundance"	46	6
"Enterobacter_roggenkampii.t__SGB10139"	"Delivery_mode"	"C-section"	"Delivery_modeC-section"	NA	NA	NA	NA	NA	0.321001881221119	0.999370840320332	"contrasts can be applied only to factors with 2 or more levels"	"abundance"	46	6
"Enterobacter_roggenkampii.t__SGB10139"	"Ethnicity"	"European"	"EthnicityEuropean"	NA	NA	NA	NA	NA	0.91294516369524	0.999370840320332	"contrasts can be applied only to factors with 2 or more levels"	"abundance"	46	6
"Enterobacter_roggenkampii.t__SGB10139"	"Feeding_method"	"Breastfed"	"Feeding_methodBreastfed"	NA	NA	NA	NA	NA	0.489049128490921	0.999370840320332	"contrasts can be applied only to factors with 2 or more levels"	"abundance"	46	6
"Enterobacter_roggenkampii.t__SGB10139"	"Probiotics"	"Yes"	"ProbioticsYes"	NA	NA	NA	NA	NA	0.373675811639305	0.999370840320332	"contrasts can be applied only to factors with 2 or more levels"	"abundance"	46	6
"Enterobacter_roggenkampii.t__SGB10139"	"Read_depth"	"Read_depth"	"Read_depth"	NA	NA	NA	NA	NA	0.617393254075109	0.999370840320332	"contrasts can be applied only to factors with 2 or more levels"	"abundance"	46	6
"Enterobacter_roggenkampii.t__SGB10139"	"Sex"	"Female"	"SexFemale"	NA	NA	NA	NA	NA	0.0286408697884383	0.999370840320332	"contrasts can be applied only to factors with 2 or more levels"	"abundance"	46	6
"Enterobacter_roggenkampii.t__SGB10139"	"Termness"	"term"	"Termnessterm"	NA	NA	NA	NA	NA	0.576976792637267	0.999370840320332	"contrasts can be applied only to factors with 2 or more levels"	"abundance"	46	6
"Enterococcus_gilvus.t__SGB7929"	"Antibiotics"	"Yes"	"AntibioticsYes"	NA	NA	NA	NA	NA	0.884379991050265	0.999370840320332	"No data points have the baseline factor level"	"abundance"	46	2
"Enterococcus_gilvus.t__SGB7929"	"Delivery_mode"	"C-section"	"Delivery_modeC-section"	NA	NA	NA	NA	NA	0.835943434013765	0.999370840320332	"No data points have the baseline factor level"	"abundance"	46	2
"Enterococcus_gilvus.t__SGB7929"	"Ethnicity"	"European"	"EthnicityEuropean"	NA	NA	NA	NA	NA	0.803290005471223	0.999370840320332	"No data points have the baseline factor level"	"abundance"	46	2
"Enterococcus_gilvus.t__SGB7929"	"Feeding_method"	"Breastfed"	"Feeding_methodBreastfed"	NA	NA	NA	NA	NA	0.303340341892286	0.999370840320332	"No data points have the baseline factor level"	"abundance"	46	2
"Enterococcus_gilvus.t__SGB7929"	"Probiotics"	"Yes"	"ProbioticsYes"	NA	NA	NA	NA	NA	0.835273964814034	0.999370840320332	"No data points have the baseline factor level"	"abundance"	46	2
"Enterococcus_gilvus.t__SGB7929"	"Read_depth"	"Read_depth"	"Read_depth"	NA	NA	NA	NA	NA	0.787269446259512	0.999370840320332	"No data points have the baseline factor level"	"abundance"	46	2
"Enterococcus_gilvus.t__SGB7929"	"Sex"	"Female"	"SexFemale"	NA	NA	NA	NA	NA	0.375718834022462	0.999370840320332	"No data points have the baseline factor level"	"abundance"	46	2
"Enterococcus_gilvus.t__SGB7929"	"Termness"	"term"	"Termnessterm"	NA	NA	NA	NA	NA	0.833911260057164	0.999370840320332	"No data points have the baseline factor level"	"abundance"	46	2
"Erysipelatoclostridium_ramosum.t__SGB6744"	"Antibiotics"	"Yes"	"AntibioticsYes"	NA	NA	NA	NA	NA	0.710116436413339	0.999370840320332	"No data points have the baseline factor level"	"abundance"	46	4
"Erysipelatoclostridium_ramosum.t__SGB6744"	"Delivery_mode"	"C-section"	"Delivery_modeC-section"	NA	NA	NA	NA	NA	0.597036252016219	0.999370840320332	"No data points have the baseline factor level"	"abundance"	46	4
"Erysipelatoclostridium_ramosum.t__SGB6744"	"Ethnicity"	"European"	"EthnicityEuropean"	NA	NA	NA	NA	NA	0.497626638169503	0.999370840320332	"No data points have the baseline factor level"	"abundance"	46	4
"Erysipelatoclostridium_ramosum.t__SGB6744"	"Feeding_method"	"Breastfed"	"Feeding_methodBreastfed"	NA	NA	NA	NA	NA	0.393675376715927	0.999370840320332	"No data points have the baseline factor level"	"abundance"	46	4
"Erysipelatoclostridium_ramosum.t__SGB6744"	"Probiotics"	"Yes"	"ProbioticsYes"	NA	NA	NA	NA	NA	0.843839882731612	0.999370840320332	"No data points have the baseline factor level"	"abundance"	46	4
"Erysipelatoclostridium_ramosum.t__SGB6744"	"Read_depth"	"Read_depth"	"Read_depth"	NA	NA	NA	NA	NA	0.0793468138250957	0.999370840320332	"No data points have the baseline factor level"	"abundance"	46	4
"Erysipelatoclostridium_ramosum.t__SGB6744"	"Sex"	"Female"	"SexFemale"	NA	NA	NA	NA	NA	0.436701071729596	0.999370840320332	"No data points have the baseline factor level"	"abundance"	46	4
"Erysipelatoclostridium_ramosum.t__SGB6744"	"Termness"	"term"	"Termnessterm"	NA	NA	NA	NA	NA	0.434498077860262	0.999370840320332	"No data points have the baseline factor level"	"abundance"	46	4
"Finegoldia_magna.t__SGB6686_group"	"Delivery_mode"	"C-section"	"Delivery_modeC-section"	NA	NA	NA	NA	NA	0.762728537600503	0.999370840320332	"Fitting error (NA p-value returned from fitting procedure)"	"abundance"	46	6
"Finegoldia_magna.t__SGB6686_group"	"Ethnicity"	"European"	"EthnicityEuropean"	NA	NA	NA	NA	NA	0.740664391478773	0.999370840320332	"Fitting error (NA p-value returned from fitting procedure)"	"abundance"	46	6
"Finegoldia_magna.t__SGB6686_group"	"Feeding_method"	"Breastfed"	"Feeding_methodBreastfed"	NA	NA	NA	NA	NA	0.596050914747775	0.999370840320332	"Fitting error (NA p-value returned from fitting procedure)"	"abundance"	46	6
"Finegoldia_magna.t__SGB6686_group"	"Probiotics"	"Yes"	"ProbioticsYes"	NA	NA	NA	NA	NA	0.573185674982552	0.999370840320332	"Fitting error (NA p-value returned from fitting procedure)"	"abundance"	46	6
"Gemella_haemolysans.t__SGB7285_group"	"Antibiotics"	"Yes"	"AntibioticsYes"	NA	NA	NA	NA	NA	0.954980684954396	0.999370840320332	"contrasts can be applied only to factors with 2 or more levels"	"abundance"	46	6
"Gemella_haemolysans.t__SGB7285_group"	"Delivery_mode"	"C-section"	"Delivery_modeC-section"	NA	NA	NA	NA	NA	0.287048113489604	0.999370840320332	"contrasts can be applied only to factors with 2 or more levels"	"abundance"	46	6
"Gemella_haemolysans.t__SGB7285_group"	"Ethnicity"	"European"	"EthnicityEuropean"	NA	NA	NA	NA	NA	0.687753308029495	0.999370840320332	"contrasts can be applied only to factors with 2 or more levels"	"abundance"	46	6
"Gemella_haemolysans.t__SGB7285_group"	"Feeding_method"	"Breastfed"	"Feeding_methodBreastfed"	NA	NA	NA	NA	NA	0.71543206248329	0.999370840320332	"contrasts can be applied only to factors with 2 or more levels"	"abundance"	46	6
"Gemella_haemolysans.t__SGB7285_group"	"Probiotics"	"Yes"	"ProbioticsYes"	NA	NA	NA	NA	NA	0.234728859055986	0.999370840320332	"contrasts can be applied only to factors with 2 or more levels"	"abundance"	46	6
"Gemella_haemolysans.t__SGB7285_group"	"Read_depth"	"Read_depth"	"Read_depth"	NA	NA	NA	NA	NA	0.980522234625535	0.999370840320332	"contrasts can be applied only to factors with 2 or more levels"	"abundance"	46	6
"Gemella_haemolysans.t__SGB7285_group"	"Sex"	"Female"	"SexFemale"	NA	NA	NA	NA	NA	0.528659276326603	0.999370840320332	"contrasts can be applied only to factors with 2 or more levels"	"abundance"	46	6
"Gemella_haemolysans.t__SGB7285_group"	"Termness"	"term"	"Termnessterm"	NA	NA	NA	NA	NA	0.603378950699155	0.999370840320332	"contrasts can be applied only to factors with 2 or more levels"	"abundance"	46	6
"Haemophilus_haemolyticus.t__SGB9649"	"Antibiotics"	"Yes"	"AntibioticsYes"	NA	NA	NA	NA	NA	0.995026240008763	0.999370840320332	"No data points have the baseline factor level"	"abundance"	46	5
"Haemophilus_haemolyticus.t__SGB9649"	"Delivery_mode"	"C-section"	"Delivery_modeC-section"	NA	NA	NA	NA	NA	0.961621792678967	0.999370840320332	"No data points have the baseline factor level"	"abundance"	46	5
"Haemophilus_haemolyticus.t__SGB9649"	"Ethnicity"	"European"	"EthnicityEuropean"	NA	NA	NA	NA	NA	0.13663958375939	0.999370840320332	"No data points have the baseline factor level"	"abundance"	46	5
"Haemophilus_haemolyticus.t__SGB9649"	"Feeding_method"	"Breastfed"	"Feeding_methodBreastfed"	NA	NA	NA	NA	NA	0.159855529787315	0.999370840320332	"No data points have the baseline factor level"	"abundance"	46	5
"Haemophilus_haemolyticus.t__SGB9649"	"Probiotics"	"Yes"	"ProbioticsYes"	NA	NA	NA	NA	NA	0.923674983597864	0.999370840320332	"No data points have the baseline factor level"	"abundance"	46	5
"Haemophilus_haemolyticus.t__SGB9649"	"Read_depth"	"Read_depth"	"Read_depth"	NA	NA	NA	NA	NA	0.797038835768685	0.999370840320332	"No data points have the baseline factor level"	"abundance"	46	5
"Haemophilus_haemolyticus.t__SGB9649"	"Sex"	"Female"	"SexFemale"	NA	NA	NA	NA	NA	0.912990927356904	0.999370840320332	"No data points have the baseline factor level"	"abundance"	46	5
"Haemophilus_haemolyticus.t__SGB9649"	"Termness"	"term"	"Termnessterm"	NA	NA	NA	NA	NA	0.297424840816842	0.999370840320332	"No data points have the baseline factor level"	"abundance"	46	5
"Haemophilus_parahaemolyticus.t__SGB9632"	"Antibiotics"	"Yes"	"AntibioticsYes"	NA	NA	NA	NA	NA	0.521403879088882	0.999370840320332	"No data points have the baseline factor level"	"abundance"	46	2
"Haemophilus_parahaemolyticus.t__SGB9632"	"Delivery_mode"	"C-section"	"Delivery_modeC-section"	NA	NA	NA	NA	NA	0.88001840609234	0.999370840320332	"No data points have the baseline factor level"	"abundance"	46	2
"Haemophilus_parahaemolyticus.t__SGB9632"	"Ethnicity"	"European"	"EthnicityEuropean"	NA	NA	NA	NA	NA	0.167362016734753	0.999370840320332	"No data points have the baseline factor level"	"abundance"	46	2
"Haemophilus_parahaemolyticus.t__SGB9632"	"Feeding_method"	"Breastfed"	"Feeding_methodBreastfed"	NA	NA	NA	NA	NA	0.161920229747348	0.999370840320332	"No data points have the baseline factor level"	"abundance"	46	2
"Haemophilus_parahaemolyticus.t__SGB9632"	"Probiotics"	"Yes"	"ProbioticsYes"	NA	NA	NA	NA	NA	0.965678446826318	0.999370840320332	"No data points have the baseline factor level"	"abundance"	46	2
"Haemophilus_parahaemolyticus.t__SGB9632"	"Read_depth"	"Read_depth"	"Read_depth"	NA	NA	NA	NA	NA	0.661448345863148	0.999370840320332	"No data points have the baseline factor level"	"abundance"	46	2
"Haemophilus_parahaemolyticus.t__SGB9632"	"Sex"	"Female"	"SexFemale"	NA	NA	NA	NA	NA	0.754732181451775	0.999370840320332	"No data points have the baseline factor level"	"abundance"	46	2
"Haemophilus_parahaemolyticus.t__SGB9632"	"Termness"	"term"	"Termnessterm"	NA	NA	NA	NA	NA	0.762125805789969	0.999370840320332	"No data points have the baseline factor level"	"abundance"	46	2
"Haemophilus_parainfluenzae.t__SGB9657"	"Antibiotics"	"Yes"	"AntibioticsYes"	NA	NA	NA	NA	NA	0.109815379060067	0.999370840320332	"contrasts can be applied only to factors with 2 or more levels"	"abundance"	46	6
"Haemophilus_parainfluenzae.t__SGB9657"	"Delivery_mode"	"C-section"	"Delivery_modeC-section"	NA	NA	NA	NA	NA	0.561887201976499	0.999370840320332	"contrasts can be applied only to factors with 2 or more levels"	"abundance"	46	6
"Haemophilus_parainfluenzae.t__SGB9657"	"Ethnicity"	"European"	"EthnicityEuropean"	NA	NA	NA	NA	NA	0.963039792413194	0.999370840320332	"contrasts can be applied only to factors with 2 or more levels"	"abundance"	46	6
"Haemophilus_parainfluenzae.t__SGB9657"	"Feeding_method"	"Breastfed"	"Feeding_methodBreastfed"	NA	NA	NA	NA	NA	0.223625969072867	0.999370840320332	"contrasts can be applied only to factors with 2 or more levels"	"abundance"	46	6
"Haemophilus_parainfluenzae.t__SGB9657"	"Probiotics"	"Yes"	"ProbioticsYes"	NA	NA	NA	NA	NA	0.338445170035061	0.999370840320332	"contrasts can be applied only to factors with 2 or more levels"	"abundance"	46	6
"Haemophilus_parainfluenzae.t__SGB9657"	"Read_depth"	"Read_depth"	"Read_depth"	NA	NA	NA	NA	NA	0.44527389064512	0.999370840320332	"contrasts can be applied only to factors with 2 or more levels"	"abundance"	46	6
"Haemophilus_parainfluenzae.t__SGB9657"	"Sex"	"Female"	"SexFemale"	NA	NA	NA	NA	NA	0.242492321586941	0.999370840320332	"contrasts can be applied only to factors with 2 or more levels"	"abundance"	46	6
"Haemophilus_parainfluenzae.t__SGB9657"	"Termness"	"term"	"Termnessterm"	NA	NA	NA	NA	NA	0.452978233047131	0.999370840320332	"contrasts can be applied only to factors with 2 or more levels"	"abundance"	46	6
"Intestinibacter_bartlettii.t__SGB6140"	"Antibiotics"	"Yes"	"AntibioticsYes"	NA	NA	NA	NA	NA	0.740463545263898	0.999370840320332	"No data points have the baseline factor level"	"abundance"	46	2
"Intestinibacter_bartlettii.t__SGB6140"	"Delivery_mode"	"C-section"	"Delivery_modeC-section"	NA	NA	NA	NA	NA	0.750877598378882	0.999370840320332	"No data points have the baseline factor level"	"abundance"	46	2
"Intestinibacter_bartlettii.t__SGB6140"	"Ethnicity"	"European"	"EthnicityEuropean"	NA	NA	NA	NA	NA	0.856075865344299	0.999370840320332	"No data points have the baseline factor level"	"abundance"	46	2
"Intestinibacter_bartlettii.t__SGB6140"	"Feeding_method"	"Breastfed"	"Feeding_methodBreastfed"	NA	NA	NA	NA	NA	0.643097863659011	0.999370840320332	"No data points have the baseline factor level"	"abundance"	46	2
"Intestinibacter_bartlettii.t__SGB6140"	"Probiotics"	"Yes"	"ProbioticsYes"	NA	NA	NA	NA	NA	0.409901256546537	0.999370840320332	"No data points have the baseline factor level"	"abundance"	46	2
"Intestinibacter_bartlettii.t__SGB6140"	"Read_depth"	"Read_depth"	"Read_depth"	NA	NA	NA	NA	NA	0.522940517228073	0.999370840320332	"No data points have the baseline factor level"	"abundance"	46	2
"Intestinibacter_bartlettii.t__SGB6140"	"Sex"	"Female"	"SexFemale"	NA	NA	NA	NA	NA	0.336572357707543	0.999370840320332	"No data points have the baseline factor level"	"abundance"	46	2
"Intestinibacter_bartlettii.t__SGB6140"	"Termness"	"term"	"Termnessterm"	NA	NA	NA	NA	NA	0.508380478096528	0.999370840320332	"No data points have the baseline factor level"	"abundance"	46	2
"Klebsiella_grimontii.t__SGB10120"	"Antibiotics"	"Yes"	"AntibioticsYes"	NA	NA	NA	NA	NA	0.173216296469409	0.999370840320332	"contrasts can be applied only to factors with 2 or more levels"	"abundance"	46	8
"Klebsiella_grimontii.t__SGB10120"	"Delivery_mode"	"C-section"	"Delivery_modeC-section"	NA	NA	NA	NA	NA	0.734148488764766	0.999370840320332	"contrasts can be applied only to factors with 2 or more levels"	"abundance"	46	8
"Klebsiella_grimontii.t__SGB10120"	"Ethnicity"	"European"	"EthnicityEuropean"	NA	NA	NA	NA	NA	0.697139220465118	0.999370840320332	"contrasts can be applied only to factors with 2 or more levels"	"abundance"	46	8
"Klebsiella_grimontii.t__SGB10120"	"Feeding_method"	"Breastfed"	"Feeding_methodBreastfed"	NA	NA	NA	NA	NA	0.0429332003730938	0.999370840320332	"contrasts can be applied only to factors with 2 or more levels"	"abundance"	46	8
"Klebsiella_grimontii.t__SGB10120"	"Probiotics"	"Yes"	"ProbioticsYes"	NA	NA	NA	NA	NA	0.179947831262082	0.999370840320332	"contrasts can be applied only to factors with 2 or more levels"	"abundance"	46	8
"Klebsiella_grimontii.t__SGB10120"	"Read_depth"	"Read_depth"	"Read_depth"	NA	NA	NA	NA	NA	0.959835905538745	0.999370840320332	"contrasts can be applied only to factors with 2 or more levels"	"abundance"	46	8
"Klebsiella_grimontii.t__SGB10120"	"Sex"	"Female"	"SexFemale"	NA	NA	NA	NA	NA	0.973116259640255	0.999370840320332	"contrasts can be applied only to factors with 2 or more levels"	"abundance"	46	8
"Klebsiella_grimontii.t__SGB10120"	"Termness"	"term"	"Termnessterm"	NA	NA	NA	NA	NA	0.508168420261275	0.999370840320332	"contrasts can be applied only to factors with 2 or more levels"	"abundance"	46	8
"Klebsiella_oxytoca.t__SGB10118"	"Antibiotics"	"Yes"	"AntibioticsYes"	NA	NA	NA	NA	NA	0.810608018682828	0.999370840320332	"No data points have the baseline factor level"	"abundance"	46	2
"Klebsiella_oxytoca.t__SGB10118"	"Delivery_mode"	"C-section"	"Delivery_modeC-section"	NA	NA	NA	NA	NA	0.430053117207041	0.999370840320332	"No data points have the baseline factor level"	"abundance"	46	2
"Klebsiella_oxytoca.t__SGB10118"	"Ethnicity"	"European"	"EthnicityEuropean"	NA	NA	NA	NA	NA	0.790391961255153	0.999370840320332	"No data points have the baseline factor level"	"abundance"	46	2
"Klebsiella_oxytoca.t__SGB10118"	"Feeding_method"	"Breastfed"	"Feeding_methodBreastfed"	NA	NA	NA	NA	NA	0.784655967180046	0.999370840320332	"No data points have the baseline factor level"	"abundance"	46	2
"Klebsiella_oxytoca.t__SGB10118"	"Probiotics"	"Yes"	"ProbioticsYes"	NA	NA	NA	NA	NA	0.949738061300724	0.999370840320332	"No data points have the baseline factor level"	"abundance"	46	2
"Klebsiella_oxytoca.t__SGB10118"	"Read_depth"	"Read_depth"	"Read_depth"	NA	NA	NA	NA	NA	0.111960338427829	0.999370840320332	"No data points have the baseline factor level"	"abundance"	46	2
"Klebsiella_oxytoca.t__SGB10118"	"Sex"	"Female"	"SexFemale"	NA	NA	NA	NA	NA	0.499988014940952	0.999370840320332	"No data points have the baseline factor level"	"abundance"	46	2
"Klebsiella_oxytoca.t__SGB10118"	"Termness"	"term"	"Termnessterm"	NA	NA	NA	NA	NA	0.795719949577631	0.999370840320332	"No data points have the baseline factor level"	"abundance"	46	2
"Klebsiella_variicola.t__SGB10114"	"Antibiotics"	"Yes"	"AntibioticsYes"	NA	NA	NA	NA	NA	0.993419770937348	0.999370840320332	"No data points have the baseline factor level"	"abundance"	46	11
"Klebsiella_variicola.t__SGB10114"	"Delivery_mode"	"C-section"	"Delivery_modeC-section"	NA	NA	NA	NA	NA	0.154803096229996	0.999370840320332	"No data points have the baseline factor level"	"abundance"	46	11
"Klebsiella_variicola.t__SGB10114"	"Ethnicity"	"European"	"EthnicityEuropean"	NA	NA	NA	NA	NA	0.966078193755465	0.999370840320332	"No data points have the baseline factor level"	"abundance"	46	11
"Klebsiella_variicola.t__SGB10114"	"Feeding_method"	"Breastfed"	"Feeding_methodBreastfed"	NA	NA	NA	NA	NA	0.600843871666529	0.999370840320332	"No data points have the baseline factor level"	"abundance"	46	11
"Klebsiella_variicola.t__SGB10114"	"Probiotics"	"Yes"	"ProbioticsYes"	NA	NA	NA	NA	NA	0.286337580892291	0.999370840320332	"No data points have the baseline factor level"	"abundance"	46	11
"Klebsiella_variicola.t__SGB10114"	"Read_depth"	"Read_depth"	"Read_depth"	NA	NA	NA	NA	NA	0.704843323699681	0.999370840320332	"No data points have the baseline factor level"	"abundance"	46	11
"Klebsiella_variicola.t__SGB10114"	"Sex"	"Female"	"SexFemale"	NA	NA	NA	NA	NA	0.304594992930074	0.999370840320332	"No data points have the baseline factor level"	"abundance"	46	11
"Klebsiella_variicola.t__SGB10114"	"Termness"	"term"	"Termnessterm"	NA	NA	NA	NA	NA	0.184118653581089	0.999370840320332	"No data points have the baseline factor level"	"abundance"	46	11
"Kluyvera_cryocrescens.t__SGB23242"	"Antibiotics"	"Yes"	"AntibioticsYes"	NA	NA	NA	NA	NA	0.307374218061368	0.999370840320332	"Fitting error (NA p-value returned from fitting procedure)"	"abundance"	46	5
"Kluyvera_cryocrescens.t__SGB23242"	"Delivery_mode"	"C-section"	"Delivery_modeC-section"	NA	NA	NA	NA	NA	0.995478876402634	0.999370840320332	"Fitting error (NA p-value returned from fitting procedure)"	"abundance"	46	5
"Kluyvera_cryocrescens.t__SGB23242"	"Ethnicity"	"European"	"EthnicityEuropean"	NA	NA	NA	NA	NA	0.464571378501204	0.999370840320332	"Fitting error (NA p-value returned from fitting procedure)"	"abundance"	46	5
"Kluyvera_cryocrescens.t__SGB23242"	"Probiotics"	"Yes"	"ProbioticsYes"	NA	NA	NA	NA	NA	0.412221786374594	0.999370840320332	"Fitting error (NA p-value returned from fitting procedure)"	"abundance"	46	5
"Kluyvera_cryocrescens.t__SGB23242"	"Sex"	"Female"	"SexFemale"	NA	NA	NA	NA	NA	0.837278059291666	0.999370840320332	"Fitting error (NA p-value returned from fitting procedure)"	"abundance"	46	5
"Lacticaseibacillus_rhamnosus.t__SGB7144"	"Antibiotics"	"Yes"	"AntibioticsYes"	NA	NA	NA	NA	NA	0.53770225561851	0.999370840320332	"No data points have the baseline factor level"	"abundance"	46	8
"Lacticaseibacillus_rhamnosus.t__SGB7144"	"Delivery_mode"	"C-section"	"Delivery_modeC-section"	NA	NA	NA	NA	NA	0.247555163785453	0.999370840320332	"No data points have the baseline factor level"	"abundance"	46	8
"Lacticaseibacillus_rhamnosus.t__SGB7144"	"Ethnicity"	"European"	"EthnicityEuropean"	NA	NA	NA	NA	NA	0.91111599199008	0.999370840320332	"No data points have the baseline factor level"	"abundance"	46	8
"Lacticaseibacillus_rhamnosus.t__SGB7144"	"Feeding_method"	"Breastfed"	"Feeding_methodBreastfed"	NA	NA	NA	NA	NA	0.253885965204599	0.999370840320332	"No data points have the baseline factor level"	"abundance"	46	8
"Lacticaseibacillus_rhamnosus.t__SGB7144"	"Probiotics"	"Yes"	"ProbioticsYes"	NA	NA	NA	NA	NA	0.466970892291549	0.999370840320332	"No data points have the baseline factor level"	"abundance"	46	8
"Lacticaseibacillus_rhamnosus.t__SGB7144"	"Read_depth"	"Read_depth"	"Read_depth"	NA	NA	NA	NA	NA	0.675509261631477	0.999370840320332	"No data points have the baseline factor level"	"abundance"	46	8
"Lacticaseibacillus_rhamnosus.t__SGB7144"	"Sex"	"Female"	"SexFemale"	NA	NA	NA	NA	NA	0.495666278809795	0.999370840320332	"No data points have the baseline factor level"	"abundance"	46	8
"Lacticaseibacillus_rhamnosus.t__SGB7144"	"Termness"	"term"	"Termnessterm"	NA	NA	NA	NA	NA	0.990797687137875	0.999370840320332	"No data points have the baseline factor level"	"abundance"	46	8
"Lactobacillus_acidophilus.t__SGB7044"	"Antibiotics"	"Yes"	"AntibioticsYes"	NA	NA	NA	NA	NA	0.713389369332311	0.999370840320332	"No data points have the baseline factor level"	"abundance"	46	10
"Lactobacillus_acidophilus.t__SGB7044"	"Delivery_mode"	"C-section"	"Delivery_modeC-section"	NA	NA	NA	NA	NA	0.71804660371641	0.999370840320332	"No data points have the baseline factor level"	"abundance"	46	10
"Lactobacillus_acidophilus.t__SGB7044"	"Ethnicity"	"European"	"EthnicityEuropean"	NA	NA	NA	NA	NA	0.0537307666015444	0.999370840320332	"No data points have the baseline factor level"	"abundance"	46	10
"Lactobacillus_acidophilus.t__SGB7044"	"Feeding_method"	"Breastfed"	"Feeding_methodBreastfed"	NA	NA	NA	NA	NA	0.768052319875267	0.999370840320332	"No data points have the baseline factor level"	"abundance"	46	10
"Lactobacillus_acidophilus.t__SGB7044"	"Probiotics"	"Yes"	"ProbioticsYes"	NA	NA	NA	NA	NA	0.173119105266249	0.999370840320332	"No data points have the baseline factor level"	"abundance"	46	10
"Lactobacillus_acidophilus.t__SGB7044"	"Read_depth"	"Read_depth"	"Read_depth"	NA	NA	NA	NA	NA	0.598260505648831	0.999370840320332	"No data points have the baseline factor level"	"abundance"	46	10
"Lactobacillus_acidophilus.t__SGB7044"	"Sex"	"Female"	"SexFemale"	NA	NA	NA	NA	NA	0.607725790219758	0.999370840320332	"No data points have the baseline factor level"	"abundance"	46	10
"Lactobacillus_acidophilus.t__SGB7044"	"Termness"	"term"	"Termnessterm"	NA	NA	NA	NA	NA	0.986725874232721	0.999370840320332	"No data points have the baseline factor level"	"abundance"	46	10
"Lancefieldella_parvula.t__SGB966"	"Antibiotics"	"Yes"	"AntibioticsYes"	NA	NA	NA	NA	NA	0.725093312751199	0.999370840320332	"No data points have the baseline factor level"	"abundance"	46	2
"Lancefieldella_parvula.t__SGB966"	"Delivery_mode"	"C-section"	"Delivery_modeC-section"	NA	NA	NA	NA	NA	0.179036021327042	0.999370840320332	"No data points have the baseline factor level"	"abundance"	46	2
"Lancefieldella_parvula.t__SGB966"	"Ethnicity"	"European"	"EthnicityEuropean"	NA	NA	NA	NA	NA	0.626640254328737	0.999370840320332	"No data points have the baseline factor level"	"abundance"	46	2
"Lancefieldella_parvula.t__SGB966"	"Feeding_method"	"Breastfed"	"Feeding_methodBreastfed"	NA	NA	NA	NA	NA	0.892579413945561	0.999370840320332	"No data points have the baseline factor level"	"abundance"	46	2
"Lancefieldella_parvula.t__SGB966"	"Probiotics"	"Yes"	"ProbioticsYes"	NA	NA	NA	NA	NA	0.989774501959596	0.999370840320332	"No data points have the baseline factor level"	"abundance"	46	2
"Lancefieldella_parvula.t__SGB966"	"Read_depth"	"Read_depth"	"Read_depth"	NA	NA	NA	NA	NA	0.753658061364782	0.999370840320332	"No data points have the baseline factor level"	"abundance"	46	2
"Lancefieldella_parvula.t__SGB966"	"Sex"	"Female"	"SexFemale"	NA	NA	NA	NA	NA	0.810097007546153	0.999370840320332	"No data points have the baseline factor level"	"abundance"	46	2
"Lancefieldella_parvula.t__SGB966"	"Termness"	"term"	"Termnessterm"	NA	NA	NA	NA	NA	0.92115338119939	0.999370840320332	"No data points have the baseline factor level"	"abundance"	46	2
"Leclercia_adecarboxylata.t__SGB10147"	"Antibiotics"	"Yes"	"AntibioticsYes"	NA	NA	NA	NA	NA	0.509757791897467	0.999370840320332	"No data points have the baseline factor level"	"abundance"	46	2
"Leclercia_adecarboxylata.t__SGB10147"	"Delivery_mode"	"C-section"	"Delivery_modeC-section"	NA	NA	NA	NA	NA	0.849703398712216	0.999370840320332	"No data points have the baseline factor level"	"abundance"	46	2
"Leclercia_adecarboxylata.t__SGB10147"	"Ethnicity"	"European"	"EthnicityEuropean"	NA	NA	NA	NA	NA	0.922818789871036	0.999370840320332	"No data points have the baseline factor level"	"abundance"	46	2
"Leclercia_adecarboxylata.t__SGB10147"	"Feeding_method"	"Breastfed"	"Feeding_methodBreastfed"	NA	NA	NA	NA	NA	0.565933331089578	0.999370840320332	"No data points have the baseline factor level"	"abundance"	46	2
"Leclercia_adecarboxylata.t__SGB10147"	"Probiotics"	"Yes"	"ProbioticsYes"	NA	NA	NA	NA	NA	0.988276614222497	0.999370840320332	"No data points have the baseline factor level"	"abundance"	46	2
"Leclercia_adecarboxylata.t__SGB10147"	"Read_depth"	"Read_depth"	"Read_depth"	NA	NA	NA	NA	NA	0.754698429605836	0.999370840320332	"No data points have the baseline factor level"	"abundance"	46	2
"Leclercia_adecarboxylata.t__SGB10147"	"Sex"	"Female"	"SexFemale"	NA	NA	NA	NA	NA	0.676335967411001	0.999370840320332	"No data points have the baseline factor level"	"abundance"	46	2
"Leclercia_adecarboxylata.t__SGB10147"	"Termness"	"term"	"Termnessterm"	NA	NA	NA	NA	NA	0.971164594950141	0.999370840320332	"No data points have the baseline factor level"	"abundance"	46	2
"Megasphaera_micronuciformis.t__SGB5868"	"Antibiotics"	"Yes"	"AntibioticsYes"	NA	NA	NA	NA	NA	0.377809207227175	0.999370840320332	"contrasts can be applied only to factors with 2 or more levels"	"abundance"	46	2
"Megasphaera_micronuciformis.t__SGB5868"	"Delivery_mode"	"C-section"	"Delivery_modeC-section"	NA	NA	NA	NA	NA	0.63469984170702	0.999370840320332	"contrasts can be applied only to factors with 2 or more levels"	"abundance"	46	2
"Megasphaera_micronuciformis.t__SGB5868"	"Ethnicity"	"European"	"EthnicityEuropean"	NA	NA	NA	NA	NA	0.818943158863204	0.999370840320332	"contrasts can be applied only to factors with 2 or more levels"	"abundance"	46	2
"Megasphaera_micronuciformis.t__SGB5868"	"Feeding_method"	"Breastfed"	"Feeding_methodBreastfed"	NA	NA	NA	NA	NA	0.358172415917213	0.999370840320332	"contrasts can be applied only to factors with 2 or more levels"	"abundance"	46	2
"Megasphaera_micronuciformis.t__SGB5868"	"Probiotics"	"Yes"	"ProbioticsYes"	NA	NA	NA	NA	NA	0.61072450448591	0.999370840320332	"contrasts can be applied only to factors with 2 or more levels"	"abundance"	46	2
"Megasphaera_micronuciformis.t__SGB5868"	"Read_depth"	"Read_depth"	"Read_depth"	NA	NA	NA	NA	NA	0.557975564084661	0.999370840320332	"contrasts can be applied only to factors with 2 or more levels"	"abundance"	46	2
"Megasphaera_micronuciformis.t__SGB5868"	"Sex"	"Female"	"SexFemale"	NA	NA	NA	NA	NA	0.855655838874162	0.999370840320332	"contrasts can be applied only to factors with 2 or more levels"	"abundance"	46	2
"Megasphaera_micronuciformis.t__SGB5868"	"Termness"	"term"	"Termnessterm"	NA	NA	NA	NA	NA	0.965698144358381	0.999370840320332	"contrasts can be applied only to factors with 2 or more levels"	"abundance"	46	2
"Negativicoccus_succinicivorans.t__SGB5794"	"Antibiotics"	"Yes"	"AntibioticsYes"	NA	NA	NA	NA	NA	0.428680520161623	0.999370840320332	"No data points have the baseline factor level"	"abundance"	46	2
"Negativicoccus_succinicivorans.t__SGB5794"	"Delivery_mode"	"C-section"	"Delivery_modeC-section"	NA	NA	NA	NA	NA	0.538654011623727	0.999370840320332	"No data points have the baseline factor level"	"abundance"	46	2
"Negativicoccus_succinicivorans.t__SGB5794"	"Ethnicity"	"European"	"EthnicityEuropean"	NA	NA	NA	NA	NA	0.679368333023606	0.999370840320332	"No data points have the baseline factor level"	"abundance"	46	2
"Negativicoccus_succinicivorans.t__SGB5794"	"Feeding_method"	"Breastfed"	"Feeding_methodBreastfed"	NA	NA	NA	NA	NA	0.308383811644892	0.999370840320332	"No data points have the baseline factor level"	"abundance"	46	2
"Negativicoccus_succinicivorans.t__SGB5794"	"Probiotics"	"Yes"	"ProbioticsYes"	NA	NA	NA	NA	NA	0.981763522176599	0.999370840320332	"No data points have the baseline factor level"	"abundance"	46	2
"Negativicoccus_succinicivorans.t__SGB5794"	"Read_depth"	"Read_depth"	"Read_depth"	NA	NA	NA	NA	NA	0.987573332472602	0.999370840320332	"No data points have the baseline factor level"	"abundance"	46	2
"Negativicoccus_succinicivorans.t__SGB5794"	"Sex"	"Female"	"SexFemale"	NA	NA	NA	NA	NA	0.779697009081113	0.999370840320332	"No data points have the baseline factor level"	"abundance"	46	2
"Negativicoccus_succinicivorans.t__SGB5794"	"Termness"	"term"	"Termnessterm"	NA	NA	NA	NA	NA	0.699111961712747	0.999370840320332	"No data points have the baseline factor level"	"abundance"	46	2
"Neisseria_subflava.t__SGB9450"	"Antibiotics"	"Yes"	"AntibioticsYes"	NA	NA	NA	NA	NA	0.467667424900551	0.999370840320332	"No data points have the baseline factor level"	"abundance"	46	3
"Neisseria_subflava.t__SGB9450"	"Delivery_mode"	"C-section"	"Delivery_modeC-section"	NA	NA	NA	NA	NA	0.471511607801371	0.999370840320332	"No data points have the baseline factor level"	"abundance"	46	3
"Neisseria_subflava.t__SGB9450"	"Ethnicity"	"European"	"EthnicityEuropean"	NA	NA	NA	NA	NA	0.200462853897601	0.999370840320332	"No data points have the baseline factor level"	"abundance"	46	3
"Neisseria_subflava.t__SGB9450"	"Feeding_method"	"Breastfed"	"Feeding_methodBreastfed"	NA	NA	NA	NA	NA	0.452956470366138	0.999370840320332	"No data points have the baseline factor level"	"abundance"	46	3
"Neisseria_subflava.t__SGB9450"	"Probiotics"	"Yes"	"ProbioticsYes"	NA	NA	NA	NA	NA	0.612609556270753	0.999370840320332	"No data points have the baseline factor level"	"abundance"	46	3
"Neisseria_subflava.t__SGB9450"	"Read_depth"	"Read_depth"	"Read_depth"	NA	NA	NA	NA	NA	0.215625071317607	0.999370840320332	"No data points have the baseline factor level"	"abundance"	46	3
"Neisseria_subflava.t__SGB9450"	"Sex"	"Female"	"SexFemale"	NA	NA	NA	NA	NA	0.506818690115342	0.999370840320332	"No data points have the baseline factor level"	"abundance"	46	3
"Neisseria_subflava.t__SGB9450"	"Termness"	"term"	"Termnessterm"	NA	NA	NA	NA	NA	0.636612338625106	0.999370840320332	"No data points have the baseline factor level"	"abundance"	46	3
"Parabacteroides_distasonis.t__SGB1934"	"Antibiotics"	"Yes"	"AntibioticsYes"	NA	NA	NA	NA	NA	0.654728749883644	0.999370840320332	"No data points have the baseline factor level"	"abundance"	46	3
"Parabacteroides_distasonis.t__SGB1934"	"Delivery_mode"	"C-section"	"Delivery_modeC-section"	NA	NA	NA	NA	NA	0.0563150234851394	0.999370840320332	"No data points have the baseline factor level"	"abundance"	46	3
"Parabacteroides_distasonis.t__SGB1934"	"Ethnicity"	"European"	"EthnicityEuropean"	NA	NA	NA	NA	NA	0.921357959686762	0.999370840320332	"No data points have the baseline factor level"	"abundance"	46	3
"Parabacteroides_distasonis.t__SGB1934"	"Feeding_method"	"Breastfed"	"Feeding_methodBreastfed"	NA	NA	NA	NA	NA	0.35235808602054	0.999370840320332	"No data points have the baseline factor level"	"abundance"	46	3
"Parabacteroides_distasonis.t__SGB1934"	"Probiotics"	"Yes"	"ProbioticsYes"	NA	NA	NA	NA	NA	0.842166216164868	0.999370840320332	"No data points have the baseline factor level"	"abundance"	46	3
"Parabacteroides_distasonis.t__SGB1934"	"Read_depth"	"Read_depth"	"Read_depth"	NA	NA	NA	NA	NA	0.287584752448858	0.999370840320332	"No data points have the baseline factor level"	"abundance"	46	3
"Parabacteroides_distasonis.t__SGB1934"	"Sex"	"Female"	"SexFemale"	NA	NA	NA	NA	NA	0.924325134661282	0.999370840320332	"No data points have the baseline factor level"	"abundance"	46	3
"Parabacteroides_distasonis.t__SGB1934"	"Termness"	"term"	"Termnessterm"	NA	NA	NA	NA	NA	0.920528527955224	0.999370840320332	"No data points have the baseline factor level"	"abundance"	46	3
"Peptoniphilus_gorbachii.t__SGB6699"	"Antibiotics"	"Yes"	"AntibioticsYes"	NA	NA	NA	NA	NA	0.501176620986574	0.999370840320332	"No data points have the baseline factor level"	"abundance"	46	2
"Peptoniphilus_gorbachii.t__SGB6699"	"Delivery_mode"	"C-section"	"Delivery_modeC-section"	NA	NA	NA	NA	NA	0.963829000607297	0.999370840320332	"No data points have the baseline factor level"	"abundance"	46	2
"Peptoniphilus_gorbachii.t__SGB6699"	"Ethnicity"	"European"	"EthnicityEuropean"	NA	NA	NA	NA	NA	0.72162464322436	0.999370840320332	"No data points have the baseline factor level"	"abundance"	46	2
"Peptoniphilus_gorbachii.t__SGB6699"	"Feeding_method"	"Breastfed"	"Feeding_methodBreastfed"	NA	NA	NA	NA	NA	0.396238602993884	0.999370840320332	"No data points have the baseline factor level"	"abundance"	46	2
"Peptoniphilus_gorbachii.t__SGB6699"	"Probiotics"	"Yes"	"ProbioticsYes"	NA	NA	NA	NA	NA	0.516213695027673	0.999370840320332	"No data points have the baseline factor level"	"abundance"	46	2
"Peptoniphilus_gorbachii.t__SGB6699"	"Read_depth"	"Read_depth"	"Read_depth"	NA	NA	NA	NA	NA	0.987660689761508	0.999370840320332	"No data points have the baseline factor level"	"abundance"	46	2
"Peptoniphilus_gorbachii.t__SGB6699"	"Sex"	"Female"	"SexFemale"	NA	NA	NA	NA	NA	0.617418028376958	0.999370840320332	"No data points have the baseline factor level"	"abundance"	46	2
"Peptoniphilus_gorbachii.t__SGB6699"	"Termness"	"term"	"Termnessterm"	NA	NA	NA	NA	NA	0.966484709043897	0.999370840320332	"No data points have the baseline factor level"	"abundance"	46	2
"Peptostreptococcus_anaerobius.t__SGB746"	"Antibiotics"	"Yes"	"AntibioticsYes"	NA	NA	NA	NA	NA	0.954446746698235	0.999370840320332	"No data points have the baseline factor level"	"abundance"	46	2
"Peptostreptococcus_anaerobius.t__SGB746"	"Delivery_mode"	"C-section"	"Delivery_modeC-section"	NA	NA	NA	NA	NA	0.946123362372604	0.999370840320332	"No data points have the baseline factor level"	"abundance"	46	2
"Peptostreptococcus_anaerobius.t__SGB746"	"Ethnicity"	"European"	"EthnicityEuropean"	NA	NA	NA	NA	NA	0.449387895833712	0.999370840320332	"No data points have the baseline factor level"	"abundance"	46	2
"Peptostreptococcus_anaerobius.t__SGB746"	"Feeding_method"	"Breastfed"	"Feeding_methodBreastfed"	NA	NA	NA	NA	NA	0.737209329732524	0.999370840320332	"No data points have the baseline factor level"	"abundance"	46	2
"Peptostreptococcus_anaerobius.t__SGB746"	"Probiotics"	"Yes"	"ProbioticsYes"	NA	NA	NA	NA	NA	0.685946725356988	0.999370840320332	"No data points have the baseline factor level"	"abundance"	46	2
"Peptostreptococcus_anaerobius.t__SGB746"	"Read_depth"	"Read_depth"	"Read_depth"	NA	NA	NA	NA	NA	0.754761519759761	0.999370840320332	"No data points have the baseline factor level"	"abundance"	46	2
"Peptostreptococcus_anaerobius.t__SGB746"	"Sex"	"Female"	"SexFemale"	NA	NA	NA	NA	NA	0.900593065818468	0.999370840320332	"No data points have the baseline factor level"	"abundance"	46	2
"Peptostreptococcus_anaerobius.t__SGB746"	"Termness"	"term"	"Termnessterm"	NA	NA	NA	NA	NA	0.946517323155736	0.999370840320332	"No data points have the baseline factor level"	"abundance"	46	2
"Phocaeicola_dorei.t__SGB1815"	"Antibiotics"	"Yes"	"AntibioticsYes"	NA	NA	NA	NA	NA	0.654728749883644	0.999370840320332	"No data points have the baseline factor level"	"abundance"	46	3
"Phocaeicola_dorei.t__SGB1815"	"Delivery_mode"	"C-section"	"Delivery_modeC-section"	NA	NA	NA	NA	NA	0.0563150234851394	0.999370840320332	"No data points have the baseline factor level"	"abundance"	46	3
"Phocaeicola_dorei.t__SGB1815"	"Ethnicity"	"European"	"EthnicityEuropean"	NA	NA	NA	NA	NA	0.921357959686762	0.999370840320332	"No data points have the baseline factor level"	"abundance"	46	3
"Phocaeicola_dorei.t__SGB1815"	"Feeding_method"	"Breastfed"	"Feeding_methodBreastfed"	NA	NA	NA	NA	NA	0.35235808602054	0.999370840320332	"No data points have the baseline factor level"	"abundance"	46	3
"Phocaeicola_dorei.t__SGB1815"	"Probiotics"	"Yes"	"ProbioticsYes"	NA	NA	NA	NA	NA	0.842166216164868	0.999370840320332	"No data points have the baseline factor level"	"abundance"	46	3
"Phocaeicola_dorei.t__SGB1815"	"Read_depth"	"Read_depth"	"Read_depth"	NA	NA	NA	NA	NA	0.287584752448858	0.999370840320332	"No data points have the baseline factor level"	"abundance"	46	3
"Phocaeicola_dorei.t__SGB1815"	"Sex"	"Female"	"SexFemale"	NA	NA	NA	NA	NA	0.924325134661282	0.999370840320332	"No data points have the baseline factor level"	"abundance"	46	3
"Phocaeicola_dorei.t__SGB1815"	"Termness"	"term"	"Termnessterm"	NA	NA	NA	NA	NA	0.920528527955224	0.999370840320332	"No data points have the baseline factor level"	"abundance"	46	3
"Phytobacter_diazotrophicus.t__SGB10057"	"Antibiotics"	"Yes"	"AntibioticsYes"	NA	NA	NA	NA	NA	0.737274702149996	0.999370840320332	"No data points have the baseline factor level"	"abundance"	46	2
"Phytobacter_diazotrophicus.t__SGB10057"	"Delivery_mode"	"C-section"	"Delivery_modeC-section"	NA	NA	NA	NA	NA	0.479204811472466	0.999370840320332	"No data points have the baseline factor level"	"abundance"	46	2
"Phytobacter_diazotrophicus.t__SGB10057"	"Ethnicity"	"European"	"EthnicityEuropean"	NA	NA	NA	NA	NA	0.886777763369381	0.999370840320332	"No data points have the baseline factor level"	"abundance"	46	2
"Phytobacter_diazotrophicus.t__SGB10057"	"Feeding_method"	"Breastfed"	"Feeding_methodBreastfed"	NA	NA	NA	NA	NA	0.974673968446852	0.999370840320332	"No data points have the baseline factor level"	"abundance"	46	2
"Phytobacter_diazotrophicus.t__SGB10057"	"Probiotics"	"Yes"	"ProbioticsYes"	NA	NA	NA	NA	NA	0.865271842519277	0.999370840320332	"No data points have the baseline factor level"	"abundance"	46	2
"Phytobacter_diazotrophicus.t__SGB10057"	"Read_depth"	"Read_depth"	"Read_depth"	NA	NA	NA	NA	NA	0.914838522827875	0.999370840320332	"No data points have the baseline factor level"	"abundance"	46	2
"Phytobacter_diazotrophicus.t__SGB10057"	"Sex"	"Female"	"SexFemale"	NA	NA	NA	NA	NA	0.448588054650828	0.999370840320332	"No data points have the baseline factor level"	"abundance"	46	2
"Phytobacter_diazotrophicus.t__SGB10057"	"Termness"	"term"	"Termnessterm"	NA	NA	NA	NA	NA	0.662972844259433	0.999370840320332	"No data points have the baseline factor level"	"abundance"	46	2
"Prevotella_bivia.t__SGB1557"	"Antibiotics"	"Yes"	"AntibioticsYes"	NA	NA	NA	NA	NA	0.461091727592107	0.999370840320332	"No data points have the baseline factor level"	"abundance"	46	2
"Prevotella_bivia.t__SGB1557"	"Delivery_mode"	"C-section"	"Delivery_modeC-section"	NA	NA	NA	NA	NA	0.841210325541484	0.999370840320332	"No data points have the baseline factor level"	"abundance"	46	2
"Prevotella_bivia.t__SGB1557"	"Ethnicity"	"European"	"EthnicityEuropean"	NA	NA	NA	NA	NA	0.550427437729394	0.999370840320332	"No data points have the baseline factor level"	"abundance"	46	2
"Prevotella_bivia.t__SGB1557"	"Feeding_method"	"Breastfed"	"Feeding_methodBreastfed"	NA	NA	NA	NA	NA	0.522012846775343	0.999370840320332	"No data points have the baseline factor level"	"abundance"	46	2
"Prevotella_bivia.t__SGB1557"	"Probiotics"	"Yes"	"ProbioticsYes"	NA	NA	NA	NA	NA	0.987870563209046	0.999370840320332	"No data points have the baseline factor level"	"abundance"	46	2
"Prevotella_bivia.t__SGB1557"	"Read_depth"	"Read_depth"	"Read_depth"	NA	NA	NA	NA	NA	0.702826959500671	0.999370840320332	"No data points have the baseline factor level"	"abundance"	46	2
"Prevotella_bivia.t__SGB1557"	"Sex"	"Female"	"SexFemale"	NA	NA	NA	NA	NA	0.737663302409402	0.999370840320332	"No data points have the baseline factor level"	"abundance"	46	2
"Prevotella_bivia.t__SGB1557"	"Termness"	"term"	"Termnessterm"	NA	NA	NA	NA	NA	0.911581374645187	0.999370840320332	"No data points have the baseline factor level"	"abundance"	46	2
"Proteus_mirabilis.t__SGB9992"	"Antibiotics"	"Yes"	"AntibioticsYes"	NA	NA	NA	NA	NA	0.571322874929247	0.999370840320332	"No data points have the baseline factor level"	"abundance"	46	3
"Proteus_mirabilis.t__SGB9992"	"Delivery_mode"	"C-section"	"Delivery_modeC-section"	NA	NA	NA	NA	NA	0.961670710467417	0.999370840320332	"No data points have the baseline factor level"	"abundance"	46	3
"Proteus_mirabilis.t__SGB9992"	"Ethnicity"	"European"	"EthnicityEuropean"	NA	NA	NA	NA	NA	0.89055048247866	0.999370840320332	"No data points have the baseline factor level"	"abundance"	46	3
"Proteus_mirabilis.t__SGB9992"	"Feeding_method"	"Breastfed"	"Feeding_methodBreastfed"	NA	NA	NA	NA	NA	0.523897210646852	0.999370840320332	"No data points have the baseline factor level"	"abundance"	46	3
"Proteus_mirabilis.t__SGB9992"	"Probiotics"	"Yes"	"ProbioticsYes"	NA	NA	NA	NA	NA	0.311671830534481	0.999370840320332	"No data points have the baseline factor level"	"abundance"	46	3
"Proteus_mirabilis.t__SGB9992"	"Read_depth"	"Read_depth"	"Read_depth"	NA	NA	NA	NA	NA	0.979323581902357	0.999370840320332	"No data points have the baseline factor level"	"abundance"	46	3
"Proteus_mirabilis.t__SGB9992"	"Sex"	"Female"	"SexFemale"	NA	NA	NA	NA	NA	0.869067996717538	0.999370840320332	"No data points have the baseline factor level"	"abundance"	46	3
"Proteus_mirabilis.t__SGB9992"	"Termness"	"term"	"Termnessterm"	NA	NA	NA	NA	NA	0.0833422514345821	0.999370840320332	"No data points have the baseline factor level"	"abundance"	46	3
"Raoultella_ornithinolytica.t__SGB10124"	"Antibiotics"	"Yes"	"AntibioticsYes"	NA	NA	NA	NA	NA	0.167722840162698	0.999370840320332	"contrasts can be applied only to factors with 2 or more levels"	"abundance"	46	7
"Raoultella_ornithinolytica.t__SGB10124"	"Delivery_mode"	"C-section"	"Delivery_modeC-section"	NA	NA	NA	NA	NA	0.414944005906806	0.999370840320332	"contrasts can be applied only to factors with 2 or more levels"	"abundance"	46	7
"Raoultella_ornithinolytica.t__SGB10124"	"Ethnicity"	"European"	"EthnicityEuropean"	NA	NA	NA	NA	NA	0.573492964354174	0.999370840320332	"contrasts can be applied only to factors with 2 or more levels"	"abundance"	46	7
"Raoultella_ornithinolytica.t__SGB10124"	"Feeding_method"	"Breastfed"	"Feeding_methodBreastfed"	NA	NA	NA	NA	NA	0.0605339707079957	0.999370840320332	"contrasts can be applied only to factors with 2 or more levels"	"abundance"	46	7
"Raoultella_ornithinolytica.t__SGB10124"	"Probiotics"	"Yes"	"ProbioticsYes"	NA	NA	NA	NA	NA	0.844401863426717	0.999370840320332	"contrasts can be applied only to factors with 2 or more levels"	"abundance"	46	7
"Raoultella_ornithinolytica.t__SGB10124"	"Read_depth"	"Read_depth"	"Read_depth"	NA	NA	NA	NA	NA	0.633427166424696	0.999370840320332	"contrasts can be applied only to factors with 2 or more levels"	"abundance"	46	7
"Raoultella_ornithinolytica.t__SGB10124"	"Sex"	"Female"	"SexFemale"	NA	NA	NA	NA	NA	0.791668276783635	0.999370840320332	"contrasts can be applied only to factors with 2 or more levels"	"abundance"	46	7
"Raoultella_ornithinolytica.t__SGB10124"	"Termness"	"term"	"Termnessterm"	NA	NA	NA	NA	NA	0.882277723902012	0.999370840320332	"contrasts can be applied only to factors with 2 or more levels"	"abundance"	46	7
"Rothia_mucilaginosa.t__SGB16971_group"	"Antibiotics"	"Yes"	"AntibioticsYes"	NA	NA	NA	NA	NA	0.863757402627418	0.999370840320332	"No data points have the baseline factor level"	"abundance"	46	9
"Rothia_mucilaginosa.t__SGB16971_group"	"Delivery_mode"	"C-section"	"Delivery_modeC-section"	NA	NA	NA	NA	NA	0.526139688030958	0.999370840320332	"No data points have the baseline factor level"	"abundance"	46	9
"Rothia_mucilaginosa.t__SGB16971_group"	"Ethnicity"	"European"	"EthnicityEuropean"	NA	NA	NA	NA	NA	0.986088828404738	0.999370840320332	"No data points have the baseline factor level"	"abundance"	46	9
"Rothia_mucilaginosa.t__SGB16971_group"	"Feeding_method"	"Breastfed"	"Feeding_methodBreastfed"	NA	NA	NA	NA	NA	0.344039990928159	0.999370840320332	"No data points have the baseline factor level"	"abundance"	46	9
"Rothia_mucilaginosa.t__SGB16971_group"	"Probiotics"	"Yes"	"ProbioticsYes"	NA	NA	NA	NA	NA	0.817109774462293	0.999370840320332	"No data points have the baseline factor level"	"abundance"	46	9
"Rothia_mucilaginosa.t__SGB16971_group"	"Read_depth"	"Read_depth"	"Read_depth"	NA	NA	NA	NA	NA	0.808429106242652	0.999370840320332	"No data points have the baseline factor level"	"abundance"	46	9
"Rothia_mucilaginosa.t__SGB16971_group"	"Sex"	"Female"	"SexFemale"	NA	NA	NA	NA	NA	0.154285613683427	0.999370840320332	"No data points have the baseline factor level"	"abundance"	46	9
"Rothia_mucilaginosa.t__SGB16971_group"	"Termness"	"term"	"Termnessterm"	NA	NA	NA	NA	NA	0.338602292618076	0.999370840320332	"No data points have the baseline factor level"	"abundance"	46	9
"Rothia_mucilaginosa.t__SGB16985"	"Antibiotics"	"Yes"	"AntibioticsYes"	NA	NA	NA	NA	NA	0.824428693540903	0.999370840320332	"contrasts can be applied only to factors with 2 or more levels"	"abundance"	46	4
"Rothia_mucilaginosa.t__SGB16985"	"Delivery_mode"	"C-section"	"Delivery_modeC-section"	NA	NA	NA	NA	NA	0.901992997036061	0.999370840320332	"contrasts can be applied only to factors with 2 or more levels"	"abundance"	46	4
"Rothia_mucilaginosa.t__SGB16985"	"Ethnicity"	"European"	"EthnicityEuropean"	NA	NA	NA	NA	NA	0.513805575712833	0.999370840320332	"contrasts can be applied only to factors with 2 or more levels"	"abundance"	46	4
"Rothia_mucilaginosa.t__SGB16985"	"Feeding_method"	"Breastfed"	"Feeding_methodBreastfed"	NA	NA	NA	NA	NA	0.904828138314114	0.999370840320332	"contrasts can be applied only to factors with 2 or more levels"	"abundance"	46	4
"Rothia_mucilaginosa.t__SGB16985"	"Probiotics"	"Yes"	"ProbioticsYes"	NA	NA	NA	NA	NA	0.322179657387278	0.999370840320332	"contrasts can be applied only to factors with 2 or more levels"	"abundance"	46	4
"Rothia_mucilaginosa.t__SGB16985"	"Read_depth"	"Read_depth"	"Read_depth"	NA	NA	NA	NA	NA	0.305648395546624	0.999370840320332	"contrasts can be applied only to factors with 2 or more levels"	"abundance"	46	4
"Rothia_mucilaginosa.t__SGB16985"	"Sex"	"Female"	"SexFemale"	NA	NA	NA	NA	NA	0.415515774240183	0.999370840320332	"contrasts can be applied only to factors with 2 or more levels"	"abundance"	46	4
"Rothia_mucilaginosa.t__SGB16985"	"Termness"	"term"	"Termnessterm"	NA	NA	NA	NA	NA	0.0954363162412155	0.999370840320332	"contrasts can be applied only to factors with 2 or more levels"	"abundance"	46	4
"Rothia_mucilaginosa.t__SGB16986"	"Antibiotics"	"Yes"	"AntibioticsYes"	NA	NA	NA	NA	NA	0.87056971596781	0.999370840320332	"No data points have the baseline factor level"	"abundance"	46	2
"Rothia_mucilaginosa.t__SGB16986"	"Delivery_mode"	"C-section"	"Delivery_modeC-section"	NA	NA	NA	NA	NA	0.710969693200644	0.999370840320332	"No data points have the baseline factor level"	"abundance"	46	2
"Rothia_mucilaginosa.t__SGB16986"	"Ethnicity"	"European"	"EthnicityEuropean"	NA	NA	NA	NA	NA	0.544531607920024	0.999370840320332	"No data points have the baseline factor level"	"abundance"	46	2
"Rothia_mucilaginosa.t__SGB16986"	"Feeding_method"	"Breastfed"	"Feeding_methodBreastfed"	NA	NA	NA	NA	NA	0.549724055134299	0.999370840320332	"No data points have the baseline factor level"	"abundance"	46	2
"Rothia_mucilaginosa.t__SGB16986"	"Probiotics"	"Yes"	"ProbioticsYes"	NA	NA	NA	NA	NA	0.922059056477756	0.999370840320332	"No data points have the baseline factor level"	"abundance"	46	2
"Rothia_mucilaginosa.t__SGB16986"	"Read_depth"	"Read_depth"	"Read_depth"	NA	NA	NA	NA	NA	0.554339517915242	0.999370840320332	"No data points have the baseline factor level"	"abundance"	46	2
"Rothia_mucilaginosa.t__SGB16986"	"Sex"	"Female"	"SexFemale"	NA	NA	NA	NA	NA	0.83550750980807	0.999370840320332	"No data points have the baseline factor level"	"abundance"	46	2
"Rothia_mucilaginosa.t__SGB16986"	"Termness"	"term"	"Termnessterm"	NA	NA	NA	NA	NA	0.616325113835071	0.999370840320332	"No data points have the baseline factor level"	"abundance"	46	2
"Scardovia_wiggsiae.t__SGB15494"	"Antibiotics"	"Yes"	"AntibioticsYes"	NA	NA	NA	NA	NA	0.896431018631116	0.999370840320332	"contrasts can be applied only to factors with 2 or more levels"	"abundance"	46	5
"Scardovia_wiggsiae.t__SGB15494"	"Delivery_mode"	"C-section"	"Delivery_modeC-section"	NA	NA	NA	NA	NA	0.766360533982024	0.999370840320332	"contrasts can be applied only to factors with 2 or more levels"	"abundance"	46	5
"Scardovia_wiggsiae.t__SGB15494"	"Ethnicity"	"European"	"EthnicityEuropean"	NA	NA	NA	NA	NA	0.612571549060098	0.999370840320332	"contrasts can be applied only to factors with 2 or more levels"	"abundance"	46	5
"Scardovia_wiggsiae.t__SGB15494"	"Feeding_method"	"Breastfed"	"Feeding_methodBreastfed"	NA	NA	NA	NA	NA	0.376633456097688	0.999370840320332	"contrasts can be applied only to factors with 2 or more levels"	"abundance"	46	5
"Scardovia_wiggsiae.t__SGB15494"	"Probiotics"	"Yes"	"ProbioticsYes"	NA	NA	NA	NA	NA	0.45139180797128	0.999370840320332	"contrasts can be applied only to factors with 2 or more levels"	"abundance"	46	5
"Scardovia_wiggsiae.t__SGB15494"	"Read_depth"	"Read_depth"	"Read_depth"	NA	NA	NA	NA	NA	0.676578001086194	0.999370840320332	"contrasts can be applied only to factors with 2 or more levels"	"abundance"	46	5
"Scardovia_wiggsiae.t__SGB15494"	"Sex"	"Female"	"SexFemale"	NA	NA	NA	NA	NA	0.680088875048776	0.999370840320332	"contrasts can be applied only to factors with 2 or more levels"	"abundance"	46	5
"Scardovia_wiggsiae.t__SGB15494"	"Termness"	"term"	"Termnessterm"	NA	NA	NA	NA	NA	0.928452739718268	0.999370840320332	"contrasts can be applied only to factors with 2 or more levels"	"abundance"	46	5
"Serratia_marcescens.t__SGB10251"	"Antibiotics"	"Yes"	"AntibioticsYes"	NA	NA	NA	NA	NA	0.754512939867593	0.999370840320332	"No data points have the baseline factor level"	"abundance"	46	3
"Serratia_marcescens.t__SGB10251"	"Delivery_mode"	"C-section"	"Delivery_modeC-section"	NA	NA	NA	NA	NA	0.530277314380043	0.999370840320332	"No data points have the baseline factor level"	"abundance"	46	3
"Serratia_marcescens.t__SGB10251"	"Ethnicity"	"European"	"EthnicityEuropean"	NA	NA	NA	NA	NA	0.148000496727296	0.999370840320332	"No data points have the baseline factor level"	"abundance"	46	3
"Serratia_marcescens.t__SGB10251"	"Feeding_method"	"Breastfed"	"Feeding_methodBreastfed"	NA	NA	NA	NA	NA	0.808142620836614	0.999370840320332	"No data points have the baseline factor level"	"abundance"	46	3
"Serratia_marcescens.t__SGB10251"	"Probiotics"	"Yes"	"ProbioticsYes"	NA	NA	NA	NA	NA	0.380449489113124	0.999370840320332	"No data points have the baseline factor level"	"abundance"	46	3
"Serratia_marcescens.t__SGB10251"	"Read_depth"	"Read_depth"	"Read_depth"	NA	NA	NA	NA	NA	0.681448766538297	0.999370840320332	"No data points have the baseline factor level"	"abundance"	46	3
"Serratia_marcescens.t__SGB10251"	"Sex"	"Female"	"SexFemale"	NA	NA	NA	NA	NA	0.929086348532251	0.999370840320332	"No data points have the baseline factor level"	"abundance"	46	3
"Serratia_marcescens.t__SGB10251"	"Termness"	"term"	"Termnessterm"	NA	NA	NA	NA	NA	0.944676669575289	0.999370840320332	"No data points have the baseline factor level"	"abundance"	46	3
"Staphylococcus_haemolyticus.t__SGB7861"	"Antibiotics"	"Yes"	"AntibioticsYes"	NA	NA	NA	NA	NA	0.580499623906389	0.999370840320332	"Fitting error (NA p-value returned from fitting procedure)"	"abundance"	46	5
"Staphylococcus_haemolyticus.t__SGB7861"	"Delivery_mode"	"C-section"	"Delivery_modeC-section"	NA	NA	NA	NA	NA	0.829454189447934	0.999370840320332	"Fitting error (NA p-value returned from fitting procedure)"	"abundance"	46	5
"Staphylococcus_haemolyticus.t__SGB7861"	"Ethnicity"	"European"	"EthnicityEuropean"	-1.50661780015374	NA	NA	NA	NA	0.678711635909249	0.999370840320332	"Fitting error (NA p-value returned from fitting procedure)"	"abundance"	46	5
"Staphylococcus_haemolyticus.t__SGB7861"	"Feeding_method"	"Breastfed"	"Feeding_methodBreastfed"	2.1105485904342	NA	NA	NA	NA	0.29485060319248	0.999370840320332	"Fitting error (NA p-value returned from fitting procedure)"	"abundance"	46	5
"Staphylococcus_haemolyticus.t__SGB7861"	"Probiotics"	"Yes"	"ProbioticsYes"	NA	NA	NA	NA	NA	0.40508368433891	0.999370840320332	"Fitting error (NA p-value returned from fitting procedure)"	"abundance"	46	5
"Staphylococcus_haemolyticus.t__SGB7861"	"Read_depth"	"Read_depth"	"Read_depth"	NA	NA	NA	NA	NA	0.701377647828427	0.999370840320332	"Fitting error (NA p-value returned from fitting procedure)"	"abundance"	46	5
"Staphylococcus_haemolyticus.t__SGB7861"	"Sex"	"Female"	"SexFemale"	-0.777950690970061	NA	NA	NA	NA	0.505588950295712	0.999370840320332	"Fitting error (NA p-value returned from fitting procedure)"	"abundance"	46	5
"Staphylococcus_haemolyticus.t__SGB7861"	"Termness"	"term"	"Termnessterm"	-2.22709407998368	NA	NA	NA	NA	0.634501366664755	0.999370840320332	"Fitting error (NA p-value returned from fitting procedure)"	"abundance"	46	5
"Staphylococcus_hominis.t__SGB7858"	"Antibiotics"	"Yes"	"AntibioticsYes"	NA	NA	NA	NA	NA	0.447057994806446	0.999370840320332	"contrasts can be applied only to factors with 2 or more levels"	"abundance"	46	13
"Staphylococcus_hominis.t__SGB7858"	"Delivery_mode"	"C-section"	"Delivery_modeC-section"	NA	NA	NA	NA	NA	0.207470765653462	0.999370840320332	"contrasts can be applied only to factors with 2 or more levels"	"abundance"	46	13
"Staphylococcus_hominis.t__SGB7858"	"Ethnicity"	"European"	"EthnicityEuropean"	NA	NA	NA	NA	NA	0.969620985061942	0.999370840320332	"contrasts can be applied only to factors with 2 or more levels"	"abundance"	46	13
"Staphylococcus_hominis.t__SGB7858"	"Feeding_method"	"Breastfed"	"Feeding_methodBreastfed"	NA	NA	NA	NA	NA	0.49976256378184	0.999370840320332	"contrasts can be applied only to factors with 2 or more levels"	"abundance"	46	13
"Staphylococcus_hominis.t__SGB7858"	"Probiotics"	"Yes"	"ProbioticsYes"	NA	NA	NA	NA	NA	0.6289307290576	0.999370840320332	"contrasts can be applied only to factors with 2 or more levels"	"abundance"	46	13
"Staphylococcus_hominis.t__SGB7858"	"Read_depth"	"Read_depth"	"Read_depth"	NA	NA	NA	NA	NA	0.72849780021426	0.999370840320332	"contrasts can be applied only to factors with 2 or more levels"	"abundance"	46	13
"Staphylococcus_hominis.t__SGB7858"	"Sex"	"Female"	"SexFemale"	NA	NA	NA	NA	NA	0.996304121536732	0.999370840320332	"contrasts can be applied only to factors with 2 or more levels"	"abundance"	46	13
"Staphylococcus_hominis.t__SGB7858"	"Termness"	"term"	"Termnessterm"	NA	NA	NA	NA	NA	0.200481554716733	0.999370840320332	"contrasts can be applied only to factors with 2 or more levels"	"abundance"	46	13
"Staphylococcus_lugdunensis.t__SGB7850"	"Antibiotics"	"Yes"	"AntibioticsYes"	NA	NA	NA	NA	NA	0.0756211658217163	0.999370840320332	"contrasts can be applied only to factors with 2 or more levels"	"abundance"	46	9
"Staphylococcus_lugdunensis.t__SGB7850"	"Delivery_mode"	"C-section"	"Delivery_modeC-section"	NA	NA	NA	NA	NA	0.180860450240006	0.999370840320332	"contrasts can be applied only to factors with 2 or more levels"	"abundance"	46	9
"Staphylococcus_lugdunensis.t__SGB7850"	"Ethnicity"	"European"	"EthnicityEuropean"	NA	NA	NA	NA	NA	0.520050360042294	0.999370840320332	"contrasts can be applied only to factors with 2 or more levels"	"abundance"	46	9
"Staphylococcus_lugdunensis.t__SGB7850"	"Feeding_method"	"Breastfed"	"Feeding_methodBreastfed"	NA	NA	NA	NA	NA	0.497455401103392	0.999370840320332	"contrasts can be applied only to factors with 2 or more levels"	"abundance"	46	9
"Staphylococcus_lugdunensis.t__SGB7850"	"Probiotics"	"Yes"	"ProbioticsYes"	NA	NA	NA	NA	NA	0.64953329891704	0.999370840320332	"contrasts can be applied only to factors with 2 or more levels"	"abundance"	46	9
"Staphylococcus_lugdunensis.t__SGB7850"	"Read_depth"	"Read_depth"	"Read_depth"	NA	NA	NA	NA	NA	0.853363639031237	0.999370840320332	"contrasts can be applied only to factors with 2 or more levels"	"abundance"	46	9
"Staphylococcus_lugdunensis.t__SGB7850"	"Sex"	"Female"	"SexFemale"	NA	NA	NA	NA	NA	0.127951914530698	0.999370840320332	"contrasts can be applied only to factors with 2 or more levels"	"abundance"	46	9
"Staphylococcus_lugdunensis.t__SGB7850"	"Termness"	"term"	"Termnessterm"	NA	NA	NA	NA	NA	0.907394056239076	0.999370840320332	"contrasts can be applied only to factors with 2 or more levels"	"abundance"	46	9
"Stenotrophomonas_maltophilia.t__SGB12459"	"Antibiotics"	"Yes"	"AntibioticsYes"	NA	NA	NA	NA	NA	0.253473875044602	0.999370840320332	"No data points have the baseline factor level"	"abundance"	46	4
"Stenotrophomonas_maltophilia.t__SGB12459"	"Delivery_mode"	"C-section"	"Delivery_modeC-section"	NA	NA	NA	NA	NA	0.632826001492071	0.999370840320332	"No data points have the baseline factor level"	"abundance"	46	4
"Stenotrophomonas_maltophilia.t__SGB12459"	"Ethnicity"	"European"	"EthnicityEuropean"	NA	NA	NA	NA	NA	0.885103223372479	0.999370840320332	"No data points have the baseline factor level"	"abundance"	46	4
"Stenotrophomonas_maltophilia.t__SGB12459"	"Feeding_method"	"Breastfed"	"Feeding_methodBreastfed"	NA	NA	NA	NA	NA	0.324036718915687	0.999370840320332	"No data points have the baseline factor level"	"abundance"	46	4
"Stenotrophomonas_maltophilia.t__SGB12459"	"Probiotics"	"Yes"	"ProbioticsYes"	NA	NA	NA	NA	NA	0.992862888846129	0.999370840320332	"No data points have the baseline factor level"	"abundance"	46	4
"Stenotrophomonas_maltophilia.t__SGB12459"	"Read_depth"	"Read_depth"	"Read_depth"	NA	NA	NA	NA	NA	0.97087797060556	0.999370840320332	"No data points have the baseline factor level"	"abundance"	46	4
"Stenotrophomonas_maltophilia.t__SGB12459"	"Sex"	"Female"	"SexFemale"	NA	NA	NA	NA	NA	0.495670488345087	0.999370840320332	"No data points have the baseline factor level"	"abundance"	46	4
"Stenotrophomonas_maltophilia.t__SGB12459"	"Termness"	"term"	"Termnessterm"	NA	NA	NA	NA	NA	0.964153209176694	0.999370840320332	"No data points have the baseline factor level"	"abundance"	46	4
"Streptococcus_infantis.t__SGB8095"	"Antibiotics"	"Yes"	"AntibioticsYes"	NA	NA	NA	NA	NA	0.725093312751199	0.999370840320332	"No data points have the baseline factor level"	"abundance"	46	2
"Streptococcus_infantis.t__SGB8095"	"Delivery_mode"	"C-section"	"Delivery_modeC-section"	NA	NA	NA	NA	NA	0.179036021327042	0.999370840320332	"No data points have the baseline factor level"	"abundance"	46	2
"Streptococcus_infantis.t__SGB8095"	"Ethnicity"	"European"	"EthnicityEuropean"	NA	NA	NA	NA	NA	0.626640254328737	0.999370840320332	"No data points have the baseline factor level"	"abundance"	46	2
"Streptococcus_infantis.t__SGB8095"	"Feeding_method"	"Breastfed"	"Feeding_methodBreastfed"	NA	NA	NA	NA	NA	0.892579413945561	0.999370840320332	"No data points have the baseline factor level"	"abundance"	46	2
"Streptococcus_infantis.t__SGB8095"	"Probiotics"	"Yes"	"ProbioticsYes"	NA	NA	NA	NA	NA	0.989774501959596	0.999370840320332	"No data points have the baseline factor level"	"abundance"	46	2
"Streptococcus_infantis.t__SGB8095"	"Read_depth"	"Read_depth"	"Read_depth"	NA	NA	NA	NA	NA	0.753658061364782	0.999370840320332	"No data points have the baseline factor level"	"abundance"	46	2
"Streptococcus_infantis.t__SGB8095"	"Sex"	"Female"	"SexFemale"	NA	NA	NA	NA	NA	0.810097007546153	0.999370840320332	"No data points have the baseline factor level"	"abundance"	46	2
"Streptococcus_infantis.t__SGB8095"	"Termness"	"term"	"Termnessterm"	NA	NA	NA	NA	NA	0.92115338119939	0.999370840320332	"No data points have the baseline factor level"	"abundance"	46	2
"Streptococcus_mitis.t__SGB8168"	"Antibiotics"	"Yes"	"AntibioticsYes"	NA	NA	NA	NA	NA	0.719572649384573	0.999370840320332	"No data points have the baseline factor level"	"abundance"	46	9
"Streptococcus_mitis.t__SGB8168"	"Delivery_mode"	"C-section"	"Delivery_modeC-section"	NA	NA	NA	NA	NA	0.251464643118904	0.999370840320332	"No data points have the baseline factor level"	"abundance"	46	9
"Streptococcus_mitis.t__SGB8168"	"Ethnicity"	"European"	"EthnicityEuropean"	NA	NA	NA	NA	NA	0.947993353209848	0.999370840320332	"No data points have the baseline factor level"	"abundance"	46	9
"Streptococcus_mitis.t__SGB8168"	"Feeding_method"	"Breastfed"	"Feeding_methodBreastfed"	NA	NA	NA	NA	NA	0.859392251627755	0.999370840320332	"No data points have the baseline factor level"	"abundance"	46	9
"Streptococcus_mitis.t__SGB8168"	"Probiotics"	"Yes"	"ProbioticsYes"	NA	NA	NA	NA	NA	0.885664359989721	0.999370840320332	"No data points have the baseline factor level"	"abundance"	46	9
"Streptococcus_mitis.t__SGB8168"	"Read_depth"	"Read_depth"	"Read_depth"	NA	NA	NA	NA	NA	0.853472807500445	0.999370840320332	"No data points have the baseline factor level"	"abundance"	46	9
"Streptococcus_mitis.t__SGB8168"	"Sex"	"Female"	"SexFemale"	NA	NA	NA	NA	NA	0.449009949118073	0.999370840320332	"No data points have the baseline factor level"	"abundance"	46	9
"Streptococcus_mitis.t__SGB8168"	"Termness"	"term"	"Termnessterm"	NA	NA	NA	NA	NA	0.283950910575779	0.999370840320332	"No data points have the baseline factor level"	"abundance"	46	9
"Streptococcus_mitis.t__SGB8180_group"	"Antibiotics"	"Yes"	"AntibioticsYes"	NA	NA	NA	NA	NA	0.881992010389022	0.999370840320332	"No data points have the baseline factor level"	"abundance"	46	3
"Streptococcus_mitis.t__SGB8180_group"	"Delivery_mode"	"C-section"	"Delivery_modeC-section"	NA	NA	NA	NA	NA	0.699139381478528	0.999370840320332	"No data points have the baseline factor level"	"abundance"	46	3
"Streptococcus_mitis.t__SGB8180_group"	"Ethnicity"	"European"	"EthnicityEuropean"	NA	NA	NA	NA	NA	0.427896663529355	0.999370840320332	"No data points have the baseline factor level"	"abundance"	46	3
"Streptococcus_mitis.t__SGB8180_group"	"Feeding_method"	"Breastfed"	"Feeding_methodBreastfed"	NA	NA	NA	NA	NA	0.917660208266137	0.999370840320332	"No data points have the baseline factor level"	"abundance"	46	3
"Streptococcus_mitis.t__SGB8180_group"	"Probiotics"	"Yes"	"ProbioticsYes"	NA	NA	NA	NA	NA	0.84283314010496	0.999370840320332	"No data points have the baseline factor level"	"abundance"	46	3
"Streptococcus_mitis.t__SGB8180_group"	"Read_depth"	"Read_depth"	"Read_depth"	NA	NA	NA	NA	NA	0.605341421480629	0.999370840320332	"No data points have the baseline factor level"	"abundance"	46	3
"Streptococcus_mitis.t__SGB8180_group"	"Sex"	"Female"	"SexFemale"	NA	NA	NA	NA	NA	0.674627181903066	0.999370840320332	"No data points have the baseline factor level"	"abundance"	46	3
"Streptococcus_mitis.t__SGB8180_group"	"Termness"	"term"	"Termnessterm"	NA	NA	NA	NA	NA	0.640707089339156	0.999370840320332	"No data points have the baseline factor level"	"abundance"	46	3
"Streptococcus_parasanguinis.t__SGB8071"	"Antibiotics"	"Yes"	"AntibioticsYes"	NA	NA	NA	NA	NA	0.87208513235003	0.999370840320332	"contrasts can be applied only to factors with 2 or more levels"	"abundance"	46	12
"Streptococcus_parasanguinis.t__SGB8071"	"Delivery_mode"	"C-section"	"Delivery_modeC-section"	NA	NA	NA	NA	NA	0.404143838459095	0.999370840320332	"contrasts can be applied only to factors with 2 or more levels"	"abundance"	46	12
"Streptococcus_parasanguinis.t__SGB8071"	"Ethnicity"	"European"	"EthnicityEuropean"	NA	NA	NA	NA	NA	0.830405943410712	0.999370840320332	"contrasts can be applied only to factors with 2 or more levels"	"abundance"	46	12
"Streptococcus_parasanguinis.t__SGB8071"	"Feeding_method"	"Breastfed"	"Feeding_methodBreastfed"	NA	NA	NA	NA	NA	0.282125075704845	0.999370840320332	"contrasts can be applied only to factors with 2 or more levels"	"abundance"	46	12
"Streptococcus_parasanguinis.t__SGB8071"	"Probiotics"	"Yes"	"ProbioticsYes"	NA	NA	NA	NA	NA	0.305568639129774	0.999370840320332	"contrasts can be applied only to factors with 2 or more levels"	"abundance"	46	12
"Streptococcus_parasanguinis.t__SGB8071"	"Read_depth"	"Read_depth"	"Read_depth"	NA	NA	NA	NA	NA	0.64873720356552	0.999370840320332	"contrasts can be applied only to factors with 2 or more levels"	"abundance"	46	12
"Streptococcus_parasanguinis.t__SGB8071"	"Sex"	"Female"	"SexFemale"	NA	NA	NA	NA	NA	0.693302006631971	0.999370840320332	"contrasts can be applied only to factors with 2 or more levels"	"abundance"	46	12
"Streptococcus_parasanguinis.t__SGB8071"	"Termness"	"term"	"Termnessterm"	NA	NA	NA	NA	NA	0.31807693040817	0.999370840320332	"contrasts can be applied only to factors with 2 or more levels"	"abundance"	46	12
"Streptococcus_pasteurianus.t__SGB8018"	"Antibiotics"	"Yes"	"AntibioticsYes"	NA	NA	NA	NA	NA	0.253473875044602	0.999370840320332	"No data points have the baseline factor level"	"abundance"	46	4
"Streptococcus_pasteurianus.t__SGB8018"	"Delivery_mode"	"C-section"	"Delivery_modeC-section"	NA	NA	NA	NA	NA	0.632826001492071	0.999370840320332	"No data points have the baseline factor level"	"abundance"	46	4
"Streptococcus_pasteurianus.t__SGB8018"	"Ethnicity"	"European"	"EthnicityEuropean"	NA	NA	NA	NA	NA	0.885103223372479	0.999370840320332	"No data points have the baseline factor level"	"abundance"	46	4
"Streptococcus_pasteurianus.t__SGB8018"	"Feeding_method"	"Breastfed"	"Feeding_methodBreastfed"	NA	NA	NA	NA	NA	0.324036718915687	0.999370840320332	"No data points have the baseline factor level"	"abundance"	46	4
"Streptococcus_pasteurianus.t__SGB8018"	"Probiotics"	"Yes"	"ProbioticsYes"	NA	NA	NA	NA	NA	0.992862888846129	0.999370840320332	"No data points have the baseline factor level"	"abundance"	46	4
"Streptococcus_pasteurianus.t__SGB8018"	"Read_depth"	"Read_depth"	"Read_depth"	NA	NA	NA	NA	NA	0.97087797060556	0.999370840320332	"No data points have the baseline factor level"	"abundance"	46	4
"Streptococcus_pasteurianus.t__SGB8018"	"Sex"	"Female"	"SexFemale"	NA	NA	NA	NA	NA	0.495670488345087	0.999370840320332	"No data points have the baseline factor level"	"abundance"	46	4
"Streptococcus_pasteurianus.t__SGB8018"	"Termness"	"term"	"Termnessterm"	NA	NA	NA	NA	NA	0.964153209176694	0.999370840320332	"No data points have the baseline factor level"	"abundance"	46	4
"Streptococcus_salivarius.t__SGB8005"	"Antibiotics"	"Yes"	"AntibioticsYes"	NA	NA	NA	NA	NA	0.578877864124959	0.999370840320332	"No data points have the baseline factor level"	"abundance"	46	2
"Streptococcus_salivarius.t__SGB8005"	"Delivery_mode"	"C-section"	"Delivery_modeC-section"	NA	NA	NA	NA	NA	0.340572005871566	0.999370840320332	"No data points have the baseline factor level"	"abundance"	46	2
"Streptococcus_salivarius.t__SGB8005"	"Ethnicity"	"European"	"EthnicityEuropean"	NA	NA	NA	NA	NA	0.727822341107245	0.999370840320332	"No data points have the baseline factor level"	"abundance"	46	2
"Streptococcus_salivarius.t__SGB8005"	"Feeding_method"	"Breastfed"	"Feeding_methodBreastfed"	NA	NA	NA	NA	NA	0.575095373156303	0.999370840320332	"No data points have the baseline factor level"	"abundance"	46	2
"Streptococcus_salivarius.t__SGB8005"	"Probiotics"	"Yes"	"ProbioticsYes"	NA	NA	NA	NA	NA	0.901892840226641	0.999370840320332	"No data points have the baseline factor level"	"abundance"	46	2
"Streptococcus_salivarius.t__SGB8005"	"Read_depth"	"Read_depth"	"Read_depth"	NA	NA	NA	NA	NA	0.465073522359353	0.999370840320332	"No data points have the baseline factor level"	"abundance"	46	2
"Streptococcus_salivarius.t__SGB8005"	"Sex"	"Female"	"SexFemale"	NA	NA	NA	NA	NA	0.392575380573152	0.999370840320332	"No data points have the baseline factor level"	"abundance"	46	2
"Streptococcus_salivarius.t__SGB8005"	"Termness"	"term"	"Termnessterm"	NA	NA	NA	NA	NA	0.687615015182242	0.999370840320332	"No data points have the baseline factor level"	"abundance"	46	2
"Streptococcus_sp_F0442.t__SGB8067"	"Antibiotics"	"Yes"	"AntibioticsYes"	NA	NA	NA	NA	NA	0.551352163359344	0.999370840320332	"No data points have the baseline factor level"	"abundance"	46	2
"Streptococcus_sp_F0442.t__SGB8067"	"Delivery_mode"	"C-section"	"Delivery_modeC-section"	NA	NA	NA	NA	NA	0.504664186115282	0.999370840320332	"No data points have the baseline factor level"	"abundance"	46	2
"Streptococcus_sp_F0442.t__SGB8067"	"Ethnicity"	"European"	"EthnicityEuropean"	NA	NA	NA	NA	NA	0.5235095609911	0.999370840320332	"No data points have the baseline factor level"	"abundance"	46	2
"Streptococcus_sp_F0442.t__SGB8067"	"Feeding_method"	"Breastfed"	"Feeding_methodBreastfed"	NA	NA	NA	NA	NA	0.671612272989163	0.999370840320332	"No data points have the baseline factor level"	"abundance"	46	2
"Streptococcus_sp_F0442.t__SGB8067"	"Probiotics"	"Yes"	"ProbioticsYes"	NA	NA	NA	NA	NA	0.470583980046419	0.999370840320332	"No data points have the baseline factor level"	"abundance"	46	2
"Streptococcus_sp_F0442.t__SGB8067"	"Read_depth"	"Read_depth"	"Read_depth"	NA	NA	NA	NA	NA	0.712526084349772	0.999370840320332	"No data points have the baseline factor level"	"abundance"	46	2
"Streptococcus_sp_F0442.t__SGB8067"	"Sex"	"Female"	"SexFemale"	NA	NA	NA	NA	NA	0.668218877719263	0.999370840320332	"No data points have the baseline factor level"	"abundance"	46	2
"Streptococcus_sp_F0442.t__SGB8067"	"Termness"	"term"	"Termnessterm"	NA	NA	NA	NA	NA	0.628238970813205	0.999370840320332	"No data points have the baseline factor level"	"abundance"	46	2
"Streptococcus_thermophilus.t__SGB8002"	"Antibiotics"	"Yes"	"AntibioticsYes"	NA	NA	NA	NA	NA	0.882912300828121	0.999370840320332	"No data points have the baseline factor level"	"abundance"	46	4
"Streptococcus_thermophilus.t__SGB8002"	"Delivery_mode"	"C-section"	"Delivery_modeC-section"	NA	NA	NA	NA	NA	0.207994081810456	0.999370840320332	"No data points have the baseline factor level"	"abundance"	46	4
"Streptococcus_thermophilus.t__SGB8002"	"Ethnicity"	"European"	"EthnicityEuropean"	NA	NA	NA	NA	NA	0.895724212847712	0.999370840320332	"No data points have the baseline factor level"	"abundance"	46	4
"Streptococcus_thermophilus.t__SGB8002"	"Feeding_method"	"Breastfed"	"Feeding_methodBreastfed"	NA	NA	NA	NA	NA	0.850357169665388	0.999370840320332	"No data points have the baseline factor level"	"abundance"	46	4
"Streptococcus_thermophilus.t__SGB8002"	"Probiotics"	"Yes"	"ProbioticsYes"	NA	NA	NA	NA	NA	0.515097865715807	0.999370840320332	"No data points have the baseline factor level"	"abundance"	46	4
"Streptococcus_thermophilus.t__SGB8002"	"Read_depth"	"Read_depth"	"Read_depth"	NA	NA	NA	NA	NA	0.390538749918039	0.999370840320332	"No data points have the baseline factor level"	"abundance"	46	4
"Streptococcus_thermophilus.t__SGB8002"	"Sex"	"Female"	"SexFemale"	NA	NA	NA	NA	NA	0.485864091844527	0.999370840320332	"No data points have the baseline factor level"	"abundance"	46	4
"Streptococcus_thermophilus.t__SGB8002"	"Termness"	"term"	"Termnessterm"	NA	NA	NA	NA	NA	0.994606850980429	0.999370840320332	"No data points have the baseline factor level"	"abundance"	46	4
"Veillonella_atypica.t__SGB6936"	"Antibiotics"	"Yes"	"AntibioticsYes"	NA	NA	NA	NA	NA	0.0482449433515341	0.999370840320332	"contrasts can be applied only to factors with 2 or more levels"	"abundance"	46	13
"Veillonella_atypica.t__SGB6936"	"Delivery_mode"	"C-section"	"Delivery_modeC-section"	NA	NA	NA	NA	NA	0.620915810533353	0.999370840320332	"contrasts can be applied only to factors with 2 or more levels"	"abundance"	46	13
"Veillonella_atypica.t__SGB6936"	"Ethnicity"	"European"	"EthnicityEuropean"	NA	NA	NA	NA	NA	0.428254859212999	0.999370840320332	"contrasts can be applied only to factors with 2 or more levels"	"abundance"	46	13
"Veillonella_atypica.t__SGB6936"	"Feeding_method"	"Breastfed"	"Feeding_methodBreastfed"	NA	NA	NA	NA	NA	0.7463861146511	0.999370840320332	"contrasts can be applied only to factors with 2 or more levels"	"abundance"	46	13
"Veillonella_atypica.t__SGB6936"	"Probiotics"	"Yes"	"ProbioticsYes"	NA	NA	NA	NA	NA	0.713976245018183	0.999370840320332	"contrasts can be applied only to factors with 2 or more levels"	"abundance"	46	13
"Veillonella_atypica.t__SGB6936"	"Read_depth"	"Read_depth"	"Read_depth"	NA	NA	NA	NA	NA	0.248863265015639	0.999370840320332	"contrasts can be applied only to factors with 2 or more levels"	"abundance"	46	13
"Veillonella_atypica.t__SGB6936"	"Sex"	"Female"	"SexFemale"	NA	NA	NA	NA	NA	0.216992434219023	0.999370840320332	"contrasts can be applied only to factors with 2 or more levels"	"abundance"	46	13
"Veillonella_atypica.t__SGB6936"	"Termness"	"term"	"Termnessterm"	NA	NA	NA	NA	NA	0.757666114420529	0.999370840320332	"contrasts can be applied only to factors with 2 or more levels"	"abundance"	46	13
"Veillonella_dispar.t__SGB6952"	"Antibiotics"	"Yes"	"AntibioticsYes"	NA	NA	NA	NA	NA	0.48149935301716	0.999370840320332	"contrasts can be applied only to factors with 2 or more levels"	"abundance"	46	15
"Veillonella_dispar.t__SGB6952"	"Delivery_mode"	"C-section"	"Delivery_modeC-section"	NA	NA	NA	NA	NA	0.313098177086024	0.999370840320332	"contrasts can be applied only to factors with 2 or more levels"	"abundance"	46	15
"Veillonella_dispar.t__SGB6952"	"Ethnicity"	"European"	"EthnicityEuropean"	NA	NA	NA	NA	NA	0.932068667721786	0.999370840320332	"contrasts can be applied only to factors with 2 or more levels"	"abundance"	46	15
"Veillonella_dispar.t__SGB6952"	"Feeding_method"	"Breastfed"	"Feeding_methodBreastfed"	NA	NA	NA	NA	NA	0.162992196024866	0.999370840320332	"contrasts can be applied only to factors with 2 or more levels"	"abundance"	46	15
"Veillonella_dispar.t__SGB6952"	"Probiotics"	"Yes"	"ProbioticsYes"	NA	NA	NA	NA	NA	0.557112079402955	0.999370840320332	"contrasts can be applied only to factors with 2 or more levels"	"abundance"	46	15
"Veillonella_dispar.t__SGB6952"	"Read_depth"	"Read_depth"	"Read_depth"	NA	NA	NA	NA	NA	0.136907577899091	0.999370840320332	"contrasts can be applied only to factors with 2 or more levels"	"abundance"	46	15
"Veillonella_dispar.t__SGB6952"	"Sex"	"Female"	"SexFemale"	NA	NA	NA	NA	NA	0.526777985449678	0.999370840320332	"contrasts can be applied only to factors with 2 or more levels"	"abundance"	46	15
"Veillonella_dispar.t__SGB6952"	"Termness"	"term"	"Termnessterm"	NA	NA	NA	NA	NA	0.462593303644432	0.999370840320332	"contrasts can be applied only to factors with 2 or more levels"	"abundance"	46	15
"Veillonella_rogosae.t__SGB6956"	"Antibiotics"	"Yes"	"AntibioticsYes"	NA	NA	NA	NA	NA	0.677181055473203	0.999370840320332	"No data points have the baseline factor level"	"abundance"	46	2
"Veillonella_rogosae.t__SGB6956"	"Delivery_mode"	"C-section"	"Delivery_modeC-section"	NA	NA	NA	NA	NA	0.290350436409726	0.999370840320332	"No data points have the baseline factor level"	"abundance"	46	2
"Veillonella_rogosae.t__SGB6956"	"Ethnicity"	"European"	"EthnicityEuropean"	NA	NA	NA	NA	NA	0.627539806986626	0.999370840320332	"No data points have the baseline factor level"	"abundance"	46	2
"Veillonella_rogosae.t__SGB6956"	"Feeding_method"	"Breastfed"	"Feeding_methodBreastfed"	NA	NA	NA	NA	NA	0.311651659182153	0.999370840320332	"No data points have the baseline factor level"	"abundance"	46	2
"Veillonella_rogosae.t__SGB6956"	"Probiotics"	"Yes"	"ProbioticsYes"	NA	NA	NA	NA	NA	0.925404105892662	0.999370840320332	"No data points have the baseline factor level"	"abundance"	46	2
"Veillonella_rogosae.t__SGB6956"	"Read_depth"	"Read_depth"	"Read_depth"	NA	NA	NA	NA	NA	0.567288970242271	0.999370840320332	"No data points have the baseline factor level"	"abundance"	46	2
"Veillonella_rogosae.t__SGB6956"	"Sex"	"Female"	"SexFemale"	NA	NA	NA	NA	NA	0.770299143103579	0.999370840320332	"No data points have the baseline factor level"	"abundance"	46	2
"Veillonella_rogosae.t__SGB6956"	"Termness"	"term"	"Termnessterm"	NA	NA	NA	NA	NA	0.922355628934227	0.999370840320332	"No data points have the baseline factor level"	"abundance"	46	2
"Veillonella_seminalis.t__SGB6923"	"Antibiotics"	"Yes"	"AntibioticsYes"	NA	NA	NA	NA	NA	0.814082469449679	0.999370840320332	"No data points have the baseline factor level"	"abundance"	46	4
"Veillonella_seminalis.t__SGB6923"	"Delivery_mode"	"C-section"	"Delivery_modeC-section"	NA	NA	NA	NA	NA	0.0713185237816877	0.999370840320332	"No data points have the baseline factor level"	"abundance"	46	4
"Veillonella_seminalis.t__SGB6923"	"Ethnicity"	"European"	"EthnicityEuropean"	NA	NA	NA	NA	NA	0.746616150149045	0.999370840320332	"No data points have the baseline factor level"	"abundance"	46	4
"Veillonella_seminalis.t__SGB6923"	"Feeding_method"	"Breastfed"	"Feeding_methodBreastfed"	NA	NA	NA	NA	NA	0.560691928216894	0.999370840320332	"No data points have the baseline factor level"	"abundance"	46	4
"Veillonella_seminalis.t__SGB6923"	"Probiotics"	"Yes"	"ProbioticsYes"	NA	NA	NA	NA	NA	0.743756985890838	0.999370840320332	"No data points have the baseline factor level"	"abundance"	46	4
"Veillonella_seminalis.t__SGB6923"	"Read_depth"	"Read_depth"	"Read_depth"	NA	NA	NA	NA	NA	0.1106079427333	0.999370840320332	"No data points have the baseline factor level"	"abundance"	46	4
"Veillonella_seminalis.t__SGB6923"	"Sex"	"Female"	"SexFemale"	NA	NA	NA	NA	NA	0.933968416144995	0.999370840320332	"No data points have the baseline factor level"	"abundance"	46	4
"Veillonella_seminalis.t__SGB6923"	"Termness"	"term"	"Termnessterm"	NA	NA	NA	NA	NA	0.352386090081199	0.999370840320332	"No data points have the baseline factor level"	"abundance"	46	4
"Veillonella_sp_3310.t__SGB6930"	"Antibiotics"	"Yes"	"AntibioticsYes"	NA	NA	NA	NA	NA	0.718625115748807	0.999370840320332	"No data points have the baseline factor level"	"abundance"	46	3
"Veillonella_sp_3310.t__SGB6930"	"Delivery_mode"	"C-section"	"Delivery_modeC-section"	NA	NA	NA	NA	NA	0.161873285369033	0.999370840320332	"No data points have the baseline factor level"	"abundance"	46	3
"Veillonella_sp_3310.t__SGB6930"	"Ethnicity"	"European"	"EthnicityEuropean"	NA	NA	NA	NA	NA	0.763439040415133	0.999370840320332	"No data points have the baseline factor level"	"abundance"	46	3
"Veillonella_sp_3310.t__SGB6930"	"Feeding_method"	"Breastfed"	"Feeding_methodBreastfed"	NA	NA	NA	NA	NA	0.370049249766469	0.999370840320332	"No data points have the baseline factor level"	"abundance"	46	3
"Veillonella_sp_3310.t__SGB6930"	"Probiotics"	"Yes"	"ProbioticsYes"	NA	NA	NA	NA	NA	0.777905049371316	0.999370840320332	"No data points have the baseline factor level"	"abundance"	46	3
"Veillonella_sp_3310.t__SGB6930"	"Read_depth"	"Read_depth"	"Read_depth"	NA	NA	NA	NA	NA	0.742828068296869	0.999370840320332	"No data points have the baseline factor level"	"abundance"	46	3
"Veillonella_sp_3310.t__SGB6930"	"Sex"	"Female"	"SexFemale"	NA	NA	NA	NA	NA	0.611437700273765	0.999370840320332	"No data points have the baseline factor level"	"abundance"	46	3
"Veillonella_sp_3310.t__SGB6930"	"Termness"	"term"	"Termnessterm"	NA	NA	NA	NA	NA	0.738287867867999	0.999370840320332	"No data points have the baseline factor level"	"abundance"	46	3
"Veillonella_sp_3627.t__SGB6934"	"Antibiotics"	"Yes"	"AntibioticsYes"	NA	NA	NA	NA	NA	0.713166170046521	0.999370840320332	"No data points have the baseline factor level"	"abundance"	46	4
"Veillonella_sp_3627.t__SGB6934"	"Delivery_mode"	"C-section"	"Delivery_modeC-section"	NA	NA	NA	NA	NA	0.105444586208396	0.999370840320332	"No data points have the baseline factor level"	"abundance"	46	4
"Veillonella_sp_3627.t__SGB6934"	"Ethnicity"	"European"	"EthnicityEuropean"	NA	NA	NA	NA	NA	0.860304259683249	0.999370840320332	"No data points have the baseline factor level"	"abundance"	46	4
"Veillonella_sp_3627.t__SGB6934"	"Feeding_method"	"Breastfed"	"Feeding_methodBreastfed"	NA	NA	NA	NA	NA	0.768423735990321	0.999370840320332	"No data points have the baseline factor level"	"abundance"	46	4
"Veillonella_sp_3627.t__SGB6934"	"Probiotics"	"Yes"	"ProbioticsYes"	NA	NA	NA	NA	NA	0.969406060561558	0.999370840320332	"No data points have the baseline factor level"	"abundance"	46	4
"Veillonella_sp_3627.t__SGB6934"	"Read_depth"	"Read_depth"	"Read_depth"	NA	NA	NA	NA	NA	0.217374093755092	0.999370840320332	"No data points have the baseline factor level"	"abundance"	46	4
"Veillonella_sp_3627.t__SGB6934"	"Sex"	"Female"	"SexFemale"	NA	NA	NA	NA	NA	0.570472837980629	0.999370840320332	"No data points have the baseline factor level"	"abundance"	46	4
"Veillonella_sp_3627.t__SGB6934"	"Termness"	"term"	"Termnessterm"	NA	NA	NA	NA	NA	0.694445964893915	0.999370840320332	"No data points have the baseline factor level"	"abundance"	46	4
"Winkia_neuii.t__SGB17192"	"Antibiotics"	"Yes"	"AntibioticsYes"	NA	NA	NA	NA	NA	0.735163723116567	0.999370840320332	"No data points have the baseline factor level"	"abundance"	46	3
"Winkia_neuii.t__SGB17192"	"Delivery_mode"	"C-section"	"Delivery_modeC-section"	NA	NA	NA	NA	NA	0.400813992330571	0.999370840320332	"No data points have the baseline factor level"	"abundance"	46	3
"Winkia_neuii.t__SGB17192"	"Ethnicity"	"European"	"EthnicityEuropean"	NA	NA	NA	NA	NA	0.883602502345273	0.999370840320332	"No data points have the baseline factor level"	"abundance"	46	3
"Winkia_neuii.t__SGB17192"	"Feeding_method"	"Breastfed"	"Feeding_methodBreastfed"	NA	NA	NA	NA	NA	0.485682723395426	0.999370840320332	"No data points have the baseline factor level"	"abundance"	46	3
"Winkia_neuii.t__SGB17192"	"Probiotics"	"Yes"	"ProbioticsYes"	NA	NA	NA	NA	NA	0.983593453465326	0.999370840320332	"No data points have the baseline factor level"	"abundance"	46	3
"Winkia_neuii.t__SGB17192"	"Read_depth"	"Read_depth"	"Read_depth"	NA	NA	NA	NA	NA	0.750490977518207	0.999370840320332	"No data points have the baseline factor level"	"abundance"	46	3
"Winkia_neuii.t__SGB17192"	"Sex"	"Female"	"SexFemale"	NA	NA	NA	NA	NA	0.547990097565125	0.999370840320332	"No data points have the baseline factor level"	"abundance"	46	3
"Winkia_neuii.t__SGB17192"	"Termness"	"term"	"Termnessterm"	NA	NA	NA	NA	NA	0.719648881777101	0.999370840320332	"No data points have the baseline factor level"	"abundance"	46	3
