"feature","metadata","value","name","coef","null_hypothesis","stderr","pval_individual","qval_individual","pval_joint","qval_joint","error","model","N","N_not_zero"
"FASYN.INITIAL.PWY..superpathway.of.fatty.acid.biosynthesis.initiation..E..coli.","butyrate","butyrate","butyrate",-1.20671632722239,0,0.419749109051186,0.00404217649826454,0.366026051187679,0.00806801380568596,0.368439297126325,NA,"prevalence",80,38
"PWY0.881..superpathway.of.fatty.acid.biosynthesis.I..E..coli.","butyrate","butyrate","butyrate",-1.21024644267787,0,0.427232211887492,0.00461479784569497,0.378701848212343,0.00920829933223331,0.403074144669931,NA,"prevalence",80,25
"THREOCAT.PWY..superpathway.of.L.threonine.metabolism","butyrate","butyrate","butyrate",-1.06893703074749,0,0.393904572954194,0.00665373133337925,0.423697796718776,0.0132631905261017,0.43837579433882,NA,"prevalence",80,51
"PWY.5497..purine.nucleobases.degradation.II..anaerobic.","Feeding_method","Breastfed","Feeding_methodBreastfed",-1.41437959372487,0,0.567787916074106,0.012737155783306,0.554382946192732,0.0253120764291637,0.501281031191244,NA,"prevalence",80,51
"ALLANTOINDEG.PWY..superpathway.of.allantoin.degradation.in.yeast","propionate","propionate","propionate",1.16057865060148,0,0.482198620267806,0.0160908777048103,0.557341443290261,0.0319228390643095,0.52746392207884,NA,"prevalence",80,27
"HCAMHPDEG.PWY..3.phenylpropanoate.and.3..3.hydroxyphenyl.propanoate.degradation.to.2.hydroxypentadienoate","propionate","propionate","propionate",1.05802638173141,0,0.433263737567402,0.014606488908093,0.557341443290261,0.0289996282979638,0.514482614264595,NA,"prevalence",80,54
"PWY.6353..purine.nucleotides.degradation.II..aerobic.","Feeding_method","Breastfed","Feeding_methodBreastfed",-1.38332049200894,0,0.569225792001862,0.0150913729306555,0.557341443290261,0.0299549963243788,0.515701115499315,NA,"prevalence",80,52
"PWY.6690..cinnamate.and.3.hydroxycinnamate.degradation.to.2.hydroxypentadienoate","propionate","propionate","propionate",1.05802638173141,0,0.433263737567402,0.014606488908093,0.557341443290261,0.0289996282979638,0.514482614264595,NA,"prevalence",80,54
"PWY.6749..CMP.legionaminate.biosynthesis.I","Delivery_mode","C-section","Delivery_modeC-section",-2.04214033246583,0,0.84022827061715,0.0150797135603786,0.557341443290261,0.0150797135603786,0.447810495446019,NA,"prevalence",80,11
"PWY.7456...beta...1.4..mannan.degradation","Delivery_mode","C-section","Delivery_modeC-section",-2.07163197751946,0,0.862022469474537,0.0162512865941987,0.557341443290261,0.0162512865941987,0.452832460353603,NA,"prevalence",80,10
"PWY0.1277..3.phenylpropanoate.and.3..3.hydroxyphenyl.propanoate.degradation","propionate","propionate","propionate",1.05802638173141,0,0.433263737567402,0.014606488908093,0.557341443290261,0.0289996282979638,0.514482614264595,NA,"prevalence",80,54
"SALVADEHYPOX.PWY..adenosine.nucleotides.degradation.II","Feeding_method","Breastfed","Feeding_methodBreastfed",-1.38332049200894,0,0.569225792001862,0.0150913729306555,0.557341443290261,0.0299549963243788,0.515701115499315,NA,"prevalence",80,52
"PWY.7340..9.cis..11.trans.octadecadienoyl.CoA.degradation..isomerase.dependent..yeast.","isobutyrate","isobutyrate","isobutyrate",0.884324198089688,0,0.375487640501311,0.0185159623549867,0.585818278845724,0.0366890838480421,0.555063072204122,NA,"prevalence",80,48
"PWY.2942..L.lysine.biosynthesis.III","propionate","propionate","propionate",0.889018738420668,0,0.380080095073996,0.0193338817887954,0.601703513730293,0.0382939645925676,0.56504305749946,NA,"prevalence",80,52
"PWY.5656..mannosylglycerate.biosynthesis.I","butyrate","butyrate","butyrate",-0.817615395477921,0,0.35309153932046,0.0205806409215571,0.617980897848458,0.0407377190623722,0.580689105247455,NA,"prevalence",80,39
"PWY.5676..acetyl.CoA.fermentation.to.butanoate.II","Antibiotics","Yes","AntibioticsYes",-1.95150850763191,0,0.844677798641981,0.020868316242967,0.619359624784168,0.0413011458631175,0.584264594708749,NA,"prevalence",80,45
"PWY.8131..5..deoxyadenosine.degradation.II","propionate","propionate","propionate",0.805030095980959,0,0.34908537917421,0.0211043567134262,0.619359624784168,0.0417633195545649,0.584264594708749,NA,"prevalence",80,71
"PWY.7200..superpathway.of.pyrimidine.deoxyribonucleoside.salvage","propionate","propionate","propionate",-1.09116271632885,0,0.476816110970955,0.0221121965511936,0.621985902859947,0.0437354438660686,0.595865218639365,NA,"prevalence",80,59
"PWY.7385..1.3.propanediol.biosynthesis..engineered.","Feeding_method","Breastfed","Feeding_methodBreastfed",-1.30139118967919,0,0.575592250645962,0.0237617196352223,0.632414957048247,0.0469588199504216,0.614184100290459,NA,"prevalence",80,39
"P164.PWY..purine.nucleobases.degradation.I..anaerobic.","Ethnicity","European","EthnicityEuropean",-1.33652608176695,0,0.593023560330219,0.0242119813664144,0.635806630682043,0.0478377426911413,0.615536536621586,NA,"prevalence",80,50
"PWY.5676..acetyl.CoA.fermentation.to.butanoate.II","Delivery_mode","C-section","Delivery_modeC-section",-1.6039995997221,0,0.715211234656924,0.0249165849465704,0.636934104262346,0.0492123336877412,0.622383131733143,NA,"prevalence",80,45
"PWY.5417..catechol.degradation.III..ortho.cleavage.pathway.","Termness","preterm","Termnesspreterm",3.39472134660726,0,1.54771554022316,0.0282803360318937,0.639331597785971,0.0557608946577106,0.641105886737327,NA,"prevalence",80,51
"PWY.5431..aromatic.compounds.degradation.via..beta..ketoadipate","Termness","preterm","Termnesspreterm",3.39472134660726,0,1.54771554022316,0.0282803360318937,0.639331597785971,0.0557608946577106,0.641105886737327,NA,"prevalence",80,51
"PWY.7446..sulfoquinovose.degradation.I","butyrate","butyrate","butyrate",-0.741788731440815,0,0.335682568839803,0.0271195854238722,0.639331597785971,0.0535036989341817,0.639555113385579,NA,"prevalence",80,41
"PWY.8011..L.serine.biosynthesis.II","Sex","Female","SexFemale",-1.13605590266773,0,0.514413209860474,0.0272129129354128,0.639331597785971,0.0536852832403953,0.639555113385579,NA,"prevalence",80,49
"PWY66.391..fatty.acid..beta..oxidation.VI..mammalian.peroxisome.","isobutyrate","isobutyrate","isobutyrate",0.813520077996189,0,0.367145994659112,0.0267055788785034,0.639331597785971,0.0526979698137709,0.635467939172415,NA,"prevalence",80,50
"DHGLUCONATE.PYR.CAT.PWY..glucose.degradation..oxidative.","Antibiotics","Yes","AntibioticsYes",-2.02162365973053,0,0.924362631357687,0.0287391610226229,0.639568108859388,0.0287391610226229,0.514482614264595,NA,"prevalence",80,12
"PWY5F9.12..biphenyl.degradation","Ethnicity","European","EthnicityEuropean",1.56819633611107,0,0.716751570048964,0.0286753040447096,0.639568108859388,0.0565283350273627,0.641105886737327,NA,"prevalence",80,15
"PWY.6182..superpathway.of.salicylate.degradation","Termness","preterm","Termnesspreterm",3.35131935874297,0,1.54680480354226,0.0302647718311179,0.648996768650269,0.0596135872482462,0.651922639437466,NA,"prevalence",80,49
"PWY.6215..4.chlorobenzoate.degradation","Delivery_mode","C-section","Delivery_modeC-section",-1.90783770001605,0,0.891780818360263,0.0324067517597731,0.652955904846738,0.0324067517597731,0.529238740659606,NA,"prevalence",80,12
"PWY.6595..superpathway.of.guanosine.nucleotides.degradation..plants.","Feeding_method","Breastfed","Feeding_methodBreastfed",-1.15403272869878,0,0.542600376444444,0.0334320707559589,0.652955904846738,0.0657464381568864,0.652710385570562,NA,"prevalence",80,51
"PWY.6607..guanosine.nucleotides.degradation.I","Feeding_method","Breastfed","Feeding_methodBreastfed",-1.15403272869878,0,0.542600376444444,0.0334320707559589,0.652955904846738,0.0657464381568864,0.652710385570562,NA,"prevalence",80,51
"GLUDEG.I.PWY..GABA.shunt","propionate","propionate","propionate",0.73917621024328,0,0.349771369978257,0.034574029070818,0.652955904846738,0.00014549674130282,0.0239196642701835,"Prevalence association possibly induced by stronger abundance association","prevalence",80,55
"PWY.5972..stearate.biosynthesis.I..animals.","isobutyrate","isobutyrate","isobutyrate",0.846618597510378,0,0.40272777217093,0.0355348303877706,0.658825354639692,0.0698069366048537,0.660954137376715,NA,"prevalence",80,29
"PWY.7385..1.3.propanediol.biosynthesis..engineered.","Delivery_mode","C-section","Delivery_modeC-section",-1.37797265324613,0,0.657755829121939,0.0361744806351255,0.663713883079169,0.07104036822103,0.665385238176648,NA,"prevalence",80,39
"PWY.6185..4.methylcatechol.degradation..ortho.cleavage.","propionate","propionate","propionate",0.786078882420576,0,0.380099006974883,0.0386315788984757,0.676567780383276,0.0757707589087623,0.687500006789714,NA,"prevalence",80,51
"PWY.6185..4.methylcatechol.degradation..ortho.cleavage.","Read_depth","Read_depth","Read_depth",0.809211374514324,0,0.390757167910559,0.0383699708215017,0.676567780383276,0.0752676869821606,0.687500006789714,NA,"prevalence",80,51
"PWY.5030..L.histidine.degradation.III","propionate","propionate","propionate",0.857394902835745,0,0.417020723879394,0.0397824481226906,0.685790210745201,0.0779822530667467,0.696754478487672,NA,"prevalence",80,23
"PWY.5005..biotin.biosynthesis.II","Delivery_mode","C-section","Delivery_modeC-section",1.67047480850411,0,0.81378324524841,0.0400990656313196,0.688236250639512,0.0785901961981344,0.697701665635035,NA,"prevalence",80,67
"PWY.5676..acetyl.CoA.fermentation.to.butanoate.II","Feeding_method","Breastfed","Feeding_methodBreastfed",-1.27341618370606,0,0.621602011162075,0.0405008819713704,0.691782426706272,0.079361442502282,0.697701665635035,NA,"prevalence",80,45
"CENTFERM.PWY..pyruvate.fermentation.to.butanoate","Ethnicity","European","EthnicityEuropean",-1.27373338703649,0,0.624539026395328,0.0414023794269874,0.700392945193177,0.0810906018317586,0.702200056985345,NA,"prevalence",80,23
"P23.PWY..reductive.TCA.cycle.I","isobutyrate","isobutyrate","isobutyrate",-0.723535224252921,0,0.355277134325647,0.0416964066127951,0.700392945193177,0.0816542229011707,0.704000183414651,NA,"prevalence",80,52
"PWY.6590..superpathway.of.Clostridium.acetobutylicum.acidogenic.fermentation","Ethnicity","European","EthnicityEuropean",-1.27373338703649,0,0.624539026395328,0.0414023794269874,0.700392945193177,0.0810906018317586,0.702200056985345,NA,"prevalence",80,23
"PWY.6731..starch.degradation.III","butyrate","butyrate","butyrate",-0.820683594890762,0,0.402464866221851,0.0414357130596,0.700392945193177,0.0811545078024425,0.702200056985345,NA,"prevalence",80,68
"CATECHOL.ORTHO.CLEAVAGE.PWY..catechol.degradation.to..beta..ketoadipate","Termness","preterm","Termnesspreterm",3.05313894000449,0,1.5269259945679,0.045550713222826,0.713788783114,0.0890265589705438,0.721132089838405,NA,"prevalence",80,54
"CRNFORCAT.PWY..creatinine.degradation.I","Delivery_mode","C-section","Delivery_modeC-section",1.68448952645691,0,0.843409915824174,0.0457994387821272,0.713788783114,0.0895012889714966,0.721132089838405,NA,"prevalence",80,19
"FASYN.INITIAL.PWY..superpathway.of.fatty.acid.biosynthesis.initiation..E..coli.","Antibiotics","Yes","AntibioticsYes",-1.7716780991558,0,0.885073531218941,0.0453137951330377,0.713788783114,0.0885742502367165,0.721132089838405,NA,"prevalence",80,38
"P23.PWY..reductive.TCA.cycle.I","Delivery_mode","C-section","Delivery_modeC-section",1.38420256463926,0,0.69133435478832,0.0452612166643122,0.713788783114,0.0884738555946907,0.721132089838405,NA,"prevalence",80,52
"PWY.2942..L.lysine.biosynthesis.III","Sex","Female","SexFemale",1.30709836628958,0,0.655180966182477,0.0460408259111006,0.713788783114,0.0172586676058165,0.463609150270632,NA,"prevalence",80,52
"PWY.6185..4.methylcatechol.degradation..ortho.cleavage.","Termness","preterm","Termnesspreterm",3.15185436608371,0,1.57982013011961,0.0460350650030342,0.713788783114,0.0899509027962348,0.721132089838405,NA,"prevalence",80,51
"PWY.7269..mitochondrial.NADPH.production..yeast.","propionate","propionate","propionate",0.652225500495268,0,0.324756466824506,0.0446058340883603,0.713788783114,0.0872219877420023,0.720633247885957,NA,"prevalence",80,63
"PWY.7391..isoprene.biosynthesis.II..engineered.","acetate","acetate","acetate",1.06963748020841,0,0.529857380744375,0.043515586471979,0.713788783114,0.0851375666779578,0.719944583143153,NA,"prevalence",80,56
"PWY.8131..5..deoxyadenosine.degradation.II","butyrate","butyrate","butyrate",-0.845428051249821,0,0.423614001028554,0.0459610366152008,0.713788783114,0.0898096563436578,0.721132089838405,NA,"prevalence",80,71
"COLANSYN.PWY..colanic.acid.building.blocks.biosynthesis","Delivery_mode","C-section","Delivery_modeC-section",-1.48722328557443,0,0.762730759488295,0.0511920127172917,0.735778179268085,0.099763403268536,0.746358414346301,NA,"prevalence",80,60
"P621.PWY..nylon.6.oligomer.degradation","Termness","preterm","Termnesspreterm",1.90451013748349,0,0.970656935026581,0.0497527418951646,0.735778179268085,0.0289336288898005,0.514482614264595,NA,"prevalence",80,42
"PWY.5130..2.oxobutanoate.degradation.I","propionate","propionate","propionate",0.67604685098985,0,0.345713791271255,0.0505228786263813,0.735778179268085,0.0984931959880666,0.746358414346301,NA,"prevalence",80,46
"PWY.5505..L.glutamate.and.L.glutamine.biosynthesis","Sex","Female","SexFemale",-1.06569114019217,0,0.543851908756355,0.0500513934072174,0.735778179268085,0.0975976448324307,0.746358414346301,NA,"prevalence",80,54
"PWY.6318..L.phenylalanine.degradation.IV..mammalian..via.side.chain.","propionate","propionate","propionate",0.931530835286154,0,0.477197205854653,0.0509277835331794,0.735778179268085,0.0992619279307564,0.746358414346301,NA,"prevalence",80,22
"PWY.6749..CMP.legionaminate.biosynthesis.I","Antibiotics","Yes","AntibioticsYes",-2.28062245642184,0,1.17092022671721,0.0514487095583215,0.735778179268085,0.0514487095583215,0.629640286703825,NA,"prevalence",80,11
"PWY.7013...S..propane.1.2.diol.degradation","Feeding_method","Breastfed","Feeding_methodBreastfed",-1.43481213791021,0,0.728739100383675,0.0489649344160984,0.735778179268085,0.0955323040298239,0.743953096120838,NA,"prevalence",80,70
"PWY.5392..reductive.TCA.cycle.II","Read_depth","Read_depth","Read_depth",0.668107735160719,0,0.343359934356291,0.0516794773884581,0.737556019685277,0.100688186393772,0.746758098186592,NA,"prevalence",80,36
"COLANSYN.PWY..colanic.acid.building.blocks.biosynthesis","Probiotics","Yes","ProbioticsYes",2.16857374546285,0,1.12929268426031,0.054820798463776,0.751616185585613,0.106636276983346,0.766600570934857,NA,"prevalence",80,60
"THREOCAT.PWY..superpathway.of.L.threonine.metabolism","propionate","propionate","propionate",0.75845213679866,0,0.394854313535926,0.0547518253222559,0.751616185585613,0.106505888268393,0.766600570934857,NA,"prevalence",80,51
"PWY0.1338..polymyxin.resistance","propionate","propionate","propionate",0.632752719092308,0,0.33170707889497,0.0564474994233157,0.758065862005404,0.109708678655486,0.772363157817707,NA,"prevalence",80,74
"CRNFORCAT.PWY..creatinine.degradation.I","Ethnicity","European","EthnicityEuropean",-1.24991491337335,0,0.659362916936578,0.0580076253640108,0.765161116843489,0.11265036612765,0.775614098378524,NA,"prevalence",80,19
"FAO.PWY..fatty.acid..beta..oxidation.I..generic.","propionate","propionate","propionate",0.619827842976034,0,0.333053099819077,0.0627373825733039,0.765161116843489,0.121538785974459,0.775614098378524,NA,"prevalence",80,75
"GLUDEG.I.PWY..GABA.shunt","Delivery_mode","C-section","Delivery_modeC-section",-1.39978159726799,0,0.741687856458677,0.0591210547524582,0.765161116843489,0.114746810389873,0.775614098378524,NA,"prevalence",80,55
"ORNDEG.PWY..superpathway.of.ornithine.degradation","propionate","propionate","propionate",0.619827842976034,0,0.333053099819077,0.0627373825733039,0.765161116843489,0.121538785974459,0.775614098378524,NA,"prevalence",80,75
"PROTOCATECHUATE.ORTHO.CLEAVAGE.PWY..protocatechuate.degradation.II..ortho.cleavage.pathway.","butyrate","butyrate","butyrate",-0.691802013509161,0,0.368039470479316,0.0601496347979315,0.765161116843489,0.116681291029538,0.775614098378524,NA,"prevalence",80,54
"PWY.5138..fatty.acid..beta..oxidation.IV..unsaturated..even.number.","propionate","propionate","propionate",0.619827842976034,0,0.333053099819077,0.0627373825733039,0.765161116843489,0.121538785974459,0.775614098378524,NA,"prevalence",80,75
"PWY.5656..mannosylglycerate.biosynthesis.I","Ethnicity","European","EthnicityEuropean",1.10278954534375,0,0.587645050922074,0.0605694730631804,0.765161116843489,0.11747028505921,0.775614098378524,NA,"prevalence",80,39
"PWY.5705..allantoin.degradation.to.glyoxylate.III","Feeding_method","Breastfed","Feeding_methodBreastfed",-1.04970806909071,0,0.558836311316325,0.0603289258914543,0.765161116843489,0.117018272483692,0.775614098378524,NA,"prevalence",80,46
"PWY.5850..superpathway.of.menaquinol.6.biosynthesis","propionate","propionate","propionate",0.619827842976034,0,0.333053099819077,0.0627373825733039,0.765161116843489,0.121538785974459,0.775614098378524,NA,"prevalence",80,75
"PWY.5860..superpathway.of.demethylmenaquinol.6.biosynthesis.I","propionate","propionate","propionate",0.619827842976034,0,0.333053099819077,0.0627373825733039,0.765161116843489,0.121538785974459,0.775614098378524,NA,"prevalence",80,75
"PWY.5896..superpathway.of.menaquinol.10.biosynthesis","propionate","propionate","propionate",0.619827842976034,0,0.333053099819077,0.0627373825733039,0.765161116843489,0.121538785974459,0.775614098378524,NA,"prevalence",80,75
"PWY.6803..phosphatidylcholine.acyl.editing","propionate","propionate","propionate",0.619827842976034,0,0.333053099819077,0.0627373825733039,0.765161116843489,0.121538785974459,0.775614098378524,NA,"prevalence",80,75
"PWY.7388..octanoyl..acyl.carrier.protein..biosynthesis..mitochondria..yeast.","acetate","acetate","acetate",0.985985700832749,0,0.529124895029023,0.0624021916561286,0.765161116843489,0.120910349788769,0.775614098378524,NA,"prevalence",80,56
"PWY.7942..5.oxo.L.proline.metabolism","propionate","propionate","propionate",0.619827842976034,0,0.333053099819077,0.0627373825733039,0.765161116843489,0.121538785974459,0.775614098378524,NA,"prevalence",80,75
"PWY0.845..superpathway.of.pyridoxal.5..phosphate.biosynthesis.and.salvage","propionate","propionate","propionate",0.619827842976034,0,0.333053099819077,0.0627373825733039,0.765161116843489,0.121538785974459,0.775614098378524,NA,"prevalence",80,75
"PWY5F9.12..biphenyl.degradation","Termness","preterm","Termnesspreterm",2.05561732409007,0,1.09803701982337,0.0611950099202721,0.765161116843489,0.118645190601402,0.775614098378524,NA,"prevalence",80,15
"PYRIDOXSYN.PWY..pyridoxal.5..phosphate.biosynthesis.I","propionate","propionate","propionate",0.619827842976034,0,0.333053099819077,0.0627373825733039,0.765161116843489,0.121538785974459,0.775614098378524,NA,"prevalence",80,75
"THREOCAT.PWY..superpathway.of.L.threonine.metabolism","isobutyrate","isobutyrate","isobutyrate",0.690887804741969,0,0.371344108675476,0.0628140227071406,0.765161116843489,0.121682443965628,0.775614098378524,NA,"prevalence",80,51
"X3.HYDROXYPHENYLACETATE.DEGRADATION.PWY..4.hydroxyphenylacetate.degradation","Read_depth","Read_depth","Read_depth",0.779908777298786,0,0.415970991787584,0.0608049059534372,0.765161116843489,0.0654242015999906,0.652710385570562,NA,"prevalence",80,56
"X3.HYDROXYPHENYLACETATE.DEGRADATION.PWY..4.hydroxyphenylacetate.degradation","Termness","preterm","Termnesspreterm",3.03546525748948,0,1.61220832440602,0.059727525481489,0.765161116843489,0.115887673662836,0.775614098378524,NA,"prevalence",80,56
"X3.HYDROXYPHENYLACETATE.DEGRADATION.PWY..4.hydroxyphenylacetate.degradation","isobutyrate","isobutyrate","isobutyrate",0.74385865338581,0,0.400753079875024,0.0634318875508519,0.766436211849097,0.12284017074344,0.777629103058118,NA,"prevalence",80,56
"PWY.6353..purine.nucleotides.degradation.II..aerobic.","butyrate","butyrate","butyrate",-0.622888702474749,0,0.336555751454549,0.0642020438717931,0.772188857438147,0.124282185306271,0.781611378335619,NA,"prevalence",80,52
"SALVADEHYPOX.PWY..adenosine.nucleotides.degradation.II","butyrate","butyrate","butyrate",-0.622888702474749,0,0.336555751454549,0.0642020438717931,0.772188857438147,0.124282185306271,0.781611378335619,NA,"prevalence",80,52
"ECASYN.PWY..enterobacterial.common.antigen.biosynthesis","isobutyrate","isobutyrate","isobutyrate",0.744027410457212,0,0.408089809947562,0.0682738215034384,0.776235966388401,0.131886328304193,0.788011685336088,NA,"prevalence",80,74
"FASYN.INITIAL.PWY..superpathway.of.fatty.acid.biosynthesis.initiation..E..coli.","Probiotics","Yes","ProbioticsYes",3.05912818631502,0,1.67878683568294,0.0684207764274088,0.776235966388401,0.0684207764274088,0.652710385570562,NA,"prevalence",80,38
"GLYCOLYSIS.TCA.GLYOX.BYPASS..superpathway.of.glycolysis..pyruvate.dehydrogenase..TCA..and.glyoxylate.bypass","propionate","propionate","propionate",0.532648819973958,0,0.292377142439858,0.0684873407428594,0.776235966388401,0.13228416564369,0.788011685336088,NA,"prevalence",80,70
"PWY.5130..2.oxobutanoate.degradation.I","isobutyrate","isobutyrate","isobutyrate",-0.75479994317904,0,0.414111027047025,0.0683489229488151,0.776235966388401,0.132026270629367,0.788011685336088,NA,"prevalence",80,46
"PWY.5417..catechol.degradation.III..ortho.cleavage.pathway.","Read_depth","Read_depth","Read_depth",0.643111132345045,0,0.351273507244265,0.067130572386824,0.776235966388401,0.129754631024665,0.788011685336088,NA,"prevalence",80,51
"PWY.5431..aromatic.compounds.degradation.via..beta..ketoadipate","Read_depth","Read_depth","Read_depth",0.643111132345045,0,0.351273507244265,0.067130572386824,0.776235966388401,0.129754631024665,0.788011685336088,NA,"prevalence",80,51
"PWY.5505..L.glutamate.and.L.glutamine.biosynthesis","Antibiotics","Yes","AntibioticsYes",-1.62912315686379,0,0.894238840532031,0.0684855351429157,0.776235966388401,0.13228080176202,0.788011685336088,NA,"prevalence",80,54
"PWY.7323..superpathway.of.GDP.mannose.derived.O.antigen.building.blocks.biosynthesis","Sex","Female","SexFemale",-1.11692740386317,0,0.605098400512252,0.0649124230525802,0.776235966388401,0.125611223438603,0.781611378335619,NA,"prevalence",80,63
"PWY.7391..isoprene.biosynthesis.II..engineered.","Delivery_mode","C-section","Delivery_modeC-section",1.23527487948378,0,0.675541103468022,0.0674638985262054,0.776235966388401,0.130376419448057,0.788011685336088,NA,"prevalence",80,56
"PWY.7391..isoprene.biosynthesis.II..engineered.","Ethnicity","European","EthnicityEuropean",-1.1364215526451,0,0.624000278554473,0.068578348896462,0.776235966388401,0.132453707855559,0.788011685336088,NA,"prevalence",80,56
"PROTOCATECHUATE.ORTHO.CLEAVAGE.PWY..protocatechuate.degradation.II..ortho.cleavage.pathway.","Termness","preterm","Termnesspreterm",2.82836776231934,0,1.55510300913009,0.0689472080158033,0.779291398491389,0.133140698538432,0.789465858347089,NA,"prevalence",80,54
"PWY.6182..superpathway.of.salicylate.degradation","butyrate","butyrate","butyrate",-0.636344638613975,0,0.351018604549783,0.0698547130400084,0.785043408458183,0.134829745146115,0.790110948424048,NA,"prevalence",80,49
"P23.PWY..reductive.TCA.cycle.I","propionate","propionate","propionate",-0.71482574389639,0,0.396000612341417,0.0710570444268247,0.790471881769733,0.0456187967379357,0.607286429441843,NA,"prevalence",80,52
"PWY.5180..toluene.degradation.I..aerobic...via.o.cresol.","Ethnicity","European","EthnicityEuropean",-1.05634283689196,0,0.586198376455644,0.071541819205613,0.790471881769733,0.137965406515977,0.795842555481638,NA,"prevalence",80,52
"PWY.5415..catechol.degradation.I..meta.cleavage.pathway.","Ethnicity","European","EthnicityEuropean",-1.05634283689196,0,0.586198376455644,0.071541819205613,0.790471881769733,0.137965406515977,0.795842555481638,NA,"prevalence",80,52
"PWY.7039..phosphatidate.metabolism..as.a.signaling.molecule","butyrate","butyrate","butyrate",-0.815840080083905,0,0.452634107118569,0.0714782002746485,0.790471881769733,0.137847267434794,0.795842555481638,NA,"prevalence",80,13
"PWY.7211..superpathway.of.pyrimidine.deoxyribonucleotides.de.novo.biosynthesis","butyrate","butyrate","butyrate",-0.767843303612688,0,0.425655431059132,0.071245706229889,0.790471881769733,0.137415461803582,0.795842555481638,NA,"prevalence",80,70
"PWY.7409..phospholipid.remodeling..phosphatidylethanolamine..yeast.","Delivery_mode","C-section","Delivery_modeC-section",-1.12043851095768,0,0.621468843192158,0.0714058587464992,0.790471881769733,0.137712920829673,0.795842555481638,NA,"prevalence",80,34
"GLUDEG.I.PWY..GABA.shunt","butyrate","butyrate","butyrate",-0.64263531092162,0,0.357493713553481,0.0722383727554504,0.793715342492941,0.139258363012545,0.797232880575611,NA,"prevalence",80,55
"P125.PWY..superpathway.of..R.R..butanediol.biosynthesis","isobutyrate","isobutyrate","isobutyrate",-0.839243757913965,0,0.466648212494753,0.0721056302957656,0.793715342492941,0.139012038671182,0.797232880575611,NA,"prevalence",80,66
"PWY0.881..superpathway.of.fatty.acid.biosynthesis.I..E..coli.","propionate","propionate","propionate",-0.634114458930174,0,0.352956597826637,0.0724024594009314,0.794410271811334,0.139562802674559,0.797594139966311,NA,"prevalence",80,25
"PWY.7873..D.erythronate.degradation.II","Delivery_mode","C-section","Delivery_modeC-section",-1.13656783517349,0,0.633714028317145,0.0728925756794677,0.795356940724164,0.140011284665469,0.798307116728429,NA,"prevalence",80,25
"PWY.5692..allantoin.degradation.to.glyoxylate.II","Delivery_mode","C-section","Delivery_modeC-section",-1.08919067690507,0,0.608091706918232,0.0732673235854091,0.79613789683566,0.141166546465449,0.800902568025061,NA,"prevalence",80,29
"PWY.6396..superpathway.of.2.3.butanediol.biosynthesis","isobutyrate","isobutyrate","isobutyrate",-0.670110826735592,0,0.374087099666306,0.0732414768585571,0.79613789683566,0.0732414768585571,0.677724134833778,NA,"prevalence",80,12
"URDEGR.PWY..superpathway.of.allantoin.degradation.in.plants","Delivery_mode","C-section","Delivery_modeC-section",-1.08919067690507,0,0.608091706918232,0.0732673235854091,0.79613789683566,0.141166546465449,0.800902568025061,NA,"prevalence",80,29
"AEROBACTINSYN.PWY..aerobactin.biosynthesis","butyrate","butyrate","butyrate",-0.89932774072705,0,0.504091344637765,0.0744143878275554,0.799770299123917,0.0744143878275554,0.68588295393078,NA,"prevalence",80,9
"FASYN.INITIAL.PWY..superpathway.of.fatty.acid.biosynthesis.initiation..E..coli.","Feeding_method","Breastfed","Feeding_methodBreastfed",-1.08833925736126,0,0.611729518678177,0.0752203486956189,0.799770299123917,0.144782596533347,0.800902568025061,NA,"prevalence",80,38
"FASYN.INITIAL.PWY..superpathway.of.fatty.acid.biosynthesis.initiation..E..coli.","Sex","Female","SexFemale",1.08277584490179,0,0.609718037402225,0.0757554623745172,0.799770299123917,0.145772034669457,0.800902568025061,NA,"prevalence",80,38
"GLYCOL.GLYOXDEG.PWY..superpathway.of.glycol.metabolism.and.degradation","Ethnicity","European","EthnicityEuropean",1.30347082770685,0,0.739326692498487,0.0778918512177138,0.799770299123917,0.149716561949305,0.802911288366774,NA,"prevalence",80,67
"HCAMHPDEG.PWY..3.phenylpropanoate.and.3..3.hydroxyphenyl.propanoate.degradation.to.2.hydroxypentadienoate","Termness","preterm","Termnesspreterm",2.78340007107605,0,1.5693085687057,0.0761214911585009,0.799770299123917,0.146448500900808,0.800902568025061,NA,"prevalence",80,54
"PROTOCATECHUATE.ORTHO.CLEAVAGE.PWY..protocatechuate.degradation.II..ortho.cleavage.pathway.","propionate","propionate","propionate",0.563570276936138,0,0.318850298332603,0.0771432828725618,0.799770299123917,0.148335479652768,0.802911288366774,NA,"prevalence",80,54
"PWY.2942..L.lysine.biosynthesis.III","Probiotics","Yes","ProbioticsYes",-2.03684308368141,0,1.14545197804168,0.0753709590127412,0.799770299123917,0.145061136562982,0.800902568025061,NA,"prevalence",80,52
"PWY.5497..purine.nucleobases.degradation.II..anaerobic.","butyrate","butyrate","butyrate",-0.596064861716952,0,0.336210812825743,0.0762468996590725,0.799770299123917,0.146680209610524,0.800902568025061,NA,"prevalence",80,51
"PWY.561..superpathway.of.glyoxylate.cycle.and.fatty.acid.degradation","propionate","propionate","propionate",0.578732269099561,0,0.328252735499392,0.0778888287618996,0.799770299123917,0.149710987877899,0.802911288366774,NA,"prevalence",80,74
"PWY.5656..mannosylglycerate.biosynthesis.I","Sex","Female","SexFemale",-0.935973063064153,0,0.531829148130058,0.0784225487499726,0.799770299123917,0.150695001347503,0.802911288366774,NA,"prevalence",80,39
"PWY.6185..4.methylcatechol.degradation..ortho.cleavage.","butyrate","butyrate","butyrate",-0.651994802169384,0,0.370356665609209,0.0783313504152599,0.799770299123917,0.150526900372642,0.802911288366774,NA,"prevalence",80,51
"PWY.6690..cinnamate.and.3.hydroxycinnamate.degradation.to.2.hydroxypentadienoate","Termness","preterm","Termnesspreterm",2.78340007107605,0,1.5693085687057,0.0761214911585009,0.799770299123917,0.146448500900808,0.800902568025061,NA,"prevalence",80,54
"PWY.6922..L.N.delta..acetylornithine.biosynthesis","acetate","acetate","acetate",0.622801425895307,0,0.354291808506114,0.0787684379348529,0.799770299123917,0.151332409055009,0.803413822884074,NA,"prevalence",80,57
"PWY.7039..phosphatidate.metabolism..as.a.signaling.molecule","Feeding_method","Breastfed","Feeding_methodBreastfed",-1.30045261311601,0,0.735661025302861,0.0771054726746544,0.799770299123917,0.148265691432927,0.802911288366774,NA,"prevalence",80,13
"PWY.7165..L.ascorbate.biosynthesis.VIII..engineered.pathway.","Antibiotics","Yes","AntibioticsYes",-1.47881478865544,0,0.83436375097651,0.0763304728331625,0.799770299123917,0.146834604583391,0.800902568025061,NA,"prevalence",80,39
"PWY.7269..mitochondrial.NADPH.production..yeast.","Termness","preterm","Termnesspreterm",2.76136810327424,0,1.56296411972971,0.077269972252659,0.799770299123917,0.103710816029782,0.757780362457604,NA,"prevalence",80,63
"PWY.7294..D.xylose.degradation.IV","Termness","preterm","Termnesspreterm",1.89019002808063,0,1.07476632080815,0.0786287146335099,0.799770299123917,0.151074954502102,0.802911288366774,NA,"prevalence",80,19
"PWY0.1277..3.phenylpropanoate.and.3..3.hydroxyphenyl.propanoate.degradation","Termness","preterm","Termnesspreterm",2.78340007107605,0,1.5693085687057,0.0761214911585009,0.799770299123917,0.146448500900808,0.800902568025061,NA,"prevalence",80,54
"PWY66.430..myristate.biosynthesis..mitochondria.","Sex","Female","SexFemale",-1.01013245240224,0,0.571829483120984,0.0773132706971075,0.799770299123917,0.148649199568331,0.802911288366774,NA,"prevalence",80,52
"TCA.GLYOX.BYPASS..superpathway.of.glyoxylate.bypass.and.TCA","propionate","propionate","propionate",0.578732269099561,0,0.328252735499392,0.0778888287618996,0.799770299123917,0.149710987877899,0.802911288366774,NA,"prevalence",80,74
"GALACT.GLUCUROCAT.PWY..superpathway.of.hexuronide.and.hexuronate.degradation","Delivery_mode","C-section","Delivery_modeC-section",-1.13910180093074,0,0.649582947415936,0.0795008807332066,0.799943053102704,0.152681371429058,0.80796622734776,NA,"prevalence",80,47
"DARABCATK12.PWY..D.arabinose.degradation.I","propionate","propionate","propionate",0.501852737163267,0,0.287973057795034,0.0813847636686315,0.801746631369259,0.156146047579864,0.8107101924969,NA,"prevalence",80,64
"DHGLUCONATE.PYR.CAT.PWY..glucose.degradation..oxidative.","Termness","preterm","Termnesspreterm",1.91468867852585,0,1.10014998273526,0.0817907755670307,0.801746631369259,0.0817907755670307,0.704000183414651,NA,"prevalence",80,12
"GLYCOL.GLYOXDEG.PWY..superpathway.of.glycol.metabolism.and.degradation","Probiotics","Yes","ProbioticsYes",2.51443051843832,0,1.44374774182371,0.0815785279187271,0.801746631369259,0.156501999620068,0.8107101924969,NA,"prevalence",80,67
"PWY.5005..biotin.biosynthesis.II","Termness","preterm","Termnesspreterm",-1.92286027322072,0,1.09956870799394,0.0803358952026063,0.801746631369259,0.113253825203883,0.775614098378524,NA,"prevalence",80,67
"PWY.5656..mannosylglycerate.biosynthesis.I","isobutyrate","isobutyrate","isobutyrate",0.580015902146497,0,0.331782546610749,0.0804327124423126,0.801746631369259,0.154396003653798,0.809882584647917,NA,"prevalence",80,39
"PWY.7204..pyridoxal.5..phosphate.salvage.II..plants.","Ethnicity","European","EthnicityEuropean",-1.08711444050625,0,0.624698990485178,0.0818201806160539,0.801746631369259,0.156945819276064,0.8107101924969,NA,"prevalence",80,60
"PWY.7294..D.xylose.degradation.IV","Antibiotics","Yes","AntibioticsYes",-1.48802898395328,0,0.850568506728293,0.08021287663664,0.801746631369259,0.153991647694955,0.809882584647917,NA,"prevalence",80,19
"PWY.7873..D.erythronate.degradation.II","Sex","Female","SexFemale",-0.93928549101648,0,0.537991710855141,0.0808264681893873,0.801746631369259,0.155120018418805,0.810643972356939,NA,"prevalence",80,25
"GLYCOL.GLYOXDEG.PWY..superpathway.of.glycol.metabolism.and.degradation","propionate","propionate","propionate",0.484741208854693,0,0.280243668919742,0.0836815064847399,0.802975527511305,0.160360418441924,0.812844382071501,NA,"prevalence",80,67
"PWY.5180..toluene.degradation.I..aerobic...via.o.cresol.","propionate","propionate","propionate",0.578768834243001,0,0.334135945662227,0.0832493860253968,0.802975527511305,0.0673029528819509,0.652710385570562,NA,"prevalence",80,52
"PWY.5415..catechol.degradation.I..meta.cleavage.pathway.","propionate","propionate","propionate",0.578768834243001,0,0.334135945662227,0.0832493860253968,0.802975527511305,0.159568311777188,0.812844382071501,NA,"prevalence",80,52
"PWY.7209..superpathway.of.pyrimidine.ribonucleosides.degradation","butyrate","butyrate","butyrate",-0.623497395598561,0,0.360135802649438,0.0834011026075518,0.802975527511305,0.159846461298948,0.812844382071501,NA,"prevalence",80,60
"PWY.7211..superpathway.of.pyrimidine.deoxyribonucleotides.de.novo.biosynthesis","Read_depth","Read_depth","Read_depth",0.741395759536686,0,0.429243935368646,0.0841293942991991,0.806291202298163,0.161181033613248,0.814635335278665,NA,"prevalence",80,70
"DARABCATK12.PWY..D.arabinose.degradation.I","Probiotics","Yes","ProbioticsYes",2.43617546488448,0,1.43080944912445,0.0886325720083186,0.827515140506985,0.169409411195828,0.831569491193348,NA,"prevalence",80,64
"PWY.6182..superpathway.of.salicylate.degradation","Read_depth","Read_depth","Read_depth",0.568132457241878,0,0.334128653177828,0.0890669101143326,0.830377654296701,0.112468268130557,0.775614098378524,NA,"prevalence",80,49
"PWY66.430..myristate.biosynthesis..mitochondria.","acetate","acetate","acetate",0.79366421864478,0,0.469631026818924,0.0910329314611253,0.836327785759046,0.0769747309773267,0.690253405782137,NA,"prevalence",80,52
"PWY.6435..4.hydroxybenzoate.biosynthesis.III..plants.","butyrate","butyrate","butyrate",-0.757813263232962,0,0.449474336391079,0.0917959998746644,0.837001026634961,0.0917959998746644,0.725541460547829,NA,"prevalence",80,12
"PWY.7209..superpathway.of.pyrimidine.ribonucleosides.degradation","Probiotics","Yes","ProbioticsYes",2.53984125985418,0,1.51191599134463,0.0929801735864089,0.841951502889344,0.177315034492659,0.836059034529441,NA,"prevalence",80,60
"PWY.7723..bacterial.bioluminescence","Delivery_mode","C-section","Delivery_modeC-section",-1.0828299157686,0,0.644890062791569,0.0931340636131055,0.842376754470776,0.177594173421121,0.836575418637029,NA,"prevalence",80,19
"PWY.6396..superpathway.of.2.3.butanediol.biosynthesis","Probiotics","Yes","ProbioticsYes",-2.37772371931378,0,1.41970135939628,0.0939723891590739,0.845107855930575,0.0939723891590739,0.739189510897213,NA,"prevalence",80,12
"PWY66.430..myristate.biosynthesis..mitochondria.","Read_depth","Read_depth","Read_depth",0.634135260241126,0,0.378446872347293,0.0938115549488315,0.845107855930575,0.178822502055745,0.836884810553953,NA,"prevalence",80,52
"PWY.4984..urea.cycle","acetate","acetate","acetate",0.560101524165712,0,0.335325612344433,0.0948558044100926,0.847109470634463,0.1807139851899,0.838278267851418,NA,"prevalence",80,58
"PWY.7094..fatty.acid.salvage","isobutyrate","isobutyrate","isobutyrate",0.659532691296358,0,0.394970605783879,0.0949535418702111,0.847109470634463,0.180890908626724,0.838278267851418,NA,"prevalence",80,72
"PWY.822..fructan.biosynthesis","Antibiotics","Yes","AntibioticsYes",-1.78861942762434,0,1.07055568414327,0.0947731876071358,0.847109470634463,0.0947731876071358,0.741938668695863,NA,"prevalence",80,34
"PWY0.1337..oleate..beta..oxidation","isobutyrate","isobutyrate","isobutyrate",0.659532691296358,0,0.394970605783879,0.0949535418702111,0.847109470634463,0.180890908626724,0.838278267851418,NA,"prevalence",80,72
"PWY.7616..methanol.oxidation.to.carbon.dioxide","Antibiotics","Yes","AntibioticsYes",-1.41143939138458,0,0.847313951716477,0.0957570630715307,0.848138371776243,0.182344711014976,0.842734049007631,NA,"prevalence",80,41
"FUC.RHAMCAT.PWY..superpathway.of.fucose.and.rhamnose.degradation","propionate","propionate","propionate",0.498823432376545,0,0.301889711671222,0.0984659436104005,0.854424849005619,0.187236345169714,0.847368824047296,NA,"prevalence",80,74
"FUCCAT.PWY..fucose.degradation","propionate","propionate","propionate",0.498823432376545,0,0.301889711671222,0.0984659436104005,0.854424849005619,0.187236345169714,0.847368824047296,NA,"prevalence",80,74
"P23.PWY..reductive.TCA.cycle.I","Read_depth","Read_depth","Read_depth",0.447239961920665,0,0.270654003367227,0.0984445403086477,0.854424849005619,0.187197753100714,0.847368824047296,NA,"prevalence",80,52
"PWY.5705..allantoin.degradation.to.glyoxylate.III","Antibiotics","Yes","AntibioticsYes",1.32728354319267,0,0.803307925095759,0.0984790255010285,0.854424849005619,0.187259932538425,0.847368824047296,NA,"prevalence",80,46
"PWY.6168..flavin.biosynthesis.III..fungi.","Delivery_mode","C-section","Delivery_modeC-section",-1.02752504447655,0,0.620043285861404,0.0974825307457368,0.854424849005619,0.18546221769088,0.847368824047296,NA,"prevalence",80,36
"PWY.6182..superpathway.of.salicylate.degradation","Antibiotics","Yes","AntibioticsYes",-1.58032663050606,0,0.955261978717439,0.0980587627674045,0.854424849005619,0.186502004579335,0.847368824047296,NA,"prevalence",80,49
"PWY.7294..D.xylose.degradation.IV","acetate","acetate","acetate",-0.767632016557482,0,0.463172113798549,0.0974514763591339,0.854424849005619,0.185406162473693,0.847368824047296,NA,"prevalence",80,19
"PWY.7434..terminal.O.glycans.residues.modification..via.type.2.precursor.disaccharide.","isobutyrate","isobutyrate","isobutyrate",-0.630048079481289,0,0.380912958863447,0.0981178874220549,0.854424849005619,0.0981178874220549,0.746358414346301,NA,"prevalence",80,13
"PWY.7873..D.erythronate.degradation.II","Read_depth","Read_depth","Read_depth",-0.427539991799619,0,0.257684899539887,0.0970839355248543,0.854424849005619,0.184742580512715,0.847368824047296,NA,"prevalence",80,25
"PROTOCATECHUATE.ORTHO.CLEAVAGE.PWY..protocatechuate.degradation.II..ortho.cleavage.pathway.","Antibiotics","Yes","AntibioticsYes",-1.59471441963695,0,0.966551124031711,0.0989630266939994,0.856737059665194,0.188132372735562,0.847368824047296,NA,"prevalence",80,54
"PWY.7165..L.ascorbate.biosynthesis.VIII..engineered.pathway.","butyrate","butyrate","butyrate",-0.569008252159869,0,0.34478652369228,0.0988774110755825,0.856737059665194,0.187978079730155,0.847368824047296,NA,"prevalence",80,39
"COLANSYN.PWY..colanic.acid.building.blocks.biosynthesis","Read_depth","Read_depth","Read_depth",-0.536423939180597,0,0.326108779247022,0.0999856230369165,0.856981274931775,0.189974121259753,0.848688737366939,NA,"prevalence",80,60
"PROTOCATECHUATE.ORTHO.CLEAVAGE.PWY..protocatechuate.degradation.II..ortho.cleavage.pathway.","Read_depth","Read_depth","Read_depth",0.604501875553199,0,0.367677682828024,0.100153864425653,0.856981274931775,0.0761292684701584,0.687673172334837,NA,"prevalence",80,54
"PWY.7392..taxadiene.biosynthesis..engineered.","Antibiotics","Yes","AntibioticsYes",-2.11129679190175,0,1.28025850842364,0.0991235521320662,0.856981274931775,0.188421625676854,0.847897315545843,NA,"prevalence",80,71
"PWY0.41..allantoin.degradation.IV..anaerobic.","Delivery_mode","C-section","Delivery_modeC-section",-1.01594158052734,0,0.617278027762086,0.0997964672534223,0.856981274931775,0.189633599630581,0.848677399679941,NA,"prevalence",80,33
"X3.HYDROXYPHENYLACETATE.DEGRADATION.PWY..4.hydroxyphenylacetate.degradation","butyrate","butyrate","butyrate",-0.59867173901975,0,0.36332155604911,0.0993990984581741,0.856981274931775,0.18891801614205,0.848223153754969,NA,"prevalence",80,56
"ALLANTOINDEG.PWY..superpathway.of.allantoin.degradation.in.yeast","Probiotics","Yes","ProbioticsYes",-1.78760344173459,0,1.08991786931874,0.100978817654821,0.857908830251578,0.191760913694677,0.849508408582616,NA,"prevalence",80,27
"P621.PWY..nylon.6.oligomer.degradation","Sex","Female","SexFemale",0.843760462558343,0,0.514732924203717,0.101167466781381,0.857908830251578,0.192100077227799,0.849508408582616,NA,"prevalence",80,42
"PWY.5656..mannosylglycerate.biosynthesis.I","Read_depth","Read_depth","Read_depth",-0.411256282525504,0,0.250723852206701,0.100947822319798,0.857908830251578,0.191705181808486,0.849508408582616,NA,"prevalence",80,39
"PWY.7616..methanol.oxidation.to.carbon.dioxide","Delivery_mode","C-section","Delivery_modeC-section",-1.01029388468257,0,0.616638502026253,0.101340522979732,0.858297256113235,0.192411144361658,0.849508408582616,NA,"prevalence",80,41
"CRNFORCAT.PWY..creatinine.degradation.I","butyrate","butyrate","butyrate",-0.672347675113264,0,0.411167302362358,0.102003610270181,0.859448600757735,0.19360248403221,0.849508408582616,NA,"prevalence",80,19
"KDO.NAGLIPASYN.PWY..superpathway.of..Kdo.2.lipid.A.biosynthesis","Delivery_mode","C-section","Delivery_modeC-section",-1.04823597162112,0,0.643877548928572,0.103523791797596,0.864857297753409,0.196330408127041,0.850664434462366,NA,"prevalence",80,48
"PWY.7237..myo...chiro..and.scyllo.inositol.degradation","Probiotics","Yes","ProbioticsYes",2.33121564122657,0,1.43042717728434,0.103157752438386,0.864857297753409,0.176978336530416,0.836059034529441,NA,"prevalence",80,64
"PWY.7396..butanol.and.isobutanol.biosynthesis..engineered.","acetate","acetate","acetate",0.625363496758002,0,0.384537451332922,0.103891248796851,0.867007688582197,0.196989106017133,0.851097453069647,NA,"prevalence",80,45
"AST.PWY..L.arginine.degradation.II..AST.pathway.","propionate","propionate","propionate",0.545435305117023,0,0.340513439835909,0.109199273236435,0.86830642478118,0.206474065197505,0.858073914712386,NA,"prevalence",80,76
"FASYN.INITIAL.PWY..superpathway.of.fatty.acid.biosynthesis.initiation..E..coli.","Delivery_mode","C-section","Delivery_modeC-section",-1.08681208142718,0,0.670875109877105,0.105234068926336,0.86830642478118,0.19939392858988,0.854398753082031,NA,"prevalence",80,38
"GALACT.GLUCUROCAT.PWY..superpathway.of.hexuronide.and.hexuronate.degradation","butyrate","butyrate","butyrate",-0.51359958481884,0,0.320866367895605,0.10945112330684,0.86830642478118,0.206922698220551,0.858073914712386,NA,"prevalence",80,47
"GLUCARDEG.PWY..D.glucarate.degradation.I","propionate","propionate","propionate",0.545435305117023,0,0.340513439835909,0.109199273236435,0.86830642478118,0.206474065197505,0.858073914712386,NA,"prevalence",80,76
"GLYOXYLATE.BYPASS..glyoxylate.cycle","propionate","propionate","propionate",0.545435305117023,0,0.340513439835909,0.109199273236435,0.86830642478118,0.206474065197505,0.858073914712386,NA,"prevalence",80,76
"PWY.5005..biotin.biosynthesis.II","isobutyrate","isobutyrate","isobutyrate",-0.681613644231655,0,0.42571322598405,0.109352588435119,0.86830642478118,0.206747188272778,0.858073914712386,NA,"prevalence",80,67
"PWY.5392..reductive.TCA.cycle.II","Termness","preterm","Termnesspreterm",1.52830778847243,0,0.948419747026322,0.107087007625308,0.86830642478118,0.202706388048474,0.858073914712386,NA,"prevalence",80,36
"PWY.5654..2.amino.3.carboxymuconate.semialdehyde.degradation.to.2.hydroxypentadienoate","Read_depth","Read_depth","Read_depth",0.581179080813207,0,0.361143938519087,0.107556725931667,0.86830642478118,0.203545002570193,0.858073914712386,NA,"prevalence",80,19
"PWY.5723..Rubisco.shunt","propionate","propionate","propionate",0.545435305117023,0,0.340513439835909,0.109199273236435,0.86830642478118,0.206474065197505,0.858073914712386,NA,"prevalence",80,76
"PWY.5855..ubiquinol.7.biosynthesis..early.decarboxylation.","propionate","propionate","propionate",0.545435305117023,0,0.340513439835909,0.109199273236435,0.86830642478118,0.206474065197505,0.858073914712386,NA,"prevalence",80,76
"PWY.6210..2.aminophenol.degradation","Read_depth","Read_depth","Read_depth",0.581179080813207,0,0.361143938519087,0.107556725931667,0.86830642478118,0.203545002570193,0.858073914712386,NA,"prevalence",80,19
"PWY.7094..fatty.acid.salvage","Delivery_mode","C-section","Delivery_modeC-section",-1.47156375604762,0,0.919145110100568,0.109373922762994,0.86830642478118,0.206785190545422,0.858073914712386,NA,"prevalence",80,72
"PWY.7118..chitin.deacetylation","propionate","propionate","propionate",0.545435305117023,0,0.340513439835909,0.109199273236435,0.86830642478118,0.206474065197505,0.858073914712386,NA,"prevalence",80,76
"PWY.7245..superpathway.of.NAD.NADP...NADH.NADPH.interconversion..yeast.","Termness","preterm","Termnesspreterm",1.47715055591412,0,0.913375176481222,0.105825614458713,0.86830642478118,0.200452168241862,0.856698521463484,NA,"prevalence",80,25
"PWY.7315..dTDP.N.acetylthomosamine.biosynthesis","propionate","propionate","propionate",0.545435305117023,0,0.340513439835909,0.109199273236435,0.86830642478118,0.206474065197505,0.858073914712386,NA,"prevalence",80,76
"PWY.7383..anaerobic.energy.metabolism..invertebrates..cytosol.","acetate","acetate","acetate",-0.431190341757887,0,0.269630370551242,0.10977826847957,0.86830642478118,0.0797756275677379,0.698851501179544,NA,"prevalence",80,27
"PWY.7434..terminal.O.glycans.residues.modification..via.type.2.precursor.disaccharide.","Probiotics","Yes","ProbioticsYes",-2.35826104089443,0,1.46583885465696,0.107657172417244,0.86830642478118,0.107657172417244,0.767622553022688,NA,"prevalence",80,13
"PWY.8131..5..deoxyadenosine.degradation.II","isobutyrate","isobutyrate","isobutyrate",0.697196951033547,0,0.432330153807345,0.106820705601569,0.86830642478118,0.202230748057921,0.858073914712386,NA,"prevalence",80,71
"PWY0.1337..oleate..beta..oxidation","Delivery_mode","C-section","Delivery_modeC-section",-1.47156375604762,0,0.919145110100568,0.109373922762994,0.86830642478118,0.206785190545422,0.858073914712386,NA,"prevalence",80,72
"PWY66.399..gluconeogenesis.III","acetate","acetate","acetate",-0.431190341757887,0,0.269630370551242,0.10977826847957,0.86830642478118,0.0673702235795068,0.652710385570562,NA,"prevalence",80,27
"THREOCAT.PWY..superpathway.of.L.threonine.metabolism","Read_depth","Read_depth","Read_depth",0.555501590948307,0,0.345042916773758,0.107408932242977,0.86830642478118,0.203281185760377,0.858073914712386,NA,"prevalence",80,51
"X3.HYDROXYPHENYLACETATE.DEGRADATION.PWY..4.hydroxyphenylacetate.degradation","propionate","propionate","propionate",0.560814647373818,0,0.349697181460516,0.108776867803623,0.86830642478118,0.205721328638079,0.858073914712386,NA,"prevalence",80,56
"PWY.5972..stearate.biosynthesis.I..animals.","Termness","preterm","Termnesspreterm",1.5717538147712,0,0.983292605303462,0.109940659471313,0.868718671328993,0.207794370337639,0.858684494353374,NA,"prevalence",80,29
"PWY.7340..9.cis..11.trans.octadecadienoyl.CoA.degradation..isomerase.dependent..yeast.","propionate","propionate","propionate",0.535022668475522,0,0.33484927459813,0.110087163880843,0.86900468642613,0.208055144110357,0.858684494353374,NA,"prevalence",80,48
"PWY.7268..cytosolic.NADPH.production..yeast.","Termness","preterm","Termnesspreterm",1.44061020987047,0,0.902525499709928,0.110444393130856,0.870951880965852,0.208690822287669,0.860587905955506,NA,"prevalence",80,26
"P124.PWY..Bifidobacterium.shunt","Feeding_method","Breastfed","Feeding_methodBreastfed",-0.849466329204009,0,0.534915015839323,0.11227734194968,0.871432054200204,0.211948482384075,0.864623585705755,NA,"prevalence",80,32
"PWY.7456...beta...1.4..mannan.degradation","propionate","propionate","propionate",0.726578576500588,0,0.456878554127871,0.111764924403795,0.871432054200204,0.111764924403795,0.775614098378524,NA,"prevalence",80,10
"PWY.7616..methanol.oxidation.to.carbon.dioxide","isobutyrate","isobutyrate","isobutyrate",0.501391645505095,0,0.315825218625506,0.112385753626226,0.871432054200204,0.212140949634317,0.86469352363343,NA,"prevalence",80,41
"PWY.7783..plasmalogen.degradation","Termness","preterm","Termnesspreterm",1.74261918884453,0,1.09473696007718,0.111426181282007,0.871432054200204,0.210436568688923,0.863061862332944,NA,"prevalence",80,42
"PWY66.430..myristate.biosynthesis..mitochondria.","Termness","preterm","Termnesspreterm",1.85041795690551,0,1.16055524467177,0.11084094207129,0.871432054200204,0.209396169703328,0.862055015840413,NA,"prevalence",80,52
"CATECHOL.ORTHO.CLEAVAGE.PWY..catechol.degradation.to..beta..ketoadipate","Read_depth","Read_depth","Read_depth",0.514919902893533,0,0.325161790740719,0.113289192115716,0.874150416574579,0.0247248017701141,0.500563824878618,NA,"prevalence",80,54
"KETOGLUCONMET.PWY..ketogluconate.metabolism","propionate","propionate","propionate",0.458555303968357,0,0.292107487429165,0.116457687953412,0.874938925363959,0.21935298282337,0.86756868522252,NA,"prevalence",80,68
"P185.PWY..formaldehyde.assimilation.III..dihydroxyacetone.cycle.","Delivery_mode","C-section","Delivery_modeC-section",-1.55345715762297,0,0.98345883143472,0.114201857544086,0.874938925363959,0.0327205349893804,0.529706124762509,NA,"prevalence",80,70
"PWY.181..photorespiration","Delivery_mode","C-section","Delivery_modeC-section",1.18256097379538,0,0.749987022451899,0.114847248778988,0.874938925363959,0.216504607005873,0.866354983134235,NA,"prevalence",80,16
"PWY.5505..L.glutamate.and.L.glutamine.biosynthesis","Delivery_mode","C-section","Delivery_modeC-section",-1.04674075484647,0,0.664014376005316,0.11493763983761,0.874938925363959,0.216664618623779,0.866354983134235,NA,"prevalence",80,54
"PWY.561..superpathway.of.glyoxylate.cycle.and.fatty.acid.degradation","butyrate","butyrate","butyrate",-0.687649700076013,0,0.437465483945225,0.1159749609586,0.874938925363959,0.218499730347851,0.86756868522252,NA,"prevalence",80,74
"PWY.561..superpathway.of.glyoxylate.cycle.and.fatty.acid.degradation","isobutyrate","isobutyrate","isobutyrate",0.681062669362558,0,0.433330012407926,0.116021272597609,0.874938925363959,0.218581609500049,0.86756868522252,NA,"prevalence",80,74
"PWY.7209..superpathway.of.pyrimidine.ribonucleosides.degradation","isobutyrate","isobutyrate","isobutyrate",0.538586669829478,0,0.341806280988121,0.115093262387532,0.874938925363959,0.216940065728058,0.866354983134235,NA,"prevalence",80,60
"TCA.GLYOX.BYPASS..superpathway.of.glyoxylate.bypass.and.TCA","butyrate","butyrate","butyrate",-0.687649700076013,0,0.437465483945225,0.1159749609586,0.874938925363959,0.218499730347851,0.86756868522252,NA,"prevalence",80,74
"TCA.GLYOX.BYPASS..superpathway.of.glyoxylate.bypass.and.TCA","isobutyrate","isobutyrate","isobutyrate",0.681062669362558,0,0.433330012407926,0.116021272597609,0.874938925363959,0.218581609500049,0.86756868522252,NA,"prevalence",80,74
"ECASYN.PWY..enterobacterial.common.antigen.biosynthesis","butyrate","butyrate","butyrate",-0.672276225470498,0,0.428949741538577,0.117053683938844,0.875734968727649,0.220405802954033,0.86756868522252,NA,"prevalence",80,74
"PWY.8011..L.serine.biosynthesis.II","propionate","propionate","propionate",-0.55452480661825,0,0.353986816114592,0.117228661846814,0.876211952589375,0.220714764535234,0.86756868522252,NA,"prevalence",80,49
"PWY.6435..4.hydroxybenzoate.biosynthesis.III..plants.","Probiotics","Yes","ProbioticsYes",-2.26512433437033,0,1.44690403463875,0.117466354057907,0.876515632322959,0.117466354057907,0.775614098378524,NA,"prevalence",80,12
"ALLANTOINDEG.PWY..superpathway.of.allantoin.degradation.in.yeast","Delivery_mode","C-section","Delivery_modeC-section",1.09628383361663,0,0.737508544834535,0.137155023037464,0.877973026030438,0.25549854573052,0.880494562511276,NA,"prevalence",80,27
"CARNMET.PWY..L.carnitine.degradation.I","Delivery_mode","C-section","Delivery_modeC-section",-0.957480136244872,0,0.613332045974061,0.11849728133178,0.877973026030438,0.222952956980536,0.869763026261697,NA,"prevalence",80,43
"COLANSYN.PWY..colanic.acid.building.blocks.biosynthesis","Sex","Female","SexFemale",-0.862067576023638,0,0.574852586997674,0.133709645017354,0.877973026030438,0.249541020864041,0.880494562511276,NA,"prevalence",80,60
"CRNFORCAT.PWY..creatinine.degradation.I","Read_depth","Read_depth","Read_depth",0.60556213905873,0,0.39272309545646,0.123084035137115,0.877973026030438,0.231018390568596,0.87658956681219,NA,"prevalence",80,19
"DHGLUCONATE.PYR.CAT.PWY..glucose.degradation..oxidative.","Delivery_mode","C-section","Delivery_modeC-section",-1.26102702409975,0,0.840099319587518,0.133343879469914,0.877973026030438,0.133343879469914,0.789498215540953,NA,"prevalence",80,12
"FAO.PWY..fatty.acid..beta..oxidation.I..generic.","Delivery_mode","C-section","Delivery_modeC-section",-1.63994705069987,0,1.10678984233405,0.138416158711577,0.877973026030438,0.257673284430685,0.880494562511276,NA,"prevalence",80,75
"FAO.PWY..fatty.acid..beta..oxidation.I..generic.","isobutyrate","isobutyrate","isobutyrate",0.671172888322093,0,0.443678701783359,0.130344358027542,0.877973026030438,0.243699064385472,0.880494562511276,NA,"prevalence",80,75
"GOLPDLCAT.PWY..superpathway.of.glycerol.degradation.to.1.3.propanediol","Read_depth","Read_depth","Read_depth",0.690632494742352,0,0.444301743408171,0.120083740512297,0.877973026030438,0.0330206987027973,0.529706124762509,NA,"prevalence",80,68
"HCAMHPDEG.PWY..3.phenylpropanoate.and.3..3.hydroxyphenyl.propanoate.degradation.to.2.hydroxypentadienoate","Read_depth","Read_depth","Read_depth",0.569615142153924,0,0.377687160738026,0.131511906060151,0.877973026030438,0.245728430684728,0.880494562511276,NA,"prevalence",80,54
"KDO.NAGLIPASYN.PWY..superpathway.of..Kdo.2.lipid.A.biosynthesis","propionate","propionate","propionate",0.453195432653024,0,0.300879529794257,0.132006726133925,0.877973026030438,0.246587676523252,0.880494562511276,NA,"prevalence",80,48
"LIPA.CORESYN.PWY..lipid.A.core.biosynthesis..E..coli.K.12.","butyrate","butyrate","butyrate",-0.619714133277447,0,0.409702203912667,0.130382175338796,0.877973026030438,0.130382175338796,0.788011685336088,NA,"prevalence",80,11
"LIPA.CORESYN.PWY..lipid.A.core.biosynthesis..E..coli.K.12.","propionate","propionate","propionate",0.770661542481528,0,0.511570506582995,0.131948608016849,0.877973026030438,0.131948608016849,0.788011685336088,NA,"prevalence",80,11
"LPSSYN.PWY..superpathway.of.lipopolysaccharide.biosynthesis","butyrate","butyrate","butyrate",-0.619714133277447,0,0.409702203912667,0.130382175338796,0.877973026030438,0.130382175338796,0.788011685336088,NA,"prevalence",80,11
"LPSSYN.PWY..superpathway.of.lipopolysaccharide.biosynthesis","propionate","propionate","propionate",0.770661542481528,0,0.511570506582995,0.131948608016849,0.877973026030438,0.131948608016849,0.788011685336088,NA,"prevalence",80,11
"ORNDEG.PWY..superpathway.of.ornithine.degradation","Delivery_mode","C-section","Delivery_modeC-section",-1.63994705069987,0,1.10678984233405,0.138416158711577,0.877973026030438,0.257673284430685,0.880494562511276,NA,"prevalence",80,75
"ORNDEG.PWY..superpathway.of.ornithine.degradation","isobutyrate","isobutyrate","isobutyrate",0.671172888322093,0,0.443678701783359,0.130344358027542,0.877973026030438,0.243699064385472,0.880494562511276,NA,"prevalence",80,75
"P108.PWY..pyruvate.fermentation.to.propanoate.I","Delivery_mode","C-section","Delivery_modeC-section",-1.63061604479212,0,1.05900999202342,0.123620058313514,0.877973026030438,0.231958197809592,0.876913946711319,NA,"prevalence",80,72
"PWY.2221..Entner.Doudoroff.pathway.III..semi.phosphorylative.","Antibiotics","Yes","AntibioticsYes",1.92497309981732,0,1.27296473779793,0.130483825482081,0.877973026030438,0.130483825482081,0.788011685336088,NA,"prevalence",80,10
"PWY.2942..L.lysine.biosynthesis.III","isobutyrate","isobutyrate","isobutyrate",-0.675043018723645,0,0.451702648203988,0.135060356520289,0.877973026030438,0.251879413137191,0.880494562511276,NA,"prevalence",80,52
"PWY.3801..sucrose.degradation.II..sucrose.synthase.","acetate","acetate","acetate",0.487737147435455,0,0.312573449431877,0.118667245834956,0.877973026030438,0.173621029223888,0.834457920240061,NA,"prevalence",80,46
"PWY.4984..urea.cycle","Sex","Female","SexFemale",-0.833789682773575,0,0.558369562832658,0.135369727799146,0.877973026030438,0.246482386938091,0.880494562511276,NA,"prevalence",80,58
"PWY.5005..biotin.biosynthesis.II","Read_depth","Read_depth","Read_depth",0.452954102869927,0,0.304559078086562,0.136949996320577,0.877973026030438,0.255144691148947,0.880494562511276,NA,"prevalence",80,67
"PWY.5030..L.histidine.degradation.III","Delivery_mode","C-section","Delivery_modeC-section",-0.988379654414165,0,0.659154733791969,0.13375296272746,0.877973026030438,0.0901080341307238,0.721132089838405,NA,"prevalence",80,23
"PWY.5138..fatty.acid..beta..oxidation.IV..unsaturated..even.number.","Delivery_mode","C-section","Delivery_modeC-section",-1.63994705069987,0,1.10678984233405,0.138416158711577,0.877973026030438,0.257673284430685,0.880494562511276,NA,"prevalence",80,75
"PWY.5138..fatty.acid..beta..oxidation.IV..unsaturated..even.number.","isobutyrate","isobutyrate","isobutyrate",0.671172888322093,0,0.443678701783359,0.130344358027542,0.877973026030438,0.243699064385472,0.880494562511276,NA,"prevalence",80,75
"PWY.5180..toluene.degradation.I..aerobic...via.o.cresol.","Termness","preterm","Termnesspreterm",2.31609029288101,0,1.53952259123943,0.132472970942849,0.877973026030438,0.247396853855274,0.880494562511276,NA,"prevalence",80,52
"PWY.5415..catechol.degradation.I..meta.cleavage.pathway.","Termness","preterm","Termnesspreterm",2.31609029288101,0,1.53952259123943,0.132472970942849,0.877973026030438,0.247396853855274,0.880494562511276,NA,"prevalence",80,52
"PWY.561..superpathway.of.glyoxylate.cycle.and.fatty.acid.degradation","Delivery_mode","C-section","Delivery_modeC-section",-1.67336071346974,0,1.08990751351629,0.124704363035744,0.877973026030438,0.233857547911338,0.876913946711319,NA,"prevalence",80,74
"PWY.5654..2.amino.3.carboxymuconate.semialdehyde.degradation.to.2.hydroxypentadienoate","Probiotics","Yes","ProbioticsYes",2.46073325826375,0,1.61942610123579,0.128634312137802,0.877973026030438,0.128634312137802,0.788011685336088,NA,"prevalence",80,19
"PWY.5656..mannosylglycerate.biosynthesis.I","Delivery_mode","C-section","Delivery_modeC-section",-0.967491080745593,0,0.652116055418677,0.137910306478288,0.877973026030438,0.256801360323642,0.880494562511276,NA,"prevalence",80,39
"PWY.5656..mannosylglycerate.biosynthesis.I","Probiotics","Yes","ProbioticsYes",1.84331926402067,0,1.18210901679874,0.118914050104294,0.877973026030438,0.223687548896381,0.869763026261697,NA,"prevalence",80,39
"PWY.5656..mannosylglycerate.biosynthesis.I","Termness","preterm","Termnesspreterm",-1.67304557361727,0,1.08136685006927,0.121825106158653,0.877973026030438,0.228808855826739,0.875598170740482,NA,"prevalence",80,39
"PWY.5850..superpathway.of.menaquinol.6.biosynthesis","Delivery_mode","C-section","Delivery_modeC-section",-1.63994705069987,0,1.10678984233405,0.138416158711577,0.877973026030438,0.257673284430685,0.880494562511276,NA,"prevalence",80,75
"PWY.5850..superpathway.of.menaquinol.6.biosynthesis","isobutyrate","isobutyrate","isobutyrate",0.671172888322093,0,0.443678701783359,0.130344358027542,0.877973026030438,0.243699064385472,0.880494562511276,NA,"prevalence",80,75
"PWY.5860..superpathway.of.demethylmenaquinol.6.biosynthesis.I","Delivery_mode","C-section","Delivery_modeC-section",-1.63994705069987,0,1.10678984233405,0.138416158711577,0.877973026030438,0.257673284430685,0.880494562511276,NA,"prevalence",80,75
"PWY.5860..superpathway.of.demethylmenaquinol.6.biosynthesis.I","isobutyrate","isobutyrate","isobutyrate",0.671172888322093,0,0.443678701783359,0.130344358027542,0.877973026030438,0.243699064385472,0.880494562511276,NA,"prevalence",80,75
"PWY.5896..superpathway.of.menaquinol.10.biosynthesis","Delivery_mode","C-section","Delivery_modeC-section",-1.63994705069987,0,1.10678984233405,0.138416158711577,0.877973026030438,0.257673284430685,0.880494562511276,NA,"prevalence",80,75
"PWY.5896..superpathway.of.menaquinol.10.biosynthesis","isobutyrate","isobutyrate","isobutyrate",0.671172888322093,0,0.443678701783359,0.130344358027542,0.877973026030438,0.243699064385472,0.880494562511276,NA,"prevalence",80,75
"PWY.5910..superpathway.of.geranylgeranyldiphosphate.biosynthesis.I..via.mevalonate.","acetate","acetate","acetate",0.442894784478479,0,0.296085059955259,0.134696315866562,0.877973026030438,0.251249534225099,0.880494562511276,NA,"prevalence",80,71
"PWY.5972..stearate.biosynthesis.I..animals.","propionate","propionate","propionate",0.665695190871095,0,0.434690705755693,0.12566497069718,0.877973026030438,0.235538256534036,0.876913946711319,NA,"prevalence",80,29
"PWY.5972..stearate.biosynthesis.I..animals.","Read_depth","Read_depth","Read_depth",-0.447103096293209,0,0.287859552048089,0.120375659982379,0.877973026030438,0.226261020448565,0.873176332435308,NA,"prevalence",80,29
"PWY.6210..2.aminophenol.degradation","Probiotics","Yes","ProbioticsYes",2.46073325826375,0,1.61942610123579,0.128634312137802,0.877973026030438,0.128634312137802,0.788011685336088,NA,"prevalence",80,19
"PWY.6215..4.chlorobenzoate.degradation","Termness","preterm","Termnesspreterm",2.03012691849663,0,1.30410099647241,0.119535736772523,0.877973026030438,0.119535736772523,0.775614098378524,NA,"prevalence",80,12
"PWY.622..starch.biosynthesis","Delivery_mode","C-section","Delivery_modeC-section",-1.16197208044516,0,0.758020135302821,0.125299515719936,0.877973026030438,0.234899062800221,0.876913946711319,NA,"prevalence",80,65
"PWY.6396..superpathway.of.2.3.butanediol.biosynthesis","Antibiotics","Yes","AntibioticsYes",1.95475082238474,0,1.25961605569594,0.120695146159844,0.877973026030438,0.120695146159844,0.775614098378524,NA,"prevalence",80,12
"PWY.6545..pyrimidine.deoxyribonucleotides.de.novo.biosynthesis.III","propionate","propionate","propionate",0.523340495121084,0,0.336151507477813,0.119503968889871,0.877973026030438,0.224726739199311,0.871346130291668,NA,"prevalence",80,74
"PWY.6690..cinnamate.and.3.hydroxycinnamate.degradation.to.2.hydroxypentadienoate","Read_depth","Read_depth","Read_depth",0.569615142153924,0,0.377687160738026,0.131511906060151,0.877973026030438,0.245728430684728,0.880494562511276,NA,"prevalence",80,54
"PWY.6731..starch.degradation.III","isobutyrate","isobutyrate","isobutyrate",0.549718178976389,0,0.366958312056581,0.134122894228149,0.877973026030438,0.250256837700163,0.880494562511276,NA,"prevalence",80,68
"PWY.6803..phosphatidylcholine.acyl.editing","Delivery_mode","C-section","Delivery_modeC-section",-1.63994705069987,0,1.10678984233405,0.138416158711577,0.877973026030438,0.257673284430685,0.880494562511276,NA,"prevalence",80,75
"PWY.6803..phosphatidylcholine.acyl.editing","isobutyrate","isobutyrate","isobutyrate",0.671172888322093,0,0.443678701783359,0.130344358027542,0.877973026030438,0.243699064385472,0.880494562511276,NA,"prevalence",80,75
"PWY.6992..1.5.anhydrofructose.degradation","propionate","propionate","propionate",0.59849687296849,0,0.384301540301358,0.119384403810642,0.877973026030438,0.224516171748061,0.871214601936616,NA,"prevalence",80,26
"PWY.7185..UTP.and.CTP.dephosphorylation.I","acetate","acetate","acetate",-0.980707079548929,0,0.632442813610631,0.120981931690728,0.877973026030438,0.227327235585837,0.874237645482712,NA,"prevalence",80,67
"PWY.7185..UTP.and.CTP.dephosphorylation.I","butyrate","butyrate","butyrate",-0.572360546676706,0,0.380702607777725,0.132727636793853,0.877973026030438,0.247838648018825,0.880494562511276,NA,"prevalence",80,67
"PWY.7200..superpathway.of.pyrimidine.deoxyribonucleoside.salvage","Delivery_mode","C-section","Delivery_modeC-section",1.12537733257758,0,0.736399777665177,0.1264591164073,0.877973026030438,0.236926324692086,0.87924803113722,NA,"prevalence",80,59
"PWY.7209..superpathway.of.pyrimidine.ribonucleosides.degradation","Read_depth","Read_depth","Read_depth",0.589139990396094,0,0.390300455925831,0.131183190861598,0.877973026030438,0.245157352158565,0.880494562511276,NA,"prevalence",80,60
"PWY.7210..pyrimidine.deoxyribonucleotides.biosynthesis.from.CTP","acetate","acetate","acetate",-0.980707079548929,0,0.632442813610631,0.120981931690728,0.877973026030438,0.227327235585837,0.874237645482712,NA,"prevalence",80,67
"PWY.7210..pyrimidine.deoxyribonucleotides.biosynthesis.from.CTP","butyrate","butyrate","butyrate",-0.572360546676706,0,0.380702607777725,0.132727636793853,0.877973026030438,0.247838648018825,0.880494562511276,NA,"prevalence",80,67
"PWY.7245..superpathway.of.NAD.NADP...NADH.NADPH.interconversion..yeast.","butyrate","butyrate","butyrate",-0.502157583375085,0,0.336787883904751,0.135956156216173,0.877973026030438,0.25342823601927,0.880494562511276,NA,"prevalence",80,25
"PWY.7385..1.3.propanediol.biosynthesis..engineered.","butyrate","butyrate","butyrate",-0.518684305883856,0,0.344983203441717,0.132708618642294,0.877973026030438,0.247805659822642,0.880494562511276,NA,"prevalence",80,39
"PWY.7388..octanoyl..acyl.carrier.protein..biosynthesis..mitochondria..yeast.","Read_depth","Read_depth","Read_depth",0.561930080269936,0,0.366986185170102,0.125719409638285,0.877973026030438,0.235633449316771,0.876913946711319,NA,"prevalence",80,56
"PWY.7446..sulfoquinovose.degradation.I","Ethnicity","European","EthnicityEuropean",-0.856402030274775,0,0.55534494477452,0.123047286414543,0.877973026030438,0.230953938135103,0.87658956681219,NA,"prevalence",80,41
"PWY.7616..methanol.oxidation.to.carbon.dioxide","propionate","propionate","propionate",0.416185414703674,0,0.280805408938573,0.138310166206207,0.877973026030438,0.257490630336426,0.880494562511276,NA,"prevalence",80,41
"PWY.7723..bacterial.bioluminescence","Probiotics","Yes","ProbioticsYes",-1.76952946761557,0,1.14621713427939,0.122636906418182,0.877973026030438,0.230234002020542,0.876507884642166,NA,"prevalence",80,19
"PWY.7783..plasmalogen.degradation","Antibiotics","Yes","AntibioticsYes",-1.29669756684737,0,0.843046574550753,0.124021953306018,0.877973026030438,0.232662461710195,0.876913946711319,NA,"prevalence",80,42
"PWY.7805...aminomethyl.phosphonate.degradation","Delivery_mode","C-section","Delivery_modeC-section",-0.91058663548547,0,0.606000369068452,0.132937760834564,0.877973026030438,0.248203073413421,0.880494562511276,NA,"prevalence",80,32
"PWY.7807..glyphosate.degradation.III","butyrate","butyrate","butyrate",-0.48893760267635,0,0.322265360438721,0.129218860959243,0.877973026030438,0.107152168326886,0.766600570934857,NA,"prevalence",80,36
"PWY.7874..L.threonate.degradation","Delivery_mode","C-section","Delivery_modeC-section",-0.928730590699373,0,0.619923893703994,0.134097798700934,0.877973026030438,0.201527371910305,0.858073914712386,NA,"prevalence",80,29
"PWY.7942..5.oxo.L.proline.metabolism","Delivery_mode","C-section","Delivery_modeC-section",-1.63994705069987,0,1.10678984233405,0.138416158711577,0.877973026030438,0.251448686292526,0.880494562511276,NA,"prevalence",80,75
"PWY.7942..5.oxo.L.proline.metabolism","isobutyrate","isobutyrate","isobutyrate",0.671172888322093,0,0.443678701783359,0.130344358027542,0.877973026030438,0.243699064385472,0.880494562511276,NA,"prevalence",80,75
"PWY0.1277..3.phenylpropanoate.and.3..3.hydroxyphenyl.propanoate.degradation","Read_depth","Read_depth","Read_depth",0.569615142153924,0,0.377687160738026,0.131511906060151,0.877973026030438,0.245728430684728,0.880494562511276,NA,"prevalence",80,54
"PWY0.1533..methylphosphonate.degradation.I","butyrate","butyrate","butyrate",-0.48893760267635,0,0.322265360438721,0.129218860959243,0.877973026030438,0.101573636389122,0.751066228892282,NA,"prevalence",80,36
"PWY0.301..L.ascorbate.degradation.I..bacterial..anaerobic.","Read_depth","Read_depth","Read_depth",0.584804525827271,0,0.378353316774059,0.122187380504566,0.877973026030438,0.229445005054564,0.875598170740482,NA,"prevalence",80,79
"PWY0.845..superpathway.of.pyridoxal.5..phosphate.biosynthesis.and.salvage","Delivery_mode","C-section","Delivery_modeC-section",-1.63994705069987,0,1.10678984233405,0.138416158711577,0.877973026030438,0.257673284430685,0.880494562511276,NA,"prevalence",80,75
"PWY0.845..superpathway.of.pyridoxal.5..phosphate.biosynthesis.and.salvage","isobutyrate","isobutyrate","isobutyrate",0.671172888322093,0,0.443678701783359,0.130344358027542,0.877973026030438,0.243699064385472,0.880494562511276,NA,"prevalence",80,75
"PYRIDOXSYN.PWY..pyridoxal.5..phosphate.biosynthesis.I","Delivery_mode","C-section","Delivery_modeC-section",-1.63994705069987,0,1.10678984233405,0.138416158711577,0.877973026030438,0.257673284430685,0.880494562511276,NA,"prevalence",80,75
"PYRIDOXSYN.PWY..pyridoxal.5..phosphate.biosynthesis.I","isobutyrate","isobutyrate","isobutyrate",0.671172888322093,0,0.443678701783359,0.130344358027542,0.877973026030438,0.243699064385472,0.880494562511276,NA,"prevalence",80,75
"TCA.GLYOX.BYPASS..superpathway.of.glyoxylate.bypass.and.TCA","Delivery_mode","C-section","Delivery_modeC-section",-1.67336071346974,0,1.08990751351629,0.124704363035744,0.877973026030438,0.233857547911338,0.876913946711319,NA,"prevalence",80,74
"P125.PWY..superpathway.of..R.R..butanediol.biosynthesis","Read_depth","Read_depth","Read_depth",0.480356652940564,0,0.325388914687385,0.13987574592153,0.8822587080623,0.260186267545955,0.882557545761108,NA,"prevalence",80,66
"PWY.8131..5..deoxyadenosine.degradation.II","Delivery_mode","C-section","Delivery_modeC-section",-1.4758551820332,0,1.00012582952606,0.140032637801228,0.882541696478459,0.189560241516734,0.848677399679941,NA,"prevalence",80,71
"COLANSYN.PWY..colanic.acid.building.blocks.biosynthesis","Termness","preterm","Termnesspreterm",-1.37601637065499,0,0.93441855594562,0.14086134873966,0.886346410040768,0.261880777910564,0.886596395877737,NA,"prevalence",80,60
"P562.PWY..myo.inositol.degradation.I","Antibiotics","Yes","AntibioticsYes",-1.23416973850124,0,0.847404923162263,0.145279073375867,0.886397909270727,0.269452137590783,0.889136783784339,NA,"prevalence",80,47
"PWY.3801..sucrose.degradation.II..sucrose.synthase.","Ethnicity","European","EthnicityEuropean",0.838202133278492,0,0.572329828246894,0.143045409560848,0.886397909270727,0.265628829925264,0.88868029898108,NA,"prevalence",80,46
"PWY.5417..catechol.degradation.III..ortho.cleavage.pathway.","butyrate","butyrate","butyrate",-0.49630627447779,0,0.339131762791206,0.143341144060698,0.886397909270727,0.266135604540765,0.88868029898108,NA,"prevalence",80,51
"PWY.5431..aromatic.compounds.degradation.via..beta..ketoadipate","butyrate","butyrate","butyrate",-0.49630627447779,0,0.339131762791206,0.143341144060698,0.886397909270727,0.266135604540765,0.88868029898108,NA,"prevalence",80,51
"PWY.5705..allantoin.degradation.to.glyoxylate.III","Delivery_mode","C-section","Delivery_modeC-section",-0.937699086441945,0,0.645315645771298,0.146199896574822,0.886397909270727,0.271025383391156,0.890932674777174,NA,"prevalence",80,46
"PWY.7209..superpathway.of.pyrimidine.ribonucleosides.degradation","Feeding_method","Breastfed","Feeding_methodBreastfed",0.95171378893709,0,0.647554954624005,0.14164207201719,0.886397909270727,0.263221667469057,0.888395023475027,NA,"prevalence",80,60
"PWY.7383..anaerobic.energy.metabolism..invertebrates..cytosol.","Termness","preterm","Termnesspreterm",-1.38099279109557,0,0.94445258535012,0.14368228676061,0.886397909270727,0.266719973992461,0.888826291710011,NA,"prevalence",80,27
"PWY.7783..plasmalogen.degradation","acetate","acetate","acetate",0.65294444192489,0,0.449428594136454,0.146270282057876,0.886397909270727,0.271145568702461,0.890932674777174,NA,"prevalence",80,42
"PWY.7805...aminomethyl.phosphonate.degradation","Ethnicity","European","EthnicityEuropean",0.812063427430829,0,0.557193017612555,0.145000885759759,0.886397909270727,0.253457742138772,0.880494562511276,NA,"prevalence",80,32
"PWY.7874..L.threonate.degradation","Ethnicity","European","EthnicityEuropean",0.821596381274273,0,0.565150747413583,0.146011467748386,0.886397909270727,0.176098788736036,0.836026392851311,NA,"prevalence",80,29
"PWY.922..mevalonate.pathway.I..eukaryotes.and.bacteria.","isobutyrate","isobutyrate","isobutyrate",0.568908961134666,0,0.390333459439075,0.14497986428227,0.886397909270727,0.268940567517235,0.889136783784339,NA,"prevalence",80,72
"PWY0.1338..polymyxin.resistance","Delivery_mode","C-section","Delivery_modeC-section",-1.62279640702154,0,1.10608463408152,0.142334188852735,0.886397909270727,0.264409356389104,0.88868029898108,NA,"prevalence",80,74
"PWY0.461..L.lysine.degradation.I","Probiotics","Yes","ProbioticsYes",1.65205746204235,0,1.13655585455764,0.146067031546517,0.886397909270727,0.0624569940267447,0.652710385570562,NA,"prevalence",80,36
"PWY0.881..superpathway.of.fatty.acid.biosynthesis.I..E..coli.","Probiotics","Yes","ProbioticsYes",2.45319667618221,0,1.68577710318475,0.145605062639909,0.886397909270727,0.145605062639909,0.800902568025061,NA,"prevalence",80,25
"PWY66.399..gluconeogenesis.III","Termness","preterm","Termnesspreterm",-1.38099279109557,0,0.94445258535012,0.14368228676061,0.886397909270727,0.266719973992461,0.888826291710011,NA,"prevalence",80,27
"PWY.6902..chitin.degradation.II..Vibrio.","Read_depth","Read_depth","Read_depth",0.517430562828956,0,0.356481630378215,0.146642652118817,0.887289411207402,0.271781236817193,0.89183731676898,NA,"prevalence",80,77
"CATECHOL.ORTHO.CLEAVAGE.PWY..catechol.degradation.to..beta..ketoadipate","Antibiotics","Yes","AntibioticsYes",-1.38552083201655,0,0.956894254307363,0.147635186209455,0.888095136942406,0.27347422421181,0.89183731676898,NA,"prevalence",80,54
"GALACT.GLUCUROCAT.PWY..superpathway.of.hexuronide.and.hexuronate.degradation","Feeding_method","Breastfed","Feeding_methodBreastfed",-0.791465621244953,0,0.550982594187066,0.150870889839062,0.888095136942406,0.278979754277293,0.895386779860743,NA,"prevalence",80,47
"HCAMHPDEG.PWY..3.phenylpropanoate.and.3..3.hydroxyphenyl.propanoate.degradation.to.2.hydroxypentadienoate","Antibiotics","Yes","AntibioticsYes",-1.78854860970329,0,1.24281667124905,0.150119653245906,0.888095136942406,0.0669210167053963,0.652710385570562,NA,"prevalence",80,54
"P105.PWY..TCA.cycle.IV..2.oxoglutarate.decarboxylase.","butyrate","butyrate","butyrate",-0.63545898537598,0,0.439650070689359,0.14835273206261,0.888095136942406,0.235279507327687,0.876913946711319,NA,"prevalence",80,74
"P23.PWY..reductive.TCA.cycle.I","butyrate","butyrate","butyrate",0.5074027250365,0,0.350719861589226,0.147967941496754,0.888095136942406,0.274041371282722,0.89183731676898,NA,"prevalence",80,52
"P562.PWY..myo.inositol.degradation.I","Ethnicity","European","EthnicityEuropean",-0.785148321680846,0,0.546499571288262,0.150807214658302,0.888095136942406,0.148430832496007,0.802911288366774,NA,"prevalence",80,47
"PWY.6185..4.methylcatechol.degradation..ortho.cleavage.","Antibiotics","Yes","AntibioticsYes",-1.39143142637035,0,0.968819619449318,0.150941713284734,0.888095136942406,0.218625707733655,0.86756868522252,NA,"prevalence",80,51
"PWY.6549..L.glutamine.biosynthesis.III","Antibiotics","Yes","AntibioticsYes",-1.42154019516471,0,0.984830847946707,0.148897718982718,0.888095136942406,0.132004651518954,0.788011685336088,NA,"prevalence",80,64
"PWY.6690..cinnamate.and.3.hydroxycinnamate.degradation.to.2.hydroxypentadienoate","Antibiotics","Yes","AntibioticsYes",-1.78854860970329,0,1.24281667124905,0.150119653245906,0.888095136942406,0.0669839333962477,0.652710385570562,NA,"prevalence",80,54
"PWY.7196..superpathway.of.pyrimidine.ribonucleosides.salvage","Read_depth","Read_depth","Read_depth",0.573457429939049,0,0.397356571628118,0.148969507690032,0.888095136942406,0.148969507690032,0.802911288366774,NA,"prevalence",80,12
"PWY.7209..superpathway.of.pyrimidine.ribonucleosides.degradation","Antibiotics","Yes","AntibioticsYes",-1.89083248110245,0,1.30686526591373,0.147940124624176,0.888095136942406,0.273993968774535,0.89183731676898,NA,"prevalence",80,60
"PWY.7269..mitochondrial.NADPH.production..yeast.","Read_depth","Read_depth","Read_depth",0.57993055874854,0,0.401727176766491,0.148853482201106,0.888095136942406,0.0152194820250838,0.447810495446019,NA,"prevalence",80,63
"PWY.7446..sulfoquinovose.degradation.I","propionate","propionate","propionate",0.538573288475491,0,0.373508492835343,0.149321980453708,0.888095136942406,0.276346907060799,0.893191240043994,NA,"prevalence",80,41
"PWY.7783..plasmalogen.degradation","Sex","Female","SexFemale",-0.815617211040605,0,0.56412983282698,0.148234152224166,0.888095136942406,0.274494940562715,0.89183731676898,NA,"prevalence",80,42
"PWY.7805...aminomethyl.phosphonate.degradation","Feeding_method","Breastfed","Feeding_methodBreastfed",-0.782404789421855,0,0.544148280183252,0.150476001133886,0.888095136942406,0.278308975350528,0.894797826876664,NA,"prevalence",80,32
"PWY0.1277..3.phenylpropanoate.and.3..3.hydroxyphenyl.propanoate.degradation","Antibiotics","Yes","AntibioticsYes",-1.78854860970329,0,1.24281667124905,0.150119653245906,0.888095136942406,0.0482185654826906,0.616098354820285,NA,"prevalence",80,54
"PWY.7323..superpathway.of.GDP.mannose.derived.O.antigen.building.blocks.biosynthesis","Probiotics","Yes","ProbioticsYes",1.58903879086232,0,1.10817108175286,0.151592489140503,0.889237252009595,0.280204695517193,0.89680049207709,NA,"prevalence",80,63
"PWY.7385..1.3.propanediol.biosynthesis..engineered.","isobutyrate","isobutyrate","isobutyrate",0.465299028071297,0,0.324982363167894,0.152210510124225,0.891021349216354,0.281252980856174,0.896827679176477,NA,"prevalence",80,39
"ALLANTOINDEG.PWY..superpathway.of.allantoin.degradation.in.yeast","isobutyrate","isobutyrate","isobutyrate",-0.486991987619893,0,0.340671286769678,0.152858565721163,0.892480549870731,0.282351390327995,0.896827679176477,NA,"prevalence",80,27
"PWY.5180..toluene.degradation.I..aerobic...via.o.cresol.","Read_depth","Read_depth","Read_depth",0.47403458672974,0,0.33211837332211,0.153491677411815,0.893063097969187,0.283423659788937,0.896827679176477,NA,"prevalence",80,52
"PWY.5415..catechol.degradation.I..meta.cleavage.pathway.","Read_depth","Read_depth","Read_depth",0.47403458672974,0,0.33211837332211,0.153491677411815,0.893063097969187,0.283423659788937,0.896827679176477,NA,"prevalence",80,52
"PWY.5845..superpathway.of.menaquinol.9.biosynthesis","propionate","propionate","propionate",0.492421675223198,0,0.345616829225855,0.154226051744355,0.894519950986495,0.284666428452058,0.896827679176477,NA,"prevalence",80,77
"PWY.5862..superpathway.of.demethylmenaquinol.9.biosynthesis","propionate","propionate","propionate",0.492421675223198,0,0.345616829225855,0.154226051744355,0.894519950986495,0.284666428452058,0.896827679176477,NA,"prevalence",80,77
"P164.PWY..purine.nucleobases.degradation.I..anaerobic.","Sex","Female","SexFemale",0.755747011234081,0,0.532705869018564,0.155988033095442,0.898956638424206,0.287643799721899,0.900384819041268,NA,"prevalence",80,50
"P621.PWY..nylon.6.oligomer.degradation","propionate","propionate","propionate",0.412515217525774,0,0.290893594839825,0.15616256406633,0.898977585207079,0.287938381716889,0.900384819041268,NA,"prevalence",80,42
"ECASYN.PWY..enterobacterial.common.antigen.biosynthesis","propionate","propionate","propionate",0.43308505788737,0,0.306024294152095,0.157010365667543,0.899583753257386,0.289368476408031,0.900384819041268,NA,"prevalence",80,74
"GLUCUROCAT.PWY..superpathway.of..beta..D.glucuronosides.degradation","Antibiotics","Yes","AntibioticsYes",-1.76615906634886,0,1.24780513700697,0.156947568470772,0.899583753257386,0.147092747580681,0.800902568025061,NA,"prevalence",80,66
"GLYCOLYSIS.TCA.GLYOX.BYPASS..superpathway.of.glycolysis..pyruvate.dehydrogenase..TCA..and.glyoxylate.bypass","butyrate","butyrate","butyrate",-0.54082721256773,0,0.383658865912771,0.158641136316142,0.899876793892496,0.292115262500607,0.900384819041268,NA,"prevalence",80,70
"PWY0.41..allantoin.degradation.IV..anaerobic.","Ethnicity","European","EthnicityEuropean",0.788755841764917,0,0.559211918654283,0.158398728855273,0.899876793892496,0.150859094504598,0.802911288366774,NA,"prevalence",80,33
"PWY0.461..L.lysine.degradation.I","Delivery_mode","C-section","Delivery_modeC-section",-0.846862351562431,0,0.601550496520767,0.159190515774432,0.899876793892496,0.293039411236334,0.900384819041268,NA,"prevalence",80,36
"REDCITCYC..TCA.cycle.VI..Helicobacter.","Delivery_mode","C-section","Delivery_modeC-section",-1.46324723164167,0,1.03705858098097,0.15825667714025,0.899876793892496,0.291468178421026,0.900384819041268,NA,"prevalence",80,74
"CARNMET.PWY..L.carnitine.degradation.I","Read_depth","Read_depth","Read_depth",-0.361882009185112,0,0.258561950860928,0.161634637234197,0.900127793213231,0.297143518514563,0.900384819041268,NA,"prevalence",80,43
"PWY.7165..L.ascorbate.biosynthesis.VIII..engineered.pathway.","Read_depth","Read_depth","Read_depth",0.466576198335685,0,0.333718931637234,0.162079656973111,0.900127793213231,0.269514029532735,0.889136783784339,NA,"prevalence",80,39
"PWY.7198..pyrimidine.deoxyribonucleotides.de.novo.biosynthesis.IV","Read_depth","Read_depth","Read_depth",0.464868764051331,0,0.331843606881541,0.161253843161942,0.900127793213231,0.296504884389388,0.900384819041268,NA,"prevalence",80,76
"PWY.7388..octanoyl..acyl.carrier.protein..biosynthesis..mitochondria..yeast.","Termness","preterm","Termnesspreterm",1.60585126765058,0,1.14533923723673,0.160892915048184,0.900127793213231,0.295899299983666,0.900384819041268,NA,"prevalence",80,56
"PWY.7409..phospholipid.remodeling..phosphatidylethanolamine..yeast.","butyrate","butyrate","butyrate",-0.443933958451375,0,0.31626861223237,0.160419781605518,0.900127793213231,0.215735241276444,0.866354983134235,NA,"prevalence",80,34
"PWY0.1338..polymyxin.resistance","butyrate","butyrate","butyrate",-0.6170609533047,0,0.44164927658595,0.162361207686723,0.900127793213231,0.298361253611954,0.900384819041268,NA,"prevalence",80,74
"P562.PWY..myo.inositol.degradation.I","Delivery_mode","C-section","Delivery_modeC-section",0.841399116164938,0,0.602477283083558,0.162544207017216,0.900508623686096,0.298667794799577,0.900384819041268,NA,"prevalence",80,47
"AEROBACTINSYN.PWY..aerobactin.biosynthesis","isobutyrate","isobutyrate","isobutyrate",0.736701400399041,0,0.548717748914195,0.179405692507445,0.90473384348117,0.179405692507445,0.837177416313546,NA,"prevalence",80,9
"ARGDEG.PWY..superpathway.of.L.arginine..putrescine..and.4.aminobutanoate.degradation","butyrate","butyrate","butyrate",-0.429962192762274,0,0.314533236471983,0.171630030627719,0.90473384348117,0.313803193842165,0.909197504832412,NA,"prevalence",80,42
"CATECHOL.ORTHO.CLEAVAGE.PWY..catechol.degradation.to..beta..ketoadipate","butyrate","butyrate","butyrate",-0.454969426047933,0,0.333843913685939,0.172938997406602,0.90473384348117,0.315970097989204,0.909197504832412,NA,"prevalence",80,54
"FASYN.INITIAL.PWY..superpathway.of.fatty.acid.biosynthesis.initiation..E..coli.","acetate","acetate","acetate",0.509254999620404,0,0.38033554917131,0.180582913828164,0.90473384348117,0.328555638889658,0.911723569545708,NA,"prevalence",80,38
"GALACT.GLUCUROCAT.PWY..superpathway.of.hexuronide.and.hexuronate.degradation","Read_depth","Read_depth","Read_depth",-0.341707164267565,0,0.250575478932798,0.172665291649805,0.90473384348117,0.315517280359097,0.909197504832412,NA,"prevalence",80,47
"HISDEG.PWY..L.histidine.degradation.I","butyrate","butyrate","butyrate",-0.630788109395932,0,0.471591235046557,0.181035389783563,0.90473384348117,0.32929696721304,0.911723569545708,NA,"prevalence",80,76
"LIPASYN.PWY..phospholipases","acetate","acetate","acetate",0.527065468829905,0,0.386737082973755,0.172929108556466,0.90473384348117,0.315953740526798,0.909197504832412,NA,"prevalence",80,57
"ORNARGDEG.PWY..superpathway.of.L.arginine.and.L.ornithine.degradation","butyrate","butyrate","butyrate",-0.429962192762274,0,0.314533236471983,0.171630030627719,0.90473384348117,0.313803193842165,0.909197504832412,NA,"prevalence",80,42
"P185.PWY..formaldehyde.assimilation.III..dihydroxyacetone.cycle.","Read_depth","Read_depth","Read_depth",0.600102693968799,0,0.437982902135423,0.17063978283216,0.90473384348117,0.0124687296161144,0.436140244444511,NA,"prevalence",80,70
"P621.PWY..nylon.6.oligomer.degradation","Read_depth","Read_depth","Read_depth",0.425541421421152,0,0.309385688398032,0.168995105041964,0.90473384348117,0.309430864555782,0.90799190770971,NA,"prevalence",80,42
"PWY.2942..L.lysine.biosynthesis.III","Read_depth","Read_depth","Read_depth",0.413808477078964,0,0.3077826584219,0.178792328682638,0.90473384348117,0.255109350788353,0.880494562511276,NA,"prevalence",80,52
"PWY.5417..catechol.degradation.III..ortho.cleavage.pathway.","Antibiotics","Yes","AntibioticsYes",-1.31793744622375,0,0.956978864282112,0.168454893802312,0.90473384348117,0.292721909848847,0.900384819041268,NA,"prevalence",80,51
"PWY.5431..aromatic.compounds.degradation.via..beta..ketoadipate","Antibiotics","Yes","AntibioticsYes",-1.31793744622375,0,0.956978864282112,0.168454893802312,0.90473384348117,0.292744182869382,0.900384819041268,NA,"prevalence",80,51
"PWY.5654..2.amino.3.carboxymuconate.semialdehyde.degradation.to.2.hydroxypentadienoate","propionate","propionate","propionate",0.59276405134571,0,0.432956388683757,0.170965520914645,0.90473384348117,0.312701832487674,0.909197504832412,NA,"prevalence",80,19
"PWY.5705..allantoin.degradation.to.glyoxylate.III","Probiotics","Yes","ProbioticsYes",-1.40212115395153,0,1.03343772272284,0.174859268153257,0.90473384348117,0.273857469702159,0.89183731676898,NA,"prevalence",80,46
"PWY.6168..flavin.biosynthesis.III..fungi.","Antibiotics","Yes","AntibioticsYes",1.07734508143758,0,0.798100654491411,0.177052480189809,0.90473384348117,0.322757379638255,0.911723569545708,NA,"prevalence",80,36
"PWY.6210..2.aminophenol.degradation","propionate","propionate","propionate",0.59276405134571,0,0.432956388683757,0.170965520914645,0.90473384348117,0.312701832487674,0.909197504832412,NA,"prevalence",80,19
"PWY.622..starch.biosynthesis","Ethnicity","European","EthnicityEuropean",-0.931957668040115,0,0.68508031071708,0.173715191248396,0.90473384348117,0.317253414826326,0.909553630627073,NA,"prevalence",80,65
"PWY.622..starch.biosynthesis","Termness","preterm","Termnesspreterm",1.50682251205249,0,1.08404143475382,0.164527499801431,0.90473384348117,0.301985701411952,0.904856305810297,NA,"prevalence",80,65
"PWY.6292..superpathway.of.L.cysteine.biosynthesis..mammalian.","Antibiotics","Yes","AntibioticsYes",-1.78632670126351,0,1.33251060758879,0.180059382254857,0.90473384348117,0.327697383371713,0.911723569545708,NA,"prevalence",80,76
"PWY.6545..pyrimidine.deoxyribonucleotides.de.novo.biosynthesis.III","Delivery_mode","C-section","Delivery_modeC-section",-1.47278210428205,0,1.06183366237173,0.165436359877063,0.90473384348117,0.139750140541192,0.797740385589306,NA,"prevalence",80,74
"PWY.6595..superpathway.of.guanosine.nucleotides.degradation..plants.","butyrate","butyrate","butyrate",-0.426214470145478,0,0.316470666545224,0.178053026126873,0.90473384348117,0.210690689831481,0.863061862332944,NA,"prevalence",80,51
"PWY.6607..guanosine.nucleotides.degradation.I","butyrate","butyrate","butyrate",-0.426214470145478,0,0.316470666545224,0.178053026126873,0.90473384348117,0.267790810308184,0.889136783784339,NA,"prevalence",80,51
"PWY.6749..CMP.legionaminate.biosynthesis.I","acetate","acetate","acetate",0.807372813117221,0,0.59223304859419,0.172797824166698,0.90473384348117,0.172797824166698,0.834457920240061,NA,"prevalence",80,11
"PWY.6902..chitin.degradation.II..Vibrio.","butyrate","butyrate","butyrate",-0.704362484764475,0,0.51984127796107,0.175431314863664,0.90473384348117,0.320086483492534,0.911723569545708,NA,"prevalence",80,77
"PWY.6992..1.5.anhydrofructose.degradation","Antibiotics","Yes","AntibioticsYes",1.19461885036076,0,0.880598443321825,0.174908702018765,0.90473384348117,0.319224349995641,0.911723569545708,NA,"prevalence",80,26
"PWY.6992..1.5.anhydrofructose.degradation","butyrate","butyrate","butyrate",-0.44340669532242,0,0.329859707989387,0.17887463095424,0.90473384348117,0.325753128309464,0.911723569545708,NA,"prevalence",80,26
"PWY.7039..phosphatidate.metabolism..as.a.signaling.molecule","Read_depth","Read_depth","Read_depth",0.567958471339103,0,0.408532225008954,0.164455541978852,0.90473384348117,0.301865458670146,0.904856305810297,NA,"prevalence",80,13
"PWY.7094..fatty.acid.salvage","butyrate","butyrate","butyrate",-0.54815274216802,0,0.402439395496637,0.173174136714247,0.90473384348117,0.316358991801769,0.909255563849841,NA,"prevalence",80,72
"PWY.7094..fatty.acid.salvage","propionate","propionate","propionate",0.414598267639095,0,0.299711500736334,0.166565383141357,0.90473384348117,0.305386739421686,0.90799190770971,NA,"prevalence",80,72
"PWY.7094..fatty.acid.salvage","Termness","preterm","Termnesspreterm",2.11627194628104,0,1.57994080171264,0.180420053614544,0.90473384348117,0.328288711482814,0.911723569545708,NA,"prevalence",80,72
"PWY.7200..superpathway.of.pyrimidine.deoxyribonucleoside.salvage","Feeding_method","Breastfed","Feeding_methodBreastfed",0.84128014140331,0,0.620913827474337,0.175447368673879,0.90473384348117,0.320112958173171,0.911723569545708,NA,"prevalence",80,59
"PWY.7237..myo...chiro..and.scyllo.inositol.degradation","Antibiotics","Yes","AntibioticsYes",-1.75114026204956,0,1.2763381300507,0.170062377411493,0.90473384348117,0.311203542612137,0.909197504832412,NA,"prevalence",80,64
"PWY.7391..isoprene.biosynthesis.II..engineered.","Read_depth","Read_depth","Read_depth",0.367378040224213,0,0.269978411194528,0.173586950097009,0.90473384348117,0.0299198681132182,0.515701115499315,NA,"prevalence",80,56
"PWY.7783..plasmalogen.degradation","butyrate","butyrate","butyrate",0.451696213045881,0,0.328468500219001,0.169082346095555,0.90473384348117,0.00353951025190405,0.252998037136098,NA,"prevalence",80,42
"PWY0.1337..oleate..beta..oxidation","butyrate","butyrate","butyrate",-0.54815274216802,0,0.402439395496637,0.173174136714247,0.90473384348117,0.316358991801769,0.909255563849841,NA,"prevalence",80,72
"PWY0.1337..oleate..beta..oxidation","propionate","propionate","propionate",0.414598267639095,0,0.299711500736334,0.166565383141357,0.90473384348117,0.305386739421686,0.90799190770971,NA,"prevalence",80,72
"PWY0.1337..oleate..beta..oxidation","Termness","preterm","Termnesspreterm",2.11627194628104,0,1.57994080171264,0.180420053614544,0.90473384348117,0.328288711482814,0.911723569545708,NA,"prevalence",80,72
"PWY0.461..L.lysine.degradation.I","Read_depth","Read_depth","Read_depth",-0.340721722728589,0,0.247392053027214,0.168433696612314,0.90473384348117,0.308497483070139,0.90799190770971,NA,"prevalence",80,36
"PWY0.461..L.lysine.degradation.I","Termness","preterm","Termnesspreterm",-1.39966715509983,0,1.03498021967482,0.17625977567421,0.90473384348117,0.321452042827698,0.911723569545708,NA,"prevalence",80,36
"PWY0.881..superpathway.of.fatty.acid.biosynthesis.I..E..coli.","isobutyrate","isobutyrate","isobutyrate",0.577279986602229,0,0.425709201447715,0.175085484054663,0.90473384348117,0.319516041382669,0.911723569545708,NA,"prevalence",80,25
"PWY0.881..superpathway.of.fatty.acid.biosynthesis.I..E..coli.","Sex","Female","SexFemale",0.793546272540244,0,0.5791288489494,0.170611586967491,0.90473384348117,0.312114860327417,0.909197504832412,NA,"prevalence",80,25
"PWY66.391..fatty.acid..beta..oxidation.VI..mammalian.peroxisome.","Ethnicity","European","EthnicityEuropean",-0.810554844845234,0,0.588772980736729,0.168609703558517,0.90473384348117,0.308790174982943,0.90799190770971,NA,"prevalence",80,50
"PWY66.391..fatty.acid..beta..oxidation.VI..mammalian.peroxisome.","propionate","propionate","propionate",0.396867375564667,0,0.290732997042816,0.172234851450384,0.90473384348117,0.314804858846631,0.909197504832412,NA,"prevalence",80,50
"ARGDEG.PWY..superpathway.of.L.arginine..putrescine..and.4.aminobutanoate.degradation","acetate","acetate","acetate",0.354468776974588,0,0.265836988130263,0.182398429301719,0.906643752061686,0.331527671591704,0.913062277158732,NA,"prevalence",80,42
"HCAMHPDEG.PWY..3.phenylpropanoate.and.3..3.hydroxyphenyl.propanoate.degradation.to.2.hydroxypentadienoate","butyrate","butyrate","butyrate",-0.469500724891228,0,0.351878782199902,0.182115923718098,0.906643752061686,0.3310656377645,0.913062277158732,NA,"prevalence",80,54
"LACTOSECAT.PWY..lactose.and.galactose.degradation.I","Ethnicity","European","EthnicityEuropean",-1.29250521387377,0,0.970484026160304,0.182920977303827,0.906643752061686,0.332381870669866,0.913062277158732,NA,"prevalence",80,78
"ORNARGDEG.PWY..superpathway.of.L.arginine.and.L.ornithine.degradation","acetate","acetate","acetate",0.354468776974588,0,0.265836988130263,0.182398429301719,0.906643752061686,0.331527671591704,0.913062277158732,NA,"prevalence",80,42
"PWY.5392..reductive.TCA.cycle.II","isobutyrate","isobutyrate","isobutyrate",-0.416505260833526,0,0.312899541516989,0.183151187081223,0.906643752061686,0.332758016833185,0.913062277158732,NA,"prevalence",80,36
"PWY.5910..superpathway.of.geranylgeranyldiphosphate.biosynthesis.I..via.mevalonate.","isobutyrate","isobutyrate","isobutyrate",0.51759519600948,0,0.388424573464351,0.182679496871907,0.906643752061686,0.18574701643462,0.847368824047296,NA,"prevalence",80,71
"PWY.6690..cinnamate.and.3.hydroxycinnamate.degradation.to.2.hydroxypentadienoate","butyrate","butyrate","butyrate",-0.469500724891228,0,0.351878782199902,0.182115923718098,0.906643752061686,0.3310656377645,0.913062277158732,NA,"prevalence",80,54
"PWY.7269..mitochondrial.NADPH.production..yeast.","acetate","acetate","acetate",0.33800566941141,0,0.253866434170496,0.183047197091578,0.906643752061686,0.332588117820073,0.913062277158732,NA,"prevalence",80,63
"PWY.7805...aminomethyl.phosphonate.degradation","butyrate","butyrate","butyrate",-0.440487151149863,0,0.330561921510011,0.182682639280128,0.906643752061686,0.331992331865903,0.913062277158732,NA,"prevalence",80,32
"PWY0.1277..3.phenylpropanoate.and.3..3.hydroxyphenyl.propanoate.degradation","butyrate","butyrate","butyrate",-0.469500724891228,0,0.351878782199902,0.182115923718098,0.906643752061686,0.3310656377645,0.913062277158732,NA,"prevalence",80,54
"PWY.6749..CMP.legionaminate.biosynthesis.I","Read_depth","Read_depth","Read_depth",-0.401143502534235,0,0.303155601198664,0.185760090627307,0.914636246226203,0.185760090627307,0.847368824047296,NA,"prevalence",80,11
"ARGDEG.PWY..superpathway.of.L.arginine..putrescine..and.4.aminobutanoate.degradation","propionate","propionate","propionate",0.410928473350817,0,0.311187538988195,0.18666242331295,0.916787138939789,0.159031033981532,0.812844382071501,NA,"prevalence",80,42
"ORNARGDEG.PWY..superpathway.of.L.arginine.and.L.ornithine.degradation","propionate","propionate","propionate",0.410928473350817,0,0.311187538988195,0.18666242331295,0.916787138939789,0.158676836660607,0.812844382071501,NA,"prevalence",80,42
"PWY.7184..pyrimidine.deoxyribonucleotides.de.novo.biosynthesis.I","Read_depth","Read_depth","Read_depth",0.476021015057911,0,0.360423982182524,0.18659302771204,0.916787138939789,0.338369097433335,0.918589037647046,NA,"prevalence",80,78
"PWY.7783..plasmalogen.degradation","Ethnicity","European","EthnicityEuropean",0.784226551547754,0,0.595192653710273,0.18763718550218,0.917043104892774,0.340066657621181,0.918589037647046,NA,"prevalence",80,42
"RUMP.PWY..formaldehyde.oxidation.I","Antibiotics","Yes","AntibioticsYes",1.09184233390317,0,0.82881858234932,0.187722070498111,0.917043104892774,0.340204565244124,0.918589037647046,NA,"prevalence",80,59
"PWY0.1338..polymyxin.resistance","isobutyrate","isobutyrate","isobutyrate",0.574780257391297,0,0.438313530816226,0.189741231304252,0.921566843535694,0.34348072775165,0.919827593927218,NA,"prevalence",80,74
"PWY0.166..superpathway.of.pyrimidine.deoxyribonucleotides.de.novo.biosynthesis..E..coli.","Read_depth","Read_depth","Read_depth",0.468884841411294,0,0.357298795395406,0.189417391432587,0.921566843535694,0.342955834688048,0.919827593927218,NA,"prevalence",80,77
"GLYCOLYSIS.TCA.GLYOX.BYPASS..superpathway.of.glycolysis..pyruvate.dehydrogenase..TCA..and.glyoxylate.bypass","isobutyrate","isobutyrate","isobutyrate",0.512096262176088,0,0.390716098025254,0.189972397866798,0.922121103139025,0.343855283782336,0.919827593927218,NA,"prevalence",80,70
"ALLANTOINDEG.PWY..superpathway.of.allantoin.degradation.in.yeast","Termness","preterm","Termnesspreterm",1.26989848921939,0,0.970841775909816,0.190860227094131,0.923343413547138,0.345292827901839,0.919827593927218,NA,"prevalence",80,27
"PWY.6435..4.hydroxybenzoate.biosynthesis.III..plants.","Ethnicity","European","EthnicityEuropean",-0.917242418941265,0,0.702037579000458,0.191367901017468,0.924905720377676,0.191367901017468,0.849508408582616,NA,"prevalence",80,12
"GOLPDLCAT.PWY..superpathway.of.glycerol.degradation.to.1.3.propanediol","Antibiotics","Yes","AntibioticsYes",-1.31998839854068,0,1.01164250802426,0.191961883652838,0.925505336240551,0.347074402530131,0.922787575891432,NA,"prevalence",80,68
"COLANSYN.PWY..colanic.acid.building.blocks.biosynthesis","isobutyrate","isobutyrate","isobutyrate",0.45188706423917,0,0.348404129100497,0.194624363937657,0.926007325113983,0.351370084837177,0.92640552376109,NA,"prevalence",80,60
"PWY.5838..superpathway.of.menaquinol.8.biosynthesis.I","propionate","propionate","propionate",0.441222572346476,0,0.340240551243582,0.194701401068553,0.926007325113983,0.351494166559048,0.92640552376109,NA,"prevalence",80,76
"PWY.5861..superpathway.of.demethylmenaquinol.8.biosynthesis.I","propionate","propionate","propionate",0.441222572346476,0,0.340240551243582,0.194701401068553,0.926007325113983,0.351494166559048,0.92640552376109,NA,"prevalence",80,76
"PWY.5971..palmitate.biosynthesis..type.II.fatty.acid.synthase.","Read_depth","Read_depth","Read_depth",0.448413382503954,0,0.346223644366453,0.195266666813242,0.926007325113983,0.0116592353286782,0.419732471832414,NA,"prevalence",80,74
"PWY.5994..palmitate.biosynthesis..type.I.fatty.acid.synthase.","butyrate","butyrate","butyrate",-0.562009075547514,0,0.433337304614055,0.194654538550432,0.926007325113983,0.194654538550432,0.85006723464917,NA,"prevalence",80,11
"PWY.6168..flavin.biosynthesis.III..fungi.","Ethnicity","European","EthnicityEuropean",0.724268769964121,0,0.558403768285595,0.194619428884452,0.926007325113983,0.351362135669594,0.92640552376109,NA,"prevalence",80,36
"PWY.7165..L.ascorbate.biosynthesis.VIII..engineered.pathway.","Ethnicity","European","EthnicityEuropean",0.73430667789757,0,0.563367768014523,0.19243028455583,0.926007325113983,0.347831154697423,0.923936590945438,NA,"prevalence",80,39
"PWY.7254..TCA.cycle.VII..acetate.producers.","propionate","propionate","propionate",-0.389897169883241,0,0.300092190614212,0.193855413703785,0.926007325113983,0.254778857481188,0.880494562511276,NA,"prevalence",80,50
"PWY.7268..cytosolic.NADPH.production..yeast.","butyrate","butyrate","butyrate",-0.429093883779025,0,0.329228270323572,0.192461291744247,0.926007325113983,0.347881234668629,0.923936590945438,NA,"prevalence",80,26
"PWY5F9.12..biphenyl.degradation","Sex","Female","SexFemale",-0.850368948356883,0,0.656626627530839,0.195300547081482,0.926007325113983,0.352458790472638,0.926474157037781,NA,"prevalence",80,15
"GLUDEG.I.PWY..GABA.shunt","Termness","preterm","Termnesspreterm",1.41182719697442,0,1.09312112211594,0.196510933174029,0.926879959048167,0.354405319491131,0.928420432709953,NA,"prevalence",80,55
"PWY.5920..superpathway.of.heme.b.biosynthesis.from.glycine","Delivery_mode","C-section","Delivery_modeC-section",-1.35512604193394,0,1.05029881497042,0.196971142765045,0.926879959048167,0.355144654447922,0.928420432709953,NA,"prevalence",80,76
"PWY.6708..ubiquinol.8.biosynthesis..early.decarboxylation.","Delivery_mode","C-section","Delivery_modeC-section",-0.772530419088884,0,0.598805914195544,0.197009615327703,0.926879959048167,0.355206442123836,0.928420432709953,NA,"prevalence",80,25
"UBISYN.PWY..superpathway.of.ubiquinol.8.biosynthesis..early.decarboxylation.","Delivery_mode","C-section","Delivery_modeC-section",-0.772530419088884,0,0.598805914195544,0.197009615327703,0.926879959048167,0.355206442123836,0.928420432709953,NA,"prevalence",80,25
"KETOGLUCONMET.PWY..ketogluconate.metabolism","Delivery_mode","C-section","Delivery_modeC-section",-1.14482657937849,0,0.888748149831095,0.197699372560628,0.928911592082955,0.35631370321039,0.929481579990456,NA,"prevalence",80,68
"PWY.7237..myo...chiro..and.scyllo.inositol.degradation","Delivery_mode","C-section","Delivery_modeC-section",0.83040588037793,0,0.644714483270794,0.19773860623548,0.928911592082955,0.356376656075011,0.929481579990456,NA,"prevalence",80,64
"PWY3O.4107..NAD.salvage.pathway.V..PNC.V.cycle.","Termness","preterm","Termnesspreterm",-1.71458628982366,0,1.33682240707111,0.199638052769138,0.93320304905367,0.012680514676416,0.437344743944642,NA,"prevalence",80,78
"CATECHOL.ORTHO.CLEAVAGE.PWY..catechol.degradation.to..beta..ketoadipate","isobutyrate","isobutyrate","isobutyrate",0.419004193436221,0,0.327321521194273,0.200510060898656,0.934231684834996,0.360815837275728,0.934231706148157,NA,"prevalence",80,54
"PWY0.41..allantoin.degradation.IV..anaerobic.","butyrate","butyrate","butyrate",-0.411518600916456,0,0.32163410137112,0.200734423504311,0.934625170429648,0.361174538229015,0.934581753696485,NA,"prevalence",80,33
"PWY0.461..L.lysine.degradation.I","Sex","Female","SexFemale",-0.647005454552117,0,0.506145778652773,0.201144151334416,0.935427168956631,0.0665094921884636,0.652710385570562,NA,"prevalence",80,36
"CRNFORCAT.PWY..creatinine.degradation.I","isobutyrate","isobutyrate","isobutyrate",0.585909507102533,0,0.45886644711932,0.201650681304688,0.935817771777258,0.362638365338732,0.935052415092543,NA,"prevalence",80,19
"P164.PWY..purine.nucleobases.degradation.I..anaerobic.","propionate","propionate","propionate",0.322367743841572,0,0.25234800207579,0.20143532830651,0.935817771777258,0.362294465123068,0.935052415092543,NA,"prevalence",80,50
"GLUCUROCAT.PWY..superpathway.of..beta..D.glucuronosides.degradation","Delivery_mode","C-section","Delivery_modeC-section",-0.939094059678876,0,0.739270270316822,0.203978252856022,0.939003175243893,0.366349378073848,0.935709006478099,NA,"prevalence",80,66
"PWY.2942..L.lysine.biosynthesis.III","Termness","preterm","Termnesspreterm",-1.42386152014064,0,1.11997753925858,0.203611123095492,0.939003175243893,0.365764756742776,0.935709006478099,NA,"prevalence",80,52
"PWY.7874..L.threonate.degradation","Feeding_method","Breastfed","Feeding_methodBreastfed",-0.688753939347395,0,0.542272815088183,0.204040317837218,0.939003175243893,0.366448184371323,0.935709006478099,NA,"prevalence",80,29
"P105.PWY..TCA.cycle.IV..2.oxoglutarate.decarboxylase.","propionate","propionate","propionate",0.431892756189843,0,0.340719734450854,0.204944585279561,0.939395708228427,0.367886887523711,0.936369811151987,NA,"prevalence",80,74
"PWY0.1221..putrescine.degradation.II","propionate","propionate","propionate",0.577947957723791,0,0.455698558667466,0.204702215042182,0.939395708228427,0.204702215042182,0.858073914712386,NA,"prevalence",80,12
"PWY.6168..flavin.biosynthesis.III..fungi.","Feeding_method","Breastfed","Feeding_methodBreastfed",-0.6814436841459,0,0.539335172486325,0.206413746110767,0.942682603977172,0.370220857638053,0.937313481206142,NA,"prevalence",80,36
"CARNMET.PWY..L.carnitine.degradation.I","Sex","Female","SexFemale",-0.641620190311737,0,0.509007786264664,0.207477803808684,0.943934708640593,0.371908568544093,0.937313481206142,NA,"prevalence",80,43
"PWY.7254..TCA.cycle.VII..acetate.producers.","Delivery_mode","C-section","Delivery_modeC-section",0.780119693682895,0,0.618956443165261,0.207532678901744,0.943934708640593,0.371995544991354,0.937313481206142,NA,"prevalence",80,50
"PWY.7340..9.cis..11.trans.octadecadienoyl.CoA.degradation..isomerase.dependent..yeast.","butyrate","butyrate","butyrate",-0.420648822760788,0,0.333500921759148,0.207196342661873,0.943934708640593,0.371462360911289,0.937313481206142,NA,"prevalence",80,48
"PWY.7340..9.cis..11.trans.octadecadienoyl.CoA.degradation..isomerase.dependent..yeast.","Ethnicity","European","EthnicityEuropean",-0.734548395715309,0,0.583366677202734,0.207974768243193,0.943934708640593,0.372696032260576,0.937313481206142,NA,"prevalence",80,48
"URSIN.PWY..ureide.biosynthesis","propionate","propionate","propionate",0.561410950645296,0,0.446213672310107,0.208331663967229,0.943934708640593,0.373261245723104,0.937313481206142,NA,"prevalence",80,18
"PWY.7807..glyphosate.degradation.III","Feeding_method","Breastfed","Feeding_methodBreastfed",-0.664424672285443,0,0.530173704510875,0.210125390937151,0.947006767621784,0.265405081003112,0.88868029898108,NA,"prevalence",80,36
"PWY0.1533..methylphosphonate.degradation.I","Feeding_method","Breastfed","Feeding_methodBreastfed",-0.664424672285443,0,0.530173704510875,0.210125390937151,0.947006767621784,0.245067644931155,0.880494562511276,NA,"prevalence",80,36
"THREOCAT.PWY..superpathway.of.L.threonine.metabolism","Ethnicity","European","EthnicityEuropean",0.772251480195574,0,0.616965521141293,0.210681718590861,0.947138422284812,0.376976650633323,0.937313481206142,NA,"prevalence",80,51
"CATECHOL.ORTHO.CLEAVAGE.PWY..catechol.degradation.to..beta..ketoadipate","acetate","acetate","acetate",0.306019242771877,0,0.250368853418256,0.221604174742229,0.947963539967465,0.394099939221273,0.937313481206142,NA,"prevalence",80,54
"CENTFERM.PWY..pyruvate.fermentation.to.butanoate","Feeding_method","Breastfed","Feeding_methodBreastfed",-0.749143489067859,0,0.608718889864463,0.218439297670405,0.947963539967465,0.389162868574071,0.937313481206142,NA,"prevalence",80,23
"DARABCATK12.PWY..D.arabinose.degradation.I","butyrate","butyrate","butyrate",-0.432718774925404,0,0.354186581825713,0.221811453899498,0.947963539967465,0.394422586717987,0.937313481206142,NA,"prevalence",80,64
"FUC.RHAMCAT.PWY..superpathway.of.fucose.and.rhamnose.degradation","Read_depth","Read_depth","Read_depth",0.442197871857735,0,0.355593330808026,0.213665450308566,0.947963539967465,0.381677975961569,0.937313481206142,NA,"prevalence",80,74
"FUCCAT.PWY..fucose.degradation","Read_depth","Read_depth","Read_depth",0.442197871857735,0,0.355593330808026,0.213665450308566,0.947963539967465,0.381677975961569,0.937313481206142,NA,"prevalence",80,74
"GLYCOCAT.PWY..glycogen.degradation.I","propionate","propionate","propionate",0.431391790391115,0,0.345928608034785,0.212377553940736,0.947963539967465,0.379650882463622,0.937313481206142,NA,"prevalence",80,78
"GLYCOL.GLYOXDEG.PWY..superpathway.of.glycol.metabolism.and.degradation","butyrate","butyrate","butyrate",-0.47053165761532,0,0.382429182683597,0.218556366184617,0.947963539967465,0.389345847169409,0.937313481206142,NA,"prevalence",80,67
"GLYCOL.GLYOXDEG.PWY..superpathway.of.glycol.metabolism.and.degradation","isobutyrate","isobutyrate","isobutyrate",0.477310997176508,0,0.384224054773008,0.21413601880767,0.947963539967465,0.382417803064541,0.937313481206142,NA,"prevalence",80,67
"GLYCOLYSIS.TCA.GLYOX.BYPASS..superpathway.of.glycolysis..pyruvate.dehydrogenase..TCA..and.glyoxylate.bypass","Delivery_mode","C-section","Delivery_modeC-section",-1.00861273218076,0,0.810026597864124,0.213072936515433,0.947963539967465,0.380745796755557,0.937313481206142,NA,"prevalence",80,70
"GOLPDLCAT.PWY..superpathway.of.glycerol.degradation.to.1.3.propanediol","Feeding_method","Breastfed","Feeding_methodBreastfed",-0.872153581890751,0,0.69762674300542,0.211236638341312,0.947963539967465,0.328939832355674,0.911723569545708,NA,"prevalence",80,68
"KETOGLUCONMET.PWY..ketogluconate.metabolism","butyrate","butyrate","butyrate",-0.473888816911198,0,0.382979958835112,0.215948873925745,0.947963539967465,0.385263831701693,0.937313481206142,NA,"prevalence",80,68
"PWY.1622..formaldehyde.assimilation.I..serine.pathway.","Ethnicity","European","EthnicityEuropean",0.694232032915193,0,0.556870427021098,0.212519591889324,0.947963539967465,0.379874606841843,0.937313481206142,NA,"prevalence",80,29
"PWY.5130..2.oxobutanoate.degradation.I","Read_depth","Read_depth","Read_depth",0.358667232040435,0,0.289414442850988,0.215239646509527,0.947963539967465,0.384151187589508,0.937313481206142,NA,"prevalence",80,46
"PWY.5136..fatty.acid..beta..oxidation.II..plant.peroxisome.","propionate","propionate","propionate",0.431391790391115,0,0.345928608034785,0.212377553940736,0.947963539967465,0.379650882463622,0.937313481206142,NA,"prevalence",80,78
"PWY.5417..catechol.degradation.III..ortho.cleavage.pathway.","propionate","propionate","propionate",0.348044341825876,0,0.283324137616295,0.219284967527664,0.947963539967465,0.390484038071719,0.937313481206142,NA,"prevalence",80,51
"PWY.5431..aromatic.compounds.degradation.via..beta..ketoadipate","propionate","propionate","propionate",0.348044341825876,0,0.283324137616295,0.219284967527664,0.947963539967465,0.390484038071719,0.937313481206142,NA,"prevalence",80,51
"PWY.5994..palmitate.biosynthesis..type.I.fatty.acid.synthase.","Feeding_method","Breastfed","Feeding_methodBreastfed",-0.858961336597192,0,0.699643778152092,0.219554952813565,0.947963539967465,0.219554952813565,0.86756868522252,NA,"prevalence",80,11
"PWY.6507..4.deoxy.L.threo.hex.4.enopyranuronate.degradation","Delivery_mode","C-section","Delivery_modeC-section",-1.30361610933144,0,1.05854883952292,0.21813125094434,0.947963539967465,0.075642342896039,0.687500006789714,NA,"prevalence",80,75
"PWY.6588..pyruvate.fermentation.to.acetone","propionate","propionate","propionate",0.326840208382612,0,0.266736774416681,0.220451422612576,0.947963539967465,0.392304015493243,0.937313481206142,NA,"prevalence",80,66
"PWY.6590..superpathway.of.Clostridium.acetobutylicum.acidogenic.fermentation","Feeding_method","Breastfed","Feeding_methodBreastfed",-0.749143489067859,0,0.608718889864463,0.218439297670405,0.947963539967465,0.389162868574071,0.937313481206142,NA,"prevalence",80,23
"PWY.6731..starch.degradation.III","propionate","propionate","propionate",0.349904824720363,0,0.282719335930917,0.21584948944818,0.947963539967465,0.38510797680132,0.937313481206142,NA,"prevalence",80,68
"PWY.6922..L.N.delta..acetylornithine.biosynthesis","Ethnicity","European","EthnicityEuropean",0.754055613290724,0,0.607383472886163,0.214427765120945,0.947963539967465,0.382876263787127,0.937313481206142,NA,"prevalence",80,57
"PWY.7209..superpathway.of.pyrimidine.ribonucleosides.degradation","Ethnicity","European","EthnicityEuropean",-0.802450548586187,0,0.653172825066258,0.219243400843724,0.947963539967465,0.390419132873927,0.937313481206142,NA,"prevalence",80,60
"PWY.7254..TCA.cycle.VII..acetate.producers.","isobutyrate","isobutyrate","isobutyrate",-0.385548023752735,0,0.312462014659972,0.217238805248071,0.947963539967465,0.387284911990533,0.937313481206142,NA,"prevalence",80,50
"PWY.7391..isoprene.biosynthesis.II..engineered.","propionate","propionate","propionate",-0.490677820899042,0,0.39302256371883,0.211858112030514,0.947963539967465,0.378832364427894,0.937313481206142,NA,"prevalence",80,56
"PWY.7396..butanol.and.isobutanol.biosynthesis..engineered.","Ethnicity","European","EthnicityEuropean",0.709715095725021,0,0.580670580662833,0.221619300036266,0.947963539967465,0.394123485923967,0.937313481206142,NA,"prevalence",80,45
"PWY.7874..L.threonate.degradation","Read_depth","Read_depth","Read_depth",-0.313375509113666,0,0.251150941551938,0.212119821341272,0.947963539967465,0.37924482407669,0.937313481206142,NA,"prevalence",80,29
"PWY0.881..superpathway.of.fatty.acid.biosynthesis.I..E..coli.","acetate","acetate","acetate",0.394982150471595,0,0.317045130270205,0.212829343000665,0.947963539967465,0.0386089842614189,0.56504305749946,NA,"prevalence",80,25
"PWY1G.0..mycothiol.biosynthesis","acetate","acetate","acetate",-0.312088642832369,0,0.254930676051171,0.220873077078577,0.947963539967465,0.392961237978995,0.937313481206142,NA,"prevalence",80,13
"REDCITCYC..TCA.cycle.VI..Helicobacter.","propionate","propionate","propionate",0.424104296807283,0,0.346525617614926,0.220999106542288,0.947963539967465,0.393157607992087,0.937313481206142,NA,"prevalence",80,74
"TCA..TCA.cycle.I..prokaryotic.","isobutyrate","isobutyrate","isobutyrate",0.584059344189755,0,0.474536060967251,0.218397391473392,0.947963539967465,0.389097362344401,0.937313481206142,NA,"prevalence",80,77
"PWY.5971..palmitate.biosynthesis..type.II.fatty.acid.synthase.","Sex","Female","SexFemale",-0.998013744955644,0,0.817882717836442,0.222373658515046,0.948489270049557,0.395297273028726,0.937761496189358,NA,"prevalence",80,74
"CENTFERM.PWY..pyruvate.fermentation.to.butanoate","butyrate","butyrate","butyrate",-0.455085397081098,0,0.374039858230576,0.223727434023927,0.949448427518943,0.397400903312923,0.939910940436325,NA,"prevalence",80,23
"PWY.6590..superpathway.of.Clostridium.acetobutylicum.acidogenic.fermentation","butyrate","butyrate","butyrate",-0.455085397081098,0,0.374039858230576,0.223727434023927,0.949448427518943,0.397400903312923,0.939910940436325,NA,"prevalence",80,23
"PWY.6992..1.5.anhydrofructose.degradation","Delivery_mode","C-section","Delivery_modeC-section",-0.777135591335653,0,0.637924479751516,0.223138456831249,0.949448427518943,0.396486142745466,0.939226539875427,NA,"prevalence",80,26
"PWY.7039..phosphatidate.metabolism..as.a.signaling.molecule","Delivery_mode","C-section","Delivery_modeC-section",-0.892827187011051,0,0.733766028521115,0.22369033868594,0.949448427518943,0.39734330975045,0.939910940436325,NA,"prevalence",80,13
"ARGDEG.PWY..superpathway.of.L.arginine..putrescine..and.4.aminobutanoate.degradation","Read_depth","Read_depth","Read_depth",0.373949663173649,0,0.311028156617033,0.229246681282081,0.950474230006754,0.405939321685314,0.939910940436325,NA,"prevalence",80,42
"AST.PWY..L.arginine.degradation.II..AST.pathway.","isobutyrate","isobutyrate","isobutyrate",0.549487103205231,0,0.456534660580835,0.22874253754007,0.950474230006754,0.405161926599871,0.939910940436325,NA,"prevalence",80,76
"GALACTITOLCAT.PWY..galactitol.degradation","butyrate","butyrate","butyrate",-0.388074940127567,0,0.32063395783363,0.226149847745768,0.950474230006754,0.401155941856102,0.939910940436325,NA,"prevalence",80,43
"GLUCARDEG.PWY..D.glucarate.degradation.I","isobutyrate","isobutyrate","isobutyrate",0.549487103205231,0,0.456534660580835,0.22874253754007,0.950474230006754,0.405161926599871,0.939910940436325,NA,"prevalence",80,76
"GLYOXYLATE.BYPASS..glyoxylate.cycle","isobutyrate","isobutyrate","isobutyrate",0.549487103205231,0,0.456534660580835,0.22874253754007,0.950474230006754,0.405161926599871,0.939910940436325,NA,"prevalence",80,76
"HEXITOLDEGSUPER.PWY..superpathway.of.hexitol.degradation..bacteria.","butyrate","butyrate","butyrate",-0.388074940127567,0,0.32063395783363,0.226149847745768,0.950474230006754,0.401155941856102,0.939910940436325,NA,"prevalence",80,43
"ORNARGDEG.PWY..superpathway.of.L.arginine.and.L.ornithine.degradation","Read_depth","Read_depth","Read_depth",0.373949663173649,0,0.311028156617033,0.229246681282081,0.950474230006754,0.405939321685314,0.939910940436325,NA,"prevalence",80,42
"P108.PWY..pyruvate.fermentation.to.propanoate.I","butyrate","butyrate","butyrate",-0.511309142150835,0,0.423413339969075,0.227205528459172,0.950474230006754,0.29424583632971,0.900384819041268,NA,"prevalence",80,72
"P125.PWY..superpathway.of..R.R..butanediol.biosynthesis","Delivery_mode","C-section","Delivery_modeC-section",1.0202656439969,0,0.84330953712319,0.226342099213532,0.950474230006754,0.0640975561157538,0.652710385570562,NA,"prevalence",80,66
"PWY.5723..Rubisco.shunt","isobutyrate","isobutyrate","isobutyrate",0.549487103205231,0,0.456534660580835,0.22874253754007,0.950474230006754,0.405161926599871,0.939910940436325,NA,"prevalence",80,76
"PWY.5845..superpathway.of.menaquinol.9.biosynthesis","isobutyrate","isobutyrate","isobutyrate",0.553401524170965,0,0.461008257417677,0.229977956200244,0.950474230006754,0.407066052062447,0.939910940436325,NA,"prevalence",80,77
"PWY.5855..ubiquinol.7.biosynthesis..early.decarboxylation.","isobutyrate","isobutyrate","isobutyrate",0.549487103205231,0,0.456534660580835,0.22874253754007,0.950474230006754,0.405161926599871,0.939910940436325,NA,"prevalence",80,76
"PWY.5862..superpathway.of.demethylmenaquinol.9.biosynthesis","isobutyrate","isobutyrate","isobutyrate",0.553401524170965,0,0.461008257417677,0.229977956200244,0.950474230006754,0.407066052062447,0.939910940436325,NA,"prevalence",80,77
"PWY.7118..chitin.deacetylation","isobutyrate","isobutyrate","isobutyrate",0.549487103205231,0,0.456534660580835,0.22874253754007,0.950474230006754,0.405161926599871,0.939910940436325,NA,"prevalence",80,76
"PWY.7268..cytosolic.NADPH.production..yeast.","Ethnicity","European","EthnicityEuropean",0.670565415491392,0,0.555023036358001,0.226979638124252,0.950474230006754,0.402439520125488,0.939910940436325,NA,"prevalence",80,26
"PWY.7315..dTDP.N.acetylthomosamine.biosynthesis","isobutyrate","isobutyrate","isobutyrate",0.549487103205231,0,0.456534660580835,0.22874253754007,0.950474230006754,0.405161926599871,0.939910940436325,NA,"prevalence",80,76
"PWY.7391..isoprene.biosynthesis.II..engineered.","Sex","Female","SexFemale",0.74517924585279,0,0.615048865086717,0.225674226718411,0.950474230006754,0.400419596831869,0.939910940436325,NA,"prevalence",80,56
"URSIN.PWY..ureide.biosynthesis","isobutyrate","isobutyrate","isobutyrate",0.496996224793336,0,0.411728801550326,0.227395142101264,0.950474230006754,0.0682008507189705,0.652710385570562,NA,"prevalence",80,18
"UDPNACETYLGALSYN.PWY..UDP.N.acetyl.D.glucosamine.biosynthesis.II","Termness","preterm","Termnesspreterm",-1.89741561116489,0,1.58502019746217,0.231270547078221,0.951409592627796,0.231270547078221,0.8767304674787,NA,"prevalence",80,9
"FOLSYN.PWY..superpathway.of.tetrahydrofolate.biosynthesis.and.salvage","Ethnicity","European","EthnicityEuropean",-1.10357852351653,0,0.924313230492492,0.232499752559545,0.951769791074376,0.41094337017884,0.940258942824249,NA,"prevalence",80,77
"METHGLYUT.PWY..superpathway.of.methylglyoxal.degradation","Delivery_mode","C-section","Delivery_modeC-section",-1.26854205714987,0,1.06236731785093,0.232450177076513,0.951769791074376,0.410867269330124,0.940258942824249,NA,"prevalence",80,77
"PWY.6507..4.deoxy.L.threo.hex.4.enopyranuronate.degradation","Ethnicity","European","EthnicityEuropean",-1.08338604516867,0,0.908234345369965,0.23292868205019,0.951769791074376,0.411601593178742,0.940258942824249,NA,"prevalence",80,75
"PWY.6612..superpathway.of.tetrahydrofolate.biosynthesis","Ethnicity","European","EthnicityEuropean",-1.10357852351653,0,0.924313230492492,0.232499752559545,0.951769791074376,0.41094337017884,0.940258942824249,NA,"prevalence",80,77
"PWY.6731..starch.degradation.III","Feeding_method","Breastfed","Feeding_methodBreastfed",-0.831615826980207,0,0.696319399922376,0.232359757294542,0.951769791074376,0.410728457779106,0.940258942824249,NA,"prevalence",80,68
"PWY.7294..D.xylose.degradation.IV","Delivery_mode","C-section","Delivery_modeC-section",-0.890188503299827,0,0.745366703908404,0.232362185877468,0.951769791074376,0.410732186329181,0.940258942824249,NA,"prevalence",80,19
"PWY.7196..superpathway.of.pyrimidine.ribonucleosides.salvage","Antibiotics","Yes","AntibioticsYes",-1.16043945885687,0,0.973969814675689,0.233475716044888,0.952522885034506,0.233475716044888,0.876913946711319,NA,"prevalence",80,12
"PWY.6182..superpathway.of.salicylate.degradation","propionate","propionate","propionate",0.337424396197909,0,0.283615384305579,0.234154380800267,0.954303265361875,0.364387832765156,0.935052415092543,NA,"prevalence",80,49
"DENITRIFICATION.PWY..nitrate.reduction.I..denitrification.","Feeding_method","Breastfed","Feeding_methodBreastfed",0.683654351235816,0,0.578995858983173,0.237698627005973,0.956098046090625,0.315722896850925,0.909197504832412,NA,"prevalence",80,27
"ECASYN.PWY..enterobacterial.common.antigen.biosynthesis","Delivery_mode","C-section","Delivery_modeC-section",-1.0966624282084,0,0.927037705852779,0.236819056337575,0.956098046090625,0.417554847230531,0.945537422654261,NA,"prevalence",80,74
"GALACTUROCAT.PWY..D.galacturonate.degradation.I","Delivery_mode","C-section","Delivery_modeC-section",-1.19835598001731,0,1.0173028821787,0.238807114848368,0.956098046090625,0.215184411154549,0.866354983134235,NA,"prevalence",80,74
"KDO.NAGLIPASYN.PWY..superpathway.of..Kdo.2.lipid.A.biosynthesis","Read_depth","Read_depth","Read_depth",-0.294699152833411,0,0.248828505848257,0.23627595615002,0.956098046090625,0.416725584845434,0.944812325787187,NA,"prevalence",80,48
"PWY.181..photorespiration","Sex","Female","SexFemale",-0.705115016277045,0,0.593748023614423,0.235004405924239,0.956098046090625,0.414781741044674,0.94410508955008,NA,"prevalence",80,16
"PWY.5180..toluene.degradation.I..aerobic...via.o.cresol.","Probiotics","Yes","ProbioticsYes",-1.95099397941958,0,1.65849454604666,0.239449282170196,0.956098046090625,0.421562605608569,0.946704161726983,NA,"prevalence",80,52
"PWY.5392..reductive.TCA.cycle.II","propionate","propionate","propionate",-0.306128305435994,0,0.257884265267311,0.235197516557751,0.956098046090625,0.415077161320569,0.94410508955008,NA,"prevalence",80,36
"PWY.5415..catechol.degradation.I..meta.cleavage.pathway.","Probiotics","Yes","ProbioticsYes",-1.95099397941958,0,1.65849454604666,0.239449282170196,0.956098046090625,0.421562605608569,0.946704161726983,NA,"prevalence",80,52
"PWY.6961..L.ascorbate.degradation.II..bacterial..aerobic.","Probiotics","Yes","ProbioticsYes",-1.89587629611048,0,1.6089997423043,0.238679034118388,0.956098046090625,0.420390386909089,0.946704161726983,NA,"prevalence",80,60
"PWY.6961..L.ascorbate.degradation.II..bacterial..aerobic.","Termness","preterm","Termnesspreterm",1.80937035119049,0,1.53533204173983,0.238602122882656,0.956098046090625,0.420273272721202,0.946704161726983,NA,"prevalence",80,60
"PWY.7237..myo...chiro..and.scyllo.inositol.degradation","isobutyrate","isobutyrate","isobutyrate",0.419192562688904,0,0.353844951013314,0.236144522721212,0.956098046090625,0.269077086568298,0.889136783784339,NA,"prevalence",80,64
"PWY.7385..1.3.propanediol.biosynthesis..engineered.","Read_depth","Read_depth","Read_depth",-0.289541855383832,0,0.245635451480133,0.238499252412241,0.956098046090625,0.420116611423284,0.946704161726983,NA,"prevalence",80,39
"PWY0.881..superpathway.of.fatty.acid.biosynthesis.I..E..coli.","Feeding_method","Breastfed","Feeding_methodBreastfed",-0.719550943806508,0,0.60757789511183,0.236296645731894,0.956098046090625,0.0896108912338912,0.721132089838405,NA,"prevalence",80,25
"TCA..TCA.cycle.I..prokaryotic.","butyrate","butyrate","butyrate",-0.557337256001429,0,0.473408459380265,0.239081284819188,0.956098046090625,0.421002708887582,0.946704161726983,NA,"prevalence",80,77
"GALACT.GLUCUROCAT.PWY..superpathway.of.hexuronide.and.hexuronate.degradation","Ethnicity","European","EthnicityEuropean",0.647379560238063,0,0.553248208997167,0.241943396606678,0.95659125051845,0.42535018605178,0.948577380465311,NA,"prevalence",80,47
"PWY.5130..2.oxobutanoate.degradation.I","Probiotics","Yes","ProbioticsYes",-1.23145883932185,0,1.05390258992618,0.242615213694578,0.95659125051845,0.426368285473091,0.948577380465311,NA,"prevalence",80,46
"PWY.6731..starch.degradation.III","Antibiotics","Yes","AntibioticsYes",-1.4861348399358,0,1.26588132241434,0.240398136823943,0.95659125051845,0.0506308086883953,0.62483393273415,NA,"prevalence",80,68
"PWY.7204..pyridoxal.5..phosphate.salvage.II..plants.","Delivery_mode","C-section","Delivery_modeC-section",-0.841547119910034,0,0.719234496085641,0.241977044824899,0.95659125051845,0.0613134692846059,0.652710385570562,NA,"prevalence",80,60
"PWY.7211..superpathway.of.pyrimidine.deoxyribonucleotides.de.novo.biosynthesis","isobutyrate","isobutyrate","isobutyrate",0.448837670596287,0,0.383047812559849,0.241295978420795,0.95659125051845,0.424368207639541,0.948577380465311,NA,"prevalence",80,70
"PWY0.41..allantoin.degradation.IV..anaerobic.","Feeding_method","Breastfed","Feeding_methodBreastfed",-0.635563095910823,0,0.542896824513032,0.241723989556988,0.95659125051845,0.425017491986629,0.948577380465311,NA,"prevalence",80,33
"PWY5F9.12..biphenyl.degradation","acetate","acetate","acetate",0.330074706643042,0,0.282218274834607,0.24217308739787,0.95659125051845,0.425698370535924,0.948577380465311,NA,"prevalence",80,15
"NAD.BIOSYNTHESIS.II..NAD.salvage.pathway.III..to.nicotinamide.riboside.","Read_depth","Read_depth","Read_depth",0.415314212280425,0,0.356053696342009,0.243437798500308,0.956742707450535,0.427613635261939,0.949115495495805,NA,"prevalence",80,77
"PWY.822..fructan.biosynthesis","Termness","preterm","Termnesspreterm",-1.10514877706559,0,0.947575819456248,0.243496969844926,0.956742707450535,0.243496969844926,0.880494562511276,NA,"prevalence",80,34
"P125.PWY..superpathway.of..R.R..butanediol.biosynthesis","Feeding_method","Breastfed","Feeding_methodBreastfed",0.801961207042037,0,0.690879265193867,0.245729980880394,0.957290241593442,0.431076738257308,0.950836526424438,NA,"prevalence",80,66
"PWY.6318..L.phenylalanine.degradation.IV..mammalian..via.side.chain.","acetate","acetate","acetate",-0.471683890956521,0,0.40572625702228,0.245005292782197,0.957290241593442,0.429982992073103,0.950836526424438,NA,"prevalence",80,22
"PWY.6318..L.phenylalanine.degradation.IV..mammalian..via.side.chain.","Feeding_method","Breastfed","Feeding_methodBreastfed",-0.698734013729104,0,0.601636824982922,0.245483994898366,0.957290241593442,0.430705598045471,0.950836526424438,NA,"prevalence",80,22
"PWY.6922..L.N.delta..acetylornithine.biosynthesis","Sex","Female","SexFemale",-0.636903941937068,0,0.547302742244093,0.244539875746838,0.957290241593442,0.247999638771087,0.880494562511276,NA,"prevalence",80,57
"PWY.7013...S..propane.1.2.diol.degradation","Sex","Female","SexFemale",-0.811992283708233,0,0.698587730861954,0.245099813905409,0.957290241593442,0.1686003471274,0.831569491193348,NA,"prevalence",80,70
"FASYN.INITIAL.PWY..superpathway.of.fatty.acid.biosynthesis.initiation..E..coli.","Termness","preterm","Termnesspreterm",-1.86416231244086,0,1.61365865277432,0.247992338687305,0.957398249266239,0.00315634238419127,0.236263375124071,NA,"prevalence",80,38
"GLYCOCAT.PWY..glycogen.degradation.I","isobutyrate","isobutyrate","isobutyrate",0.563955331375191,0,0.488232765431878,0.248051437318766,0.957398249266239,0.378405753647293,0.937313481206142,NA,"prevalence",80,78
"PWY.5136..fatty.acid..beta..oxidation.II..plant.peroxisome.","isobutyrate","isobutyrate","isobutyrate",0.563955331375191,0,0.488232765431878,0.248051437318766,0.957398249266239,0.434573359081626,0.95137647878513,NA,"prevalence",80,78
"PWY.5747..2.methylcitrate.cycle.II","Read_depth","Read_depth","Read_depth",-0.281230062489966,0,0.243260215567666,0.247645422165466,0.957398249266239,0.43396258921142,0.95137647878513,NA,"prevalence",80,47
"PWY.622..starch.biosynthesis","propionate","propionate","propionate",0.356733592720772,0,0.308488354567059,0.247520683509478,0.957398249266239,0.0633086382660226,0.652710385570562,NA,"prevalence",80,65
"PWY.7209..superpathway.of.pyrimidine.ribonucleosides.degradation","propionate","propionate","propionate",0.31600639996982,0,0.273101773861485,0.247231001941909,0.957398249266239,0.292906771588915,0.900384819041268,NA,"prevalence",80,60
"PWY.7237..myo...chiro..and.scyllo.inositol.degradation","Sex","Female","SexFemale",-0.678980730860116,0,0.588695545070766,0.248760675189553,0.957398249266239,0.435639476858343,0.95137647878513,NA,"prevalence",80,64
"PWY.7807..glyphosate.degradation.III","Ethnicity","European","EthnicityEuropean",0.630040438892782,0,0.545251373959137,0.247883873902486,0.957398249266239,0.430263920977205,0.950836526424438,NA,"prevalence",80,36
"PWY0.1533..methylphosphonate.degradation.I","Ethnicity","European","EthnicityEuropean",0.630040438892782,0,0.545251373959137,0.247883873902486,0.957398249266239,0.394562576533211,0.937313481206142,NA,"prevalence",80,36
"PWY0.42..2.methylcitrate.cycle.I","Read_depth","Read_depth","Read_depth",-0.281230062489966,0,0.243260215567666,0.247645422165466,0.957398249266239,0.43396258921142,0.95137647878513,NA,"prevalence",80,47
"PWY0.461..L.lysine.degradation.I","propionate","propionate","propionate",0.328934163049474,0,0.284753293615452,0.248026998751937,0.957398249266239,0.43453660539398,0.95137647878513,NA,"prevalence",80,36
"PWY.5505..L.glutamate.and.L.glutamine.biosynthesis","propionate","propionate","propionate",0.333768663610684,0,0.289674087444782,0.249230132927167,0.957521274925079,0.43634460669544,0.95137647878513,NA,"prevalence",80,54
"PWY.5971..palmitate.biosynthesis..type.II.fatty.acid.synthase.","Ethnicity","European","EthnicityEuropean",-0.98908688091746,0,0.859692782283369,0.249933045715178,0.957578316981563,0.437399564089891,0.95137647878513,NA,"prevalence",80,74
"PWY.6182..superpathway.of.salicylate.degradation","Sex","Female","SexFemale",0.61918420778388,0,0.539693251122504,0.251262139475092,0.957578316981563,0.137430994487356,0.795842555481638,NA,"prevalence",80,49
"PWY.6353..purine.nucleotides.degradation.II..aerobic.","isobutyrate","isobutyrate","isobutyrate",0.358893008760681,0,0.312943756088999,0.251452256351595,0.957578316981563,0.439676275478882,0.95137647878513,NA,"prevalence",80,52
"PWY.6549..L.glutamine.biosynthesis.III","Delivery_mode","C-section","Delivery_modeC-section",-0.79843435547766,0,0.694404697668323,0.250221607574356,0.957578316981563,0.437832362251617,0.95137647878513,NA,"prevalence",80,64
"PWY.7388..octanoyl..acyl.carrier.protein..biosynthesis..mitochondria..yeast.","Delivery_mode","C-section","Delivery_modeC-section",0.783757473223072,0,0.682522624098547,0.250834615256085,0.957578316981563,0.438751226301502,0.95137647878513,NA,"prevalence",80,56
"RUMP.PWY..formaldehyde.oxidation.I","butyrate","butyrate","butyrate",0.39598634261642,0,0.344493039234943,0.250359922785851,0.957578316981563,0.438039754634365,0.95137647878513,NA,"prevalence",80,59
"SALVADEHYPOX.PWY..adenosine.nucleotides.degradation.II","isobutyrate","isobutyrate","isobutyrate",0.358893008760681,0,0.312943756088999,0.251452256351595,0.957578316981563,0.439676275478882,0.95137647878513,NA,"prevalence",80,52
"P105.PWY..TCA.cycle.IV..2.oxoglutarate.decarboxylase.","isobutyrate","isobutyrate","isobutyrate",0.493735556580659,0,0.431818314390475,0.252877842274084,0.958124030747438,0.389610813481501,0.937313481206142,NA,"prevalence",80,74
"PWY.7185..UTP.and.CTP.dephosphorylation.I","Feeding_method","Breastfed","Feeding_methodBreastfed",-0.772233840654339,0,0.675695715327056,0.253091661333513,0.958124030747438,0.442127933630469,0.95137647878513,NA,"prevalence",80,67
"PWY.7210..pyrimidine.deoxyribonucleotides.biosynthesis.from.CTP","Feeding_method","Breastfed","Feeding_methodBreastfed",-0.772233840654339,0,0.675695715327056,0.253091661333513,0.958124030747438,0.442127933630469,0.95137647878513,NA,"prevalence",80,67
"ALLANTOINDEG.PWY..superpathway.of.allantoin.degradation.in.yeast","Ethnicity","European","EthnicityEuropean",0.66137934919992,0,0.581180896651536,0.255123723540124,0.960423803967878,0.44515933276727,0.95137647878513,NA,"prevalence",80,27
"DARABCATK12.PWY..D.arabinose.degradation.I","isobutyrate","isobutyrate","isobutyrate",0.406792461354167,0,0.356889924753371,0.254358745738293,0.960423803967878,0.444019119943029,0.95137647878513,NA,"prevalence",80,64
"PRPP.PWY..superpathway.of.histidine..purine..and.pyrimidine.biosynthesis","Read_depth","Read_depth","Read_depth",0.408097735811338,0,0.359009185775541,0.255649748276294,0.960423803967878,0.445942702758855,0.95137647878513,NA,"prevalence",80,76
"PWY.5417..catechol.degradation.III..ortho.cleavage.pathway.","acetate","acetate","acetate",0.282247869285165,0,0.247815411683684,0.254726523729024,0.960423803967878,0.444567445566976,0.95137647878513,NA,"prevalence",80,51
"PWY.5431..aromatic.compounds.degradation.via..beta..ketoadipate","acetate","acetate","acetate",0.282247869285165,0,0.247815411683684,0.254726523729024,0.960423803967878,0.444567445566976,0.95137647878513,NA,"prevalence",80,51
"PWY.7211..superpathway.of.pyrimidine.deoxyribonucleotides.de.novo.biosynthesis","Ethnicity","European","EthnicityEuropean",0.895858290072637,0,0.787070750760883,0.255029361253501,0.960423803967878,0.445018747405633,0.95137647878513,NA,"prevalence",80,70
"PWY.7385..1.3.propanediol.biosynthesis..engineered.","Termness","preterm","Termnesspreterm",-1.19169080259498,0,1.04809244732786,0.255534420747374,0.960423803967878,0.445771001308053,0.95137647878513,NA,"prevalence",80,39
"PWY0.41..allantoin.degradation.IV..anaerobic.","Read_depth","Read_depth","Read_depth",-0.279030575794931,0,0.244998083509145,0.254741020312265,0.960423803967878,0.444589053194795,0.95137647878513,NA,"prevalence",80,33
"PWY66.391..fatty.acid..beta..oxidation.VI..mammalian.peroxisome.","Sex","Female","SexFemale",0.644002386382554,0,0.567492672597812,0.256450484916591,0.961148752562749,0.447134118619227,0.95137647878513,NA,"prevalence",80,50
"TCA..TCA.cycle.I..prokaryotic.","propionate","propionate","propionate",0.392067952972006,0,0.345314964924612,0.256210983598772,0.961148752562749,0.446777899080893,0.95137647878513,NA,"prevalence",80,77
"GALACTITOLCAT.PWY..galactitol.degradation","Delivery_mode","C-section","Delivery_modeC-section",-0.681314117290225,0,0.601623709082191,0.257441558775384,0.961519377904825,0.448606961366068,0.95137647878513,NA,"prevalence",80,43
"HEXITOLDEGSUPER.PWY..superpathway.of.hexitol.degradation..bacteria.","Delivery_mode","C-section","Delivery_modeC-section",-0.681314117290225,0,0.601623709082191,0.257441558775384,0.961519377904825,0.448606961366068,0.95137647878513,NA,"prevalence",80,43
"PWY.5838..superpathway.of.menaquinol.8.biosynthesis.I","Delivery_mode","C-section","Delivery_modeC-section",-1.21035926238163,0,1.06915584208542,0.257605003012135,0.961519377904825,0.448849668447388,0.95137647878513,NA,"prevalence",80,76
"PWY.5861..superpathway.of.demethylmenaquinol.8.biosynthesis.I","Delivery_mode","C-section","Delivery_modeC-section",-1.21035926238163,0,1.06915584208542,0.257605003012135,0.961519377904825,0.448849668447388,0.95137647878513,NA,"prevalence",80,76
"PWY.6168..flavin.biosynthesis.III..fungi.","butyrate","butyrate","butyrate",-0.35849702981745,0,0.316825283764459,0.257832460355767,0.961519377904825,0.449187343098426,0.95137647878513,NA,"prevalence",80,36
"PWY.7039..phosphatidate.metabolism..as.a.signaling.molecule","propionate","propionate","propionate",0.518695762965815,0,0.458170268391917,0.257591291947858,0.961519377904825,0.448829310208349,0.95137647878513,NA,"prevalence",80,13
"PWY0.166..superpathway.of.pyrimidine.deoxyribonucleotides.de.novo.biosynthesis..E..coli.","propionate","propionate","propionate",0.40667028423075,0,0.359445487234851,0.257894192118926,0.961519377904825,0.0765663196510857,0.690110580308434,NA,"prevalence",80,77
"X3.HYDROXYPHENYLACETATE.DEGRADATION.PWY..4.hydroxyphenylacetate.degradation","Antibiotics","Yes","AntibioticsYes",-1.15423000316239,0,1.01863874445316,0.257167957149826,0.961519377904825,0.448200556115038,0.95137647878513,NA,"prevalence",80,56
"AST.PWY..L.arginine.degradation.II..AST.pathway.","Delivery_mode","C-section","Delivery_modeC-section",-1.19182648381205,0,1.07229755875511,0.266366129862672,0.96156431975498,0.461781344587326,0.95160573712957,NA,"prevalence",80,76
"ECASYN.PWY..enterobacterial.common.antigen.biosynthesis","Termness","preterm","Termnesspreterm",1.78609461768715,0,1.58802040721094,0.260703351573589,0.96156431975498,0.0745404021303525,0.68588295393078,NA,"prevalence",80,74
"FAO.PWY..fatty.acid..beta..oxidation.I..generic.","butyrate","butyrate","butyrate",-0.503764883116103,0,0.454380494137006,0.267566052334076,0.96156431975498,0.46354051230651,0.95160573712957,NA,"prevalence",80,75
"GLUCARDEG.PWY..D.glucarate.degradation.I","Delivery_mode","C-section","Delivery_modeC-section",-1.19182648381205,0,1.07229755875511,0.266366129862672,0.96156431975498,0.461781344587326,0.95160573712957,NA,"prevalence",80,76
"GLUDEG.I.PWY..GABA.shunt","acetate","acetate","acetate",0.348640041150231,0,0.311558909082942,0.263132441099074,0.96156431975498,0.457026200639391,0.95160573712957,NA,"prevalence",80,55
"GLYOXYLATE.BYPASS..glyoxylate.cycle","Delivery_mode","C-section","Delivery_modeC-section",-1.19182648381205,0,1.07229755875511,0.266366129862672,0.96156431975498,0.461781344587326,0.95160573712957,NA,"prevalence",80,76
"METHGLYUT.PWY..superpathway.of.methylglyoxal.degradation","propionate","propionate","propionate",0.378383420429181,0,0.3402629992193,0.26612429472243,0.96156431975498,0.461426449203349,0.95160573712957,NA,"prevalence",80,77
"ORNDEG.PWY..superpathway.of.ornithine.degradation","butyrate","butyrate","butyrate",-0.503764883116103,0,0.454380494137006,0.267566052334076,0.96156431975498,0.46354051230651,0.95160573712957,NA,"prevalence",80,75
"P108.PWY..pyruvate.fermentation.to.propanoate.I","Antibiotics","Yes","AntibioticsYes",-1.45968659952664,0,1.2966876391374,0.260290785219428,0.96156431975498,0.452830277568709,0.95137647878513,NA,"prevalence",80,72
"P125.PWY..superpathway.of..R.R..butanediol.biosynthesis","Antibiotics","Yes","AntibioticsYes",0.957254849518248,0,0.856841542587133,0.263913072167658,0.96156431975498,0.458176034674345,0.95160573712957,NA,"prevalence",80,66
"P221.PWY..octane.oxidation","Termness","preterm","Termnesspreterm",-1.47661730005865,0,1.30987103126657,0.25961576355821,0.96156431975498,0.451831182428507,0.95137647878513,NA,"prevalence",80,78
"PWY.181..photorespiration","isobutyrate","isobutyrate","isobutyrate",-0.389748381114826,0,0.351561926310439,0.267594394031541,0.96156431975498,0.463582028345975,0.95160573712957,NA,"prevalence",80,16
"PWY.5138..fatty.acid..beta..oxidation.IV..unsaturated..even.number.","butyrate","butyrate","butyrate",-0.503764883116103,0,0.454380494137006,0.267566052334076,0.96156431975498,0.46354051230651,0.95160573712957,NA,"prevalence",80,75
"PWY.5705..allantoin.degradation.to.glyoxylate.III","butyrate","butyrate","butyrate",-0.354917628208179,0,0.318479587904752,0.265102270686523,0.96156431975498,0.448636961133003,0.95137647878513,NA,"prevalence",80,46
"PWY.5723..Rubisco.shunt","Delivery_mode","C-section","Delivery_modeC-section",-1.19182648381205,0,1.07229755875511,0.266366129862672,0.96156431975498,0.461781344587326,0.95160573712957,NA,"prevalence",80,76
"PWY.5850..superpathway.of.menaquinol.6.biosynthesis","butyrate","butyrate","butyrate",-0.503764883116103,0,0.454380494137006,0.267566052334076,0.96156431975498,0.458252551914227,0.95160573712957,NA,"prevalence",80,75
"PWY.5855..ubiquinol.7.biosynthesis..early.decarboxylation.","Delivery_mode","C-section","Delivery_modeC-section",-1.19182648381205,0,1.07229755875511,0.266366129862672,0.96156431975498,0.461781344587326,0.95160573712957,NA,"prevalence",80,76
"PWY.5860..superpathway.of.demethylmenaquinol.6.biosynthesis.I","butyrate","butyrate","butyrate",-0.503764883116103,0,0.454380494137006,0.267566052334076,0.96156431975498,0.403245647104206,0.939910940436325,NA,"prevalence",80,75
"PWY.5896..superpathway.of.menaquinol.10.biosynthesis","butyrate","butyrate","butyrate",-0.503764883116103,0,0.454380494137006,0.267566052334076,0.96156431975498,0.45774627198042,0.95160573712957,NA,"prevalence",80,75
"PWY.5994..palmitate.biosynthesis..type.I.fatty.acid.synthase.","propionate","propionate","propionate",-0.318946471206503,0,0.284780374017207,0.262725056433484,0.96156431975498,0.262725056433484,0.888115132508528,NA,"prevalence",80,11
"PWY.6292..superpathway.of.L.cysteine.biosynthesis..mammalian.","butyrate","butyrate","butyrate",-0.521332770873306,0,0.46213581873632,0.259280107168137,0.96156431975498,0.451334040363153,0.95137647878513,NA,"prevalence",80,76
"PWY.6435..4.hydroxybenzoate.biosynthesis.III..plants.","Sex","Female","SexFemale",-0.738983926037642,0,0.655697557982383,0.259734241574866,0.96156431975498,0.259734241574866,0.882557545761108,NA,"prevalence",80,12
"PWY.6606..guanosine.nucleotides.degradation.II","butyrate","butyrate","butyrate",-0.574848031671777,0,0.515098979670494,0.264424153647528,0.96156431975498,0.0458913063306914,0.607286429441843,NA,"prevalence",80,79
"PWY.6608..guanosine.nucleotides.degradation.III","butyrate","butyrate","butyrate",-0.574848031671777,0,0.515098979670494,0.264424153647528,0.96156431975498,0.190613452564916,0.849508408582616,NA,"prevalence",80,79
"PWY.6803..phosphatidylcholine.acyl.editing","butyrate","butyrate","butyrate",-0.503764883116103,0,0.454380494137006,0.267566052334076,0.96156431975498,0.46354051230651,0.95160573712957,NA,"prevalence",80,75
"PWY.6961..L.ascorbate.degradation.II..bacterial..aerobic.","butyrate","butyrate","butyrate",-0.381620377056669,0,0.340283481965302,0.262084528106561,0.96156431975498,0.455480756340284,0.95160573712957,NA,"prevalence",80,60
"PWY.6961..L.ascorbate.degradation.II..bacterial..aerobic.","Sex","Female","SexFemale",-0.629484646744027,0,0.561615436496305,0.262353244606124,0.96156431975498,0.455877264256887,0.95160573712957,NA,"prevalence",80,60
"PWY.7118..chitin.deacetylation","Delivery_mode","C-section","Delivery_modeC-section",-1.19182648381205,0,1.07229755875511,0.266366129862672,0.96156431975498,0.461781344587326,0.95160573712957,NA,"prevalence",80,76
"PWY.7165..L.ascorbate.biosynthesis.VIII..engineered.pathway.","Feeding_method","Breastfed","Feeding_methodBreastfed",-0.61791161950782,0,0.552198295522456,0.263138804937056,0.96156431975498,0.225996998222465,0.872999999268862,NA,"prevalence",80,39
"PWY.7165..L.ascorbate.biosynthesis.VIII..engineered.pathway.","Termness","preterm","Termnesspreterm",1.03856392584125,0,0.931744345993448,0.265002693913192,0.96156431975498,0.326905702474601,0.911723569545708,NA,"prevalence",80,39
"PWY.7269..mitochondrial.NADPH.production..yeast.","Delivery_mode","C-section","Delivery_modeC-section",-0.801354777775871,0,0.72233072054184,0.267257019807882,0.96156431975498,0.146995441180387,0.800902568025061,NA,"prevalence",80,63
"PWY.7315..dTDP.N.acetylthomosamine.biosynthesis","Delivery_mode","C-section","Delivery_modeC-section",-1.19182648381205,0,1.07229755875511,0.266366129862672,0.96156431975498,0.461781344587326,0.95160573712957,NA,"prevalence",80,76
"PWY.7340..9.cis..11.trans.octadecadienoyl.CoA.degradation..isomerase.dependent..yeast.","Sex","Female","SexFemale",0.6301047485205,0,0.565563278929648,0.26522817364475,0.96156431975498,0.460110363194569,0.95160573712957,NA,"prevalence",80,48
"PWY.7873..D.erythronate.degradation.II","isobutyrate","isobutyrate","isobutyrate",0.377862618231839,0,0.335418610331875,0.259936846718269,0.96156431975498,0.452306529154701,0.95137647878513,NA,"prevalence",80,25
"PWY.7942..5.oxo.L.proline.metabolism","butyrate","butyrate","butyrate",-0.503764883116103,0,0.454380494137006,0.267566052334076,0.96156431975498,0.46354051230651,0.95160573712957,NA,"prevalence",80,75
"PWY.821..superpathway.of.sulfur.amino.acid.biosynthesis..Saccharomyces.cerevisiae.","Ethnicity","European","EthnicityEuropean",-1.05578855289233,0,0.938353772651622,0.260525564420678,0.96156431975498,0.453177559124643,0.95137647878513,NA,"prevalence",80,77
"PWY0.1221..putrescine.degradation.II","Probiotics","Yes","ProbioticsYes",-1.36782740028518,0,1.21363072217348,0.259719636424102,0.96156431975498,0.259719636424102,0.882557545761108,NA,"prevalence",80,12
"PWY0.845..superpathway.of.pyridoxal.5..phosphate.biosynthesis.and.salvage","butyrate","butyrate","butyrate",-0.503764883116103,0,0.454380494137006,0.267566052334076,0.96156431975498,0.46354051230651,0.95160573712957,NA,"prevalence",80,75
"PWY3O.4107..NAD.salvage.pathway.V..PNC.V.cycle.","Probiotics","Yes","ProbioticsYes",1.73470068088963,0,1.55698088820429,0.265217479465764,0.96156431975498,0.00632588541766342,0.313325865566795,NA,"prevalence",80,78
"PYRIDOXSYN.PWY..pyridoxal.5..phosphate.biosynthesis.I","butyrate","butyrate","butyrate",-0.503764883116103,0,0.454380494137006,0.267566052334076,0.96156431975498,0.46354051230651,0.95160573712957,NA,"prevalence",80,75
"TCA..TCA.cycle.I..prokaryotic.","Delivery_mode","C-section","Delivery_modeC-section",-1.19903776762329,0,1.06593827335471,0.260645803273581,0.96156431975498,0.453355371783032,0.95137647878513,NA,"prevalence",80,77
"PWY.5676..acetyl.CoA.fermentation.to.butanoate.II","acetate","acetate","acetate",-0.300213015920296,0,0.271354085214643,0.268574382420461,0.962615552642581,0.46501656594839,0.951643860272805,NA,"prevalence",80,45
"P562.PWY..myo.inositol.degradation.I","Probiotics","Yes","ProbioticsYes",1.19327570354988,0,1.08153392372829,0.269889149523708,0.963819909314492,0.466938146016785,0.953992931298585,NA,"prevalence",80,47
"PWY.7340..9.cis..11.trans.octadecadienoyl.CoA.degradation..isomerase.dependent..yeast.","Termness","preterm","Termnesspreterm",1.09080154929799,0,0.988180505935955,0.269658870807986,0.963819909314492,0.466601835010533,0.953992931298585,NA,"prevalence",80,48
"AEROBACTINSYN.PWY..aerobactin.biosynthesis","Ethnicity","European","EthnicityEuropean",0.835401343588681,0,0.758965873617674,0.271022882937817,0.963936014349492,0.271022882937817,0.890932674777174,NA,"prevalence",80,9
"PWY.6549..L.glutamine.biosynthesis.III","Sex","Female","SexFemale",-0.625290014358238,0,0.567523352790903,0.27055415920406,0.963936014349492,0.467908765345504,0.954789421052555,NA,"prevalence",80,64
"PWY.7204..pyridoxal.5..phosphate.salvage.II..plants.","acetate","acetate","acetate",-0.457781280595287,0,0.41564259251079,0.270730424851009,0.963936014349492,0.468165886762011,0.95491900476023,NA,"prevalence",80,60
"PWY.7323..superpathway.of.GDP.mannose.derived.O.antigen.building.blocks.biosynthesis","Delivery_mode","C-section","Delivery_modeC-section",-0.823791180120816,0,0.749120240346683,0.271472366474825,0.965098963487668,0.0606716325023919,0.651922639437466,NA,"prevalence",80,63
"PWY.7268..cytosolic.NADPH.production..yeast.","propionate","propionate","propionate",0.380933042506597,0,0.347257084086855,0.272651436213795,0.966238423073448,0.470964066758144,0.955489418861031,NA,"prevalence",80,26
"PWY.7388..octanoyl..acyl.carrier.protein..biosynthesis..mitochondria..yeast.","Sex","Female","SexFemale",-0.649807268651995,0,0.592871005082593,0.273063534315327,0.966703080112749,0.471563374857876,0.956309321028628,NA,"prevalence",80,56
"CENTFERM.PWY..pyruvate.fermentation.to.butanoate","Antibiotics","Yes","AntibioticsYes",-0.973989918699181,0,0.894221114652713,0.276063588438917,0.966738771303855,0.475916072016061,0.956605396504718,NA,"prevalence",80,23
"GALACTITOLCAT.PWY..galactitol.degradation","Antibiotics","Yes","AntibioticsYes",-0.827665144252865,0,0.755938014042891,0.273567049335286,0.966738771303855,0.0203234985601587,0.472808938201428,NA,"prevalence",80,43
"GLUCUROCAT.PWY..superpathway.of..beta..D.glucuronosides.degradation","Probiotics","Yes","ProbioticsYes",1.63141809555627,0,1.49624632137115,0.275563141869757,0.966738771303855,0.475191238582381,0.956605396504718,NA,"prevalence",80,66
"HEXITOLDEGSUPER.PWY..superpathway.of.hexitol.degradation..bacteria.","Antibiotics","Yes","AntibioticsYes",-0.827665144252865,0,0.755938014042891,0.273567049335286,0.966738771303855,0.0296982862559278,0.515701115499315,NA,"prevalence",80,43
"PWY.2221..Entner.Doudoroff.pathway.III..semi.phosphorylative.","propionate","propionate","propionate",0.537578746619523,0,0.493052862030579,0.275578147266528,0.966738771303855,0.275578147266528,0.892735221552444,NA,"prevalence",80,10
"PWY.5130..2.oxobutanoate.degradation.I","Termness","preterm","Termnesspreterm",-1.05435125443744,0,0.967257860955643,0.275694843264812,0.966738771303855,0.426660492312295,0.948577380465311,NA,"prevalence",80,46
"PWY.5392..reductive.TCA.cycle.II","Feeding_method","Breastfed","Feeding_methodBreastfed",-0.577942332215046,0,0.528020098137824,0.273715546079155,0.966738771303855,0.472510891992899,0.956524047973488,NA,"prevalence",80,36
"PWY.6590..superpathway.of.Clostridium.acetobutylicum.acidogenic.fermentation","Antibiotics","Yes","AntibioticsYes",-0.973989918699181,0,0.894221114652713,0.276063588438917,0.966738771303855,0.475916072016061,0.956605396504718,NA,"prevalence",80,23
"PWY.6961..L.ascorbate.degradation.II..bacterial..aerobic.","Delivery_mode","C-section","Delivery_modeC-section",-0.767927431987701,0,0.702090796209632,0.274054876298182,0.966738771303855,0.370418375344641,0.937313481206142,NA,"prevalence",80,60
"PWY.7013...S..propane.1.2.diol.degradation","isobutyrate","isobutyrate","isobutyrate",0.434428019862365,0,0.398182422510317,0.27526073037036,0.966738771303855,0.474752991056695,0.956605396504718,NA,"prevalence",80,70
"PWY.7039..phosphatidate.metabolism..as.a.signaling.molecule","Probiotics","Yes","ProbioticsYes",-1.68741646091361,0,1.54370736625209,0.274352757287963,0.966738771303855,0.274352757287963,0.89183731676898,NA,"prevalence",80,13
"PWY.7807..glyphosate.degradation.III","Delivery_mode","C-section","Delivery_modeC-section",-0.655773456900977,0,0.601027300127784,0.275234322105897,0.966738771303855,0.474714712146701,0.956605396504718,NA,"prevalence",80,36
"PWY0.1533..methylphosphonate.degradation.I","Delivery_mode","C-section","Delivery_modeC-section",-0.655773456900977,0,0.601027300127784,0.275234322105897,0.966738771303855,0.474714712146701,0.956605396504718,NA,"prevalence",80,36
"PYRIDNUCSAL.PWY..NAD.salvage.pathway.I..PNC.VI.cycle.","Termness","preterm","Termnesspreterm",-1.38288667059898,0,1.26846959899302,0.275624666663371,0.966738771303855,0.0133758207252136,0.43837579433882,NA,"prevalence",80,77
"LIPASYN.PWY..phospholipases","isobutyrate","isobutyrate","isobutyrate",0.354445832752272,0,0.325985141619914,0.276901282921921,0.968232714983976,0.477128245360037,0.957751935741026,NA,"prevalence",80,57
"GLUDEG.I.PWY..GABA.shunt","Read_depth","Read_depth","Read_depth",0.384055033087726,0,0.353377443466984,0.2771196694315,0.968566440009474,0.477444027677176,0.957995909073975,NA,"prevalence",80,55
"PWY.5972..stearate.biosynthesis.I..animals.","butyrate","butyrate","butyrate",-0.384763327824846,0,0.354378174585633,0.277593078641818,0.968580073887327,0.478128239973794,0.958059482309325,NA,"prevalence",80,29
"PWY.7874..L.threonate.degradation","Sex","Female","SexFemale",-0.558009476222683,0,0.514383611415789,0.278004962342042,0.968580073887327,0.157323567179371,0.8107101924969,NA,"prevalence",80,29
"CARNMET.PWY..L.carnitine.degradation.I","propionate","propionate","propionate",0.279688323703816,0,0.258049039671374,0.278428094722218,0.968700473169114,0.479333985513791,0.958211376989914,NA,"prevalence",80,43
"GLYCOL.GLYOXDEG.PWY..superpathway.of.glycol.metabolism.and.degradation","Termness","preterm","Termnesspreterm",-1.05588826909469,0,0.974611502638641,0.278633570982637,0.968700473169114,0.352991441038361,0.927025445794033,NA,"prevalence",80,67
"P105.PWY..TCA.cycle.IV..2.oxoglutarate.decarboxylase.","Delivery_mode","C-section","Delivery_modeC-section",-1.12564285433095,0,1.04276922144442,0.280376225331678,0.971953459413456,0.482141622932116,0.959080836132184,NA,"prevalence",80,74
"PWY.1622..formaldehyde.assimilation.I..serine.pathway.","propionate","propionate","propionate",-0.285120271287614,0,0.26473351303886,0.281476421910061,0.971953459413456,0.483723867728832,0.959080836132184,NA,"prevalence",80,29
"PWY.5497..purine.nucleobases.degradation.II..anaerobic.","isobutyrate","isobutyrate","isobutyrate",0.33638242172624,0,0.313277401141718,0.282933582699765,0.971953459413456,0.485815753180205,0.959080836132184,NA,"prevalence",80,51
"PWY.5910..superpathway.of.geranylgeranyldiphosphate.biosynthesis.I..via.mevalonate.","propionate","propionate","propionate",-0.549137046719431,0,0.514108975274084,0.285460272280008,0.971953459413456,0.423423928437828,0.948577380465311,NA,"prevalence",80,71
"PWY.5972..stearate.biosynthesis.I..animals.","Antibiotics","Yes","AntibioticsYes",0.884473421193207,0,0.82853263134494,0.28573803148027,0.971953459413456,0.319602421667115,0.911723569545708,NA,"prevalence",80,29
"PWY.6182..superpathway.of.salicylate.degradation","acetate","acetate","acetate",0.26310504489428,0,0.244104086452349,0.281105354853177,0.971953459413456,0.483190489179224,0.959080836132184,NA,"prevalence",80,49
"PWY.6328..L.lysine.degradation.X","propionate","propionate","propionate",0.474467793578915,0,0.444414764685231,0.285690229467005,0.971953459413456,0.285690229467005,0.896896379205136,NA,"prevalence",80,11
"PWY.7165..L.ascorbate.biosynthesis.VIII..engineered.pathway.","propionate","propionate","propionate",0.329208693658158,0,0.306102998793259,0.282158360651287,0.971953459413456,0.484703380817152,0.959080836132184,NA,"prevalence",80,39
"PWY.7185..UTP.and.CTP.dephosphorylation.I","Sex","Female","SexFemale",-0.717748293509646,0,0.670181840909185,0.284180471857853,0.971953459413456,0.0584575497458906,0.646440886427651,NA,"prevalence",80,67
"PWY.7200..superpathway.of.pyrimidine.deoxyribonucleoside.salvage","Read_depth","Read_depth","Read_depth",0.29894863406735,0,0.276905827870345,0.280318568024931,0.971953459413456,0.482058636470315,0.959080836132184,NA,"prevalence",80,59
"PWY.7210..pyrimidine.deoxyribonucleotides.biosynthesis.from.CTP","Sex","Female","SexFemale",-0.717748293509646,0,0.670181840909185,0.284180471857853,0.971953459413456,0.0499598321570772,0.624066974087972,NA,"prevalence",80,67
"PWY.7211..superpathway.of.pyrimidine.deoxyribonucleotides.de.novo.biosynthesis","Termness","preterm","Termnesspreterm",1.72672352606191,0,1.60434947930633,0.281803647750644,0.971953459413456,0.317384792844524,0.909553630627073,NA,"prevalence",80,70
"PWY.7434..terminal.O.glycans.residues.modification..via.type.2.precursor.disaccharide.","butyrate","butyrate","butyrate",0.40426333809035,0,0.378196759680342,0.285104220423378,0.971953459413456,0.285104220423378,0.896827679176477,NA,"prevalence",80,13
"PWY0.1221..putrescine.degradation.II","Termness","preterm","Termnesspreterm",1.11694257696554,0,1.0385308899816,0.282149809883816,0.971953459413456,0.282149809883816,0.896827679176477,NA,"prevalence",80,12
"PWY5F9.12..biphenyl.degradation","propionate","propionate","propionate",0.590175797070074,0,0.552369540032863,0.285320379334235,0.971953459413456,0.479332255639089,0.958211376989914,NA,"prevalence",80,15
"PWY.6293..superpathway.of.L.cysteine.biosynthesis..fungi.","Sex","Female","SexFemale",-0.79577320672449,0,0.747340043115842,0.286963096650298,0.974145035443711,0.237194279308573,0.879580590639009,NA,"prevalence",80,74
"PWY.6961..L.ascorbate.degradation.II..bacterial..aerobic.","propionate","propionate","propionate",0.284944828493178,0,0.26828680967045,0.288194675756902,0.975169362242574,0.493333180379177,0.960765402119967,NA,"prevalence",80,60
"PWY.7323..superpathway.of.GDP.mannose.derived.O.antigen.building.blocks.biosynthesis","Termness","preterm","Termnesspreterm",-0.994409374927164,0,0.937187511112184,0.288663995017731,0.975169362242574,0.494001088015865,0.960765402119967,NA,"prevalence",80,63
"PWY.7383..anaerobic.energy.metabolism..invertebrates..cytosol.","Antibiotics","Yes","AntibioticsYes",-0.999946074608923,0,0.941867031539788,0.288388366380341,0.975169362242574,0.49360888289716,0.960765402119967,NA,"prevalence",80,27
"PWY.922..mevalonate.pathway.I..eukaryotes.and.bacteria.","propionate","propionate","propionate",-0.530350502149032,0,0.499271588366679,0.288122881575509,0.975169362242574,0.21691375145268,0.866354983134235,NA,"prevalence",80,72
"PWY66.399..gluconeogenesis.III","Antibiotics","Yes","AntibioticsYes",-0.999946074608923,0,0.941867031539788,0.288388366380341,0.975169362242574,0.49360888289716,0.960765402119967,NA,"prevalence",80,27
"PWY.7388..octanoyl..acyl.carrier.protein..biosynthesis..mitochondria..yeast.","isobutyrate","isobutyrate","isobutyrate",0.404539026290651,0,0.38192079337965,0.289498545339687,0.975525829349822,0.495187682925579,0.960765402119967,NA,"prevalence",80,56
"PWY.7616..methanol.oxidation.to.carbon.dioxide","Probiotics","Yes","ProbioticsYes",1.1342983931383,0,1.07076600220254,0.289447882497662,0.975525829349822,0.495115688312943,0.960765402119967,NA,"prevalence",80,41
"PWY.2221..Entner.Doudoroff.pathway.III..semi.phosphorylative.","Probiotics","Yes","ProbioticsYes",-1.58128300333415,0,1.49579941894648,0.290443547496387,0.977082575659827,0.290443547496387,0.900384819041268,NA,"prevalence",80,10
"CARNMET.PWY..L.carnitine.degradation.I","Feeding_method","Breastfed","Feeding_methodBreastfed",-0.552539820428086,0,0.523312888684081,0.291036831869854,0.977384261067583,0.497371226234866,0.961537261555846,NA,"prevalence",80,43
"ALLANTOINDEG.PWY..superpathway.of.allantoin.degradation.in.yeast","Feeding_method","Breastfed","Feeding_methodBreastfed",0.610235475801606,0,0.581194194603073,0.293732691220952,0.977567355698361,0.30264064623642,0.905960985257137,NA,"prevalence",80,27
"COLANSYN.PWY..colanic.acid.building.blocks.biosynthesis","Ethnicity","European","EthnicityEuropean",0.673860556915027,0,0.639314743802503,0.291866577498289,0.977567355698361,0.358525079360771,0.932719603629341,NA,"prevalence",80,60
"PWY.6185..4.methylcatechol.degradation..ortho.cleavage.","acetate","acetate","acetate",0.260223816107153,0,0.247136023135868,0.292360309556909,0.977567355698361,0.499246068509607,0.963288065489386,NA,"prevalence",80,51
"PWY.6215..4.chlorobenzoate.degradation","isobutyrate","isobutyrate","isobutyrate",0.472992027018559,0,0.452744982085895,0.296152103018618,0.977567355698361,0.296152103018618,0.900384819041268,NA,"prevalence",80,12
"PWY.6318..L.phenylalanine.degradation.IV..mammalian..via.side.chain.","butyrate","butyrate","butyrate",-0.365250005208669,0,0.348928324110899,0.29520262457093,0.977567355698361,0.503260659588294,0.964062047389755,NA,"prevalence",80,22
"PWY.6549..L.glutamine.biosynthesis.III","Feeding_method","Breastfed","Feeding_methodBreastfed",0.653509041683789,0,0.625244501434065,0.295927965107988,0.977567355698361,0.504282569683021,0.964062047389755,NA,"prevalence",80,64
"PWY.7200..superpathway.of.pyrimidine.deoxyribonucleoside.salvage","acetate","acetate","acetate",-0.499465505734502,0,0.475666642898509,0.293703101536002,0.977567355698361,0.12904972552586,0.788011685336088,NA,"prevalence",80,59
"PWY.7245..superpathway.of.NAD.NADP...NADH.NADPH.interconversion..yeast.","Ethnicity","European","EthnicityEuropean",0.589670837829083,0,0.562584402609049,0.294571143565672,0.977567355698361,0.502370128509756,0.964062047389755,NA,"prevalence",80,25
"PWY.7409..phospholipid.remodeling..phosphatidylethanolamine..yeast.","Read_depth","Read_depth","Read_depth",-0.257741322218241,0,0.246434375338787,0.295615431765265,0.977567355698361,0.483431997167746,0.959080836132184,NA,"prevalence",80,34
"PWY.7883..anhydromuropeptides.recycling.II","butyrate","butyrate","butyrate",-0.512123266821744,0,0.4897233625869,0.295681129540484,0.977567355698361,0.503934928714632,0.964062047389755,NA,"prevalence",80,78
"PWY1G.0..mycothiol.biosynthesis","Delivery_mode","C-section","Delivery_modeC-section",-0.727717521437571,0,0.695219593239478,0.295217277255793,0.977567355698361,0.503281313721263,0.964062047389755,NA,"prevalence",80,13
"PWY66.391..fatty.acid..beta..oxidation.VI..mammalian.peroxisome.","butyrate","butyrate","butyrate",-0.34726845404649,0,0.332453215624392,0.296224812762376,0.977567355698361,0.504700485828647,0.964062047389755,NA,"prevalence",80,50
"RUMP.PWY..formaldehyde.oxidation.I","propionate","propionate","propionate",-0.35826267023266,0,0.342533389668126,0.295597771013362,0.977567355698361,0.0514423947810535,0.629640286703825,NA,"prevalence",80,59
"P562.PWY..myo.inositol.degradation.I","Feeding_method","Breastfed","Feeding_methodBreastfed",-0.556370864841484,0,0.536874319724198,0.300055250274615,0.977824316336465,0.510077347331868,0.964395491483136,NA,"prevalence",80,47
"PWY.6318..L.phenylalanine.degradation.IV..mammalian..via.side.chain.","Antibiotics","Yes","AntibioticsYes",0.921496877555956,0,0.889349269659702,0.300133411001014,0.977824316336465,0.510186757602925,0.964395491483136,NA,"prevalence",80,22
"PWY.6531..mannitol.cycle","Termness","preterm","Termnesspreterm",1.61512747887497,0,1.55436331919192,0.298761655377842,0.977824316336465,0.402647789759987,0.939910940436325,NA,"prevalence",80,69
"PWY.7245..superpathway.of.NAD.NADP...NADH.NADPH.interconversion..yeast.","propionate","propionate","propionate",0.371154718950592,0,0.357754597319411,0.29952330627236,0.977824316336465,0.509332401544394,0.964395491483136,NA,"prevalence",80,25
"PWY0.1221..putrescine.degradation.II","Sex","Female","SexFemale",-0.64129821831357,0,0.617485115221548,0.299007249092889,0.977824316336465,0.299007249092889,0.900857515287801,NA,"prevalence",80,12
"PWY66.391..fatty.acid..beta..oxidation.VI..mammalian.peroxisome.","Feeding_method","Breastfed","Feeding_methodBreastfed",0.603218349337417,0,0.581899836722159,0.299905504891116,0.977824316336465,0.396476482120009,0.939226539875427,NA,"prevalence",80,50
"P125.PWY..superpathway.of..R.R..butanediol.biosynthesis","Probiotics","Yes","ProbioticsYes",-1.21928604290144,0,1.17786284913555,0.300590415448752,0.978105318430526,0.510826233037851,0.964395491483136,NA,"prevalence",80,66
"P562.PWY..myo.inositol.degradation.I","Sex","Female","SexFemale",-0.54156407805147,0,0.523925462098191,0.301292206934741,0.978113279789446,0.511807419909875,0.964605264080454,NA,"prevalence",80,47
"PWY.6328..L.lysine.degradation.X","butyrate","butyrate","butyrate",-0.408289354792788,0,0.394910033344934,0.301192538838751,0.978113279789446,0.301192538838751,0.904678198265969,NA,"prevalence",80,11
"PWY0.461..L.lysine.degradation.I","acetate","acetate","acetate",-0.334950896680899,0,0.323892441169747,0.301069611130756,0.978113279789446,0.499326411004099,0.963288065489386,NA,"prevalence",80,36
"GLUDEG.I.PWY..GABA.shunt","Antibiotics","Yes","AntibioticsYes",-0.906372701360527,0,0.880653058232899,0.303383262267385,0.978116842178844,0.514725120710769,0.964605264080454,NA,"prevalence",80,55
"GLYCOCAT.PWY..glycogen.degradation.I","Delivery_mode","C-section","Delivery_modeC-section",-1.09570269391746,0,1.06920234110088,0.305464569338038,0.978116842178844,0.517620535555204,0.964605264080454,NA,"prevalence",80,78
"GLYCOLYSIS.TCA.GLYOX.BYPASS..superpathway.of.glycolysis..pyruvate.dehydrogenase..TCA..and.glyoxylate.bypass","Termness","preterm","Termnesspreterm",1.61253599327157,0,1.56533560455414,0.302937941684365,0.978116842178844,0.233756877904646,0.876913946711319,NA,"prevalence",80,70
"P185.PWY..formaldehyde.assimilation.III..dihydroxyacetone.cycle.","Termness","preterm","Termnesspreterm",1.63132939479046,0,1.58132623604337,0.302249686380468,0.978116842178844,0.13220831376411,0.788011685336088,NA,"prevalence",80,70
"P23.PWY..reductive.TCA.cycle.I","Sex","Female","SexFemale",-0.543748713601434,0,0.53537445883395,0.309799961336848,0.978116842178844,0.523623906629384,0.966661071390955,NA,"prevalence",80,52
"PRPP.PWY..superpathway.of.histidine..purine..and.pyrimidine.biosynthesis","propionate","propionate","propionate",0.354428263681514,0,0.347709935878332,0.308050291531649,0.978116842178844,0.126969174427684,0.783764693296157,NA,"prevalence",80,76
"PWY.5028..L.histidine.degradation.II","Antibiotics","Yes","AntibioticsYes",-0.764397895714923,0,0.749888599143694,0.308037497606585,0.978116842178844,0.521187895281443,0.965491332934357,NA,"prevalence",80,41
"PWY.5136..fatty.acid..beta..oxidation.II..plant.peroxisome.","Delivery_mode","C-section","Delivery_modeC-section",-1.09570269391746,0,1.06920234110088,0.305464569338038,0.978116842178844,0.517620535555204,0.964605264080454,NA,"prevalence",80,78
"PWY.5265..peptidoglycan.biosynthesis.II..staphylococci.","Ethnicity","European","EthnicityEuropean",-0.936492177603324,0,0.915637035521407,0.306413461744695,0.978116842178844,0.507887831345668,0.964395491483136,NA,"prevalence",80,77
"PWY.5654..2.amino.3.carboxymuconate.semialdehyde.degradation.to.2.hydroxypentadienoate","Sex","Female","SexFemale",0.57982711676997,0,0.563598073629279,0.303575819470202,0.978116842178844,0.5149933607734,0.964605264080454,NA,"prevalence",80,19
"PWY.5920..superpathway.of.heme.b.biosynthesis.from.glycine","isobutyrate","isobutyrate","isobutyrate",0.47083547369087,0,0.456228467046659,0.302064215541099,0.978116842178844,0.512885640771738,0.964605264080454,NA,"prevalence",80,76
"PWY.5920..superpathway.of.heme.b.biosynthesis.from.glycine","propionate","propionate","propionate",0.345355114072682,0,0.335318855082084,0.303042634759706,0.978116842178844,0.514250431037308,0.964605264080454,NA,"prevalence",80,76
"PWY.6185..4.methylcatechol.degradation..ortho.cleavage.","Sex","Female","SexFemale",0.568655492121279,0,0.557189066894393,0.307453916303271,0.978116842178844,0.097282502255583,0.746358414346301,NA,"prevalence",80,51
"PWY.6210..2.aminophenol.degradation","Sex","Female","SexFemale",0.57982711676997,0,0.563598073629279,0.303575819470202,0.978116842178844,0.5149933607734,0.964605264080454,NA,"prevalence",80,19
"PWY.6293..superpathway.of.L.cysteine.biosynthesis..fungi.","Delivery_mode","C-section","Delivery_modeC-section",-1.05404840625282,0,1.03194375602072,0.307055303267688,0.978116842178844,0.519827647270564,0.964919065238397,NA,"prevalence",80,74
"PWY.7185..UTP.and.CTP.dephosphorylation.I","Delivery_mode","C-section","Delivery_modeC-section",0.74037661789151,0,0.723958690697568,0.306460121817579,0.978116842178844,0.519002437370713,0.964605264080454,NA,"prevalence",80,67
"PWY.7210..pyrimidine.deoxyribonucleotides.biosynthesis.from.CTP","Delivery_mode","C-section","Delivery_modeC-section",0.74037661789151,0,0.723958690697568,0.306460121817579,0.978116842178844,0.517217742188912,0.964605264080454,NA,"prevalence",80,67
"PWY.7391..isoprene.biosynthesis.II..engineered.","butyrate","butyrate","butyrate",0.372207379621362,0,0.36561646561389,0.308665195215634,0.978116842178844,0.403274138388169,0.939910940436325,NA,"prevalence",80,56
"PWY.7392..taxadiene.biosynthesis..engineered.","butyrate","butyrate","butyrate",-0.4257051032061,0,0.416274394499215,0.306470981023606,0.978116842178844,0.519017499837641,0.964605264080454,NA,"prevalence",80,71
"PWY.7434..terminal.O.glycans.residues.modification..via.type.2.precursor.disaccharide.","Sex","Female","SexFemale",-0.68945335661145,0,0.673915460217727,0.306281297822358,0.978116842178844,0.306281297822358,0.90799190770971,NA,"prevalence",80,13
"PWY.7723..bacterial.bioluminescence","Sex","Female","SexFemale",-0.583210521475036,0,0.569790050477498,0.306046283532012,0.978116842178844,0.518428239400267,0.964605264080454,NA,"prevalence",80,19
"PWY.7783..plasmalogen.degradation","isobutyrate","isobutyrate","isobutyrate",0.375297800873966,0,0.369106687998502,0.309261317857427,0.978116842178844,0.154521393380716,0.809882584647917,NA,"prevalence",80,42
"PWY.7883..anhydromuropeptides.recycling.II","Feeding_method","Breastfed","Feeding_methodBreastfed",-0.921263819582847,0,0.900128980404962,0.30608105079287,0.978116842178844,0.518476491931272,0.964605264080454,NA,"prevalence",80,78
"PWY5F9.12..biphenyl.degradation","Delivery_mode","C-section","Delivery_modeC-section",0.972359327628576,0,0.948794615728969,0.305440353576709,0.978116842178844,0.517586897560353,0.964605264080454,NA,"prevalence",80,15
"PWY.7094..fatty.acid.salvage","Feeding_method","Breastfed","Feeding_methodBreastfed",-0.790123118574871,0,0.77939634080619,0.310695887503272,0.979064880700312,0.524859840495099,0.966661071390955,NA,"prevalence",80,72
"PWY0.1337..oleate..beta..oxidation","Feeding_method","Breastfed","Feeding_methodBreastfed",-0.790123118574871,0,0.77939634080619,0.310695887503272,0.979064880700312,0.524859840495099,0.966661071390955,NA,"prevalence",80,72
"PWY.6902..chitin.degradation.II..Vibrio.","Probiotics","Yes","ProbioticsYes",1.5898043347364,0,1.57037480316569,0.31135996082201,0.979192913209428,0.20178253172973,0.858073914712386,NA,"prevalence",80,77
"THREOCAT.PWY..superpathway.of.L.threonine.metabolism","Antibiotics","Yes","AntibioticsYes",-1.00468286486197,0,0.99405773344513,0.312165472874065,0.979210302475538,0.526883663293442,0.966661071390955,NA,"prevalence",80,51
"DENITRIFICATION.PWY..nitrate.reduction.I..denitrification.","propionate","propionate","propionate",-0.3322327325341,0,0.329067033661678,0.312677276020465,0.979432039955952,0.0522872179715417,0.633613167163744,NA,"prevalence",80,27
"P562.PWY..myo.inositol.degradation.I","acetate","acetate","acetate",-0.362039317781827,0,0.358839712364211,0.313014666445742,0.97951295858737,0.192686535205862,0.849508408582616,NA,"prevalence",80,47
"GALACT.GLUCUROCAT.PWY..superpathway.of.hexuronide.and.hexuronate.degradation","Sex","Female","SexFemale",-0.507005483932281,0,0.50406922163588,0.314499702702947,0.980094478243045,0.530089342405652,0.966661071390955,NA,"prevalence",80,47
"GOLPDLCAT.PWY..superpathway.of.glycerol.degradation.to.1.3.propanediol","Delivery_mode","C-section","Delivery_modeC-section",-0.847792732955286,0,0.848530885022992,0.317731680226334,0.980094478243045,0.00276878999066412,0.223863479245171,NA,"prevalence",80,68
"GOLPDLCAT.PWY..superpathway.of.glycerol.degradation.to.1.3.propanediol","Termness","preterm","Termnesspreterm",1.60195603443618,0,1.60080252105449,0.316961912828164,0.980094478243045,0.53345897147264,0.966661071390955,NA,"prevalence",80,68
"PWY.5747..2.methylcitrate.cycle.II","propionate","propionate","propionate",0.285861639495517,0,0.284373124441163,0.31478400736763,0.980094478243045,0.530479043440837,0.966661071390955,NA,"prevalence",80,47
"PWY.5838..superpathway.of.menaquinol.8.biosynthesis.I","isobutyrate","isobutyrate","isobutyrate",0.446133055683851,0,0.443898601208688,0.314880620589069,0.980094478243045,0.530611435955582,0.966661071390955,NA,"prevalence",80,76
"PWY.5861..superpathway.of.demethylmenaquinol.8.biosynthesis.I","isobutyrate","isobutyrate","isobutyrate",0.446133055683851,0,0.443898601208688,0.314880620589069,0.980094478243045,0.530611435955582,0.966661071390955,NA,"prevalence",80,76
"PWY.6293..superpathway.of.L.cysteine.biosynthesis..fungi.","Antibiotics","Yes","AntibioticsYes",-1.35456729546151,0,1.34497170103805,0.313870181995861,0.980094478243045,0.307694936803131,0.90799190770971,NA,"prevalence",80,74
"PWY.6708..ubiquinol.8.biosynthesis..early.decarboxylation.","Read_depth","Read_depth","Read_depth",-0.247761483476889,0,0.246454355149835,0.314750617682951,0.980094478243045,0.530433284034103,0.966661071390955,NA,"prevalence",80,25
"PWY.7013...S..propane.1.2.diol.degradation","Ethnicity","European","EthnicityEuropean",0.735421140242454,0,0.731769659728411,0.314901698061895,0.980094478243045,0.530640316681525,0.966661071390955,NA,"prevalence",80,70
"PWY0.42..2.methylcitrate.cycle.I","propionate","propionate","propionate",0.285861639495517,0,0.284373124441163,0.31478400736763,0.980094478243045,0.530479043440837,0.966661071390955,NA,"prevalence",80,47
"UBISYN.PWY..superpathway.of.ubiquinol.8.biosynthesis..early.decarboxylation.","Read_depth","Read_depth","Read_depth",-0.247761483476889,0,0.246454355149835,0.314750617682951,0.980094478243045,0.530433284034103,0.966661071390955,NA,"prevalence",80,25
"PWY.2942..L.lysine.biosynthesis.III","Ethnicity","European","EthnicityEuropean",-0.675786780659388,0,0.677090134726506,0.318242959978867,0.980491997932544,0.535207338381623,0.966661071390955,NA,"prevalence",80,52
"PWY.6185..4.methylcatechol.degradation..ortho.cleavage.","Probiotics","Yes","ProbioticsYes",-1.72811026801618,0,1.733732084422,0.318882285281661,0.981310407597235,0.536078658696867,0.966661071390955,NA,"prevalence",80,51
"ALLANTOINDEG.PWY..superpathway.of.allantoin.degradation.in.yeast","Read_depth","Read_depth","Read_depth",0.309960087762891,0,0.311299494593505,0.319397208806043,0.981744522424506,0.536779840618995,0.966661071390955,NA,"prevalence",80,27
"PWY.5505..L.glutamate.and.L.glutamine.biosynthesis","isobutyrate","isobutyrate","isobutyrate",-0.347888143268349,0,0.349332428806364,0.319315459159877,0.981744522424506,0.536668555861272,0.966661071390955,NA,"prevalence",80,54
"PWY66.430..myristate.biosynthesis..mitochondria.","isobutyrate","isobutyrate","isobutyrate",0.373383596336884,0,0.374952224106602,0.319339331417702,0.981744522424506,0.5367010542451,0.966661071390955,NA,"prevalence",80,52
"AEROBACTINSYN.PWY..aerobactin.biosynthesis","Probiotics","Yes","ProbioticsYes",1.69719516095071,0,1.70507902528007,0.319553306705852,0.981822850486151,0.319553306705852,0.911723569545708,NA,"prevalence",80,9
"PWY.4984..urea.cycle","Ethnicity","European","EthnicityEuropean",0.602256740948818,0,0.605982526914141,0.320295090854203,0.981822850486151,0.538001236483103,0.966661071390955,NA,"prevalence",80,58
"PWY.5845..superpathway.of.menaquinol.9.biosynthesis","Delivery_mode","C-section","Delivery_modeC-section",-1.07120737432635,0,1.07755889853637,0.320171441709362,0.981822850486151,0.537833131332472,0.966661071390955,NA,"prevalence",80,77
"PWY.5862..superpathway.of.demethylmenaquinol.9.biosynthesis","Delivery_mode","C-section","Delivery_modeC-section",-1.07120737432635,0,1.07755889853637,0.320171441709362,0.981822850486151,0.537833131332472,0.966661071390955,NA,"prevalence",80,77
"PWY.7396..butanol.and.isobutanol.biosynthesis..engineered.","Read_depth","Read_depth","Read_depth",0.253164739452138,0,0.255274643166661,0.321326925196302,0.983313983149793,0.539402857536494,0.967219610406066,NA,"prevalence",80,45
"PWY.6507..4.deoxy.L.threo.hex.4.enopyranuronate.degradation","Read_depth","Read_depth","Read_depth",0.383698573522938,0,0.387277880922833,0.321803869744519,0.983491424160922,0.0525239799703012,0.634922228464523,NA,"prevalence",80,75
"PWY0.41..allantoin.degradation.IV..anaerobic.","Sex","Female","SexFemale",-0.505864676293451,0,0.510751577161456,0.321963039396218,0.983491595332844,0.540265880055185,0.967219610406066,NA,"prevalence",80,33
"PWY.7392..taxadiene.biosynthesis..engineered.","acetate","acetate","acetate",0.277053586493101,0,0.280213470838501,0.322798541622986,0.985455329509017,0.541398184772046,0.967219610406066,NA,"prevalence",80,71
"PWY.7409..phospholipid.remodeling..phosphatidylethanolamine..yeast.","Antibiotics","Yes","AntibioticsYes",0.780819644500833,0,0.790713145585717,0.323403523692216,0.986361966568827,0.269199309311441,0.889136783784339,NA,"prevalence",80,34
"PWY.7196..superpathway.of.pyrimidine.ribonucleosides.salvage","Feeding_method","Breastfed","Feeding_methodBreastfed",-0.692104553116165,0,0.703678927660855,0.325336020044828,0.988816578887526,0.325336020044828,0.911723569545708,NA,"prevalence",80,12
"PWY.6545..pyrimidine.deoxyribonucleotides.de.novo.biosynthesis.III","isobutyrate","isobutyrate","isobutyrate",0.434101662616932,0,0.441943262978128,0.32597347682333,0.989221514027039,0.54568824605437,0.967219610406066,NA,"prevalence",80,74
"PWY.6708..ubiquinol.8.biosynthesis..early.decarboxylation.","Ethnicity","European","EthnicityEuropean",0.547572403138179,0,0.558954528307655,0.327265452692566,0.990091104574515,0.547428228859062,0.968512370794696,NA,"prevalence",80,25
"PWY.7196..superpathway.of.pyrimidine.ribonucleosides.salvage","butyrate","butyrate","butyrate",-0.420702832230826,0,0.429368596377033,0.327176249487582,0.990091104574515,0.327176249487582,0.911723569545708,NA,"prevalence",80,12
"UBISYN.PWY..superpathway.of.ubiquinol.8.biosynthesis..early.decarboxylation.","Ethnicity","European","EthnicityEuropean",0.547572403138179,0,0.558954528307655,0.327265452692566,0.990091104574515,0.547428228859062,0.968512370794696,NA,"prevalence",80,25
"PWY.5005..biotin.biosynthesis.II","Sex","Female","SexFemale",-0.632994798044157,0,0.647129654773649,0.327996377123922,0.99042580769727,0.548411130841426,0.969449353874521,NA,"prevalence",80,67
"PWY.6435..4.hydroxybenzoate.biosynthesis.III..plants.","isobutyrate","isobutyrate","isobutyrate",0.46186901861289,0,0.47239024551048,0.328209027990544,0.99042580769727,0.328209027990544,0.911723569545708,NA,"prevalence",80,12
"PWY.822..fructan.biosynthesis","Delivery_mode","C-section","Delivery_modeC-section",-0.741606386527616,0,0.758156013461175,0.327989652070404,0.99042580769727,0.327989652070404,0.911723569545708,NA,"prevalence",80,34
"PWY.6215..4.chlorobenzoate.degradation","propionate","propionate","propionate",0.386065889640309,0,0.396324331496649,0.329998924562243,0.990825184034959,0.329998924562243,0.912306443913106,NA,"prevalence",80,12
"FAO.PWY..fatty.acid..beta..oxidation.I..generic.","Termness","preterm","Termnesspreterm",1.54923215406552,0,1.60555705647174,0.334585494885982,0.991658537925123,0.498252542413453,0.962169749092854,NA,"prevalence",80,75
"GALACTITOLCAT.PWY..galactitol.degradation","Feeding_method","Breastfed","Feeding_methodBreastfed",-0.519222435303525,0,0.534429957371698,0.331277251570222,0.991658537925123,0.552809885732523,0.97146111142248,NA,"prevalence",80,43
"HEXITOLDEGSUPER.PWY..superpathway.of.hexitol.degradation..bacteria.","Feeding_method","Breastfed","Feeding_methodBreastfed",-0.519222435303525,0,0.534429957371698,0.331277251570222,0.991658537925123,0.552809885732523,0.97146111142248,NA,"prevalence",80,43
"METHGLYUT.PWY..superpathway.of.methylglyoxal.degradation","isobutyrate","isobutyrate","isobutyrate",0.458348490366304,0,0.470987994019666,0.330471873528128,0.991658537925123,0.508176811202817,0.964395491483136,NA,"prevalence",80,77
"ORNDEG.PWY..superpathway.of.ornithine.degradation","Termness","preterm","Termnesspreterm",1.54923215406552,0,1.60555705647174,0.334585494885982,0.991658537925123,0.557223536383866,0.97247929279732,NA,"prevalence",80,75
"PWY.5030..L.histidine.degradation.III","Termness","preterm","Termnesspreterm",-1.03551553099598,0,1.06452435223026,0.330677817116157,0.991658537925123,0.379558031037568,0.937313481206142,NA,"prevalence",80,23
"PWY.5138..fatty.acid..beta..oxidation.IV..unsaturated..even.number.","Termness","preterm","Termnesspreterm",1.54923215406552,0,1.60555705647174,0.334585494885982,0.991658537925123,0.121204574952152,0.775614098378524,NA,"prevalence",80,75
"PWY.5850..superpathway.of.menaquinol.6.biosynthesis","Termness","preterm","Termnesspreterm",1.54923215406552,0,1.60555705647174,0.334585494885982,0.991658537925123,0.361664624615292,0.934868935326322,NA,"prevalence",80,75
"PWY.5860..superpathway.of.demethylmenaquinol.6.biosynthesis.I","Termness","preterm","Termnesspreterm",1.54923215406552,0,1.60555705647174,0.334585494885982,0.991658537925123,0.557223536383866,0.97247929279732,NA,"prevalence",80,75
"PWY.5896..superpathway.of.menaquinol.10.biosynthesis","Termness","preterm","Termnesspreterm",1.54923215406552,0,1.60555705647174,0.334585494885982,0.991658537925123,0.360849837837031,0.934231706148157,NA,"prevalence",80,75
"PWY.6396..superpathway.of.2.3.butanediol.biosynthesis","butyrate","butyrate","butyrate",0.349600736255202,0,0.362100024904239,0.334303889838411,0.991658537925123,0.334303889838411,0.914468543917383,NA,"prevalence",80,12
"PWY.6803..phosphatidylcholine.acyl.editing","Termness","preterm","Termnesspreterm",1.54923215406552,0,1.60555705647174,0.334585494885982,0.991658537925123,0.503697044938448,0.964062047389755,NA,"prevalence",80,75
"PWY.7723..bacterial.bioluminescence","Termness","preterm","Termnesspreterm",0.882446943908481,0,0.913460209091902,0.334019869402472,0.991658537925123,0.5564704656493,0.97247929279732,NA,"prevalence",80,19
"PWY.7942..5.oxo.L.proline.metabolism","Termness","preterm","Termnesspreterm",1.54923215406552,0,1.60555705647174,0.334585494885982,0.991658537925123,0.453890684221697,0.95137647878513,NA,"prevalence",80,75
"PWY.8011..L.serine.biosynthesis.II","Termness","preterm","Termnesspreterm",-0.887767308681022,0,0.918960416399851,0.334016113911729,0.991658537925123,0.0759707022912396,0.687500006789714,NA,"prevalence",80,49
"PWY0.845..superpathway.of.pyridoxal.5..phosphate.biosynthesis.and.salvage","Termness","preterm","Termnesspreterm",1.54923215406552,0,1.60555705647174,0.334585494885982,0.991658537925123,0.557223536383866,0.97247929279732,NA,"prevalence",80,75
"PWY0.881..superpathway.of.fatty.acid.biosynthesis.I..E..coli.","Termness","preterm","Termnesspreterm",-1.57025342427477,0,1.62095436575786,0.332684137858677,0.991658537925123,0.28127306064693,0.896827679176477,NA,"prevalence",80,25
"PWY1G.0..mycothiol.biosynthesis","Sex","Female","SexFemale",-0.638214120746771,0,0.659926813108221,0.333494878861025,0.991658537925123,0.55577092349552,0.97247929279732,NA,"prevalence",80,13
"PYRIDOXSYN.PWY..pyridoxal.5..phosphate.biosynthesis.I","Termness","preterm","Termnesspreterm",1.54923215406552,0,1.60555705647174,0.334585494885982,0.991658537925123,0.557223536383866,0.97247929279732,NA,"prevalence",80,75
"REDCITCYC..TCA.cycle.VI..Helicobacter.","Feeding_method","Breastfed","Feeding_methodBreastfed",0.804364627033458,0,0.830382217356802,0.332710896372422,0.991658537925123,0.554725252179904,0.97247929279732,NA,"prevalence",80,74
"AEROBACTINSYN.PWY..aerobactin.biosynthesis","Read_depth","Read_depth","Read_depth",-0.370919977976375,0,0.388545001124202,0.339760591376446,0.992096348376792,0.339760591376446,0.918589037647046,NA,"prevalence",80,9
"DENITRIFICATION.PWY..nitrate.reduction.I..denitrification.","Delivery_mode","C-section","Delivery_modeC-section",-0.598132110447255,0,0.627440014546663,0.340443302913761,0.992096348376792,0.0217709999644925,0.481714491545694,NA,"prevalence",80,27
"KDO.NAGLIPASYN.PWY..superpathway.of..Kdo.2.lipid.A.biosynthesis","butyrate","butyrate","butyrate",-0.300690860100912,0,0.312909364422926,0.336576334328717,0.992096348376792,0.523407325125671,0.966661071390955,NA,"prevalence",80,48
"P108.PWY..pyruvate.fermentation.to.propanoate.I","Termness","preterm","Termnesspreterm",1.4938807665409,0,1.56101197126088,0.338569741484352,0.992096348376792,0.0362232585856569,0.551398491803888,NA,"prevalence",80,72
"P125.PWY..superpathway.of..R.R..butanediol.biosynthesis","Termness","preterm","Termnesspreterm",-1.14721178934471,0,1.20352839764228,0.340485159995362,0.992096348376792,0.0226597246631389,0.481714491545694,NA,"prevalence",80,66
"PWY.5392..reductive.TCA.cycle.II","butyrate","butyrate","butyrate",0.293984040385265,0,0.308362233719644,0.340401424383423,0.992096348376792,0.564929719044583,0.976255562133106,NA,"prevalence",80,36
"PWY.5692..allantoin.degradation.to.glyoxylate.II","Feeding_method","Breastfed","Feeding_methodBreastfed",-0.509899414397729,0,0.531534192532817,0.33740890171234,0.992096348376792,0.560973036469952,0.973511265260311,NA,"prevalence",80,29
"PWY.5705..allantoin.degradation.to.glyoxylate.III","isobutyrate","isobutyrate","isobutyrate",0.296183182306061,0,0.309769651644402,0.339001463303152,0.992096348376792,0.563080934484625,0.976161061387541,NA,"prevalence",80,46
"PWY.6182..superpathway.of.salicylate.degradation","isobutyrate","isobutyrate","isobutyrate",0.315340032211483,0,0.330183133971486,0.339554510372228,0.992096348376792,0.563811755230333,0.976255562133106,NA,"prevalence",80,49
"PWY.6185..4.methylcatechol.degradation..ortho.cleavage.","isobutyrate","isobutyrate","isobutyrate",0.334768792511667,0,0.347501531562113,0.335367300984364,0.992096348376792,0.558263375399191,0.973324054524057,NA,"prevalence",80,51
"PWY.6292..superpathway.of.L.cysteine.biosynthesis..mammalian.","isobutyrate","isobutyrate","isobutyrate",0.466911155729613,0,0.485928512596103,0.336620614494543,0.992096348376792,0.504638218409003,0.964062047389755,NA,"prevalence",80,76
"PWY.6293..superpathway.of.L.cysteine.biosynthesis..fungi.","Probiotics","Yes","ProbioticsYes",1.45427583116984,0,1.51535458486413,0.33720953352221,0.992096348376792,0.0574016206064005,0.643928548979894,NA,"prevalence",80,74
"PWY.6531..mannitol.cycle","propionate","propionate","propionate",0.268512932644054,0,0.281855197511971,0.34076099936588,0.992096348376792,0.455311702361733,0.95160573712957,NA,"prevalence",80,69
"PWY.7616..methanol.oxidation.to.carbon.dioxide","butyrate","butyrate","butyrate",-0.299128431428973,0,0.313680139816617,0.340281231950134,0.992096348376792,0.564771147082768,0.976255562133106,NA,"prevalence",80,41
"URDEGR.PWY..superpathway.of.allantoin.degradation.in.plants","Feeding_method","Breastfed","Feeding_methodBreastfed",-0.509899414397729,0,0.531534192532817,0.33740890171234,0.992096348376792,0.560973036469952,0.973511265260311,NA,"prevalence",80,29
"URSIN.PWY..ureide.biosynthesis","butyrate","butyrate","butyrate",-0.36035604007773,0,0.375859232614528,0.337683361515923,0.992096348376792,0.0712774144515593,0.665385238176648,NA,"prevalence",80,18
"PWY.7456...beta...1.4..mannan.degradation","acetate","acetate","acetate",0.629883160682197,0,0.661956793531737,0.341326649161569,0.992606623143166,0.341326649161569,0.918899035843262,NA,"prevalence",80,10
"PWY.1622..formaldehyde.assimilation.I..serine.pathway.","Sex","Female","SexFemale",-0.486252274708677,0,0.514234155516513,0.344360128485323,0.992671245260421,0.570136358880217,0.976334431269276,NA,"prevalence",80,29
"PWY.5028..L.histidine.degradation.II","Termness","preterm","Termnesspreterm",0.859427800263744,0,0.90364031908719,0.341567380962073,0.992671245260421,0.503458416744221,0.964062047389755,NA,"prevalence",80,41
"PWY.6922..L.N.delta..acetylornithine.biosynthesis","butyrate","butyrate","butyrate",-0.324032419444636,0,0.342042020407136,0.343462081601117,0.992671245260421,0.503119421036459,0.964062047389755,NA,"prevalence",80,57
"PWY.7211..superpathway.of.pyrimidine.deoxyribonucleotides.de.novo.biosynthesis","Feeding_method","Breastfed","Feeding_methodBreastfed",-0.673843619962513,0,0.711637953520761,0.343694291186836,0.992671245260421,0.569262816579251,0.976334431269276,NA,"prevalence",80,70
"PWY.7807..glyphosate.degradation.III","Termness","preterm","Termnesspreterm",-0.975937318641324,0,1.02977020167904,0.343270284207394,0.992671245260421,0.568706080394963,0.976334431269276,NA,"prevalence",80,36
"PWY.801..homocysteine.and.cysteine.interconversion","Delivery_mode","C-section","Delivery_modeC-section",-0.982947179763834,0,1.03507754742318,0.342297103101329,0.992671245260421,0.567426899411096,0.976334431269276,NA,"prevalence",80,76
"PWY0.1221..putrescine.degradation.II","butyrate","butyrate","butyrate",-0.364732637528671,0,0.38560885537275,0.34421914371832,0.992671245260421,0.34421914371832,0.919827593927218,NA,"prevalence",80,12
"PWY0.1533..methylphosphonate.degradation.I","Termness","preterm","Termnesspreterm",-0.975937318641324,0,1.02977020167904,0.343270284207394,0.992671245260421,0.568706080394963,0.976334431269276,NA,"prevalence",80,36
"PYRIDNUCSAL.PWY..NAD.salvage.pathway.I..PNC.VI.cycle.","Probiotics","Yes","ProbioticsYes",1.43966412451424,0,1.52163994418335,0.344083985202085,0.992671245260421,0.0100508228132494,0.403074144669931,NA,"prevalence",80,77
"UDPNACETYLGALSYN.PWY..UDP.N.acetyl.D.glucosamine.biosynthesis.II","Read_depth","Read_depth","Read_depth",0.344079501889232,0,0.363427557804649,0.343759928501006,0.992671245260421,0.343759928501006,0.919827593927218,NA,"prevalence",80,9
"PWY.6708..ubiquinol.8.biosynthesis..early.decarboxylation.","Sex","Female","SexFemale",-0.488696860621105,0,0.518943466223242,0.346338559128409,0.993281970250822,0.572726720717676,0.976334431269276,NA,"prevalence",80,25
"PWY.7184..pyrimidine.deoxyribonucleotides.de.novo.biosynthesis.I","butyrate","butyrate","butyrate",-0.491844065835416,0,0.522288092496035,0.346340990447428,0.993281970250822,0.572729899230751,0.976334431269276,NA,"prevalence",80,78
"UBISYN.PWY..superpathway.of.ubiquinol.8.biosynthesis..early.decarboxylation.","Sex","Female","SexFemale",-0.488696860621105,0,0.518943466223242,0.346338559128409,0.993281970250822,0.572726720717676,0.976334431269276,NA,"prevalence",80,25
"PWY.5705..allantoin.degradation.to.glyoxylate.III","Ethnicity","European","EthnicityEuropean",0.536517407308491,0,0.570321904332611,0.346844605184466,0.993300933965192,0.573388030223364,0.976334431269276,NA,"prevalence",80,46
"PWY.7328..superpathway.of.UDP.glucose.derived.O.antigen.building.blocks.biosynthesis","Delivery_mode","C-section","Delivery_modeC-section",0.925808672816212,0,0.984296567922743,0.346920652295385,0.993300933965192,0.573487365601715,0.976334431269276,NA,"prevalence",80,78
"PWY0.881..superpathway.of.fatty.acid.biosynthesis.I..E..coli.","Read_depth","Read_depth","Read_depth",0.364114378399623,0,0.387276019232168,0.347118338604379,0.993315754277261,0.573745536213294,0.976334431269276,NA,"prevalence",80,25
"PWY.7184..pyrimidine.deoxyribonucleotides.de.novo.biosynthesis.I","propionate","propionate","propionate",0.349676642464428,0,0.372035772013602,0.347268553513539,0.993384772904743,0.533435254480958,0.966661071390955,NA,"prevalence",80,78
"PWY.6292..superpathway.of.L.cysteine.biosynthesis..mammalian.","Feeding_method","Breastfed","Feeding_methodBreastfed",-0.808651640855848,0,0.864733414735353,0.349713273422835,0.993388259787388,0.238687243782855,0.880494562511276,NA,"prevalence",80,76
"PWY.6531..mannitol.cycle","Feeding_method","Breastfed","Feeding_methodBreastfed",-0.625840994741526,0,0.668515563816219,0.349188146695991,0.993388259787388,0.424956261620507,0.948577380465311,NA,"prevalence",80,69
"PWY.6531..mannitol.cycle","Read_depth","Read_depth","Read_depth",0.283723356877486,0,0.303377615575105,0.34967740762446,0.993388259787388,0.577080525845957,0.976909361648876,NA,"prevalence",80,69
"PWY.6992..1.5.anhydrofructose.degradation","acetate","acetate","acetate",-0.341486934359365,0,0.365095249490389,0.349614880152946,0.993388259787388,0.576999195881533,0.976909361648876,NA,"prevalence",80,26
"PWY.7254..TCA.cycle.VII..acetate.producers.","Read_depth","Read_depth","Read_depth",0.230122074255736,0,0.246895554917623,0.351304255595466,0.993388259787388,0.579193831191448,0.976974901602956,NA,"prevalence",80,50
"PWY.822..fructan.biosynthesis","Read_depth","Read_depth","Read_depth",-0.326544799314266,0,0.350216210346143,0.351125117423279,0.993388259787388,0.351125117423279,0.92640552376109,NA,"prevalence",80,34
"PWY0.1338..polymyxin.resistance","Termness","preterm","Termnesspreterm",1.48891047170609,0,1.59743840334588,0.351304860595032,0.993388259787388,0.417210793391171,0.945192298119088,NA,"prevalence",80,74
"THREOCAT.PWY..superpathway.of.L.threonine.metabolism","Sex","Female","SexFemale",0.536127522037492,0,0.572613481482401,0.349128169401373,0.993388259787388,0.576365860133192,0.976909361648876,NA,"prevalence",80,51
"AST.PWY..L.arginine.degradation.II..AST.pathway.","Read_depth","Read_depth","Read_depth",0.324775978406197,0,0.350744332835319,0.354465647955815,0.995891717045618,0.0286604403987141,0.514482614264595,NA,"prevalence",80,76
"CARNMET.PWY..L.carnitine.degradation.I","Ethnicity","European","EthnicityEuropean",0.504667605940759,0,0.54336151363443,0.35299900997019,0.995891717045618,0.216105880312102,0.866354983134235,NA,"prevalence",80,43
"GLUCARDEG.PWY..D.glucarate.degradation.I","Read_depth","Read_depth","Read_depth",0.324775978406197,0,0.350744332835319,0.354465647955815,0.995891717045618,0.583285400330894,0.976974901602956,NA,"prevalence",80,76
"GLYOXYLATE.BYPASS..glyoxylate.cycle","Read_depth","Read_depth","Read_depth",0.324775978406197,0,0.350744332835319,0.354465647955815,0.995891717045618,0.583285400330894,0.976974901602956,NA,"prevalence",80,76
"PWY.5723..Rubisco.shunt","Read_depth","Read_depth","Read_depth",0.324775978406197,0,0.350744332835319,0.354465647955815,0.995891717045618,0.583285400330894,0.976974901602956,NA,"prevalence",80,76
"PWY.5855..ubiquinol.7.biosynthesis..early.decarboxylation.","Read_depth","Read_depth","Read_depth",0.324775978406197,0,0.350744332835319,0.354465647955815,0.995891717045618,0.583285400330894,0.976974901602956,NA,"prevalence",80,76
"PWY.7118..chitin.deacetylation","Read_depth","Read_depth","Read_depth",0.324775978406197,0,0.350744332835319,0.354465647955815,0.995891717045618,0.583285400330894,0.976974901602956,NA,"prevalence",80,76
"PWY.7242..D.fructuronate.degradation","Probiotics","Yes","ProbioticsYes",1.41089832549147,0,1.51758866664532,0.352527751064842,0.995891717045618,0.580779686858849,0.976974901602956,NA,"prevalence",80,73
"PWY.7315..dTDP.N.acetylthomosamine.biosynthesis","Read_depth","Read_depth","Read_depth",0.324775978406197,0,0.350744332835319,0.354465647955815,0.995891717045618,0.583285400330894,0.976974901602956,NA,"prevalence",80,76
"PWY.7446..sulfoquinovose.degradation.I","acetate","acetate","acetate",-0.368750680488772,0,0.39784870240484,0.353998402626613,0.995891717045618,0.582681936191033,0.976974901602956,NA,"prevalence",80,41
"PWY.561..superpathway.of.glyoxylate.cycle.and.fatty.acid.degradation","Termness","preterm","Termnesspreterm",1.4713085583164,0,1.59223194824198,0.35545811722451,0.996640145718523,0.584565761348226,0.976974901602956,NA,"prevalence",80,74
"PWY.7204..pyridoxal.5..phosphate.salvage.II..plants.","propionate","propionate","propionate",0.244626506781735,0,0.264565717064989,0.355156223630259,0.996640145718523,0.584176504077212,0.976974901602956,NA,"prevalence",80,60
"TCA.GLYOX.BYPASS..superpathway.of.glyoxylate.bypass.and.TCA","Termness","preterm","Termnesspreterm",1.4713085583164,0,1.59223194824198,0.35545811722451,0.996640145718523,0.584565761348226,0.976974901602956,NA,"prevalence",80,74
"GALACTUROCAT.PWY..D.galacturonate.degradation.I","Sex","Female","SexFemale",-0.703399348522323,0,0.762119786002508,0.356032652338085,0.996812331761972,0.55975266811078,0.973324054524057,NA,"prevalence",80,74
"P621.PWY..nylon.6.oligomer.degradation","Ethnicity","European","EthnicityEuropean",-0.50667879949064,0,0.549245307175067,0.356267826888234,0.996812331761972,0.39189939341359,0.937313481206142,NA,"prevalence",80,42
"COLANSYN.PWY..colanic.acid.building.blocks.biosynthesis","propionate","propionate","propionate",0.247390437564745,0,0.268460632869846,0.356781735072853,0.997167534583581,0.586270263664111,0.976974901602956,NA,"prevalence",80,60
"P185.PWY..formaldehyde.assimilation.III..dihydroxyacetone.cycle.","acetate","acetate","acetate",-0.615502291260472,0,0.667975415768386,0.356818390453302,0.997167534583581,0.055789285473519,0.641105886737327,NA,"prevalence",80,70
"ARGDEG.PWY..superpathway.of.L.arginine..putrescine..and.4.aminobutanoate.degradation","Termness","preterm","Termnesspreterm",0.826415349527338,0,0.903260588071701,0.360231204588728,0.997316573245416,0.475465631477382,0.956605396504718,NA,"prevalence",80,42
"DARABCATK12.PWY..D.arabinose.degradation.I","Ethnicity","European","EthnicityEuropean",0.606098816039584,0,0.663644286391031,0.361090732988305,0.997316573245416,0.120278790587995,0.775614098378524,NA,"prevalence",80,64
"ORNARGDEG.PWY..superpathway.of.L.arginine.and.L.ornithine.degradation","Termness","preterm","Termnesspreterm",0.826415349527338,0,0.903260588071701,0.360231204588728,0.997316573245416,0.475977323758209,0.956605396504718,NA,"prevalence",80,42
"P221.PWY..octane.oxidation","Probiotics","Yes","ProbioticsYes",1.42575468245139,0,1.55708141855305,0.359846089736912,0.997316573245416,0.590202971174879,0.976974901602956,NA,"prevalence",80,78
"P621.PWY..nylon.6.oligomer.degradation","Delivery_mode","C-section","Delivery_modeC-section",-0.558470000148654,0,0.610940638647535,0.360656422972118,0.997316573245416,0.071209291434237,0.665385238176648,NA,"prevalence",80,42
"PWY.5692..allantoin.degradation.to.glyoxylate.II","butyrate","butyrate","butyrate",-0.290036834520176,0,0.317474202036481,0.36093964414461,0.997316573245416,0.405581414434119,0.939910940436325,NA,"prevalence",80,29
"PWY.5845..superpathway.of.menaquinol.9.biosynthesis","Read_depth","Read_depth","Read_depth",0.320164016992877,0,0.350374582014057,0.360834360422656,0.997316573245416,0.591467285183685,0.976974901602956,NA,"prevalence",80,77
"PWY.5862..superpathway.of.demethylmenaquinol.9.biosynthesis","Read_depth","Read_depth","Read_depth",0.320164016992877,0,0.350374582014057,0.360834360422656,0.997316573245416,0.591467285183685,0.976974901602956,NA,"prevalence",80,77
"PWY.7211..superpathway.of.pyrimidine.deoxyribonucleotides.de.novo.biosynthesis","Delivery_mode","C-section","Delivery_modeC-section",0.702047123685974,0,0.765186381075973,0.358888483297073,0.997316573245416,0.588976023150872,0.976974901602956,NA,"prevalence",80,70
"PWY.7446..sulfoquinovose.degradation.I","Delivery_mode","C-section","Delivery_modeC-section",0.577939606668928,0,0.628100805743355,0.357500492831246,0.997316573245416,0.0303839139776254,0.515701115499315,NA,"prevalence",80,41
"PWY3O.4107..NAD.salvage.pathway.V..PNC.V.cycle.","Feeding_method","Breastfed","Feeding_methodBreastfed",0.943855752189559,0,1.02976584254552,0.359366344166132,0.997316573245416,0.225688150741472,0.872999999268862,NA,"prevalence",80,78
"URDEGR.PWY..superpathway.of.allantoin.degradation.in.plants","butyrate","butyrate","butyrate",-0.290036834520176,0,0.317474202036481,0.36093964414461,0.997316573245416,0.405574159958245,0.939910940436325,NA,"prevalence",80,29
"P124.PWY..Bifidobacterium.shunt","butyrate","butyrate","butyrate",-0.293878580290201,0,0.323529767304278,0.363692817399635,0.997691697953348,0.595113169371186,0.976974901602956,NA,"prevalence",80,32
"PWY.6507..4.deoxy.L.threo.hex.4.enopyranuronate.degradation","Sex","Female","SexFemale",-0.755804413378839,0,0.832649438402329,0.364031337551375,0.997691697953348,0.595543860383307,0.976974901602956,NA,"prevalence",80,75
"PWY.6545..pyrimidine.deoxyribonucleotides.de.novo.biosynthesis.III","Read_depth","Read_depth","Read_depth",0.325013578171194,0,0.35680688991589,0.362350750354721,0.997691697953348,0.593403434426813,0.976974901602956,NA,"prevalence",80,74
"PWY.7165..L.ascorbate.biosynthesis.VIII..engineered.pathway.","Delivery_mode","C-section","Delivery_modeC-section",-0.554607152861436,0,0.610221323159988,0.363422818211324,0.997691697953348,0.594769491625987,0.976974901602956,NA,"prevalence",80,39
"PWY.7185..UTP.and.CTP.dephosphorylation.I","Antibiotics","Yes","AntibioticsYes",-0.980609231079516,0,1.07941074521509,0.363631448417698,0.997691697953348,0.595035066557043,0.976974901602956,NA,"prevalence",80,67
"PWY.7210..pyrimidine.deoxyribonucleotides.biosynthesis.from.CTP","Antibiotics","Yes","AntibioticsYes",-0.980609231079516,0,1.07941074521509,0.363631448417698,0.997691697953348,0.595035066557043,0.976974901602956,NA,"prevalence",80,67
"PWY.7783..plasmalogen.degradation","propionate","propionate","propionate",-0.301082438708051,0,0.331315419828828,0.363482820404063,0.997691697953348,0.594845880079234,0.976974901602956,NA,"prevalence",80,42
"DARABCATK12.PWY..D.arabinose.degradation.I","Termness","preterm","Termnesspreterm",-0.851251308478314,0,0.938955156914624,0.364621424852732,0.997737959357355,0.233734009828485,0.876913946711319,NA,"prevalence",80,64
"PROTOCATECHUATE.ORTHO.CLEAVAGE.PWY..protocatechuate.degradation.II..ortho.cleavage.pathway.","acetate","acetate","acetate",0.220561945255672,0,0.243504846009483,0.36505203536346,0.99779312037162,0.596841082203915,0.976996090387478,NA,"prevalence",80,54
"AEROBACTINSYN.PWY..aerobactin.biosynthesis","Sex","Female","SexFemale",-0.620997267453531,0,0.698233060760474,0.373796775567444,0.998441385892811,0.373796775567444,0.937313481206142,NA,"prevalence",80,9
"AST.PWY..L.arginine.degradation.II..AST.pathway.","butyrate","butyrate","butyrate",-0.397608606793413,0,0.464356603337946,0.391855622770663,0.998441385892811,0.630160416444342,0.979149576884277,NA,"prevalence",80,76
"CENTFERM.PWY..pyruvate.fermentation.to.butanoate","isobutyrate","isobutyrate","isobutyrate",0.338486265035363,0,0.387324842726064,0.382168376811446,0.998441385892811,0.618284085388196,0.979149576884277,NA,"prevalence",80,23
"CENTFERM.PWY..pyruvate.fermentation.to.butanoate","Probiotics","Yes","ProbioticsYes",-0.986228107811947,0,1.11787308840239,0.377649088622306,0.998441385892811,0.321647730459048,0.911723569545708,NA,"prevalence",80,23
"COLANSYN.PWY..colanic.acid.building.blocks.biosynthesis","butyrate","butyrate","butyrate",-0.311893502321811,0,0.345087905189499,0.366096768817193,0.998441385892811,0.598166693495997,0.977669214526104,NA,"prevalence",80,60
"DARABCATK12.PWY..D.arabinose.degradation.I","Antibiotics","Yes","AntibioticsYes",-1.11162262488186,0,1.2405559234515,0.3702163777878,0.998441385892811,0.603372589193281,0.979149576884277,NA,"prevalence",80,64
"DTDPRHAMSYN.PWY..dTDP..beta..L.rhamnose.biosynthesis","Ethnicity","European","EthnicityEuropean",-0.867623453974601,0,1.00651185524158,0.388681922230437,0.998441385892811,0.626290207792127,0.979149576884277,NA,"prevalence",80,79
"FUC.RHAMCAT.PWY..superpathway.of.fucose.and.rhamnose.degradation","Feeding_method","Breastfed","Feeding_methodBreastfed",-0.67314331614622,0,0.778694411572156,0.387340078736188,0.998441385892811,0.624647820877019,0.979149576884277,NA,"prevalence",80,74
"FUCCAT.PWY..fucose.degradation","Feeding_method","Breastfed","Feeding_methodBreastfed",-0.67314331614622,0,0.778694411572156,0.387340078736188,0.998441385892811,0.624647820877019,0.979149576884277,NA,"prevalence",80,74
"GALACTUROCAT.PWY..D.galacturonate.degradation.I","Probiotics","Yes","ProbioticsYes",1.33850247695416,0,1.52359833836285,0.379664841304726,0.998441385892811,0.615184290886509,0.979149576884277,NA,"prevalence",80,74
"GALACTUROCAT.PWY..D.galacturonate.degradation.I","Read_depth","Read_depth","Read_depth",0.293899943758584,0,0.330024245015192,0.373175751991885,0.998441385892811,0.607091362109062,0.979149576884277,NA,"prevalence",80,74
"GLUCARDEG.PWY..D.glucarate.degradation.I","butyrate","butyrate","butyrate",-0.397608606793413,0,0.464356603337946,0.391855622770663,0.998441385892811,0.630160416444342,0.979149576884277,NA,"prevalence",80,76
"GLUCUROCAT.PWY..superpathway.of..beta..D.glucuronosides.degradation","Sex","Female","SexFemale",-0.507648694794235,0,0.580901538037107,0.382173801629346,0.998441385892811,0.618290788606866,0.979149576884277,NA,"prevalence",80,66
"GLYOXYLATE.BYPASS..glyoxylate.cycle","butyrate","butyrate","butyrate",-0.397608606793413,0,0.464356603337946,0.391855622770663,0.998441385892811,0.630160416444342,0.979149576884277,NA,"prevalence",80,76
"HSERMETANA.PWY..L.methionine.biosynthesis.III","Ethnicity","European","EthnicityEuropean",-0.867623453974601,0,1.00651185524158,0.388681922230437,0.998441385892811,0.496015451520626,0.961237016463547,NA,"prevalence",80,79
"KETOGLUCONMET.PWY..ketogluconate.metabolism","isobutyrate","isobutyrate","isobutyrate",0.319940844773398,0,0.371956601238602,0.389702844255584,0.998441385892811,0.627537381690276,0.979149576884277,NA,"prevalence",80,68
"LACTOSECAT.PWY..lactose.and.galactose.degradation.I","Antibiotics","Yes","AntibioticsYes",-1.21985276643892,0,1.41415019445046,0.388354782276165,0.998441385892811,0.625890127635563,0.979149576884277,NA,"prevalence",80,78
"LIPASYN.PWY..phospholipases","Antibiotics","Yes","AntibioticsYes",-0.755690191768087,0,0.848253095816284,0.372994516267159,0.998441385892811,0.606864123368946,0.979149576884277,NA,"prevalence",80,57
"OANTIGEN.PWY..O.antigen.building.blocks.biosynthesis..E..coli.","Ethnicity","European","EthnicityEuropean",-0.867623453974601,0,1.00651185524158,0.388681922230437,0.998441385892811,0.626290207792127,0.979149576884277,NA,"prevalence",80,79
"P124.PWY..Bifidobacterium.shunt","Antibiotics","Yes","AntibioticsYes",-0.681710322823218,0,0.794154821265041,0.39066618920343,0.998441385892811,0.355216820057519,0.928420432709953,NA,"prevalence",80,32
"P164.PWY..purine.nucleobases.degradation.I..anaerobic.","Feeding_method","Breastfed","Feeding_methodBreastfed",0.482076430957676,0,0.551474173678678,0.382031355823031,0.998441385892811,0.618114754814079,0.979149576884277,NA,"prevalence",80,50
"P562.PWY..myo.inositol.degradation.I","propionate","propionate","propionate",-0.212623522222415,0,0.247637869513759,0.390557566502712,0.998441385892811,0.628579920252904,0.979149576884277,NA,"prevalence",80,47
"PROTOCATECHUATE.ORTHO.CLEAVAGE.PWY..protocatechuate.degradation.II..ortho.cleavage.pathway.","Probiotics","Yes","ProbioticsYes",-1.51008291243301,0,1.70835508933037,0.376728756235728,0.998441385892811,0.425370286262006,0.948577380465311,NA,"prevalence",80,54
"PWY.1622..formaldehyde.assimilation.I..serine.pathway.","Feeding_method","Breastfed","Feeding_methodBreastfed",-0.486844449701206,0,0.54057299558031,0.367796695633531,0.998441385892811,0.600318981948118,0.979044174280157,NA,"prevalence",80,29
"PWY.1622..formaldehyde.assimilation.I..serine.pathway.","Read_depth","Read_depth","Read_depth",0.250227389975346,0,0.280986500308628,0.373180446777867,0.998441385892811,0.607097247698405,0.979149576884277,NA,"prevalence",80,29
"PWY.181..photorespiration","Termness","preterm","Termnesspreterm",-0.945923767413288,0,1.08137837588088,0.381715970728201,0.998441385892811,0.617724859147429,0.979149576884277,NA,"prevalence",80,16
"PWY.2942..L.lysine.biosynthesis.III","Feeding_method","Breastfed","Feeding_methodBreastfed",0.587291082242946,0,0.665861436500694,0.377775755343745,0.998441385892811,0.29502309590505,0.900384819041268,NA,"prevalence",80,52
"PWY.3801..sucrose.degradation.II..sucrose.synthase.","Probiotics","Yes","ProbioticsYes",0.933060652235253,0,1.06031369946621,0.378867179345799,0.998441385892811,0.411084622403119,0.940258942824249,NA,"prevalence",80,46
"PWY.5005..biotin.biosynthesis.II","butyrate","butyrate","butyrate",0.368898516962569,0,0.422999100224361,0.383152534445926,0.998441385892811,0.619499204239516,0.979149576884277,NA,"prevalence",80,67
"PWY.5130..2.oxobutanoate.degradation.I","Antibiotics","Yes","AntibioticsYes",-0.71300402873404,0,0.800577500692428,0.373137292409362,0.998441385892811,0.0501291347172856,0.624335586933466,NA,"prevalence",80,46
"PWY.5265..peptidoglycan.biosynthesis.II..staphylococci.","isobutyrate","isobutyrate","isobutyrate",0.379147947175635,0,0.431130973239764,0.37917013889886,0.998441385892811,0.391982353832828,0.937313481206142,NA,"prevalence",80,77
"PWY.5345..superpathway.of.L.methionine.biosynthesis..by.sulfhydrylation.","Ethnicity","European","EthnicityEuropean",-0.867623453974601,0,1.00651185524158,0.388681922230437,0.998441385892811,0.626290207792127,0.979149576884277,NA,"prevalence",80,79
"PWY.5417..catechol.degradation.III..ortho.cleavage.pathway.","Sex","Female","SexFemale",0.465591483353134,0,0.541515785016305,0.389903156571303,0.998441385892811,0.25158306718686,0.880494562511276,NA,"prevalence",80,51
"PWY.5431..aromatic.compounds.degradation.via..beta..ketoadipate","Sex","Female","SexFemale",0.465591483353134,0,0.541515785016305,0.389903156571303,0.998441385892811,0.251487077894246,0.880494562511276,NA,"prevalence",80,51
"PWY.5654..2.amino.3.carboxymuconate.semialdehyde.degradation.to.2.hydroxypentadienoate","isobutyrate","isobutyrate","isobutyrate",0.342558705855781,0,0.393214397365946,0.383658395294732,0.998441385892811,0.609112463697073,0.979149576884277,NA,"prevalence",80,19
"PWY.5656..mannosylglycerate.biosynthesis.I","propionate","propionate","propionate",0.24402147710654,0,0.281323491142068,0.385719998640393,0.998441385892811,0.622660079929641,0.979149576884277,NA,"prevalence",80,39
"PWY.5723..Rubisco.shunt","butyrate","butyrate","butyrate",-0.397608606793413,0,0.464356603337946,0.391855622770663,0.998441385892811,0.630160416444342,0.979149576884277,NA,"prevalence",80,76
"PWY.5747..2.methylcitrate.cycle.II","acetate","acetate","acetate",-0.314505189445435,0,0.355823206986338,0.37676073181091,0.998441385892811,0.611572814587128,0.979149576884277,NA,"prevalence",80,47
"PWY.5845..superpathway.of.menaquinol.9.biosynthesis","butyrate","butyrate","butyrate",-0.427068417182399,0,0.50011822433704,0.393141048367542,0.998441385892811,0.631722212823554,0.979149576884277,NA,"prevalence",80,77
"PWY.5855..ubiquinol.7.biosynthesis..early.decarboxylation.","butyrate","butyrate","butyrate",-0.397608606793413,0,0.464356603337946,0.391855622770663,0.998441385892811,0.630160416444342,0.979149576884277,NA,"prevalence",80,76
"PWY.5862..superpathway.of.demethylmenaquinol.9.biosynthesis","butyrate","butyrate","butyrate",-0.427068417182399,0,0.50011822433704,0.393141048367542,0.998441385892811,0.631722212823554,0.979149576884277,NA,"prevalence",80,77
"PWY.5920..superpathway.of.heme.b.biosynthesis.from.glycine","butyrate","butyrate","butyrate",-0.379319766973408,0,0.44388493038171,0.39280293836768,0.998441385892811,0.631311728345076,0.979149576884277,NA,"prevalence",80,76
"PWY.5994..palmitate.biosynthesis..type.I.fatty.acid.synthase.","Delivery_mode","C-section","Delivery_modeC-section",-0.593100109312992,0,0.685107874719011,0.386652920850896,0.998441385892811,0.386652920850896,0.937313481206142,NA,"prevalence",80,11
"PWY.6210..2.aminophenol.degradation","isobutyrate","isobutyrate","isobutyrate",0.342558705855781,0,0.393214397365946,0.383658395294732,0.998441385892811,0.609138103902539,0.979149576884277,NA,"prevalence",80,19
"PWY.6328..L.lysine.degradation.X","Sex","Female","SexFemale",-0.543653381748995,0,0.621427885004947,0.381657982530954,0.998441385892811,0.381657982530954,0.937313481206142,NA,"prevalence",80,11
"PWY.6396..superpathway.of.2.3.butanediol.biosynthesis","Delivery_mode","C-section","Delivery_modeC-section",0.681834037261439,0,0.781981499253372,0.383245932434152,0.998441385892811,0.383245932434152,0.937313481206142,NA,"prevalence",80,12
"PWY.6396..superpathway.of.2.3.butanediol.biosynthesis","Ethnicity","European","EthnicityEuropean",-0.605241760029596,0,0.698891985611245,0.386489141352136,0.998441385892811,0.386489141352136,0.937313481206142,NA,"prevalence",80,12
"PWY.6549..L.glutamine.biosynthesis.III","Termness","preterm","Termnesspreterm",1.32542480638294,0,1.53063795916397,0.386528737107929,0.998441385892811,0.576202282275527,0.976909361648876,NA,"prevalence",80,64
"PWY.6590..superpathway.of.Clostridium.acetobutylicum.acidogenic.fermentation","isobutyrate","isobutyrate","isobutyrate",0.338486265035363,0,0.387324842726064,0.382168376811446,0.998441385892811,0.618284085388196,0.979149576884277,NA,"prevalence",80,23
"PWY.6590..superpathway.of.Clostridium.acetobutylicum.acidogenic.fermentation","Probiotics","Yes","ProbioticsYes",-0.986228107811947,0,1.11787308840239,0.377649088622306,0.998441385892811,0.326833475381849,0.911723569545708,NA,"prevalence",80,23
"PWY.6595..superpathway.of.guanosine.nucleotides.degradation..plants.","isobutyrate","isobutyrate","isobutyrate",0.26211606867011,0,0.303935291839904,0.388463326638758,0.998441385892811,0.150801505046191,0.802911288366774,NA,"prevalence",80,51
"PWY.6607..guanosine.nucleotides.degradation.I","isobutyrate","isobutyrate","isobutyrate",0.26211606867011,0,0.303935291839904,0.388463326638758,0.998441385892811,0.15385317747733,0.809882584647917,NA,"prevalence",80,51
"PWY.7039..phosphatidate.metabolism..as.a.signaling.molecule","Termness","preterm","Termnesspreterm",1.08804104412404,0,1.21444247340629,0.37029648409919,0.998441385892811,0.603473482062158,0.979149576884277,NA,"prevalence",80,13
"PWY.7118..chitin.deacetylation","butyrate","butyrate","butyrate",-0.397608606793413,0,0.464356603337946,0.391855622770663,0.998441385892811,0.630160416444342,0.979149576884277,NA,"prevalence",80,76
"PWY.7196..superpathway.of.pyrimidine.ribonucleosides.salvage","Delivery_mode","C-section","Delivery_modeC-section",0.709225109872952,0,0.823708172265379,0.389229769694403,0.998441385892811,0.389229769694403,0.937313481206142,NA,"prevalence",80,12
"PWY.7237..myo...chiro..and.scyllo.inositol.degradation","Read_depth","Read_depth","Read_depth",-0.280574221231541,0,0.311521520374392,0.367770405180309,0.998441385892811,0.531915883596273,0.966661071390955,NA,"prevalence",80,64
"PWY.7242..D.fructuronate.degradation","Antibiotics","Yes","AntibioticsYes",-1.13943096986164,0,1.31157653342442,0.384984363679451,0.998441385892811,0.62175576708123,0.979149576884277,NA,"prevalence",80,73
"PWY.7294..D.xylose.degradation.IV","Probiotics","Yes","ProbioticsYes",0.985409939610855,0,1.09460219169471,0.367989985589977,0.998441385892811,0.600563341685443,0.979044174280157,NA,"prevalence",80,19
"PWY.7315..dTDP.N.acetylthomosamine.biosynthesis","butyrate","butyrate","butyrate",-0.397608606793413,0,0.464356603337946,0.391855622770663,0.998441385892811,0.630160416444342,0.979149576884277,NA,"prevalence",80,76
"PWY.7383..anaerobic.energy.metabolism..invertebrates..cytosol.","Ethnicity","European","EthnicityEuropean",-0.539348345450682,0,0.612975551526063,0.378921300039843,0.998441385892811,0.614261248455801,0.979149576884277,NA,"prevalence",80,27
"PWY.7383..anaerobic.energy.metabolism..invertebrates..cytosol.","Sex","Female","SexFemale",-0.497095633607986,0,0.554671021213687,0.370146471336474,0.998441385892811,0.603284532430105,0.979149576884277,NA,"prevalence",80,27
"PWY.7434..terminal.O.glycans.residues.modification..via.type.2.precursor.disaccharide.","Ethnicity","European","EthnicityEuropean",-0.608834274057788,0,0.700879513155108,0.38502666551799,0.998441385892811,0.38502666551799,0.937313481206142,NA,"prevalence",80,13
"PWY.7616..methanol.oxidation.to.carbon.dioxide","Feeding_method","Breastfed","Feeding_methodBreastfed",0.45342484041199,0,0.529749512879149,0.392040321755008,0.998441385892811,0.630385029628245,0.979149576884277,NA,"prevalence",80,41
"PWY.8131..5..deoxyadenosine.degradation.II","Antibiotics","Yes","AntibioticsYes",-1.18969350587028,0,1.32094614123962,0.367781139421652,0.998441385892811,0.600299312329015,0.979044174280157,NA,"prevalence",80,71
"PWY0.166..superpathway.of.pyrimidine.deoxyribonucleotides.de.novo.biosynthesis..E..coli.","butyrate","butyrate","butyrate",-0.427794360715732,0,0.482362465765533,0.375147152780746,0.998441385892811,0.609558919321992,0.979149576884277,NA,"prevalence",80,77
"PWY0.41..allantoin.degradation.IV..anaerobic.","isobutyrate","isobutyrate","isobutyrate",0.278584952709262,0,0.312147019968793,0.372135741816063,0.998441385892811,0.605786473295134,0.979149576884277,NA,"prevalence",80,33
"PWY0.42..2.methylcitrate.cycle.I","acetate","acetate","acetate",-0.314505189445435,0,0.355823206986338,0.37676073181091,0.998441385892811,0.611572814587128,0.979149576884277,NA,"prevalence",80,47
"PWY66.391..fatty.acid..beta..oxidation.VI..mammalian.peroxisome.","Antibiotics","Yes","AntibioticsYes",0.758085251401617,0,0.876751217266479,0.387229472991669,0.998441385892811,0.624512281229933,0.979149576884277,NA,"prevalence",80,50
"PWY66.399..gluconeogenesis.III","Ethnicity","European","EthnicityEuropean",-0.539348345450682,0,0.612975551526063,0.378921300039843,0.998441385892811,0.614261248455801,0.979149576884277,NA,"prevalence",80,27
"PWY66.399..gluconeogenesis.III","Sex","Female","SexFemale",-0.497095633607986,0,0.554671021213687,0.370146471336474,0.998441385892811,0.603284532430105,0.979149576884277,NA,"prevalence",80,27
"THISYNARA.PWY..superpathway.of.thiamine.diphosphate.biosynthesis.III..eukaryotes.","Ethnicity","European","EthnicityEuropean",-0.867623453974601,0,1.00651185524158,0.388681922230437,0.998441385892811,0.626290207792127,0.979149576884277,NA,"prevalence",80,79
"UDPNACETYLGALSYN.PWY..UDP.N.acetyl.D.glucosamine.biosynthesis.II","Sex","Female","SexFemale",-0.629477964719838,0,0.697758797261881,0.366981099503473,0.998441385892811,0.366981099503473,0.936342877781236,NA,"prevalence",80,9
"URSIN.PWY..ureide.biosynthesis","Read_depth","Read_depth","Read_depth",0.31037090525266,0,0.348555933061509,0.373225421752677,0.998441385892811,0.463636495871339,0.95160573712957,NA,"prevalence",80,18
"AEROBACTINSYN.PWY..aerobactin.biosynthesis","acetate","acetate","acetate",-0.232782380681283,0,0.354578955676608,0.511500116103969,1,0.511500116103969,0.964605264080454,NA,"prevalence",80,9
"AEROBACTINSYN.PWY..aerobactin.biosynthesis","Antibiotics","Yes","AntibioticsYes",-0.375186844337337,0,1.04562212217272,0.719732100634812,1,0.719732100634812,0.986891662674378,NA,"prevalence",80,9
"AEROBACTINSYN.PWY..aerobactin.biosynthesis","Delivery_mode","C-section","Delivery_modeC-section",0.156298364489332,0,0.87290288231467,0.857893851037435,1,0.857893851037435,1,NA,"prevalence",80,9
"AEROBACTINSYN.PWY..aerobactin.biosynthesis","Feeding_method","Breastfed","Feeding_methodBreastfed",-0.566115529042824,0,0.769325795373772,0.461816338024359,1,0.461816338024359,0.95160573712957,NA,"prevalence",80,9
"AEROBACTINSYN.PWY..aerobactin.biosynthesis","propionate","propionate","propionate",0.429799066473462,0,0.580396272989833,0.458980330757473,1,0.458980330757473,0.95160573712957,NA,"prevalence",80,9
"AEROBACTINSYN.PWY..aerobactin.biosynthesis","Termness","preterm","Termnesspreterm",-1.00438896380671,0,1.61665094455869,0.534417011764662,1,0.534417011764662,0.966661071390955,NA,"prevalence",80,9
"ALLANTOINDEG.PWY..superpathway.of.allantoin.degradation.in.yeast","acetate","acetate","acetate",0.00903122753076646,0,0.241446458759974,0.970162341171038,1,0.913816028937067,1,NA,"prevalence",80,27
"ALLANTOINDEG.PWY..superpathway.of.allantoin.degradation.in.yeast","Antibiotics","Yes","AntibioticsYes",0.348140217473741,0,0.82899879716782,0.674520065779846,1,0.894062812420044,1,NA,"prevalence",80,27
"ALLANTOINDEG.PWY..superpathway.of.allantoin.degradation.in.yeast","butyrate","butyrate","butyrate",-0.221423459277346,0,0.326866892865671,0.498144773699864,1,0.682767860469247,0.983585363030474,NA,"prevalence",80,27
"ALLANTOINDEG.PWY..superpathway.of.allantoin.degradation.in.yeast","Sex","Female","SexFemale",0.117327306421752,0,0.528933220067809,0.824454981604288,1,0.969183946516449,1,NA,"prevalence",80,27
"ARG.POLYAMINE.SYN..superpathway.of.arginine.and.polyamine.biosynthesis","acetate","acetate","acetate",0.0863634101720219,0,0.382923611871938,0.821561610868165,1,0.326129407787756,0.911723569545708,NA,"prevalence",80,78
"ARG.POLYAMINE.SYN..superpathway.of.arginine.and.polyamine.biosynthesis","Antibiotics","Yes","AntibioticsYes",-0.245498435841926,0,1.36101622167286,0.856855217835019,1,0.97950957133894,1,NA,"prevalence",80,78
"ARG.POLYAMINE.SYN..superpathway.of.arginine.and.polyamine.biosynthesis","butyrate","butyrate","butyrate",-0.0148367836130292,0,0.502430770520652,0.976441888131676,1,0.345401602585808,0.919827593927218,NA,"prevalence",80,78
"ARG.POLYAMINE.SYN..superpathway.of.arginine.and.polyamine.biosynthesis","Delivery_mode","C-section","Delivery_modeC-section",-0.827988718943593,0,1.05248171606747,0.431456751421515,1,0.676758574495823,0.983585363030474,NA,"prevalence",80,78
"ARG.POLYAMINE.SYN..superpathway.of.arginine.and.polyamine.biosynthesis","Ethnicity","European","EthnicityEuropean",0.227622658656806,0,0.912684179459224,0.803052042513864,1,0.638009168661246,0.980109892930287,NA,"prevalence",80,78
"ARG.POLYAMINE.SYN..superpathway.of.arginine.and.polyamine.biosynthesis","Feeding_method","Breastfed","Feeding_methodBreastfed",-0.575951003491573,0,0.892049860773655,0.518506766699744,1,0.340097808887569,0.918589037647046,NA,"prevalence",80,78
"ARG.POLYAMINE.SYN..superpathway.of.arginine.and.polyamine.biosynthesis","isobutyrate","isobutyrate","isobutyrate",0.308362222824261,0,0.502398585774032,0.539360690366727,1,0.746473551962771,0.99234705074943,NA,"prevalence",80,78
"ARG.POLYAMINE.SYN..superpathway.of.arginine.and.polyamine.biosynthesis","Probiotics","Yes","ProbioticsYes",-0.3248542802632,0,1.90588600690021,0.864657899218818,1,0.981682515756136,1,NA,"prevalence",80,78
"ARG.POLYAMINE.SYN..superpathway.of.arginine.and.polyamine.biosynthesis","propionate","propionate","propionate",0.288400210664389,0,0.367498067280928,0.432590423235281,1,0.510086954792891,0.964395491483136,NA,"prevalence",80,78
"ARG.POLYAMINE.SYN..superpathway.of.arginine.and.polyamine.biosynthesis","Read_depth","Read_depth","Read_depth",-0.154326513294876,0,0.420820717680789,0.713822320742008,1,0.0619473858598508,0.652710385570562,NA,"prevalence",80,78
"ARG.POLYAMINE.SYN..superpathway.of.arginine.and.polyamine.biosynthesis","Sex","Female","SexFemale",-0.0857504633952309,0,0.846138163884727,0.919277916898154,1,0.435997913237673,0.95137647878513,NA,"prevalence",80,78
"ARG.POLYAMINE.SYN..superpathway.of.arginine.and.polyamine.biosynthesis","Termness","preterm","Termnesspreterm",0.724044404909205,0,1.64739471870731,0.660292938300609,1,0.830846171083159,1,NA,"prevalence",80,78
"ARGDEG.PWY..superpathway.of.L.arginine..putrescine..and.4.aminobutanoate.degradation","Antibiotics","Yes","AntibioticsYes",-0.630390948402334,0,0.808461496151918,0.435543069003282,1,0.681388373049766,0.983585363030474,NA,"prevalence",80,42
"ARGDEG.PWY..superpathway.of.L.arginine..putrescine..and.4.aminobutanoate.degradation","Delivery_mode","C-section","Delivery_modeC-section",-0.223553116944862,0,0.610015607042041,0.714013541481642,1,0.110091504449685,0.772363157817707,NA,"prevalence",80,42
"ARGDEG.PWY..superpathway.of.L.arginine..putrescine..and.4.aminobutanoate.degradation","Ethnicity","European","EthnicityEuropean",-0.00556237473373151,0,0.538867367976637,0.991764106769107,1,0.352191880991899,0.92640552376109,NA,"prevalence",80,42
"ARGDEG.PWY..superpathway.of.L.arginine..putrescine..and.4.aminobutanoate.degradation","Feeding_method","Breastfed","Feeding_methodBreastfed",0.0361373895151835,0,0.524549877561721,0.945075435704403,1,0.878052495143883,1,NA,"prevalence",80,42
"ARGDEG.PWY..superpathway.of.L.arginine..putrescine..and.4.aminobutanoate.degradation","isobutyrate","isobutyrate","isobutyrate",0.171192269472753,0,0.310928877475613,0.581919310848396,1,0.82520853735852,1,NA,"prevalence",80,42
"ARGDEG.PWY..superpathway.of.L.arginine..putrescine..and.4.aminobutanoate.degradation","Probiotics","Yes","ProbioticsYes",0.480255975732579,0,1.03845457507178,0.643743007301398,1,0.478129064062152,0.958059482309325,NA,"prevalence",80,42
"ARGDEG.PWY..superpathway.of.L.arginine..putrescine..and.4.aminobutanoate.degradation","Sex","Female","SexFemale",-0.187749626440676,0,0.499581392494484,0.707055260864351,1,0.914183379812746,1,NA,"prevalence",80,42
"AST.PWY..L.arginine.degradation.II..AST.pathway.","acetate","acetate","acetate",0.196260578081244,0,0.379062761770401,0.604631174089465,1,0.0560290105280449,0.641105886737327,NA,"prevalence",80,76
"AST.PWY..L.arginine.degradation.II..AST.pathway.","Antibiotics","Yes","AntibioticsYes",-0.0190680562711487,0,1.34810387110078,0.988714815861967,1,0.99746011741218,1,NA,"prevalence",80,76
"AST.PWY..L.arginine.degradation.II..AST.pathway.","Ethnicity","European","EthnicityEuropean",0.391813823155999,0,0.93025430808886,0.67361633721134,1,0.783844587898578,0.995409163122056,NA,"prevalence",80,76
"AST.PWY..L.arginine.degradation.II..AST.pathway.","Feeding_method","Breastfed","Feeding_methodBreastfed",-0.1893884422359,0,0.846144613533813,0.822893362107002,1,0.918165783318657,1,NA,"prevalence",80,76
"AST.PWY..L.arginine.degradation.II..AST.pathway.","Probiotics","Yes","ProbioticsYes",-0.47310230375581,0,1.91536721729132,0.804905556876119,1,0.961938158262183,1,NA,"prevalence",80,76
"AST.PWY..L.arginine.degradation.II..AST.pathway.","Sex","Female","SexFemale",0.387058600739982,0,0.845977854445907,0.64729154331732,1,0.333771574601245,0.913664473338967,NA,"prevalence",80,76
"AST.PWY..L.arginine.degradation.II..AST.pathway.","Termness","preterm","Termnesspreterm",1.28032765857273,0,1.62078063682152,0.429559853976567,1,0.163266010380517,0.817490317966205,NA,"prevalence",80,76
"BIOTIN.BIOSYNTHESIS.PWY..biotin.biosynthesis.I","acetate","acetate","acetate",0.0173020046645147,0,0.421984057704675,0.967294652202774,1,0.0256096474946846,0.501281031191244,NA,"prevalence",80,79
"BIOTIN.BIOSYNTHESIS.PWY..biotin.biosynthesis.I","Antibiotics","Yes","AntibioticsYes",-0.350608252070568,0,1.38484920679941,0.800133512193415,1,0.96005338705186,1,NA,"prevalence",80,79
"BIOTIN.BIOSYNTHESIS.PWY..biotin.biosynthesis.I","butyrate","butyrate","butyrate",7.49968573042167e-05,0,0.533991725558465,0.999887940521377,1,0.973840179874643,1,NA,"prevalence",80,79
"BIOTIN.BIOSYNTHESIS.PWY..biotin.biosynthesis.I","Delivery_mode","C-section","Delivery_modeC-section",-0.195166635007198,0,1.09477300105867,0.858509896308193,1,0.542684825466283,0.967219610406066,NA,"prevalence",80,79
"BIOTIN.BIOSYNTHESIS.PWY..biotin.biosynthesis.I","Ethnicity","European","EthnicityEuropean",0.346214913654815,0,0.961020121239448,0.718654417211862,1,0.860378029409582,1,NA,"prevalence",80,79
"BIOTIN.BIOSYNTHESIS.PWY..biotin.biosynthesis.I","Feeding_method","Breastfed","Feeding_methodBreastfed",-0.489768667729357,0,0.925965527481847,0.596855717175472,1,0.611368341706372,0.979149576884277,NA,"prevalence",80,79
"BIOTIN.BIOSYNTHESIS.PWY..biotin.biosynthesis.I","isobutyrate","isobutyrate","isobutyrate",-0.0138627021503428,0,0.566641157481844,0.980481945915373,1,0.997622902195072,1,NA,"prevalence",80,79
"BIOTIN.BIOSYNTHESIS.PWY..biotin.biosynthesis.I","Probiotics","Yes","ProbioticsYes",-0.266432056536548,0,1.91439151623378,0.889313259607628,1,0.960847577531218,1,NA,"prevalence",80,79
"BIOTIN.BIOSYNTHESIS.PWY..biotin.biosynthesis.I","Read_depth","Read_depth","Read_depth",0.0137934904753225,0,0.444703058640868,0.975255738790796,1,0.306796778749784,0.90799190770971,NA,"prevalence",80,79
"BIOTIN.BIOSYNTHESIS.PWY..biotin.biosynthesis.I","Sex","Female","SexFemale",0.251724743003418,0,0.893521347747663,0.778156579325616,1,0.499791970392322,0.963633306479644,NA,"prevalence",80,79
"BIOTIN.BIOSYNTHESIS.PWY..biotin.biosynthesis.I","Termness","preterm","Termnesspreterm",0.345047909380246,0,1.69676536724604,0.838856561801967,1,0.306541002701802,0.90799190770971,NA,"prevalence",80,79
"CARNMET.PWY..L.carnitine.degradation.I","acetate","acetate","acetate",-0.266802605239239,0,0.326011396812028,0.413137789863104,1,0.389214760620183,0.937313481206142,NA,"prevalence",80,43
"CARNMET.PWY..L.carnitine.degradation.I","Antibiotics","Yes","AntibioticsYes",0.430270186798782,0,0.757653425012154,0.570103941441938,1,0.0311835036999658,0.523119184517793,NA,"prevalence",80,43
"CARNMET.PWY..L.carnitine.degradation.I","butyrate","butyrate","butyrate",0.133025345679937,0,0.301411569407981,0.658965998902311,1,0.550279026564384,0.970207088611343,NA,"prevalence",80,43
"CARNMET.PWY..L.carnitine.degradation.I","isobutyrate","isobutyrate","isobutyrate",0.227236193681661,0,0.300713628836041,0.449855200368877,1,0.697340699438831,0.986317799722192,NA,"prevalence",80,43
"CARNMET.PWY..L.carnitine.degradation.I","Probiotics","Yes","ProbioticsYes",-0.41549470929079,0,0.996960624702902,0.676852936080565,1,0.621369273164054,0.979149576884277,NA,"prevalence",80,43
"CARNMET.PWY..L.carnitine.degradation.I","Termness","preterm","Termnesspreterm",0.19692433574874,0,0.883397522125822,0.823600096102725,1,0.293040115112929,0.900384819041268,NA,"prevalence",80,43
"CATECHOL.ORTHO.CLEAVAGE.PWY..catechol.degradation.to..beta..ketoadipate","Delivery_mode","C-section","Delivery_modeC-section",-0.305414030246857,0,0.610485580863358,0.616877584259182,1,0.0902953533209892,0.721132089838405,NA,"prevalence",80,54
"CATECHOL.ORTHO.CLEAVAGE.PWY..catechol.degradation.to..beta..ketoadipate","Ethnicity","European","EthnicityEuropean",0.10133654156653,0,0.584994261512046,0.862473350015348,1,0.937715378194038,1,NA,"prevalence",80,54
"CATECHOL.ORTHO.CLEAVAGE.PWY..catechol.degradation.to..beta..ketoadipate","Feeding_method","Breastfed","Feeding_methodBreastfed",-0.0243281388292134,0,0.55738631880874,0.965185932415017,1,0.277675048853051,0.894797826876664,NA,"prevalence",80,54
"CATECHOL.ORTHO.CLEAVAGE.PWY..catechol.degradation.to..beta..ketoadipate","Probiotics","Yes","ProbioticsYes",-0.899469334057842,0,1.68472673478072,0.593413296950025,1,0.834687252902951,1,NA,"prevalence",80,54
"CATECHOL.ORTHO.CLEAVAGE.PWY..catechol.degradation.to..beta..ketoadipate","propionate","propionate","propionate",-0.0411363645976806,0,0.280788226887664,0.883524189702557,1,0.0222514914941369,0.481714491545694,NA,"prevalence",80,54
"CATECHOL.ORTHO.CLEAVAGE.PWY..catechol.degradation.to..beta..ketoadipate","Sex","Female","SexFemale",0.404105581273279,0,0.53328566577835,0.448591264671534,1,0.174066863679786,0.834457920240061,NA,"prevalence",80,54
"CENTFERM.PWY..pyruvate.fermentation.to.butanoate","acetate","acetate","acetate",-0.0152281905053761,0,0.273948850902104,0.955670251798892,1,0.939316521020805,1,NA,"prevalence",80,23
"CENTFERM.PWY..pyruvate.fermentation.to.butanoate","Delivery_mode","C-section","Delivery_modeC-section",0.578408983747991,0,0.684348399380276,0.398001044963947,1,0.6375972581355,0.980109892930287,NA,"prevalence",80,23
"CENTFERM.PWY..pyruvate.fermentation.to.butanoate","propionate","propionate","propionate",0.00157131939841687,0,0.320063779225085,0.996082885558408,1,0.99992181240028,1,NA,"prevalence",80,23
"CENTFERM.PWY..pyruvate.fermentation.to.butanoate","Read_depth","Read_depth","Read_depth",-0.0440267348689611,0,0.288918345163389,0.878883525098884,1,0.795951142483975,0.998092298938251,NA,"prevalence",80,23
"CENTFERM.PWY..pyruvate.fermentation.to.butanoate","Sex","Female","SexFemale",-0.178635123011853,0,0.559558534505822,0.749542282334698,1,0.870522512141971,1,NA,"prevalence",80,23
"CENTFERM.PWY..pyruvate.fermentation.to.butanoate","Termness","preterm","Termnesspreterm",-0.0563308553821372,0,0.975328732474175,0.953943175120852,1,0.483678405150642,0.959080836132184,NA,"prevalence",80,23
"COBALSYN.PWY..superpathway.of.adenosylcobalamin.salvage.from.cobinamide.I","acetate","acetate","acetate",0.0863634101720219,0,0.382923611871938,0.821561610868165,1,0.968159741284036,1,NA,"prevalence",80,78
"COBALSYN.PWY..superpathway.of.adenosylcobalamin.salvage.from.cobinamide.I","Antibiotics","Yes","AntibioticsYes",-0.245498435841926,0,1.36101622167286,0.856855217835019,1,0.398850248741087,0.939910940436325,NA,"prevalence",80,78
"COBALSYN.PWY..superpathway.of.adenosylcobalamin.salvage.from.cobinamide.I","butyrate","butyrate","butyrate",-0.0148367836130292,0,0.502430770520652,0.976441888131676,1,0.994558328049448,1,NA,"prevalence",80,78
"COBALSYN.PWY..superpathway.of.adenosylcobalamin.salvage.from.cobinamide.I","Delivery_mode","C-section","Delivery_modeC-section",-0.827988718943593,0,1.05248171606747,0.431456751421515,1,0.676758574495823,0.983585363030474,NA,"prevalence",80,78
"COBALSYN.PWY..superpathway.of.adenosylcobalamin.salvage.from.cobinamide.I","Ethnicity","European","EthnicityEuropean",0.227622658656806,0,0.912684179459224,0.803052042513864,1,0.961211502042039,1,NA,"prevalence",80,78
"COBALSYN.PWY..superpathway.of.adenosylcobalamin.salvage.from.cobinamide.I","Feeding_method","Breastfed","Feeding_methodBreastfed",-0.575951003491573,0,0.892049860773655,0.518506766699744,1,0.768164266286066,0.995084293998679,NA,"prevalence",80,78
"COBALSYN.PWY..superpathway.of.adenosylcobalamin.salvage.from.cobinamide.I","isobutyrate","isobutyrate","isobutyrate",0.308362222824261,0,0.502398585774032,0.539360690366727,1,0.787811426420582,0.995409163122056,NA,"prevalence",80,78
"COBALSYN.PWY..superpathway.of.adenosylcobalamin.salvage.from.cobinamide.I","Probiotics","Yes","ProbioticsYes",-0.3248542802632,0,1.90588600690021,0.864657899218818,1,0.107249471602808,0.766600570934857,NA,"prevalence",80,78
"COBALSYN.PWY..superpathway.of.adenosylcobalamin.salvage.from.cobinamide.I","propionate","propionate","propionate",0.288400210664389,0,0.367498067280928,0.432590423235281,1,0.0105588794544313,0.403074144669931,NA,"prevalence",80,78
"COBALSYN.PWY..superpathway.of.adenosylcobalamin.salvage.from.cobinamide.I","Read_depth","Read_depth","Read_depth",-0.154326513294876,0,0.420820717680789,0.713822320742008,1,0.91810233589451,1,NA,"prevalence",80,78
"COBALSYN.PWY..superpathway.of.adenosylcobalamin.salvage.from.cobinamide.I","Sex","Female","SexFemale",-0.0857504633952309,0,0.846138163884727,0.919277916898154,1,0.0280104198365972,0.51355907298921,NA,"prevalence",80,78
"COBALSYN.PWY..superpathway.of.adenosylcobalamin.salvage.from.cobinamide.I","Termness","preterm","Termnesspreterm",0.724044404909205,0,1.64739471870731,0.660292938300609,1,0.884599112231566,1,NA,"prevalence",80,78
"COLANSYN.PWY..colanic.acid.building.blocks.biosynthesis","acetate","acetate","acetate",-0.247835438365488,0,0.429379637222846,0.563808271301278,1,0.809736775814821,0.999404849429103,NA,"prevalence",80,60
"COLANSYN.PWY..colanic.acid.building.blocks.biosynthesis","Antibiotics","Yes","AntibioticsYes",-0.512063006814486,0,0.876076932188325,0.5588870055342,1,0.805419326113415,0.998092298938251,NA,"prevalence",80,60
"COLANSYN.PWY..colanic.acid.building.blocks.biosynthesis","Feeding_method","Breastfed","Feeding_methodBreastfed",-0.0372834634118887,0,0.60675220013234,0.951002748678355,1,0.804665920199107,0.998092298938251,NA,"prevalence",80,60
"CRNFORCAT.PWY..creatinine.degradation.I","acetate","acetate","acetate",0.239731941757874,0,0.333750483036955,0.47257423303063,1,0.717294506265527,0.986891662674378,NA,"prevalence",80,19
"CRNFORCAT.PWY..creatinine.degradation.I","Antibiotics","Yes","AntibioticsYes",-0.66840874114472,0,0.858939138548985,0.436463260900185,1,0.682426343684747,0.983585363030474,NA,"prevalence",80,19
"CRNFORCAT.PWY..creatinine.degradation.I","Feeding_method","Breastfed","Feeding_methodBreastfed",0.154380685202497,0,0.643750462395895,0.810474077686301,1,0.729430971277444,0.98865816797718,NA,"prevalence",80,19
"CRNFORCAT.PWY..creatinine.degradation.I","Probiotics","Yes","ProbioticsYes",-0.264007808847734,0,1.102020625445,0.810665926335577,1,0.964152608549635,1,NA,"prevalence",80,19
"CRNFORCAT.PWY..creatinine.degradation.I","propionate","propionate","propionate",-0.0117380976364168,0,0.374949914956595,0.975025684962572,1,0.897315025555709,1,NA,"prevalence",80,19
"CRNFORCAT.PWY..creatinine.degradation.I","Sex","Female","SexFemale",0.0157045964168763,0,0.578205995557487,0.978331399827291,1,0.616460853520328,0.979149576884277,NA,"prevalence",80,19
"CRNFORCAT.PWY..creatinine.degradation.I","Termness","preterm","Termnesspreterm",0.611905358070817,0,0.982835341649863,0.533552711763524,1,0.782426927296838,0.995409163122056,NA,"prevalence",80,19
"DARABCATK12.PWY..D.arabinose.degradation.I","acetate","acetate","acetate",-0.259391952000182,0,0.474917597813897,0.58494010187315,1,0.255817512550593,0.880494562511276,NA,"prevalence",80,64
"DARABCATK12.PWY..D.arabinose.degradation.I","Delivery_mode","C-section","Delivery_modeC-section",-0.341283698549216,0,0.6971385964797,0.624452874078041,1,0.858964356211757,1,NA,"prevalence",80,64
"DARABCATK12.PWY..D.arabinose.degradation.I","Feeding_method","Breastfed","Feeding_methodBreastfed",-0.142655203276827,0,0.63127389647546,0.821217064208698,1,0.0993306342163778,0.746358414346301,NA,"prevalence",80,64
"DARABCATK12.PWY..D.arabinose.degradation.I","Read_depth","Read_depth","Read_depth",-0.00986955140307519,0,0.263511087550086,0.970122995498396,1,0.861516238648798,1,NA,"prevalence",80,64
"DARABCATK12.PWY..D.arabinose.degradation.I","Sex","Female","SexFemale",0.151874524067198,0,0.603062465998054,0.801165670303769,1,0.795256788707168,0.998092298938251,NA,"prevalence",80,64
"DENITRIFICATION.PWY..nitrate.reduction.I..denitrification.","acetate","acetate","acetate",0.103287639342039,0,0.35781400750474,0.772839334133849,1,0.051601342507669,0.629945102098574,NA,"prevalence",80,27
"DENITRIFICATION.PWY..nitrate.reduction.I..denitrification.","Antibiotics","Yes","AntibioticsYes",-0.567828445110526,0,0.939909137370762,0.545756410674603,1,0.616522304011158,0.979149576884277,NA,"prevalence",80,27
"DENITRIFICATION.PWY..nitrate.reduction.I..denitrification.","butyrate","butyrate","butyrate",0.0177955521575146,0,0.335297099597598,0.957672961752428,1,0.445268949189791,0.95137647878513,NA,"prevalence",80,27
"DENITRIFICATION.PWY..nitrate.reduction.I..denitrification.","Ethnicity","European","EthnicityEuropean",-0.298891276045519,0,0.586030946228217,0.610032939906894,1,0.039969433564119,0.576111559943567,NA,"prevalence",80,27
"DENITRIFICATION.PWY..nitrate.reduction.I..denitrification.","isobutyrate","isobutyrate","isobutyrate",0.117323733682853,0,0.321033104034176,0.714770442069071,1,0.918644099282527,1,NA,"prevalence",80,27
"DENITRIFICATION.PWY..nitrate.reduction.I..denitrification.","Probiotics","Yes","ProbioticsYes",-0.795891578829036,0,1.08135811546777,0.461723941103901,1,0.168944375650868,0.831569491193348,NA,"prevalence",80,27
"DENITRIFICATION.PWY..nitrate.reduction.I..denitrification.","Read_depth","Read_depth","Read_depth",0.168767514620303,0,0.251693442742627,0.502521228263086,1,0.22861159069396,0.875598170740482,NA,"prevalence",80,27
"DENITRIFICATION.PWY..nitrate.reduction.I..denitrification.","Sex","Female","SexFemale",0.139133630543739,0,0.551362910657485,0.800774468778918,1,0.0221774629260999,0.481714491545694,NA,"prevalence",80,27
"DENITRIFICATION.PWY..nitrate.reduction.I..denitrification.","Termness","preterm","Termnesspreterm",-0.239702885094145,0,0.891043708583231,0.787919209017377,1,0.0625292732185635,0.652710385570562,NA,"prevalence",80,27
"DENOVOPURINE2.PWY..superpathway.of.purine.nucleotides.de.novo.biosynthesis.II","acetate","acetate","acetate",-0.123247872499432,0,0.420409157923048,0.769398541056869,1,0.515700637957111,0.964605264080454,NA,"prevalence",80,78
"DENOVOPURINE2.PWY..superpathway.of.purine.nucleotides.de.novo.biosynthesis.II","Antibiotics","Yes","AntibioticsYes",-0.687803857287424,0,1.35228087013467,0.611015102142086,1,0.471755997174098,0.956309321028628,NA,"prevalence",80,78
"DENOVOPURINE2.PWY..superpathway.of.purine.nucleotides.de.novo.biosynthesis.II","butyrate","butyrate","butyrate",0.0589965403567191,0,0.510221719957663,0.907946402696205,1,0.971892264304385,1,NA,"prevalence",80,78
"DENOVOPURINE2.PWY..superpathway.of.purine.nucleotides.de.novo.biosynthesis.II","Delivery_mode","C-section","Delivery_modeC-section",-0.521601483976049,0,1.08830988608367,0.631741852368513,1,0.182564088783074,0.842734049007631,NA,"prevalence",80,78
"DENOVOPURINE2.PWY..superpathway.of.purine.nucleotides.de.novo.biosynthesis.II","Ethnicity","European","EthnicityEuropean",-0.232317716907798,0,0.924310408330646,0.801549964857654,1,0.190483142840906,0.849508408582616,NA,"prevalence",80,78
"DENOVOPURINE2.PWY..superpathway.of.purine.nucleotides.de.novo.biosynthesis.II","Feeding_method","Breastfed","Feeding_methodBreastfed",-0.572836998983934,0,0.90777480905227,0.5280181279002,1,0.777233112409168,0.995409163122056,NA,"prevalence",80,78
"DENOVOPURINE2.PWY..superpathway.of.purine.nucleotides.de.novo.biosynthesis.II","isobutyrate","isobutyrate","isobutyrate",-0.0857803355747047,0,0.571237391502663,0.880633785871327,1,0.920867881989601,1,NA,"prevalence",80,78
"DENOVOPURINE2.PWY..superpathway.of.purine.nucleotides.de.novo.biosynthesis.II","Probiotics","Yes","ProbioticsYes",-0.555445922078832,0,1.92862303473394,0.773345751148894,1,0.900477936445728,1,NA,"prevalence",80,78
"DENOVOPURINE2.PWY..superpathway.of.purine.nucleotides.de.novo.biosynthesis.II","propionate","propionate","propionate",0.18923835875067,0,0.397051106517481,0.633640164583225,1,0.420144158961081,0.946704161726983,NA,"prevalence",80,78
"DENOVOPURINE2.PWY..superpathway.of.purine.nucleotides.de.novo.biosynthesis.II","Read_depth","Read_depth","Read_depth",-0.00626677346744933,0,0.437911358101735,0.988582184403471,1,0.977894396836207,1,NA,"prevalence",80,78
"DENOVOPURINE2.PWY..superpathway.of.purine.nucleotides.de.novo.biosynthesis.II","Sex","Female","SexFemale",0.546780531414667,0,0.889258339082427,0.538638900463125,1,0.787145935834125,0.995409163122056,NA,"prevalence",80,78
"DENOVOPURINE2.PWY..superpathway.of.purine.nucleotides.de.novo.biosynthesis.II","Termness","preterm","Termnesspreterm",0.486502568897003,0,1.68970833486588,0.773407186495759,1,0.124853566661571,0.781611378335619,NA,"prevalence",80,78
"DHGLUCONATE.PYR.CAT.PWY..glucose.degradation..oxidative.","acetate","acetate","acetate",0.120749324719725,0,0.345210002667197,0.726499961542768,1,0.726499961542768,0.986891662674378,NA,"prevalence",80,12
"DHGLUCONATE.PYR.CAT.PWY..glucose.degradation..oxidative.","butyrate","butyrate","butyrate",-0.00047004935052347,0,0.423067363018088,0.999113509868118,1,0.999113509868118,1,NA,"prevalence",80,12
"DHGLUCONATE.PYR.CAT.PWY..glucose.degradation..oxidative.","Ethnicity","European","EthnicityEuropean",0.282461356674205,0,0.6771009685881,0.676559310423255,1,0.676559310423255,0.983585363030474,NA,"prevalence",80,12
"DHGLUCONATE.PYR.CAT.PWY..glucose.degradation..oxidative.","Feeding_method","Breastfed","Feeding_methodBreastfed",-0.472633956850998,0,0.668396430629794,0.479494257585383,1,0.479494257585383,0.958211376989914,NA,"prevalence",80,12
"DHGLUCONATE.PYR.CAT.PWY..glucose.degradation..oxidative.","isobutyrate","isobutyrate","isobutyrate",0.226203193859753,0,0.412151999786708,0.583119103178442,1,0.583119103178442,0.976974901602956,NA,"prevalence",80,12
"DHGLUCONATE.PYR.CAT.PWY..glucose.degradation..oxidative.","Probiotics","Yes","ProbioticsYes",0.566625104140402,0,1.05765418570434,0.592139920682655,1,0.592139920682655,0.976974901602956,NA,"prevalence",80,12
"DHGLUCONATE.PYR.CAT.PWY..glucose.degradation..oxidative.","propionate","propionate","propionate",-0.0571810419500005,0,0.282943410424844,0.839843579999827,1,0.839843579999827,1,NA,"prevalence",80,12
"DHGLUCONATE.PYR.CAT.PWY..glucose.degradation..oxidative.","Read_depth","Read_depth","Read_depth",-0.0353697316746943,0,0.370885669994907,0.924024444680543,1,0.924024444680543,1,NA,"prevalence",80,12
"DHGLUCONATE.PYR.CAT.PWY..glucose.degradation..oxidative.","Sex","Female","SexFemale",-0.302866341229131,0,0.665825286914211,0.6492001810157,1,0.6492001810157,0.983585363030474,NA,"prevalence",80,12
"DTDPRHAMSYN.PWY..dTDP..beta..L.rhamnose.biosynthesis","acetate","acetate","acetate",-0.0655191580770145,0,0.36746139467482,0.858485687498282,1,0.589088240393233,0.976974901602956,NA,"prevalence",80,79
"DTDPRHAMSYN.PWY..dTDP..beta..L.rhamnose.biosynthesis","Antibiotics","Yes","AntibioticsYes",-0.790687574471152,0,1.42711062937857,0.579546099522216,1,0.817111766050028,1,NA,"prevalence",80,79
"DTDPRHAMSYN.PWY..dTDP..beta..L.rhamnose.biosynthesis","butyrate","butyrate","butyrate",-0.0601638461871355,0,0.573772347294771,0.916489557578582,1,0.666293599104657,0.983585363030474,NA,"prevalence",80,79
"DTDPRHAMSYN.PWY..dTDP..beta..L.rhamnose.biosynthesis","Delivery_mode","C-section","Delivery_modeC-section",-0.153802395536477,0,1.1433662163071,0.89299362935846,1,0.137513075077155,0.795842555481638,NA,"prevalence",80,79
"DTDPRHAMSYN.PWY..dTDP..beta..L.rhamnose.biosynthesis","Feeding_method","Breastfed","Feeding_methodBreastfed",0.635381152998964,0,0.994997534030984,0.523099054941772,1,0.111692697287275,0.775614098378524,NA,"prevalence",80,79
"DTDPRHAMSYN.PWY..dTDP..beta..L.rhamnose.biosynthesis","isobutyrate","isobutyrate","isobutyrate",-0.0955692518123055,0,0.563370470773457,0.865294540162274,1,0.674343835648507,0.983585363030474,NA,"prevalence",80,79
"DTDPRHAMSYN.PWY..dTDP..beta..L.rhamnose.biosynthesis","Probiotics","Yes","ProbioticsYes",0.259142916511935,0,1.91076915577243,0.892119871829673,1,0.896991875161333,1,NA,"prevalence",80,79
"DTDPRHAMSYN.PWY..dTDP..beta..L.rhamnose.biosynthesis","propionate","propionate","propionate",0.00837372428179357,0,0.462425822785545,0.985552493246253,1,0.018518045945522,0.463609150270632,NA,"prevalence",80,79
"DTDPRHAMSYN.PWY..dTDP..beta..L.rhamnose.biosynthesis","Read_depth","Read_depth","Read_depth",0.0879443236545314,0,0.430541454283732,0.83814683036964,1,0.0345640802938265,0.537760391196065,NA,"prevalence",80,79
"DTDPRHAMSYN.PWY..dTDP..beta..L.rhamnose.biosynthesis","Sex","Female","SexFemale",-0.309979237815853,0,0.897993402227093,0.729950786631743,1,0.0677115757046436,0.652710385570562,NA,"prevalence",80,79
"DTDPRHAMSYN.PWY..dTDP..beta..L.rhamnose.biosynthesis","Termness","preterm","Termnesspreterm",-0.320102738929477,0,1.70960644929684,0.851474285760383,1,0.255905804287732,0.880494562511276,NA,"prevalence",80,79
"ECASYN.PWY..enterobacterial.common.antigen.biosynthesis","acetate","acetate","acetate",0.261862147904289,0,0.35202463286185,0.456952403427723,1,0.0901093447793576,0.721132089838405,NA,"prevalence",80,74
"ECASYN.PWY..enterobacterial.common.antigen.biosynthesis","Antibiotics","Yes","AntibioticsYes",-0.114574653516923,0,1.36221380473051,0.932969644942705,1,0.64897981130438,0.983585363030474,NA,"prevalence",80,74
"ECASYN.PWY..enterobacterial.common.antigen.biosynthesis","Ethnicity","European","EthnicityEuropean",0.204636280504631,0,0.854916647513226,0.810823331572815,1,0.909973804638095,1,NA,"prevalence",80,74
"ECASYN.PWY..enterobacterial.common.antigen.biosynthesis","Feeding_method","Breastfed","Feeding_methodBreastfed",-0.632714674289325,0,0.805100761869232,0.431936273404296,1,0.677303602526201,0.983585363030474,NA,"prevalence",80,74
"ECASYN.PWY..enterobacterial.common.antigen.biosynthesis","Probiotics","Yes","ProbioticsYes",-0.642876853941739,0,1.91172577652802,0.736659055937318,1,0.930651547180175,1,NA,"prevalence",80,74
"ECASYN.PWY..enterobacterial.common.antigen.biosynthesis","Read_depth","Read_depth","Read_depth",-0.047548157478228,0,0.294232773161768,0.871620479018972,1,0.0313705764119498,0.523973180310386,NA,"prevalence",80,74
"ECASYN.PWY..enterobacterial.common.antigen.biosynthesis","Sex","Female","SexFemale",0.453442215166955,0,0.781210699683972,0.561621150590129,1,0.492218999947746,0.960765402119967,NA,"prevalence",80,74
"FAO.PWY..fatty.acid..beta..oxidation.I..generic.","acetate","acetate","acetate",0.232656217600463,0,0.369524137256961,0.528949556961534,1,0.240040397370085,0.880494562511276,NA,"prevalence",80,75
"FAO.PWY..fatty.acid..beta..oxidation.I..generic.","Antibiotics","Yes","AntibioticsYes",-0.0823837359259871,0,1.34794471373409,0.951265203941398,1,0.591362537018247,0.976974901602956,NA,"prevalence",80,75
"FAO.PWY..fatty.acid..beta..oxidation.I..generic.","Ethnicity","European","EthnicityEuropean",0.316329403647188,0,0.910062049046363,0.728147344850063,1,0.926096133887929,1,NA,"prevalence",80,75
"FAO.PWY..fatty.acid..beta..oxidation.I..generic.","Feeding_method","Breastfed","Feeding_methodBreastfed",-0.321693624505527,0,0.842052646283544,0.702435367021516,1,0.91145528920038,1,NA,"prevalence",80,75
"FAO.PWY..fatty.acid..beta..oxidation.I..generic.","Probiotics","Yes","ProbioticsYes",-0.534933244808372,0,1.9160052503635,0.780097519986543,1,0.951642899283931,1,NA,"prevalence",80,75
"FAO.PWY..fatty.acid..beta..oxidation.I..generic.","Read_depth","Read_depth","Read_depth",0.222552988089063,0,0.351957621211349,0.527171959457939,1,0.776433644077155,0.995409163122056,NA,"prevalence",80,75
"FAO.PWY..fatty.acid..beta..oxidation.I..generic.","Sex","Female","SexFemale",0.194292662536779,0,0.825720053147847,0.813975205201414,1,0.673143988120522,0.983585363030474,NA,"prevalence",80,75
"FASYN.INITIAL.PWY..superpathway.of.fatty.acid.biosynthesis.initiation..E..coli.","Ethnicity","European","EthnicityEuropean",-0.116238301924932,0,0.610332713076046,0.848955959582161,1,0.956909880819601,1,NA,"prevalence",80,38
"FASYN.INITIAL.PWY..superpathway.of.fatty.acid.biosynthesis.initiation..E..coli.","isobutyrate","isobutyrate","isobutyrate",0.0872796845297455,0,0.341485316555498,0.798268679029456,1,0.21799057433538,0.86756868522252,NA,"prevalence",80,38
"FASYN.INITIAL.PWY..superpathway.of.fatty.acid.biosynthesis.initiation..E..coli.","propionate","propionate","propionate",-0.189196350605035,0,0.283015763382065,0.503813776671548,1,0.0855474061066839,0.719944583143153,NA,"prevalence",80,38
"FASYN.INITIAL.PWY..superpathway.of.fatty.acid.biosynthesis.initiation..E..coli.","Read_depth","Read_depth","Read_depth",0.196914627974321,0,0.318545836950541,0.536465046325154,1,0.785135346721658,0.995409163122056,NA,"prevalence",80,38
"FOLSYN.PWY..superpathway.of.tetrahydrofolate.biosynthesis.and.salvage","acetate","acetate","acetate",-0.099899783907385,0,0.369225540396574,0.786725043877352,1,0.687514811293883,0.983585363030474,NA,"prevalence",80,77
"FOLSYN.PWY..superpathway.of.tetrahydrofolate.biosynthesis.and.salvage","Antibiotics","Yes","AntibioticsYes",0.0625854999730379,0,1.18002586570809,0.957702111361831,1,0.936563175942826,1,NA,"prevalence",80,77
"FOLSYN.PWY..superpathway.of.tetrahydrofolate.biosynthesis.and.salvage","butyrate","butyrate","butyrate",0.0709905717362411,0,0.534854566650656,0.894407914168456,1,0.689148301931205,0.983585363030474,NA,"prevalence",80,77
"FOLSYN.PWY..superpathway.of.tetrahydrofolate.biosynthesis.and.salvage","Delivery_mode","C-section","Delivery_modeC-section",-0.822091474560696,0,1.08912625634126,0.450358538119384,1,0.442426543695034,0.95137647878513,NA,"prevalence",80,77
"FOLSYN.PWY..superpathway.of.tetrahydrofolate.biosynthesis.and.salvage","Feeding_method","Breastfed","Feeding_methodBreastfed",0.363500557055845,0,0.900225266222284,0.686368296977181,1,0.820355027483384,1,NA,"prevalence",80,77
"FOLSYN.PWY..superpathway.of.tetrahydrofolate.biosynthesis.and.salvage","isobutyrate","isobutyrate","isobutyrate",0.0612803749042182,0,0.490563292039023,0.900588162089068,1,0.782930421550047,0.995409163122056,NA,"prevalence",80,77
"FOLSYN.PWY..superpathway.of.tetrahydrofolate.biosynthesis.and.salvage","Probiotics","Yes","ProbioticsYes",-0.646392571139181,0,1.76353632029159,0.713968106505453,1,0.918185755903924,1,NA,"prevalence",80,77
"FOLSYN.PWY..superpathway.of.tetrahydrofolate.biosynthesis.and.salvage","propionate","propionate","propionate",0.233075901294029,0,0.357044393521152,0.513890061136089,1,0.750767569906683,0.993657434340782,NA,"prevalence",80,77
"FOLSYN.PWY..superpathway.of.tetrahydrofolate.biosynthesis.and.salvage","Read_depth","Read_depth","Read_depth",-0.101976502305302,0,0.405100102806229,0.801248520041451,1,0.129156336222496,0.788011685336088,NA,"prevalence",80,77
"FOLSYN.PWY..superpathway.of.tetrahydrofolate.biosynthesis.and.salvage","Sex","Female","SexFemale",-0.663950957335729,0,0.864145800083828,0.442289908569216,1,0.688959453916266,0.983585363030474,NA,"prevalence",80,77
"FOLSYN.PWY..superpathway.of.tetrahydrofolate.biosynthesis.and.salvage","Termness","preterm","Termnesspreterm",0.143702518657498,0,1.65378979709502,0.93075667814595,1,0.0944950548416685,0.740937377550253,NA,"prevalence",80,77
"FUC.RHAMCAT.PWY..superpathway.of.fucose.and.rhamnose.degradation","acetate","acetate","acetate",-0.135352644232074,0,0.522945701479263,0.795768463171073,1,0.430917592990306,0.950836526424438,NA,"prevalence",80,74
"FUC.RHAMCAT.PWY..superpathway.of.fucose.and.rhamnose.degradation","Antibiotics","Yes","AntibioticsYes",-0.681872286524578,0,1.30065325894148,0.600102093656682,1,0.840081664502231,1,NA,"prevalence",80,74
"FUC.RHAMCAT.PWY..superpathway.of.fucose.and.rhamnose.degradation","butyrate","butyrate","butyrate",-0.0345289627748194,0,0.446003173325287,0.938290506180409,1,0.99619193837253,1,NA,"prevalence",80,74
"FUC.RHAMCAT.PWY..superpathway.of.fucose.and.rhamnose.degradation","Delivery_mode","C-section","Delivery_modeC-section",0.0601512794258722,0,0.853945993634139,0.943844085299986,1,0.744032797487879,0.99234705074943,NA,"prevalence",80,74
"FUC.RHAMCAT.PWY..superpathway.of.fucose.and.rhamnose.degradation","Ethnicity","European","EthnicityEuropean",0.158935230723531,0,0.822577469957203,0.846789711265932,1,0.541476112848683,0.967219610406066,NA,"prevalence",80,74
"FUC.RHAMCAT.PWY..superpathway.of.fucose.and.rhamnose.degradation","isobutyrate","isobutyrate","isobutyrate",0.251694994881236,0,0.432526146846127,0.560621534610796,1,0.806946564152228,0.998240414403798,NA,"prevalence",80,74
"FUC.RHAMCAT.PWY..superpathway.of.fucose.and.rhamnose.degradation","Probiotics","Yes","ProbioticsYes",-0.46375388222971,0,1.91729856984726,0.808874075611428,1,0.751299176394267,0.993657434340782,NA,"prevalence",80,74
"FUC.RHAMCAT.PWY..superpathway.of.fucose.and.rhamnose.degradation","Sex","Female","SexFemale",0.146118842952457,0,0.791750094845806,0.853580656052286,1,0.133743822505616,0.790110948424048,NA,"prevalence",80,74
"FUC.RHAMCAT.PWY..superpathway.of.fucose.and.rhamnose.degradation","Termness","preterm","Termnesspreterm",0.942373734380104,0,1.64300822598384,0.566261492796506,1,0.387725301018061,0.937313481206142,NA,"prevalence",80,74
"FUCCAT.PWY..fucose.degradation","acetate","acetate","acetate",-0.135352644232074,0,0.522945701479263,0.795768463171073,1,0.683461543519496,0.983585363030474,NA,"prevalence",80,74
"FUCCAT.PWY..fucose.degradation","Antibiotics","Yes","AntibioticsYes",-0.681872286524578,0,1.30065325894148,0.600102093656682,1,0.840081664502231,1,NA,"prevalence",80,74
"FUCCAT.PWY..fucose.degradation","butyrate","butyrate","butyrate",-0.0345289627748194,0,0.446003173325287,0.938290506180409,1,0.99619193837253,1,NA,"prevalence",80,74
"FUCCAT.PWY..fucose.degradation","Delivery_mode","C-section","Delivery_modeC-section",0.0601512794258722,0,0.853945993634139,0.943844085299986,1,0.850348049637027,1,NA,"prevalence",80,74
"FUCCAT.PWY..fucose.degradation","Ethnicity","European","EthnicityEuropean",0.158935230723531,0,0.822577469957203,0.846789711265932,1,0.617035970051268,0.979149576884277,NA,"prevalence",80,74
"FUCCAT.PWY..fucose.degradation","isobutyrate","isobutyrate","isobutyrate",0.251694994881236,0,0.432526146846127,0.560621534610796,1,0.804307221800673,0.998092298938251,NA,"prevalence",80,74
"FUCCAT.PWY..fucose.degradation","Probiotics","Yes","ProbioticsYes",-0.46375388222971,0,1.91729856984726,0.808874075611428,1,0.877953470493161,1,NA,"prevalence",80,74
"FUCCAT.PWY..fucose.degradation","Sex","Female","SexFemale",0.146118842952457,0,0.791750094845806,0.853580656052286,1,0.23572586290798,0.876913946711319,NA,"prevalence",80,74
"FUCCAT.PWY..fucose.degradation","Termness","preterm","Termnesspreterm",0.942373734380104,0,1.64300822598384,0.566261492796506,1,0.544219065103729,0.967219610406066,NA,"prevalence",80,74
"GALACT.GLUCUROCAT.PWY..superpathway.of.hexuronide.and.hexuronate.degradation","acetate","acetate","acetate",0.0821888078142253,0,0.254982137688908,0.747201474226796,1,0.936092905366895,1,NA,"prevalence",80,47
"GALACT.GLUCUROCAT.PWY..superpathway.of.hexuronide.and.hexuronate.degradation","Antibiotics","Yes","AntibioticsYes",-0.0758007468147371,0,0.763134932911233,0.920877764117957,1,0.440898096520925,0.95137647878513,NA,"prevalence",80,47
"GALACT.GLUCUROCAT.PWY..superpathway.of.hexuronide.and.hexuronate.degradation","isobutyrate","isobutyrate","isobutyrate",0.243773571738379,0,0.303496007497714,0.421848523320394,1,0.665740870013191,0.983585363030474,NA,"prevalence",80,47
"GALACT.GLUCUROCAT.PWY..superpathway.of.hexuronide.and.hexuronate.degradation","Probiotics","Yes","ProbioticsYes",-0.0455737805584564,0,0.977918685530658,0.962829774592291,1,0.99861837434314,1,NA,"prevalence",80,47
"GALACT.GLUCUROCAT.PWY..superpathway.of.hexuronide.and.hexuronate.degradation","propionate","propionate","propionate",-0.0971529854735158,0,0.261520680840911,0.710270701362492,1,0.537635697224575,0.966661071390955,NA,"prevalence",80,47
"GALACT.GLUCUROCAT.PWY..superpathway.of.hexuronide.and.hexuronate.degradation","Termness","preterm","Termnesspreterm",0.476908356105836,0,0.881293043508858,0.588406836317362,1,0.695398469233448,0.986210712434055,NA,"prevalence",80,47
"GALACTARDEG.PWY..D.galactarate.degradation.I","acetate","acetate","acetate",0.0863634101720219,0,0.382923611871938,0.821561610868165,1,0.705912646839399,0.986317799722192,NA,"prevalence",80,78
"GALACTARDEG.PWY..D.galactarate.degradation.I","Antibiotics","Yes","AntibioticsYes",-0.245498435841926,0,1.36101622167286,0.856855217835019,1,0.923575408567494,1,NA,"prevalence",80,78
"GALACTARDEG.PWY..D.galactarate.degradation.I","butyrate","butyrate","butyrate",-0.0148367836130292,0,0.502430770520652,0.976441888131676,1,0.329244315822361,0.911723569545708,NA,"prevalence",80,78
"GALACTARDEG.PWY..D.galactarate.degradation.I","Delivery_mode","C-section","Delivery_modeC-section",-0.827988718943593,0,1.05248171606747,0.431456751421515,1,0.464051424880761,0.95160573712957,NA,"prevalence",80,78
"GALACTARDEG.PWY..D.galactarate.degradation.I","Ethnicity","European","EthnicityEuropean",0.227622658656806,0,0.912684179459224,0.803052042513864,1,0.961211502042039,1,NA,"prevalence",80,78
"GALACTARDEG.PWY..D.galactarate.degradation.I","Feeding_method","Breastfed","Feeding_methodBreastfed",-0.575951003491573,0,0.892049860773655,0.518506766699744,1,0.768164266286066,0.995084293998679,NA,"prevalence",80,78
"GALACTARDEG.PWY..D.galactarate.degradation.I","isobutyrate","isobutyrate","isobutyrate",0.308362222824261,0,0.502398585774032,0.539360690366727,1,0.510347720684146,0.964395491483136,NA,"prevalence",80,78
"GALACTARDEG.PWY..D.galactarate.degradation.I","Probiotics","Yes","ProbioticsYes",-0.3248542802632,0,1.90588600690021,0.864657899218818,1,0.981682515756136,1,NA,"prevalence",80,78
"GALACTARDEG.PWY..D.galactarate.degradation.I","propionate","propionate","propionate",0.288400210664389,0,0.367498067280928,0.432590423235281,1,0.0999458288784748,0.746358414346301,NA,"prevalence",80,78
"GALACTARDEG.PWY..D.galactarate.degradation.I","Read_depth","Read_depth","Read_depth",-0.154326513294876,0,0.420820717680789,0.713822320742008,1,0.14728682668263,0.800902568025061,NA,"prevalence",80,78
"GALACTARDEG.PWY..D.galactarate.degradation.I","Sex","Female","SexFemale",-0.0857504633952309,0,0.846138163884727,0.919277916898154,1,0.227422323429505,0.874237645482712,NA,"prevalence",80,78
"GALACTARDEG.PWY..D.galactarate.degradation.I","Termness","preterm","Termnesspreterm",0.724044404909205,0,1.64739471870731,0.660292938300609,1,0.531912643677116,0.966661071390955,NA,"prevalence",80,78
"GALACTITOLCAT.PWY..galactitol.degradation","acetate","acetate","acetate",0.0347309016523303,0,0.229929861978808,0.879936287771961,1,0.985584705006023,1,NA,"prevalence",80,43
"GALACTITOLCAT.PWY..galactitol.degradation","Ethnicity","European","EthnicityEuropean",0.315986453889566,0,0.541587090643208,0.55959355602898,1,0.806042164108801,0.998092298938251,NA,"prevalence",80,43
"GALACTITOLCAT.PWY..galactitol.degradation","isobutyrate","isobutyrate","isobutyrate",0.233806715284278,0,0.30108643140127,0.437428138945873,1,0.683512901150096,0.983585363030474,NA,"prevalence",80,43
"GALACTITOLCAT.PWY..galactitol.degradation","Probiotics","Yes","ProbioticsYes",0.469086495815224,0,0.9714465596489,0.62918505048225,1,0.853350147922352,1,NA,"prevalence",80,43
"GALACTITOLCAT.PWY..galactitol.degradation","propionate","propionate","propionate",-0.10592432373468,0,0.256930019239944,0.680142149005765,1,0.89769095515735,1,NA,"prevalence",80,43
"GALACTITOLCAT.PWY..galactitol.degradation","Read_depth","Read_depth","Read_depth",-0.184550188875699,0,0.242111824520629,0.445909698780461,1,0.237513722129693,0.879741577988289,NA,"prevalence",80,43
"GALACTITOLCAT.PWY..galactitol.degradation","Sex","Female","SexFemale",-0.363321013753555,0,0.495073532042387,0.463026248031645,1,0.711659189697028,0.986434261270435,NA,"prevalence",80,43
"GALACTITOLCAT.PWY..galactitol.degradation","Termness","preterm","Termnesspreterm",-0.565682748627441,0,0.870871029572237,0.515976654017689,1,0.373359870268551,0.937313481206142,NA,"prevalence",80,43
"GALACTUROCAT.PWY..D.galacturonate.degradation.I","acetate","acetate","acetate",0.184659270712328,0,0.340970707739588,0.588115239056602,1,0.8303509437026,1,NA,"prevalence",80,74
"GALACTUROCAT.PWY..D.galacturonate.degradation.I","Antibiotics","Yes","AntibioticsYes",-0.842904955925868,0,1.35752273773649,0.534656169100926,1,0.783455119044174,0.995409163122056,NA,"prevalence",80,74
"GALACTUROCAT.PWY..D.galacturonate.degradation.I","butyrate","butyrate","butyrate",-0.115187824165906,0,0.459191317582629,0.801930617936899,1,0.433365322186436,0.95137647878513,NA,"prevalence",80,74
"GALACTUROCAT.PWY..D.galacturonate.degradation.I","Ethnicity","European","EthnicityEuropean",0.122953135070081,0,0.820540157542306,0.880887582997631,1,0.583124409568982,0.976974901602956,NA,"prevalence",80,74
"GALACTUROCAT.PWY..D.galacturonate.degradation.I","Feeding_method","Breastfed","Feeding_methodBreastfed",-0.527429687394439,0,0.828504684941834,0.52438259026093,1,0.773788079553098,0.995084293998679,NA,"prevalence",80,74
"GALACTUROCAT.PWY..D.galacturonate.degradation.I","isobutyrate","isobutyrate","isobutyrate",0.202178793596818,0,0.409873901526032,0.62182131577943,1,0.856980882801199,1,NA,"prevalence",80,74
"GALACTUROCAT.PWY..D.galacturonate.degradation.I","propionate","propionate","propionate",0.110674340351655,0,0.385102633603346,0.773814324634829,1,0.470107812271315,0.955324157446281,NA,"prevalence",80,74
"GALACTUROCAT.PWY..D.galacturonate.degradation.I","Termness","preterm","Termnesspreterm",0.161310161183568,0,1.13439001826165,0.886922101009843,1,0.987213388759972,1,NA,"prevalence",80,74
"GLUCARDEG.PWY..D.glucarate.degradation.I","acetate","acetate","acetate",0.196260578081244,0,0.379062761770401,0.604631174089465,1,0.46958303036482,0.955324157446281,NA,"prevalence",80,76
"GLUCARDEG.PWY..D.glucarate.degradation.I","Antibiotics","Yes","AntibioticsYes",-0.0190680562711487,0,1.34810387110078,0.988714815861967,1,0.912338703217229,1,NA,"prevalence",80,76
"GLUCARDEG.PWY..D.glucarate.degradation.I","Ethnicity","European","EthnicityEuropean",0.391813823155999,0,0.93025430808886,0.67361633721134,1,0.652488785311028,0.983585363030474,NA,"prevalence",80,76
"GLUCARDEG.PWY..D.glucarate.degradation.I","Feeding_method","Breastfed","Feeding_methodBreastfed",-0.1893884422359,0,0.846144613533813,0.822893362107002,1,0.896150872897206,1,NA,"prevalence",80,76
"GLUCARDEG.PWY..D.glucarate.degradation.I","Probiotics","Yes","ProbioticsYes",-0.47310230375581,0,1.91536721729132,0.804905556876119,1,0.961938158262183,1,NA,"prevalence",80,76
"GLUCARDEG.PWY..D.glucarate.degradation.I","Sex","Female","SexFemale",0.387058600739982,0,0.845977854445907,0.64729154331732,1,0.559653952559042,0.973324054524057,NA,"prevalence",80,76
"GLUCARDEG.PWY..D.glucarate.degradation.I","Termness","preterm","Termnesspreterm",1.28032765857273,0,1.62078063682152,0.429559853976567,1,0.617288380084517,0.979149576884277,NA,"prevalence",80,76
"GLUCARGALACTSUPER.PWY..superpathway.of.D.glucarate.and.D.galactarate.degradation","acetate","acetate","acetate",0.0863634101720219,0,0.382923611871938,0.821561610868165,1,0.706440626552877,0.986317799722192,NA,"prevalence",80,78
"GLUCARGALACTSUPER.PWY..superpathway.of.D.glucarate.and.D.galactarate.degradation","Antibiotics","Yes","AntibioticsYes",-0.245498435841926,0,1.36101622167286,0.856855217835019,1,0.923685026118005,1,NA,"prevalence",80,78
"GLUCARGALACTSUPER.PWY..superpathway.of.D.glucarate.and.D.galactarate.degradation","butyrate","butyrate","butyrate",-0.0148367836130292,0,0.502430770520652,0.976441888131676,1,0.32960322881184,0.911723569545708,NA,"prevalence",80,78
"GLUCARGALACTSUPER.PWY..superpathway.of.D.glucarate.and.D.galactarate.degradation","Delivery_mode","C-section","Delivery_modeC-section",-0.827988718943593,0,1.05248171606747,0.431456751421515,1,0.463890559231717,0.95160573712957,NA,"prevalence",80,78
"GLUCARGALACTSUPER.PWY..superpathway.of.D.glucarate.and.D.galactarate.degradation","Ethnicity","European","EthnicityEuropean",0.227622658656806,0,0.912684179459224,0.803052042513864,1,0.961211502042039,1,NA,"prevalence",80,78
"GLUCARGALACTSUPER.PWY..superpathway.of.D.glucarate.and.D.galactarate.degradation","Feeding_method","Breastfed","Feeding_methodBreastfed",-0.575951003491573,0,0.892049860773655,0.518506766699744,1,0.768164266286066,0.995084293998679,NA,"prevalence",80,78
"GLUCARGALACTSUPER.PWY..superpathway.of.D.glucarate.and.D.galactarate.degradation","isobutyrate","isobutyrate","isobutyrate",0.308362222824261,0,0.502398585774032,0.539360690366727,1,0.509929300170878,0.964395491483136,NA,"prevalence",80,78
"GLUCARGALACTSUPER.PWY..superpathway.of.D.glucarate.and.D.galactarate.degradation","Probiotics","Yes","ProbioticsYes",-0.3248542802632,0,1.90588600690021,0.864657899218818,1,0.981682515756136,1,NA,"prevalence",80,78
"GLUCARGALACTSUPER.PWY..superpathway.of.D.glucarate.and.D.galactarate.degradation","propionate","propionate","propionate",0.288400210664389,0,0.367498067280928,0.432590423235281,1,0.0997965629787902,0.746358414346301,NA,"prevalence",80,78
"GLUCARGALACTSUPER.PWY..superpathway.of.D.glucarate.and.D.galactarate.degradation","Read_depth","Read_depth","Read_depth",-0.154326513294876,0,0.420820717680789,0.713822320742008,1,0.147128550740594,0.800902568025061,NA,"prevalence",80,78
"GLUCARGALACTSUPER.PWY..superpathway.of.D.glucarate.and.D.galactarate.degradation","Sex","Female","SexFemale",-0.0857504633952309,0,0.846138163884727,0.919277916898154,1,0.226973162303608,0.874237645482712,NA,"prevalence",80,78
"GLUCARGALACTSUPER.PWY..superpathway.of.D.glucarate.and.D.galactarate.degradation","Termness","preterm","Termnesspreterm",0.724044404909205,0,1.64739471870731,0.660292938300609,1,0.532386885697179,0.966661071390955,NA,"prevalence",80,78
"GLUCOSE1PMETAB.PWY..glucose.and.glucose.1.phosphate.degradation","acetate","acetate","acetate",0.0173020046645147,0,0.421984057704675,0.967294652202774,1,0.782990209383635,0.995409163122056,NA,"prevalence",80,79
"GLUCOSE1PMETAB.PWY..glucose.and.glucose.1.phosphate.degradation","Antibiotics","Yes","AntibioticsYes",-0.350608252070568,0,1.38484920679941,0.800133512193415,1,0.836096262442096,1,NA,"prevalence",80,79
"GLUCOSE1PMETAB.PWY..glucose.and.glucose.1.phosphate.degradation","butyrate","butyrate","butyrate",7.49968573042167e-05,0,0.533991725558465,0.999887940521377,1,0.997102882253615,1,NA,"prevalence",80,79
"GLUCOSE1PMETAB.PWY..glucose.and.glucose.1.phosphate.degradation","Delivery_mode","C-section","Delivery_modeC-section",-0.195166635007198,0,1.09477300105867,0.858509896308193,1,0.839730377294205,1,NA,"prevalence",80,79
"GLUCOSE1PMETAB.PWY..glucose.and.glucose.1.phosphate.degradation","Ethnicity","European","EthnicityEuropean",0.346214913654815,0,0.961020121239448,0.718654417211862,1,0.519375439098497,0.964605264080454,NA,"prevalence",80,79
"GLUCOSE1PMETAB.PWY..glucose.and.glucose.1.phosphate.degradation","Feeding_method","Breastfed","Feeding_methodBreastfed",-0.489768667729357,0,0.925965527481847,0.596855717175472,1,0.71716804882688,0.986891662674378,NA,"prevalence",80,79
"GLUCOSE1PMETAB.PWY..glucose.and.glucose.1.phosphate.degradation","isobutyrate","isobutyrate","isobutyrate",-0.0138627021503428,0,0.566641157481844,0.980481945915373,1,0.285577312603679,0.896896379205136,NA,"prevalence",80,79
"GLUCOSE1PMETAB.PWY..glucose.and.glucose.1.phosphate.degradation","Probiotics","Yes","ProbioticsYes",-0.266432056536548,0,1.91439151623378,0.889313259607628,1,0.798852286862381,0.998092298938251,NA,"prevalence",80,79
"GLUCOSE1PMETAB.PWY..glucose.and.glucose.1.phosphate.degradation","propionate","propionate","propionate",0.0924707740956757,0,0.435566757067271,0.831873082168455,1,0.402010417760152,0.939910940436325,NA,"prevalence",80,79
"GLUCOSE1PMETAB.PWY..glucose.and.glucose.1.phosphate.degradation","Read_depth","Read_depth","Read_depth",0.0137934904753225,0,0.444703058640868,0.975255738790796,1,0.571157455227444,0.976334431269276,NA,"prevalence",80,79
"GLUCOSE1PMETAB.PWY..glucose.and.glucose.1.phosphate.degradation","Sex","Female","SexFemale",0.251724743003418,0,0.893521347747663,0.778156579325616,1,0.950785496703488,1,NA,"prevalence",80,79
"GLUCOSE1PMETAB.PWY..glucose.and.glucose.1.phosphate.degradation","Termness","preterm","Termnesspreterm",0.345047909380246,0,1.69676536724604,0.838856561801967,1,0.706725299161457,0.986317799722192,NA,"prevalence",80,79
"GLUCUROCAT.PWY..superpathway.of..beta..D.glucuronosides.degradation","acetate","acetate","acetate",-0.0560366377872594,0,0.312989938175866,0.857909004914144,1,0.979810149115511,1,NA,"prevalence",80,66
"GLUCUROCAT.PWY..superpathway.of..beta..D.glucuronosides.degradation","butyrate","butyrate","butyrate",-0.22446004278189,0,0.363430250998611,0.536829030514453,1,0.785472653025818,0.995409163122056,NA,"prevalence",80,66
"GLUCUROCAT.PWY..superpathway.of..beta..D.glucuronosides.degradation","Ethnicity","European","EthnicityEuropean",0.108143273527907,0,0.669548515677087,0.871686451361112,1,0.954012948632857,1,NA,"prevalence",80,66
"GLUCUROCAT.PWY..superpathway.of..beta..D.glucuronosides.degradation","Feeding_method","Breastfed","Feeding_methodBreastfed",0.501349832165494,0,0.658208748245131,0.446246123738514,1,0.0566163769782175,0.641105886737327,NA,"prevalence",80,66
"GLUCUROCAT.PWY..superpathway.of..beta..D.glucuronosides.degradation","isobutyrate","isobutyrate","isobutyrate",0.0742579004118816,0,0.354288723490975,0.833982118106954,1,0.751973366549991,0.993657434340782,NA,"prevalence",80,66
"GLUCUROCAT.PWY..superpathway.of..beta..D.glucuronosides.degradation","propionate","propionate","propionate",0.132976458873798,0,0.289245896437613,0.645706452198659,1,0.874476081986339,1,NA,"prevalence",80,66
"GLUCUROCAT.PWY..superpathway.of..beta..D.glucuronosides.degradation","Read_depth","Read_depth","Read_depth",0.0962028184654862,0,0.267708940045937,0.719328773351087,1,0.0472755040309286,0.614184100290459,NA,"prevalence",80,66
"GLUCUROCAT.PWY..superpathway.of..beta..D.glucuronosides.degradation","Termness","preterm","Termnesspreterm",0.427188924368489,0,1.06219140660867,0.687553787861687,1,0.149802416921585,0.802911288366774,NA,"prevalence",80,66
"GLUDEG.I.PWY..GABA.shunt","Ethnicity","European","EthnicityEuropean",-0.419758465728498,0,0.629451359446479,0.504858993331584,1,0.309070969302946,0.90799190770971,NA,"prevalence",80,55
"GLUDEG.I.PWY..GABA.shunt","Feeding_method","Breastfed","Feeding_methodBreastfed",0.205928476587593,0,0.597166868271478,0.730212829542284,1,0.131162879418984,0.788011685336088,NA,"prevalence",80,55
"GLUDEG.I.PWY..GABA.shunt","isobutyrate","isobutyrate","isobutyrate",0.121243735823864,0,0.353802765894888,0.731833672793719,1,0.408928172474149,0.940248832933569,NA,"prevalence",80,55
"GLUDEG.I.PWY..GABA.shunt","Probiotics","Yes","ProbioticsYes",-0.943021240460447,0,1.25908472620243,0.453873107810333,1,0.701745417627256,0.986317799722192,NA,"prevalence",80,55
"GLUDEG.I.PWY..GABA.shunt","Sex","Female","SexFemale",0.386153652855195,0,0.566539930754047,0.49549187470893,1,0.74547155151529,0.99234705074943,NA,"prevalence",80,55
"GLYCOCAT.PWY..glycogen.degradation.I","Antibiotics","Yes","AntibioticsYes",0.361262083204222,0,1.43381811611672,0.801073453235956,1,0.533028474128898,0.966661071390955,NA,"prevalence",80,78
"GLYCOCAT.PWY..glycogen.degradation.I","butyrate","butyrate","butyrate",-0.325875784110268,0,0.508727705785748,0.521801996857266,1,0.73729464678857,0.99059138833419,NA,"prevalence",80,78
"GLYCOCAT.PWY..glycogen.degradation.I","Ethnicity","European","EthnicityEuropean",0.28023528072195,0,0.978028554067133,0.774471625133445,1,0.877524773980782,1,NA,"prevalence",80,78
"GLYCOCAT.PWY..glycogen.degradation.I","Feeding_method","Breastfed","Feeding_methodBreastfed",0.202191973311965,0,0.913558045306672,0.824840460175528,1,0.918276476214292,1,NA,"prevalence",80,78
"GLYCOCAT.PWY..glycogen.degradation.I","Probiotics","Yes","ProbioticsYes",-0.147778712497164,0,1.93061107461461,0.938985477965484,1,0.820553730713159,1,NA,"prevalence",80,78
"GLYCOCAT.PWY..glycogen.degradation.I","Read_depth","Read_depth","Read_depth",-0.210494392890959,0,0.403187520618059,0.601617649272587,1,0.0604799759143465,0.651922639437466,NA,"prevalence",80,78
"GLYCOCAT.PWY..glycogen.degradation.I","Sex","Female","SexFemale",0.0729048678761636,0,0.864554631888087,0.932796841909818,1,0.383503358531004,0.937313481206142,NA,"prevalence",80,78
"GLYCOCAT.PWY..glycogen.degradation.I","Termness","preterm","Termnesspreterm",0.772233961938483,0,1.63407491748733,0.636511614985892,1,0.595265871307858,0.976974901602956,NA,"prevalence",80,78
"GLYCOL.GLYOXDEG.PWY..superpathway.of.glycol.metabolism.and.degradation","acetate","acetate","acetate",-0.135217965921281,0,0.501611796165777,0.787493423351169,1,0.612337788943414,0.979149576884277,NA,"prevalence",80,67
"GLYCOL.GLYOXDEG.PWY..superpathway.of.glycol.metabolism.and.degradation","Antibiotics","Yes","AntibioticsYes",-0.752019565569211,0,1.25414196507362,0.548753689373935,1,0.796376767146365,0.998092298938251,NA,"prevalence",80,67
"GLYCOL.GLYOXDEG.PWY..superpathway.of.glycol.metabolism.and.degradation","Delivery_mode","C-section","Delivery_modeC-section",-0.312050491460321,0,0.751829278574167,0.678101650229511,1,0.896381452415036,1,NA,"prevalence",80,67
"GLYCOL.GLYOXDEG.PWY..superpathway.of.glycol.metabolism.and.degradation","Feeding_method","Breastfed","Feeding_methodBreastfed",-0.262561758932215,0,0.671322267334601,0.695714930703945,1,0.205927498170876,0.858073914712386,NA,"prevalence",80,67
"GLYCOL.GLYOXDEG.PWY..superpathway.of.glycol.metabolism.and.degradation","Read_depth","Read_depth","Read_depth",-0.00349869271157899,0,0.279135612350188,0.989999556907864,1,0.914617700496737,1,NA,"prevalence",80,67
"GLYCOL.GLYOXDEG.PWY..superpathway.of.glycol.metabolism.and.degradation","Sex","Female","SexFemale",0.265969313835288,0,0.645665021960608,0.680390139368193,1,0.897849536986917,1,NA,"prevalence",80,67
"GLYCOLYSIS.E.D..superpathway.of.glycolysis.and.the.Entner.Doudoroff.pathway","acetate","acetate","acetate",0.0863634101720219,0,0.382923611871938,0.821561610868165,1,0.773890534333742,0.995084293998679,NA,"prevalence",80,78
"GLYCOLYSIS.E.D..superpathway.of.glycolysis.and.the.Entner.Doudoroff.pathway","Antibiotics","Yes","AntibioticsYes",-0.245498435841926,0,1.36101622167286,0.856855217835019,1,0.575337734924059,0.976786818810829,NA,"prevalence",80,78
"GLYCOLYSIS.E.D..superpathway.of.glycolysis.and.the.Entner.Doudoroff.pathway","butyrate","butyrate","butyrate",-0.0148367836130292,0,0.502430770520652,0.976441888131676,1,0.786795816247747,0.995409163122056,NA,"prevalence",80,78
"GLYCOLYSIS.E.D..superpathway.of.glycolysis.and.the.Entner.Doudoroff.pathway","Delivery_mode","C-section","Delivery_modeC-section",-0.827988718943593,0,1.05248171606747,0.431456751421515,1,0.426139462127545,0.948577380465311,NA,"prevalence",80,78
"GLYCOLYSIS.E.D..superpathway.of.glycolysis.and.the.Entner.Doudoroff.pathway","Ethnicity","European","EthnicityEuropean",0.227622658656806,0,0.912684179459224,0.803052042513864,1,0.248178953308531,0.880494562511276,NA,"prevalence",80,78
"GLYCOLYSIS.E.D..superpathway.of.glycolysis.and.the.Entner.Doudoroff.pathway","Feeding_method","Breastfed","Feeding_methodBreastfed",-0.575951003491573,0,0.892049860773655,0.518506766699744,1,0.454571345526288,0.95160573712957,NA,"prevalence",80,78
"GLYCOLYSIS.E.D..superpathway.of.glycolysis.and.the.Entner.Doudoroff.pathway","isobutyrate","isobutyrate","isobutyrate",0.308362222824261,0,0.502398585774032,0.539360690366727,1,0.787811426420582,0.995409163122056,NA,"prevalence",80,78
"GLYCOLYSIS.E.D..superpathway.of.glycolysis.and.the.Entner.Doudoroff.pathway","Probiotics","Yes","ProbioticsYes",-0.3248542802632,0,1.90588600690021,0.864657899218818,1,0.981682515756136,1,NA,"prevalence",80,78
"GLYCOLYSIS.E.D..superpathway.of.glycolysis.and.the.Entner.Doudoroff.pathway","propionate","propionate","propionate",0.288400210664389,0,0.367498067280928,0.432590423235281,1,0.678046372195682,0.983585363030474,NA,"prevalence",80,78
"GLYCOLYSIS.E.D..superpathway.of.glycolysis.and.the.Entner.Doudoroff.pathway","Read_depth","Read_depth","Read_depth",-0.154326513294876,0,0.420820717680789,0.713822320742008,1,0.309199946762349,0.90799190770971,NA,"prevalence",80,78
"GLYCOLYSIS.E.D..superpathway.of.glycolysis.and.the.Entner.Doudoroff.pathway","Sex","Female","SexFemale",-0.0857504633952309,0,0.846138163884727,0.919277916898154,1,0.366542944143489,0.935709006478099,NA,"prevalence",80,78
"GLYCOLYSIS.E.D..superpathway.of.glycolysis.and.the.Entner.Doudoroff.pathway","Termness","preterm","Termnesspreterm",0.724044404909205,0,1.64739471870731,0.660292938300609,1,0.825699096715041,1,NA,"prevalence",80,78
"GLYCOLYSIS.TCA.GLYOX.BYPASS..superpathway.of.glycolysis..pyruvate.dehydrogenase..TCA..and.glyoxylate.bypass","acetate","acetate","acetate",-0.124234937995799,0,0.436765745162225,0.776070946585328,1,0.376478781512436,0.937313481206142,NA,"prevalence",80,70
"GLYCOLYSIS.TCA.GLYOX.BYPASS..superpathway.of.glycolysis..pyruvate.dehydrogenase..TCA..and.glyoxylate.bypass","Antibiotics","Yes","AntibioticsYes",-0.956954882740532,0,1.2698038677824,0.451074928337039,1,0.698681265699814,0.986317799722192,NA,"prevalence",80,70
"GLYCOLYSIS.TCA.GLYOX.BYPASS..superpathway.of.glycolysis..pyruvate.dehydrogenase..TCA..and.glyoxylate.bypass","Ethnicity","European","EthnicityEuropean",0.00881245038411745,0,0.756596994683902,0.990706863529263,1,0.984442491271608,1,NA,"prevalence",80,70
"GLYCOLYSIS.TCA.GLYOX.BYPASS..superpathway.of.glycolysis..pyruvate.dehydrogenase..TCA..and.glyoxylate.bypass","Feeding_method","Breastfed","Feeding_methodBreastfed",-0.0329633943503747,0,0.697121906905172,0.962286100145246,1,0.914167382215587,1,NA,"prevalence",80,70
"GLYCOLYSIS.TCA.GLYOX.BYPASS..superpathway.of.glycolysis..pyruvate.dehydrogenase..TCA..and.glyoxylate.bypass","Probiotics","Yes","ProbioticsYes",-0.355939668242397,0,1.90697809849607,0.851934154117863,1,0.881328505650554,1,NA,"prevalence",80,70
"GLYCOLYSIS.TCA.GLYOX.BYPASS..superpathway.of.glycolysis..pyruvate.dehydrogenase..TCA..and.glyoxylate.bypass","Read_depth","Read_depth","Read_depth",-0.0689991026805173,0,0.279119676755804,0.804751452983672,1,0.504918531338826,0.964062047389755,NA,"prevalence",80,70
"GLYCOLYSIS.TCA.GLYOX.BYPASS..superpathway.of.glycolysis..pyruvate.dehydrogenase..TCA..and.glyoxylate.bypass","Sex","Female","SexFemale",0.563185611486158,0,0.678227716125387,0.406324902626326,1,0.0890226021548645,0.721132089838405,NA,"prevalence",80,70
"GLYOXYLATE.BYPASS..glyoxylate.cycle","acetate","acetate","acetate",0.196260578081244,0,0.379062761770401,0.604631174089465,1,0.701221742234641,0.986317799722192,NA,"prevalence",80,76
"GLYOXYLATE.BYPASS..glyoxylate.cycle","Antibiotics","Yes","AntibioticsYes",-0.0190680562711487,0,1.34810387110078,0.988714815861967,1,0.729334407123194,0.98865816797718,NA,"prevalence",80,76
"GLYOXYLATE.BYPASS..glyoxylate.cycle","Ethnicity","European","EthnicityEuropean",0.391813823155999,0,0.93025430808886,0.67361633721134,1,0.587987871520711,0.976974901602956,NA,"prevalence",80,76
"GLYOXYLATE.BYPASS..glyoxylate.cycle","Feeding_method","Breastfed","Feeding_methodBreastfed",-0.1893884422359,0,0.846144613533813,0.822893362107002,1,0.921004689111004,1,NA,"prevalence",80,76
"GLYOXYLATE.BYPASS..glyoxylate.cycle","Probiotics","Yes","ProbioticsYes",-0.47310230375581,0,1.91536721729132,0.804905556876119,1,0.961938158262183,1,NA,"prevalence",80,76
"GLYOXYLATE.BYPASS..glyoxylate.cycle","Sex","Female","SexFemale",0.387058600739982,0,0.845977854445907,0.64729154331732,1,0.872665358608554,1,NA,"prevalence",80,76
"GLYOXYLATE.BYPASS..glyoxylate.cycle","Termness","preterm","Termnesspreterm",1.28032765857273,0,1.62078063682152,0.429559853976567,1,0.284987337227863,0.896827679176477,NA,"prevalence",80,76
"GOLPDLCAT.PWY..superpathway.of.glycerol.degradation.to.1.3.propanediol","acetate","acetate","acetate",-0.350900594414108,0,0.496730371624445,0.479926579772576,1,0.0551354500331747,0.641105886737327,NA,"prevalence",80,68
"GOLPDLCAT.PWY..superpathway.of.glycerol.degradation.to.1.3.propanediol","butyrate","butyrate","butyrate",0.163670051626909,0,0.395970274766991,0.679358085646036,1,0.467350756706189,0.954423737035342,NA,"prevalence",80,68
"GOLPDLCAT.PWY..superpathway.of.glycerol.degradation.to.1.3.propanediol","Ethnicity","European","EthnicityEuropean",-0.289293764503486,0,0.732401603366949,0.692847794059548,1,0.687072245740082,0.983585363030474,NA,"prevalence",80,68
"GOLPDLCAT.PWY..superpathway.of.glycerol.degradation.to.1.3.propanediol","isobutyrate","isobutyrate","isobutyrate",-0.00128670807988999,0,0.400139575864266,0.997434288423803,1,0.534350757152039,0.966661071390955,NA,"prevalence",80,68
"GOLPDLCAT.PWY..superpathway.of.glycerol.degradation.to.1.3.propanediol","Probiotics","Yes","ProbioticsYes",-1.11658227209161,0,1.74368911799939,0.521941001288284,1,0.771459593750751,0.995084293998679,NA,"prevalence",80,68
"GOLPDLCAT.PWY..superpathway.of.glycerol.degradation.to.1.3.propanediol","propionate","propionate","propionate",0.253240988156753,0,0.32207397128954,0.431702255634055,1,0.119857267918519,0.775614098378524,NA,"prevalence",80,68
"GOLPDLCAT.PWY..superpathway.of.glycerol.degradation.to.1.3.propanediol","Sex","Female","SexFemale",0.13121628262708,0,0.681093433169605,0.847228906595784,1,0.0465186493384527,0.611392413370793,NA,"prevalence",80,68
"HCAMHPDEG.PWY..3.phenylpropanoate.and.3..3.hydroxyphenyl.propanoate.degradation.to.2.hydroxypentadienoate","acetate","acetate","acetate",0.150767979880541,0,0.24777908726267,0.542870877042136,1,0.791032964943774,0.995409163122056,NA,"prevalence",80,54
"HCAMHPDEG.PWY..3.phenylpropanoate.and.3..3.hydroxyphenyl.propanoate.degradation.to.2.hydroxypentadienoate","Delivery_mode","C-section","Delivery_modeC-section",-0.128296183843275,0,0.660732056920722,0.846040591474916,1,0.291839553972371,0.900384819041268,NA,"prevalence",80,54
"HCAMHPDEG.PWY..3.phenylpropanoate.and.3..3.hydroxyphenyl.propanoate.degradation.to.2.hydroxypentadienoate","Ethnicity","European","EthnicityEuropean",-0.47845447748586,0,0.625847976655985,0.444575333843805,1,0.325544836374935,0.911723569545708,NA,"prevalence",80,54
"HCAMHPDEG.PWY..3.phenylpropanoate.and.3..3.hydroxyphenyl.propanoate.degradation.to.2.hydroxypentadienoate","Feeding_method","Breastfed","Feeding_methodBreastfed",0.349345453672962,0,0.593562662488375,0.556158493491618,1,0.80300471710037,0.998092298938251,NA,"prevalence",80,54
"HCAMHPDEG.PWY..3.phenylpropanoate.and.3..3.hydroxyphenyl.propanoate.degradation.to.2.hydroxypentadienoate","isobutyrate","isobutyrate","isobutyrate",0.120910419979527,0,0.342921449662111,0.724396390836674,1,0.667136773215264,0.983585363030474,NA,"prevalence",80,54
"HCAMHPDEG.PWY..3.phenylpropanoate.and.3..3.hydroxyphenyl.propanoate.degradation.to.2.hydroxypentadienoate","Probiotics","Yes","ProbioticsYes",-0.961143083907967,0,1.9029448318788,0.613501279389817,1,0.850618738966692,1,NA,"prevalence",80,54
"HCAMHPDEG.PWY..3.phenylpropanoate.and.3..3.hydroxyphenyl.propanoate.degradation.to.2.hydroxypentadienoate","Sex","Female","SexFemale",0.414437419753097,0,0.56435236714258,0.462729773924011,1,0.711340704172256,0.986434261270435,NA,"prevalence",80,54
"HEME.BIOSYNTHESIS.II.1..heme.b.biosynthesis.V..aerobic.","acetate","acetate","acetate",0.0173020046645147,0,0.421984057704675,0.967294652202774,1,0.516956726719853,0.964605264080454,NA,"prevalence",80,79
"HEME.BIOSYNTHESIS.II.1..heme.b.biosynthesis.V..aerobic.","Antibiotics","Yes","AntibioticsYes",-0.350608252070568,0,1.38484920679941,0.800133512193415,1,0.96005338705186,1,NA,"prevalence",80,79
"HEME.BIOSYNTHESIS.II.1..heme.b.biosynthesis.V..aerobic.","butyrate","butyrate","butyrate",7.49968573042167e-05,0,0.533991725558465,0.999887940521377,1,0.675185729632915,0.983585363030474,NA,"prevalence",80,79
"HEME.BIOSYNTHESIS.II.1..heme.b.biosynthesis.V..aerobic.","Delivery_mode","C-section","Delivery_modeC-section",-0.195166635007198,0,1.09477300105867,0.858509896308193,1,0.871597924141947,1,NA,"prevalence",80,79
"HEME.BIOSYNTHESIS.II.1..heme.b.biosynthesis.V..aerobic.","Ethnicity","European","EthnicityEuropean",0.346214913654815,0,0.961020121239448,0.718654417211862,1,0.790651141538782,0.995409163122056,NA,"prevalence",80,79
"HEME.BIOSYNTHESIS.II.1..heme.b.biosynthesis.V..aerobic.","Feeding_method","Breastfed","Feeding_methodBreastfed",-0.489768667729357,0,0.925965527481847,0.596855717175472,1,0.837474687225897,1,NA,"prevalence",80,79
"HEME.BIOSYNTHESIS.II.1..heme.b.biosynthesis.V..aerobic.","isobutyrate","isobutyrate","isobutyrate",-0.0138627021503428,0,0.566641157481844,0.980481945915373,1,0.622357313135768,0.979149576884277,NA,"prevalence",80,79
"HEME.BIOSYNTHESIS.II.1..heme.b.biosynthesis.V..aerobic.","Probiotics","Yes","ProbioticsYes",-0.266432056536548,0,1.91439151623378,0.889313259607628,1,0.801899625109836,0.998092298938251,NA,"prevalence",80,79
"HEME.BIOSYNTHESIS.II.1..heme.b.biosynthesis.V..aerobic.","propionate","propionate","propionate",0.0924707740956757,0,0.435566757067271,0.831873082168455,1,0.427339015463286,0.94895813789506,NA,"prevalence",80,79
"HEME.BIOSYNTHESIS.II.1..heme.b.biosynthesis.V..aerobic.","Read_depth","Read_depth","Read_depth",0.0137934904753225,0,0.444703058640868,0.975255738790796,1,0.916113085109486,1,NA,"prevalence",80,79
"HEME.BIOSYNTHESIS.II.1..heme.b.biosynthesis.V..aerobic.","Sex","Female","SexFemale",0.251724743003418,0,0.893521347747663,0.778156579325616,1,0.950785496703488,1,NA,"prevalence",80,79
"HEME.BIOSYNTHESIS.II.1..heme.b.biosynthesis.V..aerobic.","Termness","preterm","Termnesspreterm",0.345047909380246,0,1.69676536724604,0.838856561801967,1,0.625640995875202,0.979149576884277,NA,"prevalence",80,79
"HEXITOLDEGSUPER.PWY..superpathway.of.hexitol.degradation..bacteria.","acetate","acetate","acetate",0.0347309016523303,0,0.229929861978808,0.879936287771961,1,0.985584705006023,1,NA,"prevalence",80,43
"HEXITOLDEGSUPER.PWY..superpathway.of.hexitol.degradation..bacteria.","Ethnicity","European","EthnicityEuropean",0.315986453889566,0,0.541587090643208,0.55959355602898,1,0.806042164108801,0.998092298938251,NA,"prevalence",80,43
"HEXITOLDEGSUPER.PWY..superpathway.of.hexitol.degradation..bacteria.","isobutyrate","isobutyrate","isobutyrate",0.233806715284278,0,0.30108643140127,0.437428138945873,1,0.683512901150096,0.983585363030474,NA,"prevalence",80,43
"HEXITOLDEGSUPER.PWY..superpathway.of.hexitol.degradation..bacteria.","Probiotics","Yes","ProbioticsYes",0.469086495815224,0,0.9714465596489,0.62918505048225,1,0.747905237994656,0.993526263506388,NA,"prevalence",80,43
"HEXITOLDEGSUPER.PWY..superpathway.of.hexitol.degradation..bacteria.","propionate","propionate","propionate",-0.10592432373468,0,0.256930019239944,0.680142149005765,1,0.89769095515735,1,NA,"prevalence",80,43
"HEXITOLDEGSUPER.PWY..superpathway.of.hexitol.degradation..bacteria.","Read_depth","Read_depth","Read_depth",-0.184550188875699,0,0.242111824520629,0.445909698780461,1,0.29464463546428,0.900384819041268,NA,"prevalence",80,43
"HEXITOLDEGSUPER.PWY..superpathway.of.hexitol.degradation..bacteria.","Sex","Female","SexFemale",-0.363321013753555,0,0.495073532042387,0.463026248031645,1,0.711659189697028,0.986434261270435,NA,"prevalence",80,43
"HEXITOLDEGSUPER.PWY..superpathway.of.hexitol.degradation..bacteria.","Termness","preterm","Termnesspreterm",-0.565682748627441,0,0.870871029572237,0.515976654017689,1,0.505252664233496,0.964062047389755,NA,"prevalence",80,43
"HISDEG.PWY..L.histidine.degradation.I","acetate","acetate","acetate",-0.0730500663409837,0,0.512564276828518,0.886670198816532,1,0.646383498126055,0.983585363030474,NA,"prevalence",80,76
"HISDEG.PWY..L.histidine.degradation.I","Antibiotics","Yes","AntibioticsYes",-0.493710584411822,0,1.36166315761609,0.716919334873032,1,0.608186266670795,0.979149576884277,NA,"prevalence",80,76
"HISDEG.PWY..L.histidine.degradation.I","Delivery_mode","C-section","Delivery_modeC-section",-0.115923860339163,0,0.940950685357518,0.901949789363782,1,0.549598729980552,0.970187567460216,NA,"prevalence",80,76
"HISDEG.PWY..L.histidine.degradation.I","Ethnicity","European","EthnicityEuropean",0.0878610950607317,0,0.891192558544614,0.921465217260474,1,0.93331930069166,1,NA,"prevalence",80,76
"HISDEG.PWY..L.histidine.degradation.I","Feeding_method","Breastfed","Feeding_methodBreastfed",0.197987955133946,0,0.842199984960694,0.814143339803681,1,0.955832265425912,1,NA,"prevalence",80,76
"HISDEG.PWY..L.histidine.degradation.I","isobutyrate","isobutyrate","isobutyrate",0.0716251665680643,0,0.449583796276756,0.873421186934243,1,0.68297305225948,0.983585363030474,NA,"prevalence",80,76
"HISDEG.PWY..L.histidine.degradation.I","Probiotics","Yes","ProbioticsYes",-0.0146182228942708,0,1.91277733479495,0.993902300804233,1,0.991073891179876,1,NA,"prevalence",80,76
"HISDEG.PWY..L.histidine.degradation.I","propionate","propionate","propionate",0.175257515450566,0,0.313747712224674,0.576438997032834,1,0.372377985127627,0.937313481206142,NA,"prevalence",80,76
"HISDEG.PWY..L.histidine.degradation.I","Read_depth","Read_depth","Read_depth",0.0766134387360757,0,0.311301932238969,0.805599767287769,1,0.760215146927239,0.993657434340782,NA,"prevalence",80,76
"HISDEG.PWY..L.histidine.degradation.I","Sex","Female","SexFemale",0.309286008722863,0,0.787640064380375,0.6945600567628,1,0.158314476803273,0.812844382071501,NA,"prevalence",80,76
"HISDEG.PWY..L.histidine.degradation.I","Termness","preterm","Termnesspreterm",0.705594098162826,0,1.60714879141284,0.660636388500325,1,0.205964185235584,0.858073914712386,NA,"prevalence",80,76
"HOMOSER.METSYN.PWY..L.methionine.biosynthesis.I","acetate","acetate","acetate",0.0173020046645147,0,0.421984057704675,0.967294652202774,1,0.720087863232718,0.986891662674378,NA,"prevalence",80,79
"HOMOSER.METSYN.PWY..L.methionine.biosynthesis.I","Antibiotics","Yes","AntibioticsYes",-0.350608252070568,0,1.38484920679941,0.800133512193415,1,0.930349928994427,1,NA,"prevalence",80,79
"HOMOSER.METSYN.PWY..L.methionine.biosynthesis.I","butyrate","butyrate","butyrate",7.49968573042167e-05,0,0.533991725558465,0.999887940521377,1,0.810637680078556,1,NA,"prevalence",80,79
"HOMOSER.METSYN.PWY..L.methionine.biosynthesis.I","Delivery_mode","C-section","Delivery_modeC-section",-0.195166635007198,0,1.09477300105867,0.858509896308193,1,0.766953047400887,0.995084293998679,NA,"prevalence",80,79
"HOMOSER.METSYN.PWY..L.methionine.biosynthesis.I","Ethnicity","European","EthnicityEuropean",0.346214913654815,0,0.961020121239448,0.718654417211862,1,0.920844663045603,1,NA,"prevalence",80,79
"HOMOSER.METSYN.PWY..L.methionine.biosynthesis.I","Feeding_method","Breastfed","Feeding_methodBreastfed",-0.489768667729357,0,0.925965527481847,0.596855717175472,1,0.837474687225897,1,NA,"prevalence",80,79
"HOMOSER.METSYN.PWY..L.methionine.biosynthesis.I","isobutyrate","isobutyrate","isobutyrate",-0.0138627021503428,0,0.566641157481844,0.980481945915373,1,0.677931378962547,0.983585363030474,NA,"prevalence",80,79
"HOMOSER.METSYN.PWY..L.methionine.biosynthesis.I","Probiotics","Yes","ProbioticsYes",-0.266432056536548,0,1.91439151623378,0.889313259607628,1,0.97070942459134,1,NA,"prevalence",80,79
"HOMOSER.METSYN.PWY..L.methionine.biosynthesis.I","propionate","propionate","propionate",0.0924707740956757,0,0.435566757067271,0.831873082168455,1,0.771725599919479,0.995084293998679,NA,"prevalence",80,79
"HOMOSER.METSYN.PWY..L.methionine.biosynthesis.I","Read_depth","Read_depth","Read_depth",0.0137934904753225,0,0.444703058640868,0.975255738790796,1,0.0234218820640686,0.486485997404608,NA,"prevalence",80,79
"HOMOSER.METSYN.PWY..L.methionine.biosynthesis.I","Sex","Female","SexFemale",0.251724743003418,0,0.893521347747663,0.778156579325616,1,0.906927157164895,1,NA,"prevalence",80,79
"HOMOSER.METSYN.PWY..L.methionine.biosynthesis.I","Termness","preterm","Termnesspreterm",0.345047909380246,0,1.69676536724604,0.838856561801967,1,0.104436546313125,0.760828724396353,NA,"prevalence",80,79
"HSERMETANA.PWY..L.methionine.biosynthesis.III","acetate","acetate","acetate",-0.0655191580770145,0,0.36746139467482,0.858485687498282,1,0.552476037389719,0.97146111142248,NA,"prevalence",80,79
"HSERMETANA.PWY..L.methionine.biosynthesis.III","Antibiotics","Yes","AntibioticsYes",-0.790687574471152,0,1.42711062937857,0.579546099522216,1,0.0561587430963547,0.641105886737327,NA,"prevalence",80,79
"HSERMETANA.PWY..L.methionine.biosynthesis.III","butyrate","butyrate","butyrate",-0.0601638461871355,0,0.573772347294771,0.916489557578582,1,0.909282443975056,1,NA,"prevalence",80,79
"HSERMETANA.PWY..L.methionine.biosynthesis.III","Delivery_mode","C-section","Delivery_modeC-section",-0.153802395536477,0,1.1433662163071,0.89299362935846,1,0.899356110431314,1,NA,"prevalence",80,79
"HSERMETANA.PWY..L.methionine.biosynthesis.III","Feeding_method","Breastfed","Feeding_methodBreastfed",0.635381152998964,0,0.994997534030984,0.523099054941772,1,0.772565488602569,0.995084293998679,NA,"prevalence",80,79
"HSERMETANA.PWY..L.methionine.biosynthesis.III","isobutyrate","isobutyrate","isobutyrate",-0.0955692518123055,0,0.563370470773457,0.865294540162274,1,0.415582349840475,0.94410508955008,NA,"prevalence",80,79
"HSERMETANA.PWY..L.methionine.biosynthesis.III","Probiotics","Yes","ProbioticsYes",0.259142916511935,0,1.91076915577243,0.892119871829673,1,0.106842461851883,0.766600570934857,NA,"prevalence",80,79
"HSERMETANA.PWY..L.methionine.biosynthesis.III","propionate","propionate","propionate",0.00837372428179357,0,0.462425822785545,0.985552493246253,1,0.0319772329078615,0.52746392207884,NA,"prevalence",80,79
"HSERMETANA.PWY..L.methionine.biosynthesis.III","Read_depth","Read_depth","Read_depth",0.0879443236545314,0,0.430541454283732,0.83814683036964,1,0.574286954764508,0.976334431269276,NA,"prevalence",80,79
"HSERMETANA.PWY..L.methionine.biosynthesis.III","Sex","Female","SexFemale",-0.309979237815853,0,0.897993402227093,0.729950786631743,1,0.0101295071533626,0.403074144669931,NA,"prevalence",80,79
"HSERMETANA.PWY..L.methionine.biosynthesis.III","Termness","preterm","Termnesspreterm",-0.320102738929477,0,1.70960644929684,0.851474285760383,1,0.0606598362233399,0.651922639437466,NA,"prevalence",80,79
"KDO.NAGLIPASYN.PWY..superpathway.of..Kdo.2.lipid.A.biosynthesis","acetate","acetate","acetate",-0.103508486326299,0,0.266455261400164,0.697672107998314,1,0.908597845717817,1,NA,"prevalence",80,48
"KDO.NAGLIPASYN.PWY..superpathway.of..Kdo.2.lipid.A.biosynthesis","Antibiotics","Yes","AntibioticsYes",0.0516738959991122,0,0.762877662633209,0.945996193369983,1,0.139250837325471,0.797232880575611,NA,"prevalence",80,48
"KDO.NAGLIPASYN.PWY..superpathway.of..Kdo.2.lipid.A.biosynthesis","Ethnicity","European","EthnicityEuropean",0.19978051796688,0,0.542465673743117,0.712662732604916,1,0.523493319463836,0.966661071390955,NA,"prevalence",80,48
"KDO.NAGLIPASYN.PWY..superpathway.of..Kdo.2.lipid.A.biosynthesis","Feeding_method","Breastfed","Feeding_methodBreastfed",-0.189754120351341,0,0.531361838959665,0.721010171309473,1,0.876414409145962,1,NA,"prevalence",80,48
"KDO.NAGLIPASYN.PWY..superpathway.of..Kdo.2.lipid.A.biosynthesis","isobutyrate","isobutyrate","isobutyrate",0.0620808941266962,0,0.318893232030167,0.845646515012483,1,0.976175001672208,1,NA,"prevalence",80,48
"KDO.NAGLIPASYN.PWY..superpathway.of..Kdo.2.lipid.A.biosynthesis","Probiotics","Yes","ProbioticsYes",0.427547044114094,0,0.984462608012634,0.664074340614452,1,0.887153951366385,1,NA,"prevalence",80,48
"KDO.NAGLIPASYN.PWY..superpathway.of..Kdo.2.lipid.A.biosynthesis","Sex","Female","SexFemale",-0.320726372626903,0,0.503063871672458,0.523769239400187,1,0.773204262658524,0.995084293998679,NA,"prevalence",80,48
"KDO.NAGLIPASYN.PWY..superpathway.of..Kdo.2.lipid.A.biosynthesis","Termness","preterm","Termnesspreterm",-0.550630627034505,0,0.870093595728741,0.526837685401746,1,0.0578713849982308,0.643928548979894,NA,"prevalence",80,48
"KETOGLUCONMET.PWY..ketogluconate.metabolism","acetate","acetate","acetate",-0.00159483914524739,0,0.413373084891775,0.996921680630371,1,0.913889921282598,1,NA,"prevalence",80,68
"KETOGLUCONMET.PWY..ketogluconate.metabolism","Antibiotics","Yes","AntibioticsYes",-0.198233516251584,0,1.01393399809112,0.844994265507457,1,0.407713700283357,0.940221222582795,NA,"prevalence",80,68
"KETOGLUCONMET.PWY..ketogluconate.metabolism","Ethnicity","European","EthnicityEuropean",0.522605653222314,0,0.71599367661803,0.465449716897114,1,0.714255994834625,0.986436398634378,NA,"prevalence",80,68
"KETOGLUCONMET.PWY..ketogluconate.metabolism","Feeding_method","Breastfed","Feeding_methodBreastfed",-0.550923106847765,0,0.690812808660162,0.425160793653167,1,0.669559886846543,0.983585363030474,NA,"prevalence",80,68
"KETOGLUCONMET.PWY..ketogluconate.metabolism","Probiotics","Yes","ProbioticsYes",0.885667959116424,0,1.22776874342367,0.470685696397067,1,0.468569000113619,0.955324157446281,NA,"prevalence",80,68
"KETOGLUCONMET.PWY..ketogluconate.metabolism","Read_depth","Read_depth","Read_depth",0.201707779094702,0,0.309416490745279,0.514467418059889,1,0.322594534846505,0.911723569545708,NA,"prevalence",80,68
"KETOGLUCONMET.PWY..ketogluconate.metabolism","Sex","Female","SexFemale",-0.102772743608359,0,0.649114509819186,0.874198659385347,1,0.157446018252515,0.8107101924969,NA,"prevalence",80,68
"KETOGLUCONMET.PWY..ketogluconate.metabolism","Termness","preterm","Termnesspreterm",-0.205602737326182,0,0.993446173138256,0.836041791403436,1,0.569199644727101,0.976334431269276,NA,"prevalence",80,68
"LACTOSECAT.PWY..lactose.and.galactose.degradation.I","acetate","acetate","acetate",-0.168524936675766,0,0.353740148995447,0.633783132741612,1,0.0156534039443333,0.447810495446019,NA,"prevalence",80,78
"LACTOSECAT.PWY..lactose.and.galactose.degradation.I","butyrate","butyrate","butyrate",0.146608047208358,0,0.536980954662338,0.78483568439669,1,0.453244741639315,0.95137647878513,NA,"prevalence",80,78
"LACTOSECAT.PWY..lactose.and.galactose.degradation.I","Delivery_mode","C-section","Delivery_modeC-section",-0.529137469802067,0,1.09814972512909,0.629916372933702,1,0.0136615679396722,0.440384660643551,NA,"prevalence",80,78
"LACTOSECAT.PWY..lactose.and.galactose.degradation.I","Feeding_method","Breastfed","Feeding_methodBreastfed",0.349623442608338,0,0.937920423436992,0.709323722553213,1,0.453368597352706,0.95137647878513,NA,"prevalence",80,78
"LACTOSECAT.PWY..lactose.and.galactose.degradation.I","isobutyrate","isobutyrate","isobutyrate",-0.00879736308781049,0,0.548274374288765,0.987198053880595,1,0.854318549408684,1,NA,"prevalence",80,78
"LACTOSECAT.PWY..lactose.and.galactose.degradation.I","Probiotics","Yes","ProbioticsYes",0.169901926943428,0,1.93193182593399,0.929921138033718,1,0.415462196381213,0.94410508955008,NA,"prevalence",80,78
"LACTOSECAT.PWY..lactose.and.galactose.degradation.I","propionate","propionate","propionate",-0.137888733765873,0,0.546531952993434,0.800810995409816,1,0.0191759798176082,0.465702175024869,NA,"prevalence",80,78
"LACTOSECAT.PWY..lactose.and.galactose.degradation.I","Read_depth","Read_depth","Read_depth",0.0284600123261388,0,0.44569669291684,0.949085594581289,1,0.572815505549095,0.976334431269276,NA,"prevalence",80,78
"LACTOSECAT.PWY..lactose.and.galactose.degradation.I","Sex","Female","SexFemale",-0.121518079397537,0,0.856653354740526,0.8871968283735,1,0.0694566600005227,0.660039011796875,NA,"prevalence",80,78
"LACTOSECAT.PWY..lactose.and.galactose.degradation.I","Termness","preterm","Termnesspreterm",-0.0698045228789229,0,1.7002020369683,0.967250769873663,1,0.285878396907313,0.896916191823707,NA,"prevalence",80,78
"LIPA.CORESYN.PWY..lipid.A.core.biosynthesis..E..coli.K.12.","acetate","acetate","acetate",0.10025932164751,0,0.276736736175681,0.717134332526217,1,0.717134332526217,0.986891662674378,NA,"prevalence",80,11
"LIPA.CORESYN.PWY..lipid.A.core.biosynthesis..E..coli.K.12.","Antibiotics","Yes","AntibioticsYes",0.717887275569556,0,1.03681002489894,0.488686157152648,1,0.488686157152648,0.959856681432442,NA,"prevalence",80,11
"LIPA.CORESYN.PWY..lipid.A.core.biosynthesis..E..coli.K.12.","Delivery_mode","C-section","Delivery_modeC-section",0.134851743410309,0,0.778301474950722,0.862443801708825,1,0.862443801708825,1,NA,"prevalence",80,11
"LIPA.CORESYN.PWY..lipid.A.core.biosynthesis..E..coli.K.12.","Ethnicity","European","EthnicityEuropean",-0.276621349621989,0,0.721560629461139,0.701448884571775,1,0.701448884571775,0.986317799722192,NA,"prevalence",80,11
"LIPA.CORESYN.PWY..lipid.A.core.biosynthesis..E..coli.K.12.","Feeding_method","Breastfed","Feeding_methodBreastfed",-0.47787636299873,0,0.697486323015052,0.493255053197231,1,0.493255053197231,0.960765402119967,NA,"prevalence",80,11
"LIPA.CORESYN.PWY..lipid.A.core.biosynthesis..E..coli.K.12.","isobutyrate","isobutyrate","isobutyrate",-0.0919165430448928,0,0.437539625576827,0.833608412642616,1,0.833608412642616,1,NA,"prevalence",80,11
"LIPA.CORESYN.PWY..lipid.A.core.biosynthesis..E..coli.K.12.","Probiotics","Yes","ProbioticsYes",-0.817571699840912,0,1.3185579906309,0.535224960048276,1,0.535224960048276,0.966661071390955,NA,"prevalence",80,11
"LIPA.CORESYN.PWY..lipid.A.core.biosynthesis..E..coli.K.12.","Read_depth","Read_depth","Read_depth",0.18946489777118,0,0.420757234261203,0.652497711285263,1,0.652497711285263,0.983585363030474,NA,"prevalence",80,11
"LIPA.CORESYN.PWY..lipid.A.core.biosynthesis..E..coli.K.12.","Sex","Female","SexFemale",-0.439778843895913,0,0.627793333566801,0.48360554514266,1,0.48360554514266,0.959080836132184,NA,"prevalence",80,11
"LIPA.CORESYN.PWY..lipid.A.core.biosynthesis..E..coli.K.12.","Termness","preterm","Termnesspreterm",0.522539215715205,0,1.16703037484399,0.654332787683313,1,0.654332787683313,0.983585363030474,NA,"prevalence",80,11
"LIPASYN.PWY..phospholipases","butyrate","butyrate","butyrate",0.0335909353520447,0,0.320931275610173,0.916639995047807,1,0.690473924028514,0.983585363030474,NA,"prevalence",80,57
"LIPASYN.PWY..phospholipases","Delivery_mode","C-section","Delivery_modeC-section",0.225640189247181,0,0.61783390450032,0.714953362734263,1,0.918748414583495,1,NA,"prevalence",80,57
"LIPASYN.PWY..phospholipases","Ethnicity","European","EthnicityEuropean",0.0313961658691794,0,0.581411918744306,0.956935270776256,1,0.796188755129702,0.998092298938251,NA,"prevalence",80,57
"LIPASYN.PWY..phospholipases","Feeding_method","Breastfed","Feeding_methodBreastfed",0.29421009676888,0,0.548596589430497,0.591754069925609,1,0.419628560194855,0.946704161726983,NA,"prevalence",80,57
"LIPASYN.PWY..phospholipases","Probiotics","Yes","ProbioticsYes",-0.259736952293117,0,1.23176052020129,0.832991494532164,1,0.699856602173317,0.986317799722192,NA,"prevalence",80,57
"LIPASYN.PWY..phospholipases","propionate","propionate","propionate",0.00600293322924404,0,0.28922836262277,0.983441098759066,1,0.669586864994301,0.983585363030474,NA,"prevalence",80,57
"LIPASYN.PWY..phospholipases","Read_depth","Read_depth","Read_depth",0.192207079406201,0,0.259119372379575,0.458226460039066,1,0.706481431398199,0.986317799722192,NA,"prevalence",80,57
"LIPASYN.PWY..phospholipases","Sex","Female","SexFemale",0.0152250990542798,0,0.533629229304996,0.977238459061149,1,0.730697504281131,0.989044376667862,NA,"prevalence",80,57
"LIPASYN.PWY..phospholipases","Termness","preterm","Termnesspreterm",0.62232020974426,0,1.07528380726629,0.562758057413424,1,0.808819483643117,0.999345771012859,NA,"prevalence",80,57
"LPSSYN.PWY..superpathway.of.lipopolysaccharide.biosynthesis","acetate","acetate","acetate",0.10025932164751,0,0.276736736175681,0.717134332526217,1,0.717134332526217,0.986891662674378,NA,"prevalence",80,11
"LPSSYN.PWY..superpathway.of.lipopolysaccharide.biosynthesis","Antibiotics","Yes","AntibioticsYes",0.717887275569556,0,1.03681002489894,0.488686157152648,1,0.488686157152648,0.959856681432442,NA,"prevalence",80,11
"LPSSYN.PWY..superpathway.of.lipopolysaccharide.biosynthesis","Delivery_mode","C-section","Delivery_modeC-section",0.134851743410309,0,0.778301474950722,0.862443801708825,1,0.862443801708825,1,NA,"prevalence",80,11
"LPSSYN.PWY..superpathway.of.lipopolysaccharide.biosynthesis","Ethnicity","European","EthnicityEuropean",-0.276621349621989,0,0.721560629461139,0.701448884571775,1,0.701448884571775,0.986317799722192,NA,"prevalence",80,11
"LPSSYN.PWY..superpathway.of.lipopolysaccharide.biosynthesis","Feeding_method","Breastfed","Feeding_methodBreastfed",-0.47787636299873,0,0.697486323015052,0.493255053197231,1,0.493255053197231,0.960765402119967,NA,"prevalence",80,11
"LPSSYN.PWY..superpathway.of.lipopolysaccharide.biosynthesis","isobutyrate","isobutyrate","isobutyrate",-0.0919165430448928,0,0.437539625576827,0.833608412642616,1,0.833608412642616,1,NA,"prevalence",80,11
"LPSSYN.PWY..superpathway.of.lipopolysaccharide.biosynthesis","Probiotics","Yes","ProbioticsYes",-0.817571699840912,0,1.3185579906309,0.535224960048276,1,0.535224960048276,0.966661071390955,NA,"prevalence",80,11
"LPSSYN.PWY..superpathway.of.lipopolysaccharide.biosynthesis","Read_depth","Read_depth","Read_depth",0.18946489777118,0,0.420757234261203,0.652497711285263,1,0.652497711285263,0.983585363030474,NA,"prevalence",80,11
"LPSSYN.PWY..superpathway.of.lipopolysaccharide.biosynthesis","Sex","Female","SexFemale",-0.439778843895913,0,0.627793333566801,0.48360554514266,1,0.48360554514266,0.959080836132184,NA,"prevalence",80,11
"LPSSYN.PWY..superpathway.of.lipopolysaccharide.biosynthesis","Termness","preterm","Termnesspreterm",0.522539215715205,0,1.16703037484399,0.654332787683313,1,0.654332787683313,0.983585363030474,NA,"prevalence",80,11
"MET.SAM.PWY..superpathway.of.S.adenosyl.L.methionine.biosynthesis","acetate","acetate","acetate",0.0173020046645147,0,0.421984057704675,0.967294652202774,1,0.710597032141264,0.986434261270435,NA,"prevalence",80,79
"MET.SAM.PWY..superpathway.of.S.adenosyl.L.methionine.biosynthesis","Antibiotics","Yes","AntibioticsYes",-0.350608252070568,0,1.38484920679941,0.800133512193415,1,0.96005338705186,1,NA,"prevalence",80,79
"MET.SAM.PWY..superpathway.of.S.adenosyl.L.methionine.biosynthesis","butyrate","butyrate","butyrate",7.49968573042167e-05,0,0.533991725558465,0.999887940521377,1,0.724785261864742,0.986891662674378,NA,"prevalence",80,79
"MET.SAM.PWY..superpathway.of.S.adenosyl.L.methionine.biosynthesis","Delivery_mode","C-section","Delivery_modeC-section",-0.195166635007198,0,1.09477300105867,0.858509896308193,1,0.771769842946678,0.995084293998679,NA,"prevalence",80,79
"MET.SAM.PWY..superpathway.of.S.adenosyl.L.methionine.biosynthesis","Ethnicity","European","EthnicityEuropean",0.346214913654815,0,0.961020121239448,0.718654417211862,1,0.909084756713747,1,NA,"prevalence",80,79
"MET.SAM.PWY..superpathway.of.S.adenosyl.L.methionine.biosynthesis","Feeding_method","Breastfed","Feeding_methodBreastfed",-0.489768667729357,0,0.925965527481847,0.596855717175472,1,0.837474687225897,1,NA,"prevalence",80,79
"MET.SAM.PWY..superpathway.of.S.adenosyl.L.methionine.biosynthesis","isobutyrate","isobutyrate","isobutyrate",-0.0138627021503428,0,0.566641157481844,0.980481945915373,1,0.619573548149074,0.979149576884277,NA,"prevalence",80,79
"MET.SAM.PWY..superpathway.of.S.adenosyl.L.methionine.biosynthesis","Probiotics","Yes","ProbioticsYes",-0.266432056536548,0,1.91439151623378,0.889313259607628,1,0.981987764963305,1,NA,"prevalence",80,79
"MET.SAM.PWY..superpathway.of.S.adenosyl.L.methionine.biosynthesis","propionate","propionate","propionate",0.0924707740956757,0,0.435566757067271,0.831873082168455,1,0.926075059665117,1,NA,"prevalence",80,79
"MET.SAM.PWY..superpathway.of.S.adenosyl.L.methionine.biosynthesis","Read_depth","Read_depth","Read_depth",0.0137934904753225,0,0.444703058640868,0.975255738790796,1,0.0149107750896714,0.447810495446019,NA,"prevalence",80,79
"MET.SAM.PWY..superpathway.of.S.adenosyl.L.methionine.biosynthesis","Sex","Female","SexFemale",0.251724743003418,0,0.893521347747663,0.778156579325616,1,0.786346909640147,0.995409163122056,NA,"prevalence",80,79
"MET.SAM.PWY..superpathway.of.S.adenosyl.L.methionine.biosynthesis","Termness","preterm","Termnesspreterm",0.345047909380246,0,1.69676536724604,0.838856561801967,1,0.178926978578412,0.836884810553953,NA,"prevalence",80,79
"METHGLYUT.PWY..superpathway.of.methylglyoxal.degradation","acetate","acetate","acetate",0.131965062165644,0,0.372418928148641,0.723079790000354,1,0.721125614669259,0.986891662674378,NA,"prevalence",80,77
"METHGLYUT.PWY..superpathway.of.methylglyoxal.degradation","Antibiotics","Yes","AntibioticsYes",-0.299413099981943,0,1.356137065369,0.825260774977934,1,0.954026434468235,1,NA,"prevalence",80,77
"METHGLYUT.PWY..superpathway.of.methylglyoxal.degradation","butyrate","butyrate","butyrate",-0.155003397505896,0,0.478777892588903,0.746128808004476,1,0.576013313446291,0.976909361648876,NA,"prevalence",80,77
"METHGLYUT.PWY..superpathway.of.methylglyoxal.degradation","Ethnicity","European","EthnicityEuropean",0.152697663092822,0,0.891214717584992,0.863959135497482,1,0.592729492989997,0.976974901602956,NA,"prevalence",80,77
"METHGLYUT.PWY..superpathway.of.methylglyoxal.degradation","Feeding_method","Breastfed","Feeding_methodBreastfed",-0.697676433161611,0,0.882978160649327,0.42944596595602,1,0.674468094236141,0.983585363030474,NA,"prevalence",80,77
"METHGLYUT.PWY..superpathway.of.methylglyoxal.degradation","Probiotics","Yes","ProbioticsYes",-0.374448959497643,0,1.90787136331825,0.844402514000297,1,0.306207564059935,0.90799190770971,NA,"prevalence",80,77
"METHGLYUT.PWY..superpathway.of.methylglyoxal.degradation","Read_depth","Read_depth","Read_depth",-0.242602865637746,0,0.390653417061836,0.534587675750748,1,0.783391368436909,0.995409163122056,NA,"prevalence",80,77
"METHGLYUT.PWY..superpathway.of.methylglyoxal.degradation","Sex","Female","SexFemale",-0.2623849125476,0,0.820597887193041,0.749159019204535,1,0.0322786515977163,0.528898038803777,NA,"prevalence",80,77
"METHGLYUT.PWY..superpathway.of.methylglyoxal.degradation","Termness","preterm","Termnesspreterm",1.02309836431109,0,1.62069098366577,0.527862076116965,1,0.296946527969325,0.900384819041268,NA,"prevalence",80,77
"METSYN.PWY..superpathway.of.L.homoserine.and.L.methionine.biosynthesis","acetate","acetate","acetate",0.0173020046645147,0,0.421984057704675,0.967294652202774,1,0.727247664386684,0.986891662674378,NA,"prevalence",80,79
"METSYN.PWY..superpathway.of.L.homoserine.and.L.methionine.biosynthesis","Antibiotics","Yes","AntibioticsYes",-0.350608252070568,0,1.38484920679941,0.800133512193415,1,0.96005338705186,1,NA,"prevalence",80,79
"METSYN.PWY..superpathway.of.L.homoserine.and.L.methionine.biosynthesis","butyrate","butyrate","butyrate",7.49968573042167e-05,0,0.533991725558465,0.999887940521377,1,0.71041798936249,0.986434261270435,NA,"prevalence",80,79
"METSYN.PWY..superpathway.of.L.homoserine.and.L.methionine.biosynthesis","Delivery_mode","C-section","Delivery_modeC-section",-0.195166635007198,0,1.09477300105867,0.858509896308193,1,0.8181134994542,1,NA,"prevalence",80,79
"METSYN.PWY..superpathway.of.L.homoserine.and.L.methionine.biosynthesis","Ethnicity","European","EthnicityEuropean",0.346214913654815,0,0.961020121239448,0.718654417211862,1,0.920844663045603,1,NA,"prevalence",80,79
"METSYN.PWY..superpathway.of.L.homoserine.and.L.methionine.biosynthesis","Feeding_method","Breastfed","Feeding_methodBreastfed",-0.489768667729357,0,0.925965527481847,0.596855717175472,1,0.837474687225897,1,NA,"prevalence",80,79
"METSYN.PWY..superpathway.of.L.homoserine.and.L.methionine.biosynthesis","isobutyrate","isobutyrate","isobutyrate",-0.0138627021503428,0,0.566641157481844,0.980481945915373,1,0.616771314916254,0.979149576884277,NA,"prevalence",80,79
"METSYN.PWY..superpathway.of.L.homoserine.and.L.methionine.biosynthesis","Probiotics","Yes","ProbioticsYes",-0.266432056536548,0,1.91439151623378,0.889313259607628,1,0.987748445501312,1,NA,"prevalence",80,79
"METSYN.PWY..superpathway.of.L.homoserine.and.L.methionine.biosynthesis","propionate","propionate","propionate",0.0924707740956757,0,0.435566757067271,0.831873082168455,1,0.95746941001986,1,NA,"prevalence",80,79
"METSYN.PWY..superpathway.of.L.homoserine.and.L.methionine.biosynthesis","Read_depth","Read_depth","Read_depth",0.0137934904753225,0,0.444703058640868,0.975255738790796,1,0.0183369748642762,0.463609150270632,NA,"prevalence",80,79
"METSYN.PWY..superpathway.of.L.homoserine.and.L.methionine.biosynthesis","Sex","Female","SexFemale",0.251724743003418,0,0.893521347747663,0.778156579325616,1,0.863415330686799,1,NA,"prevalence",80,79
"METSYN.PWY..superpathway.of.L.homoserine.and.L.methionine.biosynthesis","Termness","preterm","Termnesspreterm",0.345047909380246,0,1.69676536724604,0.838856561801967,1,0.144177363695037,0.800902568025061,NA,"prevalence",80,79
"NAD.BIOSYNTHESIS.II..NAD.salvage.pathway.III..to.nicotinamide.riboside.","acetate","acetate","acetate",0.0982346364086999,0,0.405615725988913,0.808635686901162,1,0.822269846437948,1,NA,"prevalence",80,77
"NAD.BIOSYNTHESIS.II..NAD.salvage.pathway.III..to.nicotinamide.riboside.","Antibiotics","Yes","AntibioticsYes",-0.45148156290298,0,1.36652896870085,0.74110858226758,1,0.858561485987805,1,NA,"prevalence",80,77
"NAD.BIOSYNTHESIS.II..NAD.salvage.pathway.III..to.nicotinamide.riboside.","butyrate","butyrate","butyrate",-0.237011728558006,0,0.487393308543685,0.626765587709316,1,0.860696073482028,1,NA,"prevalence",80,77
"NAD.BIOSYNTHESIS.II..NAD.salvage.pathway.III..to.nicotinamide.riboside.","Delivery_mode","C-section","Delivery_modeC-section",-0.617936638960353,0,1.06199924720686,0.560659870998687,1,0.765828306257184,0.995084293998679,NA,"prevalence",80,77
"NAD.BIOSYNTHESIS.II..NAD.salvage.pathway.III..to.nicotinamide.riboside.","Ethnicity","European","EthnicityEuropean",0.0650348097747864,0,0.917053476245952,0.94346370196287,1,0.119819805580133,0.775614098378524,NA,"prevalence",80,77
"NAD.BIOSYNTHESIS.II..NAD.salvage.pathway.III..to.nicotinamide.riboside.","Feeding_method","Breastfed","Feeding_methodBreastfed",-0.549950415339803,0,0.884522060842624,0.534107142837557,1,0.782943845645015,0.995409163122056,NA,"prevalence",80,77
"NAD.BIOSYNTHESIS.II..NAD.salvage.pathway.III..to.nicotinamide.riboside.","isobutyrate","isobutyrate","isobutyrate",0.217131524416634,0,0.461118844855061,0.637726612662729,1,0.759787815065832,0.993657434340782,NA,"prevalence",80,77
"NAD.BIOSYNTHESIS.II..NAD.salvage.pathway.III..to.nicotinamide.riboside.","Probiotics","Yes","ProbioticsYes",-0.353903484871686,0,1.91004650785383,0.853005290032365,1,0.75273613582628,0.993657434340782,NA,"prevalence",80,77
"NAD.BIOSYNTHESIS.II..NAD.salvage.pathway.III..to.nicotinamide.riboside.","propionate","propionate","propionate",0.28929142398901,0,0.360800698788976,0.422666375742361,1,0.66668588630154,0.983585363030474,NA,"prevalence",80,77
"NAD.BIOSYNTHESIS.II..NAD.salvage.pathway.III..to.nicotinamide.riboside.","Sex","Female","SexFemale",0.12775999275045,0,0.859716256063862,0.881863621483092,1,0.458046681450041,0.95160573712957,NA,"prevalence",80,77
"NAD.BIOSYNTHESIS.II..NAD.salvage.pathway.III..to.nicotinamide.riboside.","Termness","preterm","Termnesspreterm",0.956811683678342,0,1.63330212699883,0.558000337065913,1,0.186951809026359,0.847368824047296,NA,"prevalence",80,77
"NAGLIPASYN.PWY..lipid.IVA.biosynthesis..E..coli.","Antibiotics","Yes","AntibioticsYes",-0.350608252070568,0,1.38484920679941,0.800133512193415,1,0.96005338705186,1,NA,"prevalence",80,79
"NAGLIPASYN.PWY..lipid.IVA.biosynthesis..E..coli.","butyrate","butyrate","butyrate",7.49968573042167e-05,0,0.533991725558465,0.999887940521377,1,0.521956780112827,0.9659627915634,NA,"prevalence",80,79
"NAGLIPASYN.PWY..lipid.IVA.biosynthesis..E..coli.","Delivery_mode","C-section","Delivery_modeC-section",-0.195166635007198,0,1.09477300105867,0.858509896308193,1,0.633167082054734,0.980109892930287,NA,"prevalence",80,79
"NAGLIPASYN.PWY..lipid.IVA.biosynthesis..E..coli.","Ethnicity","European","EthnicityEuropean",0.346214913654815,0,0.961020121239448,0.718654417211862,1,0.646501160471976,0.983585363030474,NA,"prevalence",80,79
"NAGLIPASYN.PWY..lipid.IVA.biosynthesis..E..coli.","Feeding_method","Breastfed","Feeding_methodBreastfed",-0.489768667729357,0,0.925965527481847,0.596855717175472,1,0.545339097221976,0.967219610406066,NA,"prevalence",80,79
"NAGLIPASYN.PWY..lipid.IVA.biosynthesis..E..coli.","isobutyrate","isobutyrate","isobutyrate",-0.0138627021503428,0,0.566641157481844,0.980481945915373,1,0.98001894448985,1,NA,"prevalence",80,79
"NAGLIPASYN.PWY..lipid.IVA.biosynthesis..E..coli.","Probiotics","Yes","ProbioticsYes",-0.266432056536548,0,1.91439151623378,0.889313259607628,1,0.987748445501312,1,NA,"prevalence",80,79
"NAGLIPASYN.PWY..lipid.IVA.biosynthesis..E..coli.","Read_depth","Read_depth","Read_depth",0.0137934904753225,0,0.444703058640868,0.975255738790796,1,0.0661396302150963,0.652710385570562,NA,"prevalence",80,79
"NAGLIPASYN.PWY..lipid.IVA.biosynthesis..E..coli.","Sex","Female","SexFemale",0.251724743003418,0,0.893521347747663,0.778156579325616,1,0.194437008687266,0.85006723464917,NA,"prevalence",80,79
"NAGLIPASYN.PWY..lipid.IVA.biosynthesis..E..coli.","Termness","preterm","Termnesspreterm",0.345047909380246,0,1.69676536724604,0.838856561801967,1,0.328661051036856,0.911723569545708,NA,"prevalence",80,79
"OANTIGEN.PWY..O.antigen.building.blocks.biosynthesis..E..coli.","acetate","acetate","acetate",-0.0655191580770145,0,0.36746139467482,0.858485687498282,1,0.772272136238695,0.995084293998679,NA,"prevalence",80,79
"OANTIGEN.PWY..O.antigen.building.blocks.biosynthesis..E..coli.","Antibiotics","Yes","AntibioticsYes",-0.790687574471152,0,1.42711062937857,0.579546099522216,1,0.823218517573018,1,NA,"prevalence",80,79
"OANTIGEN.PWY..O.antigen.building.blocks.biosynthesis..E..coli.","butyrate","butyrate","butyrate",-0.0601638461871355,0,0.573772347294771,0.916489557578582,1,0.383297953297886,0.937313481206142,NA,"prevalence",80,79
"OANTIGEN.PWY..O.antigen.building.blocks.biosynthesis..E..coli.","Delivery_mode","C-section","Delivery_modeC-section",-0.153802395536477,0,1.1433662163071,0.89299362935846,1,0.988549636642125,1,NA,"prevalence",80,79
"OANTIGEN.PWY..O.antigen.building.blocks.biosynthesis..E..coli.","Feeding_method","Breastfed","Feeding_methodBreastfed",0.635381152998964,0,0.994997534030984,0.523099054941772,1,0.180622670595884,0.838278267851418,NA,"prevalence",80,79
"OANTIGEN.PWY..O.antigen.building.blocks.biosynthesis..E..coli.","isobutyrate","isobutyrate","isobutyrate",-0.0955692518123055,0,0.563370470773457,0.865294540162274,1,0.327888250546403,0.911723569545708,NA,"prevalence",80,79
"OANTIGEN.PWY..O.antigen.building.blocks.biosynthesis..E..coli.","Probiotics","Yes","ProbioticsYes",0.259142916511935,0,1.91076915577243,0.892119871829673,1,0.488677820922127,0.959856681432442,NA,"prevalence",80,79
"OANTIGEN.PWY..O.antigen.building.blocks.biosynthesis..E..coli.","propionate","propionate","propionate",0.00837372428179357,0,0.462425822785545,0.985552493246253,1,0.0418497051800191,0.584264594708749,NA,"prevalence",80,79
"OANTIGEN.PWY..O.antigen.building.blocks.biosynthesis..E..coli.","Read_depth","Read_depth","Read_depth",0.0879443236545314,0,0.430541454283732,0.83814683036964,1,0.0893073871310669,0.721132089838405,NA,"prevalence",80,79
"OANTIGEN.PWY..O.antigen.building.blocks.biosynthesis..E..coli.","Sex","Female","SexFemale",-0.309979237815853,0,0.897993402227093,0.729950786631743,1,0.0179959602059675,0.463609150270632,NA,"prevalence",80,79
"OANTIGEN.PWY..O.antigen.building.blocks.biosynthesis..E..coli.","Termness","preterm","Termnesspreterm",-0.320102738929477,0,1.70960644929684,0.851474285760383,1,0.27350203437086,0.89183731676898,NA,"prevalence",80,79
"ORNARGDEG.PWY..superpathway.of.L.arginine.and.L.ornithine.degradation","Antibiotics","Yes","AntibioticsYes",-0.630390948402334,0,0.808461496151918,0.435543069003282,1,0.681388373049766,0.983585363030474,NA,"prevalence",80,42
"ORNARGDEG.PWY..superpathway.of.L.arginine.and.L.ornithine.degradation","Delivery_mode","C-section","Delivery_modeC-section",-0.223553116944862,0,0.610015607042041,0.714013541481642,1,0.110055037973032,0.772363157817707,NA,"prevalence",80,42
"ORNARGDEG.PWY..superpathway.of.L.arginine.and.L.ornithine.degradation","Ethnicity","European","EthnicityEuropean",-0.00556237473373151,0,0.538867367976637,0.991764106769107,1,0.351967208656721,0.92640552376109,NA,"prevalence",80,42
"ORNARGDEG.PWY..superpathway.of.L.arginine.and.L.ornithine.degradation","Feeding_method","Breastfed","Feeding_methodBreastfed",0.0361373895151835,0,0.524549877561721,0.945075435704403,1,0.878117887115968,1,NA,"prevalence",80,42
"ORNARGDEG.PWY..superpathway.of.L.arginine.and.L.ornithine.degradation","isobutyrate","isobutyrate","isobutyrate",0.171192269472753,0,0.310928877475613,0.581919310848396,1,0.82520853735852,1,NA,"prevalence",80,42
"ORNARGDEG.PWY..superpathway.of.L.arginine.and.L.ornithine.degradation","Probiotics","Yes","ProbioticsYes",0.480255975732579,0,1.03845457507178,0.643743007301398,1,0.478336404436784,0.958059482309325,NA,"prevalence",80,42
"ORNARGDEG.PWY..superpathway.of.L.arginine.and.L.ornithine.degradation","Sex","Female","SexFemale",-0.187749626440676,0,0.499581392494484,0.707055260864351,1,0.914183379812746,1,NA,"prevalence",80,42
"ORNDEG.PWY..superpathway.of.ornithine.degradation","acetate","acetate","acetate",0.232656217600463,0,0.369524137256961,0.528949556961534,1,0.176892378191256,0.836059034529441,NA,"prevalence",80,75
"ORNDEG.PWY..superpathway.of.ornithine.degradation","Antibiotics","Yes","AntibioticsYes",-0.0823837359259871,0,1.34794471373409,0.951265203941398,1,0.379169489237475,0.937313481206142,NA,"prevalence",80,75
"ORNDEG.PWY..superpathway.of.ornithine.degradation","Ethnicity","European","EthnicityEuropean",0.316329403647188,0,0.910062049046363,0.728147344850063,1,0.926096133887929,1,NA,"prevalence",80,75
"ORNDEG.PWY..superpathway.of.ornithine.degradation","Feeding_method","Breastfed","Feeding_methodBreastfed",-0.321693624505527,0,0.842052646283544,0.702435367021516,1,0.89850190938256,1,NA,"prevalence",80,75
"ORNDEG.PWY..superpathway.of.ornithine.degradation","Probiotics","Yes","ProbioticsYes",-0.534933244808372,0,1.9160052503635,0.780097519986543,1,0.901230759429116,1,NA,"prevalence",80,75
"ORNDEG.PWY..superpathway.of.ornithine.degradation","Read_depth","Read_depth","Read_depth",0.222552988089063,0,0.351957621211349,0.527171959457939,1,0.466143597702146,0.953554634536284,NA,"prevalence",80,75
"ORNDEG.PWY..superpathway.of.ornithine.degradation","Sex","Female","SexFemale",0.194292662536779,0,0.825720053147847,0.813975205201414,1,0.652507504172606,0.983585363030474,NA,"prevalence",80,75
"P105.PWY..TCA.cycle.IV..2.oxoglutarate.decarboxylase.","acetate","acetate","acetate",0.250115384236233,0,0.334732740228503,0.454937289402023,1,0.702906641515586,0.986317799722192,NA,"prevalence",80,74
"P105.PWY..TCA.cycle.IV..2.oxoglutarate.decarboxylase.","Antibiotics","Yes","AntibioticsYes",-0.525713801260248,0,1.30622698649163,0.687340063155474,1,0.902243763892377,1,NA,"prevalence",80,74
"P105.PWY..TCA.cycle.IV..2.oxoglutarate.decarboxylase.","Ethnicity","European","EthnicityEuropean",0.721077867216049,0,0.886212591629452,0.415838377884815,1,0.658755199247756,0.983585363030474,NA,"prevalence",80,74
"P105.PWY..TCA.cycle.IV..2.oxoglutarate.decarboxylase.","Feeding_method","Breastfed","Feeding_methodBreastfed",0.308416098463217,0,0.806515121626393,0.702160353836454,1,0.771156038254164,0.995084293998679,NA,"prevalence",80,74
"P105.PWY..TCA.cycle.IV..2.oxoglutarate.decarboxylase.","Probiotics","Yes","ProbioticsYes",1.22030525307624,0,1.53231847891794,0.425812161439828,1,0.590706165904607,0.976974901602956,NA,"prevalence",80,74
"P105.PWY..TCA.cycle.IV..2.oxoglutarate.decarboxylase.","Read_depth","Read_depth","Read_depth",0.215859692849726,0,0.308339654493442,0.483882879234769,1,0.53174314930343,0.966661071390955,NA,"prevalence",80,74
"P105.PWY..TCA.cycle.IV..2.oxoglutarate.decarboxylase.","Sex","Female","SexFemale",0.0971051185204168,0,0.735781541182238,0.895003690025896,1,0.988975774891822,1,NA,"prevalence",80,74
"P105.PWY..TCA.cycle.IV..2.oxoglutarate.decarboxylase.","Termness","preterm","Termnesspreterm",-0.207052696590599,0,1.14515877593921,0.856519086431481,1,0.638263464375364,0.980109892930287,NA,"prevalence",80,74
"P108.PWY..pyruvate.fermentation.to.propanoate.I","acetate","acetate","acetate",-0.158902306906652,0,0.480188821962663,0.740707711499546,1,0.42842934782649,0.94966900830573,NA,"prevalence",80,72
"P108.PWY..pyruvate.fermentation.to.propanoate.I","Ethnicity","European","EthnicityEuropean",0.0635935488348752,0,0.823691878658673,0.938460061032688,1,0.206116252963925,0.858073914712386,NA,"prevalence",80,72
"P108.PWY..pyruvate.fermentation.to.propanoate.I","Feeding_method","Breastfed","Feeding_methodBreastfed",-0.23136009548955,0,0.787220757190208,0.768838283483018,1,0.638267447928279,0.980109892930287,NA,"prevalence",80,72
"P108.PWY..pyruvate.fermentation.to.propanoate.I","isobutyrate","isobutyrate","isobutyrate",-0.0838058672965631,0,0.436888452394071,0.847879753772052,1,0.717526758724057,0.986891662674378,NA,"prevalence",80,72
"P108.PWY..pyruvate.fermentation.to.propanoate.I","Probiotics","Yes","ProbioticsYes",-0.0364767622890668,0,1.89370721369154,0.984632024634508,1,0.105425536294099,0.764082673617576,NA,"prevalence",80,72
"P108.PWY..pyruvate.fermentation.to.propanoate.I","propionate","propionate","propionate",0.241559738290054,0,0.321513766471124,0.452460066993364,1,0.629538979350302,0.979149576884277,NA,"prevalence",80,72
"P108.PWY..pyruvate.fermentation.to.propanoate.I","Read_depth","Read_depth","Read_depth",-0.0645964908533094,0,0.291993838947047,0.824916834086926,1,0.693110570446411,0.984568356406019,NA,"prevalence",80,72
"P108.PWY..pyruvate.fermentation.to.propanoate.I","Sex","Female","SexFemale",-0.0573151930980535,0,0.709568653479037,0.935621131043153,1,0.995855361231837,1,NA,"prevalence",80,72
"P122.PWY..heterolactic.fermentation","acetate","acetate","acetate",0.0173020046645147,0,0.421984057704675,0.967294652202774,1,0.836181496368672,1,NA,"prevalence",80,79
"P122.PWY..heterolactic.fermentation","Antibiotics","Yes","AntibioticsYes",-0.350608252070568,0,1.38484920679941,0.800133512193415,1,0.35179770079036,0.92640552376109,NA,"prevalence",80,79
"P122.PWY..heterolactic.fermentation","butyrate","butyrate","butyrate",7.49968573042167e-05,0,0.533991725558465,0.999887940521377,1,0.704627517423434,0.986317799722192,NA,"prevalence",80,79
"P122.PWY..heterolactic.fermentation","Delivery_mode","C-section","Delivery_modeC-section",-0.195166635007198,0,1.09477300105867,0.858509896308193,1,0.240801227048019,0.880494562511276,NA,"prevalence",80,79
"P122.PWY..heterolactic.fermentation","Ethnicity","European","EthnicityEuropean",0.346214913654815,0,0.961020121239448,0.718654417211862,1,0.42884088863542,0.950154206087104,NA,"prevalence",80,79
"P122.PWY..heterolactic.fermentation","Feeding_method","Breastfed","Feeding_methodBreastfed",-0.489768667729357,0,0.925965527481847,0.596855717175472,1,0.837474687225897,1,NA,"prevalence",80,79
"P122.PWY..heterolactic.fermentation","isobutyrate","isobutyrate","isobutyrate",-0.0138627021503428,0,0.566641157481844,0.980481945915373,1,0.710336433696088,0.986434261270435,NA,"prevalence",80,79
"P122.PWY..heterolactic.fermentation","Probiotics","Yes","ProbioticsYes",-0.266432056536548,0,1.91439151623378,0.889313259607628,1,0.681682534884972,0.983585363030474,NA,"prevalence",80,79
"P122.PWY..heterolactic.fermentation","propionate","propionate","propionate",0.0924707740956757,0,0.435566757067271,0.831873082168455,1,0.363628475293132,0.935052415092543,NA,"prevalence",80,79
"P122.PWY..heterolactic.fermentation","Read_depth","Read_depth","Read_depth",0.0137934904753225,0,0.444703058640868,0.975255738790796,1,0.936262253236969,1,NA,"prevalence",80,79
"P122.PWY..heterolactic.fermentation","Sex","Female","SexFemale",0.251724743003418,0,0.893521347747663,0.778156579325616,1,0.474106660406725,0.956605396504718,NA,"prevalence",80,79
"P122.PWY..heterolactic.fermentation","Termness","preterm","Termnesspreterm",0.345047909380246,0,1.69676536724604,0.838856561801967,1,0.109469357667934,0.772363157817707,NA,"prevalence",80,79
"P124.PWY..Bifidobacterium.shunt","acetate","acetate","acetate",-0.127680639945606,0,0.244804120009793,0.601975004046926,1,0.0642726253127839,0.652710385570562,NA,"prevalence",80,32
"P124.PWY..Bifidobacterium.shunt","Delivery_mode","C-section","Delivery_modeC-section",-0.485220391140266,0,0.592034962623792,0.412455216308306,1,0.65479112715668,0.983585363030474,NA,"prevalence",80,32
"P124.PWY..Bifidobacterium.shunt","Ethnicity","European","EthnicityEuropean",-0.144563092425814,0,0.553302271133793,0.793881780033185,1,0.953798841013784,1,NA,"prevalence",80,32
"P124.PWY..Bifidobacterium.shunt","isobutyrate","isobutyrate","isobutyrate",0.0293458236889625,0,0.310170819358087,0.924623166180168,1,0.568997477315711,0.976334431269276,NA,"prevalence",80,32
"P124.PWY..Bifidobacterium.shunt","Probiotics","Yes","ProbioticsYes",0.277817323570714,0,1.03897983844443,0.789165560277293,1,0.105657823075261,0.764082673617576,NA,"prevalence",80,32
"P124.PWY..Bifidobacterium.shunt","propionate","propionate","propionate",0.00726888932749546,0,0.249683623983211,0.976774946882817,1,0.824728724719066,1,NA,"prevalence",80,32
"P124.PWY..Bifidobacterium.shunt","Read_depth","Read_depth","Read_depth",0.169625036515109,0,0.283701308541853,0.549906603111054,1,0.79741593407697,0.998092298938251,NA,"prevalence",80,32
"P124.PWY..Bifidobacterium.shunt","Sex","Female","SexFemale",-0.40538726964055,0,0.502246311991691,0.419581033057245,1,0.646618374225997,0.983585363030474,NA,"prevalence",80,32
"P124.PWY..Bifidobacterium.shunt","Termness","preterm","Termnesspreterm",-0.46598012152797,0,0.927259028814013,0.615291234744677,1,0.514534301423217,0.964605264080454,NA,"prevalence",80,32
"P125.PWY..superpathway.of..R.R..butanediol.biosynthesis","acetate","acetate","acetate",-0.0770893645883541,0,0.275167421655951,0.779359047945073,1,0.019340571085632,0.465702175024869,NA,"prevalence",80,66
"P125.PWY..superpathway.of..R.R..butanediol.biosynthesis","butyrate","butyrate","butyrate",0.0652175654597915,0,0.433290476374961,0.880356770731734,1,0.416780587801305,0.944812325787187,NA,"prevalence",80,66
"P125.PWY..superpathway.of..R.R..butanediol.biosynthesis","Ethnicity","European","EthnicityEuropean",-0.161347986860194,0,0.677071301584398,0.811646249935892,1,0.753978275707804,0.993657434340782,NA,"prevalence",80,66
"P125.PWY..superpathway.of..R.R..butanediol.biosynthesis","propionate","propionate","propionate",-0.0509412845976573,0,0.325156956417977,0.875507490671646,1,0.000964708680224,0.101232834273718,NA,"prevalence",80,66
"P125.PWY..superpathway.of..R.R..butanediol.biosynthesis","Sex","Female","SexFemale",0.214082066274689,0,0.624577527510475,0.731776764206183,1,0.00244893845022576,0.20471465146633,NA,"prevalence",80,66
"P164.PWY..purine.nucleobases.degradation.I..anaerobic.","acetate","acetate","acetate",0.134085727103629,0,0.301885172268954,0.656925930134527,1,0.505374518138901,0.964062047389755,NA,"prevalence",80,50
"P164.PWY..purine.nucleobases.degradation.I..anaerobic.","Antibiotics","Yes","AntibioticsYes",-0.619786961733302,0,0.865611521774107,0.473984848903183,1,0.723308060816592,0.986891662674378,NA,"prevalence",80,50
"P164.PWY..purine.nucleobases.degradation.I..anaerobic.","butyrate","butyrate","butyrate",0.0984597709686013,0,0.310130941084552,0.750880881108285,1,0.912504288766726,1,NA,"prevalence",80,50
"P164.PWY..purine.nucleobases.degradation.I..anaerobic.","Delivery_mode","C-section","Delivery_modeC-section",-0.441157507044022,0,0.619860823472478,0.476648010720257,1,0.432823802618758,0.95137647878513,NA,"prevalence",80,50
"P164.PWY..purine.nucleobases.degradation.I..anaerobic.","isobutyrate","isobutyrate","isobutyrate",0.25638178119511,0,0.306650215354667,0.40311417478784,1,0.515099153700216,0.964605264080454,NA,"prevalence",80,50
"P164.PWY..purine.nucleobases.degradation.I..anaerobic.","Probiotics","Yes","ProbioticsYes",-0.120542043860262,0,1.14369761263609,0.916060972275175,1,0.928776228278664,1,NA,"prevalence",80,50
"P164.PWY..purine.nucleobases.degradation.I..anaerobic.","Read_depth","Read_depth","Read_depth",0.050105607775856,0,0.248877043413962,0.840443082657176,1,0.940580460798216,1,NA,"prevalence",80,50
"P164.PWY..purine.nucleobases.degradation.I..anaerobic.","Termness","preterm","Termnesspreterm",0.796719261152579,0,0.968525164019051,0.410729354360451,1,0.652760106187549,0.983585363030474,NA,"prevalence",80,50
"P185.PWY..formaldehyde.assimilation.III..dihydroxyacetone.cycle.","Antibiotics","Yes","AntibioticsYes",-0.811994253053635,0,1.03417617747431,0.432359489387129,1,0.677784250711159,0.983585363030474,NA,"prevalence",80,70
"P185.PWY..formaldehyde.assimilation.III..dihydroxyacetone.cycle.","butyrate","butyrate","butyrate",0.0772779532275033,0,0.400904032513648,0.847147533151827,1,0.955317027252962,1,NA,"prevalence",80,70
"P185.PWY..formaldehyde.assimilation.III..dihydroxyacetone.cycle.","Ethnicity","European","EthnicityEuropean",-0.492923613252218,0,0.771502741748911,0.522879124017199,1,0.686132349700655,0.983585363030474,NA,"prevalence",80,70
"P185.PWY..formaldehyde.assimilation.III..dihydroxyacetone.cycle.","Feeding_method","Breastfed","Feeding_methodBreastfed",-0.289248855350809,0,0.73364129336329,0.693385631403174,1,0.90598762896997,1,NA,"prevalence",80,70
"P185.PWY..formaldehyde.assimilation.III..dihydroxyacetone.cycle.","isobutyrate","isobutyrate","isobutyrate",0.124606974826601,0,0.41467650905958,0.763801895392644,1,0.860308183084452,1,NA,"prevalence",80,70
"P185.PWY..formaldehyde.assimilation.III..dihydroxyacetone.cycle.","Probiotics","Yes","ProbioticsYes",-0.721810580069073,0,1.75467726419045,0.680805846946983,1,0.613409805884349,0.979149576884277,NA,"prevalence",80,70
"P185.PWY..formaldehyde.assimilation.III..dihydroxyacetone.cycle.","propionate","propionate","propionate",0.210576439953392,0,0.353436126526358,0.551310364028021,1,0.621213325262139,0.979149576884277,NA,"prevalence",80,70
"P185.PWY..formaldehyde.assimilation.III..dihydroxyacetone.cycle.","Sex","Female","SexFemale",-0.00387251731838056,0,0.698007677913323,0.99557339263318,1,0.116554958300746,0.775614098378524,NA,"prevalence",80,70
"P221.PWY..octane.oxidation","acetate","acetate","acetate",0.0667720652606164,0,0.368588213352455,0.856244919456669,1,0.312240580576283,0.909197504832412,NA,"prevalence",80,78
"P221.PWY..octane.oxidation","Antibiotics","Yes","AntibioticsYes",-0.485470353307557,0,1.39218105008487,0.727305472418991,1,0.333282408065252,0.913193798098789,NA,"prevalence",80,78
"P221.PWY..octane.oxidation","butyrate","butyrate","butyrate",-0.262381567938554,0,0.552167226241248,0.634655137555965,1,0.864871624281949,1,NA,"prevalence",80,78
"P221.PWY..octane.oxidation","Delivery_mode","C-section","Delivery_modeC-section",0.103786391015678,0,1.13848453121574,0.927363963582859,1,0.382760610633707,0.937313481206142,NA,"prevalence",80,78
"P221.PWY..octane.oxidation","Ethnicity","European","EthnicityEuropean",0.284453771501579,0,0.976722264749191,0.770873112872044,1,0.924046610699919,1,NA,"prevalence",80,78
"P221.PWY..octane.oxidation","Feeding_method","Breastfed","Feeding_methodBreastfed",0.6461079554563,0,0.990583542983345,0.514240013958038,1,0.280104761312698,0.89680049207709,NA,"prevalence",80,78
"P221.PWY..octane.oxidation","isobutyrate","isobutyrate","isobutyrate",-0.190379320096997,0,0.575688007157015,0.740872025929387,1,0.88093412805616,1,NA,"prevalence",80,78
"P221.PWY..octane.oxidation","propionate","propionate","propionate",0.00251696275060177,0,0.473507988186492,0.995758812286759,1,0.995938690256547,1,NA,"prevalence",80,78
"P221.PWY..octane.oxidation","Read_depth","Read_depth","Read_depth",0.0889370663776587,0,0.452111686106385,0.84405071647283,1,0.446695265107162,0.95137647878513,NA,"prevalence",80,78
"P221.PWY..octane.oxidation","Sex","Female","SexFemale",0.0215640350692411,0,0.831692635293467,0.979314854606504,1,0.894925436660663,1,NA,"prevalence",80,78
"P23.PWY..reductive.TCA.cycle.I","acetate","acetate","acetate",-0.108787069219606,0,0.260941904091537,0.676750461970902,1,0.0837901176196501,0.714970346193969,NA,"prevalence",80,52
"P23.PWY..reductive.TCA.cycle.I","Antibiotics","Yes","AntibioticsYes",-0.0998197799569164,0,0.820284056045304,0.90314509980849,1,0.506257551681859,0.964062047389755,NA,"prevalence",80,52
"P23.PWY..reductive.TCA.cycle.I","Ethnicity","European","EthnicityEuropean",0.193707866324735,0,0.567620655188673,0.732905680827173,1,0.406460513551176,0.939910940436325,NA,"prevalence",80,52
"P23.PWY..reductive.TCA.cycle.I","Feeding_method","Breastfed","Feeding_methodBreastfed",-0.374879393410979,0,0.567572918917126,0.508935866269452,1,0.198257827427516,0.853468404222991,NA,"prevalence",80,52
"P23.PWY..reductive.TCA.cycle.I","Probiotics","Yes","ProbioticsYes",-0.28325476044178,0,1.06185226065872,0.789657542325117,1,0.27336005474619,0.89183731676898,NA,"prevalence",80,52
"P23.PWY..reductive.TCA.cycle.I","Termness","preterm","Termnesspreterm",-0.431361441504484,0,0.985570682353649,0.661620575578489,1,0.120679271793224,0.775614098378524,NA,"prevalence",80,52
"P4.PWY..superpathway.of.L.lysine..L.threonine.and.L.methionine.biosynthesis.I","acetate","acetate","acetate",0.0863634101720219,0,0.382923611871938,0.821561610868165,1,0.86240021314913,1,NA,"prevalence",80,78
"P4.PWY..superpathway.of.L.lysine..L.threonine.and.L.methionine.biosynthesis.I","Antibiotics","Yes","AntibioticsYes",-0.245498435841926,0,1.36101622167286,0.856855217835019,1,0.97950957133894,1,NA,"prevalence",80,78
"P4.PWY..superpathway.of.L.lysine..L.threonine.and.L.methionine.biosynthesis.I","butyrate","butyrate","butyrate",-0.0148367836130292,0,0.502430770520652,0.976441888131676,1,0.0759331561338344,0.687500006789714,NA,"prevalence",80,78
"P4.PWY..superpathway.of.L.lysine..L.threonine.and.L.methionine.biosynthesis.I","Delivery_mode","C-section","Delivery_modeC-section",-0.827988718943593,0,1.05248171606747,0.431456751421515,1,0.676758574495823,0.983585363030474,NA,"prevalence",80,78
"P4.PWY..superpathway.of.L.lysine..L.threonine.and.L.methionine.biosynthesis.I","Ethnicity","European","EthnicityEuropean",0.227622658656806,0,0.912684179459224,0.803052042513864,1,0.687823651791689,0.983585363030474,NA,"prevalence",80,78
"P4.PWY..superpathway.of.L.lysine..L.threonine.and.L.methionine.biosynthesis.I","Feeding_method","Breastfed","Feeding_methodBreastfed",-0.575951003491573,0,0.892049860773655,0.518506766699744,1,0.660951517992791,0.983585363030474,NA,"prevalence",80,78
"P4.PWY..superpathway.of.L.lysine..L.threonine.and.L.methionine.biosynthesis.I","isobutyrate","isobutyrate","isobutyrate",0.308362222824261,0,0.502398585774032,0.539360690366727,1,0.585583596413489,0.976974901602956,NA,"prevalence",80,78
"P4.PWY..superpathway.of.L.lysine..L.threonine.and.L.methionine.biosynthesis.I","Probiotics","Yes","ProbioticsYes",-0.3248542802632,0,1.90588600690021,0.864657899218818,1,0.930492997002468,1,NA,"prevalence",80,78
"P4.PWY..superpathway.of.L.lysine..L.threonine.and.L.methionine.biosynthesis.I","propionate","propionate","propionate",0.288400210664389,0,0.367498067280928,0.432590423235281,1,0.678046372195682,0.983585363030474,NA,"prevalence",80,78
"P4.PWY..superpathway.of.L.lysine..L.threonine.and.L.methionine.biosynthesis.I","Read_depth","Read_depth","Read_depth",-0.154326513294876,0,0.420820717680789,0.713822320742008,1,0.00978204537936487,0.403074144669931,NA,"prevalence",80,78
"P4.PWY..superpathway.of.L.lysine..L.threonine.and.L.methionine.biosynthesis.I","Sex","Female","SexFemale",-0.0857504633952309,0,0.846138163884727,0.919277916898154,1,0.489712706248458,0.960765402119967,NA,"prevalence",80,78
"P4.PWY..superpathway.of.L.lysine..L.threonine.and.L.methionine.biosynthesis.I","Termness","preterm","Termnesspreterm",0.724044404909205,0,1.64739471870731,0.660292938300609,1,0.404091173582021,0.939910940436325,NA,"prevalence",80,78
"P42.PWY..incomplete.reductive.TCA.cycle","acetate","acetate","acetate",-0.22537832601913,0,0.574236007520046,0.694700784397361,1,0.0263273733333743,0.507113532027414,NA,"prevalence",80,79
"P42.PWY..incomplete.reductive.TCA.cycle","Antibiotics","Yes","AntibioticsYes",0.68786514697411,0,1.25041997694597,0.582245785706784,1,0.0979098342361688,0.746358414346301,NA,"prevalence",80,79
"P42.PWY..incomplete.reductive.TCA.cycle","butyrate","butyrate","butyrate",0.116848936279887,0,0.579162706504456,0.840108310843475,1,0.702911625667691,0.986317799722192,NA,"prevalence",80,79
"P42.PWY..incomplete.reductive.TCA.cycle","Delivery_mode","C-section","Delivery_modeC-section",-0.0526793842263864,0,1.15642816338176,0.963666108935897,1,0.743093354926699,0.99234705074943,NA,"prevalence",80,79
"P42.PWY..incomplete.reductive.TCA.cycle","Ethnicity","European","EthnicityEuropean",-0.400294544451983,0,0.973750226218583,0.681009882669193,1,0.6087586614619,0.979149576884277,NA,"prevalence",80,79
"P42.PWY..incomplete.reductive.TCA.cycle","Feeding_method","Breastfed","Feeding_methodBreastfed",-0.0689490030656,0,0.962677859306679,0.942902657638992,1,0.979479359406043,1,NA,"prevalence",80,79
"P42.PWY..incomplete.reductive.TCA.cycle","isobutyrate","isobutyrate","isobutyrate",-0.147367187185231,0,0.570116673731247,0.796031840557961,1,0.958396989933827,1,NA,"prevalence",80,79
"P42.PWY..incomplete.reductive.TCA.cycle","Probiotics","Yes","ProbioticsYes",-0.793659383195075,0,1.79412647625828,0.658224849983477,1,0.215488407939975,0.866354983134235,NA,"prevalence",80,79
"P42.PWY..incomplete.reductive.TCA.cycle","propionate","propionate","propionate",0.0710337983880314,0,0.407744444182328,0.86169919571551,1,0.918142153719755,1,NA,"prevalence",80,79
"P42.PWY..incomplete.reductive.TCA.cycle","Read_depth","Read_depth","Read_depth",-0.0491246625069763,0,0.477955353166149,0.918136895867356,1,0.982366826583004,1,NA,"prevalence",80,79
"P42.PWY..incomplete.reductive.TCA.cycle","Sex","Female","SexFemale",-0.172584575807396,0,0.943397292032357,0.854845533497967,1,0.76775287768261,0.995084293998679,NA,"prevalence",80,79
"P42.PWY..incomplete.reductive.TCA.cycle","Termness","preterm","Termnesspreterm",-0.152299894842304,0,1.72518516171829,0.929653881760374,1,0.0536308059492334,0.639555113385579,NA,"prevalence",80,79
"P461.PWY..hexitol.fermentation.to.lactate..formate..ethanol.and.acetate","acetate","acetate","acetate",0.0173020046645147,0,0.421984057704675,0.967294652202774,1,0.248574225561492,0.880494562511276,NA,"prevalence",80,79
"P461.PWY..hexitol.fermentation.to.lactate..formate..ethanol.and.acetate","Antibiotics","Yes","AntibioticsYes",-0.350608252070568,0,1.38484920679941,0.800133512193415,1,0.660568805410876,0.983585363030474,NA,"prevalence",80,79
"P461.PWY..hexitol.fermentation.to.lactate..formate..ethanol.and.acetate","butyrate","butyrate","butyrate",7.49968573042167e-05,0,0.533991725558465,0.999887940521377,1,0.550061488954114,0.970207088611343,NA,"prevalence",80,79
"P461.PWY..hexitol.fermentation.to.lactate..formate..ethanol.and.acetate","Delivery_mode","C-section","Delivery_modeC-section",-0.195166635007198,0,1.09477300105867,0.858509896308193,1,0.553284147669695,0.97146111142248,NA,"prevalence",80,79
"P461.PWY..hexitol.fermentation.to.lactate..formate..ethanol.and.acetate","Ethnicity","European","EthnicityEuropean",0.346214913654815,0,0.961020121239448,0.718654417211862,1,0.876224033730565,1,NA,"prevalence",80,79
"P461.PWY..hexitol.fermentation.to.lactate..formate..ethanol.and.acetate","Feeding_method","Breastfed","Feeding_methodBreastfed",-0.489768667729357,0,0.925965527481847,0.596855717175472,1,0.837474687225897,1,NA,"prevalence",80,79
"P461.PWY..hexitol.fermentation.to.lactate..formate..ethanol.and.acetate","isobutyrate","isobutyrate","isobutyrate",-0.0138627021503428,0,0.566641157481844,0.980481945915373,1,0.156620640871238,0.8107101924969,NA,"prevalence",80,79
"P461.PWY..hexitol.fermentation.to.lactate..formate..ethanol.and.acetate","Probiotics","Yes","ProbioticsYes",-0.266432056536548,0,1.91439151623378,0.889313259607628,1,0.987748445501312,1,NA,"prevalence",80,79
"P461.PWY..hexitol.fermentation.to.lactate..formate..ethanol.and.acetate","propionate","propionate","propionate",0.0924707740956757,0,0.435566757067271,0.831873082168455,1,0.122760546314187,0.777629103058118,NA,"prevalence",80,79
"P461.PWY..hexitol.fermentation.to.lactate..formate..ethanol.and.acetate","Read_depth","Read_depth","Read_depth",0.0137934904753225,0,0.444703058640868,0.975255738790796,1,0.820934545381053,1,NA,"prevalence",80,79
"P461.PWY..hexitol.fermentation.to.lactate..formate..ethanol.and.acetate","Sex","Female","SexFemale",0.251724743003418,0,0.893521347747663,0.778156579325616,1,0.633967064422541,0.980109892930287,NA,"prevalence",80,79
"P461.PWY..hexitol.fermentation.to.lactate..formate..ethanol.and.acetate","Termness","preterm","Termnesspreterm",0.345047909380246,0,1.69676536724604,0.838856561801967,1,0.25665537837776,0.880494562511276,NA,"prevalence",80,79
"P562.PWY..myo.inositol.degradation.I","butyrate","butyrate","butyrate",-0.0555070403922275,0,0.31253565516465,0.85903534525643,1,0.977816831283032,1,NA,"prevalence",80,47
"P562.PWY..myo.inositol.degradation.I","isobutyrate","isobutyrate","isobutyrate",0.0862708801097405,0,0.321794675339501,0.788627781195268,1,0.942879635100372,1,NA,"prevalence",80,47
"P562.PWY..myo.inositol.degradation.I","Read_depth","Read_depth","Read_depth",0.158347608313785,0,0.257027473776073,0.537846542727318,1,0.786414181930907,0.995409163122056,NA,"prevalence",80,47
"P562.PWY..myo.inositol.degradation.I","Termness","preterm","Termnesspreterm",-0.34954938221141,0,0.912661465387817,0.701719730794233,1,0.911028881002535,1,NA,"prevalence",80,47
"P621.PWY..nylon.6.oligomer.degradation","acetate","acetate","acetate",0.0949529401501368,0,0.245962690123864,0.699462518590762,1,0.701558835284535,0.986317799722192,NA,"prevalence",80,42
"P621.PWY..nylon.6.oligomer.degradation","Antibiotics","Yes","AntibioticsYes",-0.415846570914975,0,0.805389020021802,0.605623896253876,1,0.059402866498424,0.651922639437466,NA,"prevalence",80,42
"P621.PWY..nylon.6.oligomer.degradation","butyrate","butyrate","butyrate",0.0456602473593803,0,0.309768049349241,0.882815192374452,1,0.978585760016946,1,NA,"prevalence",80,42
"P621.PWY..nylon.6.oligomer.degradation","Feeding_method","Breastfed","Feeding_methodBreastfed",-0.134243396221396,0,0.530062803968416,0.800067755227265,1,0.960027097500135,1,NA,"prevalence",80,42
"P621.PWY..nylon.6.oligomer.degradation","isobutyrate","isobutyrate","isobutyrate",-0.0453004757158886,0,0.300988336109923,0.880365613392797,1,0.0415076389144588,0.584264594708749,NA,"prevalence",80,42
"P621.PWY..nylon.6.oligomer.degradation","Probiotics","Yes","ProbioticsYes",-0.669355591107619,0,1.07826572829536,0.534750613788816,1,0.781850749184301,0.995409163122056,NA,"prevalence",80,42
"PHOSLIPSYN.PWY..superpathway.of.phospholipid.biosynthesis.I..bacteria.","acetate","acetate","acetate",0.0173020046645147,0,0.421984057704675,0.967294652202774,1,0.186913534976195,0.847368824047296,NA,"prevalence",80,79
"PHOSLIPSYN.PWY..superpathway.of.phospholipid.biosynthesis.I..bacteria.","Antibiotics","Yes","AntibioticsYes",-0.350608252070568,0,1.38484920679941,0.800133512193415,1,0.91730207576161,1,NA,"prevalence",80,79
"PHOSLIPSYN.PWY..superpathway.of.phospholipid.biosynthesis.I..bacteria.","butyrate","butyrate","butyrate",7.49968573042167e-05,0,0.533991725558465,0.999887940521377,1,0.999800759340752,1,NA,"prevalence",80,79
"PHOSLIPSYN.PWY..superpathway.of.phospholipid.biosynthesis.I..bacteria.","Delivery_mode","C-section","Delivery_modeC-section",-0.195166635007198,0,1.09477300105867,0.858509896308193,1,0.724737418775714,0.986891662674378,NA,"prevalence",80,79
"PHOSLIPSYN.PWY..superpathway.of.phospholipid.biosynthesis.I..bacteria.","Ethnicity","European","EthnicityEuropean",0.346214913654815,0,0.961020121239448,0.718654417211862,1,0.421038657822933,0.946704161726983,NA,"prevalence",80,79
"PHOSLIPSYN.PWY..superpathway.of.phospholipid.biosynthesis.I..bacteria.","Feeding_method","Breastfed","Feeding_methodBreastfed",-0.489768667729357,0,0.925965527481847,0.596855717175472,1,0.426975219917476,0.948577380465311,NA,"prevalence",80,79
"PHOSLIPSYN.PWY..superpathway.of.phospholipid.biosynthesis.I..bacteria.","isobutyrate","isobutyrate","isobutyrate",-0.0138627021503428,0,0.566641157481844,0.980481945915373,1,0.996900218119893,1,NA,"prevalence",80,79
"PHOSLIPSYN.PWY..superpathway.of.phospholipid.biosynthesis.I..bacteria.","Probiotics","Yes","ProbioticsYes",-0.266432056536548,0,1.91439151623378,0.889313259607628,1,0.68747296601898,0.983585363030474,NA,"prevalence",80,79
"PHOSLIPSYN.PWY..superpathway.of.phospholipid.biosynthesis.I..bacteria.","propionate","propionate","propionate",0.0924707740956757,0,0.435566757067271,0.831873082168455,1,0.703543371077742,0.986317799722192,NA,"prevalence",80,79
"PHOSLIPSYN.PWY..superpathway.of.phospholipid.biosynthesis.I..bacteria.","Read_depth","Read_depth","Read_depth",0.0137934904753225,0,0.444703058640868,0.975255738790796,1,0.864796767140035,1,NA,"prevalence",80,79
"PHOSLIPSYN.PWY..superpathway.of.phospholipid.biosynthesis.I..bacteria.","Sex","Female","SexFemale",0.251724743003418,0,0.893521347747663,0.778156579325616,1,0.950785496703488,1,NA,"prevalence",80,79
"PHOSLIPSYN.PWY..superpathway.of.phospholipid.biosynthesis.I..bacteria.","Termness","preterm","Termnesspreterm",0.345047909380246,0,1.69676536724604,0.838856561801967,1,0.935331119827341,1,NA,"prevalence",80,79
"POLYAMSYN.PWY..superpathway.of.polyamine.biosynthesis.I","acetate","acetate","acetate",0.0863634101720219,0,0.382923611871938,0.821561610868165,1,0.262093730658089,0.886596395877737,NA,"prevalence",80,78
"POLYAMSYN.PWY..superpathway.of.polyamine.biosynthesis.I","Antibiotics","Yes","AntibioticsYes",-0.245498435841926,0,1.36101622167286,0.856855217835019,1,0.913135253521841,1,NA,"prevalence",80,78
"POLYAMSYN.PWY..superpathway.of.polyamine.biosynthesis.I","butyrate","butyrate","butyrate",-0.0148367836130292,0,0.502430770520652,0.976441888131676,1,0.422958969712421,0.948197108464391,NA,"prevalence",80,78
"POLYAMSYN.PWY..superpathway.of.polyamine.biosynthesis.I","Delivery_mode","C-section","Delivery_modeC-section",-0.827988718943593,0,1.05248171606747,0.431456751421515,1,0.676758574495823,0.983585363030474,NA,"prevalence",80,78
"POLYAMSYN.PWY..superpathway.of.polyamine.biosynthesis.I","Ethnicity","European","EthnicityEuropean",0.227622658656806,0,0.912684179459224,0.803052042513864,1,0.519216131541445,0.964605264080454,NA,"prevalence",80,78
"POLYAMSYN.PWY..superpathway.of.polyamine.biosynthesis.I","Feeding_method","Breastfed","Feeding_methodBreastfed",-0.575951003491573,0,0.892049860773655,0.518506766699744,1,0.401670312947453,0.939910940436325,NA,"prevalence",80,78
"POLYAMSYN.PWY..superpathway.of.polyamine.biosynthesis.I","isobutyrate","isobutyrate","isobutyrate",0.308362222824261,0,0.502398585774032,0.539360690366727,1,0.787811426420582,0.995409163122056,NA,"prevalence",80,78
"POLYAMSYN.PWY..superpathway.of.polyamine.biosynthesis.I","Probiotics","Yes","ProbioticsYes",-0.3248542802632,0,1.90588600690021,0.864657899218818,1,0.944688578661418,1,NA,"prevalence",80,78
"POLYAMSYN.PWY..superpathway.of.polyamine.biosynthesis.I","propionate","propionate","propionate",0.288400210664389,0,0.367498067280928,0.432590423235281,1,0.265171123936902,0.88868029898108,NA,"prevalence",80,78
"POLYAMSYN.PWY..superpathway.of.polyamine.biosynthesis.I","Read_depth","Read_depth","Read_depth",-0.154326513294876,0,0.420820717680789,0.713822320742008,1,0.054303667768636,0.641105886737327,NA,"prevalence",80,78
"POLYAMSYN.PWY..superpathway.of.polyamine.biosynthesis.I","Sex","Female","SexFemale",-0.0857504633952309,0,0.846138163884727,0.919277916898154,1,0.388091657819086,0.937313481206142,NA,"prevalence",80,78
"POLYAMSYN.PWY..superpathway.of.polyamine.biosynthesis.I","Termness","preterm","Termnesspreterm",0.724044404909205,0,1.64739471870731,0.660292938300609,1,0.594713027602045,0.976974901602956,NA,"prevalence",80,78
"PPGPPMET.PWY..ppGpp.metabolism","acetate","acetate","acetate",0.0173020046645147,0,0.421984057704675,0.967294652202774,1,0.106617538358251,0.766600570934857,NA,"prevalence",80,79
"PPGPPMET.PWY..ppGpp.metabolism","Antibiotics","Yes","AntibioticsYes",-0.350608252070568,0,1.38484920679941,0.800133512193415,1,0.597623471139421,0.977604961744485,NA,"prevalence",80,79
"PPGPPMET.PWY..ppGpp.metabolism","butyrate","butyrate","butyrate",7.49968573042167e-05,0,0.533991725558465,0.999887940521377,1,0.927417007894601,1,NA,"prevalence",80,79
"PPGPPMET.PWY..ppGpp.metabolism","Delivery_mode","C-section","Delivery_modeC-section",-0.195166635007198,0,1.09477300105867,0.858509896308193,1,0.282678562135191,0.896827679176477,NA,"prevalence",80,79
"PPGPPMET.PWY..ppGpp.metabolism","Ethnicity","European","EthnicityEuropean",0.346214913654815,0,0.961020121239448,0.718654417211862,1,0.588461926973217,0.976974901602956,NA,"prevalence",80,79
"PPGPPMET.PWY..ppGpp.metabolism","Feeding_method","Breastfed","Feeding_methodBreastfed",-0.489768667729357,0,0.925965527481847,0.596855717175472,1,0.837474687225897,1,NA,"prevalence",80,79
"PPGPPMET.PWY..ppGpp.metabolism","isobutyrate","isobutyrate","isobutyrate",-0.0138627021503428,0,0.566641157481844,0.980481945915373,1,0.79614378604837,0.998092298938251,NA,"prevalence",80,79
"PPGPPMET.PWY..ppGpp.metabolism","Probiotics","Yes","ProbioticsYes",-0.266432056536548,0,1.91439151623378,0.889313259607628,1,0.968462090251143,1,NA,"prevalence",80,79
"PPGPPMET.PWY..ppGpp.metabolism","propionate","propionate","propionate",0.0924707740956757,0,0.435566757067271,0.831873082168455,1,0.939156066004962,1,NA,"prevalence",80,79
"PPGPPMET.PWY..ppGpp.metabolism","Read_depth","Read_depth","Read_depth",0.0137934904753225,0,0.444703058640868,0.975255738790796,1,0.85339520815822,1,NA,"prevalence",80,79
"PPGPPMET.PWY..ppGpp.metabolism","Sex","Female","SexFemale",0.251724743003418,0,0.893521347747663,0.778156579325616,1,0.932157619326699,1,NA,"prevalence",80,79
"PPGPPMET.PWY..ppGpp.metabolism","Termness","preterm","Termnesspreterm",0.345047909380246,0,1.69676536724604,0.838856561801967,1,0.295582339566203,0.900384819041268,NA,"prevalence",80,79
"PROTOCATECHUATE.ORTHO.CLEAVAGE.PWY..protocatechuate.degradation.II..ortho.cleavage.pathway.","Delivery_mode","C-section","Delivery_modeC-section",-0.383092516701755,0,0.644634900596253,0.552326006741006,1,0.00443932765232144,0.270933556497309,NA,"prevalence",80,54
"PROTOCATECHUATE.ORTHO.CLEAVAGE.PWY..protocatechuate.degradation.II..ortho.cleavage.pathway.","Ethnicity","European","EthnicityEuropean",0.209541506003703,0,0.615012530327881,0.733321191384606,1,0.782385108033556,0.995409163122056,NA,"prevalence",80,54
"PROTOCATECHUATE.ORTHO.CLEAVAGE.PWY..protocatechuate.degradation.II..ortho.cleavage.pathway.","Feeding_method","Breastfed","Feeding_methodBreastfed",-0.348905989171111,0,0.582100136324835,0.548911711789952,1,0.46683770963793,0.953992931298585,NA,"prevalence",80,54
"PROTOCATECHUATE.ORTHO.CLEAVAGE.PWY..protocatechuate.degradation.II..ortho.cleavage.pathway.","isobutyrate","isobutyrate","isobutyrate",0.251198809862278,0,0.33695060385128,0.455965682689386,1,0.704026661588374,0.986317799722192,NA,"prevalence",80,54
"PROTOCATECHUATE.ORTHO.CLEAVAGE.PWY..protocatechuate.degradation.II..ortho.cleavage.pathway.","Sex","Female","SexFemale",0.43902650216359,0,0.555738649634909,0.429535157062423,1,0.0973582708129996,0.746358414346301,NA,"prevalence",80,54
"PRPP.PWY..superpathway.of.histidine..purine..and.pyrimidine.biosynthesis","acetate","acetate","acetate",-0.0336621359275957,0,0.402436777545876,0.933338071680585,1,0.380783465102218,0.937313481206142,NA,"prevalence",80,76
"PRPP.PWY..superpathway.of.histidine..purine..and.pyrimidine.biosynthesis","Antibiotics","Yes","AntibioticsYes",-0.788464686043979,0,1.34125253209773,0.556628282697838,1,0.691069164155485,0.983585363030474,NA,"prevalence",80,76
"PRPP.PWY..superpathway.of.histidine..purine..and.pyrimidine.biosynthesis","butyrate","butyrate","butyrate",-0.16976606568021,0,0.468935078245136,0.717333597117847,1,0.627085821780617,0.979149576884277,NA,"prevalence",80,76
"PRPP.PWY..superpathway.of.histidine..purine..and.pyrimidine.biosynthesis","Delivery_mode","C-section","Delivery_modeC-section",-0.846920752571549,0,1.05924010905072,0.423968653666686,1,0.0682502944218409,0.652710385570562,NA,"prevalence",80,76
"PRPP.PWY..superpathway.of.histidine..purine..and.pyrimidine.biosynthesis","Ethnicity","European","EthnicityEuropean",-0.492389961576661,0,0.888914396516022,0.579631672834877,1,0.57683564565528,0.976909361648876,NA,"prevalence",80,76
"PRPP.PWY..superpathway.of.histidine..purine..and.pyrimidine.biosynthesis","Feeding_method","Breastfed","Feeding_methodBreastfed",-0.633544643991378,0,0.868296148999977,0.465609531636128,1,0.714426827321842,0.986436398634378,NA,"prevalence",80,76
"PRPP.PWY..superpathway.of.histidine..purine..and.pyrimidine.biosynthesis","isobutyrate","isobutyrate","isobutyrate",0.176935721890272,0,0.467396995339769,0.705017943088565,1,0.703483084968963,0.986317799722192,NA,"prevalence",80,76
"PRPP.PWY..superpathway.of.histidine..purine..and.pyrimidine.biosynthesis","Probiotics","Yes","ProbioticsYes",-0.588949525280092,0,1.92097667280661,0.759156541209022,1,0.926559361387816,1,NA,"prevalence",80,76
"PRPP.PWY..superpathway.of.histidine..purine..and.pyrimidine.biosynthesis","Sex","Female","SexFemale",0.441099748921497,0,0.850322871132771,0.603939387625363,1,0.843135991325428,1,NA,"prevalence",80,76
"PRPP.PWY..superpathway.of.histidine..purine..and.pyrimidine.biosynthesis","Termness","preterm","Termnesspreterm",1.0576129966309,0,1.62947755807404,0.516305825444581,1,0.0456487139405219,0.607286429441843,NA,"prevalence",80,76
"PWY.1269..CMP.3.deoxy.D.manno.octulosonate.biosynthesis","acetate","acetate","acetate",0.0173020046645147,0,0.421984057704675,0.967294652202774,1,0.0191989198364057,0.465702175024869,NA,"prevalence",80,79
"PWY.1269..CMP.3.deoxy.D.manno.octulosonate.biosynthesis","Antibiotics","Yes","AntibioticsYes",-0.350608252070568,0,1.38484920679941,0.800133512193415,1,0.911711859751442,1,NA,"prevalence",80,79
"PWY.1269..CMP.3.deoxy.D.manno.octulosonate.biosynthesis","butyrate","butyrate","butyrate",7.49968573042167e-05,0,0.533991725558465,0.999887940521377,1,0.328811770507931,0.911723569545708,NA,"prevalence",80,79
"PWY.1269..CMP.3.deoxy.D.manno.octulosonate.biosynthesis","Delivery_mode","C-section","Delivery_modeC-section",-0.195166635007198,0,1.09477300105867,0.858509896308193,1,0.219482020716509,0.86756868522252,NA,"prevalence",80,79
"PWY.1269..CMP.3.deoxy.D.manno.octulosonate.biosynthesis","Ethnicity","European","EthnicityEuropean",0.346214913654815,0,0.961020121239448,0.718654417211862,1,0.914131731680554,1,NA,"prevalence",80,79
"PWY.1269..CMP.3.deoxy.D.manno.octulosonate.biosynthesis","Feeding_method","Breastfed","Feeding_methodBreastfed",-0.489768667729357,0,0.925965527481847,0.596855717175472,1,0.694982697772558,0.986210712434055,NA,"prevalence",80,79
"PWY.1269..CMP.3.deoxy.D.manno.octulosonate.biosynthesis","isobutyrate","isobutyrate","isobutyrate",-0.0138627021503428,0,0.566641157481844,0.980481945915373,1,0.544969092579108,0.967219610406066,NA,"prevalence",80,79
"PWY.1269..CMP.3.deoxy.D.manno.octulosonate.biosynthesis","Probiotics","Yes","ProbioticsYes",-0.266432056536548,0,1.91439151623378,0.889313259607628,1,0.884743646563209,1,NA,"prevalence",80,79
"PWY.1269..CMP.3.deoxy.D.manno.octulosonate.biosynthesis","propionate","propionate","propionate",0.0924707740956757,0,0.435566757067271,0.831873082168455,1,0.0882481954909625,0.721132089838405,NA,"prevalence",80,79
"PWY.1269..CMP.3.deoxy.D.manno.octulosonate.biosynthesis","Read_depth","Read_depth","Read_depth",0.0137934904753225,0,0.444703058640868,0.975255738790796,1,0.797414875387077,0.998092298938251,NA,"prevalence",80,79
"PWY.1269..CMP.3.deoxy.D.manno.octulosonate.biosynthesis","Sex","Female","SexFemale",0.251724743003418,0,0.893521347747663,0.778156579325616,1,0.712483457194512,0.986434261270435,NA,"prevalence",80,79
"PWY.1269..CMP.3.deoxy.D.manno.octulosonate.biosynthesis","Termness","preterm","Termnesspreterm",0.345047909380246,0,1.69676536724604,0.838856561801967,1,0.198305456119509,0.853468404222991,NA,"prevalence",80,79
"PWY.1622..formaldehyde.assimilation.I..serine.pathway.","acetate","acetate","acetate",-0.281678978741274,0,0.354975170742661,0.427476428885277,1,0.274230173948937,0.89183731676898,NA,"prevalence",80,29
"PWY.1622..formaldehyde.assimilation.I..serine.pathway.","Antibiotics","Yes","AntibioticsYes",0.482569366882423,0,0.845376144954375,0.568112236943942,1,0.813472960122434,1,NA,"prevalence",80,29
"PWY.1622..formaldehyde.assimilation.I..serine.pathway.","butyrate","butyrate","butyrate",-0.219793625816216,0,0.320907560809526,0.493399086369901,1,0.743355514309149,0.99234705074943,NA,"prevalence",80,29
"PWY.1622..formaldehyde.assimilation.I..serine.pathway.","Delivery_mode","C-section","Delivery_modeC-section",-0.0723473909371294,0,0.588116302259899,0.902094864419109,1,0.939272477853463,1,NA,"prevalence",80,29
"PWY.1622..formaldehyde.assimilation.I..serine.pathway.","isobutyrate","isobutyrate","isobutyrate",0.235571612687823,0,0.327574100909804,0.47205471298117,1,0.721273773914605,0.986891662674378,NA,"prevalence",80,29
"PWY.1622..formaldehyde.assimilation.I..serine.pathway.","Probiotics","Yes","ProbioticsYes",0.176475737574789,0,1.1241710568842,0.875258251234567,1,0.715010563266447,0.986436398634378,NA,"prevalence",80,29
"PWY.1622..formaldehyde.assimilation.I..serine.pathway.","Termness","preterm","Termnesspreterm",-0.411988804691801,0,0.948565261955508,0.66405000469951,1,0.174437574162105,0.834457920240061,NA,"prevalence",80,29
"PWY.181..photorespiration","acetate","acetate","acetate",0.402806071848602,0,0.488039466776378,0.409169775208683,1,0.650919645473042,0.983585363030474,NA,"prevalence",80,16
"PWY.181..photorespiration","Antibiotics","Yes","AntibioticsYes",-0.274546558606791,0,0.933166516134151,0.768597736239876,1,0.54522115766325,0.967219610406066,NA,"prevalence",80,16
"PWY.181..photorespiration","butyrate","butyrate","butyrate",0.191214137976133,0,0.335605977614676,0.568841951932836,1,0.814102737586913,1,NA,"prevalence",80,16
"PWY.181..photorespiration","Ethnicity","European","EthnicityEuropean",0.214118094434624,0,0.664843067109302,0.747408680480377,1,0.92227258312546,1,NA,"prevalence",80,16
"PWY.181..photorespiration","Feeding_method","Breastfed","Feeding_methodBreastfed",-0.536522333501785,0,0.633416792764834,0.396979009397125,1,0.636365684892327,0.980109892930287,NA,"prevalence",80,16
"PWY.181..photorespiration","Probiotics","Yes","ProbioticsYes",-0.131510838899502,0,1.26117653460308,0.916950075016982,1,0.86673589322898,1,NA,"prevalence",80,16
"PWY.181..photorespiration","propionate","propionate","propionate",0.186318005441299,0,0.369876832909857,0.614451221846358,1,0.551131514945251,0.970207088611343,NA,"prevalence",80,16
"PWY.181..photorespiration","Read_depth","Read_depth","Read_depth",0.147698839847048,0,0.282171632011322,0.600670755448797,1,0.840536154446165,1,NA,"prevalence",80,16
"PWY.1861..formaldehyde.assimilation.II..assimilatory.RuMP.Cycle.","acetate","acetate","acetate",-0.22537832601913,0,0.574236007520046,0.694700784397361,1,0.405558959275439,0.939910940436325,NA,"prevalence",80,79
"PWY.1861..formaldehyde.assimilation.II..assimilatory.RuMP.Cycle.","Antibiotics","Yes","AntibioticsYes",0.68786514697411,0,1.25041997694597,0.582245785706784,1,0.345169265837244,0.919827593927218,NA,"prevalence",80,79
"PWY.1861..formaldehyde.assimilation.II..assimilatory.RuMP.Cycle.","butyrate","butyrate","butyrate",0.116848936279887,0,0.579162706504456,0.840108310843475,1,0.974434647738673,1,NA,"prevalence",80,79
"PWY.1861..formaldehyde.assimilation.II..assimilatory.RuMP.Cycle.","Delivery_mode","C-section","Delivery_modeC-section",-0.0526793842263864,0,1.15642816338176,0.963666108935897,1,0.777024406990042,0.995409163122056,NA,"prevalence",80,79
"PWY.1861..formaldehyde.assimilation.II..assimilatory.RuMP.Cycle.","Ethnicity","European","EthnicityEuropean",-0.400294544451983,0,0.973750226218583,0.681009882669193,1,0.677657093339545,0.983585363030474,NA,"prevalence",80,79
"PWY.1861..formaldehyde.assimilation.II..assimilatory.RuMP.Cycle.","Feeding_method","Breastfed","Feeding_methodBreastfed",-0.0689490030656,0,0.962677859306679,0.942902657638992,1,0.658657307053985,0.983585363030474,NA,"prevalence",80,79
"PWY.1861..formaldehyde.assimilation.II..assimilatory.RuMP.Cycle.","isobutyrate","isobutyrate","isobutyrate",-0.147367187185231,0,0.570116673731247,0.796031840557961,1,0.73622396484187,0.990468247299537,NA,"prevalence",80,79
"PWY.1861..formaldehyde.assimilation.II..assimilatory.RuMP.Cycle.","Probiotics","Yes","ProbioticsYes",-0.793659383195075,0,1.79412647625828,0.658224849983477,1,0.883189746831183,1,NA,"prevalence",80,79
"PWY.1861..formaldehyde.assimilation.II..assimilatory.RuMP.Cycle.","propionate","propionate","propionate",0.0710337983880314,0,0.407744444182328,0.86169919571551,1,0.377093484942108,0.937313481206142,NA,"prevalence",80,79
"PWY.1861..formaldehyde.assimilation.II..assimilatory.RuMP.Cycle.","Read_depth","Read_depth","Read_depth",-0.0491246625069763,0,0.477955353166149,0.918136895867356,1,0.165211363460514,0.825148575574503,NA,"prevalence",80,79
"PWY.1861..formaldehyde.assimilation.II..assimilatory.RuMP.Cycle.","Sex","Female","SexFemale",-0.172584575807396,0,0.943397292032357,0.854845533497967,1,0.319930154626525,0.911723569545708,NA,"prevalence",80,79
"PWY.1861..formaldehyde.assimilation.II..assimilatory.RuMP.Cycle.","Termness","preterm","Termnesspreterm",-0.152299894842304,0,1.72518516171829,0.929653881760374,1,0.14431439365825,0.800902568025061,NA,"prevalence",80,79
"PWY.2221..Entner.Doudoroff.pathway.III..semi.phosphorylative.","acetate","acetate","acetate",-0.0240302811615294,0,0.269598438723743,0.928975729520305,1,0.928975729520305,1,NA,"prevalence",80,10
"PWY.2221..Entner.Doudoroff.pathway.III..semi.phosphorylative.","butyrate","butyrate","butyrate",-0.171311643525822,0,0.380074125367864,0.652182577908843,1,0.652182577908843,0.983585363030474,NA,"prevalence",80,10
"PWY.2221..Entner.Doudoroff.pathway.III..semi.phosphorylative.","Delivery_mode","C-section","Delivery_modeC-section",0.484892079412619,0,0.788153616449907,0.538405913039528,1,0.538405913039528,0.966661071390955,NA,"prevalence",80,10
"PWY.2221..Entner.Doudoroff.pathway.III..semi.phosphorylative.","Ethnicity","European","EthnicityEuropean",-0.371988663449003,0,0.708882713233358,0.599754581571558,1,0.599754581571558,0.979044174280157,NA,"prevalence",80,10
"PWY.2221..Entner.Doudoroff.pathway.III..semi.phosphorylative.","Feeding_method","Breastfed","Feeding_methodBreastfed",0.101415694604608,0,0.69697414906521,0.884309369310989,1,0.884309369310989,1,NA,"prevalence",80,10
"PWY.2221..Entner.Doudoroff.pathway.III..semi.phosphorylative.","isobutyrate","isobutyrate","isobutyrate",-0.1609233051405,0,0.401597990699151,0.68863552812258,1,0.68863552812258,0.983585363030474,NA,"prevalence",80,10
"PWY.2221..Entner.Doudoroff.pathway.III..semi.phosphorylative.","Read_depth","Read_depth","Read_depth",0.23454695586366,0,0.378974446837706,0.535982810949819,1,0.535982810949819,0.966661071390955,NA,"prevalence",80,10
"PWY.2221..Entner.Doudoroff.pathway.III..semi.phosphorylative.","Sex","Female","SexFemale",0.0598736893543729,0,0.607849527194647,0.921534604547186,1,0.921534604547186,1,NA,"prevalence",80,10
"PWY.2221..Entner.Doudoroff.pathway.III..semi.phosphorylative.","Termness","preterm","Termnesspreterm",0.161270889342699,0,1.11575551619477,0.885074364874925,1,0.885074364874925,1,NA,"prevalence",80,10
"PWY.241..C4.photosynthetic.carbon.assimilation.cycle..NADP.ME.type","acetate","acetate","acetate",-0.0233399015888678,0,0.378944684700511,0.950887872821129,1,0.143430650882024,0.800902568025061,NA,"prevalence",80,79
"PWY.241..C4.photosynthetic.carbon.assimilation.cycle..NADP.ME.type","Antibiotics","Yes","AntibioticsYes",-0.295346974705708,0,1.40026050051078,0.83294745165021,1,0.931592883718243,1,NA,"prevalence",80,79
"PWY.241..C4.photosynthetic.carbon.assimilation.cycle..NADP.ME.type","butyrate","butyrate","butyrate",0.198097398356496,0,0.561782486054489,0.724371128697946,1,0.0920452101946111,0.726347162687715,NA,"prevalence",80,79
"PWY.241..C4.photosynthetic.carbon.assimilation.cycle..NADP.ME.type","Delivery_mode","C-section","Delivery_modeC-section",-0.204617447787623,0,1.09085769079296,0.851209957388761,1,0.960083966378664,1,NA,"prevalence",80,79
"PWY.241..C4.photosynthetic.carbon.assimilation.cycle..NADP.ME.type","Ethnicity","European","EthnicityEuropean",-0.00465324170758678,0,0.97701141699219,0.996199905533116,1,0.804483848829148,0.998092298938251,NA,"prevalence",80,79
"PWY.241..C4.photosynthetic.carbon.assimilation.cycle..NADP.ME.type","Feeding_method","Breastfed","Feeding_methodBreastfed",0.260290246926597,0,0.950522716532014,0.78420830518797,1,0.953433944450152,1,NA,"prevalence",80,79
"PWY.241..C4.photosynthetic.carbon.assimilation.cycle..NADP.ME.type","isobutyrate","isobutyrate","isobutyrate",-0.0668756113870726,0,0.590296865713065,0.909799463896983,1,0.98963656930214,1,NA,"prevalence",80,79
"PWY.241..C4.photosynthetic.carbon.assimilation.cycle..NADP.ME.type","Probiotics","Yes","ProbioticsYes",-0.020107308728105,0,1.91522303013227,0.991623421280792,1,0.134584145867825,0.790110948424048,NA,"prevalence",80,79
"PWY.241..C4.photosynthetic.carbon.assimilation.cycle..NADP.ME.type","propionate","propionate","propionate",-0.0267835504253769,0,0.525615411497196,0.959360139933809,1,0.89454912579717,1,NA,"prevalence",80,79
"PWY.241..C4.photosynthetic.carbon.assimilation.cycle..NADP.ME.type","Read_depth","Read_depth","Read_depth",0.12960191131556,0,0.451518284376627,0.774084909727862,1,0.314005081517078,0.909197504832412,NA,"prevalence",80,79
"PWY.241..C4.photosynthetic.carbon.assimilation.cycle..NADP.ME.type","Sex","Female","SexFemale",0.22242639824051,0,0.879995494265543,0.800454788592041,1,0.0178963466071509,0.463609150270632,NA,"prevalence",80,79
"PWY.241..C4.photosynthetic.carbon.assimilation.cycle..NADP.ME.type","Termness","preterm","Termnesspreterm",0.116209704975022,0,1.69782267032055,0.945430354367213,1,0.759798125446708,0.993657434340782,NA,"prevalence",80,79
"PWY.2942..L.lysine.biosynthesis.III","acetate","acetate","acetate",-0.19718398618695,0,0.263632094420468,0.454489490634696,1,0.702418284172007,0.986317799722192,NA,"prevalence",80,52
"PWY.2942..L.lysine.biosynthesis.III","Antibiotics","Yes","AntibioticsYes",-0.00282037922112101,0,0.806360075189303,0.997209270998064,1,0.0604664698932063,0.651922639437466,NA,"prevalence",80,52
"PWY.2942..L.lysine.biosynthesis.III","butyrate","butyrate","butyrate",0.0170068161153913,0,0.384177947134424,0.96469072345389,1,0.963705991671553,1,NA,"prevalence",80,52
"PWY.2942..L.lysine.biosynthesis.III","Delivery_mode","C-section","Delivery_modeC-section",-0.331658699318322,0,0.897291539737229,0.711664151786595,1,0.707552762967358,0.986317799722192,NA,"prevalence",80,52
"PWY.3801..sucrose.degradation.II..sucrose.synthase.","Antibiotics","Yes","AntibioticsYes",-0.153888244766312,0,0.812583232332487,0.849793810086825,1,0.462291211091004,0.95160573712957,NA,"prevalence",80,46
"PWY.3801..sucrose.degradation.II..sucrose.synthase.","butyrate","butyrate","butyrate",0.224642525347645,0,0.318840230873766,0.481083215557794,1,0.36767911874838,0.936369811151987,NA,"prevalence",80,46
"PWY.3801..sucrose.degradation.II..sucrose.synthase.","Delivery_mode","C-section","Delivery_modeC-section",-0.0349351837578939,0,0.611219910900823,0.954420538676946,1,0.962744780852832,1,NA,"prevalence",80,46
"PWY.3801..sucrose.degradation.II..sucrose.synthase.","Feeding_method","Breastfed","Feeding_methodBreastfed",0.284791740725566,0,0.537593222575445,0.596283043277808,1,0.698348029183681,0.986317799722192,NA,"prevalence",80,46
"PWY.3801..sucrose.degradation.II..sucrose.synthase.","isobutyrate","isobutyrate","isobutyrate",0.122736866841395,0,0.312571315376115,0.694564439985561,1,0.906709118678666,1,NA,"prevalence",80,46
"PWY.3801..sucrose.degradation.II..sucrose.synthase.","propionate","propionate","propionate",-0.10702385671667,0,0.275833142897761,0.698014431185865,1,0.908804716228003,1,NA,"prevalence",80,46
"PWY.3801..sucrose.degradation.II..sucrose.synthase.","Read_depth","Read_depth","Read_depth",0.164049700607443,0,0.247026441269007,0.506627758496858,1,0.756583831314165,0.993657434340782,NA,"prevalence",80,46
"PWY.3801..sucrose.degradation.II..sucrose.synthase.","Sex","Female","SexFemale",-0.371209359627545,0,0.510451353813924,0.467092484817195,1,0.716009580261689,0.986688809681657,NA,"prevalence",80,46
"PWY.3801..sucrose.degradation.II..sucrose.synthase.","Termness","preterm","Termnesspreterm",0.632039006732931,0,0.913508747088925,0.489012296319296,1,0.738891566687121,0.991892544066652,NA,"prevalence",80,46
"PWY.4041...gamma..glutamyl.cycle","Antibiotics","Yes","AntibioticsYes",-0.350608252070568,0,1.38484920679941,0.800133512193415,1,0.953033212480148,1,NA,"prevalence",80,79
"PWY.4041...gamma..glutamyl.cycle","butyrate","butyrate","butyrate",7.49968573042167e-05,0,0.533991725558465,0.999887940521377,1,0.351333084637715,0.92640552376109,NA,"prevalence",80,79
"PWY.4041...gamma..glutamyl.cycle","Delivery_mode","C-section","Delivery_modeC-section",-0.195166635007198,0,1.09477300105867,0.858509896308193,1,0.705649824786628,0.986317799722192,NA,"prevalence",80,79
"PWY.4041...gamma..glutamyl.cycle","Ethnicity","European","EthnicityEuropean",0.346214913654815,0,0.961020121239448,0.718654417211862,1,0.715432027777045,0.986661594904505,NA,"prevalence",80,79
"PWY.4041...gamma..glutamyl.cycle","Feeding_method","Breastfed","Feeding_methodBreastfed",-0.489768667729357,0,0.925965527481847,0.596855717175472,1,0.593897178039194,0.976974901602956,NA,"prevalence",80,79
"PWY.4041...gamma..glutamyl.cycle","isobutyrate","isobutyrate","isobutyrate",-0.0138627021503428,0,0.566641157481844,0.980481945915373,1,0.77379734533467,0.995084293998679,NA,"prevalence",80,79
"PWY.4041...gamma..glutamyl.cycle","Probiotics","Yes","ProbioticsYes",-0.266432056536548,0,1.91439151623378,0.889313259607628,1,0.979925845509276,1,NA,"prevalence",80,79
"PWY.4041...gamma..glutamyl.cycle","propionate","propionate","propionate",0.0924707740956757,0,0.435566757067271,0.831873082168455,1,0.971733339500465,1,NA,"prevalence",80,79
"PWY.4041...gamma..glutamyl.cycle","Read_depth","Read_depth","Read_depth",0.0137934904753225,0,0.444703058640868,0.975255738790796,1,0.288089872307006,0.900384819041268,NA,"prevalence",80,79
"PWY.4041...gamma..glutamyl.cycle","Sex","Female","SexFemale",0.251724743003418,0,0.893521347747663,0.778156579325616,1,0.126052033705797,0.781611378335619,NA,"prevalence",80,79
"PWY.4041...gamma..glutamyl.cycle","Termness","preterm","Termnesspreterm",0.345047909380246,0,1.69676536724604,0.838856561801967,1,0.974032792325717,1,NA,"prevalence",80,79
"PWY.4984..urea.cycle","Antibiotics","Yes","AntibioticsYes",-0.408999465310126,0,0.81660072636831,0.616472391440875,1,0.50986512173645,0.964395491483136,NA,"prevalence",80,58
"PWY.4984..urea.cycle","butyrate","butyrate","butyrate",-0.156701119086316,0,0.348851110960323,0.653293176930975,1,0.387857530212749,0.937313481206142,NA,"prevalence",80,58
"PWY.4984..urea.cycle","Delivery_mode","C-section","Delivery_modeC-section",0.0463417907871825,0,0.69141185249734,0.946561902870448,1,0.218901586153051,0.86756868522252,NA,"prevalence",80,58
"PWY.4984..urea.cycle","Feeding_method","Breastfed","Feeding_methodBreastfed",-0.05905741954887,0,0.585900459056331,0.919711051529608,1,0.897660468506764,1,NA,"prevalence",80,58
"PWY.4984..urea.cycle","isobutyrate","isobutyrate","isobutyrate",-0.150423833231272,0,0.336309595197804,0.65467445658044,1,0.880750269061985,1,NA,"prevalence",80,58
"PWY.4984..urea.cycle","Probiotics","Yes","ProbioticsYes",0.0313104482149223,0,1.1049979660478,0.977394727037413,1,0.0824870031323249,0.706294964320532,NA,"prevalence",80,58
"PWY.4984..urea.cycle","propionate","propionate","propionate",-0.130590537381627,0,0.317124075450878,0.680488695495115,1,0.0661359306060613,0.652710385570562,NA,"prevalence",80,58
"PWY.4984..urea.cycle","Read_depth","Read_depth","Read_depth",0.196137748940694,0,0.264701422123974,0.458707195246506,1,0.707002099522096,0.986317799722192,NA,"prevalence",80,58
"PWY.4984..urea.cycle","Termness","preterm","Termnesspreterm",-0.356826934320751,0,1.01017713748574,0.723914487218413,1,0.373504318856036,0.937313481206142,NA,"prevalence",80,58
"PWY.5005..biotin.biosynthesis.II","acetate","acetate","acetate",-0.178350594770827,0,0.331062421105975,0.590078722153296,1,0.103323865720028,0.756750258084401,NA,"prevalence",80,67
"PWY.5005..biotin.biosynthesis.II","Antibiotics","Yes","AntibioticsYes",-0.541740698813897,0,0.962705973974374,0.573620757476389,1,0.213122833332591,0.866354983134235,NA,"prevalence",80,67
"PWY.5005..biotin.biosynthesis.II","Ethnicity","European","EthnicityEuropean",-0.414267438580754,0,0.649003576489382,0.523269932518715,1,0.77272844275929,0.995084293998679,NA,"prevalence",80,67
"PWY.5005..biotin.biosynthesis.II","Feeding_method","Breastfed","Feeding_methodBreastfed",-0.355541512898389,0,0.666327445016969,0.593629536780391,1,0.83486304662268,1,NA,"prevalence",80,67
"PWY.5005..biotin.biosynthesis.II","Probiotics","Yes","ProbioticsYes",0.875484590669811,0,1.13784451526972,0.441641795630496,1,0.626861034444616,0.979149576884277,NA,"prevalence",80,67
"PWY.5005..biotin.biosynthesis.II","propionate","propionate","propionate",-0.141877728855049,0,0.2922060492923,0.627293336845986,1,0.543682504228032,0.967219610406066,NA,"prevalence",80,67
"PWY.5028..L.histidine.degradation.II","acetate","acetate","acetate",0.0750032171481041,0,0.227960554799059,0.742141779948322,1,0.620018643656613,0.979149576884277,NA,"prevalence",80,41
"PWY.5028..L.histidine.degradation.II","butyrate","butyrate","butyrate",-0.209671678445476,0,0.296771189492663,0.479871318184617,1,0.729466154352992,0.98865816797718,NA,"prevalence",80,41
"PWY.5028..L.histidine.degradation.II","Delivery_mode","C-section","Delivery_modeC-section",-0.0528816882588607,0,0.570540059662348,0.926152166912208,1,0.305085593764087,0.90799190770971,NA,"prevalence",80,41
"PWY.5028..L.histidine.degradation.II","Ethnicity","European","EthnicityEuropean",-0.282538563121199,0,0.517576122643019,0.585142969152707,1,0.635208377076984,0.980109892930287,NA,"prevalence",80,41
"PWY.5028..L.histidine.degradation.II","Feeding_method","Breastfed","Feeding_methodBreastfed",-0.09044837311404,0,0.503613542166588,0.857467569777399,1,0.839901084041896,1,NA,"prevalence",80,41
"PWY.5028..L.histidine.degradation.II","isobutyrate","isobutyrate","isobutyrate",0.0119304128722034,0,0.289071381415625,0.967079444159946,1,0.826457033420388,1,NA,"prevalence",80,41
"PWY.5028..L.histidine.degradation.II","Probiotics","Yes","ProbioticsYes",-0.435257014778322,0,1.00525037969403,0.665026621744068,1,0.662480142800373,0.983585363030474,NA,"prevalence",80,41
"PWY.5028..L.histidine.degradation.II","propionate","propionate","propionate",0.00197770027535041,0,0.239183758181285,0.99340273542372,1,0.846543106550486,1,NA,"prevalence",80,41
"PWY.5028..L.histidine.degradation.II","Read_depth","Read_depth","Read_depth",0.196004838828854,0,0.260170591535036,0.451227327382741,1,0.69884855378851,0.986317799722192,NA,"prevalence",80,41
"PWY.5028..L.histidine.degradation.II","Sex","Female","SexFemale",-0.211119837088893,0,0.475538548929349,0.657071894666482,1,0.882400314572364,1,NA,"prevalence",80,41
"PWY.5030..L.histidine.degradation.III","acetate","acetate","acetate",0.0800371657635309,0,0.388563018980094,0.836804613919371,1,0.230500958309183,0.876507884642166,NA,"prevalence",80,23
"PWY.5030..L.histidine.degradation.III","Antibiotics","Yes","AntibioticsYes",-0.344815975923572,0,0.906491703847971,0.703659541828799,1,0.912182332850883,1,NA,"prevalence",80,23
"PWY.5030..L.histidine.degradation.III","butyrate","butyrate","butyrate",0.123995143327934,0,0.340617666827167,0.715835401094211,1,0.806207965176842,0.998092298938251,NA,"prevalence",80,23
"PWY.5030..L.histidine.degradation.III","Ethnicity","European","EthnicityEuropean",-0.453835150418396,0,0.610461994386909,0.457221991844972,1,0.705392033863261,0.986317799722192,NA,"prevalence",80,23
"PWY.5030..L.histidine.degradation.III","Feeding_method","Breastfed","Feeding_methodBreastfed",0.247699085971978,0,0.593616489305061,0.676480025520685,1,0.859774540095491,1,NA,"prevalence",80,23
"PWY.5030..L.histidine.degradation.III","isobutyrate","isobutyrate","isobutyrate",-0.29489303220551,0,0.355664715389933,0.407029661716028,1,0.648386177915392,0.983585363030474,NA,"prevalence",80,23
"PWY.5030..L.histidine.degradation.III","Probiotics","Yes","ProbioticsYes",-0.13882096938637,0,1.18910694861395,0.907063009810142,1,0.777734583484201,0.995409163122056,NA,"prevalence",80,23
"PWY.5030..L.histidine.degradation.III","Read_depth","Read_depth","Read_depth",0.0746149411280905,0,0.292173165588239,0.798430255863848,1,0.43769189486406,0.95137647878513,NA,"prevalence",80,23
"PWY.5030..L.histidine.degradation.III","Sex","Female","SexFemale",-0.0611846277810516,0,0.570464904019296,0.914587497553594,1,0.509592885629253,0.964395491483136,NA,"prevalence",80,23
"PWY.5130..2.oxobutanoate.degradation.I","acetate","acetate","acetate",0.100094371434797,0,0.339664647177402,0.768233859627328,1,0.309651338078021,0.90799190770971,NA,"prevalence",80,46
"PWY.5130..2.oxobutanoate.degradation.I","butyrate","butyrate","butyrate",0.167023082129536,0,0.364323716960669,0.646631396499231,1,0.0338391292001085,0.533393274718561,NA,"prevalence",80,46
"PWY.5130..2.oxobutanoate.degradation.I","Delivery_mode","C-section","Delivery_modeC-section",-0.334645811271302,0,0.755941673951706,0.657991898485189,1,0.878799439607279,1,NA,"prevalence",80,46
"PWY.5130..2.oxobutanoate.degradation.I","Ethnicity","European","EthnicityEuropean",-0.184277100064762,0,0.64505742054658,0.775126672471471,1,0.912001671880831,1,NA,"prevalence",80,46
"PWY.5130..2.oxobutanoate.degradation.I","Feeding_method","Breastfed","Feeding_methodBreastfed",-0.216375063056474,0,0.642948978818571,0.736467194989413,1,0.901144375329539,1,NA,"prevalence",80,46
"PWY.5130..2.oxobutanoate.degradation.I","Sex","Female","SexFemale",0.478094019719423,0,0.59244710955969,0.419676983598921,1,0.663225196635153,0.983585363030474,NA,"prevalence",80,46
"PWY.5136..fatty.acid..beta..oxidation.II..plant.peroxisome.","acetate","acetate","acetate",0.167048941279426,0,0.392871433199324,0.670690869563612,1,0.362758016122349,0.935052415092543,NA,"prevalence",80,78
"PWY.5136..fatty.acid..beta..oxidation.II..plant.peroxisome.","Antibiotics","Yes","AntibioticsYes",0.361262083204222,0,1.43381811611672,0.801073453235956,1,0.960428228992533,1,NA,"prevalence",80,78
"PWY.5136..fatty.acid..beta..oxidation.II..plant.peroxisome.","butyrate","butyrate","butyrate",-0.325875784110268,0,0.508727705785748,0.521801996857266,1,0.771326669790302,0.995084293998679,NA,"prevalence",80,78
"PWY.5136..fatty.acid..beta..oxidation.II..plant.peroxisome.","Ethnicity","European","EthnicityEuropean",0.28023528072195,0,0.978028554067133,0.774471625133445,1,0.888279955360982,1,NA,"prevalence",80,78
"PWY.5136..fatty.acid..beta..oxidation.II..plant.peroxisome.","Feeding_method","Breastfed","Feeding_methodBreastfed",0.202191973311965,0,0.913558045306672,0.824840460175528,1,0.59013015536386,0.976974901602956,NA,"prevalence",80,78
"PWY.5136..fatty.acid..beta..oxidation.II..plant.peroxisome.","Probiotics","Yes","ProbioticsYes",-0.147778712497164,0,1.93061107461461,0.938985477965484,1,0.974753511901834,1,NA,"prevalence",80,78
"PWY.5136..fatty.acid..beta..oxidation.II..plant.peroxisome.","Read_depth","Read_depth","Read_depth",-0.210494392890959,0,0.403187520618059,0.601617649272587,1,0.0849346542245937,0.719755523429031,NA,"prevalence",80,78
"PWY.5136..fatty.acid..beta..oxidation.II..plant.peroxisome.","Sex","Female","SexFemale",0.0729048678761636,0,0.864554631888087,0.932796841909818,1,0.434745613993707,0.95137647878513,NA,"prevalence",80,78
"PWY.5136..fatty.acid..beta..oxidation.II..plant.peroxisome.","Termness","preterm","Termnesspreterm",0.772233961938483,0,1.63407491748733,0.636511614985892,1,0.2936975236451,0.900384819041268,NA,"prevalence",80,78
"PWY.5138..fatty.acid..beta..oxidation.IV..unsaturated..even.number.","acetate","acetate","acetate",0.232656217600463,0,0.369524137256961,0.528949556961534,1,0.115066831275832,0.775614098378524,NA,"prevalence",80,75
"PWY.5138..fatty.acid..beta..oxidation.IV..unsaturated..even.number.","Antibiotics","Yes","AntibioticsYes",-0.0823837359259871,0,1.34794471373409,0.951265203941398,1,0.766257805386564,0.995084293998679,NA,"prevalence",80,75
"PWY.5138..fatty.acid..beta..oxidation.IV..unsaturated..even.number.","Ethnicity","European","EthnicityEuropean",0.316329403647188,0,0.910062049046363,0.728147344850063,1,0.926096133887929,1,NA,"prevalence",80,75
"PWY.5138..fatty.acid..beta..oxidation.IV..unsaturated..even.number.","Feeding_method","Breastfed","Feeding_methodBreastfed",-0.321693624505527,0,0.842052646283544,0.702435367021516,1,0.848000063183949,1,NA,"prevalence",80,75
"PWY.5138..fatty.acid..beta..oxidation.IV..unsaturated..even.number.","Probiotics","Yes","ProbioticsYes",-0.534933244808372,0,1.9160052503635,0.780097519986543,1,0.796430002070815,0.998092298938251,NA,"prevalence",80,75
"PWY.5138..fatty.acid..beta..oxidation.IV..unsaturated..even.number.","Read_depth","Read_depth","Read_depth",0.222552988089063,0,0.351957621211349,0.527171959457939,1,0.776433644077155,0.995409163122056,NA,"prevalence",80,75
"PWY.5138..fatty.acid..beta..oxidation.IV..unsaturated..even.number.","Sex","Female","SexFemale",0.194292662536779,0,0.825720053147847,0.813975205201414,1,0.631578926290282,0.979149576884277,NA,"prevalence",80,75
"PWY.5180..toluene.degradation.I..aerobic...via.o.cresol.","acetate","acetate","acetate",-0.00766647004559353,0,0.23568291464721,0.974050390881204,1,0.426371846075188,0.948577380465311,NA,"prevalence",80,52
"PWY.5180..toluene.degradation.I..aerobic...via.o.cresol.","Antibiotics","Yes","AntibioticsYes",-0.741522813445823,0,0.877197263311821,0.397925565142185,1,0.4635936512053,0.95160573712957,NA,"prevalence",80,52
"PWY.5180..toluene.degradation.I..aerobic...via.o.cresol.","butyrate","butyrate","butyrate",-0.188058885214567,0,0.320352369007157,0.557178455762959,1,0.572970499003256,0.976334431269276,NA,"prevalence",80,52
"PWY.5180..toluene.degradation.I..aerobic...via.o.cresol.","Delivery_mode","C-section","Delivery_modeC-section",0.420054805876401,0,0.61849868426273,0.497041365230834,1,0.464603352670379,0.95160573712957,NA,"prevalence",80,52
"PWY.5180..toluene.degradation.I..aerobic...via.o.cresol.","Feeding_method","Breastfed","Feeding_methodBreastfed",0.338271908742972,0,0.548063814424787,0.537094485638419,1,0.78571848477364,0.995409163122056,NA,"prevalence",80,52
"PWY.5180..toluene.degradation.I..aerobic...via.o.cresol.","isobutyrate","isobutyrate","isobutyrate",0.0191081463505692,0,0.313364440761722,0.951377214095382,1,0.982896312838204,1,NA,"prevalence",80,52
"PWY.5180..toluene.degradation.I..aerobic...via.o.cresol.","Sex","Female","SexFemale",0.418543067241943,0,0.532986411427374,0.43228997140378,1,0.663055096778124,0.983585363030474,NA,"prevalence",80,52
"PWY.5265..peptidoglycan.biosynthesis.II..staphylococci.","acetate","acetate","acetate",-0.175391698951316,0,0.52026942711986,0.736028658450422,1,0.201012815501823,0.858073914712386,NA,"prevalence",80,77
"PWY.5265..peptidoglycan.biosynthesis.II..staphylococci.","Antibiotics","Yes","AntibioticsYes",-0.282542846259493,0,1.19632904061305,0.813296984907658,1,0.965141984155429,1,NA,"prevalence",80,77
"PWY.5265..peptidoglycan.biosynthesis.II..staphylococci.","butyrate","butyrate","butyrate",-0.185679123687091,0,0.497276698586552,0.708856738718945,1,0.537355925900976,0.966661071390955,NA,"prevalence",80,77
"PWY.5265..peptidoglycan.biosynthesis.II..staphylococci.","Delivery_mode","C-section","Delivery_modeC-section",0.212225784716339,0,1.01833995183952,0.834913789886584,1,0.335157504615615,0.915787707902611,NA,"prevalence",80,77
"PWY.5265..peptidoglycan.biosynthesis.II..staphylococci.","Feeding_method","Breastfed","Feeding_methodBreastfed",0.0594874964318811,0,0.847333907793348,0.944030100737463,1,0.833693610881753,1,NA,"prevalence",80,77
"PWY.5265..peptidoglycan.biosynthesis.II..staphylococci.","Probiotics","Yes","ProbioticsYes",-0.285393743344432,0,1.79622072279018,0.873758946421685,1,0.314892579255467,0.909197504832412,NA,"prevalence",80,77
"PWY.5265..peptidoglycan.biosynthesis.II..staphylococci.","propionate","propionate","propionate",-0.181411356811322,0,0.455080380408209,0.690161537939869,1,0.00681916057192576,0.320305713721313,NA,"prevalence",80,77
"PWY.5265..peptidoglycan.biosynthesis.II..staphylococci.","Read_depth","Read_depth","Read_depth",0.0464710110345554,0,0.369872971322953,0.900016532599209,1,0.314828475142763,0.909197504832412,NA,"prevalence",80,77
"PWY.5265..peptidoglycan.biosynthesis.II..staphylococci.","Sex","Female","SexFemale",-0.696567273618953,0,0.860365335784241,0.418159752066485,1,0.279036796562442,0.895386779860743,NA,"prevalence",80,77
"PWY.5265..peptidoglycan.biosynthesis.II..staphylococci.","Termness","preterm","Termnesspreterm",-0.139378931757303,0,1.6972679527893,0.934551622968015,1,0.0726983974176095,0.674089603296123,NA,"prevalence",80,77
"PWY.5345..superpathway.of.L.methionine.biosynthesis..by.sulfhydrylation.","acetate","acetate","acetate",-0.0655191580770145,0,0.36746139467482,0.858485687498282,1,0.825907897551485,1,NA,"prevalence",80,79
"PWY.5345..superpathway.of.L.methionine.biosynthesis..by.sulfhydrylation.","Antibiotics","Yes","AntibioticsYes",-0.790687574471152,0,1.42711062937857,0.579546099522216,1,0.257334848613362,0.880494562511276,NA,"prevalence",80,79
"PWY.5345..superpathway.of.L.methionine.biosynthesis..by.sulfhydrylation.","butyrate","butyrate","butyrate",-0.0601638461871355,0,0.573772347294771,0.916489557578582,1,0.722981794786741,0.986891662674378,NA,"prevalence",80,79
"PWY.5345..superpathway.of.L.methionine.biosynthesis..by.sulfhydrylation.","Delivery_mode","C-section","Delivery_modeC-section",-0.153802395536477,0,1.1433662163071,0.89299362935846,1,0.960043109571258,1,NA,"prevalence",80,79
"PWY.5345..superpathway.of.L.methionine.biosynthesis..by.sulfhydrylation.","Feeding_method","Breastfed","Feeding_methodBreastfed",0.635381152998964,0,0.994997534030984,0.523099054941772,1,0.772565488602569,0.995084293998679,NA,"prevalence",80,79
"PWY.5345..superpathway.of.L.methionine.biosynthesis..by.sulfhydrylation.","isobutyrate","isobutyrate","isobutyrate",-0.0955692518123055,0,0.563370470773457,0.865294540162274,1,0.951191561498504,1,NA,"prevalence",80,79
"PWY.5345..superpathway.of.L.methionine.biosynthesis..by.sulfhydrylation.","Probiotics","Yes","ProbioticsYes",0.259142916511935,0,1.91076915577243,0.892119871829673,1,0.0956191374558349,0.743953096120838,NA,"prevalence",80,79
"PWY.5345..superpathway.of.L.methionine.biosynthesis..by.sulfhydrylation.","propionate","propionate","propionate",0.00837372428179357,0,0.462425822785545,0.985552493246253,1,0.980404585251637,1,NA,"prevalence",80,79
"PWY.5345..superpathway.of.L.methionine.biosynthesis..by.sulfhydrylation.","Read_depth","Read_depth","Read_depth",0.0879443236545314,0,0.430541454283732,0.83814683036964,1,0.277705498570673,0.894797826876664,NA,"prevalence",80,79
"PWY.5345..superpathway.of.L.methionine.biosynthesis..by.sulfhydrylation.","Sex","Female","SexFemale",-0.309979237815853,0,0.897993402227093,0.729950786631743,1,0.0872299369399668,0.720633247885957,NA,"prevalence",80,79
"PWY.5345..superpathway.of.L.methionine.biosynthesis..by.sulfhydrylation.","Termness","preterm","Termnesspreterm",-0.320102738929477,0,1.70960644929684,0.851474285760383,1,0.404146871115966,0.939910940436325,NA,"prevalence",80,79
"PWY.5347..superpathway.of.L.methionine.biosynthesis..transsulfuration.","acetate","acetate","acetate",0.0173020046645147,0,0.421984057704675,0.967294652202774,1,0.681431620946437,0.983585363030474,NA,"prevalence",80,79
"PWY.5347..superpathway.of.L.methionine.biosynthesis..transsulfuration.","Antibiotics","Yes","AntibioticsYes",-0.350608252070568,0,1.38484920679941,0.800133512193415,1,0.96005338705186,1,NA,"prevalence",80,79
"PWY.5347..superpathway.of.L.methionine.biosynthesis..transsulfuration.","butyrate","butyrate","butyrate",7.49968573042167e-05,0,0.533991725558465,0.999887940521377,1,0.695466516189303,0.986210712434055,NA,"prevalence",80,79
"PWY.5347..superpathway.of.L.methionine.biosynthesis..transsulfuration.","Delivery_mode","C-section","Delivery_modeC-section",-0.195166635007198,0,1.09477300105867,0.858509896308193,1,0.796669645327542,0.998092298938251,NA,"prevalence",80,79
"PWY.5347..superpathway.of.L.methionine.biosynthesis..transsulfuration.","Ethnicity","European","EthnicityEuropean",0.346214913654815,0,0.961020121239448,0.718654417211862,1,0.920844663045603,1,NA,"prevalence",80,79
"PWY.5347..superpathway.of.L.methionine.biosynthesis..transsulfuration.","Feeding_method","Breastfed","Feeding_methodBreastfed",-0.489768667729357,0,0.925965527481847,0.596855717175472,1,0.837474687225897,1,NA,"prevalence",80,79
"PWY.5347..superpathway.of.L.methionine.biosynthesis..transsulfuration.","isobutyrate","isobutyrate","isobutyrate",-0.0138627021503428,0,0.566641157481844,0.980481945915373,1,0.607201385743316,0.979149576884277,NA,"prevalence",80,79
"PWY.5347..superpathway.of.L.methionine.biosynthesis..transsulfuration.","Probiotics","Yes","ProbioticsYes",-0.266432056536548,0,1.91439151623378,0.889313259607628,1,0.97643566872391,1,NA,"prevalence",80,79
"PWY.5347..superpathway.of.L.methionine.biosynthesis..transsulfuration.","propionate","propionate","propionate",0.0924707740956757,0,0.435566757067271,0.831873082168455,1,0.913121767014988,1,NA,"prevalence",80,79
"PWY.5347..superpathway.of.L.methionine.biosynthesis..transsulfuration.","Read_depth","Read_depth","Read_depth",0.0137934904753225,0,0.444703058640868,0.975255738790796,1,0.01573250173344,0.447810495446019,NA,"prevalence",80,79
"PWY.5347..superpathway.of.L.methionine.biosynthesis..transsulfuration.","Sex","Female","SexFemale",0.251724743003418,0,0.893521347747663,0.778156579325616,1,0.950785496703488,1,NA,"prevalence",80,79
"PWY.5347..superpathway.of.L.methionine.biosynthesis..transsulfuration.","Termness","preterm","Termnesspreterm",0.345047909380246,0,1.69676536724604,0.838856561801967,1,0.235763968641364,0.876913946711319,NA,"prevalence",80,79
"PWY.5367..petroselinate.biosynthesis","acetate","acetate","acetate",-0.155543924296876,0,0.407198682001453,0.702472243516678,1,0.911477234122001,1,NA,"prevalence",80,72
"PWY.5367..petroselinate.biosynthesis","Antibiotics","Yes","AntibioticsYes",-0.405166259182695,0,1.07200043654677,0.70546517782686,1,0.592950171202292,0.976974901602956,NA,"prevalence",80,72
"PWY.5367..petroselinate.biosynthesis","butyrate","butyrate","butyrate",-0.177927442247324,0,0.420857227099718,0.672460247596905,1,0.606186338013381,0.979149576884277,NA,"prevalence",80,72
"PWY.5367..petroselinate.biosynthesis","Delivery_mode","C-section","Delivery_modeC-section",-0.543519361304672,0,0.877443119011257,0.535629542568238,1,0.436015589513102,0.95137647878513,NA,"prevalence",80,72
"PWY.5367..petroselinate.biosynthesis","Ethnicity","European","EthnicityEuropean",-0.559238545624573,0,0.761768072399694,0.4628681105703,1,0.711489333357681,0.986434261270435,NA,"prevalence",80,72
"PWY.5367..petroselinate.biosynthesis","Feeding_method","Breastfed","Feeding_methodBreastfed",0.570238069672107,0,0.754766299524365,0.44993939278636,1,0.697433328391762,0.986317799722192,NA,"prevalence",80,72
"PWY.5367..petroselinate.biosynthesis","isobutyrate","isobutyrate","isobutyrate",0.118975606888008,0,0.390558681521707,0.760648523053789,1,0.251693008498524,0.880494562511276,NA,"prevalence",80,72
"PWY.5367..petroselinate.biosynthesis","Probiotics","Yes","ProbioticsYes",0.905518042814468,0,1.33104261070279,0.496309885096852,1,0.746296268148854,0.99234705074943,NA,"prevalence",80,72
"PWY.5367..petroselinate.biosynthesis","propionate","propionate","propionate",0.0352460308373188,0,0.347216103651518,0.919145335875576,1,0.852481270533267,1,NA,"prevalence",80,72
"PWY.5367..petroselinate.biosynthesis","Read_depth","Read_depth","Read_depth",0.250668973351637,0,0.299924067635862,0.403281613842673,1,0.00320642707434195,0.236263375124071,NA,"prevalence",80,72
"PWY.5367..petroselinate.biosynthesis","Sex","Female","SexFemale",-0.514413921780848,0,0.687209366995163,0.454125538778226,1,0.645791699185267,0.983585363030474,NA,"prevalence",80,72
"PWY.5367..petroselinate.biosynthesis","Termness","preterm","Termnesspreterm",-0.439336739657567,0,1.13439806065437,0.698544324148349,1,0.778314383000623,0.995409163122056,NA,"prevalence",80,72
"PWY.5392..reductive.TCA.cycle.II","acetate","acetate","acetate",-0.081538730494228,0,0.252754273110071,0.746997588428513,1,0.848438544720612,1,NA,"prevalence",80,36
"PWY.5392..reductive.TCA.cycle.II","Antibiotics","Yes","AntibioticsYes",-0.212042013470203,0,0.764973512525323,0.781635215910949,1,0.941174094672706,1,NA,"prevalence",80,36
"PWY.5392..reductive.TCA.cycle.II","Delivery_mode","C-section","Delivery_modeC-section",0.418804218007828,0,0.610167712683247,0.492476299220378,1,0.742419693146957,0.99234705074943,NA,"prevalence",80,36
"PWY.5392..reductive.TCA.cycle.II","Ethnicity","European","EthnicityEuropean",0.416971789096456,0,0.547231689157124,0.446080462799126,1,0.215886186873606,0.866354983134235,NA,"prevalence",80,36
"PWY.5392..reductive.TCA.cycle.II","Probiotics","Yes","ProbioticsYes",-0.808574713875879,0,1.03040806790036,0.432621797694963,1,0.678081975549105,0.983585363030474,NA,"prevalence",80,36
"PWY.5392..reductive.TCA.cycle.II","Sex","Female","SexFemale",-0.411483048714782,0,0.497040371049676,0.407746135669773,1,0.649235360185914,0.983585363030474,NA,"prevalence",80,36
"PWY.5415..catechol.degradation.I..meta.cleavage.pathway.","acetate","acetate","acetate",-0.00766647004559353,0,0.23568291464721,0.974050390881204,1,0.999326617786582,1,NA,"prevalence",80,52
"PWY.5415..catechol.degradation.I..meta.cleavage.pathway.","Antibiotics","Yes","AntibioticsYes",-0.741522813445823,0,0.877197263311821,0.397925565142185,1,0.560863593181124,0.973511265260311,NA,"prevalence",80,52
"PWY.5415..catechol.degradation.I..meta.cleavage.pathway.","butyrate","butyrate","butyrate",-0.188058885214567,0,0.320352369007157,0.557178455762959,1,0.78832282558611,0.995409163122056,NA,"prevalence",80,52
"PWY.5415..catechol.degradation.I..meta.cleavage.pathway.","Delivery_mode","C-section","Delivery_modeC-section",0.420054805876401,0,0.61849868426273,0.497041365230834,1,0.622899838927093,0.979149576884277,NA,"prevalence",80,52
"PWY.5415..catechol.degradation.I..meta.cleavage.pathway.","Feeding_method","Breastfed","Feeding_methodBreastfed",0.338271908742972,0,0.548063814424787,0.537094485638419,1,0.469869803686373,0.955324157446281,NA,"prevalence",80,52
"PWY.5415..catechol.degradation.I..meta.cleavage.pathway.","isobutyrate","isobutyrate","isobutyrate",0.0191081463505692,0,0.313364440761722,0.951377214095382,1,0.850080539994748,1,NA,"prevalence",80,52
"PWY.5415..catechol.degradation.I..meta.cleavage.pathway.","Sex","Female","SexFemale",0.418543067241943,0,0.532986411427374,0.43228997140378,1,0.677705323431279,0.983585363030474,NA,"prevalence",80,52
"PWY.5417..catechol.degradation.III..ortho.cleavage.pathway.","Delivery_mode","C-section","Delivery_modeC-section",-0.304406520797365,0,0.61746117280309,0.622014689936384,1,0.0302842528957719,0.515701115499315,NA,"prevalence",80,51
"PWY.5417..catechol.degradation.III..ortho.cleavage.pathway.","Ethnicity","European","EthnicityEuropean",0.0452982470585827,0,0.585965208842046,0.938380632923473,1,0.994889442535476,1,NA,"prevalence",80,51
"PWY.5417..catechol.degradation.III..ortho.cleavage.pathway.","Feeding_method","Breastfed","Feeding_methodBreastfed",-0.169023666684926,0,0.556943468631201,0.761520717445731,1,0.0999148361784325,0.746358414346301,NA,"prevalence",80,51
"PWY.5417..catechol.degradation.III..ortho.cleavage.pathway.","isobutyrate","isobutyrate","isobutyrate",0.236152065223173,0,0.323816955951597,0.465832602882407,1,0.714665191856616,0.986436398634378,NA,"prevalence",80,51
"PWY.5417..catechol.degradation.III..ortho.cleavage.pathway.","Probiotics","Yes","ProbioticsYes",-1.34600576697393,0,1.69553136208805,0.427279946458156,1,0.671991740271027,0.983585363030474,NA,"prevalence",80,51
"PWY.5431..aromatic.compounds.degradation.via..beta..ketoadipate","Delivery_mode","C-section","Delivery_modeC-section",-0.304406520797365,0,0.61746117280309,0.622014689936384,1,0.0302518201099995,0.515701115499315,NA,"prevalence",80,51
"PWY.5431..aromatic.compounds.degradation.via..beta..ketoadipate","Ethnicity","European","EthnicityEuropean",0.0452982470585827,0,0.585965208842046,0.938380632923473,1,0.994889314755467,1,NA,"prevalence",80,51
"PWY.5431..aromatic.compounds.degradation.via..beta..ketoadipate","Feeding_method","Breastfed","Feeding_methodBreastfed",-0.169023666684926,0,0.556943468631201,0.761520717445731,1,0.0999446517357187,0.746358414346301,NA,"prevalence",80,51
"PWY.5431..aromatic.compounds.degradation.via..beta..ketoadipate","isobutyrate","isobutyrate","isobutyrate",0.236152065223173,0,0.323816955951597,0.465832602882407,1,0.714665191856616,0.986436398634378,NA,"prevalence",80,51
"PWY.5431..aromatic.compounds.degradation.via..beta..ketoadipate","Probiotics","Yes","ProbioticsYes",-1.34600576697393,0,1.69553136208805,0.427279946458156,1,0.671991740271027,0.983585363030474,NA,"prevalence",80,51
"PWY.5497..purine.nucleobases.degradation.II..anaerobic.","acetate","acetate","acetate",0.0923007701072047,0,0.25875415998655,0.721307258497064,1,0.922330355833578,1,NA,"prevalence",80,51
"PWY.5497..purine.nucleobases.degradation.II..anaerobic.","Antibiotics","Yes","AntibioticsYes",-0.408901184680819,0,0.80344150691129,0.610796319114452,1,0.689806771432533,0.983585363030474,NA,"prevalence",80,51
"PWY.5497..purine.nucleobases.degradation.II..anaerobic.","Delivery_mode","C-section","Delivery_modeC-section",-0.54070753459322,0,0.645139211081514,0.401960300435946,1,0.544223445791821,0.967219610406066,NA,"prevalence",80,51
"PWY.5497..purine.nucleobases.degradation.II..anaerobic.","Ethnicity","European","EthnicityEuropean",0.250343046648606,0,0.562302688266746,0.656167657843236,1,0.881779320486994,1,NA,"prevalence",80,51
"PWY.5497..purine.nucleobases.degradation.II..anaerobic.","Probiotics","Yes","ProbioticsYes",-0.045886381434802,0,1.01764956929027,0.964035131696186,1,0.629871362200995,0.979149576884277,NA,"prevalence",80,51
"PWY.5497..purine.nucleobases.degradation.II..anaerobic.","propionate","propionate","propionate",0.150990186814041,0,0.263293303474591,0.566328110127716,1,0.811928691934601,1,NA,"prevalence",80,51
"PWY.5497..purine.nucleobases.degradation.II..anaerobic.","Read_depth","Read_depth","Read_depth",-0.150501358447691,0,0.244858847520258,0.538788940862832,1,0.691545343217057,0.983585363030474,NA,"prevalence",80,51
"PWY.5497..purine.nucleobases.degradation.II..anaerobic.","Sex","Female","SexFemale",0.11615195935856,0,0.531088457901138,0.826879475137117,1,0.375508190942987,0.937313481206142,NA,"prevalence",80,51
"PWY.5497..purine.nucleobases.degradation.II..anaerobic.","Termness","preterm","Termnesspreterm",0.319727674222009,0,0.899693599225639,0.72230945671608,1,0.31573286159392,0.909197504832412,NA,"prevalence",80,51
"PWY.5505..L.glutamate.and.L.glutamine.biosynthesis","acetate","acetate","acetate",-0.182343177303905,0,0.27463194994316,0.506719297054847,1,0.0087992335030852,0.394525633065602,NA,"prevalence",80,54
"PWY.5505..L.glutamate.and.L.glutamine.biosynthesis","butyrate","butyrate","butyrate",0.0664618499857381,0,0.336193517078867,0.843288187629089,1,0.0571802854638969,0.643865680155113,NA,"prevalence",80,54
"PWY.5505..L.glutamate.and.L.glutamine.biosynthesis","Ethnicity","European","EthnicityEuropean",-0.0609831422979925,0,0.587193591253579,0.917284213455568,1,0.9294872807841,1,NA,"prevalence",80,54
"PWY.5505..L.glutamate.and.L.glutamine.biosynthesis","Feeding_method","Breastfed","Feeding_methodBreastfed",-0.00426375091867865,0,0.582172226205697,0.994156453257148,1,0.737520595694068,0.99059138833419,NA,"prevalence",80,54
"PWY.5505..L.glutamate.and.L.glutamine.biosynthesis","Probiotics","Yes","ProbioticsYes",0.185495031126632,0,1.201045016447,0.877259114958594,1,0.984934675139252,1,NA,"prevalence",80,54
"PWY.5505..L.glutamate.and.L.glutamine.biosynthesis","Read_depth","Read_depth","Read_depth",0.0154564330003342,0,0.26252090964373,0.953050109757001,1,0.668910718099514,0.983585363030474,NA,"prevalence",80,54
"PWY.5505..L.glutamate.and.L.glutamine.biosynthesis","Termness","preterm","Termnesspreterm",0.8555811749347,0,1.04183332355429,0.411517242203261,1,0.635294069738737,0.980109892930287,NA,"prevalence",80,54
"PWY.561..superpathway.of.glyoxylate.cycle.and.fatty.acid.degradation","acetate","acetate","acetate",0.180054605762506,0,0.363111420077592,0.61998895897071,1,0.84494293321592,1,NA,"prevalence",80,74
"PWY.561..superpathway.of.glyoxylate.cycle.and.fatty.acid.degradation","Antibiotics","Yes","AntibioticsYes",-0.47858044749772,0,1.31654249463638,0.716221626615788,1,0.797960169770649,0.998092298938251,NA,"prevalence",80,74
"PWY.561..superpathway.of.glyoxylate.cycle.and.fatty.acid.degradation","Ethnicity","European","EthnicityEuropean",0.296864790395954,0,0.887709425979852,0.738065195764386,1,0.931390158330051,1,NA,"prevalence",80,74
"PWY.561..superpathway.of.glyoxylate.cycle.and.fatty.acid.degradation","Feeding_method","Breastfed","Feeding_methodBreastfed",-0.0874057700521197,0,0.805370299705179,0.91357633692327,1,0.731485148810285,0.989044376667862,NA,"prevalence",80,74
"PWY.561..superpathway.of.glyoxylate.cycle.and.fatty.acid.degradation","Probiotics","Yes","ProbioticsYes",-0.409804716229375,0,1.91339070488033,0.830408853892226,1,0.971238843161852,1,NA,"prevalence",80,74
"PWY.561..superpathway.of.glyoxylate.cycle.and.fatty.acid.degradation","Read_depth","Read_depth","Read_depth",0.153491192384306,0,0.323917325707826,0.635600342875718,1,0.867212889887706,1,NA,"prevalence",80,74
"PWY.561..superpathway.of.glyoxylate.cycle.and.fatty.acid.degradation","Sex","Female","SexFemale",0.349296340761521,0,0.779375489142746,0.654027152910128,1,0.740819513695304,0.99234705074943,NA,"prevalence",80,74
"PWY.5654..2.amino.3.carboxymuconate.semialdehyde.degradation.to.2.hydroxypentadienoate","acetate","acetate","acetate",0.10069253117566,0,0.27267396104737,0.711920423074861,1,0.751500836045051,0.993657434340782,NA,"prevalence",80,19
"PWY.5654..2.amino.3.carboxymuconate.semialdehyde.degradation.to.2.hydroxypentadienoate","Antibiotics","Yes","AntibioticsYes",-0.420293035951957,0,0.824853091762007,0.610375984087201,1,0.848193126223983,1,NA,"prevalence",80,19
"PWY.5654..2.amino.3.carboxymuconate.semialdehyde.degradation.to.2.hydroxypentadienoate","butyrate","butyrate","butyrate",-0.232325314989161,0,0.371816922615933,0.532077435835395,1,0.691440470954695,0.983585363030474,NA,"prevalence",80,19
"PWY.5654..2.amino.3.carboxymuconate.semialdehyde.degradation.to.2.hydroxypentadienoate","Delivery_mode","C-section","Delivery_modeC-section",-0.243126129304295,0,0.721996801181568,0.736311939527379,1,0.754071100500132,0.993657434340782,NA,"prevalence",80,19
"PWY.5654..2.amino.3.carboxymuconate.semialdehyde.degradation.to.2.hydroxypentadienoate","Ethnicity","European","EthnicityEuropean",-0.269957483000234,0,0.611109590102319,0.658670335034935,1,0.857293562419143,1,NA,"prevalence",80,19
"PWY.5654..2.amino.3.carboxymuconate.semialdehyde.degradation.to.2.hydroxypentadienoate","Feeding_method","Breastfed","Feeding_methodBreastfed",0.0184507991363385,0,0.598633897214502,0.975411888084189,1,0.622156802830346,0.979149576884277,NA,"prevalence",80,19
"PWY.5654..2.amino.3.carboxymuconate.semialdehyde.degradation.to.2.hydroxypentadienoate","Termness","preterm","Termnesspreterm",-1.05367105472417,0,1.58778933273216,0.50694069090686,1,0.756892517716595,0.993657434340782,NA,"prevalence",80,19
"PWY.5656..mannosylglycerate.biosynthesis.I","acetate","acetate","acetate",-0.0303332553302123,0,0.330456321185885,0.926863279394991,1,0.686196753889222,0.983585363030474,NA,"prevalence",80,39
"PWY.5656..mannosylglycerate.biosynthesis.I","Antibiotics","Yes","AntibioticsYes",0.170418532445521,0,0.791330717641137,0.829489068209429,1,0.970852595172884,1,NA,"prevalence",80,39
"PWY.5656..mannosylglycerate.biosynthesis.I","Feeding_method","Breastfed","Feeding_methodBreastfed",-0.254862941193667,0,0.560359614651469,0.649238507798287,1,0.876966375588427,1,NA,"prevalence",80,39
"PWY.5675..nitrate.reduction.V..assimilatory.","acetate","acetate","acetate",0.0173020046645147,0,0.421984057704675,0.967294652202774,1,0.293910185878178,0.900384819041268,NA,"prevalence",80,79
"PWY.5675..nitrate.reduction.V..assimilatory.","Antibiotics","Yes","AntibioticsYes",-0.350608252070568,0,1.38484920679941,0.800133512193415,1,0.521310506813502,0.965491332934357,NA,"prevalence",80,79
"PWY.5675..nitrate.reduction.V..assimilatory.","butyrate","butyrate","butyrate",7.49968573042167e-05,0,0.533991725558465,0.999887940521377,1,0.142551931933593,0.800902568025061,NA,"prevalence",80,79
"PWY.5675..nitrate.reduction.V..assimilatory.","Delivery_mode","C-section","Delivery_modeC-section",-0.195166635007198,0,1.09477300105867,0.858509896308193,1,0.159617198958973,0.812844382071501,NA,"prevalence",80,79
"PWY.5675..nitrate.reduction.V..assimilatory.","Ethnicity","European","EthnicityEuropean",0.346214913654815,0,0.961020121239448,0.718654417211862,1,0.89475972858979,1,NA,"prevalence",80,79
"PWY.5675..nitrate.reduction.V..assimilatory.","Feeding_method","Breastfed","Feeding_methodBreastfed",-0.489768667729357,0,0.925965527481847,0.596855717175472,1,0.689359846314693,0.983585363030474,NA,"prevalence",80,79
"PWY.5675..nitrate.reduction.V..assimilatory.","isobutyrate","isobutyrate","isobutyrate",-0.0138627021503428,0,0.566641157481844,0.980481945915373,1,0.176990590011327,0.836059034529441,NA,"prevalence",80,79
"PWY.5675..nitrate.reduction.V..assimilatory.","Probiotics","Yes","ProbioticsYes",-0.266432056536548,0,1.91439151623378,0.889313259607628,1,0.714408540563529,0.986436398634378,NA,"prevalence",80,79
"PWY.5675..nitrate.reduction.V..assimilatory.","propionate","propionate","propionate",0.0924707740956757,0,0.435566757067271,0.831873082168455,1,0.160216494416367,0.812844382071501,NA,"prevalence",80,79
"PWY.5675..nitrate.reduction.V..assimilatory.","Read_depth","Read_depth","Read_depth",0.0137934904753225,0,0.444703058640868,0.975255738790796,1,0.487844113906763,0.959721566198384,NA,"prevalence",80,79
"PWY.5675..nitrate.reduction.V..assimilatory.","Sex","Female","SexFemale",0.251724743003418,0,0.893521347747663,0.778156579325616,1,0.950785496703488,1,NA,"prevalence",80,79
"PWY.5675..nitrate.reduction.V..assimilatory.","Termness","preterm","Termnesspreterm",0.345047909380246,0,1.69676536724604,0.838856561801967,1,0.118339444281523,0.775614098378524,NA,"prevalence",80,79
"PWY.5676..acetyl.CoA.fermentation.to.butanoate.II","butyrate","butyrate","butyrate",0.169582935477016,0,0.352312048435215,0.630272746438818,1,0.755576647814897,0.993657434340782,NA,"prevalence",80,45
"PWY.5676..acetyl.CoA.fermentation.to.butanoate.II","Ethnicity","European","EthnicityEuropean",-0.28224848098759,0,0.635088662437987,0.656736250065523,1,0.398248914942807,0.939910940436325,NA,"prevalence",80,45
"PWY.5676..acetyl.CoA.fermentation.to.butanoate.II","isobutyrate","isobutyrate","isobutyrate",-0.0574252426402967,0,0.343568646138831,0.867257192869105,1,0.525331433552019,0.966661071390955,NA,"prevalence",80,45
"PWY.5676..acetyl.CoA.fermentation.to.butanoate.II","Probiotics","Yes","ProbioticsYes",-0.0615371529925851,0,1.02787834695575,0.952260664091519,1,0.629630388438254,0.979149576884277,NA,"prevalence",80,45
"PWY.5676..acetyl.CoA.fermentation.to.butanoate.II","propionate","propionate","propionate",-0.124264425794852,0,0.311809116496487,0.690241584940762,1,0.904049724299989,1,NA,"prevalence",80,45
"PWY.5676..acetyl.CoA.fermentation.to.butanoate.II","Read_depth","Read_depth","Read_depth",0.138155250305298,0,0.274342366277078,0.614551626974219,1,0.709374512281547,0.986434261270435,NA,"prevalence",80,45
"PWY.5676..acetyl.CoA.fermentation.to.butanoate.II","Sex","Female","SexFemale",-0.0544789697664492,0,0.558135328587757,0.922242865200715,1,0.419222639726016,0.946704161726983,NA,"prevalence",80,45
"PWY.5676..acetyl.CoA.fermentation.to.butanoate.II","Termness","preterm","Termnesspreterm",0.194973520282986,0,0.908968834795407,0.830157419834111,1,0.04211018780324,0.584264594708749,NA,"prevalence",80,45
"PWY.5692..allantoin.degradation.to.glyoxylate.II","acetate","acetate","acetate",-0.130858025526755,0,0.258854886441931,0.61318903428199,1,0.556231623957377,0.97247929279732,NA,"prevalence",80,29
"PWY.5692..allantoin.degradation.to.glyoxylate.II","Antibiotics","Yes","AntibioticsYes",0.361979500231498,0,0.795083428413277,0.648913316351361,1,0.0869345316746556,0.720633247885957,NA,"prevalence",80,29
"PWY.5692..allantoin.degradation.to.glyoxylate.II","Ethnicity","European","EthnicityEuropean",0.34158971479322,0,0.548243352388498,0.533243641813749,1,0.276360468837619,0.893191240043994,NA,"prevalence",80,29
"PWY.5692..allantoin.degradation.to.glyoxylate.II","isobutyrate","isobutyrate","isobutyrate",0.0607254705485082,0,0.310098304066148,0.844745954991255,1,0.832961416987049,1,NA,"prevalence",80,29
"PWY.5692..allantoin.degradation.to.glyoxylate.II","Probiotics","Yes","ProbioticsYes",0.57894361646627,0,1.15019175636961,0.61472152135455,1,0.851560493892647,1,NA,"prevalence",80,29
"PWY.5692..allantoin.degradation.to.glyoxylate.II","propionate","propionate","propionate",0.0789682182352619,0,0.261900255677147,0.763017846708877,1,0.512224547898581,0.964605264080454,NA,"prevalence",80,29
"PWY.5692..allantoin.degradation.to.glyoxylate.II","Read_depth","Read_depth","Read_depth",-0.202290271386645,0,0.248981832916067,0.416521990306169,1,0.598653898594654,0.977669214526104,NA,"prevalence",80,29
"PWY.5692..allantoin.degradation.to.glyoxylate.II","Sex","Female","SexFemale",-0.232718322968349,0,0.507727009848837,0.646698675923443,1,0.74899350554274,0.993554590999675,NA,"prevalence",80,29
"PWY.5692..allantoin.degradation.to.glyoxylate.II","Termness","preterm","Termnesspreterm",-0.510066896462494,0,1.04686924440036,0.626094809922418,1,0.440352427951617,0.95137647878513,NA,"prevalence",80,29
"PWY.5705..allantoin.degradation.to.glyoxylate.III","acetate","acetate","acetate",-0.0928265947817793,0,0.318918737926642,0.771000378925527,1,0.805618991643537,0.998092298938251,NA,"prevalence",80,46
"PWY.5705..allantoin.degradation.to.glyoxylate.III","propionate","propionate","propionate",0.217787463598406,0,0.259168149934186,0.400721888231532,1,0.64086574475522,0.981294583400417,NA,"prevalence",80,46
"PWY.5705..allantoin.degradation.to.glyoxylate.III","Read_depth","Read_depth","Read_depth",-0.187154859306792,0,0.241590762818463,0.438530417989251,1,0.553275124866968,0.97146111142248,NA,"prevalence",80,46
"PWY.5705..allantoin.degradation.to.glyoxylate.III","Sex","Female","SexFemale",-0.0801585620139846,0,0.521410024923045,0.877819304071694,1,0.725742962607526,0.986891662674378,NA,"prevalence",80,46
"PWY.5705..allantoin.degradation.to.glyoxylate.III","Termness","preterm","Termnesspreterm",0.302300038435589,0,0.886112577134016,0.732988340385012,1,0.83296066637657,1,NA,"prevalence",80,46
"PWY.5723..Rubisco.shunt","acetate","acetate","acetate",0.196260578081244,0,0.379062761770401,0.604631174089465,1,0.226038320978576,0.872999999268862,NA,"prevalence",80,76
"PWY.5723..Rubisco.shunt","Antibiotics","Yes","AntibioticsYes",-0.0190680562711487,0,1.34810387110078,0.988714815861967,1,0.672468111261252,0.983585363030474,NA,"prevalence",80,76
"PWY.5723..Rubisco.shunt","Ethnicity","European","EthnicityEuropean",0.391813823155999,0,0.93025430808886,0.67361633721134,1,0.743412612909651,0.99234705074943,NA,"prevalence",80,76
"PWY.5723..Rubisco.shunt","Feeding_method","Breastfed","Feeding_methodBreastfed",-0.1893884422359,0,0.846144613533813,0.822893362107002,1,0.78538504244341,0.995409163122056,NA,"prevalence",80,76
"PWY.5723..Rubisco.shunt","Probiotics","Yes","ProbioticsYes",-0.47310230375581,0,1.91536721729132,0.804905556876119,1,0.901405866403128,1,NA,"prevalence",80,76
"PWY.5723..Rubisco.shunt","Sex","Female","SexFemale",0.387058600739982,0,0.845977854445907,0.64729154331732,1,0.875596744584522,1,NA,"prevalence",80,76
"PWY.5723..Rubisco.shunt","Termness","preterm","Termnesspreterm",1.28032765857273,0,1.62078063682152,0.429559853976567,1,0.674598039804765,0.983585363030474,NA,"prevalence",80,76
"PWY.5747..2.methylcitrate.cycle.II","Antibiotics","Yes","AntibioticsYes",0.101099157332828,0,0.761702399869285,0.894408579794272,1,0.215894782009176,0.866354983134235,NA,"prevalence",80,47
"PWY.5747..2.methylcitrate.cycle.II","butyrate","butyrate","butyrate",-0.233820117685232,0,0.299321747109184,0.434704581581374,1,0.680441089914911,0.983585363030474,NA,"prevalence",80,47
"PWY.5747..2.methylcitrate.cycle.II","Delivery_mode","C-section","Delivery_modeC-section",-0.396983414744247,0,0.595918458389449,0.505302000553573,1,0.755273889343703,0.993657434340782,NA,"prevalence",80,47
"PWY.5747..2.methylcitrate.cycle.II","Ethnicity","European","EthnicityEuropean",0.0740129500148035,0,0.532363774602713,0.889428796213628,1,0.812140010300605,1,NA,"prevalence",80,47
"PWY.5747..2.methylcitrate.cycle.II","Feeding_method","Breastfed","Feeding_methodBreastfed",-0.333864630044226,0,0.516063876533544,0.517667934761354,1,0.565628080653266,0.976334431269276,NA,"prevalence",80,47
"PWY.5747..2.methylcitrate.cycle.II","isobutyrate","isobutyrate","isobutyrate",0.100498849325074,0,0.300005301127556,0.737632444879242,1,0.931163266019956,1,NA,"prevalence",80,47
"PWY.5747..2.methylcitrate.cycle.II","Probiotics","Yes","ProbioticsYes",0.145767493790791,0,1.00434987160156,0.884603361022159,1,0.818903767310995,1,NA,"prevalence",80,47
"PWY.5747..2.methylcitrate.cycle.II","Sex","Female","SexFemale",-0.402733448909151,0,0.498977331869408,0.419598661073751,1,0.663134285772618,0.983585363030474,NA,"prevalence",80,47
"PWY.5747..2.methylcitrate.cycle.II","Termness","preterm","Termnesspreterm",-0.0110129519181568,0,0.876860723702242,0.989979214420211,1,0.0647576763669251,0.652710385570562,NA,"prevalence",80,47
"PWY.5838..superpathway.of.menaquinol.8.biosynthesis.I","acetate","acetate","acetate",0.154985427182181,0,0.375998323427719,0.680194945684396,1,0.897724727234194,1,NA,"prevalence",80,76
"PWY.5838..superpathway.of.menaquinol.8.biosynthesis.I","Antibiotics","Yes","AntibioticsYes",-0.381170785979731,0,1.35440753501215,0.778380682563423,1,0.924712138529887,1,NA,"prevalence",80,76
"PWY.5838..superpathway.of.menaquinol.8.biosynthesis.I","butyrate","butyrate","butyrate",-0.221178492538567,0,0.472502271721974,0.639712808148533,1,0.627680662265119,0.979149576884277,NA,"prevalence",80,76
"PWY.5838..superpathway.of.menaquinol.8.biosynthesis.I","Ethnicity","European","EthnicityEuropean",-0.00564841243471556,0,0.891545237670481,0.994945011498143,1,0.965370780346138,1,NA,"prevalence",80,76
"PWY.5838..superpathway.of.menaquinol.8.biosynthesis.I","Feeding_method","Breastfed","Feeding_methodBreastfed",-0.645538512007068,0,0.871568225309458,0.458897676686658,1,0.707208275704904,0.986317799722192,NA,"prevalence",80,76
"PWY.5838..superpathway.of.menaquinol.8.biosynthesis.I","Probiotics","Yes","ProbioticsYes",-0.439017656856054,0,1.91024942309963,0.818229961012109,1,0.582886305225925,0.976974901602956,NA,"prevalence",80,76
"PWY.5838..superpathway.of.menaquinol.8.biosynthesis.I","Read_depth","Read_depth","Read_depth",0.279876298339732,0,0.352265145321327,0.42690169911106,1,0.67155833751821,0.983585363030474,NA,"prevalence",80,76
"PWY.5838..superpathway.of.menaquinol.8.biosynthesis.I","Sex","Female","SexFemale",-0.134029935258745,0,0.838454581856909,0.872996445403515,1,0.387365054160752,0.937313481206142,NA,"prevalence",80,76
"PWY.5838..superpathway.of.menaquinol.8.biosynthesis.I","Termness","preterm","Termnesspreterm",1.27245751698019,0,1.61482616467072,0.430705942952733,1,0.675904276610663,0.983585363030474,NA,"prevalence",80,76
"PWY.5845..superpathway.of.menaquinol.9.biosynthesis","acetate","acetate","acetate",0.195871758685575,0,0.401101839802211,0.625313118495846,1,0.859609740828692,1,NA,"prevalence",80,77
"PWY.5845..superpathway.of.menaquinol.9.biosynthesis","Antibiotics","Yes","AntibioticsYes",0.33293045625988,0,1.43117859041392,0.816051236174108,1,0.900266972854166,1,NA,"prevalence",80,77
"PWY.5845..superpathway.of.menaquinol.9.biosynthesis","Ethnicity","European","EthnicityEuropean",0.149280447132563,0,0.977041938492381,0.87856532931785,1,0.740396543584234,0.99234705074943,NA,"prevalence",80,77
"PWY.5845..superpathway.of.menaquinol.9.biosynthesis","Feeding_method","Breastfed","Feeding_methodBreastfed",0.239394164797558,0,0.901675547288115,0.790624901854959,1,0.441752560014388,0.95137647878513,NA,"prevalence",80,77
"PWY.5845..superpathway.of.menaquinol.9.biosynthesis","Probiotics","Yes","ProbioticsYes",-0.237540600014726,0,1.93264597030591,0.90217874221864,1,0.483120344706591,0.959080836132184,NA,"prevalence",80,77
"PWY.5845..superpathway.of.menaquinol.9.biosynthesis","Sex","Female","SexFemale",0.227249347226059,0,0.878170009600942,0.795808054688315,1,0.833208531149978,1,NA,"prevalence",80,77
"PWY.5845..superpathway.of.menaquinol.9.biosynthesis","Termness","preterm","Termnesspreterm",1.05153858228279,0,1.62515140006335,0.517605808648709,1,0.767295844150534,0.995084293998679,NA,"prevalence",80,77
"PWY.5850..superpathway.of.menaquinol.6.biosynthesis","acetate","acetate","acetate",0.232656217600463,0,0.369524137256961,0.528949556961534,1,0.658625472245832,0.983585363030474,NA,"prevalence",80,75
"PWY.5850..superpathway.of.menaquinol.6.biosynthesis","Antibiotics","Yes","AntibioticsYes",-0.0823837359259871,0,1.34794471373409,0.951265203941398,1,0.992700091433956,1,NA,"prevalence",80,75
"PWY.5850..superpathway.of.menaquinol.6.biosynthesis","Ethnicity","European","EthnicityEuropean",0.316329403647188,0,0.910062049046363,0.728147344850063,1,0.926096133887929,1,NA,"prevalence",80,75
"PWY.5850..superpathway.of.menaquinol.6.biosynthesis","Feeding_method","Breastfed","Feeding_methodBreastfed",-0.321693624505527,0,0.842052646283544,0.702435367021516,1,0.91145528920038,1,NA,"prevalence",80,75
"PWY.5850..superpathway.of.menaquinol.6.biosynthesis","Probiotics","Yes","ProbioticsYes",-0.534933244808372,0,1.9160052503635,0.780097519986543,1,0.0485873650225904,0.619206419357664,NA,"prevalence",80,75
"PWY.5850..superpathway.of.menaquinol.6.biosynthesis","Read_depth","Read_depth","Read_depth",0.222552988089063,0,0.351957621211349,0.527171959457939,1,0.776433644077155,0.995409163122056,NA,"prevalence",80,75
"PWY.5850..superpathway.of.menaquinol.6.biosynthesis","Sex","Female","SexFemale",0.194292662536779,0,0.825720053147847,0.813975205201414,1,0.910997732169341,1,NA,"prevalence",80,75
"PWY.5855..ubiquinol.7.biosynthesis..early.decarboxylation.","acetate","acetate","acetate",0.196260578081244,0,0.379062761770401,0.604631174089465,1,0.590659681147454,0.976974901602956,NA,"prevalence",80,76
"PWY.5855..ubiquinol.7.biosynthesis..early.decarboxylation.","Antibiotics","Yes","AntibioticsYes",-0.0190680562711487,0,1.34810387110078,0.988714815861967,1,0.367940935525659,0.936369811151987,NA,"prevalence",80,76
"PWY.5855..ubiquinol.7.biosynthesis..early.decarboxylation.","Ethnicity","European","EthnicityEuropean",0.391813823155999,0,0.93025430808886,0.67361633721134,1,0.893473704664658,1,NA,"prevalence",80,76
"PWY.5855..ubiquinol.7.biosynthesis..early.decarboxylation.","Feeding_method","Breastfed","Feeding_methodBreastfed",-0.1893884422359,0,0.846144613533813,0.822893362107002,1,0.533706389275553,0.966661071390955,NA,"prevalence",80,76
"PWY.5855..ubiquinol.7.biosynthesis..early.decarboxylation.","Probiotics","Yes","ProbioticsYes",-0.47310230375581,0,1.91536721729132,0.804905556876119,1,0.595851683702695,0.976974901602956,NA,"prevalence",80,76
"PWY.5855..ubiquinol.7.biosynthesis..early.decarboxylation.","Sex","Female","SexFemale",0.387058600739982,0,0.845977854445907,0.64729154331732,1,0.535140532357654,0.966661071390955,NA,"prevalence",80,76
"PWY.5855..ubiquinol.7.biosynthesis..early.decarboxylation.","Termness","preterm","Termnesspreterm",1.28032765857273,0,1.62078063682152,0.429559853976567,1,0.178990818299795,0.836884810553953,NA,"prevalence",80,76
"PWY.5860..superpathway.of.demethylmenaquinol.6.biosynthesis.I","acetate","acetate","acetate",0.232656217600463,0,0.369524137256961,0.528949556961534,1,0.778111480113265,0.995409163122056,NA,"prevalence",80,75
"PWY.5860..superpathway.of.demethylmenaquinol.6.biosynthesis.I","Antibiotics","Yes","AntibioticsYes",-0.0823837359259871,0,1.34794471373409,0.951265203941398,1,0.997624919653126,1,NA,"prevalence",80,75
"PWY.5860..superpathway.of.demethylmenaquinol.6.biosynthesis.I","Ethnicity","European","EthnicityEuropean",0.316329403647188,0,0.910062049046363,0.728147344850063,1,0.926096133887929,1,NA,"prevalence",80,75
"PWY.5860..superpathway.of.demethylmenaquinol.6.biosynthesis.I","Feeding_method","Breastfed","Feeding_methodBreastfed",-0.321693624505527,0,0.842052646283544,0.702435367021516,1,0.91145528920038,1,NA,"prevalence",80,75
"PWY.5860..superpathway.of.demethylmenaquinol.6.biosynthesis.I","Probiotics","Yes","ProbioticsYes",-0.534933244808372,0,1.9160052503635,0.780097519986543,1,0.0676187486456112,0.652710385570562,NA,"prevalence",80,75
"PWY.5860..superpathway.of.demethylmenaquinol.6.biosynthesis.I","Read_depth","Read_depth","Read_depth",0.222552988089063,0,0.351957621211349,0.527171959457939,1,0.460839888351844,0.95160573712957,NA,"prevalence",80,75
"PWY.5860..superpathway.of.demethylmenaquinol.6.biosynthesis.I","Sex","Female","SexFemale",0.194292662536779,0,0.825720053147847,0.813975205201414,1,0.785994585996155,0.995409163122056,NA,"prevalence",80,75
"PWY.5861..superpathway.of.demethylmenaquinol.8.biosynthesis.I","acetate","acetate","acetate",0.154985427182181,0,0.375998323427719,0.680194945684396,1,0.897724727234194,1,NA,"prevalence",80,76
"PWY.5861..superpathway.of.demethylmenaquinol.8.biosynthesis.I","Antibiotics","Yes","AntibioticsYes",-0.381170785979731,0,1.35440753501215,0.778380682563423,1,0.950884878138946,1,NA,"prevalence",80,76
"PWY.5861..superpathway.of.demethylmenaquinol.8.biosynthesis.I","butyrate","butyrate","butyrate",-0.221178492538567,0,0.472502271721974,0.639712808148533,1,0.870193139387785,1,NA,"prevalence",80,76
"PWY.5861..superpathway.of.demethylmenaquinol.8.biosynthesis.I","Ethnicity","European","EthnicityEuropean",-0.00564841243471556,0,0.891545237670481,0.994945011498143,1,0.998843254889989,1,NA,"prevalence",80,76
"PWY.5861..superpathway.of.demethylmenaquinol.8.biosynthesis.I","Feeding_method","Breastfed","Feeding_methodBreastfed",-0.645538512007068,0,0.871568225309458,0.458897676686658,1,0.621340420580956,0.979149576884277,NA,"prevalence",80,76
"PWY.5861..superpathway.of.demethylmenaquinol.8.biosynthesis.I","Probiotics","Yes","ProbioticsYes",-0.439017656856054,0,1.91024942309963,0.818229961012109,1,0.543379638931119,0.967219610406066,NA,"prevalence",80,76
"PWY.5861..superpathway.of.demethylmenaquinol.8.biosynthesis.I","Read_depth","Read_depth","Read_depth",0.279876298339732,0,0.352265145321327,0.42690169911106,1,0.605178235209391,0.979149576884277,NA,"prevalence",80,76
"PWY.5861..superpathway.of.demethylmenaquinol.8.biosynthesis.I","Sex","Female","SexFemale",-0.134029935258745,0,0.838454581856909,0.872996445403515,1,0.307684895734073,0.90799190770971,NA,"prevalence",80,76
"PWY.5861..superpathway.of.demethylmenaquinol.8.biosynthesis.I","Termness","preterm","Termnesspreterm",1.27245751698019,0,1.61482616467072,0.430705942952733,1,0.675904276610663,0.983585363030474,NA,"prevalence",80,76
"PWY.5862..superpathway.of.demethylmenaquinol.9.biosynthesis","acetate","acetate","acetate",0.195871758685575,0,0.401101839802211,0.625313118495846,1,0.859609740828692,1,NA,"prevalence",80,77
"PWY.5862..superpathway.of.demethylmenaquinol.9.biosynthesis","Antibiotics","Yes","AntibioticsYes",0.33293045625988,0,1.43117859041392,0.816051236174108,1,0.884577550453447,1,NA,"prevalence",80,77
"PWY.5862..superpathway.of.demethylmenaquinol.9.biosynthesis","Ethnicity","European","EthnicityEuropean",0.149280447132563,0,0.977041938492381,0.87856532931785,1,0.745756069093838,0.99234705074943,NA,"prevalence",80,77
"PWY.5862..superpathway.of.demethylmenaquinol.9.biosynthesis","Feeding_method","Breastfed","Feeding_methodBreastfed",0.239394164797558,0,0.901675547288115,0.790624901854959,1,0.562232783262144,0.975354233925043,NA,"prevalence",80,77
"PWY.5862..superpathway.of.demethylmenaquinol.9.biosynthesis","Probiotics","Yes","ProbioticsYes",-0.237540600014726,0,1.93264597030591,0.90217874221864,1,0.501123973942846,0.964062047389755,NA,"prevalence",80,77
"PWY.5862..superpathway.of.demethylmenaquinol.9.biosynthesis","Sex","Female","SexFemale",0.227249347226059,0,0.878170009600942,0.795808054688315,1,0.757253571899466,0.993657434340782,NA,"prevalence",80,77
"PWY.5862..superpathway.of.demethylmenaquinol.9.biosynthesis","Termness","preterm","Termnesspreterm",1.05153858228279,0,1.62515140006335,0.517605808648709,1,0.767295844150534,0.995084293998679,NA,"prevalence",80,77
"PWY.5896..superpathway.of.menaquinol.10.biosynthesis","acetate","acetate","acetate",0.232656217600463,0,0.369524137256961,0.528949556961534,1,0.65878631248307,0.983585363030474,NA,"prevalence",80,75
"PWY.5896..superpathway.of.menaquinol.10.biosynthesis","Antibiotics","Yes","AntibioticsYes",-0.0823837359259871,0,1.34794471373409,0.951265203941398,1,0.992705424114678,1,NA,"prevalence",80,75
"PWY.5896..superpathway.of.menaquinol.10.biosynthesis","Ethnicity","European","EthnicityEuropean",0.316329403647188,0,0.910062049046363,0.728147344850063,1,0.926096133887929,1,NA,"prevalence",80,75
"PWY.5896..superpathway.of.menaquinol.10.biosynthesis","Feeding_method","Breastfed","Feeding_methodBreastfed",-0.321693624505527,0,0.842052646283544,0.702435367021516,1,0.91145528920038,1,NA,"prevalence",80,75
"PWY.5896..superpathway.of.menaquinol.10.biosynthesis","Probiotics","Yes","ProbioticsYes",-0.534933244808372,0,1.9160052503635,0.780097519986543,1,0.0492152111467814,0.622383131733143,NA,"prevalence",80,75
"PWY.5896..superpathway.of.menaquinol.10.biosynthesis","Read_depth","Read_depth","Read_depth",0.222552988089063,0,0.351957621211349,0.527171959457939,1,0.776433644077155,0.995409163122056,NA,"prevalence",80,75
"PWY.5896..superpathway.of.menaquinol.10.biosynthesis","Sex","Female","SexFemale",0.194292662536779,0,0.825720053147847,0.813975205201414,1,0.910858772157934,1,NA,"prevalence",80,75
"PWY.5910..superpathway.of.geranylgeranyldiphosphate.biosynthesis.I..via.mevalonate.","Antibiotics","Yes","AntibioticsYes",-0.237400939569168,0,0.984511441425459,0.809449878279346,1,0.658900299577232,0.983585363030474,NA,"prevalence",80,71
"PWY.5910..superpathway.of.geranylgeranyldiphosphate.biosynthesis.I..via.mevalonate.","butyrate","butyrate","butyrate",-0.150765429344918,0,0.405421928015963,0.709987480831255,1,0.773954450887862,0.995084293998679,NA,"prevalence",80,71
"PWY.5910..superpathway.of.geranylgeranyldiphosphate.biosynthesis.I..via.mevalonate.","Delivery_mode","C-section","Delivery_modeC-section",-8.6445920211349e-05,0,0.889363916197109,0.999922445847289,1,0.52187214691668,0.9659627915634,NA,"prevalence",80,71
"PWY.5910..superpathway.of.geranylgeranyldiphosphate.biosynthesis.I..via.mevalonate.","Ethnicity","European","EthnicityEuropean",-0.323964946966511,0,0.736580370727454,0.660065348799694,1,0.373164774058382,0.937313481206142,NA,"prevalence",80,71
"PWY.5910..superpathway.of.geranylgeranyldiphosphate.biosynthesis.I..via.mevalonate.","Feeding_method","Breastfed","Feeding_methodBreastfed",0.119764853841535,0,0.701389518687294,0.864417438146449,1,0.981617368921228,1,NA,"prevalence",80,71
"PWY.5910..superpathway.of.geranylgeranyldiphosphate.biosynthesis.I..via.mevalonate.","Probiotics","Yes","ProbioticsYes",0.186272617569001,0,1.25475070603614,0.881984576707718,1,0.908107454782023,1,NA,"prevalence",80,71
"PWY.5910..superpathway.of.geranylgeranyldiphosphate.biosynthesis.I..via.mevalonate.","Read_depth","Read_depth","Read_depth",0.134737756880022,0,0.340088255219355,0.691968791541311,1,0.0758476615825013,0.687500006789714,NA,"prevalence",80,71
"PWY.5910..superpathway.of.geranylgeranyldiphosphate.biosynthesis.I..via.mevalonate.","Sex","Female","SexFemale",-0.142736226577931,0,0.675280044695134,0.832595925898146,1,0.971975875974101,1,NA,"prevalence",80,71
"PWY.5910..superpathway.of.geranylgeranyldiphosphate.biosynthesis.I..via.mevalonate.","Termness","preterm","Termnesspreterm",-0.571252392446039,0,1.18507861287361,0.629779270889265,1,0.629617340678613,0.979149576884277,NA,"prevalence",80,71
"PWY.5920..superpathway.of.heme.b.biosynthesis.from.glycine","acetate","acetate","acetate",0.0747234089453824,0,0.366164181550281,0.838298190558529,1,0.899044117535221,1,NA,"prevalence",80,76
"PWY.5920..superpathway.of.heme.b.biosynthesis.from.glycine","Antibiotics","Yes","AntibioticsYes",-0.717628373765387,0,1.31660052361596,0.585711159236453,1,0.321913080702343,0.911723569545708,NA,"prevalence",80,76
"PWY.5920..superpathway.of.heme.b.biosynthesis.from.glycine","Ethnicity","European","EthnicityEuropean",0.148236378018884,0,0.870490621476894,0.864781596366515,1,0.641574282685125,0.981769892089058,NA,"prevalence",80,76
"PWY.5920..superpathway.of.heme.b.biosynthesis.from.glycine","Feeding_method","Breastfed","Feeding_methodBreastfed",-0.418721304474379,0,0.826119312833209,0.612257751056337,1,0.759889557018058,0.993657434340782,NA,"prevalence",80,76
"PWY.5920..superpathway.of.heme.b.biosynthesis.from.glycine","Probiotics","Yes","ProbioticsYes",-0.283591216889515,0,1.90228338268951,0.881491000741248,1,0.000587535701823991,0.0682445963743936,NA,"prevalence",80,76
"PWY.5920..superpathway.of.heme.b.biosynthesis.from.glycine","Read_depth","Read_depth","Read_depth",-0.308894719943132,0,0.393047799055007,0.431928378124151,1,0.677294632419343,0.983585363030474,NA,"prevalence",80,76
"PWY.5920..superpathway.of.heme.b.biosynthesis.from.glycine","Sex","Female","SexFemale",-0.0443055802728209,0,0.770946993379162,0.95417157127373,1,0.27695948358032,0.894541043233882,NA,"prevalence",80,76
"PWY.5920..superpathway.of.heme.b.biosynthesis.from.glycine","Termness","preterm","Termnesspreterm",0.957315681494507,0,1.60706712546482,0.551381564250784,1,0.00914043978449264,0.403074144669931,NA,"prevalence",80,76
"PWY.5971..palmitate.biosynthesis..type.II.fatty.acid.synthase.","acetate","acetate","acetate",-0.0435827102753576,0,0.363276059842644,0.904505863121177,1,0.0597051150320452,0.651922639437466,NA,"prevalence",80,74
"PWY.5971..palmitate.biosynthesis..type.II.fatty.acid.synthase.","Antibiotics","Yes","AntibioticsYes",-0.487195502378426,0,1.17489227786059,0.67838167620446,1,0.896561653798947,1,NA,"prevalence",80,74
"PWY.5971..palmitate.biosynthesis..type.II.fatty.acid.synthase.","butyrate","butyrate","butyrate",-0.0182985363009661,0,0.506504805773395,0.971181034954559,1,0.758507295191181,0.993657434340782,NA,"prevalence",80,74
"PWY.5971..palmitate.biosynthesis..type.II.fatty.acid.synthase.","Delivery_mode","C-section","Delivery_modeC-section",-0.732587316496054,0,1.07325214508243,0.49486823111108,1,0.243344481206077,0.880494562511276,NA,"prevalence",80,74
"PWY.5971..palmitate.biosynthesis..type.II.fatty.acid.synthase.","Feeding_method","Breastfed","Feeding_methodBreastfed",0.368000304281573,0,0.874225864345845,0.673795830860125,1,0.871301239479931,1,NA,"prevalence",80,74
"PWY.5971..palmitate.biosynthesis..type.II.fatty.acid.synthase.","isobutyrate","isobutyrate","isobutyrate",-0.170197075460593,0,0.448619267956645,0.704405869655873,1,0.315926225760636,0.909197504832412,NA,"prevalence",80,74
"PWY.5971..palmitate.biosynthesis..type.II.fatty.acid.synthase.","Probiotics","Yes","ProbioticsYes",1.0084275968802,0,1.35623291119513,0.457148487050491,1,0.70531223488843,0.986317799722192,NA,"prevalence",80,74
"PWY.5971..palmitate.biosynthesis..type.II.fatty.acid.synthase.","propionate","propionate","propionate",-0.0572777863083651,0,0.437946006483989,0.895943550725041,1,0.253524953021361,0.880494562511276,NA,"prevalence",80,74
"PWY.5971..palmitate.biosynthesis..type.II.fatty.acid.synthase.","Termness","preterm","Termnesspreterm",-0.685152822432609,0,1.2009526300914,0.56833334484934,1,0.609349919030958,0.979149576884277,NA,"prevalence",80,74
"PWY.5972..stearate.biosynthesis.I..animals.","acetate","acetate","acetate",-0.0398438704519788,0,0.245918580232021,0.871289649255522,1,0.341722623494124,0.9189618206505,NA,"prevalence",80,29
"PWY.5972..stearate.biosynthesis.I..animals.","Delivery_mode","C-section","Delivery_modeC-section",-0.32061505484286,0,0.705171860340334,0.649352212290031,1,0.445787420818438,0.95137647878513,NA,"prevalence",80,29
"PWY.5972..stearate.biosynthesis.I..animals.","Ethnicity","European","EthnicityEuropean",-0.294197017759605,0,0.582918102418745,0.61377166820338,1,0.805616163445427,0.998092298938251,NA,"prevalence",80,29
"PWY.5972..stearate.biosynthesis.I..animals.","Feeding_method","Breastfed","Feeding_methodBreastfed",-0.0274695857893217,0,0.596868843973375,0.963292063558976,1,0.525469485141314,0.966661071390955,NA,"prevalence",80,29
"PWY.5972..stearate.biosynthesis.I..animals.","Probiotics","Yes","ProbioticsYes",-0.901141667360888,0,1.06839790022898,0.39897605511004,1,0.63877021766891,0.980109892930287,NA,"prevalence",80,29
"PWY.5972..stearate.biosynthesis.I..animals.","Sex","Female","SexFemale",-0.144579077386428,0,0.542469227647772,0.789838504628684,1,0.79909040034446,0.998092298938251,NA,"prevalence",80,29
"PWY.5994..palmitate.biosynthesis..type.I.fatty.acid.synthase.","acetate","acetate","acetate",0.295411666015707,0,0.393472415720136,0.452784385907787,1,0.452784385907787,0.95137647878513,NA,"prevalence",80,11
"PWY.5994..palmitate.biosynthesis..type.I.fatty.acid.synthase.","Antibiotics","Yes","AntibioticsYes",-0.0263020591238101,0,1.33393929537656,0.98426866409128,1,0.98426866409128,1,NA,"prevalence",80,11
"PWY.5994..palmitate.biosynthesis..type.I.fatty.acid.synthase.","Ethnicity","European","EthnicityEuropean",0.58511410477427,0,0.704302736827088,0.406103156032114,1,0.406103156032114,0.939910940436325,NA,"prevalence",80,11
"PWY.5994..palmitate.biosynthesis..type.I.fatty.acid.synthase.","isobutyrate","isobutyrate","isobutyrate",0.316137551259855,0,0.413973323307177,0.44506602012957,1,0.44506602012957,0.95137647878513,NA,"prevalence",80,11
"PWY.5994..palmitate.biosynthesis..type.I.fatty.acid.synthase.","Probiotics","Yes","ProbioticsYes",0.115495351327381,0,1.89826125564437,0.951484478899009,1,0.951484478899009,1,NA,"prevalence",80,11
"PWY.5994..palmitate.biosynthesis..type.I.fatty.acid.synthase.","Read_depth","Read_depth","Read_depth",0.105149226747761,0,0.342749332232516,0.759009529592466,1,0.759009529592466,0.993657434340782,NA,"prevalence",80,11
"PWY.5994..palmitate.biosynthesis..type.I.fatty.acid.synthase.","Sex","Female","SexFemale",-0.122156896125999,0,0.663589479514871,0.853946741983617,1,0.853946741983617,1,NA,"prevalence",80,11
"PWY.5994..palmitate.biosynthesis..type.I.fatty.acid.synthase.","Termness","preterm","Termnesspreterm",-1.07574827282645,0,1.58532833780448,0.497413545976778,1,0.497413545976778,0.961537261555846,NA,"prevalence",80,11
"PWY.6168..flavin.biosynthesis.III..fungi.","acetate","acetate","acetate",-0.0744528092709393,0,0.292733033905084,0.79923530293289,1,0.767350056036607,0.995084293998679,NA,"prevalence",80,36
"PWY.6168..flavin.biosynthesis.III..fungi.","isobutyrate","isobutyrate","isobutyrate",0.160403169569006,0,0.306815881844014,0.60111383308198,1,0.840889825841449,1,NA,"prevalence",80,36
"PWY.6168..flavin.biosynthesis.III..fungi.","Probiotics","Yes","ProbioticsYes",0.515367270886659,0,1.15675149102823,0.65593692266868,1,0.875963103883426,1,NA,"prevalence",80,36
"PWY.6168..flavin.biosynthesis.III..fungi.","propionate","propionate","propionate",0.08094090278331,0,0.255543093842652,0.751440350531421,1,0.929528404546662,1,NA,"prevalence",80,36
"PWY.6168..flavin.biosynthesis.III..fungi.","Read_depth","Read_depth","Read_depth",-0.179169515657779,0,0.243144328003466,0.461192017700876,1,0.267258209762296,0.888942651029872,NA,"prevalence",80,36
"PWY.6168..flavin.biosynthesis.III..fungi.","Sex","Female","SexFemale",-0.0625516208270867,0,0.51112475666016,0.902597808920977,1,0.670761981609088,0.983585363030474,NA,"prevalence",80,36
"PWY.6168..flavin.biosynthesis.III..fungi.","Termness","preterm","Termnesspreterm",-0.74088789982872,0,1.04149644308085,0.476855831887507,1,0.726320179369887,0.986891662674378,NA,"prevalence",80,36
"PWY.6182..superpathway.of.salicylate.degradation","Delivery_mode","C-section","Delivery_modeC-section",-0.112430838617189,0,0.606088527283164,0.852835046928764,1,0.00947262193534196,0.403074144669931,NA,"prevalence",80,49
"PWY.6182..superpathway.of.salicylate.degradation","Ethnicity","European","EthnicityEuropean",0.251174245064382,0,0.583691019665746,0.666962474927852,1,0.865614212284162,1,NA,"prevalence",80,49
"PWY.6182..superpathway.of.salicylate.degradation","Feeding_method","Breastfed","Feeding_methodBreastfed",-0.298192073410662,0,0.556633951561418,0.592161848432515,1,0.27240286686988,0.89183731676898,NA,"prevalence",80,49
"PWY.6182..superpathway.of.salicylate.degradation","Probiotics","Yes","ProbioticsYes",-1.36059447376129,0,1.6941258805914,0.421902616850347,1,0.665803415595523,0.983585363030474,NA,"prevalence",80,49
"PWY.6185..4.methylcatechol.degradation..ortho.cleavage.","Delivery_mode","C-section","Delivery_modeC-section",-0.0906695421230999,0,0.653743712411791,0.889692912512639,1,0.0147216473494346,0.447810495446019,NA,"prevalence",80,51
"PWY.6185..4.methylcatechol.degradation..ortho.cleavage.","Ethnicity","European","EthnicityEuropean",0.329708284213501,0,0.618227767821363,0.593817625727014,1,0.83501587882996,1,NA,"prevalence",80,51
"PWY.6185..4.methylcatechol.degradation..ortho.cleavage.","Feeding_method","Breastfed","Feeding_methodBreastfed",-0.180527913489579,0,0.586206519245211,0.758113088991925,1,0.216611947993523,0.866354983134235,NA,"prevalence",80,51
"PWY.6210..2.aminophenol.degradation","acetate","acetate","acetate",0.10069253117566,0,0.27267396104737,0.711920423074861,1,0.751520572480947,0.993657434340782,NA,"prevalence",80,19
"PWY.6210..2.aminophenol.degradation","Antibiotics","Yes","AntibioticsYes",-0.420293035951957,0,0.824853091762007,0.610375984087201,1,0.848193126223983,1,NA,"prevalence",80,19
"PWY.6210..2.aminophenol.degradation","butyrate","butyrate","butyrate",-0.232325314989161,0,0.371816922615933,0.532077435835395,1,0.691481998975095,0.983585363030474,NA,"prevalence",80,19
"PWY.6210..2.aminophenol.degradation","Delivery_mode","C-section","Delivery_modeC-section",-0.243126129304295,0,0.721996801181568,0.736311939527379,1,0.753995824051374,0.993657434340782,NA,"prevalence",80,19
"PWY.6210..2.aminophenol.degradation","Ethnicity","European","EthnicityEuropean",-0.269957483000234,0,0.611109590102319,0.658670335034935,1,0.857330616831489,1,NA,"prevalence",80,19
"PWY.6210..2.aminophenol.degradation","Feeding_method","Breastfed","Feeding_methodBreastfed",0.0184507991363385,0,0.598633897214502,0.975411888084189,1,0.622150048690191,0.979149576884277,NA,"prevalence",80,19
"PWY.6210..2.aminophenol.degradation","Termness","preterm","Termnesspreterm",-1.05367105472417,0,1.58778933273216,0.50694069090686,1,0.756892517716595,0.993657434340782,NA,"prevalence",80,19
"PWY.6215..4.chlorobenzoate.degradation","acetate","acetate","acetate",0.0895815029673542,0,0.286966217026061,0.754913292495238,1,0.754913292495238,0.993657434340782,NA,"prevalence",80,12
"PWY.6215..4.chlorobenzoate.degradation","Antibiotics","Yes","AntibioticsYes",-0.61271202475501,0,0.902158855227958,0.497035213116104,1,0.497035213116104,0.961537261555846,NA,"prevalence",80,12
"PWY.6215..4.chlorobenzoate.degradation","butyrate","butyrate","butyrate",-0.344999744755021,0,0.437936957935331,0.430823039729086,1,0.430823039729086,0.950836526424438,NA,"prevalence",80,12
"PWY.6215..4.chlorobenzoate.degradation","Ethnicity","European","EthnicityEuropean",0.201362842572612,0,0.671487294990143,0.764271834142532,1,0.764271834142532,0.995084293998679,NA,"prevalence",80,12
"PWY.6215..4.chlorobenzoate.degradation","Feeding_method","Breastfed","Feeding_methodBreastfed",-0.208857105211401,0,0.66105350428298,0.752043616736753,1,0.752043616736753,0.993657434340782,NA,"prevalence",80,12
"PWY.6215..4.chlorobenzoate.degradation","Probiotics","Yes","ProbioticsYes",0.552239709574275,0,1.17726800962761,0.639008306496876,1,0.639008306496876,0.980109892930287,NA,"prevalence",80,12
"PWY.6215..4.chlorobenzoate.degradation","Read_depth","Read_depth","Read_depth",0.0805262491784037,0,0.426789530040734,0.850344361128484,1,0.850344361128484,1,NA,"prevalence",80,12
"PWY.6215..4.chlorobenzoate.degradation","Sex","Female","SexFemale",0.453143488798479,0,0.652415224403873,0.487329193745484,1,0.487329193745484,0.959101190563739,NA,"prevalence",80,12
"PWY.622..starch.biosynthesis","acetate","acetate","acetate",0.163494208843961,0,0.25370909250939,0.5193056856765,1,0.130261842815258,0.788011685336088,NA,"prevalence",80,65
"PWY.622..starch.biosynthesis","Antibiotics","Yes","AntibioticsYes",-0.91467087598871,0,1.33423030689731,0.493001984410964,1,0.143889523628368,0.800902568025061,NA,"prevalence",80,65
"PWY.622..starch.biosynthesis","butyrate","butyrate","butyrate",-0.184366882565739,0,0.384519424763994,0.631601800991337,1,0.128840322493214,0.788011685336088,NA,"prevalence",80,65
"PWY.622..starch.biosynthesis","Feeding_method","Breastfed","Feeding_methodBreastfed",-0.240960959002818,0,0.68750606684447,0.725974314129754,1,0.273279228650537,0.89183731676898,NA,"prevalence",80,65
"PWY.622..starch.biosynthesis","isobutyrate","isobutyrate","isobutyrate",-0.139812350470399,0,0.364788241319985,0.701519659404015,1,0.487069153814574,0.959101190563739,NA,"prevalence",80,65
"PWY.622..starch.biosynthesis","Probiotics","Yes","ProbioticsYes",0.605075154083296,0,1.51603307463211,0.689806714049915,1,0.635637821230143,0.980109892930287,NA,"prevalence",80,65
"PWY.622..starch.biosynthesis","Read_depth","Read_depth","Read_depth",0.14026281480491,0,0.293616040946499,0.632857848034478,1,0.865206640250126,1,NA,"prevalence",80,65
"PWY.622..starch.biosynthesis","Sex","Female","SexFemale",0.209947903243401,0,0.635217067024674,0.741011890051174,1,0.886567294930777,1,NA,"prevalence",80,65
"PWY.6284..superpathway.of.unsaturated.fatty.acids.biosynthesis..E..coli.","acetate","acetate","acetate",-0.155543924296876,0,0.407198682001453,0.702472243516678,1,0.770912559356962,0.995084293998679,NA,"prevalence",80,72
"PWY.6284..superpathway.of.unsaturated.fatty.acids.biosynthesis..E..coli.","Antibiotics","Yes","AntibioticsYes",-0.405166259182695,0,1.07200043654677,0.70546517782686,1,0.841934304279376,1,NA,"prevalence",80,72
"PWY.6284..superpathway.of.unsaturated.fatty.acids.biosynthesis..E..coli.","butyrate","butyrate","butyrate",-0.177927442247324,0,0.420857227099718,0.672460247596905,1,0.591872901670724,0.976974901602956,NA,"prevalence",80,72
"PWY.6284..superpathway.of.unsaturated.fatty.acids.biosynthesis..E..coli.","Delivery_mode","C-section","Delivery_modeC-section",-0.543519361304672,0,0.877443119011257,0.535629542568238,1,0.460853447081734,0.95160573712957,NA,"prevalence",80,72
"PWY.6284..superpathway.of.unsaturated.fatty.acids.biosynthesis..E..coli.","Ethnicity","European","EthnicityEuropean",-0.559238545624573,0,0.761768072399694,0.4628681105703,1,0.711489333357681,0.986434261270435,NA,"prevalence",80,72
"PWY.6284..superpathway.of.unsaturated.fatty.acids.biosynthesis..E..coli.","Feeding_method","Breastfed","Feeding_methodBreastfed",0.570238069672107,0,0.754766299524365,0.44993939278636,1,0.697433328391762,0.986317799722192,NA,"prevalence",80,72
"PWY.6284..superpathway.of.unsaturated.fatty.acids.biosynthesis..E..coli.","isobutyrate","isobutyrate","isobutyrate",0.118975606888008,0,0.390558681521707,0.760648523053789,1,0.228381570513277,0.875598170740482,NA,"prevalence",80,72
"PWY.6284..superpathway.of.unsaturated.fatty.acids.biosynthesis..E..coli.","Probiotics","Yes","ProbioticsYes",0.905518042814468,0,1.33104261070279,0.496309885096852,1,0.746296268148854,0.99234705074943,NA,"prevalence",80,72
"PWY.6284..superpathway.of.unsaturated.fatty.acids.biosynthesis..E..coli.","propionate","propionate","propionate",0.0352460308373188,0,0.347216103651518,0.919145335875576,1,0.847311037443983,1,NA,"prevalence",80,72
"PWY.6284..superpathway.of.unsaturated.fatty.acids.biosynthesis..E..coli.","Read_depth","Read_depth","Read_depth",0.250668973351637,0,0.299924067635862,0.403281613842673,1,0.00331120156835096,0.240159501986866,NA,"prevalence",80,72
"PWY.6284..superpathway.of.unsaturated.fatty.acids.biosynthesis..E..coli.","Sex","Female","SexFemale",-0.514413921780848,0,0.687209366995163,0.454125538778226,1,0.534522258446531,0.966661071390955,NA,"prevalence",80,72
"PWY.6284..superpathway.of.unsaturated.fatty.acids.biosynthesis..E..coli.","Termness","preterm","Termnesspreterm",-0.439336739657567,0,1.13439806065437,0.698544324148349,1,0.909124475496824,1,NA,"prevalence",80,72
"PWY.6285..superpathway.of.fatty.acids.biosynthesis..E..coli.","acetate","acetate","acetate",-0.155543924296876,0,0.407198682001453,0.702472243516678,1,0.635831333037184,0.980109892930287,NA,"prevalence",80,72
"PWY.6285..superpathway.of.fatty.acids.biosynthesis..E..coli.","Antibiotics","Yes","AntibioticsYes",-0.405166259182695,0,1.07200043654677,0.70546517782686,1,0.913249238527437,1,NA,"prevalence",80,72
"PWY.6285..superpathway.of.fatty.acids.biosynthesis..E..coli.","butyrate","butyrate","butyrate",-0.177927442247324,0,0.420857227099718,0.672460247596905,1,0.601038913111421,0.979044174280157,NA,"prevalence",80,72
"PWY.6285..superpathway.of.fatty.acids.biosynthesis..E..coli.","Delivery_mode","C-section","Delivery_modeC-section",-0.543519361304672,0,0.877443119011257,0.535629542568238,1,0.476169150125524,0.956605396504718,NA,"prevalence",80,72
"PWY.6285..superpathway.of.fatty.acids.biosynthesis..E..coli.","Ethnicity","European","EthnicityEuropean",-0.559238545624573,0,0.761768072399694,0.4628681105703,1,0.711489333357681,0.986434261270435,NA,"prevalence",80,72
"PWY.6285..superpathway.of.fatty.acids.biosynthesis..E..coli.","Feeding_method","Breastfed","Feeding_methodBreastfed",0.570238069672107,0,0.754766299524365,0.44993939278636,1,0.697433328391762,0.986317799722192,NA,"prevalence",80,72
"PWY.6285..superpathway.of.fatty.acids.biosynthesis..E..coli.","isobutyrate","isobutyrate","isobutyrate",0.118975606888008,0,0.390558681521707,0.760648523053789,1,0.211600263077205,0.86438583498795,NA,"prevalence",80,72
"PWY.6285..superpathway.of.fatty.acids.biosynthesis..E..coli.","Probiotics","Yes","ProbioticsYes",0.905518042814468,0,1.33104261070279,0.496309885096852,1,0.746296268148854,0.99234705074943,NA,"prevalence",80,72
"PWY.6285..superpathway.of.fatty.acids.biosynthesis..E..coli.","propionate","propionate","propionate",0.0352460308373188,0,0.347216103651518,0.919145335875576,1,0.824957439081947,1,NA,"prevalence",80,72
"PWY.6285..superpathway.of.fatty.acids.biosynthesis..E..coli.","Read_depth","Read_depth","Read_depth",0.250668973351637,0,0.299924067635862,0.403281613842673,1,0.0037172105898728,0.256883447687733,NA,"prevalence",80,72
"PWY.6285..superpathway.of.fatty.acids.biosynthesis..E..coli.","Sex","Female","SexFemale",-0.514413921780848,0,0.687209366995163,0.454125538778226,1,0.474893536262636,0.956605396504718,NA,"prevalence",80,72
"PWY.6285..superpathway.of.fatty.acids.biosynthesis..E..coli.","Termness","preterm","Termnesspreterm",-0.439336739657567,0,1.13439806065437,0.698544324148349,1,0.909124475496824,1,NA,"prevalence",80,72
"PWY.6292..superpathway.of.L.cysteine.biosynthesis..mammalian.","acetate","acetate","acetate",-0.406854290467458,0,0.746824765765967,0.585905669547821,1,0.828525885487362,1,NA,"prevalence",80,76
"PWY.6292..superpathway.of.L.cysteine.biosynthesis..mammalian.","Delivery_mode","C-section","Delivery_modeC-section",-0.676450252079832,0,1.06108578001118,0.523794259238624,1,0.157473715412009,0.8107101924969,NA,"prevalence",80,76
"PWY.6292..superpathway.of.L.cysteine.biosynthesis..mammalian.","Ethnicity","European","EthnicityEuropean",0.388980955744195,0,0.93540084289365,0.677524059726253,1,0.843317017650474,1,NA,"prevalence",80,76
"PWY.6292..superpathway.of.L.cysteine.biosynthesis..mammalian.","Probiotics","Yes","ProbioticsYes",0.399676666695151,0,1.9526386269729,0.837817908698518,1,0.495652781663988,0.961043117395157,NA,"prevalence",80,76
"PWY.6292..superpathway.of.L.cysteine.biosynthesis..mammalian.","propionate","propionate","propionate",0.0339037495613957,0,0.415156516842321,0.934913125463322,1,0.852929021536271,1,NA,"prevalence",80,76
"PWY.6292..superpathway.of.L.cysteine.biosynthesis..mammalian.","Read_depth","Read_depth","Read_depth",-0.151268223621794,0,0.401985729310285,0.706692041803238,1,0.0877533467444506,0.721132089838405,NA,"prevalence",80,76
"PWY.6292..superpathway.of.L.cysteine.biosynthesis..mammalian.","Sex","Female","SexFemale",-0.400556384082497,0,0.802724967481682,0.617782345728258,1,0.853909664763007,1,NA,"prevalence",80,76
"PWY.6292..superpathway.of.L.cysteine.biosynthesis..mammalian.","Termness","preterm","Termnesspreterm",0.0511669846018113,0,1.66843565976896,0.975534598353329,1,0.98859654787737,1,NA,"prevalence",80,76
"PWY.6293..superpathway.of.L.cysteine.biosynthesis..fungi.","acetate","acetate","acetate",0.00219238471303646,0,0.31166726029041,0.994387426237873,1,0.0814978775850686,0.70393613353688,NA,"prevalence",80,74
"PWY.6293..superpathway.of.L.cysteine.biosynthesis..fungi.","butyrate","butyrate","butyrate",0.0598928742722739,0,0.484476691210618,0.90161310700371,1,0.603669743985829,0.979149576884277,NA,"prevalence",80,74
"PWY.6293..superpathway.of.L.cysteine.biosynthesis..fungi.","Ethnicity","European","EthnicityEuropean",-0.505585427962234,0,0.818077339657096,0.536564354350667,1,0.384840843171348,0.937313481206142,NA,"prevalence",80,74
"PWY.6293..superpathway.of.L.cysteine.biosynthesis..fungi.","Feeding_method","Breastfed","Feeding_methodBreastfed",0.00452645243509668,0,0.843698501457722,0.995719360433362,1,0.803167959152413,0.998092298938251,NA,"prevalence",80,74
"PWY.6293..superpathway.of.L.cysteine.biosynthesis..fungi.","isobutyrate","isobutyrate","isobutyrate",-0.289419647174321,0,0.467694470536581,0.536033599947788,1,0.179419409781715,0.837177416313546,NA,"prevalence",80,74
"PWY.6293..superpathway.of.L.cysteine.biosynthesis..fungi.","propionate","propionate","propionate",0.112030203377424,0,0.360869228273661,0.756222249969942,1,0.220199345256792,0.86756868522252,NA,"prevalence",80,74
"PWY.6293..superpathway.of.L.cysteine.biosynthesis..fungi.","Read_depth","Read_depth","Read_depth",0.0963411776627297,0,0.314035163195457,0.759007268439788,1,0.941922503335148,1,NA,"prevalence",80,74
"PWY.6293..superpathway.of.L.cysteine.biosynthesis..fungi.","Termness","preterm","Termnesspreterm",-0.352859878119491,0,1.13786511452602,0.756479628662117,1,0.303835568430612,0.907092629237153,NA,"prevalence",80,74
"PWY.6305..superpathway.of.putrescine.biosynthesis","acetate","acetate","acetate",0.0742009002524817,0,0.400148108006846,0.852888964136994,1,0.269459139349669,0.889136783784339,NA,"prevalence",80,79
"PWY.6305..superpathway.of.putrescine.biosynthesis","Antibiotics","Yes","AntibioticsYes",0.101516989704955,0,1.45313366057817,0.944304503409128,1,0.92486902886644,1,NA,"prevalence",80,79
"PWY.6305..superpathway.of.putrescine.biosynthesis","butyrate","butyrate","butyrate",0.0269586957352836,0,0.548722423215889,0.960815749341509,1,0.957614237548713,1,NA,"prevalence",80,79
"PWY.6305..superpathway.of.putrescine.biosynthesis","Delivery_mode","C-section","Delivery_modeC-section",-0.693514887342947,0,1.06983152073828,0.516825320214479,1,0.70307613750954,0.986317799722192,NA,"prevalence",80,79
"PWY.6305..superpathway.of.putrescine.biosynthesis","Ethnicity","European","EthnicityEuropean",-0.112510274519632,0,0.971665876645321,0.907818092958521,1,0.323444496135526,0.911723569545708,NA,"prevalence",80,79
"PWY.6305..superpathway.of.putrescine.biosynthesis","Feeding_method","Breastfed","Feeding_methodBreastfed",-0.12599413983942,0,0.947538264770868,0.894217125697303,1,0.666768448515438,0.983585363030474,NA,"prevalence",80,79
"PWY.6305..superpathway.of.putrescine.biosynthesis","isobutyrate","isobutyrate","isobutyrate",0.296545432811856,0,0.506875185061713,0.558516610026292,1,0.805092416377323,0.998092298938251,NA,"prevalence",80,79
"PWY.6305..superpathway.of.putrescine.biosynthesis","Probiotics","Yes","ProbioticsYes",-0.077224450008896,0,1.91847170762058,0.96789133736373,1,0.885554148372322,1,NA,"prevalence",80,79
"PWY.6305..superpathway.of.putrescine.biosynthesis","propionate","propionate","propionate",0.221762660980918,0,0.383613933174024,0.56320462105942,1,0.258742005367663,0.882300654210117,NA,"prevalence",80,79
"PWY.6305..superpathway.of.putrescine.biosynthesis","Read_depth","Read_depth","Read_depth",-0.190955056485747,0,0.448856453882111,0.670526398160972,1,0.569791507256589,0.976334431269276,NA,"prevalence",80,79
"PWY.6305..superpathway.of.putrescine.biosynthesis","Sex","Female","SexFemale",-0.361473325537522,0,0.901746527652379,0.688523844186176,1,0.493828463050828,0.960765402119967,NA,"prevalence",80,79
"PWY.6305..superpathway.of.putrescine.biosynthesis","Termness","preterm","Termnesspreterm",0.452401575590027,0,1.65872899702182,0.785053163673416,1,0.393978151685835,0.937313481206142,NA,"prevalence",80,79
"PWY.6318..L.phenylalanine.degradation.IV..mammalian..via.side.chain.","Delivery_mode","C-section","Delivery_modeC-section",-0.106435818291065,0,0.712986954464829,0.881331450309099,1,0.753121431535607,0.993657434340782,NA,"prevalence",80,22
"PWY.6318..L.phenylalanine.degradation.IV..mammalian..via.side.chain.","Ethnicity","European","EthnicityEuropean",0.419015488064505,0,0.618983065455745,0.498442904592945,1,0.160091093553917,0.812844382071501,NA,"prevalence",80,22
"PWY.6318..L.phenylalanine.degradation.IV..mammalian..via.side.chain.","isobutyrate","isobutyrate","isobutyrate",0.166140464756444,0,0.343763503452497,0.628883641432955,1,0.862272648403937,1,NA,"prevalence",80,22
"PWY.6318..L.phenylalanine.degradation.IV..mammalian..via.side.chain.","Probiotics","Yes","ProbioticsYes",-0.708030605898819,0,1.15811710246507,0.54095891479372,1,0.608625297907245,0.979149576884277,NA,"prevalence",80,22
"PWY.6318..L.phenylalanine.degradation.IV..mammalian..via.side.chain.","Read_depth","Read_depth","Read_depth",-0.182605686024862,0,0.297835540862872,0.539804191077991,1,0.788219817450618,0.995409163122056,NA,"prevalence",80,22
"PWY.6318..L.phenylalanine.degradation.IV..mammalian..via.side.chain.","Sex","Female","SexFemale",0.244593074727488,0,0.560427206590086,0.662517231865815,1,0.144475925943559,0.800902568025061,NA,"prevalence",80,22
"PWY.6318..L.phenylalanine.degradation.IV..mammalian..via.side.chain.","Termness","preterm","Termnesspreterm",0.377679185834342,0,1.03641255093263,0.715551805680785,1,0.89946209587983,1,NA,"prevalence",80,22
"PWY.6328..L.lysine.degradation.X","acetate","acetate","acetate",-0.0378566584111557,0,0.265701205133609,0.886702211467995,1,0.886702211467995,1,NA,"prevalence",80,11
"PWY.6328..L.lysine.degradation.X","Antibiotics","Yes","AntibioticsYes",0.254053363416604,0,1.03359283043507,0.8058398689675,1,0.8058398689675,0.998092298938251,NA,"prevalence",80,11
"PWY.6328..L.lysine.degradation.X","Delivery_mode","C-section","Delivery_modeC-section",-0.39499274043633,0,0.734792832527426,0.590883196056741,1,0.590883196056741,0.976974901602956,NA,"prevalence",80,11
"PWY.6328..L.lysine.degradation.X","Ethnicity","European","EthnicityEuropean",-0.532599185531984,0,0.71261912043717,0.454832599321435,1,0.454832599321435,0.95160573712957,NA,"prevalence",80,11
"PWY.6328..L.lysine.degradation.X","Feeding_method","Breastfed","Feeding_methodBreastfed",-0.500882442774129,0,0.666870141608103,0.452595833176702,1,0.452595833176702,0.95137647878513,NA,"prevalence",80,11
"PWY.6328..L.lysine.degradation.X","isobutyrate","isobutyrate","isobutyrate",-0.112049537120863,0,0.410207289336025,0.78473525964605,1,0.78473525964605,0.995409163122056,NA,"prevalence",80,11
"PWY.6328..L.lysine.degradation.X","Probiotics","Yes","ProbioticsYes",-0.675289636851876,0,1.31036798428371,0.60631299937505,1,0.60631299937505,0.979149576884277,NA,"prevalence",80,11
"PWY.6328..L.lysine.degradation.X","Read_depth","Read_depth","Read_depth",0.0795720300957781,0,0.38972966257224,0.838218799637279,1,0.838218799637279,1,NA,"prevalence",80,11
"PWY.6328..L.lysine.degradation.X","Termness","preterm","Termnesspreterm",0.391562747123791,0,1.14584507455903,0.732558618809347,1,0.732558618809347,0.989044376667862,NA,"prevalence",80,11
"PWY.6353..purine.nucleotides.degradation.II..aerobic.","acetate","acetate","acetate",0.144298457153094,0,0.25981842658895,0.57863345512245,1,0.822450234857956,1,NA,"prevalence",80,52
"PWY.6353..purine.nucleotides.degradation.II..aerobic.","Antibiotics","Yes","AntibioticsYes",-0.241684387804748,0,0.80310555373342,0.76346233431593,1,0.533124912753875,0.966661071390955,NA,"prevalence",80,52
"PWY.6353..purine.nucleotides.degradation.II..aerobic.","Delivery_mode","C-section","Delivery_modeC-section",-0.439418471915112,0,0.643759637575371,0.494871275476462,1,0.679080745724598,0.983585363030474,NA,"prevalence",80,52
"PWY.6353..purine.nucleotides.degradation.II..aerobic.","Ethnicity","European","EthnicityEuropean",0.446291321533187,0,0.56436067135404,0.429065981446999,1,0.674034346458922,0.983585363030474,NA,"prevalence",80,52
"PWY.6353..purine.nucleotides.degradation.II..aerobic.","Probiotics","Yes","ProbioticsYes",0.0502167093959844,0,1.00963846622021,0.960331717834081,1,0.758123323760569,0.993657434340782,NA,"prevalence",80,52
"PWY.6353..purine.nucleotides.degradation.II..aerobic.","propionate","propionate","propionate",0.116357501667177,0,0.259997903318341,0.654490655247034,1,0.880623292688376,1,NA,"prevalence",80,52
"PWY.6353..purine.nucleotides.degradation.II..aerobic.","Read_depth","Read_depth","Read_depth",-0.14018314506883,0,0.244230546247593,0.56598217726655,1,0.494608527149801,0.960765402119967,NA,"prevalence",80,52
"PWY.6353..purine.nucleotides.degradation.II..aerobic.","Sex","Female","SexFemale",0.0149840116909209,0,0.529808427252485,0.977437282312596,1,0.437418465375732,0.95137647878513,NA,"prevalence",80,52
"PWY.6353..purine.nucleotides.degradation.II..aerobic.","Termness","preterm","Termnesspreterm",0.262587967677667,0,0.893486313759041,0.768840869312065,1,0.167678562272393,0.829479106446783,NA,"prevalence",80,52
"PWY.6396..superpathway.of.2.3.butanediol.biosynthesis","acetate","acetate","acetate",-0.10815095264198,0,0.287224212998298,0.706516655098015,1,0.706516655098015,0.986317799722192,NA,"prevalence",80,12
"PWY.6396..superpathway.of.2.3.butanediol.biosynthesis","Feeding_method","Breastfed","Feeding_methodBreastfed",0.178822403562988,0,0.66988295473692,0.78951093575253,1,0.78951093575253,0.995409163122056,NA,"prevalence",80,12
"PWY.6396..superpathway.of.2.3.butanediol.biosynthesis","propionate","propionate","propionate",0.349846551453394,0,0.433963012423415,0.4201467076431,1,0.4201467076431,0.946704161726983,NA,"prevalence",80,12
"PWY.6396..superpathway.of.2.3.butanediol.biosynthesis","Read_depth","Read_depth","Read_depth",0.168070747591176,0,0.322386872593985,0.602135178907554,1,0.602135178907554,0.979149576884277,NA,"prevalence",80,12
"PWY.6396..superpathway.of.2.3.butanediol.biosynthesis","Sex","Female","SexFemale",0.0329855858080573,0,0.594169973958322,0.955727858714842,1,0.955727858714842,1,NA,"prevalence",80,12
"PWY.6396..superpathway.of.2.3.butanediol.biosynthesis","Termness","preterm","Termnesspreterm",0.622260469078182,0,0.98311177541108,0.526766380685148,1,0.526766380685148,0.966661071390955,NA,"prevalence",80,12
"PWY.6435..4.hydroxybenzoate.biosynthesis.III..plants.","acetate","acetate","acetate",0.0723892677323907,0,0.328861073997706,0.82577682726856,1,0.82577682726856,1,NA,"prevalence",80,12
"PWY.6435..4.hydroxybenzoate.biosynthesis.III..plants.","Antibiotics","Yes","AntibioticsYes",0.155671010253486,0,1.34227590730198,0.907672023413099,1,0.907672023413099,1,NA,"prevalence",80,12
"PWY.6435..4.hydroxybenzoate.biosynthesis.III..plants.","Delivery_mode","C-section","Delivery_modeC-section",-0.0417318299776312,0,0.725991821072862,0.954160840412756,1,0.954160840412756,1,NA,"prevalence",80,12
"PWY.6435..4.hydroxybenzoate.biosynthesis.III..plants.","Feeding_method","Breastfed","Feeding_methodBreastfed",0.0465360209033654,0,0.689472161248728,0.946187529937019,1,0.946187529937019,1,NA,"prevalence",80,12
"PWY.6435..4.hydroxybenzoate.biosynthesis.III..plants.","propionate","propionate","propionate",0.0247333562092138,0,0.358717219224589,0.945029853989487,1,0.945029853989487,1,NA,"prevalence",80,12
"PWY.6435..4.hydroxybenzoate.biosynthesis.III..plants.","Read_depth","Read_depth","Read_depth",0.172006288208792,0,0.379332677961877,0.650228752797012,1,0.650228752797012,0.983585363030474,NA,"prevalence",80,12
"PWY.6435..4.hydroxybenzoate.biosynthesis.III..plants.","Termness","preterm","Termnesspreterm",0.660705376362024,0,1.00233989954079,0.509791102930614,1,0.509791102930614,0.964395491483136,NA,"prevalence",80,12
"PWY.6507..4.deoxy.L.threo.hex.4.enopyranuronate.degradation","acetate","acetate","acetate",0.0377325042038344,0,0.346714004777256,0.913338200039679,1,0.992489732427637,1,NA,"prevalence",80,75
"PWY.6507..4.deoxy.L.threo.hex.4.enopyranuronate.degradation","Antibiotics","Yes","AntibioticsYes",-1.15442898853955,0,1.40707393446292,0.41196157427711,1,0.654210809873346,0.983585363030474,NA,"prevalence",80,75
"PWY.6507..4.deoxy.L.threo.hex.4.enopyranuronate.degradation","butyrate","butyrate","butyrate",-0.123200783102585,0,0.497267556505491,0.804323570303821,1,0.95869181901136,1,NA,"prevalence",80,75
"PWY.6507..4.deoxy.L.threo.hex.4.enopyranuronate.degradation","Feeding_method","Breastfed","Feeding_methodBreastfed",0.0951531971090293,0,0.872935375352529,0.913199545350093,1,0.809469528231542,0.999345771012859,NA,"prevalence",80,75
"PWY.6507..4.deoxy.L.threo.hex.4.enopyranuronate.degradation","isobutyrate","isobutyrate","isobutyrate",0.224071733986522,0,0.424233303244701,0.5973741020433,1,0.837892386294561,1,NA,"prevalence",80,75
"PWY.6507..4.deoxy.L.threo.hex.4.enopyranuronate.degradation","Probiotics","Yes","ProbioticsYes",0.241939525696616,0,1.92700539565264,0.900086501368708,1,0.545005965787446,0.967219610406066,NA,"prevalence",80,75
"PWY.6507..4.deoxy.L.threo.hex.4.enopyranuronate.degradation","propionate","propionate","propionate",0.133219606977201,0,0.389582901704582,0.732385171490464,1,0.928382303561812,1,NA,"prevalence",80,75
"PWY.6507..4.deoxy.L.threo.hex.4.enopyranuronate.degradation","Termness","preterm","Termnesspreterm",1.16055743862951,0,1.62224108116912,0.474359563327273,1,0.141940754986558,0.800902568025061,NA,"prevalence",80,75
"PWY.6519..8.amino.7.oxononanoate.biosynthesis.I","Antibiotics","Yes","AntibioticsYes",-0.350608252070568,0,1.38484920679941,0.800133512193415,1,0.949363392207397,1,NA,"prevalence",80,79
"PWY.6519..8.amino.7.oxononanoate.biosynthesis.I","butyrate","butyrate","butyrate",7.49968573042167e-05,0,0.533991725558465,0.999887940521377,1,0.950960368853682,1,NA,"prevalence",80,79
"PWY.6519..8.amino.7.oxononanoate.biosynthesis.I","Delivery_mode","C-section","Delivery_modeC-section",-0.195166635007198,0,1.09477300105867,0.858509896308193,1,0.502857076802091,0.964062047389755,NA,"prevalence",80,79
"PWY.6519..8.amino.7.oxononanoate.biosynthesis.I","Ethnicity","European","EthnicityEuropean",0.346214913654815,0,0.961020121239448,0.718654417211862,1,0.746103225682673,0.99234705074943,NA,"prevalence",80,79
"PWY.6519..8.amino.7.oxononanoate.biosynthesis.I","Feeding_method","Breastfed","Feeding_methodBreastfed",-0.489768667729357,0,0.925965527481847,0.596855717175472,1,0.658496281846787,0.983585363030474,NA,"prevalence",80,79
"PWY.6519..8.amino.7.oxononanoate.biosynthesis.I","isobutyrate","isobutyrate","isobutyrate",-0.0138627021503428,0,0.566641157481844,0.980481945915373,1,0.984043308878343,1,NA,"prevalence",80,79
"PWY.6519..8.amino.7.oxononanoate.biosynthesis.I","Probiotics","Yes","ProbioticsYes",-0.266432056536548,0,1.91439151623378,0.889313259607628,1,0.982770135133527,1,NA,"prevalence",80,79
"PWY.6519..8.amino.7.oxononanoate.biosynthesis.I","Read_depth","Read_depth","Read_depth",0.0137934904753225,0,0.444703058640868,0.975255738790796,1,0.223844606660633,0.869763026261697,NA,"prevalence",80,79
"PWY.6519..8.amino.7.oxononanoate.biosynthesis.I","Sex","Female","SexFemale",0.251724743003418,0,0.893521347747663,0.778156579325616,1,0.394918372657413,0.937313481206142,NA,"prevalence",80,79
"PWY.6519..8.amino.7.oxononanoate.biosynthesis.I","Termness","preterm","Termnesspreterm",0.345047909380246,0,1.69676536724604,0.838856561801967,1,0.264051939268762,0.88868029898108,NA,"prevalence",80,79
"PWY.6531..mannitol.cycle","acetate","acetate","acetate",0.0329768415085029,0,0.33037602142002,0.920490336707939,1,0.966452665906804,1,NA,"prevalence",80,69
"PWY.6531..mannitol.cycle","Antibiotics","Yes","AntibioticsYes",-0.647660303175644,0,1.01115153514634,0.521836183681173,1,0.771359364763415,0.995084293998679,NA,"prevalence",80,69
"PWY.6531..mannitol.cycle","butyrate","butyrate","butyrate",-0.300012077982395,0,0.384305014551417,0.435001688357474,1,0.579478979781569,0.976974901602956,NA,"prevalence",80,69
"PWY.6531..mannitol.cycle","Delivery_mode","C-section","Delivery_modeC-section",-0.4136613711703,0,0.780332430236955,0.596036246655059,1,0.81151689796856,1,NA,"prevalence",80,69
"PWY.6531..mannitol.cycle","Ethnicity","European","EthnicityEuropean",0.101252881767583,0,0.690290978748827,0.883383460879529,1,0.188953333689044,0.848223153754969,NA,"prevalence",80,69
"PWY.6531..mannitol.cycle","isobutyrate","isobutyrate","isobutyrate",0.0299380388796642,0,0.367011628206284,0.934986707403839,1,0.89625074895594,1,NA,"prevalence",80,69
"PWY.6531..mannitol.cycle","Probiotics","Yes","ProbioticsYes",-1.06516315298659,0,1.70371136093865,0.531838719502922,1,0.410152555697043,0.940258942824249,NA,"prevalence",80,69
"PWY.6531..mannitol.cycle","Sex","Female","SexFemale",-0.0869481894669347,0,0.640771219827386,0.892063956638532,1,0.622966500325697,0.979149576884277,NA,"prevalence",80,69
"PWY.6545..pyrimidine.deoxyribonucleotides.de.novo.biosynthesis.III","acetate","acetate","acetate",-0.0750039211870449,0,0.452410346656347,0.868324286453833,1,0.920279491872235,1,NA,"prevalence",80,74
"PWY.6545..pyrimidine.deoxyribonucleotides.de.novo.biosynthesis.III","Antibiotics","Yes","AntibioticsYes",-1.01579664786783,0,1.28257960648276,0.428363586009175,1,0.501790017751561,0.964062047389755,NA,"prevalence",80,74
"PWY.6545..pyrimidine.deoxyribonucleotides.de.novo.biosynthesis.III","butyrate","butyrate","butyrate",-0.16337777465185,0,0.438101031326333,0.709206052754427,1,0.818704428562258,1,NA,"prevalence",80,74
"PWY.6545..pyrimidine.deoxyribonucleotides.de.novo.biosynthesis.III","Ethnicity","European","EthnicityEuropean",0.0502768111899499,0,0.843588448087542,0.9524752194612,1,0.962031739589835,1,NA,"prevalence",80,74
"PWY.6545..pyrimidine.deoxyribonucleotides.de.novo.biosynthesis.III","Feeding_method","Breastfed","Feeding_methodBreastfed",-0.054679182086503,0,0.789036324214344,0.944751870018861,1,0.996947644133587,1,NA,"prevalence",80,74
"PWY.6545..pyrimidine.deoxyribonucleotides.de.novo.biosynthesis.III","Probiotics","Yes","ProbioticsYes",-0.0382044430108969,0,1.91213978586954,0.984059372923044,1,0.115773444978742,0.775614098378524,NA,"prevalence",80,74
"PWY.6545..pyrimidine.deoxyribonucleotides.de.novo.biosynthesis.III","Sex","Female","SexFemale",-0.368083599128021,0,0.760274924696927,0.628282690874895,1,0.33286414726914,0.913062277158732,NA,"prevalence",80,74
"PWY.6545..pyrimidine.deoxyribonucleotides.de.novo.biosynthesis.III","Termness","preterm","Termnesspreterm",0.975069859141293,0,1.60681250306243,0.543960503332764,1,0.183230936780882,0.843786162654818,NA,"prevalence",80,74
"PWY.6549..L.glutamine.biosynthesis.III","acetate","acetate","acetate",-0.121413426032847,0,0.257545131705713,0.637336677996848,1,0.0529538217848314,0.636995729372655,NA,"prevalence",80,64
"PWY.6549..L.glutamine.biosynthesis.III","butyrate","butyrate","butyrate",0.0501670003817485,0,0.362235329017221,0.889850925939334,1,0.678649001452213,0.983585363030474,NA,"prevalence",80,64
"PWY.6549..L.glutamine.biosynthesis.III","Ethnicity","European","EthnicityEuropean",-0.388551723484527,0,0.643210679568125,0.545789405449819,1,0.639098421667438,0.980109892930287,NA,"prevalence",80,64
"PWY.6549..L.glutamine.biosynthesis.III","isobutyrate","isobutyrate","isobutyrate",-0.121915111146998,0,0.363790683294731,0.737531295853687,1,0.823386821891295,1,NA,"prevalence",80,64
"PWY.6549..L.glutamine.biosynthesis.III","Probiotics","Yes","ProbioticsYes",-0.497845073338581,0,1.68586703587119,0.767760848231417,1,0.946064976385809,1,NA,"prevalence",80,64
"PWY.6549..L.glutamine.biosynthesis.III","propionate","propionate","propionate",0.12822132109833,0,0.273415748954255,0.639097518024102,1,0.559179198080268,0.973324054524057,NA,"prevalence",80,64
"PWY.6549..L.glutamine.biosynthesis.III","Read_depth","Read_depth","Read_depth",-0.198974596738632,0,0.306008903235823,0.515546984098368,1,0.275390594708314,0.892735221552444,NA,"prevalence",80,64
"PWY.6588..pyruvate.fermentation.to.acetone","acetate","acetate","acetate",-0.0403090314241414,0,0.293372933397901,0.890715734635218,1,0.970077725579343,1,NA,"prevalence",80,66
"PWY.6588..pyruvate.fermentation.to.acetone","Antibiotics","Yes","AntibioticsYes",-0.00304759952957036,0,0.867956153105242,0.997198444176066,1,0.578751019555194,0.976974901602956,NA,"prevalence",80,66
"PWY.6588..pyruvate.fermentation.to.acetone","butyrate","butyrate","butyrate",0.00932845647397488,0,0.359351952344678,0.979289953799448,1,0.921887292503203,1,NA,"prevalence",80,66
"PWY.6588..pyruvate.fermentation.to.acetone","Delivery_mode","C-section","Delivery_modeC-section",-0.301809008190983,0,0.710653583452617,0.671061096875845,1,0.891799198011478,1,NA,"prevalence",80,66
"PWY.6588..pyruvate.fermentation.to.acetone","Ethnicity","European","EthnicityEuropean",0.347466652097691,0,0.633136096001052,0.583141016381151,1,0.451413987375784,0.95137647878513,NA,"prevalence",80,66
"PWY.6588..pyruvate.fermentation.to.acetone","Feeding_method","Breastfed","Feeding_methodBreastfed",0.0959339612180034,0,0.603772800244262,0.873754885701515,1,0.358941972361819,0.932719603629341,NA,"prevalence",80,66
"PWY.6588..pyruvate.fermentation.to.acetone","isobutyrate","isobutyrate","isobutyrate",0.112487402730388,0,0.362949711414625,0.756617543803487,1,0.940764980015752,1,NA,"prevalence",80,66
"PWY.6588..pyruvate.fermentation.to.acetone","Probiotics","Yes","ProbioticsYes",-0.193054853882309,0,1.20290195469353,0.872494365520261,1,0.0296019429294194,0.515701115499315,NA,"prevalence",80,66
"PWY.6588..pyruvate.fermentation.to.acetone","Read_depth","Read_depth","Read_depth",0.0261406916277024,0,0.286822169171534,0.927382127571677,1,0.0113868982973897,0.412942517667102,NA,"prevalence",80,66
"PWY.6588..pyruvate.fermentation.to.acetone","Sex","Female","SexFemale",-0.0800094789245265,0,0.577830315728092,0.889872649728476,1,0.871405549549956,1,NA,"prevalence",80,66
"PWY.6588..pyruvate.fermentation.to.acetone","Termness","preterm","Termnesspreterm",0.0151127067512665,0,1.08215816752861,0.98885763300693,1,0.0314468899780767,0.523973180310386,NA,"prevalence",80,66
"PWY.6590..superpathway.of.Clostridium.acetobutylicum.acidogenic.fermentation","acetate","acetate","acetate",-0.0152281905053761,0,0.273948850902104,0.955670251798892,1,0.941892677474549,1,NA,"prevalence",80,23
"PWY.6590..superpathway.of.Clostridium.acetobutylicum.acidogenic.fermentation","Delivery_mode","C-section","Delivery_modeC-section",0.578408983747991,0,0.684348399380276,0.398001044963947,1,0.6375972581355,0.980109892930287,NA,"prevalence",80,23
"PWY.6590..superpathway.of.Clostridium.acetobutylicum.acidogenic.fermentation","propionate","propionate","propionate",0.00157131939841687,0,0.320063779225085,0.996082885558408,1,0.999981758707847,1,NA,"prevalence",80,23
"PWY.6590..superpathway.of.Clostridium.acetobutylicum.acidogenic.fermentation","Read_depth","Read_depth","Read_depth",-0.0440267348689611,0,0.288918345163389,0.878883525098884,1,0.799177678231413,0.998092298938251,NA,"prevalence",80,23
"PWY.6590..superpathway.of.Clostridium.acetobutylicum.acidogenic.fermentation","Sex","Female","SexFemale",-0.178635123011853,0,0.559558534505822,0.749542282334698,1,0.874749149045633,1,NA,"prevalence",80,23
"PWY.6590..superpathway.of.Clostridium.acetobutylicum.acidogenic.fermentation","Termness","preterm","Termnesspreterm",-0.0563308553821372,0,0.975328732474175,0.953943175120852,1,0.491107637328182,0.960765402119967,NA,"prevalence",80,23
"PWY.6595..superpathway.of.guanosine.nucleotides.degradation..plants.","acetate","acetate","acetate",0.0591218109450057,0,0.262977675266305,0.822121762015343,1,0.594585905720345,0.976974901602956,NA,"prevalence",80,51
"PWY.6595..superpathway.of.guanosine.nucleotides.degradation..plants.","Antibiotics","Yes","AntibioticsYes",-0.247453392203302,0,0.79003486150651,0.754114800722418,1,0.939540468776224,1,NA,"prevalence",80,51
"PWY.6595..superpathway.of.guanosine.nucleotides.degradation..plants.","Delivery_mode","C-section","Delivery_modeC-section",-0.241733246776699,0,0.616212761318291,0.694844979467706,1,0.67858228765919,0.983585363030474,NA,"prevalence",80,51
"PWY.6595..superpathway.of.guanosine.nucleotides.degradation..plants.","Ethnicity","European","EthnicityEuropean",0.230582185489141,0,0.543808564149367,0.671555950593046,1,0.892124506409162,1,NA,"prevalence",80,51
"PWY.6595..superpathway.of.guanosine.nucleotides.degradation..plants.","Probiotics","Yes","ProbioticsYes",0.175778819683901,0,1.00142106174103,0.860663685979124,1,0.247964540864099,0.880494562511276,NA,"prevalence",80,51
"PWY.6595..superpathway.of.guanosine.nucleotides.degradation..plants.","propionate","propionate","propionate",0.0676494691686309,0,0.253806769524386,0.789823925547986,1,0.113258731273386,0.775614098378524,NA,"prevalence",80,51
"PWY.6595..superpathway.of.guanosine.nucleotides.degradation..plants.","Read_depth","Read_depth","Read_depth",-0.120833303745158,0,0.241227365834462,0.616434161182418,1,0.852877247292165,1,NA,"prevalence",80,51
"PWY.6595..superpathway.of.guanosine.nucleotides.degradation..plants.","Sex","Female","SexFemale",-0.129596794916398,0,0.513337530202629,0.800686127436638,1,0.241192502335792,0.880494562511276,NA,"prevalence",80,51
"PWY.6595..superpathway.of.guanosine.nucleotides.degradation..plants.","Termness","preterm","Termnesspreterm",0.211340914769504,0,0.882855069188071,0.810808242264468,1,0.0474460953387399,0.614184100290459,NA,"prevalence",80,51
"PWY.6606..guanosine.nucleotides.degradation.II","acetate","acetate","acetate",0.0558744818780566,0,0.520190014690793,0.914462391131388,1,0.257295899329488,0.880494562511276,NA,"prevalence",80,79
"PWY.6606..guanosine.nucleotides.degradation.II","Antibiotics","Yes","AntibioticsYes",-0.620345307814456,0,1.42314757629312,0.662911691910867,1,0.886371472549606,1,NA,"prevalence",80,79
"PWY.6606..guanosine.nucleotides.degradation.II","Delivery_mode","C-section","Delivery_modeC-section",-0.0439953991094185,0,1.14672577164245,0.969395786931817,1,0.802717287382745,0.998092298938251,NA,"prevalence",80,79
"PWY.6606..guanosine.nucleotides.degradation.II","Ethnicity","European","EthnicityEuropean",0.457382557373336,0,1.01878900606236,0.653469685166705,1,0.756581549268973,0.993657434340782,NA,"prevalence",80,79
"PWY.6606..guanosine.nucleotides.degradation.II","Feeding_method","Breastfed","Feeding_methodBreastfed",-0.515890445188341,0,0.943339436314922,0.584463380641897,1,0.827329317972439,1,NA,"prevalence",80,79
"PWY.6606..guanosine.nucleotides.degradation.II","isobutyrate","isobutyrate","isobutyrate",0.39443347095199,0,0.500000916181967,0.430190623854717,1,0.66773928759337,0.983585363030474,NA,"prevalence",80,79
"PWY.6606..guanosine.nucleotides.degradation.II","Probiotics","Yes","ProbioticsYes",0.0845466594944044,0,1.93322859372341,0.965116915280364,1,0.263488464471464,0.888395023475027,NA,"prevalence",80,79
"PWY.6606..guanosine.nucleotides.degradation.II","propionate","propionate","propionate",-0.158848459327831,0,0.542135311585353,0.769518185579624,1,0.946878133221491,1,NA,"prevalence",80,79
"PWY.6606..guanosine.nucleotides.degradation.II","Read_depth","Read_depth","Read_depth",0.02476214369559,0,0.405379005172716,0.951292365444689,1,0.816785201962693,1,NA,"prevalence",80,79
"PWY.6606..guanosine.nucleotides.degradation.II","Sex","Female","SexFemale",0.311835323228331,0,0.900627619194483,0.729160673562131,1,0.664605575392402,0.983585363030474,NA,"prevalence",80,79
"PWY.6606..guanosine.nucleotides.degradation.II","Termness","preterm","Termnesspreterm",0.166675452777381,0,1.69567933839397,0.921698679511077,1,0.192965598926484,0.849508408582616,NA,"prevalence",80,79
"PWY.6607..guanosine.nucleotides.degradation.I","acetate","acetate","acetate",0.0591218109450057,0,0.262977675266305,0.822121762015343,1,0.905553943495091,1,NA,"prevalence",80,51
"PWY.6607..guanosine.nucleotides.degradation.I","Antibiotics","Yes","AntibioticsYes",-0.247453392203302,0,0.79003486150651,0.754114800722418,1,0.939540468776224,1,NA,"prevalence",80,51
"PWY.6607..guanosine.nucleotides.degradation.I","Delivery_mode","C-section","Delivery_modeC-section",-0.241733246776699,0,0.616212761318291,0.694844979467706,1,0.820910737034729,1,NA,"prevalence",80,51
"PWY.6607..guanosine.nucleotides.degradation.I","Ethnicity","European","EthnicityEuropean",0.230582185489141,0,0.543808564149367,0.671555950593046,1,0.892124506409162,1,NA,"prevalence",80,51
"PWY.6607..guanosine.nucleotides.degradation.I","Probiotics","Yes","ProbioticsYes",0.175778819683901,0,1.00142106174103,0.860663685979124,1,0.240193226438273,0.880494562511276,NA,"prevalence",80,51
"PWY.6607..guanosine.nucleotides.degradation.I","propionate","propionate","propionate",0.0676494691686309,0,0.253806769524386,0.789823925547986,1,0.0658861555939508,0.652710385570562,NA,"prevalence",80,51
"PWY.6607..guanosine.nucleotides.degradation.I","Read_depth","Read_depth","Read_depth",-0.120833303745158,0,0.241227365834462,0.616434161182418,1,0.852877247292165,1,NA,"prevalence",80,51
"PWY.6607..guanosine.nucleotides.degradation.I","Sex","Female","SexFemale",-0.129596794916398,0,0.513337530202629,0.800686127436638,1,0.205619360517223,0.858073914712386,NA,"prevalence",80,51
"PWY.6607..guanosine.nucleotides.degradation.I","Termness","preterm","Termnesspreterm",0.211340914769504,0,0.882855069188071,0.810808242264468,1,0.0457565900833043,0.607286429441843,NA,"prevalence",80,51
"PWY.6608..guanosine.nucleotides.degradation.III","acetate","acetate","acetate",0.0558744818780566,0,0.520190014690793,0.914462391131388,1,0.715789778298524,0.986661594904505,NA,"prevalence",80,79
"PWY.6608..guanosine.nucleotides.degradation.III","Antibiotics","Yes","AntibioticsYes",-0.620345307814456,0,1.42314757629312,0.662911691910867,1,0.886371472549606,1,NA,"prevalence",80,79
"PWY.6608..guanosine.nucleotides.degradation.III","Delivery_mode","C-section","Delivery_modeC-section",-0.0439953991094185,0,1.14672577164245,0.969395786931817,1,0.996908799064832,1,NA,"prevalence",80,79
"PWY.6608..guanosine.nucleotides.degradation.III","Ethnicity","European","EthnicityEuropean",0.457382557373336,0,1.01878900606236,0.653469685166705,1,0.844025547015963,1,NA,"prevalence",80,79
"PWY.6608..guanosine.nucleotides.degradation.III","Feeding_method","Breastfed","Feeding_methodBreastfed",-0.515890445188341,0,0.943339436314922,0.584463380641897,1,0.827329317972439,1,NA,"prevalence",80,79
"PWY.6608..guanosine.nucleotides.degradation.III","isobutyrate","isobutyrate","isobutyrate",0.39443347095199,0,0.500000916181967,0.430190623854717,1,0.486531094659573,0.959101190563739,NA,"prevalence",80,79
"PWY.6608..guanosine.nucleotides.degradation.III","Probiotics","Yes","ProbioticsYes",0.0845466594944044,0,1.93322859372341,0.965116915280364,1,0.799312405871792,0.998092298938251,NA,"prevalence",80,79
"PWY.6608..guanosine.nucleotides.degradation.III","propionate","propionate","propionate",-0.158848459327831,0,0.542135311585353,0.769518185579624,1,0.207299168687312,0.858094348542055,NA,"prevalence",80,79
"PWY.6608..guanosine.nucleotides.degradation.III","Read_depth","Read_depth","Read_depth",0.02476214369559,0,0.405379005172716,0.951292365444689,1,0.162655967814323,0.815631633558048,NA,"prevalence",80,79
"PWY.6608..guanosine.nucleotides.degradation.III","Sex","Female","SexFemale",0.311835323228331,0,0.900627619194483,0.729160673562131,1,0.425583369879944,0.948577380465311,NA,"prevalence",80,79
"PWY.6608..guanosine.nucleotides.degradation.III","Termness","preterm","Termnesspreterm",0.166675452777381,0,1.69567933839397,0.921698679511077,1,0.605143273608559,0.979149576884277,NA,"prevalence",80,79
"PWY.6612..superpathway.of.tetrahydrofolate.biosynthesis","acetate","acetate","acetate",-0.099899783907385,0,0.369225540396574,0.786725043877352,1,0.649443458636527,0.983585363030474,NA,"prevalence",80,77
"PWY.6612..superpathway.of.tetrahydrofolate.biosynthesis","Antibiotics","Yes","AntibioticsYes",0.0625854999730379,0,1.18002586570809,0.957702111361831,1,0.917057203731405,1,NA,"prevalence",80,77
"PWY.6612..superpathway.of.tetrahydrofolate.biosynthesis","butyrate","butyrate","butyrate",0.0709905717362411,0,0.534854566650656,0.894407914168456,1,0.775653305268033,0.995409163122056,NA,"prevalence",80,77
"PWY.6612..superpathway.of.tetrahydrofolate.biosynthesis","Delivery_mode","C-section","Delivery_modeC-section",-0.822091474560696,0,1.08912625634126,0.450358538119384,1,0.452461488718233,0.95137647878513,NA,"prevalence",80,77
"PWY.6612..superpathway.of.tetrahydrofolate.biosynthesis","Feeding_method","Breastfed","Feeding_methodBreastfed",0.363500557055845,0,0.900225266222284,0.686368296977181,1,0.838109122110654,1,NA,"prevalence",80,77
"PWY.6612..superpathway.of.tetrahydrofolate.biosynthesis","isobutyrate","isobutyrate","isobutyrate",0.0612803749042182,0,0.490563292039023,0.900588162089068,1,0.832004679934295,1,NA,"prevalence",80,77
"PWY.6612..superpathway.of.tetrahydrofolate.biosynthesis","Probiotics","Yes","ProbioticsYes",-0.646392571139181,0,1.76353632029159,0.713968106505453,1,0.907643937675307,1,NA,"prevalence",80,77
"PWY.6612..superpathway.of.tetrahydrofolate.biosynthesis","propionate","propionate","propionate",0.233075901294029,0,0.357044393521152,0.513890061136089,1,0.763697127337725,0.995084293998679,NA,"prevalence",80,77
"PWY.6612..superpathway.of.tetrahydrofolate.biosynthesis","Read_depth","Read_depth","Read_depth",-0.101976502305302,0,0.405100102806229,0.801248520041451,1,0.138369628868032,0.796311563100507,NA,"prevalence",80,77
"PWY.6612..superpathway.of.tetrahydrofolate.biosynthesis","Sex","Female","SexFemale",-0.663950957335729,0,0.864145800083828,0.442289908569216,1,0.688959453916266,0.983585363030474,NA,"prevalence",80,77
"PWY.6612..superpathway.of.tetrahydrofolate.biosynthesis","Termness","preterm","Termnesspreterm",0.143702518657498,0,1.65378979709502,0.93075667814595,1,0.100274733228536,0.746358414346301,NA,"prevalence",80,77
"PWY.6690..cinnamate.and.3.hydroxycinnamate.degradation.to.2.hydroxypentadienoate","acetate","acetate","acetate",0.150767979880541,0,0.24777908726267,0.542870877042136,1,0.791032964943774,0.995409163122056,NA,"prevalence",80,54
"PWY.6690..cinnamate.and.3.hydroxycinnamate.degradation.to.2.hydroxypentadienoate","Delivery_mode","C-section","Delivery_modeC-section",-0.128296183843275,0,0.660732056920722,0.846040591474916,1,0.292221637344227,0.900384819041268,NA,"prevalence",80,54
"PWY.6690..cinnamate.and.3.hydroxycinnamate.degradation.to.2.hydroxypentadienoate","Ethnicity","European","EthnicityEuropean",-0.47845447748586,0,0.625847976655985,0.444575333843805,1,0.326202113158086,0.911723569545708,NA,"prevalence",80,54
"PWY.6690..cinnamate.and.3.hydroxycinnamate.degradation.to.2.hydroxypentadienoate","Feeding_method","Breastfed","Feeding_methodBreastfed",0.349345453672962,0,0.593562662488375,0.556158493491618,1,0.80300471710037,0.998092298938251,NA,"prevalence",80,54
"PWY.6690..cinnamate.and.3.hydroxycinnamate.degradation.to.2.hydroxypentadienoate","isobutyrate","isobutyrate","isobutyrate",0.120910419979527,0,0.342921449662111,0.724396390836674,1,0.666868789071568,0.983585363030474,NA,"prevalence",80,54
"PWY.6690..cinnamate.and.3.hydroxycinnamate.degradation.to.2.hydroxypentadienoate","Probiotics","Yes","ProbioticsYes",-0.961143083907967,0,1.9029448318788,0.613501279389817,1,0.850618738966692,1,NA,"prevalence",80,54
"PWY.6690..cinnamate.and.3.hydroxycinnamate.degradation.to.2.hydroxypentadienoate","Sex","Female","SexFemale",0.414437419753097,0,0.56435236714258,0.462729773924011,1,0.711340704172256,0.986434261270435,NA,"prevalence",80,54
"PWY.6708..ubiquinol.8.biosynthesis..early.decarboxylation.","acetate","acetate","acetate",-0.178690424211227,0,0.263383217526396,0.497491035897459,1,0.543569540042177,0.967219610406066,NA,"prevalence",80,25
"PWY.6708..ubiquinol.8.biosynthesis..early.decarboxylation.","Antibiotics","Yes","AntibioticsYes",0.44483595463011,0,0.854150842384728,0.602510837250666,1,0.0195700798743212,0.46737867501078,NA,"prevalence",80,25
"PWY.6708..ubiquinol.8.biosynthesis..early.decarboxylation.","butyrate","butyrate","butyrate",-0.153258364353752,0,0.321129231245877,0.63318535503504,1,0.677552332303993,0.983585363030474,NA,"prevalence",80,25
"PWY.6708..ubiquinol.8.biosynthesis..early.decarboxylation.","Feeding_method","Breastfed","Feeding_methodBreastfed",-0.255553510870901,0,0.542325458437403,0.637485075138432,1,0.731820144417572,0.989044376667862,NA,"prevalence",80,25
"PWY.6708..ubiquinol.8.biosynthesis..early.decarboxylation.","isobutyrate","isobutyrate","isobutyrate",0.245334616207141,0,0.313256455916013,0.433524369766815,1,0.679105360351916,0.983585363030474,NA,"prevalence",80,25
"PWY.6708..ubiquinol.8.biosynthesis..early.decarboxylation.","Probiotics","Yes","ProbioticsYes",0.523245357191981,0,1.18895406531221,0.659872799919943,1,0.884313487765701,1,NA,"prevalence",80,25
"PWY.6708..ubiquinol.8.biosynthesis..early.decarboxylation.","propionate","propionate","propionate",-0.0188519411069828,0,0.246581935915492,0.939058665168483,1,0.987734586926848,1,NA,"prevalence",80,25
"PWY.6708..ubiquinol.8.biosynthesis..early.decarboxylation.","Termness","preterm","Termnesspreterm",-0.822381593936133,0,1.04464165372754,0.43114256309967,1,0.105648546930966,0.764082673617576,NA,"prevalence",80,25
"PWY.6731..starch.degradation.III","acetate","acetate","acetate",0.245526912779859,0,0.29619420749012,0.407138958657413,1,0.147199411987688,0.800902568025061,NA,"prevalence",80,68
"PWY.6731..starch.degradation.III","Delivery_mode","C-section","Delivery_modeC-section",-0.646892004499711,0,0.798386746695534,0.417797122657997,1,0.661039809614692,0.983585363030474,NA,"prevalence",80,68
"PWY.6731..starch.degradation.III","Ethnicity","European","EthnicityEuropean",0.485023772212267,0,0.72935068580323,0.506045611839428,1,0.628269562020664,0.979149576884277,NA,"prevalence",80,68
"PWY.6731..starch.degradation.III","Probiotics","Yes","ProbioticsYes",0.80209145046582,0,1.51203754105829,0.59578569294654,1,0.554328616747841,0.972243505618901,NA,"prevalence",80,68
"PWY.6731..starch.degradation.III","Read_depth","Read_depth","Read_depth",0.178220364543447,0,0.301072073195435,0.553882400624158,1,0.773787346432066,0.995084293998679,NA,"prevalence",80,68
"PWY.6731..starch.degradation.III","Sex","Female","SexFemale",0.230271509123882,0,0.645150933701849,0.721146778955991,1,0.838816348036096,1,NA,"prevalence",80,68
"PWY.6731..starch.degradation.III","Termness","preterm","Termnesspreterm",0.553066525731703,0,1.10642592071305,0.61716827168895,1,0.853439867798375,1,NA,"prevalence",80,68
"PWY.6749..CMP.legionaminate.biosynthesis.I","butyrate","butyrate","butyrate",0.0444051280426592,0,0.445597962714837,0.920619896776591,1,0.920619896776591,1,NA,"prevalence",80,11
"PWY.6749..CMP.legionaminate.biosynthesis.I","Ethnicity","European","EthnicityEuropean",-0.180271968266814,0,0.725695093715694,0.803815011658887,1,0.803815011658887,0.998092298938251,NA,"prevalence",80,11
"PWY.6749..CMP.legionaminate.biosynthesis.I","Feeding_method","Breastfed","Feeding_methodBreastfed",-0.0585338268296533,0,0.685124772698769,0.931915346255539,1,0.931915346255539,1,NA,"prevalence",80,11
"PWY.6749..CMP.legionaminate.biosynthesis.I","isobutyrate","isobutyrate","isobutyrate",-0.118445920486157,0,0.386229609591402,0.75909282022422,1,0.75909282022422,0.993657434340782,NA,"prevalence",80,11
"PWY.6749..CMP.legionaminate.biosynthesis.I","Probiotics","Yes","ProbioticsYes",1.06481081560105,0,1.67406964495915,0.524736506909325,1,0.524736506909325,0.966661071390955,NA,"prevalence",80,11
"PWY.6749..CMP.legionaminate.biosynthesis.I","propionate","propionate","propionate",-0.103878801055818,0,0.274435325747665,0.705045579949017,1,0.705045579949017,0.986317799722192,NA,"prevalence",80,11
"PWY.6749..CMP.legionaminate.biosynthesis.I","Sex","Female","SexFemale",0.582577200796632,0,0.745329732218107,0.434428010845885,1,0.434428010845885,0.95137647878513,NA,"prevalence",80,11
"PWY.6749..CMP.legionaminate.biosynthesis.I","Termness","preterm","Termnesspreterm",-0.236567841876502,0,1.63546778497943,0.884988460368241,1,0.884988460368241,1,NA,"prevalence",80,11
"PWY.6803..phosphatidylcholine.acyl.editing","acetate","acetate","acetate",0.232656217600463,0,0.369524137256961,0.528949556961534,1,0.156660301212552,0.8107101924969,NA,"prevalence",80,75
"PWY.6803..phosphatidylcholine.acyl.editing","Antibiotics","Yes","AntibioticsYes",-0.0823837359259871,0,1.34794471373409,0.951265203941398,1,0.98269451585612,1,NA,"prevalence",80,75
"PWY.6803..phosphatidylcholine.acyl.editing","Ethnicity","European","EthnicityEuropean",0.316329403647188,0,0.910062049046363,0.728147344850063,1,0.926096133887929,1,NA,"prevalence",80,75
"PWY.6803..phosphatidylcholine.acyl.editing","Feeding_method","Breastfed","Feeding_methodBreastfed",-0.321693624505527,0,0.842052646283544,0.702435367021516,1,0.91145528920038,1,NA,"prevalence",80,75
"PWY.6803..phosphatidylcholine.acyl.editing","Probiotics","Yes","ProbioticsYes",-0.534933244808372,0,1.9160052503635,0.780097519986543,1,0.674476955877966,0.983585363030474,NA,"prevalence",80,75
"PWY.6803..phosphatidylcholine.acyl.editing","Read_depth","Read_depth","Read_depth",0.222552988089063,0,0.351957621211349,0.527171959457939,1,0.303048435981752,0.905966408840929,NA,"prevalence",80,75
"PWY.6803..phosphatidylcholine.acyl.editing","Sex","Female","SexFemale",0.194292662536779,0,0.825720053147847,0.813975205201414,1,0.835333172941155,1,NA,"prevalence",80,75
"PWY.6892..thiazole.component.of.thiamine.diphosphate.biosynthesis.I","acetate","acetate","acetate",0.0863634101720219,0,0.382923611871938,0.821561610868165,1,0.821482951624476,1,NA,"prevalence",80,78
"PWY.6892..thiazole.component.of.thiamine.diphosphate.biosynthesis.I","Antibiotics","Yes","AntibioticsYes",-0.245498435841926,0,1.36101622167286,0.856855217835019,1,0.506472857453975,0.96407724159128,NA,"prevalence",80,78
"PWY.6892..thiazole.component.of.thiamine.diphosphate.biosynthesis.I","butyrate","butyrate","butyrate",-0.0148367836130292,0,0.502430770520652,0.976441888131676,1,0.803782025957986,0.998092298938251,NA,"prevalence",80,78
"PWY.6892..thiazole.component.of.thiamine.diphosphate.biosynthesis.I","Delivery_mode","C-section","Delivery_modeC-section",-0.827988718943593,0,1.05248171606747,0.431456751421515,1,0.60904238417794,0.979149576884277,NA,"prevalence",80,78
"PWY.6892..thiazole.component.of.thiamine.diphosphate.biosynthesis.I","Ethnicity","European","EthnicityEuropean",0.227622658656806,0,0.912684179459224,0.803052042513864,1,0.961211502042039,1,NA,"prevalence",80,78
"PWY.6892..thiazole.component.of.thiamine.diphosphate.biosynthesis.I","Feeding_method","Breastfed","Feeding_methodBreastfed",-0.575951003491573,0,0.892049860773655,0.518506766699744,1,0.768164266286066,0.995084293998679,NA,"prevalence",80,78
"PWY.6892..thiazole.component.of.thiamine.diphosphate.biosynthesis.I","isobutyrate","isobutyrate","isobutyrate",0.308362222824261,0,0.502398585774032,0.539360690366727,1,0.532854188552126,0.966661071390955,NA,"prevalence",80,78
"PWY.6892..thiazole.component.of.thiamine.diphosphate.biosynthesis.I","Probiotics","Yes","ProbioticsYes",-0.3248542802632,0,1.90588600690021,0.864657899218818,1,0.965410168117043,1,NA,"prevalence",80,78
"PWY.6892..thiazole.component.of.thiamine.diphosphate.biosynthesis.I","propionate","propionate","propionate",0.288400210664389,0,0.367498067280928,0.432590423235281,1,0.636046755647417,0.980109892930287,NA,"prevalence",80,78
"PWY.6892..thiazole.component.of.thiamine.diphosphate.biosynthesis.I","Read_depth","Read_depth","Read_depth",-0.154326513294876,0,0.420820717680789,0.713822320742008,1,0.91810233589451,1,NA,"prevalence",80,78
"PWY.6892..thiazole.component.of.thiamine.diphosphate.biosynthesis.I","Sex","Female","SexFemale",-0.0857504633952309,0,0.846138163884727,0.919277916898154,1,0.324193947618026,0.911723569545708,NA,"prevalence",80,78
"PWY.6892..thiazole.component.of.thiamine.diphosphate.biosynthesis.I","Termness","preterm","Termnesspreterm",0.724044404909205,0,1.64739471870731,0.660292938300609,1,0.862434534757634,1,NA,"prevalence",80,78
"PWY.6895..superpathway.of.thiamine.diphosphate.biosynthesis.II","acetate","acetate","acetate",0.0863634101720219,0,0.382923611871938,0.821561610868165,1,0.517497380657536,0.964605264080454,NA,"prevalence",80,78
"PWY.6895..superpathway.of.thiamine.diphosphate.biosynthesis.II","Antibiotics","Yes","AntibioticsYes",-0.245498435841926,0,1.36101622167286,0.856855217835019,1,0.118710165666387,0.775614098378524,NA,"prevalence",80,78
"PWY.6895..superpathway.of.thiamine.diphosphate.biosynthesis.II","butyrate","butyrate","butyrate",-0.0148367836130292,0,0.502430770520652,0.976441888131676,1,0.0636007676701073,0.652710385570562,NA,"prevalence",80,78
"PWY.6895..superpathway.of.thiamine.diphosphate.biosynthesis.II","Delivery_mode","C-section","Delivery_modeC-section",-0.827988718943593,0,1.05248171606747,0.431456751421515,1,0.676758574495823,0.983585363030474,NA,"prevalence",80,78
"PWY.6895..superpathway.of.thiamine.diphosphate.biosynthesis.II","Ethnicity","European","EthnicityEuropean",0.227622658656806,0,0.912684179459224,0.803052042513864,1,0.772491956907751,0.995084293998679,NA,"prevalence",80,78
"PWY.6895..superpathway.of.thiamine.diphosphate.biosynthesis.II","Feeding_method","Breastfed","Feeding_methodBreastfed",-0.575951003491573,0,0.892049860773655,0.518506766699744,1,0.409558729018606,0.940258942824249,NA,"prevalence",80,78
"PWY.6895..superpathway.of.thiamine.diphosphate.biosynthesis.II","isobutyrate","isobutyrate","isobutyrate",0.308362222824261,0,0.502398585774032,0.539360690366727,1,0.787811426420582,0.995409163122056,NA,"prevalence",80,78
"PWY.6895..superpathway.of.thiamine.diphosphate.biosynthesis.II","Probiotics","Yes","ProbioticsYes",-0.3248542802632,0,1.90588600690021,0.864657899218818,1,0.981682515756136,1,NA,"prevalence",80,78
"PWY.6895..superpathway.of.thiamine.diphosphate.biosynthesis.II","propionate","propionate","propionate",0.288400210664389,0,0.367498067280928,0.432590423235281,1,0.678046372195682,0.983585363030474,NA,"prevalence",80,78
"PWY.6895..superpathway.of.thiamine.diphosphate.biosynthesis.II","Read_depth","Read_depth","Read_depth",-0.154326513294876,0,0.420820717680789,0.713822320742008,1,0.697672926848931,0.986317799722192,NA,"prevalence",80,78
"PWY.6895..superpathway.of.thiamine.diphosphate.biosynthesis.II","Sex","Female","SexFemale",-0.0857504633952309,0,0.846138163884727,0.919277916898154,1,0.148882197671073,0.802911288366774,NA,"prevalence",80,78
"PWY.6895..superpathway.of.thiamine.diphosphate.biosynthesis.II","Termness","preterm","Termnesspreterm",0.724044404909205,0,1.64739471870731,0.660292938300609,1,0.884599112231566,1,NA,"prevalence",80,78
"PWY.6902..chitin.degradation.II..Vibrio.","acetate","acetate","acetate",0.26607767557009,0,0.412419879168015,0.518822143638243,1,0.00615104174299553,0.313325865566795,NA,"prevalence",80,77
"PWY.6902..chitin.degradation.II..Vibrio.","Antibiotics","Yes","AntibioticsYes",-0.767028682091629,0,1.4266450438892,0.590822104816268,1,0.639705110286661,0.980430579221197,NA,"prevalence",80,77
"PWY.6902..chitin.degradation.II..Vibrio.","Delivery_mode","C-section","Delivery_modeC-section",0.153836100074988,0,1.16515916274326,0.894960470689201,1,0.00643549490479921,0.314256048222472,NA,"prevalence",80,77
"PWY.6902..chitin.degradation.II..Vibrio.","Ethnicity","European","EthnicityEuropean",0.733000156840009,0,0.981518483125811,0.455182970935899,1,0.703174404841766,0.986317799722192,NA,"prevalence",80,77
"PWY.6902..chitin.degradation.II..Vibrio.","Feeding_method","Breastfed","Feeding_methodBreastfed",-0.200315776494405,0,0.923473604575843,0.828274166012612,1,0.942731784708745,1,NA,"prevalence",80,77
"PWY.6902..chitin.degradation.II..Vibrio.","isobutyrate","isobutyrate","isobutyrate",0.320600111361015,0,0.461830421632952,0.487560278359639,1,0.73740553168515,0.99059138833419,NA,"prevalence",80,77
"PWY.6902..chitin.degradation.II..Vibrio.","propionate","propionate","propionate",-0.209384024613669,0,0.56334563699185,0.710131490011293,1,0.189799507673758,0.848677399679941,NA,"prevalence",80,77
"PWY.6902..chitin.degradation.II..Vibrio.","Sex","Female","SexFemale",-0.0146137023384607,0,0.832957924864814,0.98600235500112,1,0.571325528772832,0.976334431269276,NA,"prevalence",80,77
"PWY.6902..chitin.degradation.II..Vibrio.","Termness","preterm","Termnesspreterm",-0.9271098842897,0,1.26953484050115,0.465221948196908,1,0.00488654193152339,0.279711727399421,NA,"prevalence",80,77
"PWY.6922..L.N.delta..acetylornithine.biosynthesis","Antibiotics","Yes","AntibioticsYes",-0.209277494488962,0,0.803778296966857,0.794580550961445,1,0.401366198918829,0.939910940436325,NA,"prevalence",80,57
"PWY.6922..L.N.delta..acetylornithine.biosynthesis","Delivery_mode","C-section","Delivery_modeC-section",-0.171686664308455,0,0.676932873041365,0.799785778003983,1,0.35500850087648,0.928420432709953,NA,"prevalence",80,57
"PWY.6922..L.N.delta..acetylornithine.biosynthesis","Feeding_method","Breastfed","Feeding_methodBreastfed",0.115319411386564,0,0.572530591573427,0.840369768743876,1,0.974518189269116,1,NA,"prevalence",80,57
"PWY.6922..L.N.delta..acetylornithine.biosynthesis","isobutyrate","isobutyrate","isobutyrate",-0.0103095402838386,0,0.327242580584684,0.97486738280037,1,0.780852100984912,0.995409163122056,NA,"prevalence",80,57
"PWY.6922..L.N.delta..acetylornithine.biosynthesis","Probiotics","Yes","ProbioticsYes",-0.0953571643524434,0,1.10675936204183,0.931340105695513,1,0.166296622542988,0.827623554371357,NA,"prevalence",80,57
"PWY.6922..L.N.delta..acetylornithine.biosynthesis","propionate","propionate","propionate",0.0141284050497705,0,0.286005992513928,0.960601338935623,1,0.199551306135967,0.854398753082031,NA,"prevalence",80,57
"PWY.6922..L.N.delta..acetylornithine.biosynthesis","Read_depth","Read_depth","Read_depth",0.151532892538537,0,0.257937369824436,0.556881778350625,1,0.803646241642296,0.998092298938251,NA,"prevalence",80,57
"PWY.6922..L.N.delta..acetylornithine.biosynthesis","Termness","preterm","Termnesspreterm",-0.122540249526994,0,0.999291680883176,0.902402386850039,1,0.389941306869114,0.937313481206142,NA,"prevalence",80,57
"PWY.6961..L.ascorbate.degradation.II..bacterial..aerobic.","acetate","acetate","acetate",-0.133887067786157,0,0.360024843520146,0.709980068565664,1,0.915888439370823,1,NA,"prevalence",80,60
"PWY.6961..L.ascorbate.degradation.II..bacterial..aerobic.","Antibiotics","Yes","AntibioticsYes",-0.144379382640021,0,0.795850742288177,0.856041727360333,1,0.375187024477139,0.937313481206142,NA,"prevalence",80,60
"PWY.6961..L.ascorbate.degradation.II..bacterial..aerobic.","Ethnicity","European","EthnicityEuropean",0.0535722303784874,0,0.611626184700084,0.93020268970594,1,0.963026522357042,1,NA,"prevalence",80,60
"PWY.6961..L.ascorbate.degradation.II..bacterial..aerobic.","Feeding_method","Breastfed","Feeding_methodBreastfed",-0.256648650796121,0,0.577940573583011,0.65698874759728,1,0.882343280725118,1,NA,"prevalence",80,60
"PWY.6961..L.ascorbate.degradation.II..bacterial..aerobic.","isobutyrate","isobutyrate","isobutyrate",0.198838277595219,0,0.324049786301007,0.539476973326384,1,0.787918541903372,0.995409163122056,NA,"prevalence",80,60
"PWY.6961..L.ascorbate.degradation.II..bacterial..aerobic.","Read_depth","Read_depth","Read_depth",0.0948937242054634,0,0.274309386828495,0.729390176866727,1,0.134697353902922,0.790110948424048,NA,"prevalence",80,60
"PWY.6992..1.5.anhydrofructose.degradation","Ethnicity","European","EthnicityEuropean",0.0324761424870968,0,0.579389459344686,0.955300101037454,1,0.102348520066884,0.754533484259898,NA,"prevalence",80,26
"PWY.6992..1.5.anhydrofructose.degradation","Feeding_method","Breastfed","Feeding_methodBreastfed",-0.259244181218614,0,0.550932944869788,0.637958640787169,1,0.868926054219326,1,NA,"prevalence",80,26
"PWY.6992..1.5.anhydrofructose.degradation","isobutyrate","isobutyrate","isobutyrate",-0.0107084335604096,0,0.332462387809188,0.974305013116002,1,0.0722301608402214,0.672149345781079,NA,"prevalence",80,26
"PWY.6992..1.5.anhydrofructose.degradation","Probiotics","Yes","ProbioticsYes",0.0674156393566028,0,1.22511188075748,0.956116037947295,1,0.740210430422854,0.99234705074943,NA,"prevalence",80,26
"PWY.6992..1.5.anhydrofructose.degradation","Read_depth","Read_depth","Read_depth",-0.0387905093429025,0,0.299308603429164,0.896882600997618,1,0.923875596088884,1,NA,"prevalence",80,26
"PWY.6992..1.5.anhydrofructose.degradation","Sex","Female","SexFemale",-0.369998513926982,0,0.536062923837372,0.490059175975203,1,0.0839733758325675,0.715296527817311,NA,"prevalence",80,26
"PWY.6992..1.5.anhydrofructose.degradation","Termness","preterm","Termnesspreterm",-0.518585559212863,0,1.08270774250767,0.631959293034397,1,0.36504020047022,0.935052415092543,NA,"prevalence",80,26
"PWY.7013...S..propane.1.2.diol.degradation","acetate","acetate","acetate",-0.425491699999169,0,0.619938610737985,0.492495645320437,1,0.742439329981281,0.99234705074943,NA,"prevalence",80,70
"PWY.7013...S..propane.1.2.diol.degradation","Antibiotics","Yes","AntibioticsYes",-0.675615356379705,0,1.03690992131511,0.51468112091623,1,0.764465585604873,0.995084293998679,NA,"prevalence",80,70
"PWY.7013...S..propane.1.2.diol.degradation","butyrate","butyrate","butyrate",0.195025803757334,0,0.39767755363878,0.623842459243073,1,0.858505504531701,1,NA,"prevalence",80,70
"PWY.7013...S..propane.1.2.diol.degradation","Delivery_mode","C-section","Delivery_modeC-section",0.48844716318695,0,0.744749983406447,0.511918147733143,1,0.667159511835267,0.983585363030474,NA,"prevalence",80,70
"PWY.7013...S..propane.1.2.diol.degradation","Probiotics","Yes","ProbioticsYes",-0.552425902619861,0,1.75163080864546,0.752474633323763,1,0.506269404448391,0.964062047389755,NA,"prevalence",80,70
"PWY.7013...S..propane.1.2.diol.degradation","propionate","propionate","propionate",0.0704720153531429,0,0.292551096407038,0.809642010785131,1,0.963763835942072,1,NA,"prevalence",80,70
"PWY.7013...S..propane.1.2.diol.degradation","Read_depth","Read_depth","Read_depth",0.0182130079194856,0,0.313429468939325,0.953661970965673,1,0.407850433676919,0.940221222582795,NA,"prevalence",80,70
"PWY.7013...S..propane.1.2.diol.degradation","Termness","preterm","Termnesspreterm",0.911304627560285,0,1.62367881427517,0.57462086976895,1,0.484963632263819,0.959080836132184,NA,"prevalence",80,70
"PWY.7039..phosphatidate.metabolism..as.a.signaling.molecule","acetate","acetate","acetate",0.166679576404185,0,0.269551162076652,0.536338254991783,1,0.785017786215935,0.995409163122056,NA,"prevalence",80,13
"PWY.7039..phosphatidate.metabolism..as.a.signaling.molecule","Antibiotics","Yes","AntibioticsYes",1.08046447989357,0,1.3007552764959,0.4061748078425,1,0.647371641159108,0.983585363030474,NA,"prevalence",80,13
"PWY.7039..phosphatidate.metabolism..as.a.signaling.molecule","Ethnicity","European","EthnicityEuropean",0.081425115214106,0,0.734223216819033,0.911695904307092,1,0.907848521667422,1,NA,"prevalence",80,13
"PWY.7039..phosphatidate.metabolism..as.a.signaling.molecule","isobutyrate","isobutyrate","isobutyrate",0.209945675027111,0,0.461388586914004,0.649087615206854,1,0.876860498198787,1,NA,"prevalence",80,13
"PWY.7039..phosphatidate.metabolism..as.a.signaling.molecule","Sex","Female","SexFemale",0.137213521630828,0,0.6458023655309,0.831740509221838,1,0.835489769314484,1,NA,"prevalence",80,13
"PWY.7094..fatty.acid.salvage","acetate","acetate","acetate",0.10239005598635,0,0.352540684421428,0.771483682898687,1,0.671018996702905,0.983585363030474,NA,"prevalence",80,72
"PWY.7094..fatty.acid.salvage","Antibiotics","Yes","AntibioticsYes",-0.687888964651485,0,1.32768478430368,0.604380366935593,1,0.117996345259604,0.775614098378524,NA,"prevalence",80,72
"PWY.7094..fatty.acid.salvage","Ethnicity","European","EthnicityEuropean",-0.380495597445079,0,0.805997650488475,0.636869486763369,1,0.577310073228341,0.976909361648876,NA,"prevalence",80,72
"PWY.7094..fatty.acid.salvage","Probiotics","Yes","ProbioticsYes",-0.751220556713769,0,1.91663907572245,0.695097520856068,1,0.564378699422606,0.976255562133106,NA,"prevalence",80,72
"PWY.7094..fatty.acid.salvage","Read_depth","Read_depth","Read_depth",-0.0638815056733825,0,0.290499689289409,0.825947363382721,1,0.953663691043468,1,NA,"prevalence",80,72
"PWY.7094..fatty.acid.salvage","Sex","Female","SexFemale",0.485610249848914,0,0.744210220910056,0.514067337864123,1,0.522669502915201,0.966661071390955,NA,"prevalence",80,72
"PWY.7118..chitin.deacetylation","acetate","acetate","acetate",0.196260578081244,0,0.379062761770401,0.604631174089465,1,0.664534212264858,0.983585363030474,NA,"prevalence",80,76
"PWY.7118..chitin.deacetylation","Antibiotics","Yes","AntibioticsYes",-0.0190680562711487,0,1.34810387110078,0.988714815861967,1,0.923936500391287,1,NA,"prevalence",80,76
"PWY.7118..chitin.deacetylation","Ethnicity","European","EthnicityEuropean",0.391813823155999,0,0.93025430808886,0.67361633721134,1,0.893473704664658,1,NA,"prevalence",80,76
"PWY.7118..chitin.deacetylation","Feeding_method","Breastfed","Feeding_methodBreastfed",-0.1893884422359,0,0.846144613533813,0.822893362107002,1,0.95214578404772,1,NA,"prevalence",80,76
"PWY.7118..chitin.deacetylation","Probiotics","Yes","ProbioticsYes",-0.47310230375581,0,1.91536721729132,0.804905556876119,1,0.961938158262183,1,NA,"prevalence",80,76
"PWY.7118..chitin.deacetylation","Sex","Female","SexFemale",0.387058600739982,0,0.845977854445907,0.64729154331732,1,0.875596744584522,1,NA,"prevalence",80,76
"PWY.7118..chitin.deacetylation","Termness","preterm","Termnesspreterm",1.28032765857273,0,1.62078063682152,0.429559853976567,1,0.278182804045845,0.894797826876664,NA,"prevalence",80,76
"PWY.7165..L.ascorbate.biosynthesis.VIII..engineered.pathway.","acetate","acetate","acetate",-0.18374932076257,0,0.345399327386323,0.594732254607549,1,0.438179940193974,0.95137647878513,NA,"prevalence",80,39
"PWY.7165..L.ascorbate.biosynthesis.VIII..engineered.pathway.","isobutyrate","isobutyrate","isobutyrate",0.220354553316252,0,0.331876730371787,0.506712673777302,1,0.0692028124032123,0.658896275622863,NA,"prevalence",80,39
"PWY.7165..L.ascorbate.biosynthesis.VIII..engineered.pathway.","Probiotics","Yes","ProbioticsYes",0.87584817605852,0,1.06010604603414,0.408696768390562,1,0.591903841148252,0.976974901602956,NA,"prevalence",80,39
"PWY.7165..L.ascorbate.biosynthesis.VIII..engineered.pathway.","Sex","Female","SexFemale",-0.233422535561771,0,0.524391299370316,0.656225483994087,1,0.8818190821449,1,NA,"prevalence",80,39
"PWY.7184..pyrimidine.deoxyribonucleotides.de.novo.biosynthesis.I","acetate","acetate","acetate",0.158195903197895,0,0.434941426702394,0.716068811204286,1,0.919383080029053,1,NA,"prevalence",80,78
"PWY.7184..pyrimidine.deoxyribonucleotides.de.novo.biosynthesis.I","Antibiotics","Yes","AntibioticsYes",0.389816896080457,0,1.44150134614132,0.786833899018308,1,0.507771583813243,0.964395491483136,NA,"prevalence",80,78
"PWY.7184..pyrimidine.deoxyribonucleotides.de.novo.biosynthesis.I","Delivery_mode","C-section","Delivery_modeC-section",-0.426746011674033,0,1.09725389677438,0.697333960762123,1,0.908393268692056,1,NA,"prevalence",80,78
"PWY.7184..pyrimidine.deoxyribonucleotides.de.novo.biosynthesis.I","Ethnicity","European","EthnicityEuropean",0.267168154969244,0,1.019479186136,0.793272583716007,1,0.590415983219566,0.976974901602956,NA,"prevalence",80,78
"PWY.7184..pyrimidine.deoxyribonucleotides.de.novo.biosynthesis.I","Feeding_method","Breastfed","Feeding_methodBreastfed",0.411290985525229,0,0.938023118776874,0.661048712064458,1,0.885112024406837,1,NA,"prevalence",80,78
"PWY.7184..pyrimidine.deoxyribonucleotides.de.novo.biosynthesis.I","isobutyrate","isobutyrate","isobutyrate",0.347822567896357,0,0.484994067123143,0.473270005649036,1,0.403333482608941,0.939910940436325,NA,"prevalence",80,78
"PWY.7184..pyrimidine.deoxyribonucleotides.de.novo.biosynthesis.I","Probiotics","Yes","ProbioticsYes",-0.169789265383582,0,1.93661648671032,0.93013646158655,1,0.969542512597139,1,NA,"prevalence",80,78
"PWY.7184..pyrimidine.deoxyribonucleotides.de.novo.biosynthesis.I","Sex","Female","SexFemale",0.553963593310293,0,0.909098945639595,0.542289446263741,1,0.630170593436495,0.979149576884277,NA,"prevalence",80,78
"PWY.7184..pyrimidine.deoxyribonucleotides.de.novo.biosynthesis.I","Termness","preterm","Termnesspreterm",0.6695170680239,0,1.65665260880463,0.686110889443876,1,0.720240373159871,0.986891662674378,NA,"prevalence",80,78
"PWY.7185..UTP.and.CTP.dephosphorylation.I","Ethnicity","European","EthnicityEuropean",0.269718749932984,0,0.695978628301336,0.698357337134834,1,0.573574118692469,0.976334431269276,NA,"prevalence",80,67
"PWY.7185..UTP.and.CTP.dephosphorylation.I","isobutyrate","isobutyrate","isobutyrate",0.292285611031214,0,0.367214839254328,0.426059578620397,1,0.670592392706604,0.983585363030474,NA,"prevalence",80,67
"PWY.7185..UTP.and.CTP.dephosphorylation.I","Probiotics","Yes","ProbioticsYes",0.0247959591001071,0,1.76051737127083,0.988762588107117,1,0.257055721405455,0.880494562511276,NA,"prevalence",80,67
"PWY.7185..UTP.and.CTP.dephosphorylation.I","propionate","propionate","propionate",-0.096748689675145,0,0.267122322356609,0.717211014851562,1,0.248598153895641,0.880494562511276,NA,"prevalence",80,67
"PWY.7185..UTP.and.CTP.dephosphorylation.I","Read_depth","Read_depth","Read_depth",0.203783147934854,0,0.286117952829319,0.47631942317238,1,0.725758653453491,0.986891662674378,NA,"prevalence",80,67
"PWY.7185..UTP.and.CTP.dephosphorylation.I","Termness","preterm","Termnesspreterm",1.30627034621905,0,1.57948409073882,0.408223783063294,1,0.207037298967506,0.858073914712386,NA,"prevalence",80,67
"PWY.7187..pyrimidine.deoxyribonucleotides.de.novo.biosynthesis.II","acetate","acetate","acetate",-0.123247872499432,0,0.420409157923048,0.769398541056869,1,0.289033942851655,0.900384819041268,NA,"prevalence",80,78
"PWY.7187..pyrimidine.deoxyribonucleotides.de.novo.biosynthesis.II","Antibiotics","Yes","AntibioticsYes",-0.687803857287424,0,1.35228087013467,0.611015102142086,1,0.848690749238468,1,NA,"prevalence",80,78
"PWY.7187..pyrimidine.deoxyribonucleotides.de.novo.biosynthesis.II","butyrate","butyrate","butyrate",0.0589965403567191,0,0.510221719957663,0.907946402696205,1,0.882931460384003,1,NA,"prevalence",80,78
"PWY.7187..pyrimidine.deoxyribonucleotides.de.novo.biosynthesis.II","Delivery_mode","C-section","Delivery_modeC-section",-0.521601483976049,0,1.08830988608367,0.631741852368513,1,0.259516432545571,0.882557545761108,NA,"prevalence",80,78
"PWY.7187..pyrimidine.deoxyribonucleotides.de.novo.biosynthesis.II","Ethnicity","European","EthnicityEuropean",-0.232317716907798,0,0.924310408330646,0.801549964857654,1,0.359838175428056,0.933806989936667,NA,"prevalence",80,78
"PWY.7187..pyrimidine.deoxyribonucleotides.de.novo.biosynthesis.II","Feeding_method","Breastfed","Feeding_methodBreastfed",-0.572836998983934,0,0.90777480905227,0.5280181279002,1,0.777233112409168,0.995409163122056,NA,"prevalence",80,78
"PWY.7187..pyrimidine.deoxyribonucleotides.de.novo.biosynthesis.II","isobutyrate","isobutyrate","isobutyrate",-0.0857803355747047,0,0.571237391502663,0.880633785871327,1,0.630650425740854,0.979149576884277,NA,"prevalence",80,78
"PWY.7187..pyrimidine.deoxyribonucleotides.de.novo.biosynthesis.II","Probiotics","Yes","ProbioticsYes",-0.555445922078832,0,1.92862303473394,0.773345751148894,1,0.948627851477741,1,NA,"prevalence",80,78
"PWY.7187..pyrimidine.deoxyribonucleotides.de.novo.biosynthesis.II","propionate","propionate","propionate",0.18923835875067,0,0.397051106517481,0.633640164583225,1,0.193256362244613,0.849508408582616,NA,"prevalence",80,78
"PWY.7187..pyrimidine.deoxyribonucleotides.de.novo.biosynthesis.II","Read_depth","Read_depth","Read_depth",-0.00626677346744933,0,0.437911358101735,0.988582184403471,1,0.630870799115752,0.979149576884277,NA,"prevalence",80,78
"PWY.7187..pyrimidine.deoxyribonucleotides.de.novo.biosynthesis.II","Sex","Female","SexFemale",0.546780531414667,0,0.889258339082427,0.538638900463125,1,0.787145935834125,0.995409163122056,NA,"prevalence",80,78
"PWY.7187..pyrimidine.deoxyribonucleotides.de.novo.biosynthesis.II","Termness","preterm","Termnesspreterm",0.486502568897003,0,1.68970833486588,0.773407186495759,1,0.118325893364446,0.775614098378524,NA,"prevalence",80,78
"PWY.7196..superpathway.of.pyrimidine.ribonucleosides.salvage","acetate","acetate","acetate",0.0917614067954021,0,0.298530822114473,0.758556692013051,1,0.758556692013051,0.993657434340782,NA,"prevalence",80,12
"PWY.7196..superpathway.of.pyrimidine.ribonucleosides.salvage","Ethnicity","European","EthnicityEuropean",-0.28847245759389,0,0.682412321109026,0.67249622432095,1,0.67249622432095,0.983585363030474,NA,"prevalence",80,12
"PWY.7196..superpathway.of.pyrimidine.ribonucleosides.salvage","isobutyrate","isobutyrate","isobutyrate",0.306026948168006,0,0.456994044430449,0.503079695709538,1,0.503079695709538,0.964062047389755,NA,"prevalence",80,12
"PWY.7196..superpathway.of.pyrimidine.ribonucleosides.salvage","Probiotics","Yes","ProbioticsYes",-0.303143969730828,0,1.12932166677643,0.788368244459284,1,0.788368244459284,0.995409163122056,NA,"prevalence",80,12
"PWY.7196..superpathway.of.pyrimidine.ribonucleosides.salvage","propionate","propionate","propionate",0.252361299314794,0,0.455055714990349,0.579187232807452,1,0.579187232807452,0.976974901602956,NA,"prevalence",80,12
"PWY.7196..superpathway.of.pyrimidine.ribonucleosides.salvage","Sex","Female","SexFemale",0.0120292977556867,0,0.616060440884431,0.984421364449981,1,0.984421364449981,1,NA,"prevalence",80,12
"PWY.7196..superpathway.of.pyrimidine.ribonucleosides.salvage","Termness","preterm","Termnesspreterm",0.815115700878829,0,1.0366954156793,0.431713168093025,1,0.431713168093025,0.95137647878513,NA,"prevalence",80,12
"PWY.7198..pyrimidine.deoxyribonucleotides.de.novo.biosynthesis.IV","acetate","acetate","acetate",-0.0814502638326372,0,0.507783021260767,0.872563093135921,1,0.0417775672000161,0.584264594708749,NA,"prevalence",80,76
"PWY.7198..pyrimidine.deoxyribonucleotides.de.novo.biosynthesis.IV","Antibiotics","Yes","AntibioticsYes",-0.624660201836391,0,1.48177598927397,0.673344869850494,1,0.394790858058461,0.937313481206142,NA,"prevalence",80,76
"PWY.7198..pyrimidine.deoxyribonucleotides.de.novo.biosynthesis.IV","butyrate","butyrate","butyrate",-0.199119970680502,0,0.508626470263049,0.695438284416496,1,0.895733948080473,1,NA,"prevalence",80,76
"PWY.7198..pyrimidine.deoxyribonucleotides.de.novo.biosynthesis.IV","Delivery_mode","C-section","Delivery_modeC-section",0.181340836157901,0,0.969762890847122,0.851664533508621,1,0.645835515643401,0.983585363030474,NA,"prevalence",80,76
"PWY.7198..pyrimidine.deoxyribonucleotides.de.novo.biosynthesis.IV","Ethnicity","European","EthnicityEuropean",-0.525958880127866,0,0.904059728587524,0.560718594647037,1,0.37525523522077,0.937313481206142,NA,"prevalence",80,76
"PWY.7198..pyrimidine.deoxyribonucleotides.de.novo.biosynthesis.IV","Feeding_method","Breastfed","Feeding_methodBreastfed",-0.677726904301735,0,0.924938975773434,0.463725517783664,1,0.222103858780254,0.868688526173046,NA,"prevalence",80,76
"PWY.7198..pyrimidine.deoxyribonucleotides.de.novo.biosynthesis.IV","isobutyrate","isobutyrate","isobutyrate",-0.399551515390304,0,0.489513793512921,0.414373657797075,1,0.297760899953114,0.900384819041268,NA,"prevalence",80,76
"PWY.7198..pyrimidine.deoxyribonucleotides.de.novo.biosynthesis.IV","Probiotics","Yes","ProbioticsYes",-0.163970919490901,0,1.93387434627817,0.932429283671375,1,0.965582275436584,1,NA,"prevalence",80,76
"PWY.7198..pyrimidine.deoxyribonucleotides.de.novo.biosynthesis.IV","propionate","propionate","propionate",-0.0368829607516302,0,0.352341263888745,0.916630008901779,1,0.198238475120333,0.853468404222991,NA,"prevalence",80,76
"PWY.7198..pyrimidine.deoxyribonucleotides.de.novo.biosynthesis.IV","Sex","Female","SexFemale",0.221916633762495,0,0.857404798646351,0.795771314603366,1,0.365998462631734,0.935709006478099,NA,"prevalence",80,76
"PWY.7198..pyrimidine.deoxyribonucleotides.de.novo.biosynthesis.IV","Termness","preterm","Termnesspreterm",1.11489945791855,0,1.63031603989017,0.494066855160868,1,0.726340795725667,0.986891662674378,NA,"prevalence",80,76
"PWY.7200..superpathway.of.pyrimidine.deoxyribonucleoside.salvage","Antibiotics","Yes","AntibioticsYes",0.0299163240529261,0,0.874187154848729,0.972700222560305,1,0.953778301685023,1,NA,"prevalence",80,59
"PWY.7200..superpathway.of.pyrimidine.deoxyribonucleoside.salvage","butyrate","butyrate","butyrate",0.113079738561681,0,0.356636238212557,0.751188176212992,1,0.219059445300953,0.86756868522252,NA,"prevalence",80,59
"PWY.7200..superpathway.of.pyrimidine.deoxyribonucleoside.salvage","Ethnicity","European","EthnicityEuropean",-0.45019624310044,0,0.644803145609729,0.485057278914165,1,0.734833994000716,0.989582995017423,NA,"prevalence",80,59
"PWY.7200..superpathway.of.pyrimidine.deoxyribonucleoside.salvage","isobutyrate","isobutyrate","isobutyrate",0.165231076166493,0,0.356931281604511,0.643420812895231,1,0.774229263070726,0.995178192719526,NA,"prevalence",80,59
"PWY.7200..superpathway.of.pyrimidine.deoxyribonucleoside.salvage","Probiotics","Yes","ProbioticsYes",0.362035810823022,0,1.20995247105216,0.764776079225096,1,0.296603882078605,0.900384819041268,NA,"prevalence",80,59
"PWY.7200..superpathway.of.pyrimidine.deoxyribonucleoside.salvage","Sex","Female","SexFemale",-0.217164322498962,0,0.597533234204594,0.716280170951433,1,0.328566279146701,0.911723569545708,NA,"prevalence",80,59
"PWY.7200..superpathway.of.pyrimidine.deoxyribonucleoside.salvage","Termness","preterm","Termnesspreterm",-0.16154569685044,0,1.12639979076662,0.885960284159433,1,0.00394825709250135,0.256883447687733,NA,"prevalence",80,59
"PWY.7204..pyridoxal.5..phosphate.salvage.II..plants.","Antibiotics","Yes","AntibioticsYes",0.390933976154095,0,0.8456361845131,0.643869279182803,1,0.0996054953034724,0.746358414346301,NA,"prevalence",80,60
"PWY.7204..pyridoxal.5..phosphate.salvage.II..plants.","butyrate","butyrate","butyrate",0.229750456584753,0,0.347873460197478,0.508969834704382,1,0.758889376769758,0.993657434340782,NA,"prevalence",80,60
"PWY.7204..pyridoxal.5..phosphate.salvage.II..plants.","Feeding_method","Breastfed","Feeding_methodBreastfed",-0.364973094539638,0,0.606238613336405,0.547154978257794,1,0.753739607847871,0.993657434340782,NA,"prevalence",80,60
"PWY.7204..pyridoxal.5..phosphate.salvage.II..plants.","isobutyrate","isobutyrate","isobutyrate",-0.00939022757161567,0,0.343825722982149,0.978211675868711,1,0.290571642850847,0.900384819041268,NA,"prevalence",80,60
"PWY.7204..pyridoxal.5..phosphate.salvage.II..plants.","Probiotics","Yes","ProbioticsYes",0.214029862870791,0,1.07673573474186,0.842437505265347,1,0.0964410237251453,0.744361704244784,NA,"prevalence",80,60
"PWY.7204..pyridoxal.5..phosphate.salvage.II..plants.","Read_depth","Read_depth","Read_depth",0.019527007456466,0,0.266748136060304,0.941643852288805,1,0.0060663189951301,0.313325865566795,NA,"prevalence",80,60
"PWY.7204..pyridoxal.5..phosphate.salvage.II..plants.","Sex","Female","SexFemale",-0.0993551618358414,0,0.592373209602617,0.866800470658139,1,0.57799691098178,0.976955586834499,NA,"prevalence",80,60
"PWY.7204..pyridoxal.5..phosphate.salvage.II..plants.","Termness","preterm","Termnesspreterm",-0.676940351119023,0,0.936918009208388,0.469975915195263,1,0.433352010588134,0.95137647878513,NA,"prevalence",80,60
"PWY.7209..superpathway.of.pyrimidine.ribonucleosides.degradation","acetate","acetate","acetate",0.0879585932152906,0,0.267187970644646,0.742003636755794,1,0.165792728470064,0.825949229105408,NA,"prevalence",80,60
"PWY.7209..superpathway.of.pyrimidine.ribonucleosides.degradation","Delivery_mode","C-section","Delivery_modeC-section",-0.12224458581697,0,0.684365856535519,0.858232467449748,1,0.97436196375801,1,NA,"prevalence",80,60
"PWY.7209..superpathway.of.pyrimidine.ribonucleosides.degradation","Sex","Female","SexFemale",-0.407549278890883,0,0.57544864751637,0.478803212339338,1,0.419029603253498,0.946704161726983,NA,"prevalence",80,60
"PWY.7209..superpathway.of.pyrimidine.ribonucleosides.degradation","Termness","preterm","Termnesspreterm",-0.0976839459624858,0,1.00333358570647,0.922440993481738,1,0.255908904460108,0.880494562511276,NA,"prevalence",80,60
"PWY.7210..pyrimidine.deoxyribonucleotides.biosynthesis.from.CTP","Ethnicity","European","EthnicityEuropean",0.269718749932984,0,0.695978628301336,0.698357337134834,1,0.505739162909674,0.964062047389755,NA,"prevalence",80,67
"PWY.7210..pyrimidine.deoxyribonucleotides.biosynthesis.from.CTP","isobutyrate","isobutyrate","isobutyrate",0.292285611031214,0,0.367214839254328,0.426059578620397,1,0.670592392706604,0.983585363030474,NA,"prevalence",80,67
"PWY.7210..pyrimidine.deoxyribonucleotides.biosynthesis.from.CTP","Probiotics","Yes","ProbioticsYes",0.0247959591001071,0,1.76051737127083,0.988762588107117,1,0.229551588557876,0.875598170740482,NA,"prevalence",80,67
"PWY.7210..pyrimidine.deoxyribonucleotides.biosynthesis.from.CTP","propionate","propionate","propionate",-0.096748689675145,0,0.267122322356609,0.717211014851562,1,0.423927666625324,0.948577380465311,NA,"prevalence",80,67
"PWY.7210..pyrimidine.deoxyribonucleotides.biosynthesis.from.CTP","Read_depth","Read_depth","Read_depth",0.203783147934854,0,0.286117952829319,0.47631942317238,1,0.725758653453491,0.986891662674378,NA,"prevalence",80,67
"PWY.7210..pyrimidine.deoxyribonucleotides.biosynthesis.from.CTP","Termness","preterm","Termnesspreterm",1.30627034621905,0,1.57948409073882,0.408223783063294,1,0.263528369696668,0.888395023475027,NA,"prevalence",80,67
"PWY.7211..superpathway.of.pyrimidine.deoxyribonucleotides.de.novo.biosynthesis","acetate","acetate","acetate",-0.122569233982632,0,0.612756004065337,0.841457564722422,1,0.625111581124203,0.979149576884277,NA,"prevalence",80,70
"PWY.7211..superpathway.of.pyrimidine.deoxyribonucleotides.de.novo.biosynthesis","Antibiotics","Yes","AntibioticsYes",-0.709614366578698,0,1.33353443074392,0.594635602367508,1,0.74466075306232,0.99234705074943,NA,"prevalence",80,70
"PWY.7211..superpathway.of.pyrimidine.deoxyribonucleotides.de.novo.biosynthesis","Probiotics","Yes","ProbioticsYes",0.0360354418411618,0,1.92896162794597,0.985095374634553,1,0.966851920825326,1,NA,"prevalence",80,70
"PWY.7211..superpathway.of.pyrimidine.deoxyribonucleotides.de.novo.biosynthesis","propionate","propionate","propionate",0.171457409910595,0,0.284255322099962,0.546388284850064,1,0.794236411878733,0.998092298938251,NA,"prevalence",80,70
"PWY.7211..superpathway.of.pyrimidine.deoxyribonucleotides.de.novo.biosynthesis","Sex","Female","SexFemale",0.192200701883668,0,0.732314800861666,0.792969599831437,1,0.957138413406045,1,NA,"prevalence",80,70
"PWY.7237..myo...chiro..and.scyllo.inositol.degradation","acetate","acetate","acetate",-0.067879748725097,0,0.329264247417533,0.836669178545989,1,0.16704641642687,0.828846001828294,NA,"prevalence",80,64
"PWY.7237..myo...chiro..and.scyllo.inositol.degradation","butyrate","butyrate","butyrate",-0.101929963466144,0,0.349990442344751,0.770870510065803,1,0.328878209486221,0.911723569545708,NA,"prevalence",80,64
"PWY.7237..myo...chiro..and.scyllo.inositol.degradation","Ethnicity","European","EthnicityEuropean",-0.243265208112822,0,0.623717216948451,0.69651817851026,1,0.804997841678085,0.998092298938251,NA,"prevalence",80,64
"PWY.7237..myo...chiro..and.scyllo.inositol.degradation","Feeding_method","Breastfed","Feeding_methodBreastfed",-0.452375814159686,0,0.614981529476742,0.461978714935742,1,0.346823736305155,0.922618482986529,NA,"prevalence",80,64
"PWY.7237..myo...chiro..and.scyllo.inositol.degradation","propionate","propionate","propionate",-0.220706568020021,0,0.285635516842176,0.439708227765966,1,0.686073129966845,0.983585363030474,NA,"prevalence",80,64
"PWY.7237..myo...chiro..and.scyllo.inositol.degradation","Termness","preterm","Termnesspreterm",-0.742630035168136,0,0.980324297218771,0.44872936342372,1,0.241060905516139,0.880494562511276,NA,"prevalence",80,64
"PWY.7242..D.fructuronate.degradation","acetate","acetate","acetate",0.0922751262730138,0,0.365033576597296,0.800434119079191,1,0.867612565880676,1,NA,"prevalence",80,73
"PWY.7242..D.fructuronate.degradation","butyrate","butyrate","butyrate",-0.34146148905741,0,0.41713831168855,0.413025520834384,1,0.655460960808254,0.983585363030474,NA,"prevalence",80,73
"PWY.7242..D.fructuronate.degradation","Delivery_mode","C-section","Delivery_modeC-section",-0.470216561528481,0,0.870108006969377,0.588913129524986,1,0.323339173266427,0.911723569545708,NA,"prevalence",80,73
"PWY.7242..D.fructuronate.degradation","Ethnicity","European","EthnicityEuropean",0.182118842725702,0,0.773351859788935,0.813826218464437,1,0.965339323068749,1,NA,"prevalence",80,73
"PWY.7242..D.fructuronate.degradation","Feeding_method","Breastfed","Feeding_methodBreastfed",-0.352111458562813,0,0.753954254305443,0.640485813171267,1,0.345207080600145,0.919827593927218,NA,"prevalence",80,73
"PWY.7242..D.fructuronate.degradation","isobutyrate","isobutyrate","isobutyrate",0.291452455713824,0,0.381031219359471,0.444328474461559,1,0.691229155705782,0.983585363030474,NA,"prevalence",80,73
"PWY.7242..D.fructuronate.degradation","propionate","propionate","propionate",0.0670634801996974,0,0.33841597296528,0.842913013701992,1,0.975323678735809,1,NA,"prevalence",80,73
"PWY.7242..D.fructuronate.degradation","Read_depth","Read_depth","Read_depth",0.221902656773943,0,0.300756252017748,0.460626507696096,1,0.0870456504843583,0.720633247885957,NA,"prevalence",80,73
"PWY.7242..D.fructuronate.degradation","Sex","Female","SexFemale",-0.465919888629204,0,0.700946269887081,0.506241569660872,1,0.75620261246904,0.993657434340782,NA,"prevalence",80,73
"PWY.7242..D.fructuronate.degradation","Termness","preterm","Termnesspreterm",-0.0760271123515632,0,1.12642123589269,0.946188129280791,1,0.52913332211322,0.966661071390955,NA,"prevalence",80,73
"PWY.7245..superpathway.of.NAD.NADP...NADH.NADPH.interconversion..yeast.","acetate","acetate","acetate",0.165321396604027,0,0.237959254600127,0.487214083052973,1,0.737050603380796,0.99059138833419,NA,"prevalence",80,25
"PWY.7245..superpathway.of.NAD.NADP...NADH.NADPH.interconversion..yeast.","Antibiotics","Yes","AntibioticsYes",-0.00161708718621671,0,0.787568883073746,0.998361733150595,1,0.725236911727811,0.986891662674378,NA,"prevalence",80,25
"PWY.7245..superpathway.of.NAD.NADP...NADH.NADPH.interconversion..yeast.","Delivery_mode","C-section","Delivery_modeC-section",0.271792993223017,0,0.660524927627768,0.680720386003083,1,0.89368663230384,1,NA,"prevalence",80,25
"PWY.7245..superpathway.of.NAD.NADP...NADH.NADPH.interconversion..yeast.","Feeding_method","Breastfed","Feeding_methodBreastfed",0.0713804039856545,0,0.556073807371695,0.897860142578219,1,0.657223862668324,0.983585363030474,NA,"prevalence",80,25
"PWY.7245..superpathway.of.NAD.NADP...NADH.NADPH.interconversion..yeast.","isobutyrate","isobutyrate","isobutyrate",0.201961465853085,0,0.340068834504593,0.55258964974982,1,0.799823978489011,0.998092298938251,NA,"prevalence",80,25
"PWY.7245..superpathway.of.NAD.NADP...NADH.NADPH.interconversion..yeast.","Probiotics","Yes","ProbioticsYes",-0.689164793374983,0,0.99193340169374,0.487199942116664,1,0.406821747345564,0.939910940436325,NA,"prevalence",80,25
"PWY.7245..superpathway.of.NAD.NADP...NADH.NADPH.interconversion..yeast.","Read_depth","Read_depth","Read_depth",0.263565583975846,0,0.321290762596666,0.412025999412525,1,0.65428657463316,0.983585363030474,NA,"prevalence",80,25
"PWY.7245..superpathway.of.NAD.NADP...NADH.NADPH.interconversion..yeast.","Sex","Female","SexFemale",0.178358630477826,0,0.522733893334159,0.732950393637428,1,0.830135856157756,1,NA,"prevalence",80,25
"PWY.7254..TCA.cycle.VII..acetate.producers.","acetate","acetate","acetate",-0.0627055348390955,0,0.247694838224071,0.80014735298189,1,0.0199689331964132,0.468839836005425,NA,"prevalence",80,50
"PWY.7254..TCA.cycle.VII..acetate.producers.","Antibiotics","Yes","AntibioticsYes",0.163360676450759,0,0.76622973183119,0.831170461728764,1,0.712129060489735,0.986434261270435,NA,"prevalence",80,50
"PWY.7254..TCA.cycle.VII..acetate.producers.","butyrate","butyrate","butyrate",0.162685738498891,0,0.31544918203049,0.60604492106052,1,0.510941893602075,0.964395491483136,NA,"prevalence",80,50
"PWY.7254..TCA.cycle.VII..acetate.producers.","Ethnicity","European","EthnicityEuropean",0.195125575209712,0,0.539078372339808,0.717380857897518,1,0.426123169964575,0.948577380465311,NA,"prevalence",80,50
"PWY.7254..TCA.cycle.VII..acetate.producers.","Feeding_method","Breastfed","Feeding_methodBreastfed",0.051100719871014,0,0.525666949865781,0.922558666495555,1,0.279911073143328,0.89680049207709,NA,"prevalence",80,50
"PWY.7254..TCA.cycle.VII..acetate.producers.","Probiotics","Yes","ProbioticsYes",-0.363576946081732,0,1.02155921812047,0.721912508424249,1,0.422191420427935,0.947337618539844,NA,"prevalence",80,50
"PWY.7254..TCA.cycle.VII..acetate.producers.","Sex","Female","SexFemale",-0.3968645582694,0,0.49897357234851,0.426403027913067,1,0.670986513612702,0.983585363030474,NA,"prevalence",80,50
"PWY.7254..TCA.cycle.VII..acetate.producers.","Termness","preterm","Termnesspreterm",-0.0419545349558668,0,0.936460537735956,0.964265786371859,1,0.192047935850885,0.849508408582616,NA,"prevalence",80,50
"PWY.7268..cytosolic.NADPH.production..yeast.","acetate","acetate","acetate",0.0824086210758308,0,0.229400151844955,0.719419107931113,1,0.732084449910567,0.989044376667862,NA,"prevalence",80,26
"PWY.7268..cytosolic.NADPH.production..yeast.","Antibiotics","Yes","AntibioticsYes",-0.0137542564562596,0,0.782739399796124,0.985980335040771,1,0.673706916718688,0.983585363030474,NA,"prevalence",80,26
"PWY.7268..cytosolic.NADPH.production..yeast.","Delivery_mode","C-section","Delivery_modeC-section",0.0416325176606304,0,0.641337238304349,0.94824153991144,1,0.982054917755203,1,NA,"prevalence",80,26
"PWY.7268..cytosolic.NADPH.production..yeast.","Feeding_method","Breastfed","Feeding_methodBreastfed",-0.0646911419637234,0,0.545893909759847,0.905667556536957,1,0.628839345315346,0.979149576884277,NA,"prevalence",80,26
"PWY.7268..cytosolic.NADPH.production..yeast.","isobutyrate","isobutyrate","isobutyrate",0.0887993157213403,0,0.321691943858252,0.782518605486289,1,0.952701843040372,1,NA,"prevalence",80,26
"PWY.7268..cytosolic.NADPH.production..yeast.","Probiotics","Yes","ProbioticsYes",-0.765724280997565,0,0.984266764617617,0.436590133653362,1,0.624565060658995,0.979149576884277,NA,"prevalence",80,26
"PWY.7268..cytosolic.NADPH.production..yeast.","Read_depth","Read_depth","Read_depth",0.140339920668886,0,0.298546890021095,0.638300258924767,1,0.86917329730611,1,NA,"prevalence",80,26
"PWY.7268..cytosolic.NADPH.production..yeast.","Sex","Female","SexFemale",0.244399443353781,0,0.516343629908766,0.635979816382154,1,0.867489305918829,1,NA,"prevalence",80,26
"PWY.7269..mitochondrial.NADPH.production..yeast.","Antibiotics","Yes","AntibioticsYes",-1.02774313672574,0,1.24831517706025,0.410335021934334,1,0.652295213642818,0.983585363030474,NA,"prevalence",80,63
"PWY.7269..mitochondrial.NADPH.production..yeast.","butyrate","butyrate","butyrate",-0.247757774258726,0,0.376096266033285,0.510048875806085,1,0.759947895901119,0.993657434340782,NA,"prevalence",80,63
"PWY.7269..mitochondrial.NADPH.production..yeast.","Ethnicity","European","EthnicityEuropean",0.272546299650213,0,0.675174992655934,0.686457134677048,1,0.790963218855391,0.995409163122056,NA,"prevalence",80,63
"PWY.7269..mitochondrial.NADPH.production..yeast.","Feeding_method","Breastfed","Feeding_methodBreastfed",-0.040316110939153,0,0.629181122052101,0.948908824195961,1,0.53540676017878,0.966661071390955,NA,"prevalence",80,63
"PWY.7269..mitochondrial.NADPH.production..yeast.","isobutyrate","isobutyrate","isobutyrate",0.247487950234072,0,0.348692354454169,0.477852862647758,1,0.727362366954859,0.986891662674378,NA,"prevalence",80,63
"PWY.7269..mitochondrial.NADPH.production..yeast.","Probiotics","Yes","ProbioticsYes",-0.603569434228556,0,1.87458736377471,0.747471970282006,1,0.936229594206748,1,NA,"prevalence",80,63
"PWY.7269..mitochondrial.NADPH.production..yeast.","Sex","Female","SexFemale",0.0810748633132185,0,0.610054539280681,0.894274262350775,1,0.849089845480515,1,NA,"prevalence",80,63
"PWY.7282..4.amino.2.methyl.5.diphosphomethylpyrimidine.biosynthesis.II","acetate","acetate","acetate",0.0173020046645147,0,0.421984057704675,0.967294652202774,1,0.781228180653513,0.995409163122056,NA,"prevalence",80,79
"PWY.7282..4.amino.2.methyl.5.diphosphomethylpyrimidine.biosynthesis.II","Antibiotics","Yes","AntibioticsYes",-0.350608252070568,0,1.38484920679941,0.800133512193415,1,0.96005338705186,1,NA,"prevalence",80,79
"PWY.7282..4.amino.2.methyl.5.diphosphomethylpyrimidine.biosynthesis.II","butyrate","butyrate","butyrate",7.49968573042167e-05,0,0.533991725558465,0.999887940521377,1,0.549231309662747,0.970187567460216,NA,"prevalence",80,79
"PWY.7282..4.amino.2.methyl.5.diphosphomethylpyrimidine.biosynthesis.II","Delivery_mode","C-section","Delivery_modeC-section",-0.195166635007198,0,1.09477300105867,0.858509896308193,1,0.790754730143864,0.995409163122056,NA,"prevalence",80,79
"PWY.7282..4.amino.2.methyl.5.diphosphomethylpyrimidine.biosynthesis.II","Ethnicity","European","EthnicityEuropean",0.346214913654815,0,0.961020121239448,0.718654417211862,1,0.920844663045603,1,NA,"prevalence",80,79
"PWY.7282..4.amino.2.methyl.5.diphosphomethylpyrimidine.biosynthesis.II","Feeding_method","Breastfed","Feeding_methodBreastfed",-0.489768667729357,0,0.925965527481847,0.596855717175472,1,0.683885078548815,0.983585363030474,NA,"prevalence",80,79
"PWY.7282..4.amino.2.methyl.5.diphosphomethylpyrimidine.biosynthesis.II","isobutyrate","isobutyrate","isobutyrate",-0.0138627021503428,0,0.566641157481844,0.980481945915373,1,0.156335087333065,0.8107101924969,NA,"prevalence",80,79
"PWY.7282..4.amino.2.methyl.5.diphosphomethylpyrimidine.biosynthesis.II","Probiotics","Yes","ProbioticsYes",-0.266432056536548,0,1.91439151623378,0.889313259607628,1,0.0971128036847551,0.746358414346301,NA,"prevalence",80,79
"PWY.7282..4.amino.2.methyl.5.diphosphomethylpyrimidine.biosynthesis.II","propionate","propionate","propionate",0.0924707740956757,0,0.435566757067271,0.831873082168455,1,0.101813447326413,0.751712458403992,NA,"prevalence",80,79
"PWY.7282..4.amino.2.methyl.5.diphosphomethylpyrimidine.biosynthesis.II","Read_depth","Read_depth","Read_depth",0.0137934904753225,0,0.444703058640868,0.975255738790796,1,0.446198262950774,0.95137647878513,NA,"prevalence",80,79
"PWY.7282..4.amino.2.methyl.5.diphosphomethylpyrimidine.biosynthesis.II","Sex","Female","SexFemale",0.251724743003418,0,0.893521347747663,0.778156579325616,1,0.950785496703488,1,NA,"prevalence",80,79
"PWY.7282..4.amino.2.methyl.5.diphosphomethylpyrimidine.biosynthesis.II","Termness","preterm","Termnesspreterm",0.345047909380246,0,1.69676536724604,0.838856561801967,1,0.235354467668839,0.876913946711319,NA,"prevalence",80,79
"PWY.7294..D.xylose.degradation.IV","butyrate","butyrate","butyrate",-0.327944570744547,0,0.39278115710338,0.403757410158268,1,0.644494774058824,0.983585363030474,NA,"prevalence",80,19
"PWY.7294..D.xylose.degradation.IV","Ethnicity","European","EthnicityEuropean",0.523108615328895,0,0.644977998070641,0.417337661098733,1,0.660504598826105,0.983585363030474,NA,"prevalence",80,19
"PWY.7294..D.xylose.degradation.IV","Feeding_method","Breastfed","Feeding_methodBreastfed",0.13732696664092,0,0.600203672130729,0.819023892222613,1,0.967247648413748,1,NA,"prevalence",80,19
"PWY.7294..D.xylose.degradation.IV","isobutyrate","isobutyrate","isobutyrate",-0.015838095070561,0,0.376063738679025,0.966406660626552,1,0.58566536486751,0.976974901602956,NA,"prevalence",80,19
"PWY.7294..D.xylose.degradation.IV","propionate","propionate","propionate",-0.0144904457549629,0,0.315541861852375,0.963372084835528,1,0.911971882152036,1,NA,"prevalence",80,19
"PWY.7294..D.xylose.degradation.IV","Read_depth","Read_depth","Read_depth",0.177342254348905,0,0.383745661546142,0.643984600121428,1,0.807085915642445,0.998240414403798,NA,"prevalence",80,19
"PWY.7294..D.xylose.degradation.IV","Sex","Female","SexFemale",-0.0709889384553757,0,0.628841038808319,0.910118932478964,1,0.971851335667017,1,NA,"prevalence",80,19
"PWY.7315..dTDP.N.acetylthomosamine.biosynthesis","acetate","acetate","acetate",0.196260578081244,0,0.379062761770401,0.604631174089465,1,0.117037072306111,0.775614098378524,NA,"prevalence",80,76
"PWY.7315..dTDP.N.acetylthomosamine.biosynthesis","Antibiotics","Yes","AntibioticsYes",-0.0190680562711487,0,1.34810387110078,0.988714815861967,1,0.950507776850056,1,NA,"prevalence",80,76
"PWY.7315..dTDP.N.acetylthomosamine.biosynthesis","Ethnicity","European","EthnicityEuropean",0.391813823155999,0,0.93025430808886,0.67361633721134,1,0.893473704664658,1,NA,"prevalence",80,76
"PWY.7315..dTDP.N.acetylthomosamine.biosynthesis","Feeding_method","Breastfed","Feeding_methodBreastfed",-0.1893884422359,0,0.846144613533813,0.822893362107002,1,0.968633238814238,1,NA,"prevalence",80,76
"PWY.7315..dTDP.N.acetylthomosamine.biosynthesis","Probiotics","Yes","ProbioticsYes",-0.47310230375581,0,1.91536721729132,0.804905556876119,1,0.961938158262183,1,NA,"prevalence",80,76
"PWY.7315..dTDP.N.acetylthomosamine.biosynthesis","Sex","Female","SexFemale",0.387058600739982,0,0.845977854445907,0.64729154331732,1,0.198575297172203,0.853856465260076,NA,"prevalence",80,76
"PWY.7315..dTDP.N.acetylthomosamine.biosynthesis","Termness","preterm","Termnesspreterm",1.28032765857273,0,1.62078063682152,0.429559853976567,1,0.287377985157194,0.900384819041268,NA,"prevalence",80,76
"PWY.7323..superpathway.of.GDP.mannose.derived.O.antigen.building.blocks.biosynthesis","acetate","acetate","acetate",-0.231926181645807,0,0.405948570565242,0.567783340718345,1,0.813188759439405,1,NA,"prevalence",80,63
"PWY.7323..superpathway.of.GDP.mannose.derived.O.antigen.building.blocks.biosynthesis","Antibiotics","Yes","AntibioticsYes",-0.503390448382273,0,0.892548000640477,0.572759182878274,1,0.764213958641827,0.995084293998679,NA,"prevalence",80,63
"PWY.7323..superpathway.of.GDP.mannose.derived.O.antigen.building.blocks.biosynthesis","butyrate","butyrate","butyrate",0.154707081235644,0,0.367870199776991,0.674085163039142,1,0.893779519048777,1,NA,"prevalence",80,63
"PWY.7323..superpathway.of.GDP.mannose.derived.O.antigen.building.blocks.biosynthesis","Ethnicity","European","EthnicityEuropean",0.295562426855816,0,0.630682614796251,0.639327744473564,1,0.5151893058874,0.964605264080454,NA,"prevalence",80,63
"PWY.7323..superpathway.of.GDP.mannose.derived.O.antigen.building.blocks.biosynthesis","Feeding_method","Breastfed","Feeding_methodBreastfed",-0.37577018826364,0,0.626427174384564,0.548597857565152,1,0.796236105805229,0.998092298938251,NA,"prevalence",80,63
"PWY.7323..superpathway.of.GDP.mannose.derived.O.antigen.building.blocks.biosynthesis","isobutyrate","isobutyrate","isobutyrate",0.0279701113882735,0,0.352344736315037,0.936728149855932,1,0.788430519898821,0.995409163122056,NA,"prevalence",80,63
"PWY.7323..superpathway.of.GDP.mannose.derived.O.antigen.building.blocks.biosynthesis","propionate","propionate","propionate",0.174764930419854,0,0.276009169529711,0.526612687572949,1,0.775904452433093,0.995409163122056,NA,"prevalence",80,63
"PWY.7323..superpathway.of.GDP.mannose.derived.O.antigen.building.blocks.biosynthesis","Read_depth","Read_depth","Read_depth",0.0955752390813838,0,0.273852772294955,0.727087605642309,1,0.194763985229838,0.85006723464917,NA,"prevalence",80,63
"PWY.7328..superpathway.of.UDP.glucose.derived.O.antigen.building.blocks.biosynthesis","acetate","acetate","acetate",0.220096379641307,0,0.337480253533058,0.514287912328736,1,0.764083767890022,0.995084293998679,NA,"prevalence",80,78
"PWY.7328..superpathway.of.UDP.glucose.derived.O.antigen.building.blocks.biosynthesis","Antibiotics","Yes","AntibioticsYes",0.297999968791364,0,1.49844165343974,0.842361891166726,1,0.931405038506067,1,NA,"prevalence",80,78
"PWY.7328..superpathway.of.UDP.glucose.derived.O.antigen.building.blocks.biosynthesis","butyrate","butyrate","butyrate",-0.370890938764405,0,0.522187824109724,0.477540764947132,1,0.512778982823331,0.964605264080454,NA,"prevalence",80,78
"PWY.7328..superpathway.of.UDP.glucose.derived.O.antigen.building.blocks.biosynthesis","Ethnicity","European","EthnicityEuropean",-0.271949032880874,0,0.934619161060716,0.771071894311526,1,0.947591922425887,1,NA,"prevalence",80,78
"PWY.7328..superpathway.of.UDP.glucose.derived.O.antigen.building.blocks.biosynthesis","Feeding_method","Breastfed","Feeding_methodBreastfed",0.179964020019058,0,0.866482085282273,0.83546710096166,1,0.966020151898133,1,NA,"prevalence",80,78
"PWY.7328..superpathway.of.UDP.glucose.derived.O.antigen.building.blocks.biosynthesis","isobutyrate","isobutyrate","isobutyrate",0.24779182288331,0,0.443127050633648,0.576032661670033,1,0.440262794494463,0.95137647878513,NA,"prevalence",80,78
"PWY.7328..superpathway.of.UDP.glucose.derived.O.antigen.building.blocks.biosynthesis","Probiotics","Yes","ProbioticsYes",-0.173980970037231,0,1.90207891932988,0.927120057104659,1,0.731635851687907,0.989044376667862,NA,"prevalence",80,78
"PWY.7328..superpathway.of.UDP.glucose.derived.O.antigen.building.blocks.biosynthesis","propionate","propionate","propionate",0.0480386619043541,0,0.354055881124373,0.892073455439007,1,0.283674834848353,0.896827679176477,NA,"prevalence",80,78
"PWY.7328..superpathway.of.UDP.glucose.derived.O.antigen.building.blocks.biosynthesis","Read_depth","Read_depth","Read_depth",0.13813662236846,0,0.353912334984131,0.696305033887902,1,0.518702919522233,0.964605264080454,NA,"prevalence",80,78
"PWY.7328..superpathway.of.UDP.glucose.derived.O.antigen.building.blocks.biosynthesis","Sex","Female","SexFemale",0.314441526943376,0,0.869396273171595,0.717592650482054,1,0.350697674049871,0.92640552376109,NA,"prevalence",80,78
"PWY.7328..superpathway.of.UDP.glucose.derived.O.antigen.building.blocks.biosynthesis","Termness","preterm","Termnesspreterm",0.174238219207593,0,1.66966201351845,0.916887328358807,1,0.672688086513977,0.983585363030474,NA,"prevalence",80,78
"PWY.7340..9.cis..11.trans.octadecadienoyl.CoA.degradation..isomerase.dependent..yeast.","acetate","acetate","acetate",-0.0123857624952741,0,0.271050181606247,0.963552983121375,1,0.732422904954091,0.989044376667862,NA,"prevalence",80,48
"PWY.7340..9.cis..11.trans.octadecadienoyl.CoA.degradation..isomerase.dependent..yeast.","Antibiotics","Yes","AntibioticsYes",0.595338357733857,0,0.874799262477424,0.496160817909555,1,0.744393089630782,0.99234705074943,NA,"prevalence",80,48
"PWY.7340..9.cis..11.trans.octadecadienoyl.CoA.degradation..isomerase.dependent..yeast.","Delivery_mode","C-section","Delivery_modeC-section",0.217103222881254,0,0.649929498805469,0.738348477333324,1,0.93153848068621,1,NA,"prevalence",80,48
"PWY.7340..9.cis..11.trans.octadecadienoyl.CoA.degradation..isomerase.dependent..yeast.","Feeding_method","Breastfed","Feeding_methodBreastfed",0.382482706810981,0,0.57594138641143,0.506626274490702,1,0.596496227468566,0.976996090387478,NA,"prevalence",80,48
"PWY.7340..9.cis..11.trans.octadecadienoyl.CoA.degradation..isomerase.dependent..yeast.","Probiotics","Yes","ProbioticsYes",-0.21117817468009,0,1.1404346100494,0.853093017928071,1,0.978418338618518,1,NA,"prevalence",80,48
"PWY.7340..9.cis..11.trans.octadecadienoyl.CoA.degradation..isomerase.dependent..yeast.","Read_depth","Read_depth","Read_depth",0.217388766990233,0,0.316412653918473,0.492056292971312,1,0.363029318651334,0.935052415092543,NA,"prevalence",80,48
"PWY.7383..anaerobic.energy.metabolism..invertebrates..cytosol.","butyrate","butyrate","butyrate",-0.0528015884296297,0,0.346625303070429,0.878926309463163,1,0.957109080150936,1,NA,"prevalence",80,27
"PWY.7383..anaerobic.energy.metabolism..invertebrates..cytosol.","Delivery_mode","C-section","Delivery_modeC-section",0.0592873553170187,0,0.639870085804948,0.926177408922958,1,0.340588144184664,0.918589037647046,NA,"prevalence",80,27
"PWY.7383..anaerobic.energy.metabolism..invertebrates..cytosol.","Feeding_method","Breastfed","Feeding_methodBreastfed",-0.2422471909337,0,0.581694870956096,0.677080292333746,1,0.327406629970727,0.911723569545708,NA,"prevalence",80,27
"PWY.7383..anaerobic.energy.metabolism..invertebrates..cytosol.","isobutyrate","isobutyrate","isobutyrate",-0.0219181509320269,0,0.321473167136459,0.945642074242447,1,0.290446924961555,0.900384819041268,NA,"prevalence",80,27
"PWY.7383..anaerobic.energy.metabolism..invertebrates..cytosol.","Probiotics","Yes","ProbioticsYes",-0.132709865339931,0,1.10452600356005,0.904363560440451,1,0.578012247036307,0.976955586834499,NA,"prevalence",80,27
"PWY.7383..anaerobic.energy.metabolism..invertebrates..cytosol.","propionate","propionate","propionate",-0.128041109404072,0,0.258860885382238,0.620859277003328,1,0.441856429031383,0.95137647878513,NA,"prevalence",80,27
"PWY.7383..anaerobic.energy.metabolism..invertebrates..cytosol.","Read_depth","Read_depth","Read_depth",0.144988130392036,0,0.262648873714751,0.580932827023059,1,0.753491167411987,0.993657434340782,NA,"prevalence",80,27
"PWY.7385..1.3.propanediol.biosynthesis..engineered.","acetate","acetate","acetate",0.0136221283624907,0,0.259995569162566,0.958214998460893,1,0.607891572864409,0.979149576884277,NA,"prevalence",80,39
"PWY.7385..1.3.propanediol.biosynthesis..engineered.","Antibiotics","Yes","AntibioticsYes",-0.0322009646418369,0,0.783812845114002,0.967230152823339,1,0.235488325370868,0.876913946711319,NA,"prevalence",80,39
"PWY.7385..1.3.propanediol.biosynthesis..engineered.","Ethnicity","European","EthnicityEuropean",0.370103550955482,0,0.585280873478996,0.527156869273561,1,0.77641937372482,0.995409163122056,NA,"prevalence",80,39
"PWY.7385..1.3.propanediol.biosynthesis..engineered.","Probiotics","Yes","ProbioticsYes",0.831496137204684,0,1.14350444945022,0.467135744899597,1,0.485920352944327,0.959080836132184,NA,"prevalence",80,39
"PWY.7385..1.3.propanediol.biosynthesis..engineered.","propionate","propionate","propionate",0.0352695765200907,0,0.258322642165759,0.891399904249453,1,0.976554745774297,1,NA,"prevalence",80,39
"PWY.7385..1.3.propanediol.biosynthesis..engineered.","Sex","Female","SexFemale",-0.293549269032213,0,0.527220057886654,0.577672973877137,1,0.0619621398524365,0.652710385570562,NA,"prevalence",80,39
"PWY.7388..octanoyl..acyl.carrier.protein..biosynthesis..mitochondria..yeast.","Antibiotics","Yes","AntibioticsYes",-0.329460138551423,0,1.00307787185476,0.742572037563776,1,0.748166371180601,0.993526263506388,NA,"prevalence",80,56
"PWY.7388..octanoyl..acyl.carrier.protein..biosynthesis..mitochondria..yeast.","butyrate","butyrate","butyrate",-0.0719000890940324,0,0.381211298146867,0.850398852079972,1,0.494948586974174,0.960765402119967,NA,"prevalence",80,56
"PWY.7388..octanoyl..acyl.carrier.protein..biosynthesis..mitochondria..yeast.","Ethnicity","European","EthnicityEuropean",0.304898381909484,0,0.64793457728841,0.637948047052567,1,0.86891838336695,1,NA,"prevalence",80,56
"PWY.7388..octanoyl..acyl.carrier.protein..biosynthesis..mitochondria..yeast.","Feeding_method","Breastfed","Feeding_methodBreastfed",0.513200319470869,0,0.622261809730219,0.409522762904053,1,0.651336632471537,0.983585363030474,NA,"prevalence",80,56
"PWY.7388..octanoyl..acyl.carrier.protein..biosynthesis..mitochondria..yeast.","Probiotics","Yes","ProbioticsYes",0.309344292774788,0,1.35870222656455,0.819897900139034,1,0.379675301850275,0.937313481206142,NA,"prevalence",80,56
"PWY.7388..octanoyl..acyl.carrier.protein..biosynthesis..mitochondria..yeast.","propionate","propionate","propionate",0.128939102084061,0,0.268503547434258,0.631075392979755,1,0.863894634334958,1,NA,"prevalence",80,56
"PWY.7391..isoprene.biosynthesis.II..engineered.","Antibiotics","Yes","AntibioticsYes",-0.0277253019843244,0,0.978576886711053,0.977397145293926,1,0.98678258996501,1,NA,"prevalence",80,56
"PWY.7391..isoprene.biosynthesis.II..engineered.","Feeding_method","Breastfed","Feeding_methodBreastfed",-0.184248023216355,0,0.617713339118312,0.765493806068762,1,0.935634722851067,1,NA,"prevalence",80,56
"PWY.7391..isoprene.biosynthesis.II..engineered.","isobutyrate","isobutyrate","isobutyrate",0.113389283821924,0,0.377288667132601,0.763767417079372,1,0.0217585691701249,0.481714491545694,NA,"prevalence",80,56
"PWY.7391..isoprene.biosynthesis.II..engineered.","Probiotics","Yes","ProbioticsYes",0.448089010813468,0,1.1773669273996,0.703510697309858,1,0.912094093390313,1,NA,"prevalence",80,56
"PWY.7391..isoprene.biosynthesis.II..engineered.","Termness","preterm","Termnesspreterm",-0.0681715987878426,0,0.995088135318561,0.945381171315685,1,0.961423619161047,1,NA,"prevalence",80,56
"PWY.7392..taxadiene.biosynthesis..engineered.","Delivery_mode","C-section","Delivery_modeC-section",-0.220830130750552,0,0.881799206217801,0.802253818642101,1,0.581766338369388,0.976974901602956,NA,"prevalence",80,71
"PWY.7392..taxadiene.biosynthesis..engineered.","Ethnicity","European","EthnicityEuropean",-0.438217822051038,0,0.773833868578327,0.571193635221058,1,0.816125101525069,1,NA,"prevalence",80,71
"PWY.7392..taxadiene.biosynthesis..engineered.","Feeding_method","Breastfed","Feeding_methodBreastfed",0.189320253526272,0,0.73271819091716,0.796113094964984,1,0.958430129955242,1,NA,"prevalence",80,71
"PWY.7392..taxadiene.biosynthesis..engineered.","isobutyrate","isobutyrate","isobutyrate",0.0702274703677406,0,0.432841379768129,0.871110885478207,1,0.844773149870889,1,NA,"prevalence",80,71
"PWY.7392..taxadiene.biosynthesis..engineered.","Probiotics","Yes","ProbioticsYes",1.12122904748574,0,1.50795619707864,0.457153490602387,1,0.705317667234827,0.986317799722192,NA,"prevalence",80,71
"PWY.7392..taxadiene.biosynthesis..engineered.","propionate","propionate","propionate",0.0430290424337326,0,0.363815055940834,0.905852342481917,1,0.571570636034259,0.976334431269276,NA,"prevalence",80,71
"PWY.7392..taxadiene.biosynthesis..engineered.","Read_depth","Read_depth","Read_depth",0.101458021774258,0,0.328153179427,0.757185483517918,1,0.72391724113649,0.986891662674378,NA,"prevalence",80,71
"PWY.7392..taxadiene.biosynthesis..engineered.","Sex","Female","SexFemale",-0.0527124584313721,0,0.662798129445326,0.936610922791825,1,0.118803579246238,0.775614098378524,NA,"prevalence",80,71
"PWY.7392..taxadiene.biosynthesis..engineered.","Termness","preterm","Termnesspreterm",-0.818335855778069,0,1.17802957157653,0.487265297123341,1,0.737103124465984,0.99059138833419,NA,"prevalence",80,71
"PWY.7396..butanol.and.isobutanol.biosynthesis..engineered.","Antibiotics","Yes","AntibioticsYes",-0.186438455715896,0,0.815337757928114,0.819130017590036,1,0.967286049463019,1,NA,"prevalence",80,45
"PWY.7396..butanol.and.isobutanol.biosynthesis..engineered.","butyrate","butyrate","butyrate",0.178208941264613,0,0.320677969720231,0.578398487055803,1,0.199567591960766,0.854398753082031,NA,"prevalence",80,45
"PWY.7396..butanol.and.isobutanol.biosynthesis..engineered.","Delivery_mode","C-section","Delivery_modeC-section",0.244823377124156,0,0.617851465798416,0.691920926715691,1,0.905087284604282,1,NA,"prevalence",80,45
"PWY.7396..butanol.and.isobutanol.biosynthesis..engineered.","Feeding_method","Breastfed","Feeding_methodBreastfed",0.438380056547655,0,0.544156504237089,0.420465494626038,1,0.664139757080958,0.983585363030474,NA,"prevalence",80,45
"PWY.7396..butanol.and.isobutanol.biosynthesis..engineered.","isobutyrate","isobutyrate","isobutyrate",0.0221079507484078,0,0.314660190777402,0.943986906994965,1,0.988209069841194,1,NA,"prevalence",80,45
"PWY.7396..butanol.and.isobutanol.biosynthesis..engineered.","Probiotics","Yes","ProbioticsYes",0.90281641329637,0,1.08105774036311,0.403648338194081,1,0.608828662349691,0.979149576884277,NA,"prevalence",80,45
"PWY.7396..butanol.and.isobutanol.biosynthesis..engineered.","propionate","propionate","propionate",-0.12494025973711,0,0.270690464109043,0.644395906825434,1,0.873545728917495,1,NA,"prevalence",80,45
"PWY.7396..butanol.and.isobutanol.biosynthesis..engineered.","Sex","Female","SexFemale",-0.360484562388327,0,0.520191947759321,0.48831975458999,1,0.620059390734193,0.979149576884277,NA,"prevalence",80,45
"PWY.7396..butanol.and.isobutanol.biosynthesis..engineered.","Termness","preterm","Termnesspreterm",0.633071397202614,0,0.928227552315217,0.495225185945299,1,0.745202387096042,0.99234705074943,NA,"prevalence",80,45
"PWY.7409..phospholipid.remodeling..phosphatidylethanolamine..yeast.","acetate","acetate","acetate",-0.0947952961635245,0,0.271679407943833,0.727146835397066,1,0.925551150566164,1,NA,"prevalence",80,34
"PWY.7409..phospholipid.remodeling..phosphatidylethanolamine..yeast.","Ethnicity","European","EthnicityEuropean",0.375473847721944,0,0.542510930915928,0.488872179159199,1,0.738748350762534,0.991892544066652,NA,"prevalence",80,34
"PWY.7409..phospholipid.remodeling..phosphatidylethanolamine..yeast.","Feeding_method","Breastfed","Feeding_methodBreastfed",-0.429056665541085,0,0.531997219716923,0.419953624468024,1,0.436918046463968,0.95137647878513,NA,"prevalence",80,34
"PWY.7409..phospholipid.remodeling..phosphatidylethanolamine..yeast.","isobutyrate","isobutyrate","isobutyrate",0.181318067655178,0,0.30827361782822,0.55641650692067,1,0.80323368466754,0.998092298938251,NA,"prevalence",80,34
"PWY.7409..phospholipid.remodeling..phosphatidylethanolamine..yeast.","Probiotics","Yes","ProbioticsYes",-0.0458766838184953,0,1.04532246032276,0.964994007315839,1,0.914907463558786,1,NA,"prevalence",80,34
"PWY.7409..phospholipid.remodeling..phosphatidylethanolamine..yeast.","propionate","propionate","propionate",0.0590328879761413,0,0.26025621097422,0.820559007660509,1,0.967800930268219,1,NA,"prevalence",80,34
"PWY.7409..phospholipid.remodeling..phosphatidylethanolamine..yeast.","Sex","Female","SexFemale",-0.19874343980487,0,0.50351365066122,0.693054625186957,1,0.557458042795619,0.972544417073927,NA,"prevalence",80,34
"PWY.7409..phospholipid.remodeling..phosphatidylethanolamine..yeast.","Termness","preterm","Termnesspreterm",0.0232093815079584,0,0.931204469991359,0.980115548572565,1,0.259581069162653,0.882557545761108,NA,"prevalence",80,34
"PWY.7434..terminal.O.glycans.residues.modification..via.type.2.precursor.disaccharide.","acetate","acetate","acetate",0.113555098942579,0,0.526291282690729,0.829171138512617,1,0.829171138512617,1,NA,"prevalence",80,13
"PWY.7434..terminal.O.glycans.residues.modification..via.type.2.precursor.disaccharide.","Antibiotics","Yes","AntibioticsYes",-0.376133479954162,0,1.41075483097909,0.789762832081298,1,0.789762832081298,0.995409163122056,NA,"prevalence",80,13
"PWY.7434..terminal.O.glycans.residues.modification..via.type.2.precursor.disaccharide.","Delivery_mode","C-section","Delivery_modeC-section",-0.493311762690396,0,0.72179907593436,0.49432412367619,1,0.49432412367619,0.960765402119967,NA,"prevalence",80,13
"PWY.7434..terminal.O.glycans.residues.modification..via.type.2.precursor.disaccharide.","Feeding_method","Breastfed","Feeding_methodBreastfed",-0.369985077246969,0,0.677503691258494,0.584996883823614,1,0.584996883823614,0.976974901602956,NA,"prevalence",80,13
"PWY.7434..terminal.O.glycans.residues.modification..via.type.2.precursor.disaccharide.","propionate","propionate","propionate",0.166807419047479,0,0.35346473269874,0.636983200459312,1,0.636983200459312,0.980109892930287,NA,"prevalence",80,13
"PWY.7434..terminal.O.glycans.residues.modification..via.type.2.precursor.disaccharide.","Read_depth","Read_depth","Read_depth",-0.0910169473687848,0,0.270908567592579,0.73689405747344,1,0.73689405747344,0.99059138833419,NA,"prevalence",80,13
"PWY.7434..terminal.O.glycans.residues.modification..via.type.2.precursor.disaccharide.","Termness","preterm","Termnesspreterm",0.142322228799492,0,0.997679782131198,0.88656406746024,1,0.88656406746024,1,NA,"prevalence",80,13
"PWY.7446..sulfoquinovose.degradation.I","Antibiotics","Yes","AntibioticsYes",-0.441742082904056,0,0.849225532256645,0.602944733601409,1,0.0698209865314819,0.660954137376715,NA,"prevalence",80,41
"PWY.7446..sulfoquinovose.degradation.I","Feeding_method","Breastfed","Feeding_methodBreastfed",-0.323553797745122,0,0.547491987654786,0.554537514103082,1,0.402588884430942,0.939910940436325,NA,"prevalence",80,41
"PWY.7446..sulfoquinovose.degradation.I","isobutyrate","isobutyrate","isobutyrate",0.274763283810666,0,0.346504931810783,0.427803258349717,1,0.0242989941609961,0.49934433000847,NA,"prevalence",80,41
"PWY.7446..sulfoquinovose.degradation.I","Probiotics","Yes","ProbioticsYes",0.314096649476985,0,1.12834605343733,0.780729054696278,1,0.733503636211546,0.989582995017423,NA,"prevalence",80,41
"PWY.7446..sulfoquinovose.degradation.I","Read_depth","Read_depth","Read_depth",0.257467597435111,0,0.319402565422595,0.420190264919273,1,0.00461444013499066,0.270933556497309,NA,"prevalence",80,41
"PWY.7446..sulfoquinovose.degradation.I","Sex","Female","SexFemale",-0.0829700515020855,0,0.543648078721894,0.878700154546523,1,0.0600804945163724,0.651922639437466,NA,"prevalence",80,41
"PWY.7446..sulfoquinovose.degradation.I","Termness","preterm","Termnesspreterm",0.365967978384061,0,0.969773763267292,0.705895246001776,1,0.515472966913089,0.964605264080454,NA,"prevalence",80,41
"PWY.7456...beta...1.4..mannan.degradation","Antibiotics","Yes","AntibioticsYes",0.573609677095387,0,1.43800469661002,0.689972216527086,1,0.689972216527086,0.983585363030474,NA,"prevalence",80,10
"PWY.7456...beta...1.4..mannan.degradation","butyrate","butyrate","butyrate",0.165761623168387,0,0.461094488123408,0.719224071147997,1,0.719224071147997,0.986891662674378,NA,"prevalence",80,10
"PWY.7456...beta...1.4..mannan.degradation","Ethnicity","European","EthnicityEuropean",0.404029965511792,0,0.815671174611778,0.6203641151288,1,0.6203641151288,0.979149576884277,NA,"prevalence",80,10
"PWY.7456...beta...1.4..mannan.degradation","Feeding_method","Breastfed","Feeding_methodBreastfed",-0.627513508870739,0,0.762997163882731,0.410830905134323,1,0.410830905134323,0.940258942824249,NA,"prevalence",80,10
"PWY.7456...beta...1.4..mannan.degradation","isobutyrate","isobutyrate","isobutyrate",-0.0998772659290567,0,0.405214723445311,0.805310797545489,1,0.805310797545489,0.998092298938251,NA,"prevalence",80,10
"PWY.7456...beta...1.4..mannan.degradation","Probiotics","Yes","ProbioticsYes",-0.916374210070531,0,1.93759726034533,0.636253422778048,1,0.636253422778048,0.980109892930287,NA,"prevalence",80,10
"PWY.7456...beta...1.4..mannan.degradation","Read_depth","Read_depth","Read_depth",0.0651375865453453,0,0.371119096283382,0.860673676307197,1,0.860673676307197,1,NA,"prevalence",80,10
"PWY.7456...beta...1.4..mannan.degradation","Sex","Female","SexFemale",0.277372512781711,0,0.785280920301914,0.723927728714434,1,0.723927728714434,0.986891662674378,NA,"prevalence",80,10
"PWY.7456...beta...1.4..mannan.degradation","Termness","preterm","Termnesspreterm",-0.304263687326001,0,1.6548776074793,0.854124285237903,1,0.854124285237903,1,NA,"prevalence",80,10
"PWY.7616..methanol.oxidation.to.carbon.dioxide","acetate","acetate","acetate",0.138308041448307,0,0.242804877756324,0.568931194110908,1,0.478641233659809,0.958059482309325,NA,"prevalence",80,41
"PWY.7616..methanol.oxidation.to.carbon.dioxide","Ethnicity","European","EthnicityEuropean",0.104128376421984,0,0.545846963960039,0.848709882771331,1,0.947991616851093,1,NA,"prevalence",80,41
"PWY.7616..methanol.oxidation.to.carbon.dioxide","Read_depth","Read_depth","Read_depth",-0.13124623336907,0,0.249212863972871,0.598441461066433,1,0.294484486383747,0.900384819041268,NA,"prevalence",80,41
"PWY.7616..methanol.oxidation.to.carbon.dioxide","Sex","Female","SexFemale",-0.176448361648655,0,0.501451190570198,0.724931673820357,1,0.8490600206055,1,NA,"prevalence",80,41
"PWY.7616..methanol.oxidation.to.carbon.dioxide","Termness","preterm","Termnesspreterm",0.612333329226922,0,0.886024726412643,0.489501536606708,1,0.450539083730368,0.95137647878513,NA,"prevalence",80,41
"PWY.7723..bacterial.bioluminescence","acetate","acetate","acetate",0.0236434933902377,0,0.288272682325299,0.934632552760817,1,0.568046339576229,0.976334431269276,NA,"prevalence",80,19
"PWY.7723..bacterial.bioluminescence","Antibiotics","Yes","AntibioticsYes",-0.057099792521195,0,1.01036093322984,0.954932142114051,1,0.991281824476795,1,NA,"prevalence",80,19
"PWY.7723..bacterial.bioluminescence","butyrate","butyrate","butyrate",-0.143484379138841,0,0.344770494533536,0.677282973720644,1,0.541972212951325,0.967219610406066,NA,"prevalence",80,19
"PWY.7723..bacterial.bioluminescence","Ethnicity","European","EthnicityEuropean",-0.251770826331843,0,0.616774222808908,0.683122576933621,1,0.899588698750811,1,NA,"prevalence",80,19
"PWY.7723..bacterial.bioluminescence","Feeding_method","Breastfed","Feeding_methodBreastfed",-0.47379282912941,0,0.593919272919531,0.425021710402692,1,0.669399966491754,0.983585363030474,NA,"prevalence",80,19
"PWY.7723..bacterial.bioluminescence","isobutyrate","isobutyrate","isobutyrate",-0.079911536246801,0,0.334384283207705,0.811120209382913,1,0.852609667056837,1,NA,"prevalence",80,19
"PWY.7723..bacterial.bioluminescence","propionate","propionate","propionate",0.25314053030279,0,0.319179467371206,0.427720850124043,1,0.577486532538741,0.976909361648876,NA,"prevalence",80,19
"PWY.7723..bacterial.bioluminescence","Read_depth","Read_depth","Read_depth",-0.130100567324176,0,0.279049246584739,0.641052321595439,1,0.254932928155828,0.880494562511276,NA,"prevalence",80,19
"PWY.7761..NAD.salvage.pathway.II..PNC.IV.cycle.","acetate","acetate","acetate",0.0173020046645147,0,0.421984057704675,0.967294652202774,1,0.169449987560688,0.831569491193348,NA,"prevalence",80,79
"PWY.7761..NAD.salvage.pathway.II..PNC.IV.cycle.","Antibiotics","Yes","AntibioticsYes",-0.350608252070568,0,1.38484920679941,0.800133512193415,1,0.667825403925604,0.983585363030474,NA,"prevalence",80,79
"PWY.7761..NAD.salvage.pathway.II..PNC.IV.cycle.","butyrate","butyrate","butyrate",7.49968573042167e-05,0,0.533991725558465,0.999887940521377,1,0.421272106423853,0.946704161726983,NA,"prevalence",80,79
"PWY.7761..NAD.salvage.pathway.II..PNC.IV.cycle.","Delivery_mode","C-section","Delivery_modeC-section",-0.195166635007198,0,1.09477300105867,0.858509896308193,1,0.838145683554604,1,NA,"prevalence",80,79
"PWY.7761..NAD.salvage.pathway.II..PNC.IV.cycle.","Ethnicity","European","EthnicityEuropean",0.346214913654815,0,0.961020121239448,0.718654417211862,1,0.154269222541042,0.809882584647917,NA,"prevalence",80,79
"PWY.7761..NAD.salvage.pathway.II..PNC.IV.cycle.","Feeding_method","Breastfed","Feeding_methodBreastfed",-0.489768667729357,0,0.925965527481847,0.596855717175472,1,0.130276186681905,0.788011685336088,NA,"prevalence",80,79
"PWY.7761..NAD.salvage.pathway.II..PNC.IV.cycle.","isobutyrate","isobutyrate","isobutyrate",-0.0138627021503428,0,0.566641157481844,0.980481945915373,1,0.917064040418796,1,NA,"prevalence",80,79
"PWY.7761..NAD.salvage.pathway.II..PNC.IV.cycle.","Probiotics","Yes","ProbioticsYes",-0.266432056536548,0,1.91439151623378,0.889313259607628,1,0.915889550981297,1,NA,"prevalence",80,79
"PWY.7761..NAD.salvage.pathway.II..PNC.IV.cycle.","propionate","propionate","propionate",0.0924707740956757,0,0.435566757067271,0.831873082168455,1,0.971733339500465,1,NA,"prevalence",80,79
"PWY.7761..NAD.salvage.pathway.II..PNC.IV.cycle.","Read_depth","Read_depth","Read_depth",0.0137934904753225,0,0.444703058640868,0.975255738790796,1,0.869712538506414,1,NA,"prevalence",80,79
"PWY.7761..NAD.salvage.pathway.II..PNC.IV.cycle.","Sex","Female","SexFemale",0.251724743003418,0,0.893521347747663,0.778156579325616,1,0.211154440036939,0.863527112986884,NA,"prevalence",80,79
"PWY.7761..NAD.salvage.pathway.II..PNC.IV.cycle.","Termness","preterm","Termnesspreterm",0.345047909380246,0,1.69676536724604,0.838856561801967,1,0.228887059939481,0.875598170740482,NA,"prevalence",80,79
"PWY.7783..plasmalogen.degradation","Delivery_mode","C-section","Delivery_modeC-section",0.537566126052933,0,0.645540333961703,0.404992368939608,1,0.214571564055577,0.866354983134235,NA,"prevalence",80,42
"PWY.7783..plasmalogen.degradation","Feeding_method","Breastfed","Feeding_methodBreastfed",-0.069105433249185,0,0.563021197480682,0.902312690471721,1,0.277432027772011,0.894797826876664,NA,"prevalence",80,42
"PWY.7783..plasmalogen.degradation","Probiotics","Yes","ProbioticsYes",-0.256625972822592,0,1.23998262459114,0.836041621003606,1,0.315432729136518,0.909197504832412,NA,"prevalence",80,42
"PWY.7783..plasmalogen.degradation","Read_depth","Read_depth","Read_depth",0.136972246721212,0,0.251706525633631,0.586321468791119,1,0.0759241148882318,0.687500006789714,NA,"prevalence",80,42
"PWY.7805...aminomethyl.phosphonate.degradation","acetate","acetate","acetate",-0.0296879365034162,0,0.257776382904497,0.90831089817652,1,0.977611467106571,1,NA,"prevalence",80,32
"PWY.7805...aminomethyl.phosphonate.degradation","Antibiotics","Yes","AntibioticsYes",0.0735024521418752,0,0.78095811593426,0.925015181679105,1,0.837410844431639,1,NA,"prevalence",80,32
"PWY.7805...aminomethyl.phosphonate.degradation","isobutyrate","isobutyrate","isobutyrate",0.0705371654149042,0,0.312648774977865,0.821503580021964,1,0.789734941721675,0.995409163122056,NA,"prevalence",80,32
"PWY.7805...aminomethyl.phosphonate.degradation","Probiotics","Yes","ProbioticsYes",0.828038119472892,0,1.13787718857664,0.466794619445041,1,0.715692022147241,0.986661594904505,NA,"prevalence",80,32
"PWY.7805...aminomethyl.phosphonate.degradation","propionate","propionate","propionate",0.142185311290431,0,0.264281621782259,0.59057234969035,1,0.766699327952597,0.995084293998679,NA,"prevalence",80,32
"PWY.7805...aminomethyl.phosphonate.degradation","Read_depth","Read_depth","Read_depth",-0.0256386486406892,0,0.258720315876237,0.921060512893617,1,0.175670680440894,0.836026392851311,NA,"prevalence",80,32
"PWY.7805...aminomethyl.phosphonate.degradation","Sex","Female","SexFemale",-0.106167543266369,0,0.511768483999508,0.835656650225769,1,0.614130708026361,0.979149576884277,NA,"prevalence",80,32
"PWY.7805...aminomethyl.phosphonate.degradation","Termness","preterm","Termnesspreterm",-0.637452911075344,0,1.04437663599404,0.541618801273589,1,0.789886676654139,0.995409163122056,NA,"prevalence",80,32
"PWY.7807..glyphosate.degradation.III","acetate","acetate","acetate",0.0274476860314527,0,0.244894666328901,0.91076032540584,1,0.983956012207952,1,NA,"prevalence",80,36
"PWY.7807..glyphosate.degradation.III","Antibiotics","Yes","AntibioticsYes",0.56903853281775,0,0.772195436484016,0.461177087322014,1,0.486019564901731,0.959080836132184,NA,"prevalence",80,36
"PWY.7807..glyphosate.degradation.III","isobutyrate","isobutyrate","isobutyrate",0.12027958829271,0,0.306881310860485,0.695101277321835,1,0.815838517423565,1,NA,"prevalence",80,36
"PWY.7807..glyphosate.degradation.III","Probiotics","Yes","ProbioticsYes",0.645151483493567,0,1.12849590962298,0.567531015486469,1,0.812970577433835,1,NA,"prevalence",80,36
"PWY.7807..glyphosate.degradation.III","propionate","propionate","propionate",0.204033631156681,0,0.270251514320149,0.450262885593149,1,0.697789105043629,0.986317799722192,NA,"prevalence",80,36
"PWY.7807..glyphosate.degradation.III","Read_depth","Read_depth","Read_depth",-0.158768165237048,0,0.240928481336861,0.509905640950901,1,0.0944213268731212,0.740937377550253,NA,"prevalence",80,36
"PWY.7807..glyphosate.degradation.III","Sex","Female","SexFemale",0.0930618739918146,0,0.502833793795276,0.853170350962922,1,0.158926125539347,0.812844382071501,NA,"prevalence",80,36
"PWY.7873..D.erythronate.degradation.II","acetate","acetate","acetate",-0.230976564884841,0,0.295941062991718,0.435107432868027,1,0.680896387599049,0.983585363030474,NA,"prevalence",80,25
"PWY.7873..D.erythronate.degradation.II","Antibiotics","Yes","AntibioticsYes",0.538648911814077,0,0.852645729828147,0.527557936715281,1,0.455045134315129,0.95160573712957,NA,"prevalence",80,25
"PWY.7873..D.erythronate.degradation.II","butyrate","butyrate","butyrate",-0.148685362272044,0,0.326065789784438,0.648391384956742,1,0.684382855384015,0.983585363030474,NA,"prevalence",80,25
"PWY.7873..D.erythronate.degradation.II","Ethnicity","European","EthnicityEuropean",0.312883454068379,0,0.574154774827708,0.585790530471968,1,0.568700438663343,0.976334431269276,NA,"prevalence",80,25
"PWY.7873..D.erythronate.degradation.II","Feeding_method","Breastfed","Feeding_methodBreastfed",-0.317086988353274,0,0.552197794295449,0.565814071403083,1,0.755297878247708,0.993657434340782,NA,"prevalence",80,25
"PWY.7873..D.erythronate.degradation.II","Probiotics","Yes","ProbioticsYes",0.688630950197799,0,1.20196577086815,0.566698456131031,1,0.812249772080768,1,NA,"prevalence",80,25
"PWY.7873..D.erythronate.degradation.II","propionate","propionate","propionate",-0.00965019151848547,0,0.258472402912122,0.970217515363304,1,0.646571547719667,0.983585363030474,NA,"prevalence",80,25
"PWY.7873..D.erythronate.degradation.II","Termness","preterm","Termnesspreterm",-0.613711682282982,0,1.06917719067742,0.565965285543295,1,0.12629889071455,0.781611378335619,NA,"prevalence",80,25
"PWY.7874..L.threonate.degradation","acetate","acetate","acetate",-0.0777274619110833,0,0.269451905619151,0.772990767280609,1,0.602337521435642,0.979149576884277,NA,"prevalence",80,29
"PWY.7874..L.threonate.degradation","Antibiotics","Yes","AntibioticsYes",0.563968093321041,0,0.797059578351244,0.47921805857453,1,0.0108482844791674,0.403074144669931,NA,"prevalence",80,29
"PWY.7874..L.threonate.degradation","butyrate","butyrate","butyrate",-0.186970172610202,0,0.314672040989335,0.552395257567631,1,0.799649994552052,0.998092298938251,NA,"prevalence",80,29
"PWY.7874..L.threonate.degradation","isobutyrate","isobutyrate","isobutyrate",0.130774227578606,0,0.311104835171784,0.674226712714234,1,0.893871765291026,1,NA,"prevalence",80,29
"PWY.7874..L.threonate.degradation","Probiotics","Yes","ProbioticsYes",0.73513808386459,0,1.15829496799752,0.52564196471443,1,0.235136911894578,0.876913946711319,NA,"prevalence",80,29
"PWY.7874..L.threonate.degradation","propionate","propionate","propionate",0.0343940484491113,0,0.259590212026776,0.894593864345543,1,0.408314139136024,0.940230400632668,NA,"prevalence",80,29
"PWY.7874..L.threonate.degradation","Termness","preterm","Termnesspreterm",-0.456342320061118,0,1.05360318800314,0.664923658651213,1,0.3911394540316,0.937313481206142,NA,"prevalence",80,29
"PWY.7883..anhydromuropeptides.recycling.II","acetate","acetate","acetate",0.0679607157711242,0,0.486631095424539,0.88893217651601,1,0.723196526695417,0.986891662674378,NA,"prevalence",80,78
"PWY.7883..anhydromuropeptides.recycling.II","Antibiotics","Yes","AntibioticsYes",-0.830011620517353,0,1.37243767874037,0.545330626071353,1,0.723580582677356,0.986891662674378,NA,"prevalence",80,78
"PWY.7883..anhydromuropeptides.recycling.II","Delivery_mode","C-section","Delivery_modeC-section",-0.247316627615089,0,1.09835148401206,0.82184644315153,1,0.968261310182239,1,NA,"prevalence",80,78
"PWY.7883..anhydromuropeptides.recycling.II","Ethnicity","European","EthnicityEuropean",0.711092647175298,0,0.968412457945139,0.462773858997716,1,0.564039395163773,0.976255562133106,NA,"prevalence",80,78
"PWY.7883..anhydromuropeptides.recycling.II","isobutyrate","isobutyrate","isobutyrate",0.356118999121745,0,0.509316417961986,0.484420965810338,1,0.734178259504055,0.989582995017423,NA,"prevalence",80,78
"PWY.7883..anhydromuropeptides.recycling.II","Probiotics","Yes","ProbioticsYes",-0.151191880773246,0,1.92471565656585,0.937388299892388,1,0.229064774727777,0.875598170740482,NA,"prevalence",80,78
"PWY.7883..anhydromuropeptides.recycling.II","propionate","propionate","propionate",-0.0312087527877182,0,0.48950313439657,0.949164528572409,1,0.364838662654289,0.935052415092543,NA,"prevalence",80,78
"PWY.7883..anhydromuropeptides.recycling.II","Read_depth","Read_depth","Read_depth",0.0215515432494279,0,0.395732089142862,0.956568729644306,1,0.815047797188441,1,NA,"prevalence",80,78
"PWY.7883..anhydromuropeptides.recycling.II","Sex","Female","SexFemale",0.485452233505493,0,0.865576718892136,0.574904893399893,1,0.0713041536421033,0.665385238176648,NA,"prevalence",80,78
"PWY.7883..anhydromuropeptides.recycling.II","Termness","preterm","Termnesspreterm",0.422789564346389,0,1.68028306477071,0.801336298110021,1,0.12697242294072,0.783764693296157,NA,"prevalence",80,78
"PWY.7942..5.oxo.L.proline.metabolism","acetate","acetate","acetate",0.232656217600463,0,0.369524137256961,0.528949556961534,1,0.481189228657509,0.959080836132184,NA,"prevalence",80,75
"PWY.7942..5.oxo.L.proline.metabolism","Antibiotics","Yes","AntibioticsYes",-0.0823837359259871,0,1.34794471373409,0.951265203941398,1,0.513161980663672,0.964605264080454,NA,"prevalence",80,75
"PWY.7942..5.oxo.L.proline.metabolism","Ethnicity","European","EthnicityEuropean",0.316329403647188,0,0.910062049046363,0.728147344850063,1,0.847050465951862,1,NA,"prevalence",80,75
"PWY.7942..5.oxo.L.proline.metabolism","Feeding_method","Breastfed","Feeding_methodBreastfed",-0.321693624505527,0,0.842052646283544,0.702435367021516,1,0.627446197303418,0.979149576884277,NA,"prevalence",80,75
"PWY.7942..5.oxo.L.proline.metabolism","Probiotics","Yes","ProbioticsYes",-0.534933244808372,0,1.9160052503635,0.780097519986543,1,0.785783350126289,0.995409163122056,NA,"prevalence",80,75
"PWY.7942..5.oxo.L.proline.metabolism","Read_depth","Read_depth","Read_depth",0.222552988089063,0,0.351957621211349,0.527171959457939,1,0.0250524844503359,0.500563824878618,NA,"prevalence",80,75
"PWY.7942..5.oxo.L.proline.metabolism","Sex","Female","SexFemale",0.194292662536779,0,0.825720053147847,0.813975205201414,1,0.681727296429568,0.983585363030474,NA,"prevalence",80,75
"PWY.8004..Entner.Doudoroff.pathway.I","acetate","acetate","acetate",0.0742009002524817,0,0.400148108006846,0.852888964136994,1,0.933820849507327,1,NA,"prevalence",80,79
"PWY.8004..Entner.Doudoroff.pathway.I","Antibiotics","Yes","AntibioticsYes",0.101516989704955,0,1.45313366057817,0.944304503409128,1,0.384928685963527,0.937313481206142,NA,"prevalence",80,79
"PWY.8004..Entner.Doudoroff.pathway.I","butyrate","butyrate","butyrate",0.0269586957352836,0,0.548722423215889,0.960815749341509,1,0.943710786574502,1,NA,"prevalence",80,79
"PWY.8004..Entner.Doudoroff.pathway.I","Delivery_mode","C-section","Delivery_modeC-section",-0.693514887342947,0,1.06983152073828,0.516825320214479,1,0.325045642706251,0.911723569545708,NA,"prevalence",80,79
"PWY.8004..Entner.Doudoroff.pathway.I","Ethnicity","European","EthnicityEuropean",-0.112510274519632,0,0.971665876645321,0.907818092958521,1,0.71072609794944,0.986434261270435,NA,"prevalence",80,79
"PWY.8004..Entner.Doudoroff.pathway.I","Feeding_method","Breastfed","Feeding_methodBreastfed",-0.12599413983942,0,0.947538264770868,0.894217125697303,1,0.19072955006966,0.849508408582616,NA,"prevalence",80,79
"PWY.8004..Entner.Doudoroff.pathway.I","isobutyrate","isobutyrate","isobutyrate",0.296545432811856,0,0.506875185061713,0.558516610026292,1,0.805092416377323,0.998092298938251,NA,"prevalence",80,79
"PWY.8004..Entner.Doudoroff.pathway.I","Probiotics","Yes","ProbioticsYes",-0.077224450008896,0,1.91847170762058,0.96789133736373,1,0.851836627077714,1,NA,"prevalence",80,79
"PWY.8004..Entner.Doudoroff.pathway.I","propionate","propionate","propionate",0.221762660980918,0,0.383613933174024,0.56320462105942,1,0.809209796936155,0.999345771012859,NA,"prevalence",80,79
"PWY.8004..Entner.Doudoroff.pathway.I","Read_depth","Read_depth","Read_depth",-0.190955056485747,0,0.448856453882111,0.670526398160972,1,0.891447145691218,1,NA,"prevalence",80,79
"PWY.8004..Entner.Doudoroff.pathway.I","Sex","Female","SexFemale",-0.361473325537522,0,0.901746527652379,0.688523844186176,1,0.435322016723909,0.95137647878513,NA,"prevalence",80,79
"PWY.8004..Entner.Doudoroff.pathway.I","Termness","preterm","Termnesspreterm",0.452401575590027,0,1.65872899702182,0.785053163673416,1,0.601083892887331,0.979044174280157,NA,"prevalence",80,79
"PWY.801..homocysteine.and.cysteine.interconversion","acetate","acetate","acetate",0.132992481394326,0,0.341420735005109,0.696886586890691,1,0.550814597510371,0.970207088611343,NA,"prevalence",80,76
"PWY.801..homocysteine.and.cysteine.interconversion","Antibiotics","Yes","AntibioticsYes",-0.553708073012724,0,1.35210174175162,0.682160606244153,1,0.898978119776916,1,NA,"prevalence",80,76
"PWY.801..homocysteine.and.cysteine.interconversion","butyrate","butyrate","butyrate",-0.0469206281799763,0,0.486170298001937,0.923114988639423,1,0.360060648905052,0.933806989936667,NA,"prevalence",80,76
"PWY.801..homocysteine.and.cysteine.interconversion","Ethnicity","European","EthnicityEuropean",0.30807294639328,0,0.851205288927864,0.717407662754308,1,0.920141570930017,1,NA,"prevalence",80,76
"PWY.801..homocysteine.and.cysteine.interconversion","Feeding_method","Breastfed","Feeding_methodBreastfed",-0.356096884172167,0,0.854443212880296,0.676854707014702,1,0.772127128870688,0.995084293998679,NA,"prevalence",80,76
"PWY.801..homocysteine.and.cysteine.interconversion","isobutyrate","isobutyrate","isobutyrate",0.0768908439399852,0,0.466473052983516,0.869074262741921,1,0.0219874687685382,0.481714491545694,NA,"prevalence",80,76
"PWY.801..homocysteine.and.cysteine.interconversion","Probiotics","Yes","ProbioticsYes",1.20539748268498,0,1.5116682128971,0.425221351869258,1,0.30809816802441,0.90799190770971,NA,"prevalence",80,76
"PWY.801..homocysteine.and.cysteine.interconversion","propionate","propionate","propionate",0.199121393824843,0,0.358489068669211,0.578589493908174,1,0.760239144369345,0.993657434340782,NA,"prevalence",80,76
"PWY.801..homocysteine.and.cysteine.interconversion","Read_depth","Read_depth","Read_depth",-0.13444766730766,0,0.372403658479367,0.71807948067317,1,0.694065013585943,0.985640266917901,NA,"prevalence",80,76
"PWY.801..homocysteine.and.cysteine.interconversion","Sex","Female","SexFemale",-0.600551801668964,0,0.774588773769671,0.438152398953828,1,0.684327273198662,0.983585363030474,NA,"prevalence",80,76
"PWY.801..homocysteine.and.cysteine.interconversion","Termness","preterm","Termnesspreterm",-0.352543181014523,0,1.15349206047261,0.759885450174208,1,0.575278454427268,0.976786818810829,NA,"prevalence",80,76
"PWY.8011..L.serine.biosynthesis.II","acetate","acetate","acetate",-0.162401609338807,0,0.278550835650048,0.559877658824791,1,0.337577451698065,0.918492147325071,NA,"prevalence",80,49
"PWY.8011..L.serine.biosynthesis.II","Antibiotics","Yes","AntibioticsYes",0.104868641135478,0,0.78519018746014,0.893751886115284,1,0.948340896385339,1,NA,"prevalence",80,49
"PWY.8011..L.serine.biosynthesis.II","butyrate","butyrate","butyrate",0.190747020516195,0,0.321392473412872,0.552845359893562,1,0.704004313954012,0.986317799722192,NA,"prevalence",80,49
"PWY.8011..L.serine.biosynthesis.II","Delivery_mode","C-section","Delivery_modeC-section",0.318663898627224,0,0.628823638620206,0.612321851289754,1,0.849705653012597,1,NA,"prevalence",80,49
"PWY.8011..L.serine.biosynthesis.II","Ethnicity","European","EthnicityEuropean",-0.174109073391347,0,0.544982516325701,0.749365255323352,1,0.775599819714282,0.995409163122056,NA,"prevalence",80,49
"PWY.8011..L.serine.biosynthesis.II","Feeding_method","Breastfed","Feeding_methodBreastfed",0.120776593641771,0,0.540233165655091,0.823096713595946,1,0.223300881158595,0.869763026261697,NA,"prevalence",80,49
"PWY.8011..L.serine.biosynthesis.II","isobutyrate","isobutyrate","isobutyrate",0.00601355112891267,0,0.311693440877125,0.984607241203593,1,0.993373868411823,1,NA,"prevalence",80,49
"PWY.8011..L.serine.biosynthesis.II","Probiotics","Yes","ProbioticsYes",0.41577217746168,0,1.01712336709376,0.682706539303635,1,0.491190446482472,0.960765402119967,NA,"prevalence",80,49
"PWY.8011..L.serine.biosynthesis.II","Read_depth","Read_depth","Read_depth",0.00863486203167555,0,0.254767682921767,0.972962409586065,1,0.991144700865046,1,NA,"prevalence",80,49
"PWY.8073..lipid.IVA.biosynthesis..P..putida.","Antibiotics","Yes","AntibioticsYes",-0.350608252070568,0,1.38484920679941,0.800133512193415,1,0.96005338705186,1,NA,"prevalence",80,79
"PWY.8073..lipid.IVA.biosynthesis..P..putida.","butyrate","butyrate","butyrate",7.49968573042167e-05,0,0.533991725558465,0.999887940521377,1,0.521099366760864,0.965491332934357,NA,"prevalence",80,79
"PWY.8073..lipid.IVA.biosynthesis..P..putida.","Delivery_mode","C-section","Delivery_modeC-section",-0.195166635007198,0,1.09477300105867,0.858509896308193,1,0.633984314457559,0.980109892930287,NA,"prevalence",80,79
"PWY.8073..lipid.IVA.biosynthesis..P..putida.","Ethnicity","European","EthnicityEuropean",0.346214913654815,0,0.961020121239448,0.718654417211862,1,0.646875879060244,0.983585363030474,NA,"prevalence",80,79
"PWY.8073..lipid.IVA.biosynthesis..P..putida.","Feeding_method","Breastfed","Feeding_methodBreastfed",-0.489768667729357,0,0.925965527481847,0.596855717175472,1,0.546532001790207,0.968077456760646,NA,"prevalence",80,79
"PWY.8073..lipid.IVA.biosynthesis..P..putida.","isobutyrate","isobutyrate","isobutyrate",-0.0138627021503428,0,0.566641157481844,0.980481945915373,1,0.980046621480587,1,NA,"prevalence",80,79
"PWY.8073..lipid.IVA.biosynthesis..P..putida.","Probiotics","Yes","ProbioticsYes",-0.266432056536548,0,1.91439151623378,0.889313259607628,1,0.987748445501312,1,NA,"prevalence",80,79
"PWY.8073..lipid.IVA.biosynthesis..P..putida.","Read_depth","Read_depth","Read_depth",0.0137934904753225,0,0.444703058640868,0.975255738790796,1,0.0656686919274756,0.652710385570562,NA,"prevalence",80,79
"PWY.8073..lipid.IVA.biosynthesis..P..putida.","Sex","Female","SexFemale",0.251724743003418,0,0.893521347747663,0.778156579325616,1,0.19580167241514,0.85008261298545,NA,"prevalence",80,79
"PWY.8073..lipid.IVA.biosynthesis..P..putida.","Termness","preterm","Termnesspreterm",0.345047909380246,0,1.69676536724604,0.838856561801967,1,0.329150358743815,0.911723569545708,NA,"prevalence",80,79
"PWY.8131..5..deoxyadenosine.degradation.II","acetate","acetate","acetate",-0.287497399123831,0,0.666109881140298,0.666027384646684,1,0.085398451153342,0.719944583143153,NA,"prevalence",80,71
"PWY.8131..5..deoxyadenosine.degradation.II","Ethnicity","European","EthnicityEuropean",-0.137225164664074,0,0.861938368254006,0.873507120863531,1,0.983999551527767,1,NA,"prevalence",80,71
"PWY.8131..5..deoxyadenosine.degradation.II","Feeding_method","Breastfed","Feeding_methodBreastfed",0.0357396803149997,0,0.771278659372372,0.963040676738902,1,0.724318988313864,0.986891662674378,NA,"prevalence",80,71
"PWY.8131..5..deoxyadenosine.degradation.II","Probiotics","Yes","ProbioticsYes",-0.171015589243981,0,2.00935192453069,0.932174079990769,1,0.995399644574901,1,NA,"prevalence",80,71
"PWY.8131..5..deoxyadenosine.degradation.II","Read_depth","Read_depth","Read_depth",0.173158809643939,0,0.358185614407472,0.628788195757324,1,0.390654754671576,0.937313481206142,NA,"prevalence",80,71
"PWY.8131..5..deoxyadenosine.degradation.II","Sex","Female","SexFemale",0.162043999510275,0,0.750174086872087,0.828981100874009,1,0.970752536141734,1,NA,"prevalence",80,71
"PWY.8131..5..deoxyadenosine.degradation.II","Termness","preterm","Termnesspreterm",1.21812993465157,0,1.61156064754966,0.449727295623718,1,0.154389966201588,0.809882584647917,NA,"prevalence",80,71
"PWY.821..superpathway.of.sulfur.amino.acid.biosynthesis..Saccharomyces.cerevisiae.","acetate","acetate","acetate",-0.0789753160661488,0,0.35627061605485,0.824569018687178,1,0.43254374307373,0.95137647878513,NA,"prevalence",80,77
"PWY.821..superpathway.of.sulfur.amino.acid.biosynthesis..Saccharomyces.cerevisiae.","Antibiotics","Yes","AntibioticsYes",-0.996934507429161,0,1.41336180168369,0.480583753076127,1,0.283357018185978,0.896827679176477,NA,"prevalence",80,77
"PWY.821..superpathway.of.sulfur.amino.acid.biosynthesis..Saccharomyces.cerevisiae.","butyrate","butyrate","butyrate",0.0800151621392504,0,0.536608675728693,0.881464714102252,1,0.867776104291232,1,NA,"prevalence",80,77
"PWY.821..superpathway.of.sulfur.amino.acid.biosynthesis..Saccharomyces.cerevisiae.","Delivery_mode","C-section","Delivery_modeC-section",-0.862172850985697,0,1.07061829995218,0.420644461867382,1,0.664347160435065,0.983585363030474,NA,"prevalence",80,77
"PWY.821..superpathway.of.sulfur.amino.acid.biosynthesis..Saccharomyces.cerevisiae.","Feeding_method","Breastfed","Feeding_methodBreastfed",0.318423414315783,0,0.929176537115993,0.731828523076385,1,0.914275355306927,1,NA,"prevalence",80,77
"PWY.821..superpathway.of.sulfur.amino.acid.biosynthesis..Saccharomyces.cerevisiae.","isobutyrate","isobutyrate","isobutyrate",-0.146283887268497,0,0.497417372607675,0.768691571222109,1,0.946496410776303,1,NA,"prevalence",80,77
"PWY.821..superpathway.of.sulfur.amino.acid.biosynthesis..Saccharomyces.cerevisiae.","Probiotics","Yes","ProbioticsYes",0.274282891821084,0,1.90496873514829,0.885513985631999,1,0.0491211451616303,0.622383131733143,NA,"prevalence",80,77
"PWY.821..superpathway.of.sulfur.amino.acid.biosynthesis..Saccharomyces.cerevisiae.","propionate","propionate","propionate",0.0936512366070736,0,0.390434286207407,0.810435477620799,1,0.325013446322384,0.911723569545708,NA,"prevalence",80,77
"PWY.821..superpathway.of.sulfur.amino.acid.biosynthesis..Saccharomyces.cerevisiae.","Read_depth","Read_depth","Read_depth",0.0929768157254003,0,0.339650557908231,0.784282462724818,1,0.95346594411193,1,NA,"prevalence",80,77
"PWY.821..superpathway.of.sulfur.amino.acid.biosynthesis..Saccharomyces.cerevisiae.","Sex","Female","SexFemale",-0.645626695686838,0,0.845896066282921,0.44531676572765,1,0.26187018403733,0.886596395877737,NA,"prevalence",80,77
"PWY.821..superpathway.of.sulfur.amino.acid.biosynthesis..Saccharomyces.cerevisiae.","Termness","preterm","Termnesspreterm",0.509619666031204,0,1.62245367855499,0.75344182889619,1,0.234529423233325,0.876913946711319,NA,"prevalence",80,77
"PWY.822..fructan.biosynthesis","acetate","acetate","acetate",0.117691424598388,0,0.445968847428916,0.791856550998957,1,0.791856550998957,0.995776774484156,NA,"prevalence",80,34
"PWY.822..fructan.biosynthesis","butyrate","butyrate","butyrate",0.190361115956719,0,0.403831149509588,0.637363757934765,1,0.637363757934765,0.980109892930287,NA,"prevalence",80,34
"PWY.822..fructan.biosynthesis","Ethnicity","European","EthnicityEuropean",0.453358840792527,0,0.657933898389726,0.490782728478574,1,0.490782728478574,0.960765402119967,NA,"prevalence",80,34
"PWY.822..fructan.biosynthesis","Feeding_method","Breastfed","Feeding_methodBreastfed",-0.122382522597577,0,0.671318813629342,0.855346009484681,1,0.855346009484681,1,NA,"prevalence",80,34
"PWY.822..fructan.biosynthesis","isobutyrate","isobutyrate","isobutyrate",-0.239679970650117,0,0.394993015634223,0.543986658022934,1,0.543986658022934,0.967219610406066,NA,"prevalence",80,34
"PWY.822..fructan.biosynthesis","Probiotics","Yes","ProbioticsYes",-0.82471154385115,0,1.09892819159163,0.452972285972263,1,0.452972285972263,0.95137647878513,NA,"prevalence",80,34
"PWY.822..fructan.biosynthesis","propionate","propionate","propionate",-0.0318406242687616,0,0.317041339863718,0.920002546689867,1,0.920002546689867,1,NA,"prevalence",80,34
"PWY.822..fructan.biosynthesis","Sex","Female","SexFemale",-0.0929178572775238,0,0.654609028193503,0.887124198904016,1,0.887124198904016,1,NA,"prevalence",80,34
"PWY.922..mevalonate.pathway.I..eukaryotes.and.bacteria.","acetate","acetate","acetate",-0.0127948716095198,0,0.355343216550382,0.971276713629414,1,0.908552410733225,1,NA,"prevalence",80,72
"PWY.922..mevalonate.pathway.I..eukaryotes.and.bacteria.","Antibiotics","Yes","AntibioticsYes",-0.196751438378156,0,0.981464783346546,0.841115254633913,1,0.74920998627831,0.993574523346228,NA,"prevalence",80,72
"PWY.922..mevalonate.pathway.I..eukaryotes.and.bacteria.","butyrate","butyrate","butyrate",-0.169619667331857,0,0.402937351834929,0.673785813680074,1,0.893584304643629,1,NA,"prevalence",80,72
"PWY.922..mevalonate.pathway.I..eukaryotes.and.bacteria.","Delivery_mode","C-section","Delivery_modeC-section",0.108002796115741,0,0.881573681812559,0.902494044918199,1,0.699195078534943,0.986317799722192,NA,"prevalence",80,72
"PWY.922..mevalonate.pathway.I..eukaryotes.and.bacteria.","Ethnicity","European","EthnicityEuropean",-0.156481024433172,0,0.736672947749936,0.831782606506048,1,0.202451699877593,0.858073914712386,NA,"prevalence",80,72
"PWY.922..mevalonate.pathway.I..eukaryotes.and.bacteria.","Feeding_method","Breastfed","Feeding_methodBreastfed",0.0609274198953815,0,0.709167414857212,0.931534770371876,1,0.933675188966937,1,NA,"prevalence",80,72
"PWY.922..mevalonate.pathway.I..eukaryotes.and.bacteria.","Probiotics","Yes","ProbioticsYes",0.579454757904579,0,1.24933329830366,0.642783028867665,1,0.849111476107013,1,NA,"prevalence",80,72
"PWY.922..mevalonate.pathway.I..eukaryotes.and.bacteria.","Read_depth","Read_depth","Read_depth",0.120685998805913,0,0.337466600382123,0.720625062733428,1,0.0499810330017739,0.624066974087972,NA,"prevalence",80,72
"PWY.922..mevalonate.pathway.I..eukaryotes.and.bacteria.","Sex","Female","SexFemale",-0.326704932987152,0,0.67928099343746,0.630547076651578,1,0.863504537429305,1,NA,"prevalence",80,72
"PWY.922..mevalonate.pathway.I..eukaryotes.and.bacteria.","Termness","preterm","Termnesspreterm",-0.878723225539866,0,1.17967974042705,0.456342534241446,1,0.459924474978491,0.95160573712957,NA,"prevalence",80,72
"PWY0.1221..putrescine.degradation.II","acetate","acetate","acetate",0.0698892735032993,0,0.281780088520323,0.804112957653007,1,0.804112957653007,0.998092298938251,NA,"prevalence",80,12
"PWY0.1221..putrescine.degradation.II","Antibiotics","Yes","AntibioticsYes",0.395448177863626,0,1.0248460739307,0.699599581591552,1,0.699599581591552,0.986317799722192,NA,"prevalence",80,12
"PWY0.1221..putrescine.degradation.II","Delivery_mode","C-section","Delivery_modeC-section",-0.322377639472498,0,0.740331639261133,0.663235601617812,1,0.663235601617812,0.983585363030474,NA,"prevalence",80,12
"PWY0.1221..putrescine.degradation.II","Ethnicity","European","EthnicityEuropean",-0.282886499909979,0,0.693769230891079,0.68345500688895,1,0.68345500688895,0.983585363030474,NA,"prevalence",80,12
"PWY0.1221..putrescine.degradation.II","Feeding_method","Breastfed","Feeding_methodBreastfed",-0.491104762875252,0,0.671034325456463,0.464252584202475,1,0.464252584202475,0.95160573712957,NA,"prevalence",80,12
"PWY0.1221..putrescine.degradation.II","isobutyrate","isobutyrate","isobutyrate",-0.0760621662373877,0,0.408203285619503,0.852182816960749,1,0.852182816960749,1,NA,"prevalence",80,12
"PWY0.1221..putrescine.degradation.II","Read_depth","Read_depth","Read_depth",0.101596119227146,0,0.382484506392953,0.790530703673165,1,0.790530703673165,0.995409163122056,NA,"prevalence",80,12
"PWY0.1241..ADP.L.glycero..beta..D.manno.heptose.biosynthesis","acetate","acetate","acetate",0.0173020046645147,0,0.421984057704675,0.967294652202774,1,0.0154293691179963,0.447810495446019,NA,"prevalence",80,79
"PWY0.1241..ADP.L.glycero..beta..D.manno.heptose.biosynthesis","Antibiotics","Yes","AntibioticsYes",-0.350608252070568,0,1.38484920679941,0.800133512193415,1,0.96005338705186,1,NA,"prevalence",80,79
"PWY0.1241..ADP.L.glycero..beta..D.manno.heptose.biosynthesis","butyrate","butyrate","butyrate",7.49968573042167e-05,0,0.533991725558465,0.999887940521377,1,0.358107467017673,0.932719603629341,NA,"prevalence",80,79
"PWY0.1241..ADP.L.glycero..beta..D.manno.heptose.biosynthesis","Delivery_mode","C-section","Delivery_modeC-section",-0.195166635007198,0,1.09477300105867,0.858509896308193,1,0.819605040116109,1,NA,"prevalence",80,79
"PWY0.1241..ADP.L.glycero..beta..D.manno.heptose.biosynthesis","Ethnicity","European","EthnicityEuropean",0.346214913654815,0,0.961020121239448,0.718654417211862,1,0.556200295845361,0.97247929279732,NA,"prevalence",80,79
"PWY0.1241..ADP.L.glycero..beta..D.manno.heptose.biosynthesis","Feeding_method","Breastfed","Feeding_methodBreastfed",-0.489768667729357,0,0.925965527481847,0.596855717175472,1,0.837474687225897,1,NA,"prevalence",80,79
"PWY0.1241..ADP.L.glycero..beta..D.manno.heptose.biosynthesis","isobutyrate","isobutyrate","isobutyrate",-0.0138627021503428,0,0.566641157481844,0.980481945915373,1,0.898421523170475,1,NA,"prevalence",80,79
"PWY0.1241..ADP.L.glycero..beta..D.manno.heptose.biosynthesis","Probiotics","Yes","ProbioticsYes",-0.266432056536548,0,1.91439151623378,0.889313259607628,1,0.987748445501312,1,NA,"prevalence",80,79
"PWY0.1241..ADP.L.glycero..beta..D.manno.heptose.biosynthesis","propionate","propionate","propionate",0.0924707740956757,0,0.435566757067271,0.831873082168455,1,0.589064837604025,0.976974901602956,NA,"prevalence",80,79
"PWY0.1241..ADP.L.glycero..beta..D.manno.heptose.biosynthesis","Read_depth","Read_depth","Read_depth",0.0137934904753225,0,0.444703058640868,0.975255738790796,1,0.103174954940379,0.756750258084401,NA,"prevalence",80,79
"PWY0.1241..ADP.L.glycero..beta..D.manno.heptose.biosynthesis","Sex","Female","SexFemale",0.251724743003418,0,0.893521347747663,0.778156579325616,1,0.250666480520601,0.880494562511276,NA,"prevalence",80,79
"PWY0.1241..ADP.L.glycero..beta..D.manno.heptose.biosynthesis","Termness","preterm","Termnesspreterm",0.345047909380246,0,1.69676536724604,0.838856561801967,1,0.535860256695953,0.966661071390955,NA,"prevalence",80,79
"PWY0.1261..anhydromuropeptides.recycling.I","acetate","acetate","acetate",0.0173020046645147,0,0.421984057704675,0.967294652202774,1,0.0856868350172407,0.719944583143153,NA,"prevalence",80,79
"PWY0.1261..anhydromuropeptides.recycling.I","Antibiotics","Yes","AntibioticsYes",-0.350608252070568,0,1.38484920679941,0.800133512193415,1,0.96005338705186,1,NA,"prevalence",80,79
"PWY0.1261..anhydromuropeptides.recycling.I","butyrate","butyrate","butyrate",7.49968573042167e-05,0,0.533991725558465,0.999887940521377,1,0.830567823863463,1,NA,"prevalence",80,79
"PWY0.1261..anhydromuropeptides.recycling.I","Delivery_mode","C-section","Delivery_modeC-section",-0.195166635007198,0,1.09477300105867,0.858509896308193,1,0.979980550557282,1,NA,"prevalence",80,79
"PWY0.1261..anhydromuropeptides.recycling.I","Ethnicity","European","EthnicityEuropean",0.346214913654815,0,0.961020121239448,0.718654417211862,1,0.920844663045603,1,NA,"prevalence",80,79
"PWY0.1261..anhydromuropeptides.recycling.I","Feeding_method","Breastfed","Feeding_methodBreastfed",-0.489768667729357,0,0.925965527481847,0.596855717175472,1,0.837474687225897,1,NA,"prevalence",80,79
"PWY0.1261..anhydromuropeptides.recycling.I","isobutyrate","isobutyrate","isobutyrate",-0.0138627021503428,0,0.566641157481844,0.980481945915373,1,0.971829350778825,1,NA,"prevalence",80,79
"PWY0.1261..anhydromuropeptides.recycling.I","Probiotics","Yes","ProbioticsYes",-0.266432056536548,0,1.91439151623378,0.889313259607628,1,0.862272428805878,1,NA,"prevalence",80,79
"PWY0.1261..anhydromuropeptides.recycling.I","propionate","propionate","propionate",0.0924707740956757,0,0.435566757067271,0.831873082168455,1,0.726767686783367,0.986891662674378,NA,"prevalence",80,79
"PWY0.1261..anhydromuropeptides.recycling.I","Read_depth","Read_depth","Read_depth",0.0137934904753225,0,0.444703058640868,0.975255738790796,1,0.0665874098334196,0.652710385570562,NA,"prevalence",80,79
"PWY0.1261..anhydromuropeptides.recycling.I","Sex","Female","SexFemale",0.251724743003418,0,0.893521347747663,0.778156579325616,1,0.725678630325638,0.986891662674378,NA,"prevalence",80,79
"PWY0.1261..anhydromuropeptides.recycling.I","Termness","preterm","Termnesspreterm",0.345047909380246,0,1.69676536724604,0.838856561801967,1,0.117728120311631,0.775614098378524,NA,"prevalence",80,79
"PWY0.1277..3.phenylpropanoate.and.3..3.hydroxyphenyl.propanoate.degradation","acetate","acetate","acetate",0.150767979880541,0,0.24777908726267,0.542870877042136,1,0.741146398077956,0.99234705074943,NA,"prevalence",80,54
"PWY0.1277..3.phenylpropanoate.and.3..3.hydroxyphenyl.propanoate.degradation","Delivery_mode","C-section","Delivery_modeC-section",-0.128296183843275,0,0.660732056920722,0.846040591474916,1,0.233011255208848,0.876913946711319,NA,"prevalence",80,54
"PWY0.1277..3.phenylpropanoate.and.3..3.hydroxyphenyl.propanoate.degradation","Ethnicity","European","EthnicityEuropean",-0.47845447748586,0,0.625847976655985,0.444575333843805,1,0.342527393075702,0.919827593927218,NA,"prevalence",80,54
"PWY0.1277..3.phenylpropanoate.and.3..3.hydroxyphenyl.propanoate.degradation","Feeding_method","Breastfed","Feeding_methodBreastfed",0.349345453672962,0,0.593562662488375,0.556158493491618,1,0.80300471710037,0.998092298938251,NA,"prevalence",80,54
"PWY0.1277..3.phenylpropanoate.and.3..3.hydroxyphenyl.propanoate.degradation","isobutyrate","isobutyrate","isobutyrate",0.120910419979527,0,0.342921449662111,0.724396390836674,1,0.545152209305847,0.967219610406066,NA,"prevalence",80,54
"PWY0.1277..3.phenylpropanoate.and.3..3.hydroxyphenyl.propanoate.degradation","Probiotics","Yes","ProbioticsYes",-0.961143083907967,0,1.9029448318788,0.613501279389817,1,0.753289316201894,0.993657434340782,NA,"prevalence",80,54
"PWY0.1277..3.phenylpropanoate.and.3..3.hydroxyphenyl.propanoate.degradation","Sex","Female","SexFemale",0.414437419753097,0,0.56435236714258,0.462729773924011,1,0.711340704172256,0.986434261270435,NA,"prevalence",80,54
"PWY0.1337..oleate..beta..oxidation","acetate","acetate","acetate",0.10239005598635,0,0.352540684421428,0.771483682898687,1,0.626581227310458,0.979149576884277,NA,"prevalence",80,72
"PWY0.1337..oleate..beta..oxidation","Antibiotics","Yes","AntibioticsYes",-0.687888964651485,0,1.32768478430368,0.604380366935593,1,0.12545640637536,0.781611378335619,NA,"prevalence",80,72
"PWY0.1337..oleate..beta..oxidation","Ethnicity","European","EthnicityEuropean",-0.380495597445079,0,0.805997650488475,0.636869486763369,1,0.583048675073091,0.976974901602956,NA,"prevalence",80,72
"PWY0.1337..oleate..beta..oxidation","Probiotics","Yes","ProbioticsYes",-0.751220556713769,0,1.91663907572245,0.695097520856068,1,0.564767610490231,0.976255562133106,NA,"prevalence",80,72
"PWY0.1337..oleate..beta..oxidation","Read_depth","Read_depth","Read_depth",-0.0638815056733825,0,0.290499689289409,0.825947363382721,1,0.929201650017041,1,NA,"prevalence",80,72
"PWY0.1337..oleate..beta..oxidation","Sex","Female","SexFemale",0.485610249848914,0,0.744210220910056,0.514067337864123,1,0.526627741127648,0.966661071390955,NA,"prevalence",80,72
"PWY0.1338..polymyxin.resistance","acetate","acetate","acetate",0.18194715067353,0,0.354474207635858,0.607750284104844,1,0.503031426765113,0.964062047389755,NA,"prevalence",80,74
"PWY0.1338..polymyxin.resistance","Antibiotics","Yes","AntibioticsYes",-0.401927625667168,0,1.3124919198699,0.759427661453589,1,0.0134317409402499,0.43837579433882,NA,"prevalence",80,74
"PWY0.1338..polymyxin.resistance","Ethnicity","European","EthnicityEuropean",0.269801999243549,0,0.890479387599165,0.761901205627343,1,0.891465237389202,1,NA,"prevalence",80,74
"PWY0.1338..polymyxin.resistance","Feeding_method","Breastfed","Feeding_methodBreastfed",-0.0278492503978947,0,0.807048982526848,0.97247245423421,1,0.603285308728158,0.979149576884277,NA,"prevalence",80,74
"PWY0.1338..polymyxin.resistance","Probiotics","Yes","ProbioticsYes",-0.499216735926291,0,1.91236958673465,0.794056910936147,1,0.125908306964307,0.781611378335619,NA,"prevalence",80,74
"PWY0.1338..polymyxin.resistance","Read_depth","Read_depth","Read_depth",0.308269608809447,0,0.365962965696031,0.399590993991015,1,0.639509025503303,0.980430579221197,NA,"prevalence",80,74
"PWY0.1338..polymyxin.resistance","Sex","Female","SexFemale",0.429344663757588,0,0.789522229180854,0.586576950944326,1,0.779459221369044,0.995409163122056,NA,"prevalence",80,74
"PWY0.1415..superpathway.of.heme.b.biosynthesis.from.uroporphyrinogen.III","acetate","acetate","acetate",0.0173020046645147,0,0.421984057704675,0.967294652202774,1,0.814679765959304,1,NA,"prevalence",80,79
"PWY0.1415..superpathway.of.heme.b.biosynthesis.from.uroporphyrinogen.III","Antibiotics","Yes","AntibioticsYes",-0.350608252070568,0,1.38484920679941,0.800133512193415,1,0.723321266690475,0.986891662674378,NA,"prevalence",80,79
"PWY0.1415..superpathway.of.heme.b.biosynthesis.from.uroporphyrinogen.III","butyrate","butyrate","butyrate",7.49968573042167e-05,0,0.533991725558465,0.999887940521377,1,0.95733738339245,1,NA,"prevalence",80,79
"PWY0.1415..superpathway.of.heme.b.biosynthesis.from.uroporphyrinogen.III","Delivery_mode","C-section","Delivery_modeC-section",-0.195166635007198,0,1.09477300105867,0.858509896308193,1,0.90647654144358,1,NA,"prevalence",80,79
"PWY0.1415..superpathway.of.heme.b.biosynthesis.from.uroporphyrinogen.III","Ethnicity","European","EthnicityEuropean",0.346214913654815,0,0.961020121239448,0.718654417211862,1,0.918381038185858,1,NA,"prevalence",80,79
"PWY0.1415..superpathway.of.heme.b.biosynthesis.from.uroporphyrinogen.III","Feeding_method","Breastfed","Feeding_methodBreastfed",-0.489768667729357,0,0.925965527481847,0.596855717175472,1,0.837474687225897,1,NA,"prevalence",80,79
"PWY0.1415..superpathway.of.heme.b.biosynthesis.from.uroporphyrinogen.III","isobutyrate","isobutyrate","isobutyrate",-0.0138627021503428,0,0.566641157481844,0.980481945915373,1,0.991944822954482,1,NA,"prevalence",80,79
"PWY0.1415..superpathway.of.heme.b.biosynthesis.from.uroporphyrinogen.III","Probiotics","Yes","ProbioticsYes",-0.266432056536548,0,1.91439151623378,0.889313259607628,1,0.497730054491499,0.961537261555846,NA,"prevalence",80,79
"PWY0.1415..superpathway.of.heme.b.biosynthesis.from.uroporphyrinogen.III","propionate","propionate","propionate",0.0924707740956757,0,0.435566757067271,0.831873082168455,1,0.236868593644101,0.87924803113722,NA,"prevalence",80,79
"PWY0.1415..superpathway.of.heme.b.biosynthesis.from.uroporphyrinogen.III","Read_depth","Read_depth","Read_depth",0.0137934904753225,0,0.444703058640868,0.975255738790796,1,0.647793454268676,0.983585363030474,NA,"prevalence",80,79
"PWY0.1415..superpathway.of.heme.b.biosynthesis.from.uroporphyrinogen.III","Sex","Female","SexFemale",0.251724743003418,0,0.893521347747663,0.778156579325616,1,0.30582909387859,0.90799190770971,NA,"prevalence",80,79
"PWY0.1415..superpathway.of.heme.b.biosynthesis.from.uroporphyrinogen.III","Termness","preterm","Termnesspreterm",0.345047909380246,0,1.69676536724604,0.838856561801967,1,0.612086566650166,0.979149576884277,NA,"prevalence",80,79
"PWY0.1479..tRNA.processing","acetate","acetate","acetate",0.0173020046645147,0,0.421984057704675,0.967294652202774,1,0.0429871086155831,0.590563843153359,NA,"prevalence",80,79
"PWY0.1479..tRNA.processing","Antibiotics","Yes","AntibioticsYes",-0.350608252070568,0,1.38484920679941,0.800133512193415,1,0.757035354749449,0.993657434340782,NA,"prevalence",80,79
"PWY0.1479..tRNA.processing","butyrate","butyrate","butyrate",7.49968573042167e-05,0,0.533991725558465,0.999887940521377,1,0.998062835590682,1,NA,"prevalence",80,79
"PWY0.1479..tRNA.processing","Delivery_mode","C-section","Delivery_modeC-section",-0.195166635007198,0,1.09477300105867,0.858509896308193,1,0.979980550557282,1,NA,"prevalence",80,79
"PWY0.1479..tRNA.processing","Ethnicity","European","EthnicityEuropean",0.346214913654815,0,0.961020121239448,0.718654417211862,1,0.920844663045603,1,NA,"prevalence",80,79
"PWY0.1479..tRNA.processing","Feeding_method","Breastfed","Feeding_methodBreastfed",-0.489768667729357,0,0.925965527481847,0.596855717175472,1,0.837474687225897,1,NA,"prevalence",80,79
"PWY0.1479..tRNA.processing","isobutyrate","isobutyrate","isobutyrate",-0.0138627021503428,0,0.566641157481844,0.980481945915373,1,0.936228703272105,1,NA,"prevalence",80,79
"PWY0.1479..tRNA.processing","Probiotics","Yes","ProbioticsYes",-0.266432056536548,0,1.91439151623378,0.889313259607628,1,0.743039870178928,0.99234705074943,NA,"prevalence",80,79
"PWY0.1479..tRNA.processing","propionate","propionate","propionate",0.0924707740956757,0,0.435566757067271,0.831873082168455,1,0.760323387281154,0.993657434340782,NA,"prevalence",80,79
"PWY0.1479..tRNA.processing","Read_depth","Read_depth","Read_depth",0.0137934904753225,0,0.444703058640868,0.975255738790796,1,0.149602428228826,0.802911288366774,NA,"prevalence",80,79
"PWY0.1479..tRNA.processing","Sex","Female","SexFemale",0.251724743003418,0,0.893521347747663,0.778156579325616,1,0.950785496703488,1,NA,"prevalence",80,79
"PWY0.1479..tRNA.processing","Termness","preterm","Termnesspreterm",0.345047909380246,0,1.69676536724604,0.838856561801967,1,0.927776516275093,1,NA,"prevalence",80,79
"PWY0.1533..methylphosphonate.degradation.I","acetate","acetate","acetate",0.0274476860314527,0,0.244894666328901,0.91076032540584,1,0.974514988115716,1,NA,"prevalence",80,36
"PWY0.1533..methylphosphonate.degradation.I","Antibiotics","Yes","AntibioticsYes",0.56903853281775,0,0.772195436484016,0.461177087322014,1,0.411574391758821,0.940258942824249,NA,"prevalence",80,36
"PWY0.1533..methylphosphonate.degradation.I","isobutyrate","isobutyrate","isobutyrate",0.12027958829271,0,0.306881310860485,0.695101277321835,1,0.824807124378044,1,NA,"prevalence",80,36
"PWY0.1533..methylphosphonate.degradation.I","Probiotics","Yes","ProbioticsYes",0.645151483493567,0,1.12849590962298,0.567531015486469,1,0.812970577433835,1,NA,"prevalence",80,36
"PWY0.1533..methylphosphonate.degradation.I","propionate","propionate","propionate",0.204033631156681,0,0.270251514320149,0.450262885593149,1,0.697789105043629,0.986317799722192,NA,"prevalence",80,36
"PWY0.1533..methylphosphonate.degradation.I","Read_depth","Read_depth","Read_depth",-0.158768165237048,0,0.240928481336861,0.509905640950901,1,0.0990588750184827,0.746358414346301,NA,"prevalence",80,36
"PWY0.1533..methylphosphonate.degradation.I","Sex","Female","SexFemale",0.0930618739918146,0,0.502833793795276,0.853170350962922,1,0.186874677589554,0.847368824047296,NA,"prevalence",80,36
"PWY0.166..superpathway.of.pyrimidine.deoxyribonucleotides.de.novo.biosynthesis..E..coli.","acetate","acetate","acetate",0.160569841965389,0,0.405472566225585,0.69210010542543,1,0.68719511627238,0.983585363030474,NA,"prevalence",80,77
"PWY0.166..superpathway.of.pyrimidine.deoxyribonucleotides.de.novo.biosynthesis..E..coli.","Antibiotics","Yes","AntibioticsYes",0.00524262924686858,0,1.36018970814397,0.99692469178969,1,0.904928297205342,1,NA,"prevalence",80,77
"PWY0.166..superpathway.of.pyrimidine.deoxyribonucleotides.de.novo.biosynthesis..E..coli.","Delivery_mode","C-section","Delivery_modeC-section",-0.588072526263641,0,1.07678416427937,0.584971223333477,1,0.221375666417963,0.8679052359089,NA,"prevalence",80,77
"PWY0.166..superpathway.of.pyrimidine.deoxyribonucleotides.de.novo.biosynthesis..E..coli.","Ethnicity","European","EthnicityEuropean",0.507248757522142,0,0.971648494079528,0.601635760859734,1,0.420917669425293,0.946704161726983,NA,"prevalence",80,77
"PWY0.166..superpathway.of.pyrimidine.deoxyribonucleotides.de.novo.biosynthesis..E..coli.","Feeding_method","Breastfed","Feeding_methodBreastfed",-0.0649589475035992,0,0.866691292930465,0.940254094719499,1,0.845985091403512,1,NA,"prevalence",80,77
"PWY0.166..superpathway.of.pyrimidine.deoxyribonucleotides.de.novo.biosynthesis..E..coli.","isobutyrate","isobutyrate","isobutyrate",0.32607888190975,0,0.478823394386011,0.49587129176986,1,0.574477396501103,0.976334431269276,NA,"prevalence",80,77
"PWY0.166..superpathway.of.pyrimidine.deoxyribonucleotides.de.novo.biosynthesis..E..coli.","Probiotics","Yes","ProbioticsYes",-0.432354580723296,0,1.92367924203242,0.822170662745487,1,0.968376726811621,1,NA,"prevalence",80,77
"PWY0.166..superpathway.of.pyrimidine.deoxyribonucleotides.de.novo.biosynthesis..E..coli.","Sex","Female","SexFemale",0.696684199689789,0,0.879269313010811,0.428159834044578,1,0.672998824600075,0.983585363030474,NA,"prevalence",80,77
"PWY0.166..superpathway.of.pyrimidine.deoxyribonucleotides.de.novo.biosynthesis..E..coli.","Termness","preterm","Termnesspreterm",0.971085911045032,0,1.65094510010121,0.556398056106533,1,0.344981906783584,0.919827593927218,NA,"prevalence",80,77
"PWY0.301..L.ascorbate.degradation.I..bacterial..anaerobic.","acetate","acetate","acetate",0.0410176214589343,0,0.455876376688797,0.928306829516878,1,0.0434762886920087,0.595625155080519,NA,"prevalence",80,79
"PWY0.301..L.ascorbate.degradation.I..bacterial..anaerobic.","Antibiotics","Yes","AntibioticsYes",-0.0474627584792228,0,1.47400856856428,0.974312727916197,1,0.895285441504602,1,NA,"prevalence",80,79
"PWY0.301..L.ascorbate.degradation.I..bacterial..anaerobic.","butyrate","butyrate","butyrate",-0.10978848775861,0,0.577972244766766,0.849344705048764,1,0.512356306462528,0.964605264080454,NA,"prevalence",80,79
"PWY0.301..L.ascorbate.degradation.I..bacterial..anaerobic.","Delivery_mode","C-section","Delivery_modeC-section",0.0985826049621485,0,1.14114367236213,0.931156951165764,1,0.167400559861365,0.829479106446783,NA,"prevalence",80,79
"PWY0.301..L.ascorbate.degradation.I..bacterial..anaerobic.","Ethnicity","European","EthnicityEuropean",-0.149625517336333,0,1.0200115187022,0.883376690657007,1,0.617816836636157,0.979149576884277,NA,"prevalence",80,79
"PWY0.301..L.ascorbate.degradation.I..bacterial..anaerobic.","Feeding_method","Breastfed","Feeding_methodBreastfed",0.0293780071954244,0,0.985542006334662,0.976219392706326,1,0.836438575719591,1,NA,"prevalence",80,79
"PWY0.301..L.ascorbate.degradation.I..bacterial..anaerobic.","isobutyrate","isobutyrate","isobutyrate",0.0317846770218573,0,0.520978607252874,0.951351593284511,1,0.210270288313842,0.863061862332944,NA,"prevalence",80,79
"PWY0.301..L.ascorbate.degradation.I..bacterial..anaerobic.","Probiotics","Yes","ProbioticsYes",-0.0432534301620478,0,1.9304822209281,0.982124488642165,1,0.772725694357205,0.995084293998679,NA,"prevalence",80,79
"PWY0.301..L.ascorbate.degradation.I..bacterial..anaerobic.","propionate","propionate","propionate",0.0864550309061425,0,0.45407457980906,0.848997024815568,1,0.10941655190748,0.772363157817707,NA,"prevalence",80,79
"PWY0.301..L.ascorbate.degradation.I..bacterial..anaerobic.","Sex","Female","SexFemale",0.132281215473066,0,0.959582216016375,0.890356655326624,1,0.987978336968835,1,NA,"prevalence",80,79
"PWY0.301..L.ascorbate.degradation.I..bacterial..anaerobic.","Termness","preterm","Termnesspreterm",0.239169938515375,0,1.70531170049387,0.888462480707538,1,0.0605951617591128,0.651922639437466,NA,"prevalence",80,79
"PWY0.41..allantoin.degradation.IV..anaerobic.","acetate","acetate","acetate",-0.038562119916723,0,0.275266966099904,0.888588965806459,1,0.919171060177478,1,NA,"prevalence",80,33
"PWY0.41..allantoin.degradation.IV..anaerobic.","Antibiotics","Yes","AntibioticsYes",0.655616209592114,0,0.795438270074287,0.40981450882654,1,0.593057027495802,0.976974901602956,NA,"prevalence",80,33
"PWY0.41..allantoin.degradation.IV..anaerobic.","Probiotics","Yes","ProbioticsYes",0.75775911092777,0,1.15789889650394,0.512837406091353,1,0.464809598548424,0.9516151681365,NA,"prevalence",80,33
"PWY0.41..allantoin.degradation.IV..anaerobic.","propionate","propionate","propionate",0.0709106934742604,0,0.257768781139318,0.783243876885913,1,0.953016783092551,1,NA,"prevalence",80,33
"PWY0.41..allantoin.degradation.IV..anaerobic.","Termness","preterm","Termnesspreterm",-0.810757005242501,0,1.04750300714986,0.438936618657248,1,0.685207882116238,0.983585363030474,NA,"prevalence",80,33
"PWY0.42..2.methylcitrate.cycle.I","Antibiotics","Yes","AntibioticsYes",0.101099157332828,0,0.761702399869285,0.894408579794272,1,0.146535537089497,0.800902568025061,NA,"prevalence",80,47
"PWY0.42..2.methylcitrate.cycle.I","butyrate","butyrate","butyrate",-0.233820117685232,0,0.299321747109184,0.434704581581374,1,0.680441089914911,0.983585363030474,NA,"prevalence",80,47
"PWY0.42..2.methylcitrate.cycle.I","Delivery_mode","C-section","Delivery_modeC-section",-0.396983414744247,0,0.595918458389449,0.505302000553573,1,0.755273889343703,0.993657434340782,NA,"prevalence",80,47
"PWY0.42..2.methylcitrate.cycle.I","Ethnicity","European","EthnicityEuropean",0.0740129500148035,0,0.532363774602713,0.889428796213628,1,0.983601101237632,1,NA,"prevalence",80,47
"PWY0.42..2.methylcitrate.cycle.I","Feeding_method","Breastfed","Feeding_methodBreastfed",-0.333864630044226,0,0.516063876533544,0.517667934761354,1,0.598556024935468,0.977669214526104,NA,"prevalence",80,47
"PWY0.42..2.methylcitrate.cycle.I","isobutyrate","isobutyrate","isobutyrate",0.100498849325074,0,0.300005301127556,0.737632444879242,1,0.931163266019956,1,NA,"prevalence",80,47
"PWY0.42..2.methylcitrate.cycle.I","Probiotics","Yes","ProbioticsYes",0.145767493790791,0,1.00434987160156,0.884603361022159,1,0.711779449924968,0.986434261270435,NA,"prevalence",80,47
"PWY0.42..2.methylcitrate.cycle.I","Sex","Female","SexFemale",-0.402733448909151,0,0.498977331869408,0.419598661073751,1,0.663134285772618,0.983585363030474,NA,"prevalence",80,47
"PWY0.42..2.methylcitrate.cycle.I","Termness","preterm","Termnesspreterm",-0.0110129519181568,0,0.876860723702242,0.989979214420211,1,0.0282406607688569,0.514074995826013,NA,"prevalence",80,47
"PWY0.461..L.lysine.degradation.I","Antibiotics","Yes","AntibioticsYes",-0.226469733122429,0,0.758255192053427,0.765190183889863,1,2.86703175208571e-05,0.00543853869280259,NA,"prevalence",80,36
"PWY0.461..L.lysine.degradation.I","butyrate","butyrate","butyrate",0.0383881539269292,0,0.302553477470997,0.899034935043009,1,0.989806055658231,1,NA,"prevalence",80,36
"PWY0.461..L.lysine.degradation.I","Ethnicity","European","EthnicityEuropean",0.109960691259259,0,0.540860649820736,0.838895178320338,1,0.741392982269862,0.99234705074943,NA,"prevalence",80,36
"PWY0.461..L.lysine.degradation.I","Feeding_method","Breastfed","Feeding_methodBreastfed",-0.293794428182248,0,0.513663285167045,0.567349633703346,1,0.802807246343802,0.998092298938251,NA,"prevalence",80,36
"PWY0.461..L.lysine.degradation.I","isobutyrate","isobutyrate","isobutyrate",0.206812190421977,0,0.302186053582967,0.493730856707464,1,0.743691554549841,0.99234705074943,NA,"prevalence",80,36
"PWY0.781..aspartate.superpathway","acetate","acetate","acetate",0.0292568827358317,0,0.326924670641773,0.928691542894281,1,0.570318449406803,0.976334431269276,NA,"prevalence",80,77
"PWY0.781..aspartate.superpathway","Antibiotics","Yes","AntibioticsYes",-0.872556136316163,0,1.34268700602278,0.515783832620606,1,0.765534703248411,0.995084293998679,NA,"prevalence",80,77
"PWY0.781..aspartate.superpathway","butyrate","butyrate","butyrate",-0.0623192721901649,0,0.493913162147361,0.899593754549792,1,0.0274049408511712,0.511974122265061,NA,"prevalence",80,77
"PWY0.781..aspartate.superpathway","Delivery_mode","C-section","Delivery_modeC-section",-0.884139009598635,0,1.04418069194518,0.397145690590878,1,0.636566681626851,0.980109892930287,NA,"prevalence",80,77
"PWY0.781..aspartate.superpathway","Ethnicity","European","EthnicityEuropean",-0.447536881274138,0,0.889791626386375,0.614986639056901,1,0.851764711895299,1,NA,"prevalence",80,77
"PWY0.781..aspartate.superpathway","Feeding_method","Breastfed","Feeding_methodBreastfed",-0.00963218610609605,0,0.860977332991577,0.991073850643669,1,0.384180096705348,0.937313481206142,NA,"prevalence",80,77
"PWY0.781..aspartate.superpathway","isobutyrate","isobutyrate","isobutyrate",0.223694624233379,0,0.485287347855977,0.644832376811052,1,0.654932640947256,0.983585363030474,NA,"prevalence",80,77
"PWY0.781..aspartate.superpathway","Probiotics","Yes","ProbioticsYes",-0.0750425817298954,0,1.89923649816438,0.968482207690996,1,0.890060250473913,1,NA,"prevalence",80,77
"PWY0.781..aspartate.superpathway","propionate","propionate","propionate",0.262946910505673,0,0.360832196297449,0.46617079870417,1,0.715026383843857,0.986436398634378,NA,"prevalence",80,77
"PWY0.781..aspartate.superpathway","Read_depth","Read_depth","Read_depth",-0.0582783293762212,0,0.376600282500448,0.877019591859834,1,0.0553088108864224,0.641105886737327,NA,"prevalence",80,77
"PWY0.781..aspartate.superpathway","Sex","Female","SexFemale",-0.330343037357922,0,0.80718370561649,0.682353381157181,1,0.899100625537725,1,NA,"prevalence",80,77
"PWY0.781..aspartate.superpathway","Termness","preterm","Termnesspreterm",0.458949674552277,0,1.63060001238789,0.778357135840808,1,0.95087444076731,1,NA,"prevalence",80,77
"PWY0.845..superpathway.of.pyridoxal.5..phosphate.biosynthesis.and.salvage","acetate","acetate","acetate",0.232656217600463,0,0.369524137256961,0.528949556961534,1,0.0192223374437638,0.465702175024869,NA,"prevalence",80,75
"PWY0.845..superpathway.of.pyridoxal.5..phosphate.biosynthesis.and.salvage","Antibiotics","Yes","AntibioticsYes",-0.0823837359259871,0,1.34794471373409,0.951265203941398,1,0.957529166028275,1,NA,"prevalence",80,75
"PWY0.845..superpathway.of.pyridoxal.5..phosphate.biosynthesis.and.salvage","Ethnicity","European","EthnicityEuropean",0.316329403647188,0,0.910062049046363,0.728147344850063,1,0.300876708026003,0.904280270557127,NA,"prevalence",80,75
"PWY0.845..superpathway.of.pyridoxal.5..phosphate.biosynthesis.and.salvage","Feeding_method","Breastfed","Feeding_methodBreastfed",-0.321693624505527,0,0.842052646283544,0.702435367021516,1,0.293878594916031,0.900384819041268,NA,"prevalence",80,75
"PWY0.845..superpathway.of.pyridoxal.5..phosphate.biosynthesis.and.salvage","Probiotics","Yes","ProbioticsYes",-0.534933244808372,0,1.9160052503635,0.780097519986543,1,0.891680322831955,1,NA,"prevalence",80,75
"PWY0.845..superpathway.of.pyridoxal.5..phosphate.biosynthesis.and.salvage","Read_depth","Read_depth","Read_depth",0.222552988089063,0,0.351957621211349,0.527171959457939,1,0.508683493774736,0.964395491483136,NA,"prevalence",80,75
"PWY0.845..superpathway.of.pyridoxal.5..phosphate.biosynthesis.and.salvage","Sex","Female","SexFemale",0.194292662536779,0,0.825720053147847,0.813975205201414,1,0.0987295009741579,0.746358414346301,NA,"prevalence",80,75
"PWY0.881..superpathway.of.fatty.acid.biosynthesis.I..E..coli.","Antibiotics","Yes","AntibioticsYes",-0.713700220127609,0,0.853676546609564,0.403137356067684,1,0.643754984278125,0.983585363030474,NA,"prevalence",80,25
"PWY0.881..superpathway.of.fatty.acid.biosynthesis.I..E..coli.","Delivery_mode","C-section","Delivery_modeC-section",-0.00105383846875338,0,0.664317858824293,0.998734278960038,1,0.957977767926429,1,NA,"prevalence",80,25
"PWY0.881..superpathway.of.fatty.acid.biosynthesis.I..E..coli.","Ethnicity","European","EthnicityEuropean",-0.486254306794081,0,0.589910762795782,0.409777915294268,1,0.0653796963317752,0.652710385570562,NA,"prevalence",80,25
"PWY1G.0..mycothiol.biosynthesis","Antibiotics","Yes","AntibioticsYes",-0.139669714025358,0,1.37984869355524,0.919374998314988,1,0.418141991267041,0.946432446502546,NA,"prevalence",80,13
"PWY1G.0..mycothiol.biosynthesis","butyrate","butyrate","butyrate",0.0205371284985156,0,0.399874754122816,0.959039532603686,1,0.644254495798902,0.983585363030474,NA,"prevalence",80,13
"PWY1G.0..mycothiol.biosynthesis","Ethnicity","European","EthnicityEuropean",0.33145054637328,0,0.665300395840416,0.618345318503365,1,0.34514859339858,0.919827593927218,NA,"prevalence",80,13
"PWY1G.0..mycothiol.biosynthesis","Feeding_method","Breastfed","Feeding_methodBreastfed",0.487306815468233,0,0.679434112764254,0.473235562845457,1,0.416851504645766,0.944812325787187,NA,"prevalence",80,13
"PWY1G.0..mycothiol.biosynthesis","isobutyrate","isobutyrate","isobutyrate",0.152070648066973,0,0.360754322563066,0.67336430794306,1,0.626243800750167,0.979149576884277,NA,"prevalence",80,13
"PWY1G.0..mycothiol.biosynthesis","Probiotics","Yes","ProbioticsYes",-1.08430478717292,0,1.41098561283355,0.442206040106662,1,0.442206040106662,0.95137647878513,NA,"prevalence",80,13
"PWY1G.0..mycothiol.biosynthesis","propionate","propionate","propionate",-0.0925235414036132,0,0.274798456441032,0.736346078173611,1,0.930486609505564,1,NA,"prevalence",80,13
"PWY1G.0..mycothiol.biosynthesis","Read_depth","Read_depth","Read_depth",0.224568702120642,0,0.328604212150113,0.49435299822079,1,0.531001749895791,0.966661071390955,NA,"prevalence",80,13
"PWY1G.0..mycothiol.biosynthesis","Termness","preterm","Termnesspreterm",-0.00770944940156365,0,0.988889704296247,0.993779702313754,1,0.702011241359577,0.986317799722192,NA,"prevalence",80,13
"PWY1ZNC.1..assimilatory.sulfate.reduction.IV","acetate","acetate","acetate",0.0742009002524817,0,0.400148108006846,0.852888964136994,1,0.589156656400715,0.976974901602956,NA,"prevalence",80,79
"PWY1ZNC.1..assimilatory.sulfate.reduction.IV","Antibiotics","Yes","AntibioticsYes",0.101516989704955,0,1.45313366057817,0.944304503409128,1,0.966308262654345,1,NA,"prevalence",80,79
"PWY1ZNC.1..assimilatory.sulfate.reduction.IV","butyrate","butyrate","butyrate",0.0269586957352836,0,0.548722423215889,0.960815749341509,1,0.971867870617261,1,NA,"prevalence",80,79
"PWY1ZNC.1..assimilatory.sulfate.reduction.IV","Delivery_mode","C-section","Delivery_modeC-section",-0.693514887342947,0,1.06983152073828,0.516825320214479,1,0.725020553609705,0.986891662674378,NA,"prevalence",80,79
"PWY1ZNC.1..assimilatory.sulfate.reduction.IV","Ethnicity","European","EthnicityEuropean",-0.112510274519632,0,0.971665876645321,0.907818092958521,1,0.452622220810318,0.95137647878513,NA,"prevalence",80,79
"PWY1ZNC.1..assimilatory.sulfate.reduction.IV","Feeding_method","Breastfed","Feeding_methodBreastfed",-0.12599413983942,0,0.947538264770868,0.894217125697303,1,0.964160324557768,1,NA,"prevalence",80,79
"PWY1ZNC.1..assimilatory.sulfate.reduction.IV","isobutyrate","isobutyrate","isobutyrate",0.296545432811856,0,0.506875185061713,0.558516610026292,1,0.805092416377323,0.998092298938251,NA,"prevalence",80,79
"PWY1ZNC.1..assimilatory.sulfate.reduction.IV","Probiotics","Yes","ProbioticsYes",-0.077224450008896,0,1.91847170762058,0.96789133736373,1,0.879207724274831,1,NA,"prevalence",80,79
"PWY1ZNC.1..assimilatory.sulfate.reduction.IV","propionate","propionate","propionate",0.221762660980918,0,0.383613933174024,0.56320462105942,1,0.52741507814992,0.966661071390955,NA,"prevalence",80,79
"PWY1ZNC.1..assimilatory.sulfate.reduction.IV","Read_depth","Read_depth","Read_depth",-0.190955056485747,0,0.448856453882111,0.670526398160972,1,0.0174182125534565,0.463609150270632,NA,"prevalence",80,79
"PWY1ZNC.1..assimilatory.sulfate.reduction.IV","Sex","Female","SexFemale",-0.361473325537522,0,0.901746527652379,0.688523844186176,1,0.307962968430328,0.90799190770971,NA,"prevalence",80,79
"PWY1ZNC.1..assimilatory.sulfate.reduction.IV","Termness","preterm","Termnesspreterm",0.452401575590027,0,1.65872899702182,0.785053163673416,1,0.349918974227692,0.92640552376109,NA,"prevalence",80,79
"PWY3O.4107..NAD.salvage.pathway.V..PNC.V.cycle.","acetate","acetate","acetate",0.0108150682159435,0,0.336833595431849,0.974385887793379,1,0.0355476977830147,0.546172104254917,NA,"prevalence",80,78
"PWY3O.4107..NAD.salvage.pathway.V..PNC.V.cycle.","Antibiotics","Yes","AntibioticsYes",-0.818814153497713,0,1.41663609080551,0.563264837433894,1,0.120441005955473,0.775614098378524,NA,"prevalence",80,78
"PWY3O.4107..NAD.salvage.pathway.V..PNC.V.cycle.","butyrate","butyrate","butyrate",-0.0258438781433119,0,0.579491542274273,0.964428129768614,1,0.924226184847884,1,NA,"prevalence",80,78
"PWY3O.4107..NAD.salvage.pathway.V..PNC.V.cycle.","Delivery_mode","C-section","Delivery_modeC-section",-0.079675396256707,0,1.15808799797849,0.945149545296421,1,0.977273353173922,1,NA,"prevalence",80,78
"PWY3O.4107..NAD.salvage.pathway.V..PNC.V.cycle.","Ethnicity","European","EthnicityEuropean",-0.579876583429877,0,0.971024397046558,0.550387049749574,1,0.707741016467323,0.986317799722192,NA,"prevalence",80,78
"PWY3O.4107..NAD.salvage.pathway.V..PNC.V.cycle.","isobutyrate","isobutyrate","isobutyrate",-0.21562999371132,0,0.574257344164348,0.707293358388226,1,0.914322821956356,1,NA,"prevalence",80,78
"PWY3O.4107..NAD.salvage.pathway.V..PNC.V.cycle.","propionate","propionate","propionate",-0.0484974444411981,0,0.499750710147182,0.922692029961305,1,0.161683835491667,0.814798469126637,NA,"prevalence",80,78
"PWY3O.4107..NAD.salvage.pathway.V..PNC.V.cycle.","Read_depth","Read_depth","Read_depth",0.0588671526984907,0,0.464639497130881,0.899182396847992,1,0.757614263968532,0.993657434340782,NA,"prevalence",80,78
"PWY3O.4107..NAD.salvage.pathway.V..PNC.V.cycle.","Sex","Female","SexFemale",-0.708149236229549,0,0.865663521332635,0.413333127608189,1,0.0105043336847374,0.403074144669931,NA,"prevalence",80,78
"PWY4FS.7..phosphatidylglycerol.biosynthesis.I..plastidic.","acetate","acetate","acetate",0.0173020046645147,0,0.421984057704675,0.967294652202774,1,0.100219361749067,0.746358414346301,NA,"prevalence",80,79
"PWY4FS.7..phosphatidylglycerol.biosynthesis.I..plastidic.","Antibiotics","Yes","AntibioticsYes",-0.350608252070568,0,1.38484920679941,0.800133512193415,1,0.880718582884629,1,NA,"prevalence",80,79
"PWY4FS.7..phosphatidylglycerol.biosynthesis.I..plastidic.","butyrate","butyrate","butyrate",7.49968573042167e-05,0,0.533991725558465,0.999887940521377,1,0.934314074478768,1,NA,"prevalence",80,79
"PWY4FS.7..phosphatidylglycerol.biosynthesis.I..plastidic.","Delivery_mode","C-section","Delivery_modeC-section",-0.195166635007198,0,1.09477300105867,0.858509896308193,1,0.721170710932109,0.986891662674378,NA,"prevalence",80,79
"PWY4FS.7..phosphatidylglycerol.biosynthesis.I..plastidic.","Ethnicity","European","EthnicityEuropean",0.346214913654815,0,0.961020121239448,0.718654417211862,1,0.629020388221632,0.979149576884277,NA,"prevalence",80,79
"PWY4FS.7..phosphatidylglycerol.biosynthesis.I..plastidic.","Feeding_method","Breastfed","Feeding_methodBreastfed",-0.489768667729357,0,0.925965527481847,0.596855717175472,1,0.78592916576567,0.995409163122056,NA,"prevalence",80,79
"PWY4FS.7..phosphatidylglycerol.biosynthesis.I..plastidic.","isobutyrate","isobutyrate","isobutyrate",-0.0138627021503428,0,0.566641157481844,0.980481945915373,1,0.84282610130754,1,NA,"prevalence",80,79
"PWY4FS.7..phosphatidylglycerol.biosynthesis.I..plastidic.","Probiotics","Yes","ProbioticsYes",-0.266432056536548,0,1.91439151623378,0.889313259607628,1,0.90546665026488,1,NA,"prevalence",80,79
"PWY4FS.7..phosphatidylglycerol.biosynthesis.I..plastidic.","propionate","propionate","propionate",0.0924707740956757,0,0.435566757067271,0.831873082168455,1,0.957947069658655,1,NA,"prevalence",80,79
"PWY4FS.7..phosphatidylglycerol.biosynthesis.I..plastidic.","Read_depth","Read_depth","Read_depth",0.0137934904753225,0,0.444703058640868,0.975255738790796,1,0.858674773560224,1,NA,"prevalence",80,79
"PWY4FS.7..phosphatidylglycerol.biosynthesis.I..plastidic.","Sex","Female","SexFemale",0.251724743003418,0,0.893521347747663,0.778156579325616,1,0.950785496703488,1,NA,"prevalence",80,79
"PWY4FS.7..phosphatidylglycerol.biosynthesis.I..plastidic.","Termness","preterm","Termnesspreterm",0.345047909380246,0,1.69676536724604,0.838856561801967,1,0.974032792325717,1,NA,"prevalence",80,79
"PWY4FS.8..phosphatidylglycerol.biosynthesis.II..non.plastidic.","acetate","acetate","acetate",0.0173020046645147,0,0.421984057704675,0.967294652202774,1,0.0996439550816715,0.746358414346301,NA,"prevalence",80,79
"PWY4FS.8..phosphatidylglycerol.biosynthesis.II..non.plastidic.","Antibiotics","Yes","AntibioticsYes",-0.350608252070568,0,1.38484920679941,0.800133512193415,1,0.880850871366481,1,NA,"prevalence",80,79
"PWY4FS.8..phosphatidylglycerol.biosynthesis.II..non.plastidic.","butyrate","butyrate","butyrate",7.49968573042167e-05,0,0.533991725558465,0.999887940521377,1,0.934307059912341,1,NA,"prevalence",80,79
"PWY4FS.8..phosphatidylglycerol.biosynthesis.II..non.plastidic.","Delivery_mode","C-section","Delivery_modeC-section",-0.195166635007198,0,1.09477300105867,0.858509896308193,1,0.722354431619422,0.986891662674378,NA,"prevalence",80,79
"PWY4FS.8..phosphatidylglycerol.biosynthesis.II..non.plastidic.","Ethnicity","European","EthnicityEuropean",0.346214913654815,0,0.961020121239448,0.718654417211862,1,0.630251698760382,0.979149576884277,NA,"prevalence",80,79
"PWY4FS.8..phosphatidylglycerol.biosynthesis.II..non.plastidic.","Feeding_method","Breastfed","Feeding_methodBreastfed",-0.489768667729357,0,0.925965527481847,0.596855717175472,1,0.786151347534579,0.995409163122056,NA,"prevalence",80,79
"PWY4FS.8..phosphatidylglycerol.biosynthesis.II..non.plastidic.","isobutyrate","isobutyrate","isobutyrate",-0.0138627021503428,0,0.566641157481844,0.980481945915373,1,0.843244069179155,1,NA,"prevalence",80,79
"PWY4FS.8..phosphatidylglycerol.biosynthesis.II..non.plastidic.","Probiotics","Yes","ProbioticsYes",-0.266432056536548,0,1.91439151623378,0.889313259607628,1,0.905359354955486,1,NA,"prevalence",80,79
"PWY4FS.8..phosphatidylglycerol.biosynthesis.II..non.plastidic.","propionate","propionate","propionate",0.0924707740956757,0,0.435566757067271,0.831873082168455,1,0.957753799967852,1,NA,"prevalence",80,79
"PWY4FS.8..phosphatidylglycerol.biosynthesis.II..non.plastidic.","Read_depth","Read_depth","Read_depth",0.0137934904753225,0,0.444703058640868,0.975255738790796,1,0.858450273737252,1,NA,"prevalence",80,79
"PWY4FS.8..phosphatidylglycerol.biosynthesis.II..non.plastidic.","Sex","Female","SexFemale",0.251724743003418,0,0.893521347747663,0.778156579325616,1,0.950785496703488,1,NA,"prevalence",80,79
"PWY4FS.8..phosphatidylglycerol.biosynthesis.II..non.plastidic.","Termness","preterm","Termnesspreterm",0.345047909380246,0,1.69676536724604,0.838856561801967,1,0.974032792325717,1,NA,"prevalence",80,79
"PWY4LZ.257..superpathway.of.fermentation..Chlamydomonas.reinhardtii.","acetate","acetate","acetate",0.0742009002524817,0,0.400148108006846,0.852888964136994,1,0.804160992695159,0.998092298938251,NA,"prevalence",80,79
"PWY4LZ.257..superpathway.of.fermentation..Chlamydomonas.reinhardtii.","Antibiotics","Yes","AntibioticsYes",0.101516989704955,0,1.45313366057817,0.944304503409128,1,0.957943763622498,1,NA,"prevalence",80,79
"PWY4LZ.257..superpathway.of.fermentation..Chlamydomonas.reinhardtii.","butyrate","butyrate","butyrate",0.0269586957352836,0,0.548722423215889,0.960815749341509,1,0.486578883625074,0.959101190563739,NA,"prevalence",80,79
"PWY4LZ.257..superpathway.of.fermentation..Chlamydomonas.reinhardtii.","Delivery_mode","C-section","Delivery_modeC-section",-0.693514887342947,0,1.06983152073828,0.516825320214479,1,0.76654222881416,0.995084293998679,NA,"prevalence",80,79
"PWY4LZ.257..superpathway.of.fermentation..Chlamydomonas.reinhardtii.","Ethnicity","European","EthnicityEuropean",-0.112510274519632,0,0.971665876645321,0.907818092958521,1,0.670710628803157,0.983585363030474,NA,"prevalence",80,79
"PWY4LZ.257..superpathway.of.fermentation..Chlamydomonas.reinhardtii.","Feeding_method","Breastfed","Feeding_methodBreastfed",-0.12599413983942,0,0.947538264770868,0.894217125697303,1,0.96586716618184,1,NA,"prevalence",80,79
"PWY4LZ.257..superpathway.of.fermentation..Chlamydomonas.reinhardtii.","isobutyrate","isobutyrate","isobutyrate",0.296545432811856,0,0.506875185061713,0.558516610026292,1,0.526576839870887,0.966661071390955,NA,"prevalence",80,79
"PWY4LZ.257..superpathway.of.fermentation..Chlamydomonas.reinhardtii.","Probiotics","Yes","ProbioticsYes",-0.077224450008896,0,1.91847170762058,0.96789133736373,1,0.906310925443485,1,NA,"prevalence",80,79
"PWY4LZ.257..superpathway.of.fermentation..Chlamydomonas.reinhardtii.","propionate","propionate","propionate",0.221762660980918,0,0.383613933174024,0.56320462105942,1,0.0676286421365562,0.652710385570562,NA,"prevalence",80,79
"PWY4LZ.257..superpathway.of.fermentation..Chlamydomonas.reinhardtii.","Read_depth","Read_depth","Read_depth",-0.190955056485747,0,0.448856453882111,0.670526398160972,1,0.528340166805753,0.966661071390955,NA,"prevalence",80,79
"PWY4LZ.257..superpathway.of.fermentation..Chlamydomonas.reinhardtii.","Sex","Female","SexFemale",-0.361473325537522,0,0.901746527652379,0.688523844186176,1,0.467536039877815,0.954423737035342,NA,"prevalence",80,79
"PWY4LZ.257..superpathway.of.fermentation..Chlamydomonas.reinhardtii.","Termness","preterm","Termnesspreterm",0.452401575590027,0,1.65872899702182,0.785053163673416,1,0.764115726470495,0.995084293998679,NA,"prevalence",80,79
"PWY5F9.12..biphenyl.degradation","Antibiotics","Yes","AntibioticsYes",0.214908955440086,0,0.890511616371792,0.809297806027338,1,0.550154890104686,0.970207088611343,NA,"prevalence",80,15
"PWY5F9.12..biphenyl.degradation","butyrate","butyrate","butyrate",-0.272727421459967,0,0.390260458427616,0.484655546672969,1,0.567124529030325,0.976334431269276,NA,"prevalence",80,15
"PWY5F9.12..biphenyl.degradation","Feeding_method","Breastfed","Feeding_methodBreastfed",-0.262762130585896,0,0.692716477114036,0.704449267259251,1,0.290413409198771,0.900384819041268,NA,"prevalence",80,15
"PWY5F9.12..biphenyl.degradation","isobutyrate","isobutyrate","isobutyrate",0.147298744402475,0,0.446855915442482,0.741676796832862,1,0.93326912270547,1,NA,"prevalence",80,15
"PWY5F9.12..biphenyl.degradation","Probiotics","Yes","ProbioticsYes",-0.344858077223439,0,1.11440310145866,0.756975120396587,1,0.720185372706515,0.986891662674378,NA,"prevalence",80,15
"PWY5F9.12..biphenyl.degradation","Read_depth","Read_depth","Read_depth",0.0280892448354332,0,0.411816971811489,0.945619995281501,1,0.657630941582255,0.983585363030474,NA,"prevalence",80,15
"PWY66.391..fatty.acid..beta..oxidation.VI..mammalian.peroxisome.","acetate","acetate","acetate",-0.0383287780318579,0,0.27853198381718,0.890548675309081,1,0.70795012458188,0.98633051255306,NA,"prevalence",80,50
"PWY66.391..fatty.acid..beta..oxidation.VI..mammalian.peroxisome.","Delivery_mode","C-section","Delivery_modeC-section",0.469678554050814,0,0.640774442707634,0.463567103040204,1,0.71223974705932,0.986434261270435,NA,"prevalence",80,50
"PWY66.391..fatty.acid..beta..oxidation.VI..mammalian.peroxisome.","Probiotics","Yes","ProbioticsYes",-0.04831354662793,0,1.12622861084459,0.965782424259181,1,0.963686654086501,1,NA,"prevalence",80,50
"PWY66.391..fatty.acid..beta..oxidation.VI..mammalian.peroxisome.","Read_depth","Read_depth","Read_depth",0.247715766230701,0,0.306870642208157,0.419532900302802,1,0.367256790618562,0.936369811151987,NA,"prevalence",80,50
"PWY66.391..fatty.acid..beta..oxidation.VI..mammalian.peroxisome.","Termness","preterm","Termnesspreterm",0.740574285617502,0,0.969457256780357,0.444923218332331,1,0.691889766453462,0.983585363030474,NA,"prevalence",80,50
"PWY66.399..gluconeogenesis.III","butyrate","butyrate","butyrate",-0.0528015884296297,0,0.346625303070429,0.878926309463163,1,0.967048297668235,1,NA,"prevalence",80,27
"PWY66.399..gluconeogenesis.III","Delivery_mode","C-section","Delivery_modeC-section",0.0592873553170187,0,0.639870085804948,0.926177408922958,1,0.317267599593481,0.909553630627073,NA,"prevalence",80,27
"PWY66.399..gluconeogenesis.III","Feeding_method","Breastfed","Feeding_methodBreastfed",-0.2422471909337,0,0.581694870956096,0.677080292333746,1,0.311012431010653,0.909197504832412,NA,"prevalence",80,27
"PWY66.399..gluconeogenesis.III","isobutyrate","isobutyrate","isobutyrate",-0.0219181509320269,0,0.321473167136459,0.945642074242447,1,0.273232015703907,0.89183731676898,NA,"prevalence",80,27
"PWY66.399..gluconeogenesis.III","Probiotics","Yes","ProbioticsYes",-0.132709865339931,0,1.10452600356005,0.904363560440451,1,0.570049635705359,0.976334431269276,NA,"prevalence",80,27
"PWY66.399..gluconeogenesis.III","propionate","propionate","propionate",-0.128041109404072,0,0.258860885382238,0.620859277003328,1,0.456921085122654,0.95160573712957,NA,"prevalence",80,27
"PWY66.399..gluconeogenesis.III","Read_depth","Read_depth","Read_depth",0.144988130392036,0,0.262648873714751,0.580932827023059,1,0.704500206834231,0.986317799722192,NA,"prevalence",80,27
"PWY66.430..myristate.biosynthesis..mitochondria.","Antibiotics","Yes","AntibioticsYes",-0.456891940624411,0,0.90532014861054,0.61378751506832,1,0.725226387762714,0.986891662674378,NA,"prevalence",80,52
"PWY66.430..myristate.biosynthesis..mitochondria.","butyrate","butyrate","butyrate",-0.0891561442378453,0,0.364871932548265,0.806960425608673,1,0.392825681795648,0.937313481206142,NA,"prevalence",80,52
"PWY66.430..myristate.biosynthesis..mitochondria.","Delivery_mode","C-section","Delivery_modeC-section",0.432324847827205,0,0.680360556879005,0.52514480716499,1,0.710682845170648,0.986434261270435,NA,"prevalence",80,52
"PWY66.430..myristate.biosynthesis..mitochondria.","Ethnicity","European","EthnicityEuropean",-0.373277275628176,0,0.612479618076875,0.542224503626066,1,0.790441594919598,0.995409163122056,NA,"prevalence",80,52
"PWY66.430..myristate.biosynthesis..mitochondria.","Feeding_method","Breastfed","Feeding_methodBreastfed",0.437735234852145,0,0.596787875357206,0.463262387103275,1,0.711912734901925,0.986434261270435,NA,"prevalence",80,52
"PWY66.430..myristate.biosynthesis..mitochondria.","Probiotics","Yes","ProbioticsYes",-0.0711476541394115,0,1.30596312924607,0.956553485125673,1,0.393350361902145,0.937313481206142,NA,"prevalence",80,52
"PWY66.430..myristate.biosynthesis..mitochondria.","propionate","propionate","propionate",0.0848774390836161,0,0.265949093300854,0.74961338028482,1,0.937306540667606,1,NA,"prevalence",80,52
"PYRIDNUCSAL.PWY..NAD.salvage.pathway.I..PNC.VI.cycle.","acetate","acetate","acetate",0.041288340300946,0,0.320493827040957,0.897494338071249,1,0.0397743825489704,0.575270541734669,NA,"prevalence",80,77
"PYRIDNUCSAL.PWY..NAD.salvage.pathway.I..PNC.VI.cycle.","Antibiotics","Yes","AntibioticsYes",-1.0226478268032,0,1.34944362634788,0.448553220183399,1,0.131381163782501,0.788011685336088,NA,"prevalence",80,77
"PYRIDNUCSAL.PWY..NAD.salvage.pathway.I..PNC.VI.cycle.","butyrate","butyrate","butyrate",-0.042072394547091,0,0.524728119401253,0.9360945605308,1,0.750469633554639,0.993657434340782,NA,"prevalence",80,77
"PYRIDNUCSAL.PWY..NAD.salvage.pathway.I..PNC.VI.cycle.","Delivery_mode","C-section","Delivery_modeC-section",-0.178668467766261,0,1.08731844165564,0.869479019737629,1,0.902525985254902,1,NA,"prevalence",80,77
"PYRIDNUCSAL.PWY..NAD.salvage.pathway.I..PNC.VI.cycle.","Ethnicity","European","EthnicityEuropean",-0.132953725317765,0,0.897755949455734,0.882267304856324,1,0.600690851134285,0.979044174280157,NA,"prevalence",80,77
"PYRIDNUCSAL.PWY..NAD.salvage.pathway.I..PNC.VI.cycle.","Feeding_method","Breastfed","Feeding_methodBreastfed",0.365681027538677,0,0.908631833414885,0.687351140831726,1,0.264362755596318,0.88868029898108,NA,"prevalence",80,77
"PYRIDNUCSAL.PWY..NAD.salvage.pathway.I..PNC.VI.cycle.","isobutyrate","isobutyrate","isobutyrate",-0.180771023752758,0,0.542755625662841,0.739087831221391,1,0.931924840183243,1,NA,"prevalence",80,77
"PYRIDNUCSAL.PWY..NAD.salvage.pathway.I..PNC.VI.cycle.","propionate","propionate","propionate",0.023201193289197,0,0.442160761737071,0.958152364242893,1,0.675103558509862,0.983585363030474,NA,"prevalence",80,77
"PYRIDNUCSAL.PWY..NAD.salvage.pathway.I..PNC.VI.cycle.","Read_depth","Read_depth","Read_depth",0.0663101783705669,0,0.425725201600512,0.876223643533953,1,0.750015827949993,0.993657434340782,NA,"prevalence",80,77
"PYRIDNUCSAL.PWY..NAD.salvage.pathway.I..PNC.VI.cycle.","Sex","Female","SexFemale",-0.44168370397566,0,0.796531707935835,0.579230803003087,1,0.0175958302517405,0.463609150270632,NA,"prevalence",80,77
"PYRIDNUCSYN.PWY..NAD.de.novo.biosynthesis.I..from.aspartate.","Antibiotics","Yes","AntibioticsYes",0.101516989704955,0,1.45313366057817,0.944304503409128,1,0.491464765846943,0.960765402119967,NA,"prevalence",80,79
"PYRIDNUCSYN.PWY..NAD.de.novo.biosynthesis.I..from.aspartate.","butyrate","butyrate","butyrate",0.0269586957352836,0,0.548722423215889,0.960815749341509,1,0.393506114665129,0.937313481206142,NA,"prevalence",80,79
"PYRIDNUCSYN.PWY..NAD.de.novo.biosynthesis.I..from.aspartate.","Delivery_mode","C-section","Delivery_modeC-section",-0.693514887342947,0,1.06983152073828,0.516825320214479,1,0.730011990729079,0.988854473572045,NA,"prevalence",80,79
"PYRIDNUCSYN.PWY..NAD.de.novo.biosynthesis.I..from.aspartate.","Ethnicity","European","EthnicityEuropean",-0.112510274519632,0,0.971665876645321,0.907818092958521,1,0.29079641884175,0.900384819041268,NA,"prevalence",80,79
"PYRIDNUCSYN.PWY..NAD.de.novo.biosynthesis.I..from.aspartate.","Feeding_method","Breastfed","Feeding_methodBreastfed",-0.12599413983942,0,0.947538264770868,0.894217125697303,1,0.343398435936763,0.919827593927218,NA,"prevalence",80,79
"PYRIDNUCSYN.PWY..NAD.de.novo.biosynthesis.I..from.aspartate.","isobutyrate","isobutyrate","isobutyrate",0.296545432811856,0,0.506875185061713,0.558516610026292,1,0.805092416377323,0.998092298938251,NA,"prevalence",80,79
"PYRIDNUCSYN.PWY..NAD.de.novo.biosynthesis.I..from.aspartate.","Probiotics","Yes","ProbioticsYes",-0.077224450008896,0,1.91847170762058,0.96789133736373,1,0.0183676913474862,0.463609150270632,NA,"prevalence",80,79
"PYRIDNUCSYN.PWY..NAD.de.novo.biosynthesis.I..from.aspartate.","propionate","propionate","propionate",0.221762660980918,0,0.383613933174024,0.56320462105942,1,0.00546043450575582,0.297631664924631,NA,"prevalence",80,79
"PYRIDNUCSYN.PWY..NAD.de.novo.biosynthesis.I..from.aspartate.","Read_depth","Read_depth","Read_depth",-0.190955056485747,0,0.448856453882111,0.670526398160972,1,0.15199921852015,0.80608617821654,NA,"prevalence",80,79
"PYRIDNUCSYN.PWY..NAD.de.novo.biosynthesis.I..from.aspartate.","Sex","Female","SexFemale",-0.361473325537522,0,0.901746527652379,0.688523844186176,1,0.770065679509357,0.995084293998679,NA,"prevalence",80,79
"PYRIDNUCSYN.PWY..NAD.de.novo.biosynthesis.I..from.aspartate.","Termness","preterm","Termnesspreterm",0.452401575590027,0,1.65872899702182,0.785053163673416,1,0.0125672973715349,0.436492328425423,NA,"prevalence",80,79
"PYRIDOXSYN.PWY..pyridoxal.5..phosphate.biosynthesis.I","Antibiotics","Yes","AntibioticsYes",-0.0823837359259871,0,1.34794471373409,0.951265203941398,1,0.899019233990606,1,NA,"prevalence",80,75
"PYRIDOXSYN.PWY..pyridoxal.5..phosphate.biosynthesis.I","Ethnicity","European","EthnicityEuropean",0.316329403647188,0,0.910062049046363,0.728147344850063,1,0.329495361300107,0.911723569545708,NA,"prevalence",80,75
"PYRIDOXSYN.PWY..pyridoxal.5..phosphate.biosynthesis.I","Feeding_method","Breastfed","Feeding_methodBreastfed",-0.321693624505527,0,0.842052646283544,0.702435367021516,1,0.402606530269435,0.939910940436325,NA,"prevalence",80,75
"PYRIDOXSYN.PWY..pyridoxal.5..phosphate.biosynthesis.I","Probiotics","Yes","ProbioticsYes",-0.534933244808372,0,1.9160052503635,0.780097519986543,1,0.95070400454134,1,NA,"prevalence",80,75
"PYRIDOXSYN.PWY..pyridoxal.5..phosphate.biosynthesis.I","Read_depth","Read_depth","Read_depth",0.222552988089063,0,0.351957621211349,0.527171959457939,1,0.412054182376771,0.940857049760294,NA,"prevalence",80,75
"PYRIDOXSYN.PWY..pyridoxal.5..phosphate.biosynthesis.I","Sex","Female","SexFemale",0.194292662536779,0,0.825720053147847,0.813975205201414,1,0.146622693307479,0.800902568025061,NA,"prevalence",80,75
"REDCITCYC..TCA.cycle.VI..Helicobacter.","acetate","acetate","acetate",0.0943759330114237,0,0.316055181543862,0.7652407847298,1,0.94488811084572,1,NA,"prevalence",80,74
"REDCITCYC..TCA.cycle.VI..Helicobacter.","Antibiotics","Yes","AntibioticsYes",-0.419745292044952,0,1.31274869150075,0.749161377382197,1,0.564863387471961,0.976255562133106,NA,"prevalence",80,74
"REDCITCYC..TCA.cycle.VI..Helicobacter.","butyrate","butyrate","butyrate",-0.349952904430099,0,0.4385334133203,0.42486620184955,1,0.410641268878048,0.940258942824249,NA,"prevalence",80,74
"REDCITCYC..TCA.cycle.VI..Helicobacter.","Ethnicity","European","EthnicityEuropean",0.203335148750852,0,0.85355801734376,0.811709958932979,1,0.905341922404006,1,NA,"prevalence",80,74
"REDCITCYC..TCA.cycle.VI..Helicobacter.","isobutyrate","isobutyrate","isobutyrate",0.380850647885164,0,0.455534497725165,0.40312550186063,1,0.0601083519930634,0.651922639437466,NA,"prevalence",80,74
"REDCITCYC..TCA.cycle.VI..Helicobacter.","Probiotics","Yes","ProbioticsYes",1.22715569059627,0,1.54782607886459,0.427879608228721,1,0.672678257319478,0.983585363030474,NA,"prevalence",80,74
"REDCITCYC..TCA.cycle.VI..Helicobacter.","Read_depth","Read_depth","Read_depth",-0.083468159048664,0,0.338619036129174,0.805298480778781,1,0.300124914820226,0.903121464242438,NA,"prevalence",80,74
"REDCITCYC..TCA.cycle.VI..Helicobacter.","Sex","Female","SexFemale",0.396750037140417,0,0.721064242213122,0.582162714442428,1,0.420564265852482,0.946704161726983,NA,"prevalence",80,74
"REDCITCYC..TCA.cycle.VI..Helicobacter.","Termness","preterm","Termnesspreterm",-0.20331843107452,0,1.13530867114009,0.857869799552056,1,0.26633822362212,0.888755154874355,NA,"prevalence",80,74
"RUMP.PWY..formaldehyde.oxidation.I","acetate","acetate","acetate",-0.202039834333751,0,0.319085351044945,0.526613297645557,1,0.327101517016452,0.911723569545708,NA,"prevalence",80,59
"RUMP.PWY..formaldehyde.oxidation.I","Delivery_mode","C-section","Delivery_modeC-section",0.387367250658898,0,0.63792318066199,0.543697081492738,1,0.791787646561755,0.995776774484156,NA,"prevalence",80,59
"RUMP.PWY..formaldehyde.oxidation.I","Ethnicity","European","EthnicityEuropean",-0.270338902224178,0,0.577842839177221,0.639897889146771,1,0.832703493719699,1,NA,"prevalence",80,59
"RUMP.PWY..formaldehyde.oxidation.I","Feeding_method","Breastfed","Feeding_methodBreastfed",0.234140242174989,0,0.569093792946039,0.680759858266968,1,0.255211556190511,0.880494562511276,NA,"prevalence",80,59
"RUMP.PWY..formaldehyde.oxidation.I","isobutyrate","isobutyrate","isobutyrate",-0.0890618528105902,0,0.326658141393343,0.785125778379067,1,0.559583063070407,0.973324054524057,NA,"prevalence",80,59
"RUMP.PWY..formaldehyde.oxidation.I","Probiotics","Yes","ProbioticsYes",-0.892251121915275,0,1.14045641948252,0.434001160525819,1,0.67964531371388,0.983585363030474,NA,"prevalence",80,59
"RUMP.PWY..formaldehyde.oxidation.I","Read_depth","Read_depth","Read_depth",0.205143021927049,0,0.258437570346527,0.427322509957388,1,0.590263767000777,0.976974901602956,NA,"prevalence",80,59
"RUMP.PWY..formaldehyde.oxidation.I","Sex","Female","SexFemale",0.112095552375257,0,0.545550923872214,0.837203210410112,1,0.0549470683273451,0.641105886737327,NA,"prevalence",80,59
"RUMP.PWY..formaldehyde.oxidation.I","Termness","preterm","Termnesspreterm",0.585659578031887,0,1.0556246251629,0.579032091850562,1,0.173330923575754,0.834457920240061,NA,"prevalence",80,59
"SALVADEHYPOX.PWY..adenosine.nucleotides.degradation.II","acetate","acetate","acetate",0.144298457153094,0,0.25981842658895,0.57863345512245,1,0.822450234857956,1,NA,"prevalence",80,52
"SALVADEHYPOX.PWY..adenosine.nucleotides.degradation.II","Antibiotics","Yes","AntibioticsYes",-0.241684387804748,0,0.80310555373342,0.76346233431593,1,0.398310682078797,0.939910940436325,NA,"prevalence",80,52
"SALVADEHYPOX.PWY..adenosine.nucleotides.degradation.II","Delivery_mode","C-section","Delivery_modeC-section",-0.439418471915112,0,0.643759637575371,0.494871275476462,1,0.656935006025921,0.983585363030474,NA,"prevalence",80,52
"SALVADEHYPOX.PWY..adenosine.nucleotides.degradation.II","Ethnicity","European","EthnicityEuropean",0.446291321533187,0,0.56436067135404,0.429065981446999,1,0.674034346458922,0.983585363030474,NA,"prevalence",80,52
"SALVADEHYPOX.PWY..adenosine.nucleotides.degradation.II","Probiotics","Yes","ProbioticsYes",0.0502167093959844,0,1.00963846622021,0.960331717834081,1,0.790237329635023,0.995409163122056,NA,"prevalence",80,52
"SALVADEHYPOX.PWY..adenosine.nucleotides.degradation.II","propionate","propionate","propionate",0.116357501667177,0,0.259997903318341,0.654490655247034,1,0.880623292688376,1,NA,"prevalence",80,52
"SALVADEHYPOX.PWY..adenosine.nucleotides.degradation.II","Read_depth","Read_depth","Read_depth",-0.14018314506883,0,0.244230546247593,0.56598217726655,1,0.407962979790588,0.940221222582795,NA,"prevalence",80,52
"SALVADEHYPOX.PWY..adenosine.nucleotides.degradation.II","Sex","Female","SexFemale",0.0149840116909209,0,0.529808427252485,0.977437282312596,1,0.443047927337106,0.95137647878513,NA,"prevalence",80,52
"SALVADEHYPOX.PWY..adenosine.nucleotides.degradation.II","Termness","preterm","Termnesspreterm",0.262587967677667,0,0.893486313759041,0.768840869312065,1,0.159545617153557,0.812844382071501,NA,"prevalence",80,52
"TCA..TCA.cycle.I..prokaryotic.","acetate","acetate","acetate",0.103474346196154,0,0.386395005644387,0.788857725941184,1,0.774687131281453,0.995409163122056,NA,"prevalence",80,77
"TCA..TCA.cycle.I..prokaryotic.","Antibiotics","Yes","AntibioticsYes",-0.201198534790204,0,1.36816583950195,0.883086931215412,1,0.576672419807345,0.976909361648876,NA,"prevalence",80,77
"TCA..TCA.cycle.I..prokaryotic.","Ethnicity","European","EthnicityEuropean",0.24904389342653,0,0.955294172525316,0.794324913431626,1,0.957697758765092,1,NA,"prevalence",80,77
"TCA..TCA.cycle.I..prokaryotic.","Feeding_method","Breastfed","Feeding_methodBreastfed",0.416769634621801,0,0.876363210346892,0.634382717918519,1,0.352018783578781,0.92640552376109,NA,"prevalence",80,77
"TCA..TCA.cycle.I..prokaryotic.","Probiotics","Yes","ProbioticsYes",-0.0206185074513458,0,1.9304737459791,0.99147832182314,1,0.838242846517294,1,NA,"prevalence",80,77
"TCA..TCA.cycle.I..prokaryotic.","Read_depth","Read_depth","Read_depth",-0.279968744003572,0,0.407436696241398,0.491990345737215,1,0.225708749248151,0.872999999268862,NA,"prevalence",80,77
"TCA..TCA.cycle.I..prokaryotic.","Sex","Female","SexFemale",0.261858500891019,0,0.81558955748929,0.748159981454959,1,0.627969594517116,0.979149576884277,NA,"prevalence",80,77
"TCA..TCA.cycle.I..prokaryotic.","Termness","preterm","Termnesspreterm",0.684071923165714,0,1.62335859833936,0.673468141838535,1,0.360117780790661,0.933806989936667,NA,"prevalence",80,77
"TCA.GLYOX.BYPASS..superpathway.of.glyoxylate.bypass.and.TCA","acetate","acetate","acetate",0.180054605762506,0,0.363111420077592,0.61998895897071,1,0.841873145065128,1,NA,"prevalence",80,74
"TCA.GLYOX.BYPASS..superpathway.of.glyoxylate.bypass.and.TCA","Antibiotics","Yes","AntibioticsYes",-0.47858044749772,0,1.31654249463638,0.716221626615788,1,0.76873585239788,0.995084293998679,NA,"prevalence",80,74
"TCA.GLYOX.BYPASS..superpathway.of.glyoxylate.bypass.and.TCA","Ethnicity","European","EthnicityEuropean",0.296864790395954,0,0.887709425979852,0.738065195764386,1,0.931390158330051,1,NA,"prevalence",80,74
"TCA.GLYOX.BYPASS..superpathway.of.glyoxylate.bypass.and.TCA","Feeding_method","Breastfed","Feeding_methodBreastfed",-0.0874057700521197,0,0.805370299705179,0.91357633692327,1,0.723819300719384,0.986891662674378,NA,"prevalence",80,74
"TCA.GLYOX.BYPASS..superpathway.of.glyoxylate.bypass.and.TCA","Probiotics","Yes","ProbioticsYes",-0.409804716229375,0,1.91339070488033,0.830408853892226,1,0.968821769927424,1,NA,"prevalence",80,74
"TCA.GLYOX.BYPASS..superpathway.of.glyoxylate.bypass.and.TCA","Read_depth","Read_depth","Read_depth",0.153491192384306,0,0.323917325707826,0.635600342875718,1,0.867212889887706,1,NA,"prevalence",80,74
"TCA.GLYOX.BYPASS..superpathway.of.glyoxylate.bypass.and.TCA","Sex","Female","SexFemale",0.349296340761521,0,0.779375489142746,0.654027152910128,1,0.80160693305335,0.998092298938251,NA,"prevalence",80,74
"THISYN.PWY..superpathway.of.thiamine.diphosphate.biosynthesis.I","acetate","acetate","acetate",0.0863634101720219,0,0.382923611871938,0.821561610868165,1,0.327110183804642,0.911723569545708,NA,"prevalence",80,78
"THISYN.PWY..superpathway.of.thiamine.diphosphate.biosynthesis.I","Antibiotics","Yes","AntibioticsYes",-0.245498435841926,0,1.36101622167286,0.856855217835019,1,0.268212815755144,0.889136783784339,NA,"prevalence",80,78
"THISYN.PWY..superpathway.of.thiamine.diphosphate.biosynthesis.I","butyrate","butyrate","butyrate",-0.0148367836130292,0,0.502430770520652,0.976441888131676,1,0.294571116986244,0.900384819041268,NA,"prevalence",80,78
"THISYN.PWY..superpathway.of.thiamine.diphosphate.biosynthesis.I","Delivery_mode","C-section","Delivery_modeC-section",-0.827988718943593,0,1.05248171606747,0.431456751421515,1,0.676758574495823,0.983585363030474,NA,"prevalence",80,78
"THISYN.PWY..superpathway.of.thiamine.diphosphate.biosynthesis.I","Ethnicity","European","EthnicityEuropean",0.227622658656806,0,0.912684179459224,0.803052042513864,1,0.927966367830888,1,NA,"prevalence",80,78
"THISYN.PWY..superpathway.of.thiamine.diphosphate.biosynthesis.I","Feeding_method","Breastfed","Feeding_methodBreastfed",-0.575951003491573,0,0.892049860773655,0.518506766699744,1,0.768164266286066,0.995084293998679,NA,"prevalence",80,78
"THISYN.PWY..superpathway.of.thiamine.diphosphate.biosynthesis.I","isobutyrate","isobutyrate","isobutyrate",0.308362222824261,0,0.502398585774032,0.539360690366727,1,0.726169463743581,0.986891662674378,NA,"prevalence",80,78
"THISYN.PWY..superpathway.of.thiamine.diphosphate.biosynthesis.I","Probiotics","Yes","ProbioticsYes",-0.3248542802632,0,1.90588600690021,0.864657899218818,1,0.969061844865871,1,NA,"prevalence",80,78
"THISYN.PWY..superpathway.of.thiamine.diphosphate.biosynthesis.I","propionate","propionate","propionate",0.288400210664389,0,0.367498067280928,0.432590423235281,1,0.678046372195682,0.983585363030474,NA,"prevalence",80,78
"THISYN.PWY..superpathway.of.thiamine.diphosphate.biosynthesis.I","Read_depth","Read_depth","Read_depth",-0.154326513294876,0,0.420820717680789,0.713822320742008,1,0.915265706289787,1,NA,"prevalence",80,78
"THISYN.PWY..superpathway.of.thiamine.diphosphate.biosynthesis.I","Sex","Female","SexFemale",-0.0857504633952309,0,0.846138163884727,0.919277916898154,1,0.201970325824858,0.858073914712386,NA,"prevalence",80,78
"THISYN.PWY..superpathway.of.thiamine.diphosphate.biosynthesis.I","Termness","preterm","Termnesspreterm",0.724044404909205,0,1.64739471870731,0.660292938300609,1,0.884599112231566,1,NA,"prevalence",80,78
"THISYNARA.PWY..superpathway.of.thiamine.diphosphate.biosynthesis.III..eukaryotes.","acetate","acetate","acetate",-0.0655191580770145,0,0.36746139467482,0.858485687498282,1,0.884899515107248,1,NA,"prevalence",80,79
"THISYNARA.PWY..superpathway.of.thiamine.diphosphate.biosynthesis.III..eukaryotes.","Antibiotics","Yes","AntibioticsYes",-0.790687574471152,0,1.42711062937857,0.579546099522216,1,0.098176912064759,0.746358414346301,NA,"prevalence",80,79
"THISYNARA.PWY..superpathway.of.thiamine.diphosphate.biosynthesis.III..eukaryotes.","butyrate","butyrate","butyrate",-0.0601638461871355,0,0.573772347294771,0.916489557578582,1,0.503154289881766,0.964062047389755,NA,"prevalence",80,79
"THISYNARA.PWY..superpathway.of.thiamine.diphosphate.biosynthesis.III..eukaryotes.","Delivery_mode","C-section","Delivery_modeC-section",-0.153802395536477,0,1.1433662163071,0.89299362935846,1,0.369076297723466,0.937313481206142,NA,"prevalence",80,79
"THISYNARA.PWY..superpathway.of.thiamine.diphosphate.biosynthesis.III..eukaryotes.","Feeding_method","Breastfed","Feeding_methodBreastfed",0.635381152998964,0,0.994997534030984,0.523099054941772,1,0.772565488602569,0.995084293998679,NA,"prevalence",80,79
"THISYNARA.PWY..superpathway.of.thiamine.diphosphate.biosynthesis.III..eukaryotes.","isobutyrate","isobutyrate","isobutyrate",-0.0955692518123055,0,0.563370470773457,0.865294540162274,1,0.925301546430657,1,NA,"prevalence",80,79
"THISYNARA.PWY..superpathway.of.thiamine.diphosphate.biosynthesis.III..eukaryotes.","Probiotics","Yes","ProbioticsYes",0.259142916511935,0,1.91076915577243,0.892119871829673,1,0.0109882830765341,0.403074144669931,NA,"prevalence",80,79
"THISYNARA.PWY..superpathway.of.thiamine.diphosphate.biosynthesis.III..eukaryotes.","propionate","propionate","propionate",0.00837372428179357,0,0.462425822785545,0.985552493246253,1,0.00629852665942683,0.313325865566795,NA,"prevalence",80,79
"THISYNARA.PWY..superpathway.of.thiamine.diphosphate.biosynthesis.III..eukaryotes.","Read_depth","Read_depth","Read_depth",0.0879443236545314,0,0.430541454283732,0.83814683036964,1,0.281296098728399,0.896827679176477,NA,"prevalence",80,79
"THISYNARA.PWY..superpathway.of.thiamine.diphosphate.biosynthesis.III..eukaryotes.","Sex","Female","SexFemale",-0.309979237815853,0,0.897993402227093,0.729950786631743,1,0.109785495103386,0.772363157817707,NA,"prevalence",80,79
"THISYNARA.PWY..superpathway.of.thiamine.diphosphate.biosynthesis.III..eukaryotes.","Termness","preterm","Termnesspreterm",-0.320102738929477,0,1.70960644929684,0.851474285760383,1,0.0121800822303582,0.432173852950553,NA,"prevalence",80,79
"THREOCAT.PWY..superpathway.of.L.threonine.metabolism","acetate","acetate","acetate",0.0280698038139897,0,0.358695342593391,0.937624991165648,1,0.391956753951798,0.937313481206142,NA,"prevalence",80,51
"THREOCAT.PWY..superpathway.of.L.threonine.metabolism","Delivery_mode","C-section","Delivery_modeC-section",0.235457414872801,0,0.656929659384029,0.720028244921085,1,0.869135316041558,1,NA,"prevalence",80,51
"THREOCAT.PWY..superpathway.of.L.threonine.metabolism","Feeding_method","Breastfed","Feeding_methodBreastfed",-0.22825026974772,0,0.589274362571181,0.698503589266434,1,0.615425394735097,0.979149576884277,NA,"prevalence",80,51
"THREOCAT.PWY..superpathway.of.L.threonine.metabolism","Probiotics","Yes","ProbioticsYes",0.750969901031254,0,1.2592943559909,0.55094689192813,1,0.798351306130993,0.998092298938251,NA,"prevalence",80,51
"THREOCAT.PWY..superpathway.of.L.threonine.metabolism","Termness","preterm","Termnesspreterm",0.834635458582071,0,1.00949440210618,0.408358580038166,1,0.649960430185545,0.983585363030474,NA,"prevalence",80,51
"UBISYN.PWY..superpathway.of.ubiquinol.8.biosynthesis..early.decarboxylation.","acetate","acetate","acetate",-0.178690424211227,0,0.263383217526396,0.497491035897459,1,0.539509672988433,0.967219610406066,NA,"prevalence",80,25
"UBISYN.PWY..superpathway.of.ubiquinol.8.biosynthesis..early.decarboxylation.","Antibiotics","Yes","AntibioticsYes",0.44483595463011,0,0.854150842384728,0.602510837250666,1,0.0193570449878544,0.465702175024869,NA,"prevalence",80,25
"UBISYN.PWY..superpathway.of.ubiquinol.8.biosynthesis..early.decarboxylation.","butyrate","butyrate","butyrate",-0.153258364353752,0,0.321129231245877,0.63318535503504,1,0.681885750911259,0.983585363030474,NA,"prevalence",80,25
"UBISYN.PWY..superpathway.of.ubiquinol.8.biosynthesis..early.decarboxylation.","Feeding_method","Breastfed","Feeding_methodBreastfed",-0.255553510870901,0,0.542325458437403,0.637485075138432,1,0.719778735370118,0.986891662674378,NA,"prevalence",80,25
"UBISYN.PWY..superpathway.of.ubiquinol.8.biosynthesis..early.decarboxylation.","isobutyrate","isobutyrate","isobutyrate",0.245334616207141,0,0.313256455916013,0.433524369766815,1,0.679105360351916,0.983585363030474,NA,"prevalence",80,25
"UBISYN.PWY..superpathway.of.ubiquinol.8.biosynthesis..early.decarboxylation.","Probiotics","Yes","ProbioticsYes",0.523245357191981,0,1.18895406531221,0.659872799919943,1,0.884313487765701,1,NA,"prevalence",80,25
"UBISYN.PWY..superpathway.of.ubiquinol.8.biosynthesis..early.decarboxylation.","propionate","propionate","propionate",-0.0188519411069828,0,0.246581935915492,0.939058665168483,1,0.98535140203012,1,NA,"prevalence",80,25
"UBISYN.PWY..superpathway.of.ubiquinol.8.biosynthesis..early.decarboxylation.","Termness","preterm","Termnesspreterm",-0.822381593936133,0,1.04464165372754,0.43114256309967,1,0.104762035553989,0.761004162869132,NA,"prevalence",80,25
"UDPNACETYLGALSYN.PWY..UDP.N.acetyl.D.glucosamine.biosynthesis.II","acetate","acetate","acetate",0.0838427604752719,0,0.37660184704109,0.823823710465197,1,0.823823710465197,1,NA,"prevalence",80,9
"UDPNACETYLGALSYN.PWY..UDP.N.acetyl.D.glucosamine.biosynthesis.II","Antibiotics","Yes","AntibioticsYes",-0.397776409582878,0,1.42288852521067,0.779818500069534,1,0.779818500069534,0.995409163122056,NA,"prevalence",80,9
"UDPNACETYLGALSYN.PWY..UDP.N.acetyl.D.glucosamine.biosynthesis.II","butyrate","butyrate","butyrate",-0.216048798436133,0,0.415192335183781,0.602813833839716,1,0.602813833839716,0.979149576884277,NA,"prevalence",80,9
"UDPNACETYLGALSYN.PWY..UDP.N.acetyl.D.glucosamine.biosynthesis.II","Delivery_mode","C-section","Delivery_modeC-section",0.0426430867133445,0,0.724158150987984,0.953042568295258,1,0.953042568295258,1,NA,"prevalence",80,9
"UDPNACETYLGALSYN.PWY..UDP.N.acetyl.D.glucosamine.biosynthesis.II","Ethnicity","European","EthnicityEuropean",0.482105406631763,0,0.731564715808482,0.509892030288696,1,0.509892030288696,0.964395491483136,NA,"prevalence",80,9
"UDPNACETYLGALSYN.PWY..UDP.N.acetyl.D.glucosamine.biosynthesis.II","Feeding_method","Breastfed","Feeding_methodBreastfed",-0.00227157508160061,0,0.71335018896315,0.997459240004087,1,0.997459240004087,1,NA,"prevalence",80,9
"UDPNACETYLGALSYN.PWY..UDP.N.acetyl.D.glucosamine.biosynthesis.II","isobutyrate","isobutyrate","isobutyrate",-0.0649066565220514,0,0.381771900103692,0.864998943816348,1,0.864998943816348,1,NA,"prevalence",80,9
"UDPNACETYLGALSYN.PWY..UDP.N.acetyl.D.glucosamine.biosynthesis.II","Probiotics","Yes","ProbioticsYes",0.452910099303051,0,1.89387809481718,0.810993712996897,1,0.810993712996897,1,NA,"prevalence",80,9
"UDPNACETYLGALSYN.PWY..UDP.N.acetyl.D.glucosamine.biosynthesis.II","propionate","propionate","propionate",0.0366623073055294,0,0.313002118087118,0.906756102052338,1,0.906756102052338,1,NA,"prevalence",80,9
"URDEGR.PWY..superpathway.of.allantoin.degradation.in.plants","acetate","acetate","acetate",-0.130858025526755,0,0.258854886441931,0.61318903428199,1,0.556476351940669,0.97247929279732,NA,"prevalence",80,29
"URDEGR.PWY..superpathway.of.allantoin.degradation.in.plants","Antibiotics","Yes","AntibioticsYes",0.361979500231498,0,0.795083428413277,0.648913316351361,1,0.0868106735934208,0.720633247885957,NA,"prevalence",80,29
"URDEGR.PWY..superpathway.of.allantoin.degradation.in.plants","Ethnicity","European","EthnicityEuropean",0.34158971479322,0,0.548243352388498,0.533243641813749,1,0.276314001158054,0.893191240043994,NA,"prevalence",80,29
"URDEGR.PWY..superpathway.of.allantoin.degradation.in.plants","isobutyrate","isobutyrate","isobutyrate",0.0607254705485082,0,0.310098304066148,0.844745954991255,1,0.832815074864684,1,NA,"prevalence",80,29
"URDEGR.PWY..superpathway.of.allantoin.degradation.in.plants","Probiotics","Yes","ProbioticsYes",0.57894361646627,0,1.15019175636961,0.61472152135455,1,0.851560493892647,1,NA,"prevalence",80,29
"URDEGR.PWY..superpathway.of.allantoin.degradation.in.plants","propionate","propionate","propionate",0.0789682182352619,0,0.261900255677147,0.763017846708877,1,0.51231947505205,0.964605264080454,NA,"prevalence",80,29
"URDEGR.PWY..superpathway.of.allantoin.degradation.in.plants","Read_depth","Read_depth","Read_depth",-0.202290271386645,0,0.248981832916067,0.416521990306169,1,0.598559607402476,0.977669214526104,NA,"prevalence",80,29
"URDEGR.PWY..superpathway.of.allantoin.degradation.in.plants","Sex","Female","SexFemale",-0.232718322968349,0,0.507727009848837,0.646698675923443,1,0.748931703236051,0.993554590999675,NA,"prevalence",80,29
"URDEGR.PWY..superpathway.of.allantoin.degradation.in.plants","Termness","preterm","Termnesspreterm",-0.510066896462494,0,1.04686924440036,0.626094809922418,1,0.440366446184979,0.95137647878513,NA,"prevalence",80,29
"URSIN.PWY..ureide.biosynthesis","acetate","acetate","acetate",0.23537322479975,0,0.294389261257397,0.423982806496337,1,0.668204192788164,0.983585363030474,NA,"prevalence",80,18
"URSIN.PWY..ureide.biosynthesis","Antibiotics","Yes","AntibioticsYes",-0.599574410391889,0,0.841130259950923,0.475957193238088,1,0.367780776474672,0.936369811151987,NA,"prevalence",80,18
"URSIN.PWY..ureide.biosynthesis","Delivery_mode","C-section","Delivery_modeC-section",0.0592490536339337,0,0.736798630472874,0.93590785380141,1,0.871767375963991,1,NA,"prevalence",80,18
"URSIN.PWY..ureide.biosynthesis","Ethnicity","European","EthnicityEuropean",0.200717042389408,0,0.613746883331437,0.743641006082073,1,0.155377836186836,0.8107101924969,NA,"prevalence",80,18
"URSIN.PWY..ureide.biosynthesis","Feeding_method","Breastfed","Feeding_methodBreastfed",-0.284413117938566,0,0.623790260883585,0.648430604102829,1,0.0322524004895191,0.528898038803777,NA,"prevalence",80,18
"URSIN.PWY..ureide.biosynthesis","Probiotics","Yes","ProbioticsYes",0.302683730909082,0,1.08272230620569,0.77981659950236,1,0.402183024462176,0.939910940436325,NA,"prevalence",80,18
"URSIN.PWY..ureide.biosynthesis","Sex","Female","SexFemale",-0.111187010879857,0,0.562386158972118,0.843275244017729,1,0.678297456706886,0.983585363030474,NA,"prevalence",80,18
"URSIN.PWY..ureide.biosynthesis","Termness","preterm","Termnesspreterm",0.775578895871563,0,1.01673863445496,0.445576424207055,1,0.0384235136565678,0.56504305749946,NA,"prevalence",80,18
"X3.HYDROXYPHENYLACETATE.DEGRADATION.PWY..4.hydroxyphenylacetate.degradation","acetate","acetate","acetate",-0.30814608347617,0,0.522014533738305,0.554988378312292,1,0.144840054220138,0.800902568025061,NA,"prevalence",80,56
"X3.HYDROXYPHENYLACETATE.DEGRADATION.PWY..4.hydroxyphenylacetate.degradation","Delivery_mode","C-section","Delivery_modeC-section",-0.320087844858655,0,0.68270033699691,0.639172887371297,1,0.0438789698364894,0.596173771993294,NA,"prevalence",80,56
"X3.HYDROXYPHENYLACETATE.DEGRADATION.PWY..4.hydroxyphenylacetate.degradation","Ethnicity","European","EthnicityEuropean",-0.152577404345952,0,0.637436359591163,0.810825668740622,1,0.587715025684231,0.976974901602956,NA,"prevalence",80,56
"X3.HYDROXYPHENYLACETATE.DEGRADATION.PWY..4.hydroxyphenylacetate.degradation","Feeding_method","Breastfed","Feeding_methodBreastfed",-0.340375343821985,0,0.608533844780309,0.575931918011861,1,0.021669847730834,0.481714491545694,NA,"prevalence",80,56
"X3.HYDROXYPHENYLACETATE.DEGRADATION.PWY..4.hydroxyphenylacetate.degradation","Probiotics","Yes","ProbioticsYes",-0.889084036656941,0,1.79167976071925,0.619732624046005,1,0.628255303199299,0.979149576884277,NA,"prevalence",80,56
"X3.HYDROXYPHENYLACETATE.DEGRADATION.PWY..4.hydroxyphenylacetate.degradation","Sex","Female","SexFemale",-0.294345017639577,0,0.603218238092817,0.625579763761999,1,0.482339217241248,0.959080836132184,NA,"prevalence",80,56
"BIOTIN.BIOSYNTHESIS.PWY..biotin.biosynthesis.I","propionate","propionate","propionate",0.0924707740956757,0,0.435566757067271,0.831873082168455,1,0.0224021352978618,0.481714491545694,"Prevalence association possibly induced by stronger abundance association","prevalence",80,79
"GLYCOCAT.PWY..glycogen.degradation.I","acetate","acetate","acetate",0.167048941279426,0,0.392871433199324,0.670690869563612,1,0.000458250204286026,0.0579510258343251,"Prevalence association possibly induced by stronger abundance association","prevalence",80,78
"NAGLIPASYN.PWY..lipid.IVA.biosynthesis..E..coli.","acetate","acetate","acetate",0.0173020046645147,0,0.421984057704675,0.967294652202774,1,0.00122953002754245,0.121280841916787,"Prevalence association possibly induced by stronger abundance association","prevalence",80,79
"NAGLIPASYN.PWY..lipid.IVA.biosynthesis..E..coli.","propionate","propionate","propionate",0.0924707740956757,0,0.435566757067271,0.831873082168455,1,0.027603346513174,0.51355907298921,"Prevalence association possibly induced by stronger abundance association","prevalence",80,79
"PWY.4041...gamma..glutamyl.cycle","acetate","acetate","acetate",0.0173020046645147,0,0.421984057704675,0.967294652202774,1,0.000296669919801817,0.0418050298417875,"Prevalence association possibly induced by stronger abundance association","prevalence",80,79
"PWY.6519..8.amino.7.oxononanoate.biosynthesis.I","acetate","acetate","acetate",0.0173020046645147,0,0.421984057704675,0.967294652202774,1,0.00424770296583898,0.265185709209087,"Prevalence association possibly induced by stronger abundance association","prevalence",80,79
"PWY.6519..8.amino.7.oxononanoate.biosynthesis.I","propionate","propionate","propionate",0.0924707740956757,0,0.435566757067271,0.831873082168455,1,0.0459350180179976,0.607286429441843,"Prevalence association possibly induced by stronger abundance association","prevalence",80,79
"PWY.8073..lipid.IVA.biosynthesis..P..putida.","acetate","acetate","acetate",0.0173020046645147,0,0.421984057704675,0.967294652202774,1,0.00119228077561728,0.120006709904989,"Prevalence association possibly induced by stronger abundance association","prevalence",80,79
"PWY.8073..lipid.IVA.biosynthesis..P..putida.","propionate","propionate","propionate",0.0924707740956757,0,0.435566757067271,0.831873082168455,1,0.0273233230329651,0.511974122265061,"Prevalence association possibly induced by stronger abundance association","prevalence",80,79
"PYRIDNUCSYN.PWY..NAD.de.novo.biosynthesis.I..from.aspartate.","acetate","acetate","acetate",0.0742009002524817,0,0.400148108006846,0.852888964136994,1,1.40099829039064e-05,0.00314078344009393,"Prevalence association possibly induced by stronger abundance association","prevalence",80,79
"PYRIDOXSYN.PWY..pyridoxal.5..phosphate.biosynthesis.I","acetate","acetate","acetate",0.232656217600463,0,0.369524137256961,0.528949556961534,1,0.00317909794747973,0.236263375124071,"Prevalence association possibly induced by stronger abundance association","prevalence",80,75
