2026-05-04 17:17:45.42115 INFO::Writing function arguments to log file
2026-05-04 17:17:45.422526 DEBUG::Function arguments
2026-05-04 17:17:45.423074 DEBUG::Output folder: ALL_VAR_PATHWAY_MAASLIN_SCFA
2026-05-04 17:17:45.423671 DEBUG::Formula: ~ Termness + Sex + Delivery_mode + Feeding_method + Antibiotics + Probiotics + Ethnicity + Read_depth + acetate + propionate + isobutyrate + butyrate
2026-05-04 17:17:45.424152 DEBUG::Fixed effects:
2026-05-04 17:17:45.424622 DEBUG::Reference:
2026-05-04 17:17:45.425049 DEBUG::Random effects:
2026-05-04 17:17:45.4255 DEBUG::Group effects:
2026-05-04 17:17:45.425935 DEBUG::Ordered effects:
2026-05-04 17:17:45.426362 DEBUG::Strata effects:
2026-05-04 17:17:45.426826 DEBUG::Min Abundance: 0.000100
2026-05-04 17:17:45.429108 DEBUG::Min Prevalence: 0.100000
2026-05-04 17:17:45.430051 DEBUG::Max Prevalence: 1.010000
2026-05-04 17:17:45.430874 DEBUG::Zero Threshold: 0.000000
2026-05-04 17:17:45.431808 DEBUG::Min variance: 0.000000
2026-05-04 17:17:45.432667 DEBUG::Max significance: 0.100000
2026-05-04 17:17:45.433437 DEBUG::Normalization: NONE
2026-05-04 17:17:45.433932 DEBUG::Transform: LOG
2026-05-04 17:17:45.434376 DEBUG::Correction method: BH
2026-05-04 17:17:45.434854 DEBUG::Standardize: TRUE
2026-05-04 17:17:45.43574 DEBUG::Abundance median comparison: TRUE
2026-05-04 17:17:45.436866 DEBUG::Prevalence median comparison: FALSE
2026-05-04 17:17:45.437956 DEBUG::Abundance median comparison threshold: 0
2026-05-04 17:17:45.438748 DEBUG::Prevalence median comparison threshold: 0
2026-05-04 17:17:45.439356 DEBUG::Subtract median: FALSE
2026-05-04 17:17:45.439853 DEBUG::Warn prevalence: TRUE
2026-05-04 17:17:45.440413 DEBUG::Small random effects: FALSE
2026-05-04 17:17:45.440944 DEBUG::Augment: TRUE
2026-05-04 17:17:45.441446 DEBUG::Evaluate only:
2026-05-04 17:17:45.441899 DEBUG::Cores: 1
2026-05-04 17:17:45.442373 DEBUG::Balanced Summary plot: FALSE
2026-05-04 17:17:45.442831 INFO::Verifying options selected are valid
2026-05-04 17:17:45.444124 INFO::Determining format of input files
2026-05-04 17:17:45.445224 INFO::Input format is data samples as rows and metadata samples as rows
2026-05-04 17:17:45.446304 DEBUG::A total of 80 samples were found in both the data and metadata
2026-05-04 17:17:45.446828 DEBUG::Reordering data/metadata to use same sample ordering
2026-05-04 17:17:45.449526 INFO::Running selected normalization method: NONE
2026-05-04 17:17:45.456509 INFO::Creating output feature tables folder
2026-05-04 17:17:45.458435 INFO::Writing normalized data to file ALL_VAR_PATHWAY_MAASLIN_SCFA/features/data_norm.tsv
2026-05-04 17:17:45.530614 INFO::Filter data based on min abundance, min prevalence, and max prevalence
2026-05-04 17:17:45.532447 INFO::Total samples in data: 80
2026-05-04 17:17:45.533738 INFO::Min samples required with min abundance for a feature not to be filtered: 8.000000
2026-05-04 17:17:45.534901 INFO::Max samples allowed with min abundance for a feature not to be filtered: 80.800000
2026-05-04 17:17:45.57226 INFO::Total filtered features: 167
2026-05-04 17:17:45.574016 INFO::Filtered feature names from abundance, min prevalence, and max prevalence filtering: X12DICHLORETHDEG.PWY..1.2.dichloroethane.degradation, X4.HYDROXYMANDELATE.DEGRADATION.PWY..4.hydroxymandelate.degradation, ERGOSTEROL.SYN.PWY..superpathway.of.ergosterol.biosynthesis.I, MANNOSYL.CHITO.DOLICHOL.BIOSYNTHESIS..protein.N.glycosylation.initial.phase..eukaryotic., METH.ACETATE.PWY..methanogenesis.from.acetate, METHANOGENESIS.PWY..methanogenesis.from.H2.and.CO2, NADSYN.PWY..NAD.de.novo.biosynthesis.II..from.tryptophan., P163.PWY..L.lysine.fermentation.to.acetate.and.butanoate, P261.PWY..coenzyme.M.biosynthesis.I, POLYAMINSYN3.PWY..superpathway.of.polyamine.biosynthesis.II, PROPFERM.PWY..superpathway.of.L.alanine.fermentation..Stickland.reaction., PWY.1501..mandelate.degradation.I, PWY.2201..folate.transformations.I, PWY.3502..superpathway.of.NAD.biosynthesis.in.eukaryotes, PWY.3781..aerobic.respiration.I..cytochrome.c., PWY.3941...beta..alanine.biosynthesis.II, PWY.4221..superpathway.of.coenzyme.A.biosynthesis.II..plants., PWY.4361..S.methyl.5.thio..alpha..D.ribose.1.phosphate.degradation.I, PWY.4702..phytate.degradation.I, PWY.5004..superpathway.of.L.citrulline.metabolism, PWY.5022..4.aminobutanoate.degradation.V, PWY.5067..glycogen.biosynthesis.II..from.UDP.D.Glucose., PWY.5079..L.phenylalanine.degradation.III, PWY.5080..very.long.chain.fatty.acid.biosynthesis.I, PWY.5088..L.glutamate.degradation.VIII..to.propanoate., PWY.5104..L.isoleucine.biosynthesis.IV, PWY.5129..sphingolipid.biosynthesis..plants., PWY.5156..superpathway.of.fatty.acid.biosynthesis.II..plant., PWY.5178..toluene.degradation.IV..aerobic...via.catechol., PWY.5198..factor.420.biosynthesis.II..mycobacteria., PWY.5209..methyl.coenzyme.M.oxidation.to.CO2, PWY.5419..catechol.degradation.to.2.hydroxypentadienoate.II, PWY.5420..catechol.degradation.II..meta.cleavage.pathway., PWY.5464..superpathway.of.cytosolic.glycolysis..plants...pyruvate.dehydrogenase.and.TCA.cycle, PWY.5494..pyruvate.fermentation.to.propanoate.II..acrylate.pathway., PWY.5514..UDP.N.acetyl.D.galactosamine.biosynthesis.II, PWY.5647..2.nitrobenzoate.degradation.I, PWY.5651..L.tryptophan.degradation.to.2.amino.3.carboxymuconate.semialdehyde, PWY.5652..2.amino.3.carboxymuconate.semialdehyde.degradation.to.glutaryl.CoA, PWY.5655..L.tryptophan.degradation.IX, PWY.5677..succinate.fermentation.to.butanoate, PWY.5690..TCA.cycle.II..plants.and.fungi., PWY.5742..L.arginine.degradation.IX..arginine.pyruvate.transaminase.pathway., PWY.5870..ubiquinol.8.biosynthesis..late.decarboxylation., PWY.5873..ubiquinol.7.biosynthesis..late.decarboxylation., PWY.6075..ergosterol.biosynthesis.I, PWY.6113..superpathway.of.mycolate.biosynthesis, PWY.6143..CMP.pseudaminate.biosynthesis, PWY.6160..3.dehydroquinate.biosynthesis.II..archaea., PWY.6165..chorismate.biosynthesis.II..archaea., PWY.6167..flavin.biosynthesis.II..archaea., PWY.6269..superpathway.of.adenosylcobalamin.salvage.from.cobinamide.II, PWY.6281..L.selenocysteine.biosynthesis.II..archaea.and.eukaryotes., PWY.6307..L.tryptophan.degradation.X..mammalian..via.tryptamine., PWY.6309..L.tryptophan.degradation.XI..mammalian..via.kynurenine., PWY.6313..serotonin.degradation, PWY.6349..CDP.archaeol.biosynthesis, PWY.6350..archaetidylinositol.biosynthesis, PWY.6351..D.myo.inositol..1.4.5..trisphosphate.biosynthesis, PWY.6352..3.phosphoinositide.biosynthesis, PWY.6470..peptidoglycan.biosynthesis.V...beta..lactam.resistance., PWY.6471..peptidoglycan.biosynthesis.IV..Enterococcus.faecium., PWY.6478..GDP.D.glycero..alpha..D.manno.heptose.biosynthesis, PWY.6518..bile.acids.epimerization, PWY.6562..norspermidine.biosynthesis, PWY.6565..superpathway.of.polyamine.biosynthesis.III, PWY.6572..chondroitin.sulfate.degradation.I..bacterial., PWY.6596..adenosine.nucleotides.degradation.I, PWY.6598..sciadonate.biosynthesis, PWY.6662..superpathway.of.quinolone.and.alkylquinolone.biosynthesis, PWY.6748..nitrate.reduction.VII..denitrification., PWY.6763..salicortin.biosynthesis, PWY.6797..6.hydroxymethyl.dihydropterin.diphosphate.biosynthesis.II..Methanocaldococcus., PWY.6807..xyloglucan.degradation.II..exoglucanase., PWY.6829..tRNA.methylation..yeast., PWY.6837..fatty.acid..beta..oxidation.V..unsaturated..odd.number..di.isomerase.dependent., PWY.6842..glutathione.mediated.detoxification.II, PWY.6876..isopropanol.biosynthesis..engineered., PWY.6891..thiazole.component.of.thiamine.diphosphate.biosynthesis.II, PWY.6906..chitin.derivatives.degradation, PWY.6920..6.gingerol.analog.biosynthesis..engineered., PWY.6953..dTDP.3.acetamido..alpha..D.fucose.biosynthesis, PWY.6957..mandelate.degradation.to.acetyl.CoA, PWY.6981..chitin.biosynthesis, PWY.7009..2.2..dihydroxybiphenyl.degradation, PWY.7031..protein.N.glycosylation..bacterial., PWY.7035...9Z..tricosene.biosynthesis, PWY.7036..very.long.chain.fatty.acid.biosynthesis.II, PWY.7049..icosapentaenoate.biosynthesis.II..6.desaturase..mammals., PWY.7052..cyanophycin.metabolism, PWY.7053..docosahexaenoate.biosynthesis.I..lower.eukaryotes., PWY.7090..UDP.2.3.diacetamido.2.3.dideoxy..alpha..D.mannuronate.biosynthesis, PWY.7156..superpathway.of.ergosterol.biosynthesis.II, PWY.7159..3.8.divinyl.chlorophyllide.a.biosynthesis.III..aerobic..light.independent., PWY.722..nicotinate.degradation.I, PWY.7230..ubiquinol.6.biosynthesis.from.4.aminobenzoate..yeast., PWY.7235..superpathway.of.ubiquinol.6.biosynthesis..late.decarboxylation., PWY.7270..L.methionine.salvage.cycle.II..plants., PWY.7279..aerobic.respiration.II..cytochrome.c...yeast., PWY.7283..wybutosine.biosynthesis, PWY.7286..7..3.amino.3.carboxypropyl..wyosine.biosynthesis, PWY.7290..Escherichia.coli.serotype.O86.O.antigen.biosynthesis, PWY.7312..dTDP..beta..D.fucofuranose.biosynthesis, PWY.7316..dTDP.N.acetylviosamine.biosynthesis, PWY.7317..superpathway.of.dTDP.glucose.derived.O.antigen.building.blocks.biosynthesis, PWY.7337..10.cis.heptadecenoyl.CoA.degradation..yeast., PWY.7338..10.trans.heptadecenoyl.CoA.degradation..reductase.dependent..yeast., PWY.7371..1.4.dihydroxy.6.naphthoate.biosynthesis.II, PWY.7374..1.4.dihydroxy.6.naphthoate.biosynthesis.I, PWY.7376..cob.II.yrinate.a.c.diamide.biosynthesis.II..late.cobalt.incorporation., PWY.7377..cob.II.yrinate.a.c.diamide.biosynthesis.I..early.cobalt.insertion., PWY.7384..anaerobic.energy.metabolism..invertebrates..mitochondrial., PWY.7389..superpathway.of.anaerobic.energy.metabolism..invertebrates., PWY.7399..methylphosphonate.degradation.II, PWY.7411..phosphatidate.biosynthesis..yeast., PWY.7420..monoacylglycerol.metabolism..yeast., PWY.7431..aromatic.biogenic.amine.degradation..bacteria., PWY.7511..protein.ubiquitination, PWY.7527..L.methionine.salvage.cycle.III, PWY.7528..L.methionine.salvage.cycle.I..bacteria.and.plants., PWY.7546..diphthamide.biosynthesis.II..eukaryotes., PWY.7574..propanoyl.CoA.degradation.II, PWY.7592..arachidonate.biosynthesis.III..6.desaturase..mammals., PWY.7606..docosahexaenoate.biosynthesis.III..6.desaturase..mammals., PWY.7619..juniperonate.biosynthesis, PWY.7626..bacilysin.biosynthesis, PWY.7688..dTDP..alpha..D.ravidosamine.and.dTDP.4.acetyl..alpha..D.ravidosamine.biosynthesis, PWY.7717..3.hydroxy.4.methyl.anthranilate.biosynthesis.I, PWY.7724..icosapentaenoate.biosynthesis.III..8.desaturase..mammals., PWY.7725..arachidonate.biosynthesis.V..8.detaturase..mammals., PWY.7726...4Z.7Z.10Z.13Z.16Z..docosapentaenoate.biosynthesis..6.desaturase., PWY.7754..bile.acid.7.alpha..dehydroxylation, PWY.7800..Ac.N.end.rule.pathway, PWY.7815..poly.ribitol.phosphate..wall.teichoic.acid.biosynthesis.I..B..subtilis., PWY.7816..poly.ribitol.phosphate..wall.teichoic.acid.biosynthesis.II..S..aureus., PWY.7819..poly.3.O..beta..D.glucopyranosyl.N.acetylgalactosamine.1.phosphate..wall.teichoic.acid.biosynthesis, PWY.7820..teichuronic.acid.biosynthesis..B..subtilis.168., PWY.7822..chitin.degradation.III..Serratia., PWY.7854..crotonyl.CoA.ethylmalonyl.CoA.hydroxybutyryl.CoA.cycle..engineered., PWY.7919..protein.N.glycosylation.processing.phase..plants.and.animals., PWY.7992..superpathway.of.menaquinol.8.biosynthesis.III, PWY.8041..ultra.long.chain.fatty.acid.biosynthesis, PWY.8055..palmitoyl.ethanolamide.biosynthesis, PWY.8085..picolinate.degradation, PWY.8086...S..lactate.fermentation.to.propanoate..acetate.and.hydrogen, PWY.8112..factor.420.biosynthesis.I..archaea., PWY.8113..3PG.factor.420.biosynthesis, PWY.8134..bile.acid.7.beta..dehydroxylation, PWY.8173..anteiso.branched.chain.fatty.acid.biosynthesis, PWY.8174..odd.iso.branched.chain.fatty.acid.biosynthesis, PWY.8175..even.iso.branched.chain.fatty.acid.biosynthesis, PWY.8188..L.alanine.degradation.VI..reductive.Stickland.reaction., PWY.8189..L.alanine.degradation.V..oxidative.Stickland.reaction., PWY.8190..L.glutamate.degradation.XI..reductive.Stickland.reaction., PWY3DJ.12..ceramide.de.novo.biosynthesis, PWY3O.19..ubiquinol.6.biosynthesis..late.decarboxylation., PWY3O.4108..L.tyrosine.degradation.III, PWY490.3..nitrate.reduction.VI..assimilatory., PWY66.201..nicotine.degradation.IV, PWY66.367..ketogenesis, PWY66.388..ceramide.degradation.by..alpha..oxidation, PWY66.398..TCA.cycle.III..animals., SPHINGOLIPID.SYN.PWY..sphingolipid.biosynthesis..yeast., TEICHOICACID.PWY..poly.glycerol.phosphate..wall.teichoic.acid.biosynthesis, TRIGLSYN.PWY..diacylglycerol.and.triacylglycerol.biosynthesis, TYRFUMCAT.PWY..L.tyrosine.degradation.I, VALDEG.PWY..L.valine.degradation.I
2026-05-04 17:17:45.579623 INFO::Total features filtered by non-zero variance filtering: 0
2026-05-04 17:17:45.580942 INFO::Filtered feature names from variance filtering:
2026-05-04 17:17:45.583333 INFO::Writing filtered data to file ALL_VAR_PATHWAY_MAASLIN_SCFA/features/filtered_data.tsv
2026-05-04 17:17:45.627977 INFO::Running selected transform method: LOG
2026-05-04 17:17:45.633423 INFO::Writing normalized, filtered, transformed data to file ALL_VAR_PATHWAY_MAASLIN_SCFA/features/data_transformed.tsv
2026-05-04 17:17:45.709773 INFO::Factor detected for categorial metadata 'Termness'. Using as-is.
2026-05-04 17:17:45.711163 INFO::Factor detected for categorial metadata 'Sex'. Using as-is.
2026-05-04 17:17:45.712321 INFO::Factor detected for categorial metadata 'Delivery_mode'. Using as-is.
2026-05-04 17:17:45.713479 INFO::Factor detected for categorial metadata 'Feeding_method'. Using as-is.
2026-05-04 17:17:45.714769 INFO::Factor detected for categorial metadata 'Antibiotics'. Using as-is.
2026-05-04 17:17:45.715905 INFO::Factor detected for categorial metadata 'Probiotics'. Using as-is.
2026-05-04 17:17:45.717228 INFO::Factor detected for categorial metadata 'Ethnicity'. Using as-is.
2026-05-04 17:17:45.718435 INFO::Applying z-score to standardize continuous metadata
2026-05-04 17:17:45.7243 INFO::Running the linear model component
2026-05-04 17:17:45.731337 DEBUG::Object: augment, Size: 56
2026-05-04 17:17:45.731995 DEBUG::Object: cluster, Size: 0
2026-05-04 17:17:45.732554 DEBUG::Object: cores, Size: 56
2026-05-04 17:17:45.733053 DEBUG::Object: correction, Size: 112
2026-05-04 17:17:45.733566 DEBUG::Object: extract_out, Size: 4216
2026-05-04 17:17:45.734064 DEBUG::Object: feature_specific_covariate, Size: 0
2026-05-04 17:17:45.734578 DEBUG::Object: feature_specific_covariate_name, Size: 0
2026-05-04 17:17:45.735058 DEBUG::Object: feature_specific_covariate_record, Size: 0
2026-05-04 17:17:45.73559 DEBUG::Object: features, Size: 344536
2026-05-04 17:17:45.73608 DEBUG::Object: formula, Size: 3808
2026-05-04 17:17:45.736634 DEBUG::Object: fun_list, Size: 58768
2026-05-04 17:17:45.737208 DEBUG::Object: func_to_run, Size: 435336
2026-05-04 17:17:45.737727 DEBUG::Object: groups, Size: 48
2026-05-04 17:17:45.738254 DEBUG::Object: median_comparison, Size: 56
2026-05-04 17:17:45.738773 DEBUG::Object: median_comparison_threshold, Size: 56
2026-05-04 17:17:45.739312 DEBUG::Object: metadata, Size: 30528
2026-05-04 17:17:45.739797 DEBUG::Object: model, Size: 112
2026-05-04 17:17:45.740308 DEBUG::Object: model_function, Size: 8864
2026-05-04 17:17:45.740797 DEBUG::Object: ordereds, Size: 48
2026-05-04 17:17:45.741287 DEBUG::Object: random_effects_formula, Size: 0
2026-05-04 17:17:45.741751 DEBUG::Object: ranef_function, Size: 0
2026-05-04 17:17:45.74226 DEBUG::Object: save_models, Size: 56
2026-05-04 17:17:45.742726 DEBUG::Object: small_random_effects, Size: 56
2026-05-04 17:17:45.743209 DEBUG::Object: strata, Size: 48
2026-05-04 17:17:45.743677 DEBUG::Object: subtract_median, Size: 56
2026-05-04 17:17:45.744213 DEBUG::Object: summary_function, Size: 49424
2026-05-04 17:17:45.744738 DEBUG::Object: func_to_run, Size: 435336
2026-05-04 17:17:45.745629 INFO::Fitting model to feature number 1, X1CMET2.PWY..folate.transformations.III..E..coli.
2026-05-04 17:17:45.752044 INFO::Fitting model to feature number 2, X3.HYDROXYPHENYLACETATE.DEGRADATION.PWY..4.hydroxyphenylacetate.degradation
2026-05-04 17:17:45.758791 INFO::Fitting model to feature number 3, AEROBACTINSYN.PWY..aerobactin.biosynthesis
2026-05-04 17:17:45.765397 INFO::Fitting model to feature number 4, ALLANTOINDEG.PWY..superpathway.of.allantoin.degradation.in.yeast
2026-05-04 17:17:45.772706 INFO::Fitting model to feature number 5, ANAEROFRUCAT.PWY..homolactic.fermentation
2026-05-04 17:17:45.77955 INFO::Fitting model to feature number 6, ANAGLYCOLYSIS.PWY..glycolysis.III..from.glucose.
2026-05-04 17:17:45.785785 INFO::Fitting model to feature number 7, ARG.POLYAMINE.SYN..superpathway.of.arginine.and.polyamine.biosynthesis
2026-05-04 17:17:45.792156 INFO::Fitting model to feature number 8, ARGDEG.PWY..superpathway.of.L.arginine..putrescine..and.4.aminobutanoate.degradation
2026-05-04 17:17:45.798589 INFO::Fitting model to feature number 9, ARGININE.SYN4.PWY..L.ornithine.biosynthesis.II
2026-05-04 17:17:45.806354 INFO::Fitting model to feature number 10, ARGSYN.PWY..L.arginine.biosynthesis.I..via.L.ornithine.
2026-05-04 17:17:45.813785 INFO::Fitting model to feature number 11, ARGSYNBSUB.PWY..L.arginine.biosynthesis.II..acetyl.cycle.
2026-05-04 17:17:45.820046 INFO::Fitting model to feature number 12, ARO.PWY..chorismate.biosynthesis.I
2026-05-04 17:17:45.826895 INFO::Fitting model to feature number 13, ASPASN.PWY..superpathway.of.L.aspartate.and.L.asparagine.biosynthesis
2026-05-04 17:17:45.833278 INFO::Fitting model to feature number 14, AST.PWY..L.arginine.degradation.II..AST.pathway.
2026-05-04 17:17:45.840343 INFO::Fitting model to feature number 15, BIOTIN.BIOSYNTHESIS.PWY..biotin.biosynthesis.I
2026-05-04 17:17:45.846923 INFO::Fitting model to feature number 16, BRANCHED.CHAIN.AA.SYN.PWY..superpathway.of.branched.chain.amino.acid.biosynthesis
2026-05-04 17:17:45.853498 INFO::Fitting model to feature number 17, CALVIN.PWY..Calvin.Benson.Bassham.cycle
2026-05-04 17:17:45.860008 INFO::Fitting model to feature number 18, CARNMET.PWY..L.carnitine.degradation.I
2026-05-04 17:17:45.867307 INFO::Fitting model to feature number 19, CATECHOL.ORTHO.CLEAVAGE.PWY..catechol.degradation.to..beta..ketoadipate
2026-05-04 17:17:45.874083 INFO::Fitting model to feature number 20, CENTFERM.PWY..pyruvate.fermentation.to.butanoate
2026-05-04 17:17:45.880551 INFO::Fitting model to feature number 21, CITRULBIO.PWY..L.citrulline.biosynthesis
2026-05-04 17:17:45.887348 INFO::Fitting model to feature number 22, COA.PWY.1..superpathway.of.coenzyme.A.biosynthesis.III..mammals.
2026-05-04 17:17:45.893966 INFO::Fitting model to feature number 23, COA.PWY..coenzyme.A.biosynthesis.I..prokaryotic.
2026-05-04 17:17:45.900811 INFO::Fitting model to feature number 24, COBALSYN.PWY..superpathway.of.adenosylcobalamin.salvage.from.cobinamide.I
2026-05-04 17:17:45.907855 INFO::Fitting model to feature number 25, COLANSYN.PWY..colanic.acid.building.blocks.biosynthesis
2026-05-04 17:17:45.914492 INFO::Fitting model to feature number 26, COMPLETE.ARO.PWY..superpathway.of.aromatic.amino.acid.biosynthesis
2026-05-04 17:17:45.941024 INFO::Fitting model to feature number 27, CRNFORCAT.PWY..creatinine.degradation.I
2026-05-04 17:17:45.947626 INFO::Fitting model to feature number 28, DAPLYSINESYN.PWY..L.lysine.biosynthesis.I
2026-05-04 17:17:45.954456 INFO::Fitting model to feature number 29, DARABCATK12.PWY..D.arabinose.degradation.I
2026-05-04 17:17:45.961298 INFO::Fitting model to feature number 30, DENITRIFICATION.PWY..nitrate.reduction.I..denitrification.
2026-05-04 17:17:45.967917 INFO::Fitting model to feature number 31, DENOVOPURINE2.PWY..superpathway.of.purine.nucleotides.de.novo.biosynthesis.II
2026-05-04 17:17:45.975473 INFO::Fitting model to feature number 32, DHGLUCONATE.PYR.CAT.PWY..glucose.degradation..oxidative.
2026-05-04 17:17:45.982809 INFO::Fitting model to feature number 33, DTDPRHAMSYN.PWY..dTDP..beta..L.rhamnose.biosynthesis
2026-05-04 17:17:45.991217 INFO::Fitting model to feature number 34, ECASYN.PWY..enterobacterial.common.antigen.biosynthesis
2026-05-04 17:17:45.997657 INFO::Fitting model to feature number 35, FAO.PWY..fatty.acid..beta..oxidation.I..generic.
2026-05-04 17:17:46.004493 INFO::Fitting model to feature number 36, FASYN.ELONG.PWY..fatty.acid.elongation....saturated
2026-05-04 17:17:46.012752 INFO::Fitting model to feature number 37, FASYN.INITIAL.PWY..superpathway.of.fatty.acid.biosynthesis.initiation..E..coli.
2026-05-04 17:17:46.019653 INFO::Fitting model to feature number 38, FERMENTATION.PWY..mixed.acid.fermentation
2026-05-04 17:17:46.027048 INFO::Fitting model to feature number 39, FOLSYN.PWY..superpathway.of.tetrahydrofolate.biosynthesis.and.salvage
2026-05-04 17:17:46.033465 INFO::Fitting model to feature number 40, FUC.RHAMCAT.PWY..superpathway.of.fucose.and.rhamnose.degradation
2026-05-04 17:17:46.040782 INFO::Fitting model to feature number 41, FUCCAT.PWY..fucose.degradation
2026-05-04 17:17:46.047263 INFO::Fitting model to feature number 42, GALACT.GLUCUROCAT.PWY..superpathway.of.hexuronide.and.hexuronate.degradation
2026-05-04 17:17:46.053547 INFO::Fitting model to feature number 43, GALACTARDEG.PWY..D.galactarate.degradation.I
2026-05-04 17:17:46.06014 INFO::Fitting model to feature number 44, GALACTITOLCAT.PWY..galactitol.degradation
2026-05-04 17:17:46.066618 INFO::Fitting model to feature number 45, GALACTUROCAT.PWY..D.galacturonate.degradation.I
2026-05-04 17:17:46.073696 INFO::Fitting model to feature number 46, GLCMANNANAUT.PWY..superpathway.of.N.acetylglucosamine..N.acetylmannosamine.and.N.acetylneuraminate.degradation
2026-05-04 17:17:46.080159 INFO::Fitting model to feature number 47, GLUCARDEG.PWY..D.glucarate.degradation.I
2026-05-04 17:17:46.086626 INFO::Fitting model to feature number 48, GLUCARGALACTSUPER.PWY..superpathway.of.D.glucarate.and.D.galactarate.degradation
2026-05-04 17:17:46.093473 INFO::Fitting model to feature number 49, GLUCONEO.PWY..gluconeogenesis.I
2026-05-04 17:17:46.100502 INFO::Fitting model to feature number 50, GLUCOSE1PMETAB.PWY..glucose.and.glucose.1.phosphate.degradation
2026-05-04 17:17:46.108425 INFO::Fitting model to feature number 51, GLUCUROCAT.PWY..superpathway.of..beta..D.glucuronosides.degradation
2026-05-04 17:17:46.115411 INFO::Fitting model to feature number 52, GLUDEG.I.PWY..GABA.shunt
2026-05-04 17:17:46.12222 INFO::Fitting model to feature number 53, GLUTORN.PWY..L.ornithine.biosynthesis.I
2026-05-04 17:17:46.12852 INFO::Fitting model to feature number 54, GLYCOCAT.PWY..glycogen.degradation.I
2026-05-04 17:17:46.135345 INFO::Fitting model to feature number 55, GLYCOGENSYNTH.PWY..glycogen.biosynthesis.I..from.ADP.D.Glucose.
2026-05-04 17:17:46.142588 INFO::Fitting model to feature number 56, GLYCOL.GLYOXDEG.PWY..superpathway.of.glycol.metabolism.and.degradation
2026-05-04 17:17:46.148886 INFO::Fitting model to feature number 57, GLYCOLYSIS.E.D..superpathway.of.glycolysis.and.the.Entner.Doudoroff.pathway
2026-05-04 17:17:46.156035 INFO::Fitting model to feature number 58, GLYCOLYSIS.TCA.GLYOX.BYPASS..superpathway.of.glycolysis..pyruvate.dehydrogenase..TCA..and.glyoxylate.bypass
2026-05-04 17:17:46.16246 INFO::Fitting model to feature number 59, GLYCOLYSIS..glycolysis.I..from.glucose.6.phosphate.
2026-05-04 17:17:46.170054 INFO::Fitting model to feature number 60, GLYOXYLATE.BYPASS..glyoxylate.cycle
2026-05-04 17:17:46.177438 INFO::Fitting model to feature number 61, GOLPDLCAT.PWY..superpathway.of.glycerol.degradation.to.1.3.propanediol
2026-05-04 17:17:46.1838 INFO::Fitting model to feature number 62, HCAMHPDEG.PWY..3.phenylpropanoate.and.3..3.hydroxyphenyl.propanoate.degradation.to.2.hydroxypentadienoate
2026-05-04 17:17:46.190452 INFO::Fitting model to feature number 63, HEME.BIOSYNTHESIS.II.1..heme.b.biosynthesis.V..aerobic.
2026-05-04 17:17:46.19676 INFO::Fitting model to feature number 64, HEME.BIOSYNTHESIS.II..heme.b.biosynthesis.I..aerobic.
2026-05-04 17:17:46.204308 INFO::Fitting model to feature number 65, HEMESYN2.PWY..heme.b.biosynthesis.II..oxygen.independent.
2026-05-04 17:17:46.210823 INFO::Fitting model to feature number 66, HEXITOLDEGSUPER.PWY..superpathway.of.hexitol.degradation..bacteria.
2026-05-04 17:17:46.217455 INFO::Fitting model to feature number 67, HISDEG.PWY..L.histidine.degradation.I
2026-05-04 17:17:46.22449 INFO::Fitting model to feature number 68, HISTSYN.PWY..L.histidine.biosynthesis
2026-05-04 17:17:46.230963 INFO::Fitting model to feature number 69, HOMOSER.METSYN.PWY..L.methionine.biosynthesis.I
2026-05-04 17:17:46.238749 INFO::Fitting model to feature number 70, HSERMETANA.PWY..L.methionine.biosynthesis.III
2026-05-04 17:17:46.245771 INFO::Fitting model to feature number 71, ILEUSYN.PWY..L.isoleucine.biosynthesis.I..from.threonine.
2026-05-04 17:17:46.252192 INFO::Fitting model to feature number 72, KDO.NAGLIPASYN.PWY..superpathway.of..Kdo.2.lipid.A.biosynthesis
2026-05-04 17:17:46.258914 INFO::Fitting model to feature number 73, KETOGLUCONMET.PWY..ketogluconate.metabolism
2026-05-04 17:17:46.265495 INFO::Fitting model to feature number 74, LACTOSECAT.PWY..lactose.and.galactose.degradation.I
2026-05-04 17:17:46.273249 INFO::Fitting model to feature number 75, LIPA.CORESYN.PWY..lipid.A.core.biosynthesis..E..coli.K.12.
2026-05-04 17:17:46.280205 INFO::Fitting model to feature number 76, LIPASYN.PWY..phospholipases
2026-05-04 17:17:46.287211 INFO::Fitting model to feature number 77, LPSSYN.PWY..superpathway.of.lipopolysaccharide.biosynthesis
2026-05-04 17:17:46.294017 INFO::Fitting model to feature number 78, MET.SAM.PWY..superpathway.of.S.adenosyl.L.methionine.biosynthesis
2026-05-04 17:17:46.300481 INFO::Fitting model to feature number 79, METHGLYUT.PWY..superpathway.of.methylglyoxal.degradation
2026-05-04 17:17:46.30718 INFO::Fitting model to feature number 80, METSYN.PWY..superpathway.of.L.homoserine.and.L.methionine.biosynthesis
2026-05-04 17:17:46.314074 INFO::Fitting model to feature number 81, NAD.BIOSYNTHESIS.II..NAD.salvage.pathway.III..to.nicotinamide.riboside.
2026-05-04 17:17:46.322717 INFO::Fitting model to feature number 82, NAGLIPASYN.PWY..lipid.IVA.biosynthesis..E..coli.
2026-05-04 17:17:46.329609 INFO::Fitting model to feature number 83, NONMEVIPP.PWY..methylerythritol.phosphate.pathway.I
2026-05-04 17:17:46.336206 INFO::Fitting model to feature number 84, NONOXIPENT.PWY..pentose.phosphate.pathway..non.oxidative.branch..I
2026-05-04 17:17:46.362458 INFO::Fitting model to feature number 85, OANTIGEN.PWY..O.antigen.building.blocks.biosynthesis..E..coli.
2026-05-04 17:17:46.372176 INFO::Fitting model to feature number 86, ORNARGDEG.PWY..superpathway.of.L.arginine.and.L.ornithine.degradation
2026-05-04 17:17:46.379323 INFO::Fitting model to feature number 87, ORNDEG.PWY..superpathway.of.ornithine.degradation
2026-05-04 17:17:46.386522 INFO::Fitting model to feature number 88, P105.PWY..TCA.cycle.IV..2.oxoglutarate.decarboxylase.
2026-05-04 17:17:46.393156 INFO::Fitting model to feature number 89, P108.PWY..pyruvate.fermentation.to.propanoate.I
2026-05-04 17:17:46.39951 INFO::Fitting model to feature number 90, P122.PWY..heterolactic.fermentation
2026-05-04 17:17:46.408209 INFO::Fitting model to feature number 91, P124.PWY..Bifidobacterium.shunt
2026-05-04 17:17:46.414683 INFO::Fitting model to feature number 92, P125.PWY..superpathway.of..R.R..butanediol.biosynthesis
2026-05-04 17:17:46.422298 INFO::Fitting model to feature number 93, P161.PWY..acetylene.degradation..anaerobic.
2026-05-04 17:17:46.428976 INFO::Fitting model to feature number 94, P164.PWY..purine.nucleobases.degradation.I..anaerobic.
2026-05-04 17:17:46.435591 INFO::Fitting model to feature number 95, P185.PWY..formaldehyde.assimilation.III..dihydroxyacetone.cycle.
2026-05-04 17:17:46.44334 INFO::Fitting model to feature number 96, P221.PWY..octane.oxidation
2026-05-04 17:17:46.450154 INFO::Fitting model to feature number 97, P23.PWY..reductive.TCA.cycle.I
2026-05-04 17:17:46.458006 INFO::Fitting model to feature number 98, P4.PWY..superpathway.of.L.lysine..L.threonine.and.L.methionine.biosynthesis.I
2026-05-04 17:17:46.464783 INFO::Fitting model to feature number 99, P41.PWY..pyruvate.fermentation.to.acetate.and..S..lactate.I
2026-05-04 17:17:46.471792 INFO::Fitting model to feature number 100, P42.PWY..incomplete.reductive.TCA.cycle
2026-05-04 17:17:46.478823 INFO::Fitting model to feature number 101, P441.PWY..superpathway.of.N.acetylneuraminate.degradation
2026-05-04 17:17:46.485662 INFO::Fitting model to feature number 102, P461.PWY..hexitol.fermentation.to.lactate..formate..ethanol.and.acetate
2026-05-04 17:17:46.493234 INFO::Fitting model to feature number 103, P562.PWY..myo.inositol.degradation.I
2026-05-04 17:17:46.500408 INFO::Fitting model to feature number 104, P621.PWY..nylon.6.oligomer.degradation
2026-05-04 17:17:46.507818 INFO::Fitting model to feature number 105, PANTO.PWY..phosphopantothenate.biosynthesis.I
2026-05-04 17:17:46.514931 INFO::Fitting model to feature number 106, PANTOSYN.PWY..superpathway.of.coenzyme.A.biosynthesis.I..bacteria.
2026-05-04 17:17:46.522641 INFO::Fitting model to feature number 107, PENTOSE.P.PWY..pentose.phosphate.pathway
2026-05-04 17:17:46.529596 INFO::Fitting model to feature number 108, PEPTIDOGLYCANSYN.PWY..peptidoglycan.biosynthesis.I..meso.diaminopimelate.containing.
2026-05-04 17:17:46.536583 INFO::Fitting model to feature number 109, PHOSLIPSYN.PWY..superpathway.of.phospholipid.biosynthesis.I..bacteria.
2026-05-04 17:17:46.544166 INFO::Fitting model to feature number 110, POLYAMSYN.PWY..superpathway.of.polyamine.biosynthesis.I
2026-05-04 17:17:46.55102 INFO::Fitting model to feature number 111, POLYISOPRENSYN.PWY..polyisoprenoid.biosynthesis..E..coli.
2026-05-04 17:17:46.558181 INFO::Fitting model to feature number 112, PPGPPMET.PWY..ppGpp.metabolism
2026-05-04 17:17:46.564792 INFO::Fitting model to feature number 113, PROTOCATECHUATE.ORTHO.CLEAVAGE.PWY..protocatechuate.degradation.II..ortho.cleavage.pathway.
2026-05-04 17:17:46.57225 INFO::Fitting model to feature number 114, PRPP.PWY..superpathway.of.histidine..purine..and.pyrimidine.biosynthesis
2026-05-04 17:17:46.579073 INFO::Fitting model to feature number 115, PWY.1042..glycolysis.IV
2026-05-04 17:17:46.585754 INFO::Fitting model to feature number 116, PWY.1269..CMP.3.deoxy.D.manno.octulosonate.biosynthesis
2026-05-04 17:17:46.592765 INFO::Fitting model to feature number 117, PWY.1622..formaldehyde.assimilation.I..serine.pathway.
2026-05-04 17:17:46.599385 INFO::Fitting model to feature number 118, PWY.181..photorespiration
2026-05-04 17:17:46.607794 INFO::Fitting model to feature number 119, PWY.1861..formaldehyde.assimilation.II..assimilatory.RuMP.Cycle.
2026-05-04 17:17:46.614326 INFO::Fitting model to feature number 120, PWY.2221..Entner.Doudoroff.pathway.III..semi.phosphorylative.
2026-05-04 17:17:46.621325 INFO::Fitting model to feature number 121, PWY.241..C4.photosynthetic.carbon.assimilation.cycle..NADP.ME.type
2026-05-04 17:17:46.638584 INFO::Fitting model to feature number 122, PWY.2941..L.lysine.biosynthesis.II
2026-05-04 17:17:46.649892 INFO::Fitting model to feature number 123, PWY.2942..L.lysine.biosynthesis.III
2026-05-04 17:17:46.659461 INFO::Fitting model to feature number 124, PWY.3001..superpathway.of.L.isoleucine.biosynthesis.I
2026-05-04 17:17:46.666072 INFO::Fitting model to feature number 125, PWY.3801..sucrose.degradation.II..sucrose.synthase.
2026-05-04 17:17:46.673484 INFO::Fitting model to feature number 126, PWY.3841..folate.transformations.II..plants.
2026-05-04 17:17:46.679893 INFO::Fitting model to feature number 127, PWY.4041...gamma..glutamyl.cycle
2026-05-04 17:17:46.687266 INFO::Fitting model to feature number 128, PWY.4984..urea.cycle
2026-05-04 17:17:46.694128 INFO::Fitting model to feature number 129, PWY.5005..biotin.biosynthesis.II
2026-05-04 17:17:46.700755 INFO::Fitting model to feature number 130, PWY.5028..L.histidine.degradation.II
2026-05-04 17:17:46.707829 INFO::Fitting model to feature number 131, PWY.5030..L.histidine.degradation.III
2026-05-04 17:17:46.714462 INFO::Fitting model to feature number 132, PWY.5097..L.lysine.biosynthesis.VI
2026-05-04 17:17:46.721036 INFO::Fitting model to feature number 133, PWY.5100..pyruvate.fermentation.to.acetate.and.lactate.II
2026-05-04 17:17:46.727912 INFO::Fitting model to feature number 134, PWY.5103..L.isoleucine.biosynthesis.III
2026-05-04 17:17:46.734673 INFO::Fitting model to feature number 135, PWY.5121..superpathway.of.geranylgeranyl.diphosphate.biosynthesis.II..via.MEP.
2026-05-04 17:17:46.769754 INFO::Fitting model to feature number 136, PWY.5130..2.oxobutanoate.degradation.I
2026-05-04 17:17:46.779172 INFO::Fitting model to feature number 137, PWY.5136..fatty.acid..beta..oxidation.II..plant.peroxisome.
2026-05-04 17:17:46.78559 INFO::Fitting model to feature number 138, PWY.5138..fatty.acid..beta..oxidation.IV..unsaturated..even.number.
2026-05-04 17:17:46.793048 INFO::Fitting model to feature number 139, PWY.5154..L.arginine.biosynthesis.III..via.N.acetyl.L.citrulline.
2026-05-04 17:17:46.799405 INFO::Fitting model to feature number 140, PWY.5180..toluene.degradation.I..aerobic...via.o.cresol.
2026-05-04 17:17:46.807352 INFO::Fitting model to feature number 141, PWY.5188..tetrapyrrole.biosynthesis.I..from.glutamate.
2026-05-04 17:17:46.813496 INFO::Fitting model to feature number 142, PWY.5189..tetrapyrrole.biosynthesis.II..from.glycine.
2026-05-04 17:17:46.819671 INFO::Fitting model to feature number 143, PWY.5265..peptidoglycan.biosynthesis.II..staphylococci.
2026-05-04 17:17:46.826426 INFO::Fitting model to feature number 144, PWY.5345..superpathway.of.L.methionine.biosynthesis..by.sulfhydrylation.
2026-05-04 17:17:46.832308 INFO::Fitting model to feature number 145, PWY.5347..superpathway.of.L.methionine.biosynthesis..transsulfuration.
2026-05-04 17:17:46.840192 INFO::Fitting model to feature number 146, PWY.5367..petroselinate.biosynthesis
2026-05-04 17:17:46.846044 INFO::Fitting model to feature number 147, PWY.5384..sucrose.degradation.IV..sucrose.phosphorylase.
2026-05-04 17:17:46.851727 INFO::Fitting model to feature number 148, PWY.5392..reductive.TCA.cycle.II
2026-05-04 17:17:46.858009 INFO::Fitting model to feature number 149, PWY.5415..catechol.degradation.I..meta.cleavage.pathway.
2026-05-04 17:17:46.8638 INFO::Fitting model to feature number 150, PWY.5417..catechol.degradation.III..ortho.cleavage.pathway.
2026-05-04 17:17:46.871159 INFO::Fitting model to feature number 151, PWY.5431..aromatic.compounds.degradation.via..beta..ketoadipate
2026-05-04 17:17:46.877107 INFO::Fitting model to feature number 152, PWY.5484..glycolysis.II..from.fructose.6.phosphate.
2026-05-04 17:17:46.882925 INFO::Fitting model to feature number 153, PWY.5497..purine.nucleobases.degradation.II..anaerobic.
2026-05-04 17:17:46.889201 INFO::Fitting model to feature number 154, PWY.5505..L.glutamate.and.L.glutamine.biosynthesis
2026-05-04 17:17:46.895291 INFO::Fitting model to feature number 155, PWY.561..superpathway.of.glyoxylate.cycle.and.fatty.acid.degradation
2026-05-04 17:17:46.909677 INFO::Fitting model to feature number 156, PWY.5654..2.amino.3.carboxymuconate.semialdehyde.degradation.to.2.hydroxypentadienoate
2026-05-04 17:17:46.928934 INFO::Fitting model to feature number 157, PWY.5656..mannosylglycerate.biosynthesis.I
2026-05-04 17:17:46.935654 INFO::Fitting model to feature number 158, PWY.5659..GDP.mannose.biosynthesis
2026-05-04 17:17:46.94407 INFO::Fitting model to feature number 159, PWY.5667..CDP.diacylglycerol.biosynthesis.I
2026-05-04 17:17:46.951519 INFO::Fitting model to feature number 160, PWY.5675..nitrate.reduction.V..assimilatory.
2026-05-04 17:17:46.958858 INFO::Fitting model to feature number 161, PWY.5676..acetyl.CoA.fermentation.to.butanoate.II
2026-05-04 17:17:46.965368 INFO::Fitting model to feature number 162, PWY.5686..UMP.biosynthesis.I
2026-05-04 17:17:46.972061 INFO::Fitting model to feature number 163, PWY.5692..allantoin.degradation.to.glyoxylate.II
2026-05-04 17:17:46.979287 INFO::Fitting model to feature number 164, PWY.5695..inosine.5..phosphate.degradation
2026-05-04 17:17:46.986226 INFO::Fitting model to feature number 165, PWY.5705..allantoin.degradation.to.glyoxylate.III
2026-05-04 17:17:46.993109 INFO::Fitting model to feature number 166, PWY.5723..Rubisco.shunt
2026-05-04 17:17:46.999362 INFO::Fitting model to feature number 167, PWY.5747..2.methylcitrate.cycle.II
2026-05-04 17:17:47.005717 INFO::Fitting model to feature number 168, PWY.5837..2.carboxy.1.4.naphthoquinol.biosynthesis
2026-05-04 17:17:47.012023 INFO::Fitting model to feature number 169, PWY.5838..superpathway.of.menaquinol.8.biosynthesis.I
2026-05-04 17:17:47.018367 INFO::Fitting model to feature number 170, PWY.5840..superpathway.of.menaquinol.7.biosynthesis
2026-05-04 17:17:47.026362 INFO::Fitting model to feature number 171, PWY.5845..superpathway.of.menaquinol.9.biosynthesis
2026-05-04 17:17:47.032836 INFO::Fitting model to feature number 172, PWY.5850..superpathway.of.menaquinol.6.biosynthesis
2026-05-04 17:17:47.039361 INFO::Fitting model to feature number 173, PWY.5855..ubiquinol.7.biosynthesis..early.decarboxylation.
2026-05-04 17:17:47.045942 INFO::Fitting model to feature number 174, PWY.5860..superpathway.of.demethylmenaquinol.6.biosynthesis.I
2026-05-04 17:17:47.052181 INFO::Fitting model to feature number 175, PWY.5861..superpathway.of.demethylmenaquinol.8.biosynthesis.I
2026-05-04 17:17:47.059831 INFO::Fitting model to feature number 176, PWY.5862..superpathway.of.demethylmenaquinol.9.biosynthesis
2026-05-04 17:17:47.066112 INFO::Fitting model to feature number 177, PWY.5896..superpathway.of.menaquinol.10.biosynthesis
2026-05-04 17:17:47.072662 INFO::Fitting model to feature number 178, PWY.5897..superpathway.of.menaquinol.11.biosynthesis
2026-05-04 17:17:47.079089 INFO::Fitting model to feature number 179, PWY.5898..superpathway.of.menaquinol.12.biosynthesis
2026-05-04 17:17:47.085289 INFO::Fitting model to feature number 180, PWY.5899..superpathway.of.menaquinol.13.biosynthesis
2026-05-04 17:17:47.09317 INFO::Fitting model to feature number 181, PWY.5910..superpathway.of.geranylgeranyldiphosphate.biosynthesis.I..via.mevalonate.
2026-05-04 17:17:47.099528 INFO::Fitting model to feature number 182, PWY.5913..partial.TCA.cycle..obligate.autotrophs.
2026-05-04 17:17:47.10606 INFO::Fitting model to feature number 183, PWY.5918..superpathway.of.heme.b.biosynthesis.from.glutamate
2026-05-04 17:17:47.112608 INFO::Fitting model to feature number 184, PWY.5920..superpathway.of.heme.b.biosynthesis.from.glycine
2026-05-04 17:17:47.11892 INFO::Fitting model to feature number 185, PWY.5941..glycogen.degradation.II
2026-05-04 17:17:47.12722 INFO::Fitting model to feature number 186, PWY.5971..palmitate.biosynthesis..type.II.fatty.acid.synthase.
2026-05-04 17:17:47.133664 INFO::Fitting model to feature number 187, PWY.5972..stearate.biosynthesis.I..animals.
2026-05-04 17:17:47.140757 INFO::Fitting model to feature number 188, PWY.5973..cis.vaccenate.biosynthesis
2026-05-04 17:17:47.147114 INFO::Fitting model to feature number 189, PWY.5981..CDP.diacylglycerol.biosynthesis.III
2026-05-04 17:17:47.153611 INFO::Fitting model to feature number 190, PWY.5989..stearate.biosynthesis.II..bacteria.and.plants.
2026-05-04 17:17:47.160166 INFO::Fitting model to feature number 191, PWY.5994..palmitate.biosynthesis..type.I.fatty.acid.synthase.
2026-05-04 17:17:47.166294 INFO::Fitting model to feature number 192, PWY.6121..5.aminoimidazole.ribonucleotide.biosynthesis.I
2026-05-04 17:17:47.173291 INFO::Fitting model to feature number 193, PWY.6122..5.aminoimidazole.ribonucleotide.biosynthesis.II
2026-05-04 17:17:47.179563 INFO::Fitting model to feature number 194, PWY.6123..inosine.5..phosphate.biosynthesis.I
2026-05-04 17:17:47.185742 INFO::Fitting model to feature number 195, PWY.6124..inosine.5..phosphate.biosynthesis.II
2026-05-04 17:17:47.192717 INFO::Fitting model to feature number 196, PWY.6125..superpathway.of.guanosine.nucleotides.de.novo.biosynthesis.II
2026-05-04 17:17:47.198907 INFO::Fitting model to feature number 197, PWY.6126..superpathway.of.adenosine.nucleotides.de.novo.biosynthesis.II
2026-05-04 17:17:47.215797 INFO::Fitting model to feature number 198, PWY.6147..6.hydroxymethyl.dihydropterin.diphosphate.biosynthesis.I
2026-05-04 17:17:47.226367 INFO::Fitting model to feature number 199, PWY.6151..S.adenosyl.L.methionine.salvage.I
2026-05-04 17:17:47.233664 INFO::Fitting model to feature number 200, PWY.6163..chorismate.biosynthesis.from.3.dehydroquinate
2026-05-04 17:17:47.240389 INFO::Fitting model to feature number 201, PWY.6168..flavin.biosynthesis.III..fungi.
2026-05-04 17:17:47.248605 INFO::Fitting model to feature number 202, PWY.6182..superpathway.of.salicylate.degradation
2026-05-04 17:17:47.256573 INFO::Fitting model to feature number 203, PWY.6185..4.methylcatechol.degradation..ortho.cleavage.
2026-05-04 17:17:47.265158 INFO::Fitting model to feature number 204, PWY.6210..2.aminophenol.degradation
2026-05-04 17:17:47.271705 INFO::Fitting model to feature number 205, PWY.6215..4.chlorobenzoate.degradation
2026-05-04 17:17:47.28198 INFO::Fitting model to feature number 206, PWY.621..sucrose.degradation.III..sucrose.invertase.
2026-05-04 17:17:47.288302 INFO::Fitting model to feature number 207, PWY.622..starch.biosynthesis
2026-05-04 17:17:47.295195 INFO::Fitting model to feature number 208, PWY.6270..isoprene.biosynthesis.I
2026-05-04 17:17:47.301576 INFO::Fitting model to feature number 209, PWY.6277..superpathway.of.5.aminoimidazole.ribonucleotide.biosynthesis
2026-05-04 17:17:47.30805 INFO::Fitting model to feature number 210, PWY.6282..palmitoleate.biosynthesis.I..from..5Z..dodec.5.enoate.
2026-05-04 17:17:47.31443 INFO::Fitting model to feature number 211, PWY.6284..superpathway.of.unsaturated.fatty.acids.biosynthesis..E..coli.
2026-05-04 17:17:47.320621 INFO::Fitting model to feature number 212, PWY.6285..superpathway.of.fatty.acids.biosynthesis..E..coli.
2026-05-04 17:17:47.32733 INFO::Fitting model to feature number 213, PWY.6292..superpathway.of.L.cysteine.biosynthesis..mammalian.
2026-05-04 17:17:47.333554 INFO::Fitting model to feature number 214, PWY.6293..superpathway.of.L.cysteine.biosynthesis..fungi.
2026-05-04 17:17:47.341697 INFO::Fitting model to feature number 215, PWY.6305..superpathway.of.putrescine.biosynthesis
2026-05-04 17:17:47.348253 INFO::Fitting model to feature number 216, PWY.6317..D.galactose.degradation.I..Leloir.pathway.
2026-05-04 17:17:47.354842 INFO::Fitting model to feature number 217, PWY.6318..L.phenylalanine.degradation.IV..mammalian..via.side.chain.
2026-05-04 17:17:47.361234 INFO::Fitting model to feature number 218, PWY.6328..L.lysine.degradation.X
2026-05-04 17:17:47.36763 INFO::Fitting model to feature number 219, PWY.6353..purine.nucleotides.degradation.II..aerobic.
2026-05-04 17:17:47.374551 INFO::Fitting model to feature number 220, PWY.6385..peptidoglycan.biosynthesis.III..mycobacteria.
2026-05-04 17:17:47.381216 INFO::Fitting model to feature number 221, PWY.6386..UDP.N.acetylmuramoyl.pentapeptide.biosynthesis.II..lysine.containing.
2026-05-04 17:17:47.387917 INFO::Fitting model to feature number 222, PWY.6387..UDP.N.acetylmuramoyl.pentapeptide.biosynthesis.I..meso.diaminopimelate.containing.
2026-05-04 17:17:47.394443 INFO::Fitting model to feature number 223, PWY.6396..superpathway.of.2.3.butanediol.biosynthesis
2026-05-04 17:17:47.400763 INFO::Fitting model to feature number 224, PWY.6435..4.hydroxybenzoate.biosynthesis.III..plants.
2026-05-04 17:17:47.407469 INFO::Fitting model to feature number 225, PWY.6507..4.deoxy.L.threo.hex.4.enopyranuronate.degradation
2026-05-04 17:17:47.413983 INFO::Fitting model to feature number 226, PWY.6519..8.amino.7.oxononanoate.biosynthesis.I
2026-05-04 17:17:47.420799 INFO::Fitting model to feature number 227, PWY.6527..stachyose.degradation
2026-05-04 17:17:47.427424 INFO::Fitting model to feature number 228, PWY.6531..mannitol.cycle
2026-05-04 17:17:47.433869 INFO::Fitting model to feature number 229, PWY.6545..pyrimidine.deoxyribonucleotides.de.novo.biosynthesis.III
2026-05-04 17:17:47.440239 INFO::Fitting model to feature number 230, PWY.6549..L.glutamine.biosynthesis.III
2026-05-04 17:17:47.446844 INFO::Fitting model to feature number 231, PWY.6588..pyruvate.fermentation.to.acetone
2026-05-04 17:17:47.453381 INFO::Fitting model to feature number 232, PWY.6590..superpathway.of.Clostridium.acetobutylicum.acidogenic.fermentation
2026-05-04 17:17:47.460518 INFO::Fitting model to feature number 233, PWY.6595..superpathway.of.guanosine.nucleotides.degradation..plants.
2026-05-04 17:17:47.466824 INFO::Fitting model to feature number 234, PWY.6606..guanosine.nucleotides.degradation.II
2026-05-04 17:17:47.473847 INFO::Fitting model to feature number 235, PWY.6607..guanosine.nucleotides.degradation.I
2026-05-04 17:17:47.480693 INFO::Fitting model to feature number 236, PWY.6608..guanosine.nucleotides.degradation.III
2026-05-04 17:17:47.486864 INFO::Fitting model to feature number 237, PWY.6609..adenine.and.adenosine.salvage.III
2026-05-04 17:17:47.493139 INFO::Fitting model to feature number 238, PWY.6612..superpathway.of.tetrahydrofolate.biosynthesis
2026-05-04 17:17:47.49963 INFO::Fitting model to feature number 239, PWY.6628..superpathway.of.L.phenylalanine.biosynthesis
2026-05-04 17:17:47.507123 INFO::Fitting model to feature number 240, PWY.6629..superpathway.of.L.tryptophan.biosynthesis
2026-05-04 17:17:47.513768 INFO::Fitting model to feature number 241, PWY.6630..superpathway.of.L.tyrosine.biosynthesis
2026-05-04 17:17:47.520278 INFO::Fitting model to feature number 242, PWY.6690..cinnamate.and.3.hydroxycinnamate.degradation.to.2.hydroxypentadienoate
2026-05-04 17:17:47.527203 INFO::Fitting model to feature number 243, PWY.6700..queuosine.biosynthesis.I..de.novo.
2026-05-04 17:17:47.534314 INFO::Fitting model to feature number 244, PWY.6703..preQ0.biosynthesis
2026-05-04 17:17:47.550509 INFO::Fitting model to feature number 245, PWY.6708..ubiquinol.8.biosynthesis..early.decarboxylation.
2026-05-04 17:17:47.562703 INFO::Fitting model to feature number 246, PWY.6731..starch.degradation.III
2026-05-04 17:17:47.568999 INFO::Fitting model to feature number 247, PWY.6749..CMP.legionaminate.biosynthesis.I
2026-05-04 17:17:47.572499 WARNING::Fitting problem for feature 247 returning NA
2026-05-04 17:17:47.576914 INFO::Fitting model to feature number 248, PWY.6803..phosphatidylcholine.acyl.editing
2026-05-04 17:17:47.586403 INFO::Fitting model to feature number 249, PWY.6823..molybdopterin.biosynthesis
2026-05-04 17:17:47.594681 INFO::Fitting model to feature number 250, PWY.6859..all.trans.farnesol.biosynthesis
2026-05-04 17:17:47.602346 INFO::Fitting model to feature number 251, PWY.6892..thiazole.component.of.thiamine.diphosphate.biosynthesis.I
2026-05-04 17:17:47.610781 INFO::Fitting model to feature number 252, PWY.6895..superpathway.of.thiamine.diphosphate.biosynthesis.II
2026-05-04 17:17:47.617051 INFO::Fitting model to feature number 253, PWY.6897..thiamine.diphosphate.salvage.II
2026-05-04 17:17:47.623528 INFO::Fitting model to feature number 254, PWY.6901..superpathway.of.glucose.and.xylose.degradation
2026-05-04 17:17:47.629756 INFO::Fitting model to feature number 255, PWY.6902..chitin.degradation.II..Vibrio.
2026-05-04 17:17:47.636777 INFO::Fitting model to feature number 256, PWY.6922..L.N.delta..acetylornithine.biosynthesis
2026-05-04 17:17:47.64374 INFO::Fitting model to feature number 257, PWY.6936..seleno.amino.acid.biosynthesis..plants.
2026-05-04 17:17:47.650045 INFO::Fitting model to feature number 258, PWY.6961..L.ascorbate.degradation.II..bacterial..aerobic.
2026-05-04 17:17:47.656675 INFO::Fitting model to feature number 259, PWY.6969..TCA.cycle.V..2.oxoglutarate.synthase.
2026-05-04 17:17:47.663124 INFO::Fitting model to feature number 260, PWY.6992..1.5.anhydrofructose.degradation
2026-05-04 17:17:47.669453 INFO::Fitting model to feature number 261, PWY.7013...S..propane.1.2.diol.degradation
2026-05-04 17:17:47.676614 INFO::Fitting model to feature number 262, PWY.702..L.methionine.biosynthesis.II
2026-05-04 17:17:47.682677 INFO::Fitting model to feature number 263, PWY.7039..phosphatidate.metabolism..as.a.signaling.molecule
2026-05-04 17:17:47.689136 INFO::Fitting model to feature number 264, PWY.7094..fatty.acid.salvage
2026-05-04 17:17:47.695179 INFO::Fitting model to feature number 265, PWY.7111..pyruvate.fermentation.to.isobutanol..engineered.
2026-05-04 17:17:47.701233 INFO::Fitting model to feature number 266, PWY.7115..C4.photosynthetic.carbon.assimilation.cycle..NAD.ME.type
2026-05-04 17:17:47.707107 INFO::Fitting model to feature number 267, PWY.7117..C4.photosynthetic.carbon.assimilation.cycle..PEPCK.type
2026-05-04 17:17:47.712946 INFO::Fitting model to feature number 268, PWY.7118..chitin.deacetylation
2026-05-04 17:17:47.71863 INFO::Fitting model to feature number 269, PWY.7165..L.ascorbate.biosynthesis.VIII..engineered.pathway.
2026-05-04 17:17:47.724911 INFO::Fitting model to feature number 270, PWY.7184..pyrimidine.deoxyribonucleotides.de.novo.biosynthesis.I
2026-05-04 17:17:47.730916 INFO::Fitting model to feature number 271, PWY.7185..UTP.and.CTP.dephosphorylation.I
2026-05-04 17:17:47.737375 INFO::Fitting model to feature number 272, PWY.7187..pyrimidine.deoxyribonucleotides.de.novo.biosynthesis.II
2026-05-04 17:17:47.743836 INFO::Fitting model to feature number 273, PWY.7196..superpathway.of.pyrimidine.ribonucleosides.salvage
2026-05-04 17:17:47.749489 INFO::Fitting model to feature number 274, PWY.7197..pyrimidine.deoxyribonucleotide.phosphorylation
2026-05-04 17:17:47.755753 INFO::Fitting model to feature number 275, PWY.7198..pyrimidine.deoxyribonucleotides.de.novo.biosynthesis.IV
2026-05-04 17:17:47.761652 INFO::Fitting model to feature number 276, PWY.7199..pyrimidine.deoxyribonucleosides.salvage
2026-05-04 17:17:47.767625 INFO::Fitting model to feature number 277, PWY.7200..superpathway.of.pyrimidine.deoxyribonucleoside.salvage
2026-05-04 17:17:47.774467 INFO::Fitting model to feature number 278, PWY.7204..pyridoxal.5..phosphate.salvage.II..plants.
2026-05-04 17:17:47.780417 INFO::Fitting model to feature number 279, PWY.7208..superpathway.of.pyrimidine.nucleobases.salvage
2026-05-04 17:17:47.78611 INFO::Fitting model to feature number 280, PWY.7209..superpathway.of.pyrimidine.ribonucleosides.degradation
2026-05-04 17:17:47.793115 INFO::Fitting model to feature number 281, PWY.7210..pyrimidine.deoxyribonucleotides.biosynthesis.from.CTP
2026-05-04 17:17:47.799118 INFO::Fitting model to feature number 282, PWY.7211..superpathway.of.pyrimidine.deoxyribonucleotides.de.novo.biosynthesis
2026-05-04 17:17:47.805771 INFO::Fitting model to feature number 283, PWY.7220..adenosine.deoxyribonucleotides.de.novo.biosynthesis.II
2026-05-04 17:17:47.811863 INFO::Fitting model to feature number 284, PWY.7221..guanosine.ribonucleotides.de.novo.biosynthesis
2026-05-04 17:17:47.817426 INFO::Fitting model to feature number 285, PWY.7222..guanosine.deoxyribonucleotides.de.novo.biosynthesis.II
2026-05-04 17:17:47.823753 INFO::Fitting model to feature number 286, PWY.7228..superpathway.of.guanosine.nucleotides.de.novo.biosynthesis.I
2026-05-04 17:17:47.829368 INFO::Fitting model to feature number 287, PWY.7229..superpathway.of.adenosine.nucleotides.de.novo.biosynthesis.I
2026-05-04 17:17:47.836212 INFO::Fitting model to feature number 288, PWY.7234..inosine.5..phosphate.biosynthesis.III
2026-05-04 17:17:47.842367 INFO::Fitting model to feature number 289, PWY.7237..myo...chiro..and.scyllo.inositol.degradation
2026-05-04 17:17:47.848078 INFO::Fitting model to feature number 290, PWY.7238..sucrose.biosynthesis.II
2026-05-04 17:17:47.854434 INFO::Fitting model to feature number 291, PWY.7242..D.fructuronate.degradation
2026-05-04 17:17:47.860575 INFO::Fitting model to feature number 292, PWY.7245..superpathway.of.NAD.NADP...NADH.NADPH.interconversion..yeast.
2026-05-04 17:17:47.866293 INFO::Fitting model to feature number 293, PWY.724..superpathway.of.L.lysine..L.threonine.and.L.methionine.biosynthesis.II
2026-05-04 17:17:47.886993 INFO::Fitting model to feature number 294, PWY.7254..TCA.cycle.VII..acetate.producers.
2026-05-04 17:17:47.914328 INFO::Fitting model to feature number 295, PWY.7268..cytosolic.NADPH.production..yeast.
2026-05-04 17:17:47.921721 INFO::Fitting model to feature number 296, PWY.7269..mitochondrial.NADPH.production..yeast.
2026-05-04 17:17:47.928042 INFO::Fitting model to feature number 297, PWY.7282..4.amino.2.methyl.5.diphosphomethylpyrimidine.biosynthesis.II
2026-05-04 17:17:47.934894 INFO::Fitting model to feature number 298, PWY.7294..D.xylose.degradation.IV
2026-05-04 17:17:47.943866 INFO::Fitting model to feature number 299, PWY.7315..dTDP.N.acetylthomosamine.biosynthesis
2026-05-04 17:17:47.952516 INFO::Fitting model to feature number 300, PWY.7323..superpathway.of.GDP.mannose.derived.O.antigen.building.blocks.biosynthesis
2026-05-04 17:17:47.95973 INFO::Fitting model to feature number 301, PWY.7328..superpathway.of.UDP.glucose.derived.O.antigen.building.blocks.biosynthesis
2026-05-04 17:17:47.965941 INFO::Fitting model to feature number 302, PWY.7340..9.cis..11.trans.octadecadienoyl.CoA.degradation..isomerase.dependent..yeast.
2026-05-04 17:17:47.972184 INFO::Fitting model to feature number 303, PWY.7345..superpathway.of.anaerobic.sucrose.degradation
2026-05-04 17:17:47.9784 INFO::Fitting model to feature number 304, PWY.7356..thiamine.diphosphate.salvage.IV..yeast.
2026-05-04 17:17:47.984579 INFO::Fitting model to feature number 305, PWY.7357..thiamine.phosphate.formation.from.pyrithiamine.and.oxythiamine..yeast.
2026-05-04 17:17:47.992526 INFO::Fitting model to feature number 306, PWY.7383..anaerobic.energy.metabolism..invertebrates..cytosol.
2026-05-04 17:17:47.998935 INFO::Fitting model to feature number 307, PWY.7385..1.3.propanediol.biosynthesis..engineered.
2026-05-04 17:17:48.0054 INFO::Fitting model to feature number 308, PWY.7388..octanoyl..acyl.carrier.protein..biosynthesis..mitochondria..yeast.
2026-05-04 17:17:48.012227 INFO::Fitting model to feature number 309, PWY.7391..isoprene.biosynthesis.II..engineered.
2026-05-04 17:17:48.018529 INFO::Fitting model to feature number 310, PWY.7392..taxadiene.biosynthesis..engineered.
2026-05-04 17:17:48.026035 INFO::Fitting model to feature number 311, PWY.7396..butanol.and.isobutanol.biosynthesis..engineered.
2026-05-04 17:17:48.032416 INFO::Fitting model to feature number 312, PWY.7400..L.arginine.biosynthesis.IV..archaebacteria.
2026-05-04 17:17:48.038866 INFO::Fitting model to feature number 313, PWY.7409..phospholipid.remodeling..phosphatidylethanolamine..yeast.
2026-05-04 17:17:48.045243 INFO::Fitting model to feature number 314, PWY.7434..terminal.O.glycans.residues.modification..via.type.2.precursor.disaccharide.
2026-05-04 17:17:48.048572 WARNING::Fitting problem for feature 314 returning NA
2026-05-04 17:17:48.051286 INFO::Fitting model to feature number 315, PWY.7446..sulfoquinovose.degradation.I
2026-05-04 17:17:48.058791 INFO::Fitting model to feature number 316, PWY.7456...beta...1.4..mannan.degradation
2026-05-04 17:17:48.065205 INFO::Fitting model to feature number 317, PWY.7560..methylerythritol.phosphate.pathway.II
2026-05-04 17:17:48.07301 INFO::Fitting model to feature number 318, PWY.7616..methanol.oxidation.to.carbon.dioxide
2026-05-04 17:17:48.079132 INFO::Fitting model to feature number 319, PWY.7663..gondoate.biosynthesis..anaerobic.
2026-05-04 17:17:48.085677 INFO::Fitting model to feature number 320, PWY.7664..oleate.biosynthesis.IV..anaerobic.
2026-05-04 17:17:48.092669 INFO::Fitting model to feature number 321, PWY.7723..bacterial.bioluminescence
2026-05-04 17:17:48.098339 INFO::Fitting model to feature number 322, PWY.7761..NAD.salvage.pathway.II..PNC.IV.cycle.
2026-05-04 17:17:48.106363 INFO::Fitting model to feature number 323, PWY.7783..plasmalogen.degradation
2026-05-04 17:17:48.112289 INFO::Fitting model to feature number 324, PWY.7790..UMP.biosynthesis.II
2026-05-04 17:17:48.118032 INFO::Fitting model to feature number 325, PWY.7791..UMP.biosynthesis.III
2026-05-04 17:17:48.125013 INFO::Fitting model to feature number 326, PWY.7805...aminomethyl.phosphonate.degradation
2026-05-04 17:17:48.130812 INFO::Fitting model to feature number 327, PWY.7807..glyphosate.degradation.III
2026-05-04 17:17:48.138177 INFO::Fitting model to feature number 328, PWY.7851..coenzyme.A.biosynthesis.II..eukaryotic.
2026-05-04 17:17:48.144451 INFO::Fitting model to feature number 329, PWY.7858...5Z..dodecenoate.biosynthesis.II
2026-05-04 17:17:48.150377 INFO::Fitting model to feature number 330, PWY.7873..D.erythronate.degradation.II
2026-05-04 17:17:48.156879 INFO::Fitting model to feature number 331, PWY.7874..L.threonate.degradation
2026-05-04 17:17:48.162631 INFO::Fitting model to feature number 332, PWY.7883..anhydromuropeptides.recycling.II
2026-05-04 17:17:48.16883 INFO::Fitting model to feature number 333, PWY.7942..5.oxo.L.proline.metabolism
2026-05-04 17:17:48.175048 INFO::Fitting model to feature number 334, PWY.7953..UDP.N.acetylmuramoyl.pentapeptide.biosynthesis.III..meso.diaminopimelate.containing.
2026-05-04 17:17:48.180793 INFO::Fitting model to feature number 335, PWY.7977..L.methionine.biosynthesis.IV
2026-05-04 17:17:48.186884 INFO::Fitting model to feature number 336, PWY.8004..Entner.Doudoroff.pathway.I
2026-05-04 17:17:48.193133 INFO::Fitting model to feature number 337, PWY.8011..L.serine.biosynthesis.II
2026-05-04 17:17:48.19916 INFO::Fitting model to feature number 338, PWY.801..homocysteine.and.cysteine.interconversion
2026-05-04 17:17:48.20669 INFO::Fitting model to feature number 339, PWY.8073..lipid.IVA.biosynthesis..P..putida.
2026-05-04 17:17:48.212959 INFO::Fitting model to feature number 340, PWY.8131..5..deoxyadenosine.degradation.II
2026-05-04 17:17:48.218936 INFO::Fitting model to feature number 341, PWY.8178..pentose.phosphate.pathway..non.oxidative.branch..II
2026-05-04 17:17:48.225301 INFO::Fitting model to feature number 342, PWY.8187..L.arginine.degradation.XIII..reductive.Stickland.reaction.
2026-05-04 17:17:48.231296 INFO::Fitting model to feature number 343, PWY.821..superpathway.of.sulfur.amino.acid.biosynthesis..Saccharomyces.cerevisiae.
2026-05-04 17:17:48.260374 INFO::Fitting model to feature number 344, PWY.822..fructan.biosynthesis
2026-05-04 17:17:48.263595 WARNING::Fitting problem for feature 344 returning NA
2026-05-04 17:17:48.266211 INFO::Fitting model to feature number 345, PWY.841..superpathway.of.purine.nucleotides.de.novo.biosynthesis.I
2026-05-04 17:17:48.274258 INFO::Fitting model to feature number 346, PWY.922..mevalonate.pathway.I..eukaryotes.and.bacteria.
2026-05-04 17:17:48.282193 INFO::Fitting model to feature number 347, PWY.I9..L.cysteine.biosynthesis.VI..from.L.methionine.
2026-05-04 17:17:48.288997 INFO::Fitting model to feature number 348, PWY0.1061..superpathway.of.L.alanine.biosynthesis
2026-05-04 17:17:48.295236 INFO::Fitting model to feature number 349, PWY0.1221..putrescine.degradation.II
2026-05-04 17:17:48.30139 INFO::Fitting model to feature number 350, PWY0.1241..ADP.L.glycero..beta..D.manno.heptose.biosynthesis
2026-05-04 17:17:48.308394 INFO::Fitting model to feature number 351, PWY0.1261..anhydromuropeptides.recycling.I
2026-05-04 17:17:48.314777 INFO::Fitting model to feature number 352, PWY0.1277..3.phenylpropanoate.and.3..3.hydroxyphenyl.propanoate.degradation
2026-05-04 17:17:48.32126 INFO::Fitting model to feature number 353, PWY0.1296..purine.ribonucleosides.degradation
2026-05-04 17:17:48.327895 INFO::Fitting model to feature number 354, PWY0.1297..superpathway.of.purine.deoxyribonucleosides.degradation
2026-05-04 17:17:48.33427 INFO::Fitting model to feature number 355, PWY0.1298..superpathway.of.pyrimidine.deoxyribonucleosides.degradation
2026-05-04 17:17:48.34138 INFO::Fitting model to feature number 356, PWY0.1319..CDP.diacylglycerol.biosynthesis.II
2026-05-04 17:17:48.347644 INFO::Fitting model to feature number 357, PWY0.1337..oleate..beta..oxidation
2026-05-04 17:17:48.355606 INFO::Fitting model to feature number 358, PWY0.1338..polymyxin.resistance
2026-05-04 17:17:48.362178 INFO::Fitting model to feature number 359, PWY0.1415..superpathway.of.heme.b.biosynthesis.from.uroporphyrinogen.III
2026-05-04 17:17:48.368634 INFO::Fitting model to feature number 360, PWY0.1477..ethanolamine.utilization
2026-05-04 17:17:48.375324 INFO::Fitting model to feature number 361, PWY0.1479..tRNA.processing
2026-05-04 17:17:48.381666 INFO::Fitting model to feature number 362, PWY0.1533..methylphosphonate.degradation.I
2026-05-04 17:17:48.389238 INFO::Fitting model to feature number 363, PWY0.1586..peptidoglycan.maturation..meso.diaminopimelate.containing.
2026-05-04 17:17:48.396032 INFO::Fitting model to feature number 364, PWY0.162..superpathway.of.pyrimidine.ribonucleotides.de.novo.biosynthesis
2026-05-04 17:17:48.402964 INFO::Fitting model to feature number 365, PWY0.166..superpathway.of.pyrimidine.deoxyribonucleotides.de.novo.biosynthesis..E..coli.
2026-05-04 17:17:48.410277 INFO::Fitting model to feature number 366, PWY0.301..L.ascorbate.degradation.I..bacterial..anaerobic.
2026-05-04 17:17:48.416805 INFO::Fitting model to feature number 367, PWY0.41..allantoin.degradation.IV..anaerobic.
2026-05-04 17:17:48.423694 INFO::Fitting model to feature number 368, PWY0.42..2.methylcitrate.cycle.I
2026-05-04 17:17:48.430176 INFO::Fitting model to feature number 369, PWY0.461..L.lysine.degradation.I
2026-05-04 17:17:48.436963 INFO::Fitting model to feature number 370, PWY0.781..aspartate.superpathway
2026-05-04 17:17:48.44393 INFO::Fitting model to feature number 371, PWY0.845..superpathway.of.pyridoxal.5..phosphate.biosynthesis.and.salvage
2026-05-04 17:17:48.450323 INFO::Fitting model to feature number 372, PWY0.862...5Z..dodecenoate.biosynthesis.I
2026-05-04 17:17:48.457355 INFO::Fitting model to feature number 373, PWY0.881..superpathway.of.fatty.acid.biosynthesis.I..E..coli.
2026-05-04 17:17:48.463787 INFO::Fitting model to feature number 374, PWY1G.0..mycothiol.biosynthesis
2026-05-04 17:17:48.470544 INFO::Fitting model to feature number 375, PWY1ZNC.1..assimilatory.sulfate.reduction.IV
2026-05-04 17:17:48.478904 INFO::Fitting model to feature number 376, PWY3O.4107..NAD.salvage.pathway.V..PNC.V.cycle.
2026-05-04 17:17:48.485098 INFO::Fitting model to feature number 377, PWY4FS.7..phosphatidylglycerol.biosynthesis.I..plastidic.
2026-05-04 17:17:48.491973 INFO::Fitting model to feature number 378, PWY4FS.8..phosphatidylglycerol.biosynthesis.II..non.plastidic.
2026-05-04 17:17:48.4984 INFO::Fitting model to feature number 379, PWY4LZ.257..superpathway.of.fermentation..Chlamydomonas.reinhardtii.
2026-05-04 17:17:48.505123 INFO::Fitting model to feature number 380, PWY5F9.12..biphenyl.degradation
2026-05-04 17:17:48.51177 INFO::Fitting model to feature number 381, PWY66.389..phytol.degradation
2026-05-04 17:17:48.517827 INFO::Fitting model to feature number 382, PWY66.391..fatty.acid..beta..oxidation.VI..mammalian.peroxisome.
2026-05-04 17:17:48.524703 INFO::Fitting model to feature number 383, PWY66.399..gluconeogenesis.III
2026-05-04 17:17:48.531113 INFO::Fitting model to feature number 384, PWY66.409..superpathway.of.purine.nucleotide.salvage
2026-05-04 17:17:48.538684 INFO::Fitting model to feature number 385, PWY66.429..fatty.acid.biosynthesis.initiation..mitochondria.
2026-05-04 17:17:48.545944 INFO::Fitting model to feature number 386, PWY66.430..myristate.biosynthesis..mitochondria.
2026-05-04 17:17:48.552247 INFO::Fitting model to feature number 387, PYRIDNUCSAL.PWY..NAD.salvage.pathway.I..PNC.VI.cycle.
2026-05-04 17:17:48.559097 INFO::Fitting model to feature number 388, PYRIDNUCSYN.PWY..NAD.de.novo.biosynthesis.I..from.aspartate.
2026-05-04 17:17:48.56533 INFO::Fitting model to feature number 389, PYRIDOXSYN.PWY..pyridoxal.5..phosphate.biosynthesis.I
2026-05-04 17:17:48.572101 INFO::Fitting model to feature number 390, REDCITCYC..TCA.cycle.VI..Helicobacter.
2026-05-04 17:17:48.59023 INFO::Fitting model to feature number 391, RHAMCAT.PWY..L.rhamnose.degradation.I
2026-05-04 17:17:48.600639 INFO::Fitting model to feature number 392, RIBOSYN2.PWY..flavin.biosynthesis.I..bacteria.and.plants.
2026-05-04 17:17:48.607537 INFO::Fitting model to feature number 393, RUMP.PWY..formaldehyde.oxidation.I
2026-05-04 17:17:48.614243 INFO::Fitting model to feature number 394, SALVADEHYPOX.PWY..adenosine.nucleotides.degradation.II
2026-05-04 17:17:48.62153 INFO::Fitting model to feature number 395, SER.GLYSYN.PWY..superpathway.of.L.serine.and.glycine.biosynthesis.I
2026-05-04 17:17:48.628662 INFO::Fitting model to feature number 396, SO4ASSIM.PWY..assimilatory.sulfate.reduction.I
2026-05-04 17:17:48.637895 INFO::Fitting model to feature number 397, SULFATE.CYS.PWY..superpathway.of.sulfate.assimilation.and.cysteine.biosynthesis
2026-05-04 17:17:48.644417 INFO::Fitting model to feature number 398, TCA.GLYOX.BYPASS..superpathway.of.glyoxylate.bypass.and.TCA
2026-05-04 17:17:48.650791 INFO::Fitting model to feature number 399, TCA..TCA.cycle.I..prokaryotic.
2026-05-04 17:17:48.65855 INFO::Fitting model to feature number 400, THISYN.PWY..superpathway.of.thiamine.diphosphate.biosynthesis.I
2026-05-04 17:17:48.665049 INFO::Fitting model to feature number 401, THISYNARA.PWY..superpathway.of.thiamine.diphosphate.biosynthesis.III..eukaryotes.
2026-05-04 17:17:48.672099 INFO::Fitting model to feature number 402, THREOCAT.PWY..superpathway.of.L.threonine.metabolism
2026-05-04 17:17:48.678794 INFO::Fitting model to feature number 403, THRESYN.PWY..superpathway.of.L.threonine.biosynthesis
2026-05-04 17:17:48.685073 INFO::Fitting model to feature number 404, TRNA.CHARGING.PWY..tRNA.charging
2026-05-04 17:17:48.691605 INFO::Fitting model to feature number 405, TRPSYN.PWY..L.tryptophan.biosynthesis
2026-05-04 17:17:48.69837 INFO::Fitting model to feature number 406, UBISYN.PWY..superpathway.of.ubiquinol.8.biosynthesis..early.decarboxylation.
2026-05-04 17:17:48.705527 INFO::Fitting model to feature number 407, UDPNACETYLGALSYN.PWY..UDP.N.acetyl.D.glucosamine.biosynthesis.II
2026-05-04 17:17:48.70893 WARNING::Fitting problem for feature 407 returning NA
2026-05-04 17:17:48.711884 INFO::Fitting model to feature number 408, UDPNAGSYN.PWY..UDP.N.acetyl.D.glucosamine.biosynthesis.I
2026-05-04 17:17:48.71805 INFO::Fitting model to feature number 409, URDEGR.PWY..superpathway.of.allantoin.degradation.in.plants
2026-05-04 17:17:48.7247 INFO::Fitting model to feature number 410, URSIN.PWY..ureide.biosynthesis
2026-05-04 17:17:48.731209 INFO::Fitting model to feature number 411, VALSYN.PWY..L.valine.biosynthesis
2026-05-04 17:17:48.75685 INFO::Performing tests against medians
2026-05-04 17:18:02.572821 INFO::Counting total values for each feature
2026-05-04 17:18:02.67757 INFO::Running the logistic model component
2026-05-04 17:18:02.684506 DEBUG::Object: augment, Size: 56
2026-05-04 17:18:02.685132 DEBUG::Object: cluster, Size: 0
2026-05-04 17:18:02.685708 DEBUG::Object: cores, Size: 56
2026-05-04 17:18:02.686375 DEBUG::Object: correction, Size: 112
2026-05-04 17:18:02.686953 DEBUG::Object: extract_out, Size: 4216
2026-05-04 17:18:02.687465 DEBUG::Object: feature_specific_covariate, Size: 0
2026-05-04 17:18:02.687997 DEBUG::Object: feature_specific_covariate_name, Size: 0
2026-05-04 17:18:02.688486 DEBUG::Object: feature_specific_covariate_record, Size: 0
2026-05-04 17:18:02.689013 DEBUG::Object: features, Size: 321408
2026-05-04 17:18:02.689512 DEBUG::Object: formula, Size: 3808
2026-05-04 17:18:02.690029 DEBUG::Object: fun_list, Size: 70920
2026-05-04 17:18:02.69057 DEBUG::Object: func_to_run, Size: 435336
2026-05-04 17:18:02.691085 DEBUG::Object: groups, Size: 48
2026-05-04 17:18:02.691734 DEBUG::Object: median_comparison, Size: 56
2026-05-04 17:18:02.692316 DEBUG::Object: median_comparison_threshold, Size: 56
2026-05-04 17:18:02.692846 DEBUG::Object: metadata, Size: 30528
2026-05-04 17:18:02.693373 DEBUG::Object: model, Size: 120
2026-05-04 17:18:02.693886 DEBUG::Object: model_function, Size: 21016
2026-05-04 17:18:02.694424 DEBUG::Object: ordereds, Size: 48
2026-05-04 17:18:02.694936 DEBUG::Object: random_effects_formula, Size: 0
2026-05-04 17:18:02.695454 DEBUG::Object: ranef_function, Size: 0
2026-05-04 17:18:02.695925 DEBUG::Object: save_models, Size: 56
2026-05-04 17:18:02.696457 DEBUG::Object: small_random_effects, Size: 56
2026-05-04 17:18:02.696947 DEBUG::Object: strata, Size: 48
2026-05-04 17:18:02.697474 DEBUG::Object: subtract_median, Size: 56
2026-05-04 17:18:02.698156 DEBUG::Object: summary_function, Size: 49424
2026-05-04 17:18:02.698756 DEBUG::Object: func_to_run, Size: 435336
2026-05-04 17:18:02.699599 INFO::Fitting model to feature number 1, X1CMET2.PWY..folate.transformations.III..E..coli.
2026-05-04 17:18:02.702312 INFO::Fitting model to feature number 2, X3.HYDROXYPHENYLACETATE.DEGRADATION.PWY..4.hydroxyphenylacetate.degradation
2026-05-04 17:18:02.712183 INFO::Fitting model to feature number 3, AEROBACTINSYN.PWY..aerobactin.biosynthesis
2026-05-04 17:18:02.721745 INFO::Fitting model to feature number 4, ALLANTOINDEG.PWY..superpathway.of.allantoin.degradation.in.yeast
2026-05-04 17:18:02.731195 INFO::Fitting model to feature number 5, ANAEROFRUCAT.PWY..homolactic.fermentation
2026-05-04 17:18:02.733999 INFO::Fitting model to feature number 6, ANAGLYCOLYSIS.PWY..glycolysis.III..from.glucose.
2026-05-04 17:18:02.736581 INFO::Fitting model to feature number 7, ARG.POLYAMINE.SYN..superpathway.of.arginine.and.polyamine.biosynthesis
2026-05-04 17:18:02.745925 INFO::Fitting model to feature number 8, ARGDEG.PWY..superpathway.of.L.arginine..putrescine..and.4.aminobutanoate.degradation
2026-05-04 17:18:02.755037 INFO::Fitting model to feature number 9, ARGININE.SYN4.PWY..L.ornithine.biosynthesis.II
2026-05-04 17:18:02.757845 INFO::Fitting model to feature number 10, ARGSYN.PWY..L.arginine.biosynthesis.I..via.L.ornithine.
2026-05-04 17:18:02.761919 INFO::Fitting model to feature number 11, ARGSYNBSUB.PWY..L.arginine.biosynthesis.II..acetyl.cycle.
2026-05-04 17:18:02.764711 INFO::Fitting model to feature number 12, ARO.PWY..chorismate.biosynthesis.I
2026-05-04 17:18:02.767326 INFO::Fitting model to feature number 13, ASPASN.PWY..superpathway.of.L.aspartate.and.L.asparagine.biosynthesis
2026-05-04 17:18:02.769918 INFO::Fitting model to feature number 14, AST.PWY..L.arginine.degradation.II..AST.pathway.
2026-05-04 17:18:02.779921 INFO::Fitting model to feature number 15, BIOTIN.BIOSYNTHESIS.PWY..biotin.biosynthesis.I
2026-05-04 17:18:02.7893 INFO::Fitting model to feature number 16, BRANCHED.CHAIN.AA.SYN.PWY..superpathway.of.branched.chain.amino.acid.biosynthesis
2026-05-04 17:18:02.810211 INFO::Fitting model to feature number 17, CALVIN.PWY..Calvin.Benson.Bassham.cycle
2026-05-04 17:18:02.814255 INFO::Fitting model to feature number 18, CARNMET.PWY..L.carnitine.degradation.I
2026-05-04 17:18:02.823503 INFO::Fitting model to feature number 19, CATECHOL.ORTHO.CLEAVAGE.PWY..catechol.degradation.to..beta..ketoadipate
2026-05-04 17:18:02.832975 INFO::Fitting model to feature number 20, CENTFERM.PWY..pyruvate.fermentation.to.butanoate
2026-05-04 17:18:02.844707 INFO::Fitting model to feature number 21, CITRULBIO.PWY..L.citrulline.biosynthesis
2026-05-04 17:18:02.847671 INFO::Fitting model to feature number 22, COA.PWY.1..superpathway.of.coenzyme.A.biosynthesis.III..mammals.
2026-05-04 17:18:02.850242 INFO::Fitting model to feature number 23, COA.PWY..coenzyme.A.biosynthesis.I..prokaryotic.
2026-05-04 17:18:02.852766 INFO::Fitting model to feature number 24, COBALSYN.PWY..superpathway.of.adenosylcobalamin.salvage.from.cobinamide.I
2026-05-04 17:18:02.861984 INFO::Fitting model to feature number 25, COLANSYN.PWY..colanic.acid.building.blocks.biosynthesis
2026-05-04 17:18:02.871483 INFO::Fitting model to feature number 26, COMPLETE.ARO.PWY..superpathway.of.aromatic.amino.acid.biosynthesis
2026-05-04 17:18:02.87428 INFO::Fitting model to feature number 27, CRNFORCAT.PWY..creatinine.degradation.I
2026-05-04 17:18:02.884038 INFO::Fitting model to feature number 28, DAPLYSINESYN.PWY..L.lysine.biosynthesis.I
2026-05-04 17:18:02.886787 INFO::Fitting model to feature number 29, DARABCATK12.PWY..D.arabinose.degradation.I
2026-05-04 17:18:02.896208 INFO::Fitting model to feature number 30, DENITRIFICATION.PWY..nitrate.reduction.I..denitrification.
2026-05-04 17:18:02.905856 INFO::Fitting model to feature number 31, DENOVOPURINE2.PWY..superpathway.of.purine.nucleotides.de.novo.biosynthesis.II
2026-05-04 17:18:02.916067 INFO::Fitting model to feature number 32, DHGLUCONATE.PYR.CAT.PWY..glucose.degradation..oxidative.
2026-05-04 17:18:02.925722 INFO::Fitting model to feature number 33, DTDPRHAMSYN.PWY..dTDP..beta..L.rhamnose.biosynthesis
2026-05-04 17:18:02.935389 INFO::Fitting model to feature number 34, ECASYN.PWY..enterobacterial.common.antigen.biosynthesis
2026-05-04 17:18:02.945055 INFO::Fitting model to feature number 35, FAO.PWY..fatty.acid..beta..oxidation.I..generic.
2026-05-04 17:18:02.954722 INFO::Fitting model to feature number 36, FASYN.ELONG.PWY..fatty.acid.elongation....saturated
2026-05-04 17:18:02.957408 INFO::Fitting model to feature number 37, FASYN.INITIAL.PWY..superpathway.of.fatty.acid.biosynthesis.initiation..E..coli.
2026-05-04 17:18:02.968891 INFO::Fitting model to feature number 38, FERMENTATION.PWY..mixed.acid.fermentation
2026-05-04 17:18:02.9716 INFO::Fitting model to feature number 39, FOLSYN.PWY..superpathway.of.tetrahydrofolate.biosynthesis.and.salvage
2026-05-04 17:18:02.981385 INFO::Fitting model to feature number 40, FUC.RHAMCAT.PWY..superpathway.of.fucose.and.rhamnose.degradation
2026-05-04 17:18:02.990979 INFO::Fitting model to feature number 41, FUCCAT.PWY..fucose.degradation
2026-05-04 17:18:03.001827 INFO::Fitting model to feature number 42, GALACT.GLUCUROCAT.PWY..superpathway.of.hexuronide.and.hexuronate.degradation
2026-05-04 17:18:03.010907 INFO::Fitting model to feature number 43, GALACTARDEG.PWY..D.galactarate.degradation.I
2026-05-04 17:18:03.019984 INFO::Fitting model to feature number 44, GALACTITOLCAT.PWY..galactitol.degradation
2026-05-04 17:18:03.029575 INFO::Fitting model to feature number 45, GALACTUROCAT.PWY..D.galacturonate.degradation.I
2026-05-04 17:18:03.038986 INFO::Fitting model to feature number 46, GLCMANNANAUT.PWY..superpathway.of.N.acetylglucosamine..N.acetylmannosamine.and.N.acetylneuraminate.degradation
2026-05-04 17:18:03.041728 INFO::Fitting model to feature number 47, GLUCARDEG.PWY..D.glucarate.degradation.I
2026-05-04 17:18:03.052244 INFO::Fitting model to feature number 48, GLUCARGALACTSUPER.PWY..superpathway.of.D.glucarate.and.D.galactarate.degradation
2026-05-04 17:18:03.062367 INFO::Fitting model to feature number 49, GLUCONEO.PWY..gluconeogenesis.I
2026-05-04 17:18:03.065087 INFO::Fitting model to feature number 50, GLUCOSE1PMETAB.PWY..glucose.and.glucose.1.phosphate.degradation
2026-05-04 17:18:03.074486 INFO::Fitting model to feature number 51, GLUCUROCAT.PWY..superpathway.of..beta..D.glucuronosides.degradation
2026-05-04 17:18:03.084588 INFO::Fitting model to feature number 52, GLUDEG.I.PWY..GABA.shunt
2026-05-04 17:18:03.095452 INFO::Fitting model to feature number 53, GLUTORN.PWY..L.ornithine.biosynthesis.I
2026-05-04 17:18:03.098271 INFO::Fitting model to feature number 54, GLYCOCAT.PWY..glycogen.degradation.I
2026-05-04 17:18:03.107832 INFO::Fitting model to feature number 55, GLYCOGENSYNTH.PWY..glycogen.biosynthesis.I..from.ADP.D.Glucose.
2026-05-04 17:18:03.111794 INFO::Fitting model to feature number 56, GLYCOL.GLYOXDEG.PWY..superpathway.of.glycol.metabolism.and.degradation
2026-05-04 17:18:03.121399 INFO::Fitting model to feature number 57, GLYCOLYSIS.E.D..superpathway.of.glycolysis.and.the.Entner.Doudoroff.pathway
2026-05-04 17:18:03.13134 INFO::Fitting model to feature number 58, GLYCOLYSIS.TCA.GLYOX.BYPASS..superpathway.of.glycolysis..pyruvate.dehydrogenase..TCA..and.glyoxylate.bypass
2026-05-04 17:18:03.140744 INFO::Fitting model to feature number 59, GLYCOLYSIS..glycolysis.I..from.glucose.6.phosphate.
2026-05-04 17:18:03.143746 INFO::Fitting model to feature number 60, GLYOXYLATE.BYPASS..glyoxylate.cycle
2026-05-04 17:18:03.171492 INFO::Fitting model to feature number 61, GOLPDLCAT.PWY..superpathway.of.glycerol.degradation.to.1.3.propanediol
2026-05-04 17:18:03.181647 INFO::Fitting model to feature number 62, HCAMHPDEG.PWY..3.phenylpropanoate.and.3..3.hydroxyphenyl.propanoate.degradation.to.2.hydroxypentadienoate
2026-05-04 17:18:03.193781 INFO::Fitting model to feature number 63, HEME.BIOSYNTHESIS.II.1..heme.b.biosynthesis.V..aerobic.
2026-05-04 17:18:03.203539 INFO::Fitting model to feature number 64, HEME.BIOSYNTHESIS.II..heme.b.biosynthesis.I..aerobic.
2026-05-04 17:18:03.206864 INFO::Fitting model to feature number 65, HEMESYN2.PWY..heme.b.biosynthesis.II..oxygen.independent.
2026-05-04 17:18:03.211435 INFO::Fitting model to feature number 66, HEXITOLDEGSUPER.PWY..superpathway.of.hexitol.degradation..bacteria.
2026-05-04 17:18:03.226657 INFO::Fitting model to feature number 67, HISDEG.PWY..L.histidine.degradation.I
2026-05-04 17:18:03.236746 INFO::Fitting model to feature number 68, HISTSYN.PWY..L.histidine.biosynthesis
2026-05-04 17:18:03.239486 INFO::Fitting model to feature number 69, HOMOSER.METSYN.PWY..L.methionine.biosynthesis.I
2026-05-04 17:18:03.249228 INFO::Fitting model to feature number 70, HSERMETANA.PWY..L.methionine.biosynthesis.III
2026-05-04 17:18:03.259154 INFO::Fitting model to feature number 71, ILEUSYN.PWY..L.isoleucine.biosynthesis.I..from.threonine.
2026-05-04 17:18:03.262206 INFO::Fitting model to feature number 72, KDO.NAGLIPASYN.PWY..superpathway.of..Kdo.2.lipid.A.biosynthesis
2026-05-04 17:18:03.272106 INFO::Fitting model to feature number 73, KETOGLUCONMET.PWY..ketogluconate.metabolism
2026-05-04 17:18:03.281889 INFO::Fitting model to feature number 74, LACTOSECAT.PWY..lactose.and.galactose.degradation.I
2026-05-04 17:18:03.291491 INFO::Fitting model to feature number 75, LIPA.CORESYN.PWY..lipid.A.core.biosynthesis..E..coli.K.12.
2026-05-04 17:18:03.30259 INFO::Fitting model to feature number 76, LIPASYN.PWY..phospholipases
2026-05-04 17:18:03.312727 INFO::Fitting model to feature number 77, LPSSYN.PWY..superpathway.of.lipopolysaccharide.biosynthesis
2026-05-04 17:18:03.322433 INFO::Fitting model to feature number 78, MET.SAM.PWY..superpathway.of.S.adenosyl.L.methionine.biosynthesis
2026-05-04 17:18:03.332039 INFO::Fitting model to feature number 79, METHGLYUT.PWY..superpathway.of.methylglyoxal.degradation
2026-05-04 17:18:03.341609 INFO::Fitting model to feature number 80, METSYN.PWY..superpathway.of.L.homoserine.and.L.methionine.biosynthesis
2026-05-04 17:18:03.352061 INFO::Fitting model to feature number 81, NAD.BIOSYNTHESIS.II..NAD.salvage.pathway.III..to.nicotinamide.riboside.
2026-05-04 17:18:03.36194 INFO::Fitting model to feature number 82, NAGLIPASYN.PWY..lipid.IVA.biosynthesis..E..coli.
2026-05-04 17:18:03.371595 INFO::Fitting model to feature number 83, NONMEVIPP.PWY..methylerythritol.phosphate.pathway.I
2026-05-04 17:18:03.374351 INFO::Fitting model to feature number 84, NONOXIPENT.PWY..pentose.phosphate.pathway..non.oxidative.branch..I
2026-05-04 17:18:03.378559 INFO::Fitting model to feature number 85, OANTIGEN.PWY..O.antigen.building.blocks.biosynthesis..E..coli.
2026-05-04 17:18:03.388659 INFO::Fitting model to feature number 86, ORNARGDEG.PWY..superpathway.of.L.arginine.and.L.ornithine.degradation
2026-05-04 17:18:03.399574 INFO::Fitting model to feature number 87, ORNDEG.PWY..superpathway.of.ornithine.degradation
2026-05-04 17:18:03.409935 INFO::Fitting model to feature number 88, P105.PWY..TCA.cycle.IV..2.oxoglutarate.decarboxylase.
2026-05-04 17:18:03.419465 INFO::Fitting model to feature number 89, P108.PWY..pyruvate.fermentation.to.propanoate.I
2026-05-04 17:18:03.429801 INFO::Fitting model to feature number 90, P122.PWY..heterolactic.fermentation
2026-05-04 17:18:03.439477 INFO::Fitting model to feature number 91, P124.PWY..Bifidobacterium.shunt
2026-05-04 17:18:03.449478 INFO::Fitting model to feature number 92, P125.PWY..superpathway.of..R.R..butanediol.biosynthesis
2026-05-04 17:18:03.459425 INFO::Fitting model to feature number 93, P161.PWY..acetylene.degradation..anaerobic.
2026-05-04 17:18:03.462156 INFO::Fitting model to feature number 94, P164.PWY..purine.nucleobases.degradation.I..anaerobic.
2026-05-04 17:18:03.472453 INFO::Fitting model to feature number 95, P185.PWY..formaldehyde.assimilation.III..dihydroxyacetone.cycle.
2026-05-04 17:18:03.482557 INFO::Fitting model to feature number 96, P221.PWY..octane.oxidation
2026-05-04 17:18:03.491685 INFO::Fitting model to feature number 97, P23.PWY..reductive.TCA.cycle.I
2026-05-04 17:18:03.520607 INFO::Fitting model to feature number 98, P4.PWY..superpathway.of.L.lysine..L.threonine.and.L.methionine.biosynthesis.I
2026-05-04 17:18:03.529387 INFO::Fitting model to feature number 99, P41.PWY..pyruvate.fermentation.to.acetate.and..S..lactate.I
2026-05-04 17:18:03.532043 INFO::Fitting model to feature number 100, P42.PWY..incomplete.reductive.TCA.cycle
2026-05-04 17:18:03.55953 INFO::Fitting model to feature number 101, P441.PWY..superpathway.of.N.acetylneuraminate.degradation
2026-05-04 17:18:03.563929 INFO::Fitting model to feature number 102, P461.PWY..hexitol.fermentation.to.lactate..formate..ethanol.and.acetate
2026-05-04 17:18:03.573309 INFO::Fitting model to feature number 103, P562.PWY..myo.inositol.degradation.I
2026-05-04 17:18:03.583383 INFO::Fitting model to feature number 104, P621.PWY..nylon.6.oligomer.degradation
2026-05-04 17:18:03.594909 INFO::Fitting model to feature number 105, PANTO.PWY..phosphopantothenate.biosynthesis.I
2026-05-04 17:18:03.597905 INFO::Fitting model to feature number 106, PANTOSYN.PWY..superpathway.of.coenzyme.A.biosynthesis.I..bacteria.
2026-05-04 17:18:03.600474 INFO::Fitting model to feature number 107, PENTOSE.P.PWY..pentose.phosphate.pathway
2026-05-04 17:18:03.603017 INFO::Fitting model to feature number 108, PEPTIDOGLYCANSYN.PWY..peptidoglycan.biosynthesis.I..meso.diaminopimelate.containing.
2026-05-04 17:18:03.605522 INFO::Fitting model to feature number 109, PHOSLIPSYN.PWY..superpathway.of.phospholipid.biosynthesis.I..bacteria.
2026-05-04 17:18:03.614872 INFO::Fitting model to feature number 110, POLYAMSYN.PWY..superpathway.of.polyamine.biosynthesis.I
2026-05-04 17:18:03.624057 INFO::Fitting model to feature number 111, POLYISOPRENSYN.PWY..polyisoprenoid.biosynthesis..E..coli.
2026-05-04 17:18:03.627318 INFO::Fitting model to feature number 112, PPGPPMET.PWY..ppGpp.metabolism
2026-05-04 17:18:03.637125 INFO::Fitting model to feature number 113, PROTOCATECHUATE.ORTHO.CLEAVAGE.PWY..protocatechuate.degradation.II..ortho.cleavage.pathway.
2026-05-04 17:18:03.648766 INFO::Fitting model to feature number 114, PRPP.PWY..superpathway.of.histidine..purine..and.pyrimidine.biosynthesis
2026-05-04 17:18:03.658111 INFO::Fitting model to feature number 115, PWY.1042..glycolysis.IV
2026-05-04 17:18:03.661431 INFO::Fitting model to feature number 116, PWY.1269..CMP.3.deoxy.D.manno.octulosonate.biosynthesis
2026-05-04 17:18:03.671612 INFO::Fitting model to feature number 117, PWY.1622..formaldehyde.assimilation.I..serine.pathway.
2026-05-04 17:18:03.681777 INFO::Fitting model to feature number 118, PWY.181..photorespiration
2026-05-04 17:18:03.690088 INFO::Fitting model to feature number 119, PWY.1861..formaldehyde.assimilation.II..assimilatory.RuMP.Cycle.
2026-05-04 17:18:03.698879 INFO::Fitting model to feature number 120, PWY.2221..Entner.Doudoroff.pathway.III..semi.phosphorylative.
2026-05-04 17:18:03.707624 INFO::Fitting model to feature number 121, PWY.241..C4.photosynthetic.carbon.assimilation.cycle..NADP.ME.type
2026-05-04 17:18:03.717301 INFO::Fitting model to feature number 122, PWY.2941..L.lysine.biosynthesis.II
2026-05-04 17:18:03.7199 INFO::Fitting model to feature number 123, PWY.2942..L.lysine.biosynthesis.III
2026-05-04 17:18:03.728552 INFO::Fitting model to feature number 124, PWY.3001..superpathway.of.L.isoleucine.biosynthesis.I
2026-05-04 17:18:03.731069 INFO::Fitting model to feature number 125, PWY.3801..sucrose.degradation.II..sucrose.synthase.
2026-05-04 17:18:03.73963 INFO::Fitting model to feature number 126, PWY.3841..folate.transformations.II..plants.
2026-05-04 17:18:03.742498 INFO::Fitting model to feature number 127, PWY.4041...gamma..glutamyl.cycle
2026-05-04 17:18:03.75203 INFO::Fitting model to feature number 128, PWY.4984..urea.cycle
2026-05-04 17:18:03.760441 INFO::Fitting model to feature number 129, PWY.5005..biotin.biosynthesis.II
2026-05-04 17:18:03.769246 INFO::Fitting model to feature number 130, PWY.5028..L.histidine.degradation.II
2026-05-04 17:18:03.779649 INFO::Fitting model to feature number 131, PWY.5030..L.histidine.degradation.III
2026-05-04 17:18:03.788093 INFO::Fitting model to feature number 132, PWY.5097..L.lysine.biosynthesis.VI
2026-05-04 17:18:03.790695 INFO::Fitting model to feature number 133, PWY.5100..pyruvate.fermentation.to.acetate.and.lactate.II
2026-05-04 17:18:03.793582 INFO::Fitting model to feature number 134, PWY.5103..L.isoleucine.biosynthesis.III
2026-05-04 17:18:03.796071 INFO::Fitting model to feature number 135, PWY.5121..superpathway.of.geranylgeranyl.diphosphate.biosynthesis.II..via.MEP.
2026-05-04 17:18:03.798646 INFO::Fitting model to feature number 136, PWY.5130..2.oxobutanoate.degradation.I
2026-05-04 17:18:03.806932 INFO::Fitting model to feature number 137, PWY.5136..fatty.acid..beta..oxidation.II..plant.peroxisome.
2026-05-04 17:18:03.816708 INFO::Fitting model to feature number 138, PWY.5138..fatty.acid..beta..oxidation.IV..unsaturated..even.number.
2026-05-04 17:18:03.82527 INFO::Fitting model to feature number 139, PWY.5154..L.arginine.biosynthesis.III..via.N.acetyl.L.citrulline.
2026-05-04 17:18:03.828229 INFO::Fitting model to feature number 140, PWY.5180..toluene.degradation.I..aerobic...via.o.cresol.
2026-05-04 17:18:03.836988 INFO::Fitting model to feature number 141, PWY.5188..tetrapyrrole.biosynthesis.I..from.glutamate.
2026-05-04 17:18:03.839391 INFO::Fitting model to feature number 142, PWY.5189..tetrapyrrole.biosynthesis.II..from.glycine.
2026-05-04 17:18:03.841716 INFO::Fitting model to feature number 143, PWY.5265..peptidoglycan.biosynthesis.II..staphylococci.
2026-05-04 17:18:03.851099 INFO::Fitting model to feature number 144, PWY.5345..superpathway.of.L.methionine.biosynthesis..by.sulfhydrylation.
2026-05-04 17:18:03.882129 INFO::Fitting model to feature number 145, PWY.5347..superpathway.of.L.methionine.biosynthesis..transsulfuration.
2026-05-04 17:18:03.891643 INFO::Fitting model to feature number 146, PWY.5367..petroselinate.biosynthesis
2026-05-04 17:18:03.901433 INFO::Fitting model to feature number 147, PWY.5384..sucrose.degradation.IV..sucrose.phosphorylase.
2026-05-04 17:18:03.904528 INFO::Fitting model to feature number 148, PWY.5392..reductive.TCA.cycle.II
2026-05-04 17:18:03.915473 INFO::Fitting model to feature number 149, PWY.5415..catechol.degradation.I..meta.cleavage.pathway.
2026-05-04 17:18:03.927088 INFO::Fitting model to feature number 150, PWY.5417..catechol.degradation.III..ortho.cleavage.pathway.
2026-05-04 17:18:03.936917 INFO::Fitting model to feature number 151, PWY.5431..aromatic.compounds.degradation.via..beta..ketoadipate
2026-05-04 17:18:03.948335 INFO::Fitting model to feature number 152, PWY.5484..glycolysis.II..from.fructose.6.phosphate.
2026-05-04 17:18:03.951262 INFO::Fitting model to feature number 153, PWY.5497..purine.nucleobases.degradation.II..anaerobic.
2026-05-04 17:18:03.960471 INFO::Fitting model to feature number 154, PWY.5505..L.glutamate.and.L.glutamine.biosynthesis
2026-05-04 17:18:03.969961 INFO::Fitting model to feature number 155, PWY.561..superpathway.of.glyoxylate.cycle.and.fatty.acid.degradation
2026-05-04 17:18:03.979733 INFO::Fitting model to feature number 156, PWY.5654..2.amino.3.carboxymuconate.semialdehyde.degradation.to.2.hydroxypentadienoate
2026-05-04 17:18:03.989643 INFO::Fitting model to feature number 157, PWY.5656..mannosylglycerate.biosynthesis.I
2026-05-04 17:18:03.999551 INFO::Fitting model to feature number 158, PWY.5659..GDP.mannose.biosynthesis
2026-05-04 17:18:04.002218 INFO::Fitting model to feature number 159, PWY.5667..CDP.diacylglycerol.biosynthesis.I
2026-05-04 17:18:04.004795 INFO::Fitting model to feature number 160, PWY.5675..nitrate.reduction.V..assimilatory.
2026-05-04 17:18:04.013954 INFO::Fitting model to feature number 161, PWY.5676..acetyl.CoA.fermentation.to.butanoate.II
2026-05-04 17:18:04.022861 INFO::Fitting model to feature number 162, PWY.5686..UMP.biosynthesis.I
2026-05-04 17:18:04.025537 INFO::Fitting model to feature number 163, PWY.5692..allantoin.degradation.to.glyoxylate.II
2026-05-04 17:18:04.035275 INFO::Fitting model to feature number 164, PWY.5695..inosine.5..phosphate.degradation
2026-05-04 17:18:04.03805 INFO::Fitting model to feature number 165, PWY.5705..allantoin.degradation.to.glyoxylate.III
2026-05-04 17:18:04.048214 INFO::Fitting model to feature number 166, PWY.5723..Rubisco.shunt
2026-05-04 17:18:04.057538 INFO::Fitting model to feature number 167, PWY.5747..2.methylcitrate.cycle.II
2026-05-04 17:18:04.06746 INFO::Fitting model to feature number 168, PWY.5837..2.carboxy.1.4.naphthoquinol.biosynthesis
2026-05-04 17:18:04.070038 INFO::Fitting model to feature number 169, PWY.5838..superpathway.of.menaquinol.8.biosynthesis.I
2026-05-04 17:18:04.080361 INFO::Fitting model to feature number 170, PWY.5840..superpathway.of.menaquinol.7.biosynthesis
2026-05-04 17:18:04.083542 INFO::Fitting model to feature number 171, PWY.5845..superpathway.of.menaquinol.9.biosynthesis
2026-05-04 17:18:04.09252 INFO::Fitting model to feature number 172, PWY.5850..superpathway.of.menaquinol.6.biosynthesis
2026-05-04 17:18:04.101591 INFO::Fitting model to feature number 173, PWY.5855..ubiquinol.7.biosynthesis..early.decarboxylation.
2026-05-04 17:18:04.111149 INFO::Fitting model to feature number 174, PWY.5860..superpathway.of.demethylmenaquinol.6.biosynthesis.I
2026-05-04 17:18:04.119976 INFO::Fitting model to feature number 175, PWY.5861..superpathway.of.demethylmenaquinol.8.biosynthesis.I
2026-05-04 17:18:04.129433 INFO::Fitting model to feature number 176, PWY.5862..superpathway.of.demethylmenaquinol.9.biosynthesis
2026-05-04 17:18:04.137923 INFO::Fitting model to feature number 177, PWY.5896..superpathway.of.menaquinol.10.biosynthesis
2026-05-04 17:18:04.148131 INFO::Fitting model to feature number 178, PWY.5897..superpathway.of.menaquinol.11.biosynthesis
2026-05-04 17:18:04.150667 INFO::Fitting model to feature number 179, PWY.5898..superpathway.of.menaquinol.12.biosynthesis
2026-05-04 17:18:04.153149 INFO::Fitting model to feature number 180, PWY.5899..superpathway.of.menaquinol.13.biosynthesis
2026-05-04 17:18:04.155896 INFO::Fitting model to feature number 181, PWY.5910..superpathway.of.geranylgeranyldiphosphate.biosynthesis.I..via.mevalonate.
2026-05-04 17:18:04.165516 INFO::Fitting model to feature number 182, PWY.5913..partial.TCA.cycle..obligate.autotrophs.
2026-05-04 17:18:04.168063 INFO::Fitting model to feature number 183, PWY.5918..superpathway.of.heme.b.biosynthesis.from.glutamate
2026-05-04 17:18:04.170518 INFO::Fitting model to feature number 184, PWY.5920..superpathway.of.heme.b.biosynthesis.from.glycine
2026-05-04 17:18:04.179699 INFO::Fitting model to feature number 185, PWY.5941..glycogen.degradation.II
2026-05-04 17:18:04.204062 INFO::Fitting model to feature number 186, PWY.5971..palmitate.biosynthesis..type.II.fatty.acid.synthase.
2026-05-04 17:18:04.213444 INFO::Fitting model to feature number 187, PWY.5972..stearate.biosynthesis.I..animals.
2026-05-04 17:18:04.222626 INFO::Fitting model to feature number 188, PWY.5973..cis.vaccenate.biosynthesis
2026-05-04 17:18:04.225362 INFO::Fitting model to feature number 189, PWY.5981..CDP.diacylglycerol.biosynthesis.III
2026-05-04 17:18:04.228164 INFO::Fitting model to feature number 190, PWY.5989..stearate.biosynthesis.II..bacteria.and.plants.
2026-05-04 17:18:04.231214 INFO::Fitting model to feature number 191, PWY.5994..palmitate.biosynthesis..type.I.fatty.acid.synthase.
2026-05-04 17:18:04.243485 INFO::Fitting model to feature number 192, PWY.6121..5.aminoimidazole.ribonucleotide.biosynthesis.I
2026-05-04 17:18:04.24725 INFO::Fitting model to feature number 193, PWY.6122..5.aminoimidazole.ribonucleotide.biosynthesis.II
2026-05-04 17:18:04.25098 INFO::Fitting model to feature number 194, PWY.6123..inosine.5..phosphate.biosynthesis.I
2026-05-04 17:18:04.254375 INFO::Fitting model to feature number 195, PWY.6124..inosine.5..phosphate.biosynthesis.II
2026-05-04 17:18:04.257125 INFO::Fitting model to feature number 196, PWY.6125..superpathway.of.guanosine.nucleotides.de.novo.biosynthesis.II
2026-05-04 17:18:04.259788 INFO::Fitting model to feature number 197, PWY.6126..superpathway.of.adenosine.nucleotides.de.novo.biosynthesis.II
2026-05-04 17:18:04.262475 INFO::Fitting model to feature number 198, PWY.6147..6.hydroxymethyl.dihydropterin.diphosphate.biosynthesis.I
2026-05-04 17:18:04.265078 INFO::Fitting model to feature number 199, PWY.6151..S.adenosyl.L.methionine.salvage.I
2026-05-04 17:18:04.267789 INFO::Fitting model to feature number 200, PWY.6163..chorismate.biosynthesis.from.3.dehydroquinate
2026-05-04 17:18:04.271394 INFO::Fitting model to feature number 201, PWY.6168..flavin.biosynthesis.III..fungi.
2026-05-04 17:18:04.281074 INFO::Fitting model to feature number 202, PWY.6182..superpathway.of.salicylate.degradation
2026-05-04 17:18:04.290433 INFO::Fitting model to feature number 203, PWY.6185..4.methylcatechol.degradation..ortho.cleavage.
2026-05-04 17:18:04.300545 INFO::Fitting model to feature number 204, PWY.6210..2.aminophenol.degradation
2026-05-04 17:18:04.309951 INFO::Fitting model to feature number 205, PWY.6215..4.chlorobenzoate.degradation
2026-05-04 17:18:04.320168 INFO::Fitting model to feature number 206, PWY.621..sucrose.degradation.III..sucrose.invertase.
2026-05-04 17:18:04.322923 INFO::Fitting model to feature number 207, PWY.622..starch.biosynthesis
2026-05-04 17:18:04.333518 INFO::Fitting model to feature number 208, PWY.6270..isoprene.biosynthesis.I
2026-05-04 17:18:04.3362 INFO::Fitting model to feature number 209, PWY.6277..superpathway.of.5.aminoimidazole.ribonucleotide.biosynthesis
2026-05-04 17:18:04.338773 INFO::Fitting model to feature number 210, PWY.6282..palmitoleate.biosynthesis.I..from..5Z..dodec.5.enoate.
2026-05-04 17:18:04.341489 INFO::Fitting model to feature number 211, PWY.6284..superpathway.of.unsaturated.fatty.acids.biosynthesis..E..coli.
2026-05-04 17:18:04.350617 INFO::Fitting model to feature number 212, PWY.6285..superpathway.of.fatty.acids.biosynthesis..E..coli.
2026-05-04 17:18:04.359271 INFO::Fitting model to feature number 213, PWY.6292..superpathway.of.L.cysteine.biosynthesis..mammalian.
2026-05-04 17:18:04.369335 INFO::Fitting model to feature number 214, PWY.6293..superpathway.of.L.cysteine.biosynthesis..fungi.
2026-05-04 17:18:04.379497 INFO::Fitting model to feature number 215, PWY.6305..superpathway.of.putrescine.biosynthesis
2026-05-04 17:18:04.388788 INFO::Fitting model to feature number 216, PWY.6317..D.galactose.degradation.I..Leloir.pathway.
2026-05-04 17:18:04.391379 INFO::Fitting model to feature number 217, PWY.6318..L.phenylalanine.degradation.IV..mammalian..via.side.chain.
2026-05-04 17:18:04.400846 INFO::Fitting model to feature number 218, PWY.6328..L.lysine.degradation.X
2026-05-04 17:18:04.409949 INFO::Fitting model to feature number 219, PWY.6353..purine.nucleotides.degradation.II..aerobic.
2026-05-04 17:18:04.419284 INFO::Fitting model to feature number 220, PWY.6385..peptidoglycan.biosynthesis.III..mycobacteria.
2026-05-04 17:18:04.422224 INFO::Fitting model to feature number 221, PWY.6386..UDP.N.acetylmuramoyl.pentapeptide.biosynthesis.II..lysine.containing.
2026-05-04 17:18:04.425047 INFO::Fitting model to feature number 222, PWY.6387..UDP.N.acetylmuramoyl.pentapeptide.biosynthesis.I..meso.diaminopimelate.containing.
2026-05-04 17:18:04.428063 INFO::Fitting model to feature number 223, PWY.6396..superpathway.of.2.3.butanediol.biosynthesis
2026-05-04 17:18:04.437353 INFO::Fitting model to feature number 224, PWY.6435..4.hydroxybenzoate.biosynthesis.III..plants.
2026-05-04 17:18:04.44782 INFO::Fitting model to feature number 225, PWY.6507..4.deoxy.L.threo.hex.4.enopyranuronate.degradation
2026-05-04 17:18:04.458591 INFO::Fitting model to feature number 226, PWY.6519..8.amino.7.oxononanoate.biosynthesis.I
2026-05-04 17:18:04.4684 INFO::Fitting model to feature number 227, PWY.6527..stachyose.degradation
2026-05-04 17:18:04.471094 INFO::Fitting model to feature number 228, PWY.6531..mannitol.cycle
2026-05-04 17:18:04.480698 INFO::Fitting model to feature number 229, PWY.6545..pyrimidine.deoxyribonucleotides.de.novo.biosynthesis.III
2026-05-04 17:18:04.490234 INFO::Fitting model to feature number 230, PWY.6549..L.glutamine.biosynthesis.III
2026-05-04 17:18:04.500774 INFO::Fitting model to feature number 231, PWY.6588..pyruvate.fermentation.to.acetone
2026-05-04 17:18:04.510034 INFO::Fitting model to feature number 232, PWY.6590..superpathway.of.Clostridium.acetobutylicum.acidogenic.fermentation
2026-05-04 17:18:04.519573 INFO::Fitting model to feature number 233, PWY.6595..superpathway.of.guanosine.nucleotides.degradation..plants.
2026-05-04 17:18:04.52878 INFO::Fitting model to feature number 234, PWY.6606..guanosine.nucleotides.degradation.II
2026-05-04 17:18:04.538308 INFO::Fitting model to feature number 235, PWY.6607..guanosine.nucleotides.degradation.I
2026-05-04 17:18:04.557378 INFO::Fitting model to feature number 236, PWY.6608..guanosine.nucleotides.degradation.III
2026-05-04 17:18:04.571107 INFO::Fitting model to feature number 237, PWY.6609..adenine.and.adenosine.salvage.III
2026-05-04 17:18:04.573691 INFO::Fitting model to feature number 238, PWY.6612..superpathway.of.tetrahydrofolate.biosynthesis
2026-05-04 17:18:04.584504 INFO::Fitting model to feature number 239, PWY.6628..superpathway.of.L.phenylalanine.biosynthesis
2026-05-04 17:18:04.587955 INFO::Fitting model to feature number 240, PWY.6629..superpathway.of.L.tryptophan.biosynthesis
2026-05-04 17:18:04.590841 INFO::Fitting model to feature number 241, PWY.6630..superpathway.of.L.tyrosine.biosynthesis
2026-05-04 17:18:04.593695 INFO::Fitting model to feature number 242, PWY.6690..cinnamate.and.3.hydroxycinnamate.degradation.to.2.hydroxypentadienoate
2026-05-04 17:18:04.603881 INFO::Fitting model to feature number 243, PWY.6700..queuosine.biosynthesis.I..de.novo.
2026-05-04 17:18:04.607894 INFO::Fitting model to feature number 244, PWY.6703..preQ0.biosynthesis
2026-05-04 17:18:04.611029 INFO::Fitting model to feature number 245, PWY.6708..ubiquinol.8.biosynthesis..early.decarboxylation.
2026-05-04 17:18:04.620665 INFO::Fitting model to feature number 246, PWY.6731..starch.degradation.III
2026-05-04 17:18:04.630055 INFO::Fitting model to feature number 247, PWY.6749..CMP.legionaminate.biosynthesis.I
2026-05-04 17:18:04.64051 INFO::Fitting model to feature number 248, PWY.6803..phosphatidylcholine.acyl.editing
2026-05-04 17:18:04.668847 INFO::Fitting model to feature number 249, PWY.6823..molybdopterin.biosynthesis
2026-05-04 17:18:04.671679 INFO::Fitting model to feature number 250, PWY.6859..all.trans.farnesol.biosynthesis
2026-05-04 17:18:04.674417 INFO::Fitting model to feature number 251, PWY.6892..thiazole.component.of.thiamine.diphosphate.biosynthesis.I
2026-05-04 17:18:04.683322 INFO::Fitting model to feature number 252, PWY.6895..superpathway.of.thiamine.diphosphate.biosynthesis.II
2026-05-04 17:18:04.692239 INFO::Fitting model to feature number 253, PWY.6897..thiamine.diphosphate.salvage.II
2026-05-04 17:18:04.695345 INFO::Fitting model to feature number 254, PWY.6901..superpathway.of.glucose.and.xylose.degradation
2026-05-04 17:18:04.698598 INFO::Fitting model to feature number 255, PWY.6902..chitin.degradation.II..Vibrio.
2026-05-04 17:18:04.70819 INFO::Fitting model to feature number 256, PWY.6922..L.N.delta..acetylornithine.biosynthesis
2026-05-04 17:18:04.718048 INFO::Fitting model to feature number 257, PWY.6936..seleno.amino.acid.biosynthesis..plants.
2026-05-04 17:18:04.720487 INFO::Fitting model to feature number 258, PWY.6961..L.ascorbate.degradation.II..bacterial..aerobic.
2026-05-04 17:18:04.728925 INFO::Fitting model to feature number 259, PWY.6969..TCA.cycle.V..2.oxoglutarate.synthase.
2026-05-04 17:18:04.731441 INFO::Fitting model to feature number 260, PWY.6992..1.5.anhydrofructose.degradation
2026-05-04 17:18:04.740025 INFO::Fitting model to feature number 261, PWY.7013...S..propane.1.2.diol.degradation
2026-05-04 17:18:04.74965 INFO::Fitting model to feature number 262, PWY.702..L.methionine.biosynthesis.II
2026-05-04 17:18:04.752108 INFO::Fitting model to feature number 263, PWY.7039..phosphatidate.metabolism..as.a.signaling.molecule
2026-05-04 17:18:04.760792 INFO::Fitting model to feature number 264, PWY.7094..fatty.acid.salvage
2026-05-04 17:18:04.769455 INFO::Fitting model to feature number 265, PWY.7111..pyruvate.fermentation.to.isobutanol..engineered.
2026-05-04 17:18:04.772114 INFO::Fitting model to feature number 266, PWY.7115..C4.photosynthetic.carbon.assimilation.cycle..NAD.ME.type
2026-05-04 17:18:04.774476 INFO::Fitting model to feature number 267, PWY.7117..C4.photosynthetic.carbon.assimilation.cycle..PEPCK.type
2026-05-04 17:18:04.777527 INFO::Fitting model to feature number 268, PWY.7118..chitin.deacetylation
2026-05-04 17:18:04.786566 INFO::Fitting model to feature number 269, PWY.7165..L.ascorbate.biosynthesis.VIII..engineered.pathway.
2026-05-04 17:18:04.795534 INFO::Fitting model to feature number 270, PWY.7184..pyrimidine.deoxyribonucleotides.de.novo.biosynthesis.I
2026-05-04 17:18:04.804105 INFO::Fitting model to feature number 271, PWY.7185..UTP.and.CTP.dephosphorylation.I
2026-05-04 17:18:04.812731 INFO::Fitting model to feature number 272, PWY.7187..pyrimidine.deoxyribonucleotides.de.novo.biosynthesis.II
2026-05-04 17:18:04.821285 INFO::Fitting model to feature number 273, PWY.7196..superpathway.of.pyrimidine.ribonucleosides.salvage
2026-05-04 17:18:04.831048 INFO::Fitting model to feature number 274, PWY.7197..pyrimidine.deoxyribonucleotide.phosphorylation
2026-05-04 17:18:04.833806 INFO::Fitting model to feature number 275, PWY.7198..pyrimidine.deoxyribonucleotides.de.novo.biosynthesis.IV
2026-05-04 17:18:04.842656 INFO::Fitting model to feature number 276, PWY.7199..pyrimidine.deoxyribonucleosides.salvage
2026-05-04 17:18:04.845581 INFO::Fitting model to feature number 277, PWY.7200..superpathway.of.pyrimidine.deoxyribonucleoside.salvage
2026-05-04 17:18:04.85443 INFO::Fitting model to feature number 278, PWY.7204..pyridoxal.5..phosphate.salvage.II..plants.
2026-05-04 17:18:04.863358 INFO::Fitting model to feature number 279, PWY.7208..superpathway.of.pyrimidine.nucleobases.salvage
2026-05-04 17:18:04.882399 INFO::Fitting model to feature number 280, PWY.7209..superpathway.of.pyrimidine.ribonucleosides.degradation
2026-05-04 17:18:04.893272 INFO::Fitting model to feature number 281, PWY.7210..pyrimidine.deoxyribonucleotides.biosynthesis.from.CTP
2026-05-04 17:18:04.903132 INFO::Fitting model to feature number 282, PWY.7211..superpathway.of.pyrimidine.deoxyribonucleotides.de.novo.biosynthesis
2026-05-04 17:18:04.912855 INFO::Fitting model to feature number 283, PWY.7220..adenosine.deoxyribonucleotides.de.novo.biosynthesis.II
2026-05-04 17:18:04.915898 INFO::Fitting model to feature number 284, PWY.7221..guanosine.ribonucleotides.de.novo.biosynthesis
2026-05-04 17:18:04.919008 INFO::Fitting model to feature number 285, PWY.7222..guanosine.deoxyribonucleotides.de.novo.biosynthesis.II
2026-05-04 17:18:04.924056 INFO::Fitting model to feature number 286, PWY.7228..superpathway.of.guanosine.nucleotides.de.novo.biosynthesis.I
2026-05-04 17:18:04.928294 INFO::Fitting model to feature number 287, PWY.7229..superpathway.of.adenosine.nucleotides.de.novo.biosynthesis.I
2026-05-04 17:18:04.931219 INFO::Fitting model to feature number 288, PWY.7234..inosine.5..phosphate.biosynthesis.III
2026-05-04 17:18:04.933932 INFO::Fitting model to feature number 289, PWY.7237..myo...chiro..and.scyllo.inositol.degradation
2026-05-04 17:18:04.943353 INFO::Fitting model to feature number 290, PWY.7238..sucrose.biosynthesis.II
2026-05-04 17:18:04.946526 INFO::Fitting model to feature number 291, PWY.7242..D.fructuronate.degradation
2026-05-04 17:18:04.955624 INFO::Fitting model to feature number 292, PWY.7245..superpathway.of.NAD.NADP...NADH.NADPH.interconversion..yeast.
2026-05-04 17:18:04.965781 INFO::Fitting model to feature number 293, PWY.724..superpathway.of.L.lysine..L.threonine.and.L.methionine.biosynthesis.II
2026-05-04 17:18:04.968661 INFO::Fitting model to feature number 294, PWY.7254..TCA.cycle.VII..acetate.producers.
2026-05-04 17:18:04.97868 INFO::Fitting model to feature number 295, PWY.7268..cytosolic.NADPH.production..yeast.
2026-05-04 17:18:04.988284 INFO::Fitting model to feature number 296, PWY.7269..mitochondrial.NADPH.production..yeast.
2026-05-04 17:18:04.997521 INFO::Fitting model to feature number 297, PWY.7282..4.amino.2.methyl.5.diphosphomethylpyrimidine.biosynthesis.II
2026-05-04 17:18:05.006531 INFO::Fitting model to feature number 298, PWY.7294..D.xylose.degradation.IV
2026-05-04 17:18:05.015863 INFO::Fitting model to feature number 299, PWY.7315..dTDP.N.acetylthomosamine.biosynthesis
2026-05-04 17:18:05.025253 INFO::Fitting model to feature number 300, PWY.7323..superpathway.of.GDP.mannose.derived.O.antigen.building.blocks.biosynthesis
2026-05-04 17:18:05.034847 INFO::Fitting model to feature number 301, PWY.7328..superpathway.of.UDP.glucose.derived.O.antigen.building.blocks.biosynthesis
2026-05-04 17:18:05.044054 INFO::Fitting model to feature number 302, PWY.7340..9.cis..11.trans.octadecadienoyl.CoA.degradation..isomerase.dependent..yeast.
2026-05-04 17:18:05.053374 INFO::Fitting model to feature number 303, PWY.7345..superpathway.of.anaerobic.sucrose.degradation
2026-05-04 17:18:05.056194 INFO::Fitting model to feature number 304, PWY.7356..thiamine.diphosphate.salvage.IV..yeast.
2026-05-04 17:18:05.059045 INFO::Fitting model to feature number 305, PWY.7357..thiamine.phosphate.formation.from.pyrithiamine.and.oxythiamine..yeast.
2026-05-04 17:18:05.063071 INFO::Fitting model to feature number 306, PWY.7383..anaerobic.energy.metabolism..invertebrates..cytosol.
2026-05-04 17:18:05.072235 INFO::Fitting model to feature number 307, PWY.7385..1.3.propanediol.biosynthesis..engineered.
2026-05-04 17:18:05.081705 INFO::Fitting model to feature number 308, PWY.7388..octanoyl..acyl.carrier.protein..biosynthesis..mitochondria..yeast.
2026-05-04 17:18:05.090664 INFO::Fitting model to feature number 309, PWY.7391..isoprene.biosynthesis.II..engineered.
2026-05-04 17:18:05.101014 INFO::Fitting model to feature number 310, PWY.7392..taxadiene.biosynthesis..engineered.
2026-05-04 17:18:05.110695 INFO::Fitting model to feature number 311, PWY.7396..butanol.and.isobutanol.biosynthesis..engineered.
2026-05-04 17:18:05.119858 INFO::Fitting model to feature number 312, PWY.7400..L.arginine.biosynthesis.IV..archaebacteria.
2026-05-04 17:18:05.122344 INFO::Fitting model to feature number 313, PWY.7409..phospholipid.remodeling..phosphatidylethanolamine..yeast.
2026-05-04 17:18:05.131014 INFO::Fitting model to feature number 314, PWY.7434..terminal.O.glycans.residues.modification..via.type.2.precursor.disaccharide.
2026-05-04 17:18:05.139535 INFO::Fitting model to feature number 315, PWY.7446..sulfoquinovose.degradation.I
2026-05-04 17:18:05.150688 INFO::Fitting model to feature number 316, PWY.7456...beta...1.4..mannan.degradation
2026-05-04 17:18:05.159641 INFO::Fitting model to feature number 317, PWY.7560..methylerythritol.phosphate.pathway.II
2026-05-04 17:18:05.16266 INFO::Fitting model to feature number 318, PWY.7616..methanol.oxidation.to.carbon.dioxide
2026-05-04 17:18:05.171115 INFO::Fitting model to feature number 319, PWY.7663..gondoate.biosynthesis..anaerobic.
2026-05-04 17:18:05.173543 INFO::Fitting model to feature number 320, PWY.7664..oleate.biosynthesis.IV..anaerobic.
2026-05-04 17:18:05.176432 INFO::Fitting model to feature number 321, PWY.7723..bacterial.bioluminescence
2026-05-04 17:18:05.185492 INFO::Fitting model to feature number 322, PWY.7761..NAD.salvage.pathway.II..PNC.IV.cycle.
2026-05-04 17:18:05.21152 INFO::Fitting model to feature number 323, PWY.7783..plasmalogen.degradation
2026-05-04 17:18:05.221697 INFO::Fitting model to feature number 324, PWY.7790..UMP.biosynthesis.II
2026-05-04 17:18:05.224417 INFO::Fitting model to feature number 325, PWY.7791..UMP.biosynthesis.III
2026-05-04 17:18:05.227419 INFO::Fitting model to feature number 326, PWY.7805...aminomethyl.phosphonate.degradation
2026-05-04 17:18:05.237032 INFO::Fitting model to feature number 327, PWY.7807..glyphosate.degradation.III
2026-05-04 17:18:05.248435 INFO::Fitting model to feature number 328, PWY.7851..coenzyme.A.biosynthesis.II..eukaryotic.
2026-05-04 17:18:05.25134 INFO::Fitting model to feature number 329, PWY.7858...5Z..dodecenoate.biosynthesis.II
2026-05-04 17:18:05.254027 INFO::Fitting model to feature number 330, PWY.7873..D.erythronate.degradation.II
2026-05-04 17:18:05.263143 INFO::Fitting model to feature number 331, PWY.7874..L.threonate.degradation
2026-05-04 17:18:05.272019 INFO::Fitting model to feature number 332, PWY.7883..anhydromuropeptides.recycling.II
2026-05-04 17:18:05.281164 INFO::Fitting model to feature number 333, PWY.7942..5.oxo.L.proline.metabolism
2026-05-04 17:18:05.290802 INFO::Fitting model to feature number 334, PWY.7953..UDP.N.acetylmuramoyl.pentapeptide.biosynthesis.III..meso.diaminopimelate.containing.
2026-05-04 17:18:05.293913 INFO::Fitting model to feature number 335, PWY.7977..L.methionine.biosynthesis.IV
2026-05-04 17:18:05.297297 INFO::Fitting model to feature number 336, PWY.8004..Entner.Doudoroff.pathway.I
2026-05-04 17:18:05.306497 INFO::Fitting model to feature number 337, PWY.8011..L.serine.biosynthesis.II
2026-05-04 17:18:05.315977 INFO::Fitting model to feature number 338, PWY.801..homocysteine.and.cysteine.interconversion
2026-05-04 17:18:05.324539 INFO::Fitting model to feature number 339, PWY.8073..lipid.IVA.biosynthesis..P..putida.
2026-05-04 17:18:05.335154 INFO::Fitting model to feature number 340, PWY.8131..5..deoxyadenosine.degradation.II
2026-05-04 17:18:05.344139 INFO::Fitting model to feature number 341, PWY.8178..pentose.phosphate.pathway..non.oxidative.branch..II
2026-05-04 17:18:05.346575 INFO::Fitting model to feature number 342, PWY.8187..L.arginine.degradation.XIII..reductive.Stickland.reaction.
2026-05-04 17:18:05.34895 INFO::Fitting model to feature number 343, PWY.821..superpathway.of.sulfur.amino.acid.biosynthesis..Saccharomyces.cerevisiae.
2026-05-04 17:18:05.35757 INFO::Fitting model to feature number 344, PWY.822..fructan.biosynthesis
2026-05-04 17:18:05.367359 INFO::Fitting model to feature number 345, PWY.841..superpathway.of.purine.nucleotides.de.novo.biosynthesis.I
2026-05-04 17:18:05.370095 INFO::Fitting model to feature number 346, PWY.922..mevalonate.pathway.I..eukaryotes.and.bacteria.
2026-05-04 17:18:05.380484 INFO::Fitting model to feature number 347, PWY.I9..L.cysteine.biosynthesis.VI..from.L.methionine.
2026-05-04 17:18:05.383083 INFO::Fitting model to feature number 348, PWY0.1061..superpathway.of.L.alanine.biosynthesis
2026-05-04 17:18:05.385596 INFO::Fitting model to feature number 349, PWY0.1221..putrescine.degradation.II
2026-05-04 17:18:05.394416 INFO::Fitting model to feature number 350, PWY0.1241..ADP.L.glycero..beta..D.manno.heptose.biosynthesis
2026-05-04 17:18:05.403556 INFO::Fitting model to feature number 351, PWY0.1261..anhydromuropeptides.recycling.I
2026-05-04 17:18:05.414116 INFO::Fitting model to feature number 352, PWY0.1277..3.phenylpropanoate.and.3..3.hydroxyphenyl.propanoate.degradation
2026-05-04 17:18:05.423417 INFO::Fitting model to feature number 353, PWY0.1296..purine.ribonucleosides.degradation
2026-05-04 17:18:05.425874 INFO::Fitting model to feature number 354, PWY0.1297..superpathway.of.purine.deoxyribonucleosides.degradation
2026-05-04 17:18:05.428932 INFO::Fitting model to feature number 355, PWY0.1298..superpathway.of.pyrimidine.deoxyribonucleosides.degradation
2026-05-04 17:18:05.431817 INFO::Fitting model to feature number 356, PWY0.1319..CDP.diacylglycerol.biosynthesis.II
2026-05-04 17:18:05.434368 INFO::Fitting model to feature number 357, PWY0.1337..oleate..beta..oxidation
2026-05-04 17:18:05.442926 INFO::Fitting model to feature number 358, PWY0.1338..polymyxin.resistance
2026-05-04 17:18:05.452421 INFO::Fitting model to feature number 359, PWY0.1415..superpathway.of.heme.b.biosynthesis.from.uroporphyrinogen.III
2026-05-04 17:18:05.461942 INFO::Fitting model to feature number 360, PWY0.1477..ethanolamine.utilization
2026-05-04 17:18:05.464564 INFO::Fitting model to feature number 361, PWY0.1479..tRNA.processing
2026-05-04 17:18:05.473087 INFO::Fitting model to feature number 362, PWY0.1533..methylphosphonate.degradation.I
2026-05-04 17:18:05.48212 INFO::Fitting model to feature number 363, PWY0.1586..peptidoglycan.maturation..meso.diaminopimelate.containing.
2026-05-04 17:18:05.484653 INFO::Fitting model to feature number 364, PWY0.162..superpathway.of.pyrimidine.ribonucleotides.de.novo.biosynthesis
2026-05-04 17:18:05.487074 INFO::Fitting model to feature number 365, PWY0.166..superpathway.of.pyrimidine.deoxyribonucleotides.de.novo.biosynthesis..E..coli.
2026-05-04 17:18:05.512546 INFO::Fitting model to feature number 366, PWY0.301..L.ascorbate.degradation.I..bacterial..anaerobic.
2026-05-04 17:18:05.522398 INFO::Fitting model to feature number 367, PWY0.41..allantoin.degradation.IV..anaerobic.
2026-05-04 17:18:05.531928 INFO::Fitting model to feature number 368, PWY0.42..2.methylcitrate.cycle.I
2026-05-04 17:18:05.54122 INFO::Fitting model to feature number 369, PWY0.461..L.lysine.degradation.I
2026-05-04 17:18:05.550732 INFO::Fitting model to feature number 370, PWY0.781..aspartate.superpathway
2026-05-04 17:18:05.564594 INFO::Fitting model to feature number 371, PWY0.845..superpathway.of.pyridoxal.5..phosphate.biosynthesis.and.salvage
2026-05-04 17:18:05.574221 INFO::Fitting model to feature number 372, PWY0.862...5Z..dodecenoate.biosynthesis.I
2026-05-04 17:18:05.576989 INFO::Fitting model to feature number 373, PWY0.881..superpathway.of.fatty.acid.biosynthesis.I..E..coli.
2026-05-04 17:18:05.586422 INFO::Fitting model to feature number 374, PWY1G.0..mycothiol.biosynthesis
2026-05-04 17:18:05.595833 INFO::Fitting model to feature number 375, PWY1ZNC.1..assimilatory.sulfate.reduction.IV
2026-05-04 17:18:05.605775 INFO::Fitting model to feature number 376, PWY3O.4107..NAD.salvage.pathway.V..PNC.V.cycle.
2026-05-04 17:18:05.615339 INFO::Fitting model to feature number 377, PWY4FS.7..phosphatidylglycerol.biosynthesis.I..plastidic.
2026-05-04 17:18:05.62453 INFO::Fitting model to feature number 378, PWY4FS.8..phosphatidylglycerol.biosynthesis.II..non.plastidic.
2026-05-04 17:18:05.634121 INFO::Fitting model to feature number 379, PWY4LZ.257..superpathway.of.fermentation..Chlamydomonas.reinhardtii.
2026-05-04 17:18:05.643678 INFO::Fitting model to feature number 380, PWY5F9.12..biphenyl.degradation
2026-05-04 17:18:05.654016 INFO::Fitting model to feature number 381, PWY66.389..phytol.degradation
2026-05-04 17:18:05.656755 INFO::Fitting model to feature number 382, PWY66.391..fatty.acid..beta..oxidation.VI..mammalian.peroxisome.
2026-05-04 17:18:05.666433 INFO::Fitting model to feature number 383, PWY66.399..gluconeogenesis.III
2026-05-04 17:18:05.675898 INFO::Fitting model to feature number 384, PWY66.409..superpathway.of.purine.nucleotide.salvage
2026-05-04 17:18:05.678818 INFO::Fitting model to feature number 385, PWY66.429..fatty.acid.biosynthesis.initiation..mitochondria.
2026-05-04 17:18:05.681582 INFO::Fitting model to feature number 386, PWY66.430..myristate.biosynthesis..mitochondria.
2026-05-04 17:18:05.690931 INFO::Fitting model to feature number 387, PYRIDNUCSAL.PWY..NAD.salvage.pathway.I..PNC.VI.cycle.
2026-05-04 17:18:05.703977 INFO::Fitting model to feature number 388, PYRIDNUCSYN.PWY..NAD.de.novo.biosynthesis.I..from.aspartate.
2026-05-04 17:18:05.71538 INFO::Fitting model to feature number 389, PYRIDOXSYN.PWY..pyridoxal.5..phosphate.biosynthesis.I
2026-05-04 17:18:05.724721 INFO::Fitting model to feature number 390, REDCITCYC..TCA.cycle.VI..Helicobacter.
2026-05-04 17:18:05.734543 INFO::Fitting model to feature number 391, RHAMCAT.PWY..L.rhamnose.degradation.I
2026-05-04 17:18:05.737229 INFO::Fitting model to feature number 392, RIBOSYN2.PWY..flavin.biosynthesis.I..bacteria.and.plants.
2026-05-04 17:18:05.739907 INFO::Fitting model to feature number 393, RUMP.PWY..formaldehyde.oxidation.I
2026-05-04 17:18:05.768081 INFO::Fitting model to feature number 394, SALVADEHYPOX.PWY..adenosine.nucleotides.degradation.II
2026-05-04 17:18:05.776484 INFO::Fitting model to feature number 395, SER.GLYSYN.PWY..superpathway.of.L.serine.and.glycine.biosynthesis.I
2026-05-04 17:18:05.779675 INFO::Fitting model to feature number 396, SO4ASSIM.PWY..assimilatory.sulfate.reduction.I
2026-05-04 17:18:05.782233 INFO::Fitting model to feature number 397, SULFATE.CYS.PWY..superpathway.of.sulfate.assimilation.and.cysteine.biosynthesis
2026-05-04 17:18:05.784594 INFO::Fitting model to feature number 398, TCA.GLYOX.BYPASS..superpathway.of.glyoxylate.bypass.and.TCA
2026-05-04 17:18:05.792799 INFO::Fitting model to feature number 399, TCA..TCA.cycle.I..prokaryotic.
2026-05-04 17:18:05.801646 INFO::Fitting model to feature number 400, THISYN.PWY..superpathway.of.thiamine.diphosphate.biosynthesis.I
2026-05-04 17:18:05.810484 INFO::Fitting model to feature number 401, THISYNARA.PWY..superpathway.of.thiamine.diphosphate.biosynthesis.III..eukaryotes.
2026-05-04 17:18:05.819524 INFO::Fitting model to feature number 402, THREOCAT.PWY..superpathway.of.L.threonine.metabolism
2026-05-04 17:18:05.829086 INFO::Fitting model to feature number 403, THRESYN.PWY..superpathway.of.L.threonine.biosynthesis
2026-05-04 17:18:05.831834 INFO::Fitting model to feature number 404, TRNA.CHARGING.PWY..tRNA.charging
2026-05-04 17:18:05.83431 INFO::Fitting model to feature number 405, TRPSYN.PWY..L.tryptophan.biosynthesis
2026-05-04 17:18:05.836846 INFO::Fitting model to feature number 406, UBISYN.PWY..superpathway.of.ubiquinol.8.biosynthesis..early.decarboxylation.
2026-05-04 17:18:05.845599 INFO::Fitting model to feature number 407, UDPNACETYLGALSYN.PWY..UDP.N.acetyl.D.glucosamine.biosynthesis.II
2026-05-04 17:18:05.853916 INFO::Fitting model to feature number 408, UDPNAGSYN.PWY..UDP.N.acetyl.D.glucosamine.biosynthesis.I
2026-05-04 17:18:05.856345 INFO::Fitting model to feature number 409, URDEGR.PWY..superpathway.of.allantoin.degradation.in.plants
2026-05-04 17:18:05.886855 INFO::Fitting model to feature number 410, URSIN.PWY..ureide.biosynthesis
2026-05-04 17:18:05.89724 INFO::Fitting model to feature number 411, VALSYN.PWY..L.valine.biosynthesis
2026-05-04 17:18:06.075883 INFO::Counting total values for each feature
2026-05-04 17:18:06.139237 INFO::Re-running abundances for warn_prevalence
2026-05-04 17:18:06.140506 INFO::Running selected normalization method: TSS
2026-05-04 17:18:06.152332 INFO::Running selected transform method: LOG
2026-05-04 17:18:06.164393 DEBUG::Object: augment, Size: 56
2026-05-04 17:18:06.165058 DEBUG::Object: cluster, Size: 0
2026-05-04 17:18:06.165563 DEBUG::Object: cores, Size: 56
2026-05-04 17:18:06.166037 DEBUG::Object: correction, Size: 112
2026-05-04 17:18:06.166484 DEBUG::Object: extract_out, Size: 4216
2026-05-04 17:18:06.166946 DEBUG::Object: feature_specific_covariate, Size: 0
2026-05-04 17:18:06.167406 DEBUG::Object: feature_specific_covariate_name, Size: 0
2026-05-04 17:18:06.167854 DEBUG::Object: feature_specific_covariate_record, Size: 0
2026-05-04 17:18:06.168331 DEBUG::Object: features, Size: 344536
2026-05-04 17:18:06.168765 DEBUG::Object: formula, Size: 3808
2026-05-04 17:18:06.169237 DEBUG::Object: fun_list, Size: 58768
2026-05-04 17:18:06.169741 DEBUG::Object: func_to_run, Size: 435336
2026-05-04 17:18:06.170202 DEBUG::Object: groups, Size: 48
2026-05-04 17:18:06.170632 DEBUG::Object: median_comparison, Size: 56
2026-05-04 17:18:06.172029 DEBUG::Object: median_comparison_threshold, Size: 56
2026-05-04 17:18:06.172651 DEBUG::Object: metadata, Size: 30528
2026-05-04 17:18:06.173161 DEBUG::Object: model, Size: 112
2026-05-04 17:18:06.173618 DEBUG::Object: model_function, Size: 8864
2026-05-04 17:18:06.174085 DEBUG::Object: ordereds, Size: 48
2026-05-04 17:18:06.17452 DEBUG::Object: random_effects_formula, Size: 0
2026-05-04 17:18:06.174978 DEBUG::Object: ranef_function, Size: 0
2026-05-04 17:18:06.175431 DEBUG::Object: save_models, Size: 56
2026-05-04 17:18:06.175873 DEBUG::Object: small_random_effects, Size: 56
2026-05-04 17:18:06.176712 DEBUG::Object: strata, Size: 48
2026-05-04 17:18:06.177471 DEBUG::Object: subtract_median, Size: 56
2026-05-04 17:18:06.178118 DEBUG::Object: summary_function, Size: 49424
2026-05-04 17:18:06.178818 DEBUG::Object: func_to_run, Size: 435336
2026-05-04 17:18:06.179612 INFO::Fitting model to feature number 1, X1CMET2.PWY..folate.transformations.III..E..coli.
2026-05-04 17:18:06.185959 INFO::Fitting model to feature number 2, X3.HYDROXYPHENYLACETATE.DEGRADATION.PWY..4.hydroxyphenylacetate.degradation
2026-05-04 17:18:06.193522 INFO::Fitting model to feature number 3, AEROBACTINSYN.PWY..aerobactin.biosynthesis
2026-05-04 17:18:06.199697 INFO::Fitting model to feature number 4, ALLANTOINDEG.PWY..superpathway.of.allantoin.degradation.in.yeast
2026-05-04 17:18:06.205626 INFO::Fitting model to feature number 5, ANAEROFRUCAT.PWY..homolactic.fermentation
2026-05-04 17:18:06.212001 INFO::Fitting model to feature number 6, ANAGLYCOLYSIS.PWY..glycolysis.III..from.glucose.
2026-05-04 17:18:06.217933 INFO::Fitting model to feature number 7, ARG.POLYAMINE.SYN..superpathway.of.arginine.and.polyamine.biosynthesis
2026-05-04 17:18:06.224178 INFO::Fitting model to feature number 8, ARGDEG.PWY..superpathway.of.L.arginine..putrescine..and.4.aminobutanoate.degradation
2026-05-04 17:18:06.233901 INFO::Fitting model to feature number 9, ARGININE.SYN4.PWY..L.ornithine.biosynthesis.II
2026-05-04 17:18:06.239619 INFO::Fitting model to feature number 10, ARGSYN.PWY..L.arginine.biosynthesis.I..via.L.ornithine.
2026-05-04 17:18:06.2476 INFO::Fitting model to feature number 11, ARGSYNBSUB.PWY..L.arginine.biosynthesis.II..acetyl.cycle.
2026-05-04 17:18:06.253513 INFO::Fitting model to feature number 12, ARO.PWY..chorismate.biosynthesis.I
2026-05-04 17:18:06.259293 INFO::Fitting model to feature number 13, ASPASN.PWY..superpathway.of.L.aspartate.and.L.asparagine.biosynthesis
2026-05-04 17:18:06.288907 INFO::Fitting model to feature number 14, AST.PWY..L.arginine.degradation.II..AST.pathway.
2026-05-04 17:18:06.295756 INFO::Fitting model to feature number 15, BIOTIN.BIOSYNTHESIS.PWY..biotin.biosynthesis.I
2026-05-04 17:18:06.302873 INFO::Fitting model to feature number 16, BRANCHED.CHAIN.AA.SYN.PWY..superpathway.of.branched.chain.amino.acid.biosynthesis
2026-05-04 17:18:06.309248 INFO::Fitting model to feature number 17, CALVIN.PWY..Calvin.Benson.Bassham.cycle
2026-05-04 17:18:06.316465 INFO::Fitting model to feature number 18, CARNMET.PWY..L.carnitine.degradation.I
2026-05-04 17:18:06.324004 INFO::Fitting model to feature number 19, CATECHOL.ORTHO.CLEAVAGE.PWY..catechol.degradation.to..beta..ketoadipate
2026-05-04 17:18:06.331919 INFO::Fitting model to feature number 20, CENTFERM.PWY..pyruvate.fermentation.to.butanoate
2026-05-04 17:18:06.338642 INFO::Fitting model to feature number 21, CITRULBIO.PWY..L.citrulline.biosynthesis
2026-05-04 17:18:06.346102 INFO::Fitting model to feature number 22, COA.PWY.1..superpathway.of.coenzyme.A.biosynthesis.III..mammals.
2026-05-04 17:18:06.352326 INFO::Fitting model to feature number 23, COA.PWY..coenzyme.A.biosynthesis.I..prokaryotic.
2026-05-04 17:18:06.358697 INFO::Fitting model to feature number 24, COBALSYN.PWY..superpathway.of.adenosylcobalamin.salvage.from.cobinamide.I
2026-05-04 17:18:06.365365 INFO::Fitting model to feature number 25, COLANSYN.PWY..colanic.acid.building.blocks.biosynthesis
2026-05-04 17:18:06.372741 INFO::Fitting model to feature number 26, COMPLETE.ARO.PWY..superpathway.of.aromatic.amino.acid.biosynthesis
2026-05-04 17:18:06.379304 INFO::Fitting model to feature number 27, CRNFORCAT.PWY..creatinine.degradation.I
2026-05-04 17:18:06.385842 INFO::Fitting model to feature number 28, DAPLYSINESYN.PWY..L.lysine.biosynthesis.I
2026-05-04 17:18:06.392217 INFO::Fitting model to feature number 29, DARABCATK12.PWY..D.arabinose.degradation.I
2026-05-04 17:18:06.398879 INFO::Fitting model to feature number 30, DENITRIFICATION.PWY..nitrate.reduction.I..denitrification.
2026-05-04 17:18:06.405523 INFO::Fitting model to feature number 31, DENOVOPURINE2.PWY..superpathway.of.purine.nucleotides.de.novo.biosynthesis.II
2026-05-04 17:18:06.412392 INFO::Fitting model to feature number 32, DHGLUCONATE.PYR.CAT.PWY..glucose.degradation..oxidative.
2026-05-04 17:18:06.419097 INFO::Fitting model to feature number 33, DTDPRHAMSYN.PWY..dTDP..beta..L.rhamnose.biosynthesis
2026-05-04 17:18:06.425502 INFO::Fitting model to feature number 34, ECASYN.PWY..enterobacterial.common.antigen.biosynthesis
2026-05-04 17:18:06.43234 INFO::Fitting model to feature number 35, FAO.PWY..fatty.acid..beta..oxidation.I..generic.
2026-05-04 17:18:06.438496 INFO::Fitting model to feature number 36, FASYN.ELONG.PWY..fatty.acid.elongation....saturated
2026-05-04 17:18:06.444892 INFO::Fitting model to feature number 37, FASYN.INITIAL.PWY..superpathway.of.fatty.acid.biosynthesis.initiation..E..coli.
2026-05-04 17:18:06.451382 INFO::Fitting model to feature number 38, FERMENTATION.PWY..mixed.acid.fermentation
2026-05-04 17:18:06.45714 INFO::Fitting model to feature number 39, FOLSYN.PWY..superpathway.of.tetrahydrofolate.biosynthesis.and.salvage
2026-05-04 17:18:06.464347 INFO::Fitting model to feature number 40, FUC.RHAMCAT.PWY..superpathway.of.fucose.and.rhamnose.degradation
2026-05-04 17:18:06.470558 INFO::Fitting model to feature number 41, FUCCAT.PWY..fucose.degradation
2026-05-04 17:18:06.47616 INFO::Fitting model to feature number 42, GALACT.GLUCUROCAT.PWY..superpathway.of.hexuronide.and.hexuronate.degradation
2026-05-04 17:18:06.482651 INFO::Fitting model to feature number 43, GALACTARDEG.PWY..D.galactarate.degradation.I
2026-05-04 17:18:06.488512 INFO::Fitting model to feature number 44, GALACTITOLCAT.PWY..galactitol.degradation
2026-05-04 17:18:06.495121 INFO::Fitting model to feature number 45, GALACTUROCAT.PWY..D.galacturonate.degradation.I
2026-05-04 17:18:06.502042 INFO::Fitting model to feature number 46, GLCMANNANAUT.PWY..superpathway.of.N.acetylglucosamine..N.acetylmannosamine.and.N.acetylneuraminate.degradation
2026-05-04 17:18:06.507714 INFO::Fitting model to feature number 47, GLUCARDEG.PWY..D.glucarate.degradation.I
2026-05-04 17:18:06.514301 INFO::Fitting model to feature number 48, GLUCARGALACTSUPER.PWY..superpathway.of.D.glucarate.and.D.galactarate.degradation
2026-05-04 17:18:06.520089 INFO::Fitting model to feature number 49, GLUCONEO.PWY..gluconeogenesis.I
2026-05-04 17:18:06.525811 INFO::Fitting model to feature number 50, GLUCOSE1PMETAB.PWY..glucose.and.glucose.1.phosphate.degradation
2026-05-04 17:18:06.532197 INFO::Fitting model to feature number 51, GLUCUROCAT.PWY..superpathway.of..beta..D.glucuronosides.degradation
2026-05-04 17:18:06.537922 INFO::Fitting model to feature number 52, GLUDEG.I.PWY..GABA.shunt
2026-05-04 17:18:06.544278 INFO::Fitting model to feature number 53, GLUTORN.PWY..L.ornithine.biosynthesis.I
2026-05-04 17:18:06.551183 INFO::Fitting model to feature number 54, GLYCOCAT.PWY..glycogen.degradation.I
2026-05-04 17:18:06.556965 INFO::Fitting model to feature number 55, GLYCOGENSYNTH.PWY..glycogen.biosynthesis.I..from.ADP.D.Glucose.
2026-05-04 17:18:06.562991 INFO::Fitting model to feature number 56, GLYCOL.GLYOXDEG.PWY..superpathway.of.glycol.metabolism.and.degradation
2026-05-04 17:18:06.56884 INFO::Fitting model to feature number 57, GLYCOLYSIS.E.D..superpathway.of.glycolysis.and.the.Entner.Doudoroff.pathway
2026-05-04 17:18:06.574729 INFO::Fitting model to feature number 58, GLYCOLYSIS.TCA.GLYOX.BYPASS..superpathway.of.glycolysis..pyruvate.dehydrogenase..TCA..and.glyoxylate.bypass
2026-05-04 17:18:06.581083 INFO::Fitting model to feature number 59, GLYCOLYSIS..glycolysis.I..from.glucose.6.phosphate.
2026-05-04 17:18:06.608131 INFO::Fitting model to feature number 60, GLYOXYLATE.BYPASS..glyoxylate.cycle
2026-05-04 17:18:06.614553 INFO::Fitting model to feature number 61, GOLPDLCAT.PWY..superpathway.of.glycerol.degradation.to.1.3.propanediol
2026-05-04 17:18:06.620793 INFO::Fitting model to feature number 62, HCAMHPDEG.PWY..3.phenylpropanoate.and.3..3.hydroxyphenyl.propanoate.degradation.to.2.hydroxypentadienoate
2026-05-04 17:18:06.627127 INFO::Fitting model to feature number 63, HEME.BIOSYNTHESIS.II.1..heme.b.biosynthesis.V..aerobic.
2026-05-04 17:18:06.652673 INFO::Fitting model to feature number 64, HEME.BIOSYNTHESIS.II..heme.b.biosynthesis.I..aerobic.
2026-05-04 17:18:06.658888 INFO::Fitting model to feature number 65, HEMESYN2.PWY..heme.b.biosynthesis.II..oxygen.independent.
2026-05-04 17:18:06.665426 INFO::Fitting model to feature number 66, HEXITOLDEGSUPER.PWY..superpathway.of.hexitol.degradation..bacteria.
2026-05-04 17:18:06.671794 INFO::Fitting model to feature number 67, HISDEG.PWY..L.histidine.degradation.I
2026-05-04 17:18:06.678006 INFO::Fitting model to feature number 68, HISTSYN.PWY..L.histidine.biosynthesis
2026-05-04 17:18:06.684563 INFO::Fitting model to feature number 69, HOMOSER.METSYN.PWY..L.methionine.biosynthesis.I
2026-05-04 17:18:06.690926 INFO::Fitting model to feature number 70, HSERMETANA.PWY..L.methionine.biosynthesis.III
2026-05-04 17:18:06.697593 INFO::Fitting model to feature number 71, ILEUSYN.PWY..L.isoleucine.biosynthesis.I..from.threonine.
2026-05-04 17:18:06.703823 INFO::Fitting model to feature number 72, KDO.NAGLIPASYN.PWY..superpathway.of..Kdo.2.lipid.A.biosynthesis
2026-05-04 17:18:06.709931 INFO::Fitting model to feature number 73, KETOGLUCONMET.PWY..ketogluconate.metabolism
2026-05-04 17:18:06.716393 INFO::Fitting model to feature number 74, LACTOSECAT.PWY..lactose.and.galactose.degradation.I
2026-05-04 17:18:06.722516 INFO::Fitting model to feature number 75, LIPA.CORESYN.PWY..lipid.A.core.biosynthesis..E..coli.K.12.
2026-05-04 17:18:06.728869 INFO::Fitting model to feature number 76, LIPASYN.PWY..phospholipases
2026-05-04 17:18:06.735477 INFO::Fitting model to feature number 77, LPSSYN.PWY..superpathway.of.lipopolysaccharide.biosynthesis
2026-05-04 17:18:06.742115 INFO::Fitting model to feature number 78, MET.SAM.PWY..superpathway.of.S.adenosyl.L.methionine.biosynthesis
2026-05-04 17:18:06.748934 INFO::Fitting model to feature number 79, METHGLYUT.PWY..superpathway.of.methylglyoxal.degradation
2026-05-04 17:18:06.755055 INFO::Fitting model to feature number 80, METSYN.PWY..superpathway.of.L.homoserine.and.L.methionine.biosynthesis
2026-05-04 17:18:06.762353 INFO::Fitting model to feature number 81, NAD.BIOSYNTHESIS.II..NAD.salvage.pathway.III..to.nicotinamide.riboside.
2026-05-04 17:18:06.768978 INFO::Fitting model to feature number 82, NAGLIPASYN.PWY..lipid.IVA.biosynthesis..E..coli.
2026-05-04 17:18:06.775225 INFO::Fitting model to feature number 83, NONMEVIPP.PWY..methylerythritol.phosphate.pathway.I
2026-05-04 17:18:06.78265 INFO::Fitting model to feature number 84, NONOXIPENT.PWY..pentose.phosphate.pathway..non.oxidative.branch..I
2026-05-04 17:18:06.789016 INFO::Fitting model to feature number 85, OANTIGEN.PWY..O.antigen.building.blocks.biosynthesis..E..coli.
2026-05-04 17:18:06.796296 INFO::Fitting model to feature number 86, ORNARGDEG.PWY..superpathway.of.L.arginine.and.L.ornithine.degradation
2026-05-04 17:18:06.802585 INFO::Fitting model to feature number 87, ORNDEG.PWY..superpathway.of.ornithine.degradation
2026-05-04 17:18:06.809531 INFO::Fitting model to feature number 88, P105.PWY..TCA.cycle.IV..2.oxoglutarate.decarboxylase.
2026-05-04 17:18:06.816183 INFO::Fitting model to feature number 89, P108.PWY..pyruvate.fermentation.to.propanoate.I
2026-05-04 17:18:06.822567 INFO::Fitting model to feature number 90, P122.PWY..heterolactic.fermentation
2026-05-04 17:18:06.830313 INFO::Fitting model to feature number 91, P124.PWY..Bifidobacterium.shunt
2026-05-04 17:18:06.83661 INFO::Fitting model to feature number 92, P125.PWY..superpathway.of..R.R..butanediol.biosynthesis
2026-05-04 17:18:06.842874 INFO::Fitting model to feature number 93, P161.PWY..acetylene.degradation..anaerobic.
2026-05-04 17:18:06.849358 INFO::Fitting model to feature number 94, P164.PWY..purine.nucleobases.degradation.I..anaerobic.
2026-05-04 17:18:06.855802 INFO::Fitting model to feature number 95, P185.PWY..formaldehyde.assimilation.III..dihydroxyacetone.cycle.
2026-05-04 17:18:06.862646 INFO::Fitting model to feature number 96, P221.PWY..octane.oxidation
2026-05-04 17:18:06.868875 INFO::Fitting model to feature number 97, P23.PWY..reductive.TCA.cycle.I
2026-05-04 17:18:06.87586 INFO::Fitting model to feature number 98, P4.PWY..superpathway.of.L.lysine..L.threonine.and.L.methionine.biosynthesis.I
2026-05-04 17:18:06.883003 INFO::Fitting model to feature number 99, P41.PWY..pyruvate.fermentation.to.acetate.and..S..lactate.I
2026-05-04 17:18:06.889339 INFO::Fitting model to feature number 100, P42.PWY..incomplete.reductive.TCA.cycle
2026-05-04 17:18:06.895939 INFO::Fitting model to feature number 101, P441.PWY..superpathway.of.N.acetylneuraminate.degradation
2026-05-04 17:18:06.902426 INFO::Fitting model to feature number 102, P461.PWY..hexitol.fermentation.to.lactate..formate..ethanol.and.acetate
2026-05-04 17:18:06.908673 INFO::Fitting model to feature number 103, P562.PWY..myo.inositol.degradation.I
2026-05-04 17:18:06.915577 INFO::Fitting model to feature number 104, P621.PWY..nylon.6.oligomer.degradation
2026-05-04 17:18:06.934702 INFO::Fitting model to feature number 105, PANTO.PWY..phosphopantothenate.biosynthesis.I
2026-05-04 17:18:06.946091 INFO::Fitting model to feature number 106, PANTOSYN.PWY..superpathway.of.coenzyme.A.biosynthesis.I..bacteria.
2026-05-04 17:18:06.952465 INFO::Fitting model to feature number 107, PENTOSE.P.PWY..pentose.phosphate.pathway
2026-05-04 17:18:06.958706 INFO::Fitting model to feature number 108, PEPTIDOGLYCANSYN.PWY..peptidoglycan.biosynthesis.I..meso.diaminopimelate.containing.
2026-05-04 17:18:06.965498 INFO::Fitting model to feature number 109, PHOSLIPSYN.PWY..superpathway.of.phospholipid.biosynthesis.I..bacteria.
2026-05-04 17:18:06.97207 INFO::Fitting model to feature number 110, POLYAMSYN.PWY..superpathway.of.polyamine.biosynthesis.I
2026-05-04 17:18:06.983195 INFO::Fitting model to feature number 111, POLYISOPRENSYN.PWY..polyisoprenoid.biosynthesis..E..coli.
2026-05-04 17:18:06.989953 INFO::Fitting model to feature number 112, PPGPPMET.PWY..ppGpp.metabolism
2026-05-04 17:18:06.996599 INFO::Fitting model to feature number 113, PROTOCATECHUATE.ORTHO.CLEAVAGE.PWY..protocatechuate.degradation.II..ortho.cleavage.pathway.
2026-05-04 17:18:07.002948 INFO::Fitting model to feature number 114, PRPP.PWY..superpathway.of.histidine..purine..and.pyrimidine.biosynthesis
2026-05-04 17:18:07.00924 INFO::Fitting model to feature number 115, PWY.1042..glycolysis.IV
2026-05-04 17:18:07.017795 INFO::Fitting model to feature number 116, PWY.1269..CMP.3.deoxy.D.manno.octulosonate.biosynthesis
2026-05-04 17:18:07.023989 INFO::Fitting model to feature number 117, PWY.1622..formaldehyde.assimilation.I..serine.pathway.
2026-05-04 17:18:07.030675 INFO::Fitting model to feature number 118, PWY.181..photorespiration
2026-05-04 17:18:07.037222 INFO::Fitting model to feature number 119, PWY.1861..formaldehyde.assimilation.II..assimilatory.RuMP.Cycle.
2026-05-04 17:18:07.04491 INFO::Fitting model to feature number 120, PWY.2221..Entner.Doudoroff.pathway.III..semi.phosphorylative.
2026-05-04 17:18:07.052249 INFO::Fitting model to feature number 121, PWY.241..C4.photosynthetic.carbon.assimilation.cycle..NADP.ME.type
2026-05-04 17:18:07.058546 INFO::Fitting model to feature number 122, PWY.2941..L.lysine.biosynthesis.II
2026-05-04 17:18:07.066036 INFO::Fitting model to feature number 123, PWY.2942..L.lysine.biosynthesis.III
2026-05-04 17:18:07.072244 INFO::Fitting model to feature number 124, PWY.3001..superpathway.of.L.isoleucine.biosynthesis.I
2026-05-04 17:18:07.079424 INFO::Fitting model to feature number 125, PWY.3801..sucrose.degradation.II..sucrose.synthase.
2026-05-04 17:18:07.086012 INFO::Fitting model to feature number 126, PWY.3841..folate.transformations.II..plants.
2026-05-04 17:18:07.092535 INFO::Fitting model to feature number 127, PWY.4041...gamma..glutamyl.cycle
2026-05-04 17:18:07.099904 INFO::Fitting model to feature number 128, PWY.4984..urea.cycle
2026-05-04 17:18:07.105739 INFO::Fitting model to feature number 129, PWY.5005..biotin.biosynthesis.II
2026-05-04 17:18:07.112192 INFO::Fitting model to feature number 130, PWY.5028..L.histidine.degradation.II
2026-05-04 17:18:07.118198 INFO::Fitting model to feature number 131, PWY.5030..L.histidine.degradation.III
2026-05-04 17:18:07.123901 INFO::Fitting model to feature number 132, PWY.5097..L.lysine.biosynthesis.VI
2026-05-04 17:18:07.130129 INFO::Fitting model to feature number 133, PWY.5100..pyruvate.fermentation.to.acetate.and.lactate.II
2026-05-04 17:18:07.136384 INFO::Fitting model to feature number 134, PWY.5103..L.isoleucine.biosynthesis.III
2026-05-04 17:18:07.142365 INFO::Fitting model to feature number 135, PWY.5121..superpathway.of.geranylgeranyl.diphosphate.biosynthesis.II..via.MEP.
2026-05-04 17:18:07.148963 INFO::Fitting model to feature number 136, PWY.5130..2.oxobutanoate.degradation.I
2026-05-04 17:18:07.154836 INFO::Fitting model to feature number 137, PWY.5136..fatty.acid..beta..oxidation.II..plant.peroxisome.
2026-05-04 17:18:07.161341 INFO::Fitting model to feature number 138, PWY.5138..fatty.acid..beta..oxidation.IV..unsaturated..even.number.
2026-05-04 17:18:07.167622 INFO::Fitting model to feature number 139, PWY.5154..L.arginine.biosynthesis.III..via.N.acetyl.L.citrulline.
2026-05-04 17:18:07.173461 INFO::Fitting model to feature number 140, PWY.5180..toluene.degradation.I..aerobic...via.o.cresol.
2026-05-04 17:18:07.179933 INFO::Fitting model to feature number 141, PWY.5188..tetrapyrrole.biosynthesis.I..from.glutamate.
2026-05-04 17:18:07.186168 INFO::Fitting model to feature number 142, PWY.5189..tetrapyrrole.biosynthesis.II..from.glycine.
2026-05-04 17:18:07.191918 INFO::Fitting model to feature number 143, PWY.5265..peptidoglycan.biosynthesis.II..staphylococci.
2026-05-04 17:18:07.19815 INFO::Fitting model to feature number 144, PWY.5345..superpathway.of.L.methionine.biosynthesis..by.sulfhydrylation.
2026-05-04 17:18:07.203934 INFO::Fitting model to feature number 145, PWY.5347..superpathway.of.L.methionine.biosynthesis..transsulfuration.
2026-05-04 17:18:07.209761 INFO::Fitting model to feature number 146, PWY.5367..petroselinate.biosynthesis
2026-05-04 17:18:07.215855 INFO::Fitting model to feature number 147, PWY.5384..sucrose.degradation.IV..sucrose.phosphorylase.
2026-05-04 17:18:07.221633 INFO::Fitting model to feature number 148, PWY.5392..reductive.TCA.cycle.II
2026-05-04 17:18:07.227605 INFO::Fitting model to feature number 149, PWY.5415..catechol.degradation.I..meta.cleavage.pathway.
2026-05-04 17:18:07.235148 INFO::Fitting model to feature number 150, PWY.5417..catechol.degradation.III..ortho.cleavage.pathway.
2026-05-04 17:18:07.241348 INFO::Fitting model to feature number 151, PWY.5431..aromatic.compounds.degradation.via..beta..ketoadipate
2026-05-04 17:18:07.248161 INFO::Fitting model to feature number 152, PWY.5484..glycolysis.II..from.fructose.6.phosphate.
2026-05-04 17:18:07.253881 INFO::Fitting model to feature number 153, PWY.5497..purine.nucleobases.degradation.II..anaerobic.
2026-05-04 17:18:07.259535 INFO::Fitting model to feature number 154, PWY.5505..L.glutamate.and.L.glutamine.biosynthesis
2026-05-04 17:18:07.266247 INFO::Fitting model to feature number 155, PWY.561..superpathway.of.glyoxylate.cycle.and.fatty.acid.degradation
2026-05-04 17:18:07.272215 INFO::Fitting model to feature number 156, PWY.5654..2.amino.3.carboxymuconate.semialdehyde.degradation.to.2.hydroxypentadienoate
2026-05-04 17:18:07.303213 INFO::Fitting model to feature number 157, PWY.5656..mannosylglycerate.biosynthesis.I
2026-05-04 17:18:07.30924 INFO::Fitting model to feature number 158, PWY.5659..GDP.mannose.biosynthesis
2026-05-04 17:18:07.316831 INFO::Fitting model to feature number 159, PWY.5667..CDP.diacylglycerol.biosynthesis.I
2026-05-04 17:18:07.323682 INFO::Fitting model to feature number 160, PWY.5675..nitrate.reduction.V..assimilatory.
2026-05-04 17:18:07.333697 INFO::Fitting model to feature number 161, PWY.5676..acetyl.CoA.fermentation.to.butanoate.II
2026-05-04 17:18:07.340231 INFO::Fitting model to feature number 162, PWY.5686..UMP.biosynthesis.I
2026-05-04 17:18:07.347629 INFO::Fitting model to feature number 163, PWY.5692..allantoin.degradation.to.glyoxylate.II
2026-05-04 17:18:07.353942 INFO::Fitting model to feature number 164, PWY.5695..inosine.5..phosphate.degradation
2026-05-04 17:18:07.360495 INFO::Fitting model to feature number 165, PWY.5705..allantoin.degradation.to.glyoxylate.III
2026-05-04 17:18:07.368652 INFO::Fitting model to feature number 166, PWY.5723..Rubisco.shunt
2026-05-04 17:18:07.37649 INFO::Fitting model to feature number 167, PWY.5747..2.methylcitrate.cycle.II
2026-05-04 17:18:07.395211 INFO::Fitting model to feature number 168, PWY.5837..2.carboxy.1.4.naphthoquinol.biosynthesis
2026-05-04 17:18:07.408394 INFO::Fitting model to feature number 169, PWY.5838..superpathway.of.menaquinol.8.biosynthesis.I
2026-05-04 17:18:07.420121 INFO::Fitting model to feature number 170, PWY.5840..superpathway.of.menaquinol.7.biosynthesis
2026-05-04 17:18:07.428783 INFO::Fitting model to feature number 171, PWY.5845..superpathway.of.menaquinol.9.biosynthesis
2026-05-04 17:18:07.439508 INFO::Fitting model to feature number 172, PWY.5850..superpathway.of.menaquinol.6.biosynthesis
2026-05-04 17:18:07.449005 INFO::Fitting model to feature number 173, PWY.5855..ubiquinol.7.biosynthesis..early.decarboxylation.
2026-05-04 17:18:07.458397 INFO::Fitting model to feature number 174, PWY.5860..superpathway.of.demethylmenaquinol.6.biosynthesis.I
2026-05-04 17:18:07.465904 INFO::Fitting model to feature number 175, PWY.5861..superpathway.of.demethylmenaquinol.8.biosynthesis.I
2026-05-04 17:18:07.47267 INFO::Fitting model to feature number 176, PWY.5862..superpathway.of.demethylmenaquinol.9.biosynthesis
2026-05-04 17:18:07.479087 INFO::Fitting model to feature number 177, PWY.5896..superpathway.of.menaquinol.10.biosynthesis
2026-05-04 17:18:07.48757 INFO::Fitting model to feature number 178, PWY.5897..superpathway.of.menaquinol.11.biosynthesis
2026-05-04 17:18:07.494241 INFO::Fitting model to feature number 179, PWY.5898..superpathway.of.menaquinol.12.biosynthesis
2026-05-04 17:18:07.50058 INFO::Fitting model to feature number 180, PWY.5899..superpathway.of.menaquinol.13.biosynthesis
2026-05-04 17:18:07.50695 INFO::Fitting model to feature number 181, PWY.5910..superpathway.of.geranylgeranyldiphosphate.biosynthesis.I..via.mevalonate.
2026-05-04 17:18:07.513317 INFO::Fitting model to feature number 182, PWY.5913..partial.TCA.cycle..obligate.autotrophs.
2026-05-04 17:18:07.519681 INFO::Fitting model to feature number 183, PWY.5918..superpathway.of.heme.b.biosynthesis.from.glutamate
2026-05-04 17:18:07.526226 INFO::Fitting model to feature number 184, PWY.5920..superpathway.of.heme.b.biosynthesis.from.glycine
2026-05-04 17:18:07.533251 INFO::Fitting model to feature number 185, PWY.5941..glycogen.degradation.II
2026-05-04 17:18:07.539622 INFO::Fitting model to feature number 186, PWY.5971..palmitate.biosynthesis..type.II.fatty.acid.synthase.
2026-05-04 17:18:07.546076 INFO::Fitting model to feature number 187, PWY.5972..stearate.biosynthesis.I..animals.
2026-05-04 17:18:07.55283 INFO::Fitting model to feature number 188, PWY.5973..cis.vaccenate.biosynthesis
2026-05-04 17:18:07.558953 INFO::Fitting model to feature number 189, PWY.5981..CDP.diacylglycerol.biosynthesis.III
2026-05-04 17:18:07.565268 INFO::Fitting model to feature number 190, PWY.5989..stearate.biosynthesis.II..bacteria.and.plants.
2026-05-04 17:18:07.571854 INFO::Fitting model to feature number 191, PWY.5994..palmitate.biosynthesis..type.I.fatty.acid.synthase.
2026-05-04 17:18:07.578201 INFO::Fitting model to feature number 192, PWY.6121..5.aminoimidazole.ribonucleotide.biosynthesis.I
2026-05-04 17:18:07.58463 INFO::Fitting model to feature number 193, PWY.6122..5.aminoimidazole.ribonucleotide.biosynthesis.II
2026-05-04 17:18:07.590765 INFO::Fitting model to feature number 194, PWY.6123..inosine.5..phosphate.biosynthesis.I
2026-05-04 17:18:07.597275 INFO::Fitting model to feature number 195, PWY.6124..inosine.5..phosphate.biosynthesis.II
2026-05-04 17:18:07.603803 INFO::Fitting model to feature number 196, PWY.6125..superpathway.of.guanosine.nucleotides.de.novo.biosynthesis.II
2026-05-04 17:18:07.60994 INFO::Fitting model to feature number 197, PWY.6126..superpathway.of.adenosine.nucleotides.de.novo.biosynthesis.II
2026-05-04 17:18:07.617314 INFO::Fitting model to feature number 198, PWY.6147..6.hydroxymethyl.dihydropterin.diphosphate.biosynthesis.I
2026-05-04 17:18:07.630563 INFO::Fitting model to feature number 199, PWY.6151..S.adenosyl.L.methionine.salvage.I
2026-05-04 17:18:07.638626 INFO::Fitting model to feature number 200, PWY.6163..chorismate.biosynthesis.from.3.dehydroquinate
2026-05-04 17:18:07.647291 INFO::Fitting model to feature number 201, PWY.6168..flavin.biosynthesis.III..fungi.
2026-05-04 17:18:07.653537 INFO::Fitting model to feature number 202, PWY.6182..superpathway.of.salicylate.degradation
2026-05-04 17:18:07.65976 INFO::Fitting model to feature number 203, PWY.6185..4.methylcatechol.degradation..ortho.cleavage.
2026-05-04 17:18:07.667164 INFO::Fitting model to feature number 204, PWY.6210..2.aminophenol.degradation
2026-05-04 17:18:07.673395 INFO::Fitting model to feature number 205, PWY.6215..4.chlorobenzoate.degradation
2026-05-04 17:18:07.680768 INFO::Fitting model to feature number 206, PWY.621..sucrose.degradation.III..sucrose.invertase.
2026-05-04 17:18:07.687849 INFO::Fitting model to feature number 207, PWY.622..starch.biosynthesis
2026-05-04 17:18:07.694546 INFO::Fitting model to feature number 208, PWY.6270..isoprene.biosynthesis.I
2026-05-04 17:18:07.700903 INFO::Fitting model to feature number 209, PWY.6277..superpathway.of.5.aminoimidazole.ribonucleotide.biosynthesis
2026-05-04 17:18:07.707109 INFO::Fitting model to feature number 210, PWY.6282..palmitoleate.biosynthesis.I..from..5Z..dodec.5.enoate.
2026-05-04 17:18:07.71349 INFO::Fitting model to feature number 211, PWY.6284..superpathway.of.unsaturated.fatty.acids.biosynthesis..E..coli.
2026-05-04 17:18:07.71974 INFO::Fitting model to feature number 212, PWY.6285..superpathway.of.fatty.acids.biosynthesis..E..coli.
2026-05-04 17:18:07.726134 INFO::Fitting model to feature number 213, PWY.6292..superpathway.of.L.cysteine.biosynthesis..mammalian.
2026-05-04 17:18:07.734214 INFO::Fitting model to feature number 214, PWY.6293..superpathway.of.L.cysteine.biosynthesis..fungi.
2026-05-04 17:18:07.740774 INFO::Fitting model to feature number 215, PWY.6305..superpathway.of.putrescine.biosynthesis
2026-05-04 17:18:07.76011 INFO::Fitting model to feature number 216, PWY.6317..D.galactose.degradation.I..Leloir.pathway.
2026-05-04 17:18:07.766994 INFO::Fitting model to feature number 217, PWY.6318..L.phenylalanine.degradation.IV..mammalian..via.side.chain.
2026-05-04 17:18:07.773113 INFO::Fitting model to feature number 218, PWY.6328..L.lysine.degradation.X
2026-05-04 17:18:07.779731 INFO::Fitting model to feature number 219, PWY.6353..purine.nucleotides.degradation.II..aerobic.
2026-05-04 17:18:07.785697 INFO::Fitting model to feature number 220, PWY.6385..peptidoglycan.biosynthesis.III..mycobacteria.
2026-05-04 17:18:07.792445 INFO::Fitting model to feature number 221, PWY.6386..UDP.N.acetylmuramoyl.pentapeptide.biosynthesis.II..lysine.containing.
2026-05-04 17:18:07.798718 INFO::Fitting model to feature number 222, PWY.6387..UDP.N.acetylmuramoyl.pentapeptide.biosynthesis.I..meso.diaminopimelate.containing.
2026-05-04 17:18:07.804506 INFO::Fitting model to feature number 223, PWY.6396..superpathway.of.2.3.butanediol.biosynthesis
2026-05-04 17:18:07.810084 INFO::Fitting model to feature number 224, PWY.6435..4.hydroxybenzoate.biosynthesis.III..plants.
2026-05-04 17:18:07.816644 INFO::Fitting model to feature number 225, PWY.6507..4.deoxy.L.threo.hex.4.enopyranuronate.degradation
2026-05-04 17:18:07.822605 INFO::Fitting model to feature number 226, PWY.6519..8.amino.7.oxononanoate.biosynthesis.I
2026-05-04 17:18:07.829374 INFO::Fitting model to feature number 227, PWY.6527..stachyose.degradation
2026-05-04 17:18:07.835789 INFO::Fitting model to feature number 228, PWY.6531..mannitol.cycle
2026-05-04 17:18:07.841491 INFO::Fitting model to feature number 229, PWY.6545..pyrimidine.deoxyribonucleotides.de.novo.biosynthesis.III
2026-05-04 17:18:07.848277 INFO::Fitting model to feature number 230, PWY.6549..L.glutamine.biosynthesis.III
2026-05-04 17:18:07.85447 INFO::Fitting model to feature number 231, PWY.6588..pyruvate.fermentation.to.acetone
2026-05-04 17:18:07.860224 INFO::Fitting model to feature number 232, PWY.6590..superpathway.of.Clostridium.acetobutylicum.acidogenic.fermentation
2026-05-04 17:18:07.866474 INFO::Fitting model to feature number 233, PWY.6595..superpathway.of.guanosine.nucleotides.degradation..plants.
2026-05-04 17:18:07.872173 INFO::Fitting model to feature number 234, PWY.6606..guanosine.nucleotides.degradation.II
2026-05-04 17:18:07.878551 INFO::Fitting model to feature number 235, PWY.6607..guanosine.nucleotides.degradation.I
2026-05-04 17:18:07.885364 INFO::Fitting model to feature number 236, PWY.6608..guanosine.nucleotides.degradation.III
2026-05-04 17:18:07.891867 INFO::Fitting model to feature number 237, PWY.6609..adenine.and.adenosine.salvage.III
2026-05-04 17:18:07.899416 INFO::Fitting model to feature number 238, PWY.6612..superpathway.of.tetrahydrofolate.biosynthesis
2026-05-04 17:18:07.905331 INFO::Fitting model to feature number 239, PWY.6628..superpathway.of.L.phenylalanine.biosynthesis
2026-05-04 17:18:07.911768 INFO::Fitting model to feature number 240, PWY.6629..superpathway.of.L.tryptophan.biosynthesis
2026-05-04 17:18:07.918872 INFO::Fitting model to feature number 241, PWY.6630..superpathway.of.L.tyrosine.biosynthesis
2026-05-04 17:18:07.925188 INFO::Fitting model to feature number 242, PWY.6690..cinnamate.and.3.hydroxycinnamate.degradation.to.2.hydroxypentadienoate
2026-05-04 17:18:07.932114 INFO::Fitting model to feature number 243, PWY.6700..queuosine.biosynthesis.I..de.novo.
2026-05-04 17:18:07.938808 INFO::Fitting model to feature number 244, PWY.6703..preQ0.biosynthesis
2026-05-04 17:18:07.945522 INFO::Fitting model to feature number 245, PWY.6708..ubiquinol.8.biosynthesis..early.decarboxylation.
2026-05-04 17:18:07.952382 INFO::Fitting model to feature number 246, PWY.6731..starch.degradation.III
2026-05-04 17:18:07.958517 INFO::Fitting model to feature number 247, PWY.6749..CMP.legionaminate.biosynthesis.I
2026-05-04 17:18:07.962178 WARNING::Fitting problem for feature 247 returning NA
2026-05-04 17:18:07.96495 INFO::Fitting model to feature number 248, PWY.6803..phosphatidylcholine.acyl.editing
2026-05-04 17:18:07.971112 INFO::Fitting model to feature number 249, PWY.6823..molybdopterin.biosynthesis
2026-05-04 17:18:07.977645 INFO::Fitting model to feature number 250, PWY.6859..all.trans.farnesol.biosynthesis
2026-05-04 17:18:08.002018 INFO::Fitting model to feature number 251, PWY.6892..thiazole.component.of.thiamine.diphosphate.biosynthesis.I
2026-05-04 17:18:08.008837 INFO::Fitting model to feature number 252, PWY.6895..superpathway.of.thiamine.diphosphate.biosynthesis.II
2026-05-04 17:18:08.015353 INFO::Fitting model to feature number 253, PWY.6897..thiamine.diphosphate.salvage.II
2026-05-04 17:18:08.021604 INFO::Fitting model to feature number 254, PWY.6901..superpathway.of.glucose.and.xylose.degradation
2026-05-04 17:18:08.027766 INFO::Fitting model to feature number 255, PWY.6902..chitin.degradation.II..Vibrio.
2026-05-04 17:18:08.034474 INFO::Fitting model to feature number 256, PWY.6922..L.N.delta..acetylornithine.biosynthesis
2026-05-04 17:18:08.040687 INFO::Fitting model to feature number 257, PWY.6936..seleno.amino.acid.biosynthesis..plants.
2026-05-04 17:18:08.047795 INFO::Fitting model to feature number 258, PWY.6961..L.ascorbate.degradation.II..bacterial..aerobic.
2026-05-04 17:18:08.055277 INFO::Fitting model to feature number 259, PWY.6969..TCA.cycle.V..2.oxoglutarate.synthase.
2026-05-04 17:18:08.062142 INFO::Fitting model to feature number 260, PWY.6992..1.5.anhydrofructose.degradation
2026-05-04 17:18:08.069141 INFO::Fitting model to feature number 261, PWY.7013...S..propane.1.2.diol.degradation
2026-05-04 17:18:08.075282 INFO::Fitting model to feature number 262, PWY.702..L.methionine.biosynthesis.II
2026-05-04 17:18:08.081669 INFO::Fitting model to feature number 263, PWY.7039..phosphatidate.metabolism..as.a.signaling.molecule
2026-05-04 17:18:08.087949 INFO::Fitting model to feature number 264, PWY.7094..fatty.acid.salvage
2026-05-04 17:18:08.094482 INFO::Fitting model to feature number 265, PWY.7111..pyruvate.fermentation.to.isobutanol..engineered.
2026-05-04 17:18:08.101095 INFO::Fitting model to feature number 266, PWY.7115..C4.photosynthetic.carbon.assimilation.cycle..NAD.ME.type
2026-05-04 17:18:08.10756 INFO::Fitting model to feature number 267, PWY.7117..C4.photosynthetic.carbon.assimilation.cycle..PEPCK.type
2026-05-04 17:18:08.114464 INFO::Fitting model to feature number 268, PWY.7118..chitin.deacetylation
2026-05-04 17:18:08.120868 INFO::Fitting model to feature number 269, PWY.7165..L.ascorbate.biosynthesis.VIII..engineered.pathway.
2026-05-04 17:18:08.127069 INFO::Fitting model to feature number 270, PWY.7184..pyrimidine.deoxyribonucleotides.de.novo.biosynthesis.I
2026-05-04 17:18:08.134345 INFO::Fitting model to feature number 271, PWY.7185..UTP.and.CTP.dephosphorylation.I
2026-05-04 17:18:08.140663 INFO::Fitting model to feature number 272, PWY.7187..pyrimidine.deoxyribonucleotides.de.novo.biosynthesis.II
2026-05-04 17:18:08.147954 INFO::Fitting model to feature number 273, PWY.7196..superpathway.of.pyrimidine.ribonucleosides.salvage
2026-05-04 17:18:08.154573 INFO::Fitting model to feature number 274, PWY.7197..pyrimidine.deoxyribonucleotide.phosphorylation
2026-05-04 17:18:08.162397 INFO::Fitting model to feature number 275, PWY.7198..pyrimidine.deoxyribonucleotides.de.novo.biosynthesis.IV
2026-05-04 17:18:08.169392 INFO::Fitting model to feature number 276, PWY.7199..pyrimidine.deoxyribonucleosides.salvage
2026-05-04 17:18:08.175869 INFO::Fitting model to feature number 277, PWY.7200..superpathway.of.pyrimidine.deoxyribonucleoside.salvage
2026-05-04 17:18:08.182386 INFO::Fitting model to feature number 278, PWY.7204..pyridoxal.5..phosphate.salvage.II..plants.
2026-05-04 17:18:08.188587 INFO::Fitting model to feature number 279, PWY.7208..superpathway.of.pyrimidine.nucleobases.salvage
2026-05-04 17:18:08.195191 INFO::Fitting model to feature number 280, PWY.7209..superpathway.of.pyrimidine.ribonucleosides.degradation
2026-05-04 17:18:08.202523 INFO::Fitting model to feature number 281, PWY.7210..pyrimidine.deoxyribonucleotides.biosynthesis.from.CTP
2026-05-04 17:18:08.209064 INFO::Fitting model to feature number 282, PWY.7211..superpathway.of.pyrimidine.deoxyribonucleotides.de.novo.biosynthesis
2026-05-04 17:18:08.216168 INFO::Fitting model to feature number 283, PWY.7220..adenosine.deoxyribonucleotides.de.novo.biosynthesis.II
2026-05-04 17:18:08.223055 INFO::Fitting model to feature number 284, PWY.7221..guanosine.ribonucleotides.de.novo.biosynthesis
2026-05-04 17:18:08.229569 INFO::Fitting model to feature number 285, PWY.7222..guanosine.deoxyribonucleotides.de.novo.biosynthesis.II
2026-05-04 17:18:08.236144 INFO::Fitting model to feature number 286, PWY.7228..superpathway.of.guanosine.nucleotides.de.novo.biosynthesis.I
2026-05-04 17:18:08.242714 INFO::Fitting model to feature number 287, PWY.7229..superpathway.of.adenosine.nucleotides.de.novo.biosynthesis.I
2026-05-04 17:18:08.249342 INFO::Fitting model to feature number 288, PWY.7234..inosine.5..phosphate.biosynthesis.III
2026-05-04 17:18:08.256476 INFO::Fitting model to feature number 289, PWY.7237..myo...chiro..and.scyllo.inositol.degradation
2026-05-04 17:18:08.263479 INFO::Fitting model to feature number 290, PWY.7238..sucrose.biosynthesis.II
2026-05-04 17:18:08.270269 INFO::Fitting model to feature number 291, PWY.7242..D.fructuronate.degradation
2026-05-04 17:18:08.276655 INFO::Fitting model to feature number 292, PWY.7245..superpathway.of.NAD.NADP...NADH.NADPH.interconversion..yeast.
2026-05-04 17:18:08.283388 INFO::Fitting model to feature number 293, PWY.724..superpathway.of.L.lysine..L.threonine.and.L.methionine.biosynthesis.II
2026-05-04 17:18:08.289882 INFO::Fitting model to feature number 294, PWY.7254..TCA.cycle.VII..acetate.producers.
2026-05-04 17:18:08.297453 INFO::Fitting model to feature number 295, PWY.7268..cytosolic.NADPH.production..yeast.
2026-05-04 17:18:08.304209 INFO::Fitting model to feature number 296, PWY.7269..mitochondrial.NADPH.production..yeast.
2026-05-04 17:18:08.310536 INFO::Fitting model to feature number 297, PWY.7282..4.amino.2.methyl.5.diphosphomethylpyrimidine.biosynthesis.II
2026-05-04 17:18:08.317251 INFO::Fitting model to feature number 298, PWY.7294..D.xylose.degradation.IV
2026-05-04 17:18:08.323513 INFO::Fitting model to feature number 299, PWY.7315..dTDP.N.acetylthomosamine.biosynthesis
2026-05-04 17:18:08.330538 INFO::Fitting model to feature number 300, PWY.7323..superpathway.of.GDP.mannose.derived.O.antigen.building.blocks.biosynthesis
2026-05-04 17:18:08.35762 INFO::Fitting model to feature number 301, PWY.7328..superpathway.of.UDP.glucose.derived.O.antigen.building.blocks.biosynthesis
2026-05-04 17:18:08.364707 INFO::Fitting model to feature number 302, PWY.7340..9.cis..11.trans.octadecadienoyl.CoA.degradation..isomerase.dependent..yeast.
2026-05-04 17:18:08.371114 INFO::Fitting model to feature number 303, PWY.7345..superpathway.of.anaerobic.sucrose.degradation
2026-05-04 17:18:08.377586 INFO::Fitting model to feature number 304, PWY.7356..thiamine.diphosphate.salvage.IV..yeast.
2026-05-04 17:18:08.38416 INFO::Fitting model to feature number 305, PWY.7357..thiamine.phosphate.formation.from.pyrithiamine.and.oxythiamine..yeast.
2026-05-04 17:18:08.392091 INFO::Fitting model to feature number 306, PWY.7383..anaerobic.energy.metabolism..invertebrates..cytosol.
2026-05-04 17:18:08.399466 INFO::Fitting model to feature number 307, PWY.7385..1.3.propanediol.biosynthesis..engineered.
2026-05-04 17:18:08.405909 INFO::Fitting model to feature number 308, PWY.7388..octanoyl..acyl.carrier.protein..biosynthesis..mitochondria..yeast.
2026-05-04 17:18:08.412607 INFO::Fitting model to feature number 309, PWY.7391..isoprene.biosynthesis.II..engineered.
2026-05-04 17:18:08.419033 INFO::Fitting model to feature number 310, PWY.7392..taxadiene.biosynthesis..engineered.
2026-05-04 17:18:08.425515 INFO::Fitting model to feature number 311, PWY.7396..butanol.and.isobutanol.biosynthesis..engineered.
2026-05-04 17:18:08.431899 INFO::Fitting model to feature number 312, PWY.7400..L.arginine.biosynthesis.IV..archaebacteria.
2026-05-04 17:18:08.438514 INFO::Fitting model to feature number 313, PWY.7409..phospholipid.remodeling..phosphatidylethanolamine..yeast.
2026-05-04 17:18:08.445035 INFO::Fitting model to feature number 314, PWY.7434..terminal.O.glycans.residues.modification..via.type.2.precursor.disaccharide.
2026-05-04 17:18:08.44867 WARNING::Fitting problem for feature 314 returning NA
2026-05-04 17:18:08.451652 INFO::Fitting model to feature number 315, PWY.7446..sulfoquinovose.degradation.I
2026-05-04 17:18:08.458459 INFO::Fitting model to feature number 316, PWY.7456...beta...1.4..mannan.degradation
2026-05-04 17:18:08.465676 INFO::Fitting model to feature number 317, PWY.7560..methylerythritol.phosphate.pathway.II
2026-05-04 17:18:08.472285 INFO::Fitting model to feature number 318, PWY.7616..methanol.oxidation.to.carbon.dioxide
2026-05-04 17:18:08.480315 INFO::Fitting model to feature number 319, PWY.7663..gondoate.biosynthesis..anaerobic.
2026-05-04 17:18:08.487677 INFO::Fitting model to feature number 320, PWY.7664..oleate.biosynthesis.IV..anaerobic.
2026-05-04 17:18:08.495667 INFO::Fitting model to feature number 321, PWY.7723..bacterial.bioluminescence
2026-05-04 17:18:08.502735 INFO::Fitting model to feature number 322, PWY.7761..NAD.salvage.pathway.II..PNC.IV.cycle.
2026-05-04 17:18:08.509205 INFO::Fitting model to feature number 323, PWY.7783..plasmalogen.degradation
2026-05-04 17:18:08.515965 INFO::Fitting model to feature number 324, PWY.7790..UMP.biosynthesis.II
2026-05-04 17:18:08.522504 INFO::Fitting model to feature number 325, PWY.7791..UMP.biosynthesis.III
2026-05-04 17:18:08.529293 INFO::Fitting model to feature number 326, PWY.7805...aminomethyl.phosphonate.degradation
2026-05-04 17:18:08.535995 INFO::Fitting model to feature number 327, PWY.7807..glyphosate.degradation.III
2026-05-04 17:18:08.542562 INFO::Fitting model to feature number 328, PWY.7851..coenzyme.A.biosynthesis.II..eukaryotic.
2026-05-04 17:18:08.549517 INFO::Fitting model to feature number 329, PWY.7858...5Z..dodecenoate.biosynthesis.II
2026-05-04 17:18:08.555376 INFO::Fitting model to feature number 330, PWY.7873..D.erythronate.degradation.II
2026-05-04 17:18:08.561648 INFO::Fitting model to feature number 331, PWY.7874..L.threonate.degradation
2026-05-04 17:18:08.567649 INFO::Fitting model to feature number 332, PWY.7883..anhydromuropeptides.recycling.II
2026-05-04 17:18:08.573478 INFO::Fitting model to feature number 333, PWY.7942..5.oxo.L.proline.metabolism
2026-05-04 17:18:08.579949 INFO::Fitting model to feature number 334, PWY.7953..UDP.N.acetylmuramoyl.pentapeptide.biosynthesis.III..meso.diaminopimelate.containing.
2026-05-04 17:18:08.586504 INFO::Fitting model to feature number 335, PWY.7977..L.methionine.biosynthesis.IV
2026-05-04 17:18:08.592434 INFO::Fitting model to feature number 336, PWY.8004..Entner.Doudoroff.pathway.I
2026-05-04 17:18:08.599728 INFO::Fitting model to feature number 337, PWY.8011..L.serine.biosynthesis.II
2026-05-04 17:18:08.605466 INFO::Fitting model to feature number 338, PWY.801..homocysteine.and.cysteine.interconversion
2026-05-04 17:18:08.611825 INFO::Fitting model to feature number 339, PWY.8073..lipid.IVA.biosynthesis..P..putida.
2026-05-04 17:18:08.618231 INFO::Fitting model to feature number 340, PWY.8131..5..deoxyadenosine.degradation.II
2026-05-04 17:18:08.624303 INFO::Fitting model to feature number 341, PWY.8178..pentose.phosphate.pathway..non.oxidative.branch..II
2026-05-04 17:18:08.63076 INFO::Fitting model to feature number 342, PWY.8187..L.arginine.degradation.XIII..reductive.Stickland.reaction.
2026-05-04 17:18:08.63706 INFO::Fitting model to feature number 343, PWY.821..superpathway.of.sulfur.amino.acid.biosynthesis..Saccharomyces.cerevisiae.
2026-05-04 17:18:08.643031 INFO::Fitting model to feature number 344, PWY.822..fructan.biosynthesis
2026-05-04 17:18:08.646214 WARNING::Fitting problem for feature 344 returning NA
2026-05-04 17:18:08.648756 INFO::Fitting model to feature number 345, PWY.841..superpathway.of.purine.nucleotides.de.novo.biosynthesis.I
2026-05-04 17:18:08.654495 INFO::Fitting model to feature number 346, PWY.922..mevalonate.pathway.I..eukaryotes.and.bacteria.
2026-05-04 17:18:08.660153 INFO::Fitting model to feature number 347, PWY.I9..L.cysteine.biosynthesis.VI..from.L.methionine.
2026-05-04 17:18:08.667098 INFO::Fitting model to feature number 348, PWY0.1061..superpathway.of.L.alanine.biosynthesis
2026-05-04 17:18:08.672993 INFO::Fitting model to feature number 349, PWY0.1221..putrescine.degradation.II
2026-05-04 17:18:08.680289 INFO::Fitting model to feature number 350, PWY0.1241..ADP.L.glycero..beta..D.manno.heptose.biosynthesis
2026-05-04 17:18:08.686332 INFO::Fitting model to feature number 351, PWY0.1261..anhydromuropeptides.recycling.I
2026-05-04 17:18:08.691973 INFO::Fitting model to feature number 352, PWY0.1277..3.phenylpropanoate.and.3..3.hydroxyphenyl.propanoate.degradation
2026-05-04 17:18:08.698012 INFO::Fitting model to feature number 353, PWY0.1296..purine.ribonucleosides.degradation
2026-05-04 17:18:08.704012 INFO::Fitting model to feature number 354, PWY0.1297..superpathway.of.purine.deoxyribonucleosides.degradation
2026-05-04 17:18:08.709747 INFO::Fitting model to feature number 355, PWY0.1298..superpathway.of.pyrimidine.deoxyribonucleosides.degradation
2026-05-04 17:18:08.736111 INFO::Fitting model to feature number 356, PWY0.1319..CDP.diacylglycerol.biosynthesis.II
2026-05-04 17:18:08.742352 INFO::Fitting model to feature number 357, PWY0.1337..oleate..beta..oxidation
2026-05-04 17:18:08.749626 INFO::Fitting model to feature number 358, PWY0.1338..polymyxin.resistance
2026-05-04 17:18:08.756195 INFO::Fitting model to feature number 359, PWY0.1415..superpathway.of.heme.b.biosynthesis.from.uroporphyrinogen.III
2026-05-04 17:18:08.762582 INFO::Fitting model to feature number 360, PWY0.1477..ethanolamine.utilization
2026-05-04 17:18:08.770993 INFO::Fitting model to feature number 361, PWY0.1479..tRNA.processing
2026-05-04 17:18:08.780808 INFO::Fitting model to feature number 362, PWY0.1533..methylphosphonate.degradation.I
2026-05-04 17:18:08.787923 INFO::Fitting model to feature number 363, PWY0.1586..peptidoglycan.maturation..meso.diaminopimelate.containing.
2026-05-04 17:18:08.794938 INFO::Fitting model to feature number 364, PWY0.162..superpathway.of.pyrimidine.ribonucleotides.de.novo.biosynthesis
2026-05-04 17:18:08.801868 INFO::Fitting model to feature number 365, PWY0.166..superpathway.of.pyrimidine.deoxyribonucleotides.de.novo.biosynthesis..E..coli.
2026-05-04 17:18:08.808459 INFO::Fitting model to feature number 366, PWY0.301..L.ascorbate.degradation.I..bacterial..anaerobic.
2026-05-04 17:18:08.815012 INFO::Fitting model to feature number 367, PWY0.41..allantoin.degradation.IV..anaerobic.
2026-05-04 17:18:08.821836 INFO::Fitting model to feature number 368, PWY0.42..2.methylcitrate.cycle.I
2026-05-04 17:18:08.840493 INFO::Fitting model to feature number 369, PWY0.461..L.lysine.degradation.I
2026-05-04 17:18:08.84675 INFO::Fitting model to feature number 370, PWY0.781..aspartate.superpathway
2026-05-04 17:18:08.85306 INFO::Fitting model to feature number 371, PWY0.845..superpathway.of.pyridoxal.5..phosphate.biosynthesis.and.salvage
2026-05-04 17:18:08.8594 INFO::Fitting model to feature number 372, PWY0.862...5Z..dodecenoate.biosynthesis.I
2026-05-04 17:18:08.866092 INFO::Fitting model to feature number 373, PWY0.881..superpathway.of.fatty.acid.biosynthesis.I..E..coli.
2026-05-04 17:18:08.874257 INFO::Fitting model to feature number 374, PWY1G.0..mycothiol.biosynthesis
2026-05-04 17:18:08.883513 INFO::Fitting model to feature number 375, PWY1ZNC.1..assimilatory.sulfate.reduction.IV
2026-05-04 17:18:08.890602 INFO::Fitting model to feature number 376, PWY3O.4107..NAD.salvage.pathway.V..PNC.V.cycle.
2026-05-04 17:18:08.897126 INFO::Fitting model to feature number 377, PWY4FS.7..phosphatidylglycerol.biosynthesis.I..plastidic.
2026-05-04 17:18:08.90332 INFO::Fitting model to feature number 378, PWY4FS.8..phosphatidylglycerol.biosynthesis.II..non.plastidic.
2026-05-04 17:18:08.909299 INFO::Fitting model to feature number 379, PWY4LZ.257..superpathway.of.fermentation..Chlamydomonas.reinhardtii.
2026-05-04 17:18:08.915582 INFO::Fitting model to feature number 380, PWY5F9.12..biphenyl.degradation
2026-05-04 17:18:08.922802 INFO::Fitting model to feature number 381, PWY66.389..phytol.degradation
2026-05-04 17:18:08.928716 INFO::Fitting model to feature number 382, PWY66.391..fatty.acid..beta..oxidation.VI..mammalian.peroxisome.
2026-05-04 17:18:08.935088 INFO::Fitting model to feature number 383, PWY66.399..gluconeogenesis.III
2026-05-04 17:18:08.940985 INFO::Fitting model to feature number 384, PWY66.409..superpathway.of.purine.nucleotide.salvage
2026-05-04 17:18:08.947719 INFO::Fitting model to feature number 385, PWY66.429..fatty.acid.biosynthesis.initiation..mitochondria.
2026-05-04 17:18:08.954826 INFO::Fitting model to feature number 386, PWY66.430..myristate.biosynthesis..mitochondria.
2026-05-04 17:18:08.960864 INFO::Fitting model to feature number 387, PYRIDNUCSAL.PWY..NAD.salvage.pathway.I..PNC.VI.cycle.
2026-05-04 17:18:08.967465 INFO::Fitting model to feature number 388, PYRIDNUCSYN.PWY..NAD.de.novo.biosynthesis.I..from.aspartate.
2026-05-04 17:18:08.973139 INFO::Fitting model to feature number 389, PYRIDOXSYN.PWY..pyridoxal.5..phosphate.biosynthesis.I
2026-05-04 17:18:08.979234 INFO::Fitting model to feature number 390, REDCITCYC..TCA.cycle.VI..Helicobacter.
2026-05-04 17:18:08.985349 INFO::Fitting model to feature number 391, RHAMCAT.PWY..L.rhamnose.degradation.I
2026-05-04 17:18:08.991104 INFO::Fitting model to feature number 392, RIBOSYN2.PWY..flavin.biosynthesis.I..bacteria.and.plants.
2026-05-04 17:18:08.997683 INFO::Fitting model to feature number 393, RUMP.PWY..formaldehyde.oxidation.I
2026-05-04 17:18:09.004086 INFO::Fitting model to feature number 394, SALVADEHYPOX.PWY..adenosine.nucleotides.degradation.II
2026-05-04 17:18:09.009794 INFO::Fitting model to feature number 395, SER.GLYSYN.PWY..superpathway.of.L.serine.and.glycine.biosynthesis.I
2026-05-04 17:18:09.01754 INFO::Fitting model to feature number 396, SO4ASSIM.PWY..assimilatory.sulfate.reduction.I
2026-05-04 17:18:09.023228 INFO::Fitting model to feature number 397, SULFATE.CYS.PWY..superpathway.of.sulfate.assimilation.and.cysteine.biosynthesis
2026-05-04 17:18:09.029313 INFO::Fitting model to feature number 398, TCA.GLYOX.BYPASS..superpathway.of.glyoxylate.bypass.and.TCA
2026-05-04 17:18:09.035206 INFO::Fitting model to feature number 399, TCA..TCA.cycle.I..prokaryotic.
2026-05-04 17:18:09.041401 INFO::Fitting model to feature number 400, THISYN.PWY..superpathway.of.thiamine.diphosphate.biosynthesis.I
2026-05-04 17:18:09.05718 INFO::Fitting model to feature number 401, THISYNARA.PWY..superpathway.of.thiamine.diphosphate.biosynthesis.III..eukaryotes.
2026-05-04 17:18:09.074001 INFO::Fitting model to feature number 402, THREOCAT.PWY..superpathway.of.L.threonine.metabolism
2026-05-04 17:18:09.081285 INFO::Fitting model to feature number 403, THRESYN.PWY..superpathway.of.L.threonine.biosynthesis
2026-05-04 17:18:09.087572 INFO::Fitting model to feature number 404, TRNA.CHARGING.PWY..tRNA.charging
2026-05-04 17:18:09.094008 INFO::Fitting model to feature number 405, TRPSYN.PWY..L.tryptophan.biosynthesis
2026-05-04 17:18:09.100489 INFO::Fitting model to feature number 406, UBISYN.PWY..superpathway.of.ubiquinol.8.biosynthesis..early.decarboxylation.
2026-05-04 17:18:09.106932 INFO::Fitting model to feature number 407, UDPNACETYLGALSYN.PWY..UDP.N.acetyl.D.glucosamine.biosynthesis.II
2026-05-04 17:18:09.110988 WARNING::Fitting problem for feature 407 returning NA
2026-05-04 17:18:09.115395 INFO::Fitting model to feature number 408, UDPNAGSYN.PWY..UDP.N.acetyl.D.glucosamine.biosynthesis.I
2026-05-04 17:18:09.121869 INFO::Fitting model to feature number 409, URDEGR.PWY..superpathway.of.allantoin.degradation.in.plants
2026-05-04 17:18:09.128061 INFO::Fitting model to feature number 410, URSIN.PWY..ureide.biosynthesis
2026-05-04 17:18:09.134723 INFO::Fitting model to feature number 411, VALSYN.PWY..L.valine.biosynthesis
2026-05-04 17:18:09.481111 INFO::Creating fits folder
2026-05-04 17:18:09.484519 INFO::Writing model objects to file ALL_VAR_PATHWAY_MAASLIN_SCFA/fits/models_linear.rds
2026-05-04 17:18:10.798425 INFO::Writing residuals to file ALL_VAR_PATHWAY_MAASLIN_SCFA/fits/residuals_linear.rds
2026-05-04 17:18:10.806919 INFO::Writing fitted values to file ALL_VAR_PATHWAY_MAASLIN_SCFA/fits/fitted_linear.rds
2026-05-04 17:18:10.820411 INFO::Writing model objects to file ALL_VAR_PATHWAY_MAASLIN_SCFA/fits/models_logistic.rds
2026-05-04 17:18:16.981147 INFO::Writing residuals to file ALL_VAR_PATHWAY_MAASLIN_SCFA/fits/residuals_logistic.rds
2026-05-04 17:18:17.006125 INFO::Writing fitted values to file ALL_VAR_PATHWAY_MAASLIN_SCFA/fits/fitted_logistic.rds
2026-05-04 17:18:17.04459 INFO::Writing all the results to file (ordered 
            by increasing individual q-values): ALL_VAR_PATHWAY_MAASLIN_SCFA/all_results.tsv
2026-05-04 17:18:17.21093 INFO::Writing the significant results without errors (those which have joint q-values less than or equal to the threshold of 0.100000 ) to file (ordered by increasing individual q-values): ALL_VAR_PATHWAY_MAASLIN_SCFA/significant_results.tsv
2026-05-04 17:18:17.216382 INFO::Creating output figures folder
2026-05-04 17:18:17.222823 INFO::Writing summary plot of significant
                        results to file: ALL_VAR_PATHWAY_MAASLIN_SCFA/figures/summary_plot.pdf
2026-05-04 17:18:18.818282 INFO::Writing association plots (one for each significant association) to output folder: ALL_VAR_PATHWAY_MAASLIN_SCFA/figures
2026-05-04 17:18:18.821451 INFO::Plotting associations from most to least significant, grouped by metadata
2026-05-04 17:18:18.824706 INFO::Creating scatter plot for continuous 
                        data (linear), propionate vs PWY.6151..S.adenosyl.L.methionine.salvage.I
2026-05-04 17:18:18.861841 INFO::Creating scatter plot for continuous 
                        data (linear), propionate vs PWY.5097..L.lysine.biosynthesis.VI
2026-05-04 17:18:18.903771 INFO::Creating scatter plot for continuous 
                        data (linear), propionate vs PWY.5686..UMP.biosynthesis.I
2026-05-04 17:18:18.95177 INFO::Creating scatter plot for continuous 
                        data (linear), propionate vs ARGSYNBSUB.PWY..L.arginine.biosynthesis.II..acetyl.cycle.
2026-05-04 17:18:19.015869 INFO::Creating scatter plot for continuous 
                        data (linear), propionate vs PWY.6122..5.aminoimidazole.ribonucleotide.biosynthesis.II
2026-05-04 17:18:19.056736 INFO::Creating scatter plot for continuous 
                        data (linear), propionate vs PWY.6277..superpathway.of.5.aminoimidazole.ribonucleotide.biosynthesis
2026-05-04 17:18:19.098005 INFO::Creating scatter plot for continuous 
                        data (linear), propionate vs PEPTIDOGLYCANSYN.PWY..peptidoglycan.biosynthesis.I..meso.diaminopimelate.containing.
2026-05-04 17:18:19.139043 INFO::Creating scatter plot for continuous 
                        data (linear), propionate vs PWY.6387..UDP.N.acetylmuramoyl.pentapeptide.biosynthesis.I..meso.diaminopimelate.containing.
2026-05-04 17:18:19.176838 INFO::Creating scatter plot for continuous 
                        data (linear), propionate vs PWY.7790..UMP.biosynthesis.II
2026-05-04 17:18:19.214262 INFO::Creating scatter plot for continuous 
                        data (linear), propionate vs PWY.7791..UMP.biosynthesis.III
2026-05-04 17:18:19.25569 INFO::Creating scatter plot for continuous 
                        data (linear), propionate vs PWY.6121..5.aminoimidazole.ribonucleotide.biosynthesis.I
2026-05-04 17:18:19.293267 INFO::Creating scatter plot for continuous 
                        data (linear), propionate vs PWY.6386..UDP.N.acetylmuramoyl.pentapeptide.biosynthesis.II..lysine.containing.
2026-05-04 17:18:19.356332 INFO::Creating scatter plot for continuous 
                        data (linear), propionate vs UDPNAGSYN.PWY..UDP.N.acetyl.D.glucosamine.biosynthesis.I
2026-05-04 17:18:19.399836 INFO::Creating scatter plot for continuous 
                        data (linear), propionate vs ARO.PWY..chorismate.biosynthesis.I
2026-05-04 17:18:19.440628 INFO::Creating scatter plot for continuous 
                        data (linear), propionate vs PWY.6123..inosine.5..phosphate.biosynthesis.I
2026-05-04 17:18:19.478493 INFO::Creating scatter plot for continuous 
                        data (linear), propionate vs PWY.7221..guanosine.ribonucleotides.de.novo.biosynthesis
2026-05-04 17:18:19.516812 INFO::Creating scatter plot for continuous 
                        data (linear), propionate vs ARGSYN.PWY..L.arginine.biosynthesis.I..via.L.ornithine.
2026-05-04 17:18:19.556215 INFO::Creating scatter plot for continuous 
                        data (linear), propionate vs PWY.6385..peptidoglycan.biosynthesis.III..mycobacteria.
2026-05-04 17:18:19.609411 INFO::Creating scatter plot for continuous 
                        data (linear), propionate vs PWY.6163..chorismate.biosynthesis.from.3.dehydroquinate
2026-05-04 17:18:19.669235 INFO::Creating scatter plot for continuous 
                        data (linear), propionate vs PWY.I9..L.cysteine.biosynthesis.VI..from.L.methionine.
2026-05-04 17:18:19.710354 INFO::Creating scatter plot for continuous 
                        data (linear), propionate vs PWY.7953..UDP.N.acetylmuramoyl.pentapeptide.biosynthesis.III..meso.diaminopimelate.containing.
2026-05-04 17:18:19.775763 INFO::Creating box plot for categorical data (linear), 
                        Antibiotics vs PWY0.461..L.lysine.degradation.I
2026-05-04 17:18:19.825129 INFO::Creating scatter plot for continuous 
                        data (linear), acetate vs PYRIDNUCSYN.PWY..NAD.de.novo.biosynthesis.I..from.aspartate.
2026-05-04 17:18:19.866812 INFO::Creating scatter plot for continuous 
                        data (linear), propionate vs NONMEVIPP.PWY..methylerythritol.phosphate.pathway.I
2026-05-04 17:18:19.906649 INFO::Creating scatter plot for continuous 
                        data (linear), propionate vs HISTSYN.PWY..L.histidine.biosynthesis
2026-05-04 17:18:19.946498 INFO::Creating scatter plot for continuous 
                        data (linear), propionate vs PWY.6629..superpathway.of.L.tryptophan.biosynthesis
2026-05-04 17:18:19.98409 INFO::Creating scatter plot for continuous 
                        data (linear), propionate vs VALSYN.PWY..L.valine.biosynthesis
2026-05-04 17:18:20.043117 INFO::Creating scatter plot for continuous 
                        data (linear), propionate vs COMPLETE.ARO.PWY..superpathway.of.aromatic.amino.acid.biosynthesis
2026-05-04 17:18:20.08924 INFO::Creating scatter plot for continuous 
                        data (linear), propionate vs PWY.7357..thiamine.phosphate.formation.from.pyrithiamine.and.oxythiamine..yeast.
2026-05-04 17:18:20.130551 INFO::Creating scatter plot for continuous 
                        data (linear), propionate vs GLUDEG.I.PWY..GABA.shunt
2026-05-04 17:18:20.1725 INFO::Creating scatter plot for continuous 
                        data (linear), propionate vs TRPSYN.PWY..L.tryptophan.biosynthesis
2026-05-04 17:18:20.211053 INFO::Creating scatter plot for continuous 
                        data (linear), acetate vs PWY.5973..cis.vaccenate.biosynthesis
2026-05-04 17:18:20.251114 INFO::Creating scatter plot for continuous 
                        data (linear), propionate vs PWY.7238..sucrose.biosynthesis.II
2026-05-04 17:18:20.302324 INFO::Creating scatter plot for continuous 
                        data (linear), propionate vs CALVIN.PWY..Calvin.Benson.Bassham.cycle
2026-05-04 17:18:20.340273 INFO::Creating scatter plot for continuous 
                        data (linear), acetate vs PWY.4041...gamma..glutamyl.cycle
2026-05-04 17:18:20.402717 INFO::Creating box plot for categorical data (linear), 
                        Probiotics vs PWY.5920..superpathway.of.heme.b.biosynthesis.from.glycine
2026-05-04 17:18:20.446625 INFO::Creating scatter plot for continuous 
                        data (linear), propionate vs P161.PWY..acetylene.degradation..anaerobic.
2026-05-04 17:18:20.493251 INFO::Creating scatter plot for continuous 
                        data (linear), propionate vs GLUTORN.PWY..L.ornithine.biosynthesis.I
2026-05-04 17:18:20.532521 INFO::Creating scatter plot for continuous 
                        data (linear), acetate vs GLYCOCAT.PWY..glycogen.degradation.I
2026-05-04 17:18:20.571305 INFO::Creating scatter plot for continuous 
                        data (linear), acetate vs PWY0.862...5Z..dodecenoate.biosynthesis.I
2026-05-04 17:18:20.60983 INFO::Creating scatter plot for continuous 
                        data (linear), propionate vs P125.PWY..superpathway.of..R.R..butanediol.biosynthesis
